solid OpenSCAD_Model
  facet normal 0.321574 -0.946885 0
    outer loop
      vertex 31.7765 -21.8978 0
      vertex 32.1481 -21.7716 18
      vertex 31.7765 -21.8978 18
    endloop
  endfacet
  facet normal 0.321574 -0.946885 0
    outer loop
      vertex 32.1481 -21.7716 18
      vertex 31.7765 -21.8978 0
      vertex 32.1481 -21.7716 0
    endloop
  endfacet
  facet normal 0 -1 0
    outer loop
      vertex -31 -22 0
      vertex 31 -22 18
      vertex -31 -22 18
    endloop
  endfacet
  facet normal 0 -1 -0
    outer loop
      vertex 31 -22 18
      vertex -31 -22 0
      vertex 31 -22 0
    endloop
  endfacet
  facet normal 0.19494 -0.980815 0
    outer loop
      vertex 31.3916 -21.9743 0
      vertex 31.7765 -21.8978 18
      vertex 31.3916 -21.9743 18
    endloop
  endfacet
  facet normal 0.19494 -0.980815 0
    outer loop
      vertex 31.7765 -21.8978 18
      vertex 31.3916 -21.9743 0
      vertex 31.7765 -21.8978 0
    endloop
  endfacet
  facet normal -0.896911 -0.442211 -3.33075e-19
    outer loop
      vertex -33.5981 -20.5 0
      vertex -33.7716 -20.1481 18
      vertex -33.7716 -20.1481 0
    endloop
  endfacet
  facet normal -0.896911 -0.442211 -3.33075e-19
    outer loop
      vertex -33.7716 -20.1481 18
      vertex -33.5981 -20.5 0
      vertex -33.5981 -20.5 18
    endloop
  endfacet
  facet normal 0.0654873 -0.997853 0
    outer loop
      vertex 31 -22 0
      vertex 31.3916 -21.9743 18
      vertex 31 -22 18
    endloop
  endfacet
  facet normal 0.0654873 -0.997853 0
    outer loop
      vertex 31.3916 -21.9743 18
      vertex 31 -22 0
      vertex 31.3916 -21.9743 0
    endloop
  endfacet
  facet normal 0.19494 0.980815 -0
    outer loop
      vertex 31.7765 21.8978 0
      vertex 31.3916 21.9743 18
      vertex 31.7765 21.8978 18
    endloop
  endfacet
  facet normal 0.19494 0.980815 0
    outer loop
      vertex 31.3916 21.9743 18
      vertex 31.7765 21.8978 0
      vertex 31.3916 21.9743 0
    endloop
  endfacet
  facet normal -0.0654873 -0.997853 0
    outer loop
      vertex -31.3916 -21.9743 0
      vertex -31 -22 18
      vertex -31.3916 -21.9743 18
    endloop
  endfacet
  facet normal -0.0654873 -0.997853 -0
    outer loop
      vertex -31 -22 18
      vertex -31.3916 -21.9743 0
      vertex -31 -22 0
    endloop
  endfacet
  facet normal -0.555523 0.831501 0
    outer loop
      vertex -32.5 21.5981 0
      vertex -32.8263 21.3801 18
      vertex -32.5 21.5981 18
    endloop
  endfacet
  facet normal -0.555523 0.831501 0
    outer loop
      vertex -32.8263 21.3801 18
      vertex -32.5 21.5981 0
      vertex -32.8263 21.3801 0
    endloop
  endfacet
  facet normal -0.997853 -0.0654873 -3.09299e-20
    outer loop
      vertex -33.9743 -19.3916 0
      vertex -34 -19 18
      vertex -34 -19 0
    endloop
  endfacet
  facet normal -0.997853 -0.0654873 -3.09299e-20
    outer loop
      vertex -34 -19 18
      vertex -33.9743 -19.3916 0
      vertex -33.9743 -19.3916 18
    endloop
  endfacet
  facet normal -0.321574 -0.946885 0
    outer loop
      vertex -32.1481 -21.7716 0
      vertex -31.7765 -21.8978 18
      vertex -32.1481 -21.7716 18
    endloop
  endfacet
  facet normal -0.321574 -0.946885 -0
    outer loop
      vertex -31.7765 -21.8978 18
      vertex -32.1481 -21.7716 0
      vertex -31.7765 -21.8978 0
    endloop
  endfacet
  facet normal -0.896911 0.442211 3.33075e-19
    outer loop
      vertex -33.7716 20.1481 0
      vertex -33.5981 20.5 18
      vertex -33.5981 20.5 0
    endloop
  endfacet
  facet normal -0.896911 0.442211 3.33075e-19
    outer loop
      vertex -33.5981 20.5 18
      vertex -33.7716 20.1481 0
      vertex -33.7716 20.1481 18
    endloop
  endfacet
  facet normal -0.659478 0.751724 0
    outer loop
      vertex -32.8263 21.3801 0
      vertex -33.1213 21.1213 18
      vertex -32.8263 21.3801 18
    endloop
  endfacet
  facet normal -0.659478 0.751724 0
    outer loop
      vertex -33.1213 21.1213 18
      vertex -32.8263 21.3801 0
      vertex -33.1213 21.1213 0
    endloop
  endfacet
  facet normal -0.442211 0.896911 0
    outer loop
      vertex -32.1481 21.7716 0
      vertex -32.5 21.5981 18
      vertex -32.1481 21.7716 18
    endloop
  endfacet
  facet normal -0.442211 0.896911 0
    outer loop
      vertex -32.5 21.5981 18
      vertex -32.1481 21.7716 0
      vertex -32.5 21.5981 0
    endloop
  endfacet
  facet normal -0.0654873 0.997853 0
    outer loop
      vertex -31 22 0
      vertex -31.3916 21.9743 18
      vertex -31 22 18
    endloop
  endfacet
  facet normal -0.0654873 0.997853 0
    outer loop
      vertex -31.3916 21.9743 18
      vertex -31 22 0
      vertex -31.3916 21.9743 0
    endloop
  endfacet
  facet normal 0.555523 0.831501 -0
    outer loop
      vertex 32.8263 21.3801 0
      vertex 32.5 21.5981 18
      vertex 32.8263 21.3801 18
    endloop
  endfacet
  facet normal 0.555523 0.831501 0
    outer loop
      vertex 32.5 21.5981 18
      vertex 32.8263 21.3801 0
      vertex 32.5 21.5981 0
    endloop
  endfacet
  facet normal -0.946885 -0.321574 -1.96043e-20
    outer loop
      vertex -33.7716 -20.1481 0
      vertex -33.8978 -19.7765 18
      vertex -33.8978 -19.7765 0
    endloop
  endfacet
  facet normal -0.946885 -0.321574 -1.96043e-20
    outer loop
      vertex -33.8978 -19.7765 18
      vertex -33.7716 -20.1481 0
      vertex -33.7716 -20.1481 18
    endloop
  endfacet
  facet normal 0.980815 -0.19494 2.12321e-19
    outer loop
      vertex 33.8978 -19.7765 18
      vertex 33.9743 -19.3916 0
      vertex 33.9743 -19.3916 18
    endloop
  endfacet
  facet normal 0.980815 -0.19494 2.12321e-19
    outer loop
      vertex 33.9743 -19.3916 0
      vertex 33.8978 -19.7765 18
      vertex 33.8978 -19.7765 0
    endloop
  endfacet
  facet normal 1 -0 0
    outer loop
      vertex 34 -19 18
      vertex 34 19 0
      vertex 34 19 18
    endloop
  endfacet
  facet normal 1 0 0
    outer loop
      vertex 34 19 0
      vertex 34 -19 18
      vertex 34 -19 0
    endloop
  endfacet
  facet normal -1 0 0
    outer loop
      vertex -34 -19 0
      vertex -34 19 18
      vertex -34 19 0
    endloop
  endfacet
  facet normal -1 -0 0
    outer loop
      vertex -34 19 18
      vertex -34 -19 0
      vertex -34 -19 18
    endloop
  endfacet
  facet normal -0.946885 0.321574 1.96043e-20
    outer loop
      vertex -33.8978 19.7765 0
      vertex -33.7716 20.1481 18
      vertex -33.7716 20.1481 0
    endloop
  endfacet
  facet normal -0.946885 0.321574 1.96043e-20
    outer loop
      vertex -33.7716 20.1481 18
      vertex -33.8978 19.7765 0
      vertex -33.8978 19.7765 18
    endloop
  endfacet
  facet normal 0.946885 0.321574 -1.96043e-20
    outer loop
      vertex 33.8978 19.7765 18
      vertex 33.7716 20.1481 0
      vertex 33.7716 20.1481 18
    endloop
  endfacet
  facet normal 0.946885 0.321574 -1.96043e-20
    outer loop
      vertex 33.7716 20.1481 0
      vertex 33.8978 19.7765 18
      vertex 33.8978 19.7765 0
    endloop
  endfacet
  facet normal -0.19494 -0.980815 0
    outer loop
      vertex -31.7765 -21.8978 0
      vertex -31.3916 -21.9743 18
      vertex -31.7765 -21.8978 18
    endloop
  endfacet
  facet normal -0.19494 -0.980815 -0
    outer loop
      vertex -31.3916 -21.9743 18
      vertex -31.7765 -21.8978 0
      vertex -31.3916 -21.9743 0
    endloop
  endfacet
  facet normal 0.831501 -0.555523 -7.75313e-20
    outer loop
      vertex 33.3801 -20.8263 18
      vertex 33.5981 -20.5 0
      vertex 33.5981 -20.5 18
    endloop
  endfacet
  facet normal 0.831501 -0.555523 -7.75313e-20
    outer loop
      vertex 33.5981 -20.5 0
      vertex 33.3801 -20.8263 18
      vertex 33.3801 -20.8263 0
    endloop
  endfacet
  facet normal -0.751724 0.659478 3.16984e-19
    outer loop
      vertex -33.3801 20.8263 0
      vertex -33.1213 21.1213 18
      vertex -33.1213 21.1213 0
    endloop
  endfacet
  facet normal -0.751724 0.659478 3.16984e-19
    outer loop
      vertex -33.1213 21.1213 18
      vertex -33.3801 20.8263 0
      vertex -33.3801 20.8263 18
    endloop
  endfacet
  facet normal 0.896911 -0.442211 3.33075e-19
    outer loop
      vertex 33.5981 -20.5 18
      vertex 33.7716 -20.1481 0
      vertex 33.7716 -20.1481 18
    endloop
  endfacet
  facet normal 0.896911 -0.442211 3.33075e-19
    outer loop
      vertex 33.7716 -20.1481 0
      vertex 33.5981 -20.5 18
      vertex 33.5981 -20.5 0
    endloop
  endfacet
  facet normal -0.555523 -0.831501 0
    outer loop
      vertex -32.8263 -21.3801 0
      vertex -32.5 -21.5981 18
      vertex -32.8263 -21.3801 18
    endloop
  endfacet
  facet normal -0.555523 -0.831501 -0
    outer loop
      vertex -32.5 -21.5981 18
      vertex -32.8263 -21.3801 0
      vertex -32.5 -21.5981 0
    endloop
  endfacet
  facet normal 0 1 -0
    outer loop
      vertex 31 22 0
      vertex -31 22 18
      vertex 31 22 18
    endloop
  endfacet
  facet normal 0 1 0
    outer loop
      vertex -31 22 18
      vertex 31 22 0
      vertex -31 22 0
    endloop
  endfacet
  facet normal -0.321574 0.946885 0
    outer loop
      vertex -31.7765 21.8978 0
      vertex -32.1481 21.7716 18
      vertex -31.7765 21.8978 18
    endloop
  endfacet
  facet normal -0.321574 0.946885 0
    outer loop
      vertex -32.1481 21.7716 18
      vertex -31.7765 21.8978 0
      vertex -32.1481 21.7716 0
    endloop
  endfacet
  facet normal -0.831501 0.555523 -7.75313e-20
    outer loop
      vertex -33.5981 20.5 0
      vertex -33.3801 20.8263 18
      vertex -33.3801 20.8263 0
    endloop
  endfacet
  facet normal -0.831501 0.555523 -7.75313e-20
    outer loop
      vertex -33.3801 20.8263 18
      vertex -33.5981 20.5 0
      vertex -33.5981 20.5 18
    endloop
  endfacet
  facet normal 0.751724 0.659478 -3.16984e-19
    outer loop
      vertex 33.3801 20.8263 18
      vertex 33.1213 21.1213 0
      vertex 33.1213 21.1213 18
    endloop
  endfacet
  facet normal 0.751724 0.659478 -3.16984e-19
    outer loop
      vertex 33.1213 21.1213 0
      vertex 33.3801 20.8263 18
      vertex 33.3801 20.8263 0
    endloop
  endfacet
  facet normal 0.0654873 0.997853 -0
    outer loop
      vertex 31.3916 21.9743 0
      vertex 31 22 18
      vertex 31.3916 21.9743 18
    endloop
  endfacet
  facet normal 0.0654873 0.997853 0
    outer loop
      vertex 31 22 18
      vertex 31.3916 21.9743 0
      vertex 31 22 0
    endloop
  endfacet
  facet normal -0.19494 0.980815 0
    outer loop
      vertex -31.3916 21.9743 0
      vertex -31.7765 21.8978 18
      vertex -31.3916 21.9743 18
    endloop
  endfacet
  facet normal -0.19494 0.980815 0
    outer loop
      vertex -31.7765 21.8978 18
      vertex -31.3916 21.9743 0
      vertex -31.7765 21.8978 0
    endloop
  endfacet
  facet normal 0.442211 0.896911 -0
    outer loop
      vertex 32.5 21.5981 0
      vertex 32.1481 21.7716 18
      vertex 32.5 21.5981 18
    endloop
  endfacet
  facet normal 0.442211 0.896911 0
    outer loop
      vertex 32.1481 21.7716 18
      vertex 32.5 21.5981 0
      vertex 32.1481 21.7716 0
    endloop
  endfacet
  facet normal -0.659478 -0.751724 0
    outer loop
      vertex -33.1213 -21.1213 0
      vertex -32.8263 -21.3801 18
      vertex -33.1213 -21.1213 18
    endloop
  endfacet
  facet normal -0.659478 -0.751724 -0
    outer loop
      vertex -32.8263 -21.3801 18
      vertex -33.1213 -21.1213 0
      vertex -32.8263 -21.3801 0
    endloop
  endfacet
  facet normal 0.659478 -0.751724 0
    outer loop
      vertex 32.8263 -21.3801 0
      vertex 33.1213 -21.1213 18
      vertex 32.8263 -21.3801 18
    endloop
  endfacet
  facet normal 0.659478 -0.751724 0
    outer loop
      vertex 33.1213 -21.1213 18
      vertex 32.8263 -21.3801 0
      vertex 33.1213 -21.1213 0
    endloop
  endfacet
  facet normal -0.442211 -0.896911 0
    outer loop
      vertex -32.5 -21.5981 0
      vertex -32.1481 -21.7716 18
      vertex -32.5 -21.5981 18
    endloop
  endfacet
  facet normal -0.442211 -0.896911 -0
    outer loop
      vertex -32.1481 -21.7716 18
      vertex -32.5 -21.5981 0
      vertex -32.1481 -21.7716 0
    endloop
  endfacet
  facet normal 0.659478 0.751724 -0
    outer loop
      vertex 33.1213 21.1213 0
      vertex 32.8263 21.3801 18
      vertex 33.1213 21.1213 18
    endloop
  endfacet
  facet normal 0.659478 0.751724 0
    outer loop
      vertex 32.8263 21.3801 18
      vertex 33.1213 21.1213 0
      vertex 32.8263 21.3801 0
    endloop
  endfacet
  facet normal -0.980815 0.19494 2.12321e-19
    outer loop
      vertex -33.9743 19.3916 0
      vertex -33.8978 19.7765 18
      vertex -33.8978 19.7765 0
    endloop
  endfacet
  facet normal -0.980815 0.19494 2.12321e-19
    outer loop
      vertex -33.8978 19.7765 18
      vertex -33.9743 19.3916 0
      vertex -33.9743 19.3916 18
    endloop
  endfacet
  facet normal 0.946885 -0.321574 1.96043e-20
    outer loop
      vertex 33.7716 -20.1481 18
      vertex 33.8978 -19.7765 0
      vertex 33.8978 -19.7765 18
    endloop
  endfacet
  facet normal 0.946885 -0.321574 1.96043e-20
    outer loop
      vertex 33.8978 -19.7765 0
      vertex 33.7716 -20.1481 18
      vertex 33.7716 -20.1481 0
    endloop
  endfacet
  facet normal 0.751724 -0.659478 3.16984e-19
    outer loop
      vertex 33.1213 -21.1213 18
      vertex 33.3801 -20.8263 0
      vertex 33.3801 -20.8263 18
    endloop
  endfacet
  facet normal 0.751724 -0.659478 3.16984e-19
    outer loop
      vertex 33.3801 -20.8263 0
      vertex 33.1213 -21.1213 18
      vertex 33.1213 -21.1213 0
    endloop
  endfacet
  facet normal -0.997853 0.0654873 3.09299e-20
    outer loop
      vertex -34 19 0
      vertex -33.9743 19.3916 18
      vertex -33.9743 19.3916 0
    endloop
  endfacet
  facet normal -0.997853 0.0654873 3.09299e-20
    outer loop
      vertex -33.9743 19.3916 18
      vertex -34 19 0
      vertex -34 19 18
    endloop
  endfacet
  facet normal 0.997853 0.0654873 -3.09299e-20
    outer loop
      vertex 34 19 18
      vertex 33.9743 19.3916 0
      vertex 33.9743 19.3916 18
    endloop
  endfacet
  facet normal 0.997853 0.0654873 -3.09299e-20
    outer loop
      vertex 33.9743 19.3916 0
      vertex 34 19 18
      vertex 34 19 0
    endloop
  endfacet
  facet normal 0.831501 0.555523 7.75313e-20
    outer loop
      vertex 33.5981 20.5 18
      vertex 33.3801 20.8263 0
      vertex 33.3801 20.8263 18
    endloop
  endfacet
  facet normal 0.831501 0.555523 7.75313e-20
    outer loop
      vertex 33.3801 20.8263 0
      vertex 33.5981 20.5 18
      vertex 33.5981 20.5 0
    endloop
  endfacet
  facet normal -0.751724 -0.659478 -3.16984e-19
    outer loop
      vertex -33.1213 -21.1213 0
      vertex -33.3801 -20.8263 18
      vertex -33.3801 -20.8263 0
    endloop
  endfacet
  facet normal -0.751724 -0.659478 -3.16984e-19
    outer loop
      vertex -33.3801 -20.8263 18
      vertex -33.1213 -21.1213 0
      vertex -33.1213 -21.1213 18
    endloop
  endfacet
  facet normal 0.321574 0.946885 -0
    outer loop
      vertex 32.1481 21.7716 0
      vertex 31.7765 21.8978 18
      vertex 32.1481 21.7716 18
    endloop
  endfacet
  facet normal 0.321574 0.946885 0
    outer loop
      vertex 31.7765 21.8978 18
      vertex 32.1481 21.7716 0
      vertex 31.7765 21.8978 0
    endloop
  endfacet
  facet normal -0.831501 -0.555523 7.75313e-20
    outer loop
      vertex -33.3801 -20.8263 0
      vertex -33.5981 -20.5 18
      vertex -33.5981 -20.5 0
    endloop
  endfacet
  facet normal -0.831501 -0.555523 7.75313e-20
    outer loop
      vertex -33.5981 -20.5 18
      vertex -33.3801 -20.8263 0
      vertex -33.3801 -20.8263 18
    endloop
  endfacet
  facet normal 0.896911 0.442211 -3.33075e-19
    outer loop
      vertex 33.7716 20.1481 18
      vertex 33.5981 20.5 0
      vertex 33.5981 20.5 18
    endloop
  endfacet
  facet normal 0.896911 0.442211 -3.33075e-19
    outer loop
      vertex 33.5981 20.5 0
      vertex 33.7716 20.1481 18
      vertex 33.7716 20.1481 0
    endloop
  endfacet
  facet normal 0.980815 0.19494 -2.12321e-19
    outer loop
      vertex 33.9743 19.3916 18
      vertex 33.8978 19.7765 0
      vertex 33.8978 19.7765 18
    endloop
  endfacet
  facet normal 0.980815 0.19494 -2.12321e-19
    outer loop
      vertex 33.8978 19.7765 0
      vertex 33.9743 19.3916 18
      vertex 33.9743 19.3916 0
    endloop
  endfacet
  facet normal -0.980815 -0.19494 -2.12321e-19
    outer loop
      vertex -33.8978 -19.7765 0
      vertex -33.9743 -19.3916 18
      vertex -33.9743 -19.3916 0
    endloop
  endfacet
  facet normal -0.980815 -0.19494 -2.12321e-19
    outer loop
      vertex -33.9743 -19.3916 18
      vertex -33.8978 -19.7765 0
      vertex -33.8978 -19.7765 18
    endloop
  endfacet
  facet normal 0 0 -1
    outer loop
      vertex 31 -22 0
      vertex 34 -19 0
      vertex 33.9743 -19.3916 0
    endloop
  endfacet
  facet normal 0 0 -1
    outer loop
      vertex 34 -19 0
      vertex 31.25 0 0
      vertex 34 19 0
    endloop
  endfacet
  facet normal 0 0 -1
    outer loop
      vertex 31 -22 0
      vertex 33.9743 -19.3916 0
      vertex 33.8978 -19.7765 0
    endloop
  endfacet
  facet normal 0 0 -1
    outer loop
      vertex 31.2308 0.293683 0
      vertex 34 19 0
      vertex 31.25 0 0
    endloop
  endfacet
  facet normal 0 0 -1
    outer loop
      vertex 31 -22 0
      vertex 33.8978 -19.7765 0
      vertex 33.7716 -20.1481 0
    endloop
  endfacet
  facet normal 0 0 -1
    outer loop
      vertex 31.1733 0.582342 0
      vertex 34 19 0
      vertex 31.2308 0.293683 0
    endloop
  endfacet
  facet normal 0 0 -1
    outer loop
      vertex 31 -22 0
      vertex 33.7716 -20.1481 0
      vertex 33.5981 -20.5 0
    endloop
  endfacet
  facet normal 0 0 -1
    outer loop
      vertex 31.0787 0.861037 0
      vertex 34 19 0
      vertex 31.1733 0.582342 0
    endloop
  endfacet
  facet normal 0 0 -1
    outer loop
      vertex 31 -22 0
      vertex 33.5981 -20.5 0
      vertex 33.3801 -20.8263 0
    endloop
  endfacet
  facet normal 0 0 -1
    outer loop
      vertex 30.9486 1.125 0
      vertex 34 19 0
      vertex 31.0787 0.861037 0
    endloop
  endfacet
  facet normal 0 0 -1
    outer loop
      vertex 31 -22 0
      vertex 33.3801 -20.8263 0
      vertex 33.1213 -21.1213 0
    endloop
  endfacet
  facet normal 0 0 -1
    outer loop
      vertex 30.785 1.36971 0
      vertex 34 19 0
      vertex 30.9486 1.125 0
    endloop
  endfacet
  facet normal 0 0 -1
    outer loop
      vertex 31 -22 0
      vertex 33.1213 -21.1213 0
      vertex 32.8263 -21.3801 0
    endloop
  endfacet
  facet normal 0 0 -1
    outer loop
      vertex 30.591 1.59099 0
      vertex 34 19 0
      vertex 30.785 1.36971 0
    endloop
  endfacet
  facet normal 0 0 -1
    outer loop
      vertex 31 -22 0
      vertex 32.8263 -21.3801 0
      vertex 32.5 -21.5981 0
    endloop
  endfacet
  facet normal 0 0 -1
    outer loop
      vertex 30.3697 1.78504 0
      vertex 34 19 0
      vertex 30.591 1.59099 0
    endloop
  endfacet
  facet normal 0 0 -1
    outer loop
      vertex 31 -22 0
      vertex 32.5 -21.5981 0
      vertex 32.1481 -21.7716 0
    endloop
  endfacet
  facet normal 0 0 -1
    outer loop
      vertex 30.125 1.94856 0
      vertex 34 19 0
      vertex 30.3697 1.78504 0
    endloop
  endfacet
  facet normal 0 0 -1
    outer loop
      vertex 31 -22 0
      vertex 32.1481 -21.7716 0
      vertex 31.7765 -21.8978 0
    endloop
  endfacet
  facet normal 0 0 -1
    outer loop
      vertex 29.861 2.07873 0
      vertex 34 19 0
      vertex 30.125 1.94856 0
    endloop
  endfacet
  facet normal 0 0 -1
    outer loop
      vertex 31 -22 0
      vertex 31.7765 -21.8978 0
      vertex 31.3916 -21.9743 0
    endloop
  endfacet
  facet normal 0 0 -1
    outer loop
      vertex 29.5823 2.17333 0
      vertex 34 19 0
      vertex 29.861 2.07873 0
    endloop
  endfacet
  facet normal 0 0 -1
    outer loop
      vertex 29.2937 2.23075 0
      vertex 34 19 0
      vertex 29.5823 2.17333 0
    endloop
  endfacet
  facet normal 0 0 -1
    outer loop
      vertex 34 -19 0
      vertex 31.2308 -0.293683 0
      vertex 31.25 0 0
    endloop
  endfacet
  facet normal 0 0 -1
    outer loop
      vertex 34 -19 0
      vertex 31.1733 -0.582342 0
      vertex 31.2308 -0.293683 0
    endloop
  endfacet
  facet normal 0 0 -1
    outer loop
      vertex 34 -19 0
      vertex 31.0787 -0.861037 0
      vertex 31.1733 -0.582342 0
    endloop
  endfacet
  facet normal -0 0 -1
    outer loop
      vertex 34 -19 0
      vertex 31 -22 0
      vertex 28.4177 -2.17333 0
    endloop
  endfacet
  facet normal 0 0 -1
    outer loop
      vertex 34 -19 0
      vertex 30.9486 -1.125 0
      vertex 31.0787 -0.861037 0
    endloop
  endfacet
  facet normal 0 0 -1
    outer loop
      vertex 34 -19 0
      vertex 30.785 -1.36971 0
      vertex 30.9486 -1.125 0
    endloop
  endfacet
  facet normal 0 0 -1
    outer loop
      vertex 34 -19 0
      vertex 30.591 -1.59099 0
      vertex 30.785 -1.36971 0
    endloop
  endfacet
  facet normal 0 0 -1
    outer loop
      vertex 34 -19 0
      vertex 30.3697 -1.78504 0
      vertex 30.591 -1.59099 0
    endloop
  endfacet
  facet normal 0 0 -1
    outer loop
      vertex 34 -19 0
      vertex 30.125 -1.94856 0
      vertex 30.3697 -1.78504 0
    endloop
  endfacet
  facet normal 0 0 -1
    outer loop
      vertex 34 -19 0
      vertex 29.861 -2.07873 0
      vertex 30.125 -1.94856 0
    endloop
  endfacet
  facet normal 0 0 -1
    outer loop
      vertex 34 -19 0
      vertex 29.5823 -2.17333 0
      vertex 29.861 -2.07873 0
    endloop
  endfacet
  facet normal 0 0 -1
    outer loop
      vertex 34 -19 0
      vertex 29.2937 -2.23075 0
      vertex 29.5823 -2.17333 0
    endloop
  endfacet
  facet normal 0 0 -1
    outer loop
      vertex 34 -19 0
      vertex 29 -2.25 0
      vertex 29.2937 -2.23075 0
    endloop
  endfacet
  facet normal 0 0 -1
    outer loop
      vertex 34 -19 0
      vertex 28.7063 -2.23075 0
      vertex 29 -2.25 0
    endloop
  endfacet
  facet normal 0 0 -1
    outer loop
      vertex 34 -19 0
      vertex 28.4177 -2.17333 0
      vertex 28.7063 -2.23075 0
    endloop
  endfacet
  facet normal 0 0 -1
    outer loop
      vertex 31 -22 0
      vertex 28.139 -2.07873 0
      vertex 28.4177 -2.17333 0
    endloop
  endfacet
  facet normal 0 0 -1
    outer loop
      vertex 31 -22 0
      vertex 27.875 -1.94856 0
      vertex 28.139 -2.07873 0
    endloop
  endfacet
  facet normal 0 0 -1
    outer loop
      vertex 31 -22 0
      vertex 27.6303 -1.78504 0
      vertex 27.875 -1.94856 0
    endloop
  endfacet
  facet normal 0 0 -1
    outer loop
      vertex 31 -22 0
      vertex 27.409 -1.59099 0
      vertex 27.6303 -1.78504 0
    endloop
  endfacet
  facet normal 0 0 -1
    outer loop
      vertex 31 -22 0
      vertex 27.215 -1.36971 0
      vertex 27.409 -1.59099 0
    endloop
  endfacet
  facet normal 0 0 -1
    outer loop
      vertex 31 -22 0
      vertex 27.0514 -1.125 0
      vertex 27.215 -1.36971 0
    endloop
  endfacet
  facet normal 0 0 -1
    outer loop
      vertex -27.0514 -1.125 0
      vertex 27.0514 -1.125 0
      vertex 31 -22 0
    endloop
  endfacet
  facet normal 0 0 -1
    outer loop
      vertex 27.0514 -1.125 0
      vertex -27.0514 -1.125 0
      vertex 26.9213 -0.861037 0
    endloop
  endfacet
  facet normal 0 -0 -1
    outer loop
      vertex -26.9213 -0.861037 0
      vertex 26.9213 -0.861037 0
      vertex -27.0514 -1.125 0
    endloop
  endfacet
  facet normal 0 0 -1
    outer loop
      vertex 26.7692 -0.293683 0
      vertex -26.75 0 0
      vertex 26.75 0 0
    endloop
  endfacet
  facet normal 0 0 -1
    outer loop
      vertex 26.9213 -0.861037 0
      vertex -26.9213 -0.861037 0
      vertex 26.8267 -0.582342 0
    endloop
  endfacet
  facet normal 0 0 -1
    outer loop
      vertex 26.7692 -0.293683 0
      vertex -26.7692 -0.293683 0
      vertex -26.75 0 0
    endloop
  endfacet
  facet normal -0 0 -1
    outer loop
      vertex 26.7692 -0.293683 0
      vertex -26.8267 -0.582342 0
      vertex -26.7692 -0.293683 0
    endloop
  endfacet
  facet normal 0 0 -1
    outer loop
      vertex 26.8267 -0.582342 0
      vertex -26.8267 -0.582342 0
      vertex 26.7692 -0.293683 0
    endloop
  endfacet
  facet normal 0 -0 -1
    outer loop
      vertex -26.8267 -0.582342 0
      vertex 26.8267 -0.582342 0
      vertex -26.9213 -0.861037 0
    endloop
  endfacet
  facet normal 0 0 -1
    outer loop
      vertex -31 -22 0
      vertex -27.0514 -1.125 0
      vertex 31 -22 0
    endloop
  endfacet
  facet normal 0 0 -1
    outer loop
      vertex -27.0514 -1.125 0
      vertex -31 -22 0
      vertex -27.215 -1.36971 0
    endloop
  endfacet
  facet normal 0 0 -1
    outer loop
      vertex -27.215 -1.36971 0
      vertex -31 -22 0
      vertex -27.409 -1.59099 0
    endloop
  endfacet
  facet normal 0 0 -1
    outer loop
      vertex -27.409 -1.59099 0
      vertex -31 -22 0
      vertex -27.6303 -1.78504 0
    endloop
  endfacet
  facet normal 0 0 -1
    outer loop
      vertex -27.6303 -1.78504 0
      vertex -31 -22 0
      vertex -27.875 -1.94856 0
    endloop
  endfacet
  facet normal 0 0 -1
    outer loop
      vertex -27.875 -1.94856 0
      vertex -31 -22 0
      vertex -28.139 -2.07873 0
    endloop
  endfacet
  facet normal 0 0 -1
    outer loop
      vertex -28.139 -2.07873 0
      vertex -31 -22 0
      vertex -28.4177 -2.17333 0
    endloop
  endfacet
  facet normal 0 0 -1
    outer loop
      vertex -34 -19 0
      vertex -28.4177 -2.17333 0
      vertex -31 -22 0
    endloop
  endfacet
  facet normal 0 0 -1
    outer loop
      vertex -28.4177 -2.17333 0
      vertex -34 -19 0
      vertex -28.7063 -2.23075 0
    endloop
  endfacet
  facet normal 0 0 -1
    outer loop
      vertex -28.7063 -2.23075 0
      vertex -34 -19 0
      vertex -29 -2.25 0
    endloop
  endfacet
  facet normal -0 0 -1
    outer loop
      vertex -29 -2.25 0
      vertex -34 -19 0
      vertex -29.2937 -2.23075 0
    endloop
  endfacet
  facet normal -0 0 -1
    outer loop
      vertex -29.2937 -2.23075 0
      vertex -34 -19 0
      vertex -29.5823 -2.17333 0
    endloop
  endfacet
  facet normal -0 0 -1
    outer loop
      vertex -29.5823 -2.17333 0
      vertex -34 -19 0
      vertex -29.861 -2.07873 0
    endloop
  endfacet
  facet normal -0 0 -1
    outer loop
      vertex -29.861 -2.07873 0
      vertex -34 -19 0
      vertex -30.125 -1.94856 0
    endloop
  endfacet
  facet normal -0 0 -1
    outer loop
      vertex -30.125 -1.94856 0
      vertex -34 -19 0
      vertex -30.3697 -1.78504 0
    endloop
  endfacet
  facet normal -0 0 -1
    outer loop
      vertex -30.3697 -1.78504 0
      vertex -34 -19 0
      vertex -30.591 -1.59099 0
    endloop
  endfacet
  facet normal -0 0 -1
    outer loop
      vertex -30.591 -1.59099 0
      vertex -34 -19 0
      vertex -30.785 -1.36971 0
    endloop
  endfacet
  facet normal -0 0 -1
    outer loop
      vertex -30.785 -1.36971 0
      vertex -34 -19 0
      vertex -30.9486 -1.125 0
    endloop
  endfacet
  facet normal -0 0 -1
    outer loop
      vertex -30.9486 -1.125 0
      vertex -34 -19 0
      vertex -31.0787 -0.861037 0
    endloop
  endfacet
  facet normal -0 0 -1
    outer loop
      vertex -31.0787 -0.861037 0
      vertex -34 -19 0
      vertex -31.1733 -0.582342 0
    endloop
  endfacet
  facet normal -0 0 -1
    outer loop
      vertex -31.1733 -0.582342 0
      vertex -34 -19 0
      vertex -31.2308 -0.293683 0
    endloop
  endfacet
  facet normal 0 0 -1
    outer loop
      vertex -34 -19 0
      vertex -31 -22 0
      vertex -31.3916 -21.9743 0
    endloop
  endfacet
  facet normal 0 0 -1
    outer loop
      vertex 29 2.25 0
      vertex 34 19 0
      vertex 29.2937 2.23075 0
    endloop
  endfacet
  facet normal 0 0 -1
    outer loop
      vertex 28.7063 2.23075 0
      vertex 34 19 0
      vertex 29 2.25 0
    endloop
  endfacet
  facet normal 0 0 -1
    outer loop
      vertex 28.4177 2.17333 0
      vertex 34 19 0
      vertex 28.7063 2.23075 0
    endloop
  endfacet
  facet normal 0 -0 -1
    outer loop
      vertex 31 22 0
      vertex 34 19 0
      vertex 28.4177 2.17333 0
    endloop
  endfacet
  facet normal 0 0 -1
    outer loop
      vertex 34 19 0
      vertex 31 22 0
      vertex 33.9743 19.3916 0
    endloop
  endfacet
  facet normal 0 0 -1
    outer loop
      vertex 33.8978 19.7765 0
      vertex 31 22 0
      vertex 33.7716 20.1481 0
    endloop
  endfacet
  facet normal 0 0 -1
    outer loop
      vertex 33.7716 20.1481 0
      vertex 31 22 0
      vertex 33.5981 20.5 0
    endloop
  endfacet
  facet normal 0 0 -1
    outer loop
      vertex 33.3801 20.8263 0
      vertex 31 22 0
      vertex 33.1213 21.1213 0
    endloop
  endfacet
  facet normal 0 0 -1
    outer loop
      vertex 33.1213 21.1213 0
      vertex 31 22 0
      vertex 32.8263 21.3801 0
    endloop
  endfacet
  facet normal 0 0 -1
    outer loop
      vertex 32.8263 21.3801 0
      vertex 31 22 0
      vertex 32.5 21.5981 0
    endloop
  endfacet
  facet normal 0 0 -1
    outer loop
      vertex 32.1481 21.7716 0
      vertex 31 22 0
      vertex 31.7765 21.8978 0
    endloop
  endfacet
  facet normal 0 0 -1
    outer loop
      vertex 31.7765 21.8978 0
      vertex 31 22 0
      vertex 31.3916 21.9743 0
    endloop
  endfacet
  facet normal 0 0 -1
    outer loop
      vertex 32.5 21.5981 0
      vertex 31 22 0
      vertex 32.1481 21.7716 0
    endloop
  endfacet
  facet normal 0 0 -1
    outer loop
      vertex 33.5981 20.5 0
      vertex 31 22 0
      vertex 33.3801 20.8263 0
    endloop
  endfacet
  facet normal 0 0 -1
    outer loop
      vertex 33.9743 19.3916 0
      vertex 31 22 0
      vertex 33.8978 19.7765 0
    endloop
  endfacet
  facet normal 0 0 -1
    outer loop
      vertex 28.139 2.07873 0
      vertex 31 22 0
      vertex 28.4177 2.17333 0
    endloop
  endfacet
  facet normal 0 0 -1
    outer loop
      vertex 27.875 1.94856 0
      vertex 31 22 0
      vertex 28.139 2.07873 0
    endloop
  endfacet
  facet normal 0 0 -1
    outer loop
      vertex 27.6303 1.78504 0
      vertex 31 22 0
      vertex 27.875 1.94856 0
    endloop
  endfacet
  facet normal 0 0 -1
    outer loop
      vertex 27.409 1.59099 0
      vertex 31 22 0
      vertex 27.6303 1.78504 0
    endloop
  endfacet
  facet normal 0 0 -1
    outer loop
      vertex 27.215 1.36971 0
      vertex 31 22 0
      vertex 27.409 1.59099 0
    endloop
  endfacet
  facet normal 0 0 -1
    outer loop
      vertex 27.0514 1.125 0
      vertex 31 22 0
      vertex 27.215 1.36971 0
    endloop
  endfacet
  facet normal 0 0 -1
    outer loop
      vertex -27.0514 1.125 0
      vertex 27.0514 1.125 0
      vertex 26.9213 0.861037 0
    endloop
  endfacet
  facet normal 0 0 -1
    outer loop
      vertex -26.9213 0.861037 0
      vertex 26.9213 0.861037 0
      vertex 26.8267 0.582342 0
    endloop
  endfacet
  facet normal 0 0 -1
    outer loop
      vertex -26.8267 0.582342 0
      vertex 26.8267 0.582342 0
      vertex 26.7692 0.293683 0
    endloop
  endfacet
  facet normal 0 0 -1
    outer loop
      vertex -26.75 0 0
      vertex 26.7692 0.293683 0
      vertex 26.75 0 0
    endloop
  endfacet
  facet normal 0 0 -1
    outer loop
      vertex -26.7692 0.293683 0
      vertex 26.7692 0.293683 0
      vertex -26.75 0 0
    endloop
  endfacet
  facet normal 0 0 -1
    outer loop
      vertex -26.8267 0.582342 0
      vertex 26.7692 0.293683 0
      vertex -26.7692 0.293683 0
    endloop
  endfacet
  facet normal 0 0 -1
    outer loop
      vertex 26.8267 0.582342 0
      vertex -26.8267 0.582342 0
      vertex -26.9213 0.861037 0
    endloop
  endfacet
  facet normal 0 0 -1
    outer loop
      vertex 26.9213 0.861037 0
      vertex -26.9213 0.861037 0
      vertex -27.0514 1.125 0
    endloop
  endfacet
  facet normal 0 0 -1
    outer loop
      vertex 27.0514 1.125 0
      vertex -27.0514 1.125 0
      vertex 31 22 0
    endloop
  endfacet
  facet normal 0 0 -1
    outer loop
      vertex -31 22 0
      vertex -27.0514 1.125 0
      vertex -27.215 1.36971 0
    endloop
  endfacet
  facet normal 0 0 -1
    outer loop
      vertex -31 22 0
      vertex -27.215 1.36971 0
      vertex -27.409 1.59099 0
    endloop
  endfacet
  facet normal 0 0 -1
    outer loop
      vertex -31 22 0
      vertex -27.409 1.59099 0
      vertex -27.6303 1.78504 0
    endloop
  endfacet
  facet normal 0 0 -1
    outer loop
      vertex -31 22 0
      vertex -27.6303 1.78504 0
      vertex -27.875 1.94856 0
    endloop
  endfacet
  facet normal 0 0 -1
    outer loop
      vertex -31 22 0
      vertex -27.875 1.94856 0
      vertex -28.139 2.07873 0
    endloop
  endfacet
  facet normal 0 0 -1
    outer loop
      vertex -31 22 0
      vertex -28.139 2.07873 0
      vertex -28.4177 2.17333 0
    endloop
  endfacet
  facet normal 0 0 -1
    outer loop
      vertex -34 19 0
      vertex -28.4177 2.17333 0
      vertex -28.7063 2.23075 0
    endloop
  endfacet
  facet normal 0 0 -1
    outer loop
      vertex -34 19 0
      vertex -28.7063 2.23075 0
      vertex -29 2.25 0
    endloop
  endfacet
  facet normal 0 0 -1
    outer loop
      vertex -34 19 0
      vertex -29 2.25 0
      vertex -29.2937 2.23075 0
    endloop
  endfacet
  facet normal 0 0 -1
    outer loop
      vertex -34 19 0
      vertex -29.2937 2.23075 0
      vertex -29.5823 2.17333 0
    endloop
  endfacet
  facet normal 0 0 -1
    outer loop
      vertex -27.0514 1.125 0
      vertex -31 22 0
      vertex 31 22 0
    endloop
  endfacet
  facet normal 0 0 -1
    outer loop
      vertex -34 19 0
      vertex -29.5823 2.17333 0
      vertex -29.861 2.07873 0
    endloop
  endfacet
  facet normal 0 0 -1
    outer loop
      vertex -34 19 0
      vertex -29.861 2.07873 0
      vertex -30.125 1.94856 0
    endloop
  endfacet
  facet normal 0 0 -1
    outer loop
      vertex -34 19 0
      vertex -30.125 1.94856 0
      vertex -30.3697 1.78504 0
    endloop
  endfacet
  facet normal 0 0 -1
    outer loop
      vertex -34 19 0
      vertex -30.3697 1.78504 0
      vertex -30.591 1.59099 0
    endloop
  endfacet
  facet normal 0 0 -1
    outer loop
      vertex -34 19 0
      vertex -30.591 1.59099 0
      vertex -30.785 1.36971 0
    endloop
  endfacet
  facet normal 0 0 -1
    outer loop
      vertex -34 19 0
      vertex -30.785 1.36971 0
      vertex -30.9486 1.125 0
    endloop
  endfacet
  facet normal 0 0 -1
    outer loop
      vertex -34 19 0
      vertex -30.9486 1.125 0
      vertex -31.0787 0.861037 0
    endloop
  endfacet
  facet normal 0 0 -1
    outer loop
      vertex -34 19 0
      vertex -31.0787 0.861037 0
      vertex -31.1733 0.582342 0
    endloop
  endfacet
  facet normal 0 0 -1
    outer loop
      vertex -34 19 0
      vertex -31.1733 0.582342 0
      vertex -31.2308 0.293683 0
    endloop
  endfacet
  facet normal 0 0 -1
    outer loop
      vertex -34 19 0
      vertex -31.2308 0.293683 0
      vertex -31.25 0 0
    endloop
  endfacet
  facet normal 0 0 -1
    outer loop
      vertex -28.4177 2.17333 0
      vertex -34 19 0
      vertex -31 22 0
    endloop
  endfacet
  facet normal -0 0 -1
    outer loop
      vertex -31.2308 -0.293683 0
      vertex -34 -19 0
      vertex -31.25 0 0
    endloop
  endfacet
  facet normal 0 0 -1
    outer loop
      vertex -34 -19 0
      vertex -31.3916 -21.9743 0
      vertex -31.7765 -21.8978 0
    endloop
  endfacet
  facet normal 0 0 -1
    outer loop
      vertex -34 19 0
      vertex -31.25 0 0
      vertex -34 -19 0
    endloop
  endfacet
  facet normal 0 0 -1
    outer loop
      vertex -34 -19 0
      vertex -31.7765 -21.8978 0
      vertex -32.1481 -21.7716 0
    endloop
  endfacet
  facet normal 0 0 -1
    outer loop
      vertex -31 22 0
      vertex -34 19 0
      vertex -31.3916 21.9743 0
    endloop
  endfacet
  facet normal 0 0 -1
    outer loop
      vertex -34 -19 0
      vertex -32.1481 -21.7716 0
      vertex -32.5 -21.5981 0
    endloop
  endfacet
  facet normal 0 0 -1
    outer loop
      vertex -31.3916 21.9743 0
      vertex -34 19 0
      vertex -31.7765 21.8978 0
    endloop
  endfacet
  facet normal 0 0 -1
    outer loop
      vertex -34 -19 0
      vertex -32.5 -21.5981 0
      vertex -32.8263 -21.3801 0
    endloop
  endfacet
  facet normal 0 0 -1
    outer loop
      vertex -31.7765 21.8978 0
      vertex -34 19 0
      vertex -32.1481 21.7716 0
    endloop
  endfacet
  facet normal 0 0 -1
    outer loop
      vertex -34 -19 0
      vertex -32.8263 -21.3801 0
      vertex -33.1213 -21.1213 0
    endloop
  endfacet
  facet normal 0 0 -1
    outer loop
      vertex -32.1481 21.7716 0
      vertex -34 19 0
      vertex -32.5 21.5981 0
    endloop
  endfacet
  facet normal 0 0 -1
    outer loop
      vertex -34 -19 0
      vertex -33.1213 -21.1213 0
      vertex -33.3801 -20.8263 0
    endloop
  endfacet
  facet normal 0 0 -1
    outer loop
      vertex -32.5 21.5981 0
      vertex -34 19 0
      vertex -32.8263 21.3801 0
    endloop
  endfacet
  facet normal 0 0 -1
    outer loop
      vertex -34 -19 0
      vertex -33.3801 -20.8263 0
      vertex -33.5981 -20.5 0
    endloop
  endfacet
  facet normal 0 0 -1
    outer loop
      vertex -32.8263 21.3801 0
      vertex -34 19 0
      vertex -33.1213 21.1213 0
    endloop
  endfacet
  facet normal 0 0 -1
    outer loop
      vertex -34 -19 0
      vertex -33.5981 -20.5 0
      vertex -33.7716 -20.1481 0
    endloop
  endfacet
  facet normal 0 0 -1
    outer loop
      vertex -33.1213 21.1213 0
      vertex -34 19 0
      vertex -33.3801 20.8263 0
    endloop
  endfacet
  facet normal 0 0 -1
    outer loop
      vertex -34 -19 0
      vertex -33.7716 -20.1481 0
      vertex -33.8978 -19.7765 0
    endloop
  endfacet
  facet normal 0 0 -1
    outer loop
      vertex -33.3801 20.8263 0
      vertex -34 19 0
      vertex -33.5981 20.5 0
    endloop
  endfacet
  facet normal 0 0 -1
    outer loop
      vertex -34 -19 0
      vertex -33.8978 -19.7765 0
      vertex -33.9743 -19.3916 0
    endloop
  endfacet
  facet normal 0 0 -1
    outer loop
      vertex -33.5981 20.5 0
      vertex -34 19 0
      vertex -33.7716 20.1481 0
    endloop
  endfacet
  facet normal 0 0 -1
    outer loop
      vertex -33.7716 20.1481 0
      vertex -34 19 0
      vertex -33.8978 19.7765 0
    endloop
  endfacet
  facet normal 0 0 -1
    outer loop
      vertex -33.8978 19.7765 0
      vertex -34 19 0
      vertex -33.9743 19.3916 0
    endloop
  endfacet
  facet normal 0.997853 -0.0654873 3.09299e-20
    outer loop
      vertex 33.9743 -19.3916 18
      vertex 34 -19 0
      vertex 34 -19 18
    endloop
  endfacet
  facet normal 0.997853 -0.0654873 3.09299e-20
    outer loop
      vertex 34 -19 0
      vertex 33.9743 -19.3916 18
      vertex 33.9743 -19.3916 0
    endloop
  endfacet
  facet normal 0 0 1
    outer loop
      vertex -27.85 0 18
      vertex -25.25 0 18
      vertex -25.2821 0.489472 18
    endloop
  endfacet
  facet normal 0 0 1
    outer loop
      vertex -27.8598 0.150105 18
      vertex -25.2821 0.489472 18
      vertex -25.3778 0.970571 18
    endloop
  endfacet
  facet normal 0 0 1
    outer loop
      vertex -25.25 0 18
      vertex -27.85 0 18
      vertex -25.2821 -0.489472 18
    endloop
  endfacet
  facet normal 0 0 1
    outer loop
      vertex -27.8892 0.297642 18
      vertex -25.3778 0.970571 18
      vertex -25.5354 1.43506 18
    endloop
  endfacet
  facet normal -0 0 1
    outer loop
      vertex -27.8598 -0.150105 18
      vertex -25.2821 -0.489472 18
      vertex -27.85 0 18
    endloop
  endfacet
  facet normal 0 0 1
    outer loop
      vertex -27.9375 0.440085 18
      vertex -25.5354 1.43506 18
      vertex -25.7524 1.875 18
    endloop
  endfacet
  facet normal 0 0 1
    outer loop
      vertex -25.2821 -0.489472 18
      vertex -27.8598 -0.150105 18
      vertex -25.3778 -0.970571 18
    endloop
  endfacet
  facet normal 0 0 1
    outer loop
      vertex -28.0041 0.575 18
      vertex -25.7524 1.875 18
      vertex -26.0249 2.28286 18
    endloop
  endfacet
  facet normal -0 0 1
    outer loop
      vertex -27.8892 -0.297642 18
      vertex -25.3778 -0.970571 18
      vertex -27.8598 -0.150105 18
    endloop
  endfacet
  facet normal 0 0 1
    outer loop
      vertex -28.0876 0.700075 18
      vertex -26.0249 2.28286 18
      vertex -26.3483 2.65165 18
    endloop
  endfacet
  facet normal 0 0 1
    outer loop
      vertex -25.3778 -0.970571 18
      vertex -27.8892 -0.297642 18
      vertex -25.5354 -1.43506 18
    endloop
  endfacet
  facet normal 0 0 1
    outer loop
      vertex -28.1868 0.813172 18
      vertex -26.3483 2.65165 18
      vertex -26.7171 2.97507 18
    endloop
  endfacet
  facet normal -0 0 1
    outer loop
      vertex -27.9375 -0.440085 18
      vertex -25.5354 -1.43506 18
      vertex -27.8892 -0.297642 18
    endloop
  endfacet
  facet normal 0 0 1
    outer loop
      vertex -28.2999 0.912355 18
      vertex -26.7171 2.97507 18
      vertex -27.125 3.24759 18
    endloop
  endfacet
  facet normal 0 0 1
    outer loop
      vertex -25.5354 -1.43506 18
      vertex -27.9375 -0.440085 18
      vertex -25.7524 -1.875 18
    endloop
  endfacet
  facet normal 0 0 1
    outer loop
      vertex -28.425 0.995929 18
      vertex -27.125 3.24759 18
      vertex -27.5649 3.46455 18
    endloop
  endfacet
  facet normal -0 0 1
    outer loop
      vertex -28.0041 -0.575 18
      vertex -25.7524 -1.875 18
      vertex -27.9375 -0.440085 18
    endloop
  endfacet
  facet normal 0 0 1
    outer loop
      vertex -25.7524 -1.875 18
      vertex -28.0041 -0.575 18
      vertex -26.0249 -2.28286 18
    endloop
  endfacet
  facet normal 0 0 1
    outer loop
      vertex -25.2821 0.489472 18
      vertex -27.8598 0.150105 18
      vertex -27.85 0 18
    endloop
  endfacet
  facet normal 0 0 1
    outer loop
      vertex -25.3778 0.970571 18
      vertex -27.8892 0.297642 18
      vertex -27.8598 0.150105 18
    endloop
  endfacet
  facet normal 0 0 1
    outer loop
      vertex -25.5354 1.43506 18
      vertex -27.9375 0.440085 18
      vertex -27.8892 0.297642 18
    endloop
  endfacet
  facet normal 0 0 1
    outer loop
      vertex -25.7524 1.875 18
      vertex -28.0041 0.575 18
      vertex -27.9375 0.440085 18
    endloop
  endfacet
  facet normal 0 0 1
    outer loop
      vertex -28.5599 1.06246 18
      vertex -27.5649 3.46455 18
      vertex -28.0294 3.62222 18
    endloop
  endfacet
  facet normal 0 0 1
    outer loop
      vertex -26.0249 2.28286 18
      vertex -28.0876 0.700075 18
      vertex -28.0041 0.575 18
    endloop
  endfacet
  facet normal 0 0 1
    outer loop
      vertex -26.3483 2.65165 18
      vertex -28.1868 0.813172 18
      vertex -28.0876 0.700075 18
    endloop
  endfacet
  facet normal 0 0 1
    outer loop
      vertex -26.7171 2.97507 18
      vertex -28.2999 0.912355 18
      vertex -28.1868 0.813172 18
    endloop
  endfacet
  facet normal 0 0 1
    outer loop
      vertex -27.125 3.24759 18
      vertex -28.425 0.995929 18
      vertex -28.2999 0.912355 18
    endloop
  endfacet
  facet normal 0 0 1
    outer loop
      vertex -28.7024 1.11081 18
      vertex -28.0294 3.62222 18
      vertex -28.5105 3.71792 18
    endloop
  endfacet
  facet normal 0 0 1
    outer loop
      vertex -27.5649 3.46455 18
      vertex -28.5599 1.06246 18
      vertex -28.425 0.995929 18
    endloop
  endfacet
  facet normal 0 0 1
    outer loop
      vertex -28.0294 3.62222 18
      vertex -28.7024 1.11081 18
      vertex -28.5599 1.06246 18
    endloop
  endfacet
  facet normal 0 0 1
    outer loop
      vertex -28.5105 3.71792 18
      vertex -28.8499 1.14016 18
      vertex -28.7024 1.11081 18
    endloop
  endfacet
  facet normal 0 0 1
    outer loop
      vertex -29 3.75 18
      vertex -28.8499 1.14016 18
      vertex -28.5105 3.71792 18
    endloop
  endfacet
  facet normal 0 0 1
    outer loop
      vertex -29 3.75 18
      vertex -29 1.15 18
      vertex -28.8499 1.14016 18
    endloop
  endfacet
  facet normal 0 0 1
    outer loop
      vertex -29 3.75 18
      vertex -29.1501 1.14016 18
      vertex -29 1.15 18
    endloop
  endfacet
  facet normal -0 0 1
    outer loop
      vertex -29.4895 3.71792 18
      vertex -29.1501 1.14016 18
      vertex -29 3.75 18
    endloop
  endfacet
  facet normal 0 0 1
    outer loop
      vertex -29.1501 1.14016 18
      vertex -29.4895 3.71792 18
      vertex -29.2976 1.11081 18
    endloop
  endfacet
  facet normal -0 0 1
    outer loop
      vertex -29.9706 3.62222 18
      vertex -29.2976 1.11081 18
      vertex -29.4895 3.71792 18
    endloop
  endfacet
  facet normal 0 0 1
    outer loop
      vertex -29.2976 1.11081 18
      vertex -29.9706 3.62222 18
      vertex -29.4401 1.06246 18
    endloop
  endfacet
  facet normal -0 0 1
    outer loop
      vertex -30.4351 3.46455 18
      vertex -29.4401 1.06246 18
      vertex -29.9706 3.62222 18
    endloop
  endfacet
  facet normal 0 0 1
    outer loop
      vertex -29.4401 1.06246 18
      vertex -30.4351 3.46455 18
      vertex -29.575 0.995929 18
    endloop
  endfacet
  facet normal -0 0 1
    outer loop
      vertex -30.875 3.24759 18
      vertex -29.575 0.995929 18
      vertex -30.4351 3.46455 18
    endloop
  endfacet
  facet normal 0 0 1
    outer loop
      vertex -29.575 0.995929 18
      vertex -30.875 3.24759 18
      vertex -29.7001 0.912355 18
    endloop
  endfacet
  facet normal -0 0 1
    outer loop
      vertex -31.2829 2.97507 18
      vertex -29.7001 0.912355 18
      vertex -30.875 3.24759 18
    endloop
  endfacet
  facet normal -0 0 1
    outer loop
      vertex -31.6 2.69695 18
      vertex -29.7001 0.912355 18
      vertex -31.2829 2.97507 18
    endloop
  endfacet
  facet normal 0 0 1
    outer loop
      vertex -29.7001 0.912355 18
      vertex -31.6 2.69695 18
      vertex -29.8132 0.813172 18
    endloop
  endfacet
  facet normal 0 0 1
    outer loop
      vertex -29.8132 0.813172 18
      vertex -31.6 2.69695 18
      vertex -29.9124 0.700075 18
    endloop
  endfacet
  facet normal 0 0 1
    outer loop
      vertex -29.9124 0.700075 18
      vertex -31.6 2.69695 18
      vertex -29.9959 0.575 18
    endloop
  endfacet
  facet normal 0 0 1
    outer loop
      vertex -29.9959 0.575 18
      vertex -31.6 2.69695 18
      vertex -30.0625 0.440085 18
    endloop
  endfacet
  facet normal -0 0 1
    outer loop
      vertex -28.0876 -0.700075 18
      vertex -26.0249 -2.28286 18
      vertex -28.0041 -0.575 18
    endloop
  endfacet
  facet normal 0 0 1
    outer loop
      vertex -26.0249 -2.28286 18
      vertex -28.0876 -0.700075 18
      vertex -26.3483 -2.65165 18
    endloop
  endfacet
  facet normal -0 0 1
    outer loop
      vertex -28.1868 -0.813172 18
      vertex -26.3483 -2.65165 18
      vertex -28.0876 -0.700075 18
    endloop
  endfacet
  facet normal 0 0 1
    outer loop
      vertex -26.3483 -2.65165 18
      vertex -28.1868 -0.813172 18
      vertex -26.7171 -2.97507 18
    endloop
  endfacet
  facet normal -0 0 1
    outer loop
      vertex -28.2999 -0.912355 18
      vertex -26.7171 -2.97507 18
      vertex -28.1868 -0.813172 18
    endloop
  endfacet
  facet normal 0 0 1
    outer loop
      vertex -26.7171 -2.97507 18
      vertex -28.2999 -0.912355 18
      vertex -27.125 -3.24759 18
    endloop
  endfacet
  facet normal -0 0 1
    outer loop
      vertex -28.425 -0.995929 18
      vertex -27.125 -3.24759 18
      vertex -28.2999 -0.912355 18
    endloop
  endfacet
  facet normal 0 0 1
    outer loop
      vertex -27.125 -3.24759 18
      vertex -28.425 -0.995929 18
      vertex -27.5649 -3.46455 18
    endloop
  endfacet
  facet normal -0 0 1
    outer loop
      vertex -28.5599 -1.06246 18
      vertex -27.5649 -3.46455 18
      vertex -28.425 -0.995929 18
    endloop
  endfacet
  facet normal 0 0 1
    outer loop
      vertex -27.5649 -3.46455 18
      vertex -28.5599 -1.06246 18
      vertex -28.0294 -3.62222 18
    endloop
  endfacet
  facet normal -0 0 1
    outer loop
      vertex -28.7024 -1.11081 18
      vertex -28.0294 -3.62222 18
      vertex -28.5599 -1.06246 18
    endloop
  endfacet
  facet normal 0 0 1
    outer loop
      vertex -28.0294 -3.62222 18
      vertex -28.7024 -1.11081 18
      vertex -28.5105 -3.71792 18
    endloop
  endfacet
  facet normal -0 0 1
    outer loop
      vertex -28.8499 -1.14016 18
      vertex -28.5105 -3.71792 18
      vertex -28.7024 -1.11081 18
    endloop
  endfacet
  facet normal -0 0 1
    outer loop
      vertex -29 -1.15 18
      vertex -28.5105 -3.71792 18
      vertex -28.8499 -1.14016 18
    endloop
  endfacet
  facet normal 0 0 1
    outer loop
      vertex -29 -1.15 18
      vertex -29 -3.75 18
      vertex -28.5105 -3.71792 18
    endloop
  endfacet
  facet normal 0 0 1
    outer loop
      vertex -29.1501 -1.14016 18
      vertex -29 -3.75 18
      vertex -29 -1.15 18
    endloop
  endfacet
  facet normal 0 0 1
    outer loop
      vertex -29.4895 -3.71792 18
      vertex -29.1501 -1.14016 18
      vertex -29.2976 -1.11081 18
    endloop
  endfacet
  facet normal 0 0 1
    outer loop
      vertex -29.9706 -3.62222 18
      vertex -29.2976 -1.11081 18
      vertex -29.4401 -1.06246 18
    endloop
  endfacet
  facet normal 0 0 1
    outer loop
      vertex -29.1501 -1.14016 18
      vertex -29.4895 -3.71792 18
      vertex -29 -3.75 18
    endloop
  endfacet
  facet normal 0 0 1
    outer loop
      vertex -30.4351 -3.46455 18
      vertex -29.4401 -1.06246 18
      vertex -29.575 -0.995929 18
    endloop
  endfacet
  facet normal 0 0 1
    outer loop
      vertex -30.875 -3.24759 18
      vertex -29.575 -0.995929 18
      vertex -29.7001 -0.912355 18
    endloop
  endfacet
  facet normal 0 0 1
    outer loop
      vertex -31.6 -2.69695 18
      vertex -29.7001 -0.912355 18
      vertex -29.8132 -0.813172 18
    endloop
  endfacet
  facet normal 0 0 1
    outer loop
      vertex -31.6 -2.69695 18
      vertex -29.8132 -0.813172 18
      vertex -29.9124 -0.700075 18
    endloop
  endfacet
  facet normal 0 0 1
    outer loop
      vertex -29.2976 -1.11081 18
      vertex -29.9706 -3.62222 18
      vertex -29.4895 -3.71792 18
    endloop
  endfacet
  facet normal 0 0 1
    outer loop
      vertex -31.6 -2.69695 18
      vertex -29.9124 -0.700075 18
      vertex -29.9959 -0.575 18
    endloop
  endfacet
  facet normal 0 0 1
    outer loop
      vertex -31.6 -2.69695 18
      vertex -29.9959 -0.575 18
      vertex -30.0625 -0.440085 18
    endloop
  endfacet
  facet normal 0 0 1
    outer loop
      vertex -31.6 -2.69695 18
      vertex -30.0625 -0.440085 18
      vertex -30.1108 -0.297642 18
    endloop
  endfacet
  facet normal 0 0 1
    outer loop
      vertex -31.6 -2.69695 18
      vertex -30.1108 -0.297642 18
      vertex -30.1402 -0.150105 18
    endloop
  endfacet
  facet normal 0 0 1
    outer loop
      vertex -31.6 -2.69695 18
      vertex -30.1402 -0.150105 18
      vertex -30.15 0 18
    endloop
  endfacet
  facet normal 0 0 1
    outer loop
      vertex -30.0625 0.440085 18
      vertex -31.6 2.69695 18
      vertex -30.1108 0.297642 18
    endloop
  endfacet
  facet normal 0 0 1
    outer loop
      vertex -29.4401 -1.06246 18
      vertex -30.4351 -3.46455 18
      vertex -29.9706 -3.62222 18
    endloop
  endfacet
  facet normal 0 0 1
    outer loop
      vertex -30.1108 0.297642 18
      vertex -31.6 2.69695 18
      vertex -30.1402 0.150105 18
    endloop
  endfacet
  facet normal 0 0 1
    outer loop
      vertex -29.575 -0.995929 18
      vertex -30.875 -3.24759 18
      vertex -30.4351 -3.46455 18
    endloop
  endfacet
  facet normal 0 0 1
    outer loop
      vertex -30.1402 0.150105 18
      vertex -31.6 2.69695 18
      vertex -30.15 0 18
    endloop
  endfacet
  facet normal 0 0 1
    outer loop
      vertex -29.7001 -0.912355 18
      vertex -31.2829 -2.97507 18
      vertex -30.875 -3.24759 18
    endloop
  endfacet
  facet normal 0 0 1
    outer loop
      vertex -31.6 -2.69695 18
      vertex -30.15 0 18
      vertex -31.6 2.69695 18
    endloop
  endfacet
  facet normal 0 0 1
    outer loop
      vertex -29.7001 -0.912355 18
      vertex -31.6 -2.69695 18
      vertex -31.2829 -2.97507 18
    endloop
  endfacet
  facet normal 0 0 1
    outer loop
      vertex 29.7001 0.912355 18
      vertex 31.6 2.69695 18
      vertex 31.2829 2.97507 18
    endloop
  endfacet
  facet normal 0 0 1
    outer loop
      vertex 31.6 2.69695 18
      vertex 30.15 0 18
      vertex 31.6 -2.69695 18
    endloop
  endfacet
  facet normal 0 0 1
    outer loop
      vertex 29.7001 0.912355 18
      vertex 31.2829 2.97507 18
      vertex 30.875 3.24759 18
    endloop
  endfacet
  facet normal -0 0 1
    outer loop
      vertex 30.1402 -0.150105 18
      vertex 31.6 -2.69695 18
      vertex 30.15 0 18
    endloop
  endfacet
  facet normal 0 0 1
    outer loop
      vertex 29.575 0.995929 18
      vertex 30.875 3.24759 18
      vertex 30.4351 3.46455 18
    endloop
  endfacet
  facet normal -0 0 1
    outer loop
      vertex 30.1108 -0.297642 18
      vertex 31.6 -2.69695 18
      vertex 30.1402 -0.150105 18
    endloop
  endfacet
  facet normal -0 0 1
    outer loop
      vertex 30.0625 -0.440085 18
      vertex 31.6 -2.69695 18
      vertex 30.1108 -0.297642 18
    endloop
  endfacet
  facet normal 0 0 1
    outer loop
      vertex 31.6 2.69695 18
      vertex 30.1402 0.150105 18
      vertex 30.15 0 18
    endloop
  endfacet
  facet normal 0 0 1
    outer loop
      vertex 31.6 2.69695 18
      vertex 30.1108 0.297642 18
      vertex 30.1402 0.150105 18
    endloop
  endfacet
  facet normal 0 0 1
    outer loop
      vertex 31.6 2.69695 18
      vertex 30.0625 0.440085 18
      vertex 30.1108 0.297642 18
    endloop
  endfacet
  facet normal 0 0 1
    outer loop
      vertex 31.6 2.69695 18
      vertex 29.9959 0.575 18
      vertex 30.0625 0.440085 18
    endloop
  endfacet
  facet normal 0 0 1
    outer loop
      vertex 29.4401 1.06246 18
      vertex 30.4351 3.46455 18
      vertex 29.9706 3.62222 18
    endloop
  endfacet
  facet normal 0 0 1
    outer loop
      vertex 31.6 2.69695 18
      vertex 29.9124 0.700075 18
      vertex 29.9959 0.575 18
    endloop
  endfacet
  facet normal 0 0 1
    outer loop
      vertex 31.6 2.69695 18
      vertex 29.8132 0.813172 18
      vertex 29.9124 0.700075 18
    endloop
  endfacet
  facet normal 0 0 1
    outer loop
      vertex 31.6 2.69695 18
      vertex 29.7001 0.912355 18
      vertex 29.8132 0.813172 18
    endloop
  endfacet
  facet normal 0 0 1
    outer loop
      vertex 30.875 3.24759 18
      vertex 29.575 0.995929 18
      vertex 29.7001 0.912355 18
    endloop
  endfacet
  facet normal 0 0 1
    outer loop
      vertex 29.2976 1.11081 18
      vertex 29.9706 3.62222 18
      vertex 29.4895 3.71792 18
    endloop
  endfacet
  facet normal 0 0 1
    outer loop
      vertex 30.4351 3.46455 18
      vertex 29.4401 1.06246 18
      vertex 29.575 0.995929 18
    endloop
  endfacet
  facet normal 0 0 1
    outer loop
      vertex 29.9706 3.62222 18
      vertex 29.2976 1.11081 18
      vertex 29.4401 1.06246 18
    endloop
  endfacet
  facet normal 0 0 1
    outer loop
      vertex 29.4895 3.71792 18
      vertex 29.1501 1.14016 18
      vertex 29.2976 1.11081 18
    endloop
  endfacet
  facet normal 0 0 1
    outer loop
      vertex 29 3.75 18
      vertex 29.1501 1.14016 18
      vertex 29.4895 3.71792 18
    endloop
  endfacet
  facet normal 0 0 1
    outer loop
      vertex 29 3.75 18
      vertex 29 1.15 18
      vertex 29.1501 1.14016 18
    endloop
  endfacet
  facet normal 0 0 1
    outer loop
      vertex 29 3.75 18
      vertex 28.8499 1.14016 18
      vertex 29 1.15 18
    endloop
  endfacet
  facet normal -0 0 1
    outer loop
      vertex 28.5105 3.71792 18
      vertex 28.8499 1.14016 18
      vertex 29 3.75 18
    endloop
  endfacet
  facet normal 0 0 1
    outer loop
      vertex 28.8499 1.14016 18
      vertex 28.5105 3.71792 18
      vertex 28.7024 1.11081 18
    endloop
  endfacet
  facet normal -0 0 1
    outer loop
      vertex 28.0294 3.62222 18
      vertex 28.7024 1.11081 18
      vertex 28.5105 3.71792 18
    endloop
  endfacet
  facet normal 0 0 1
    outer loop
      vertex 28.7024 1.11081 18
      vertex 28.0294 3.62222 18
      vertex 28.5599 1.06246 18
    endloop
  endfacet
  facet normal -0 0 1
    outer loop
      vertex 27.5649 3.46455 18
      vertex 28.5599 1.06246 18
      vertex 28.0294 3.62222 18
    endloop
  endfacet
  facet normal 0 0 1
    outer loop
      vertex 28.5599 1.06246 18
      vertex 27.5649 3.46455 18
      vertex 28.425 0.995929 18
    endloop
  endfacet
  facet normal -0 0 1
    outer loop
      vertex 27.125 3.24759 18
      vertex 28.425 0.995929 18
      vertex 27.5649 3.46455 18
    endloop
  endfacet
  facet normal 0 0 1
    outer loop
      vertex 28.425 0.995929 18
      vertex 27.125 3.24759 18
      vertex 28.2999 0.912355 18
    endloop
  endfacet
  facet normal -0 0 1
    outer loop
      vertex 26.7171 2.97507 18
      vertex 28.2999 0.912355 18
      vertex 27.125 3.24759 18
    endloop
  endfacet
  facet normal 0 0 1
    outer loop
      vertex 28.2999 0.912355 18
      vertex 26.7171 2.97507 18
      vertex 28.1868 0.813172 18
    endloop
  endfacet
  facet normal -0 0 1
    outer loop
      vertex 26.3483 2.65165 18
      vertex 28.1868 0.813172 18
      vertex 26.7171 2.97507 18
    endloop
  endfacet
  facet normal 0 0 1
    outer loop
      vertex 28.1868 0.813172 18
      vertex 26.3483 2.65165 18
      vertex 28.0876 0.700075 18
    endloop
  endfacet
  facet normal -0 0 1
    outer loop
      vertex 26.0249 2.28286 18
      vertex 28.0876 0.700075 18
      vertex 26.3483 2.65165 18
    endloop
  endfacet
  facet normal 0 0 1
    outer loop
      vertex 28.0876 0.700075 18
      vertex 26.0249 2.28286 18
      vertex 28.0041 0.575 18
    endloop
  endfacet
  facet normal 0 0 1
    outer loop
      vertex 31.5659 18.8588 18
      vertex 34 19 18
      vertex 33.9743 19.3916 18
    endloop
  endfacet
  facet normal 0 0 1
    outer loop
      vertex 34 19 18
      vertex 31.6 2.69695 18
      vertex 34 -19 18
    endloop
  endfacet
  facet normal 0 0 1
    outer loop
      vertex 31.5239 18.9827 18
      vertex 33.9743 19.3916 18
      vertex 33.8978 19.7765 18
    endloop
  endfacet
  facet normal -0 0 1
    outer loop
      vertex 31.6 -2.69695 18
      vertex 34 -19 18
      vertex 31.6 2.69695 18
    endloop
  endfacet
  facet normal 0 0 1
    outer loop
      vertex 31.5239 18.9827 18
      vertex 33.8978 19.7765 18
      vertex 33.7716 20.1481 18
    endloop
  endfacet
  facet normal -0 0 1
    outer loop
      vertex 31.6 -18.6 18
      vertex 34 -19 18
      vertex 31.6 -2.69695 18
    endloop
  endfacet
  facet normal 0 0 1
    outer loop
      vertex 31.466 19.1 18
      vertex 33.7716 20.1481 18
      vertex 33.5981 20.5 18
    endloop
  endfacet
  facet normal -0 0 1
    outer loop
      vertex 31.5914 -18.7305 18
      vertex 34 -19 18
      vertex 31.6 -18.6 18
    endloop
  endfacet
  facet normal 0 0 1
    outer loop
      vertex 31.3933 19.2088 18
      vertex 33.5981 20.5 18
      vertex 33.3801 20.8263 18
    endloop
  endfacet
  facet normal -0 0 1
    outer loop
      vertex 31.5659 -18.8588 18
      vertex 34 -19 18
      vertex 31.5914 -18.7305 18
    endloop
  endfacet
  facet normal 0 0 1
    outer loop
      vertex 31.3071 19.3071 18
      vertex 33.3801 20.8263 18
      vertex 33.1213 21.1213 18
    endloop
  endfacet
  facet normal 0 0 1
    outer loop
      vertex 34 -19 18
      vertex 31.5659 -18.8588 18
      vertex 33.9743 -19.3916 18
    endloop
  endfacet
  facet normal 0 0 1
    outer loop
      vertex 31.3071 19.3071 18
      vertex 33.1213 21.1213 18
      vertex 32.8263 21.3801 18
    endloop
  endfacet
  facet normal -0 0 1
    outer loop
      vertex 31.5239 -18.9827 18
      vertex 33.9743 -19.3916 18
      vertex 31.5659 -18.8588 18
    endloop
  endfacet
  facet normal 0 0 1
    outer loop
      vertex 31.2088 19.3933 18
      vertex 32.8263 21.3801 18
      vertex 32.5 21.5981 18
    endloop
  endfacet
  facet normal 0 0 1
    outer loop
      vertex 33.9743 -19.3916 18
      vertex 31.5239 -18.9827 18
      vertex 33.8978 -19.7765 18
    endloop
  endfacet
  facet normal 0 0 1
    outer loop
      vertex 31.1 19.466 18
      vertex 32.5 21.5981 18
      vertex 32.1481 21.7716 18
    endloop
  endfacet
  facet normal 0 0 1
    outer loop
      vertex 33.8978 -19.7765 18
      vertex 31.5239 -18.9827 18
      vertex 33.7716 -20.1481 18
    endloop
  endfacet
  facet normal 0 0 1
    outer loop
      vertex 30.9827 19.5239 18
      vertex 32.1481 21.7716 18
      vertex 31.7765 21.8978 18
    endloop
  endfacet
  facet normal -0 0 1
    outer loop
      vertex 31.466 -19.1 18
      vertex 33.7716 -20.1481 18
      vertex 31.5239 -18.9827 18
    endloop
  endfacet
  facet normal 0 0 1
    outer loop
      vertex 34 19 18
      vertex 31.6 18.6 18
      vertex 31.6 2.69695 18
    endloop
  endfacet
  facet normal 0 0 1
    outer loop
      vertex 34 19 18
      vertex 31.5914 18.7305 18
      vertex 31.6 18.6 18
    endloop
  endfacet
  facet normal 0 0 1
    outer loop
      vertex 34 19 18
      vertex 31.5659 18.8588 18
      vertex 31.5914 18.7305 18
    endloop
  endfacet
  facet normal 0 0 1
    outer loop
      vertex 33.9743 19.3916 18
      vertex 31.5239 18.9827 18
      vertex 31.5659 18.8588 18
    endloop
  endfacet
  facet normal 0 0 1
    outer loop
      vertex 33.7716 20.1481 18
      vertex 31.466 19.1 18
      vertex 31.5239 18.9827 18
    endloop
  endfacet
  facet normal 0 0 1
    outer loop
      vertex 33.5981 20.5 18
      vertex 31.3933 19.2088 18
      vertex 31.466 19.1 18
    endloop
  endfacet
  facet normal 0 0 1
    outer loop
      vertex 30.9827 19.5239 18
      vertex 31.7765 21.8978 18
      vertex 31.3916 21.9743 18
    endloop
  endfacet
  facet normal 0 0 1
    outer loop
      vertex 33.3801 20.8263 18
      vertex 31.3071 19.3071 18
      vertex 31.3933 19.2088 18
    endloop
  endfacet
  facet normal 0 0 1
    outer loop
      vertex 32.8263 21.3801 18
      vertex 31.2088 19.3933 18
      vertex 31.3071 19.3071 18
    endloop
  endfacet
  facet normal 0 0 1
    outer loop
      vertex 32.5 21.5981 18
      vertex 31.1 19.466 18
      vertex 31.2088 19.3933 18
    endloop
  endfacet
  facet normal 0 0 1
    outer loop
      vertex 30.8588 19.5659 18
      vertex 31.3916 21.9743 18
      vertex 31 22 18
    endloop
  endfacet
  facet normal 0 0 1
    outer loop
      vertex 32.1481 21.7716 18
      vertex 30.9827 19.5239 18
      vertex 31.1 19.466 18
    endloop
  endfacet
  facet normal 0 0 1
    outer loop
      vertex 31.3916 21.9743 18
      vertex 30.8588 19.5659 18
      vertex 30.9827 19.5239 18
    endloop
  endfacet
  facet normal 0 0 1
    outer loop
      vertex 31 22 18
      vertex 30.7305 19.5914 18
      vertex 30.8588 19.5659 18
    endloop
  endfacet
  facet normal 0 0 1
    outer loop
      vertex 31 22 18
      vertex 30.6 19.6 18
      vertex 30.7305 19.5914 18
    endloop
  endfacet
  facet normal 0 0 1
    outer loop
      vertex 31 22 18
      vertex -30.6 19.6 18
      vertex 30.6 19.6 18
    endloop
  endfacet
  facet normal -0 0 1
    outer loop
      vertex -31 22 18
      vertex -30.6 19.6 18
      vertex 31 22 18
    endloop
  endfacet
  facet normal 0 0 1
    outer loop
      vertex -31 22 18
      vertex -30.7305 19.5914 18
      vertex -30.6 19.6 18
    endloop
  endfacet
  facet normal 0 0 1
    outer loop
      vertex -31 22 18
      vertex -30.8588 19.5659 18
      vertex -30.7305 19.5914 18
    endloop
  endfacet
  facet normal -0 0 1
    outer loop
      vertex -31.3916 21.9743 18
      vertex -30.8588 19.5659 18
      vertex -31 22 18
    endloop
  endfacet
  facet normal 0 0 1
    outer loop
      vertex -30.8588 19.5659 18
      vertex -31.3916 21.9743 18
      vertex -30.9827 19.5239 18
    endloop
  endfacet
  facet normal -0 0 1
    outer loop
      vertex -31.7765 21.8978 18
      vertex -30.9827 19.5239 18
      vertex -31.3916 21.9743 18
    endloop
  endfacet
  facet normal -0 0 1
    outer loop
      vertex -32.1481 21.7716 18
      vertex -30.9827 19.5239 18
      vertex -31.7765 21.8978 18
    endloop
  endfacet
  facet normal 0 0 1
    outer loop
      vertex -30.9827 19.5239 18
      vertex -32.1481 21.7716 18
      vertex -31.1 19.466 18
    endloop
  endfacet
  facet normal -0 0 1
    outer loop
      vertex -32.5 21.5981 18
      vertex -31.1 19.466 18
      vertex -32.1481 21.7716 18
    endloop
  endfacet
  facet normal 0 0 1
    outer loop
      vertex -31.1 19.466 18
      vertex -32.5 21.5981 18
      vertex -31.2088 19.3933 18
    endloop
  endfacet
  facet normal -0 0 1
    outer loop
      vertex -32.8263 21.3801 18
      vertex -31.2088 19.3933 18
      vertex -32.5 21.5981 18
    endloop
  endfacet
  facet normal 0 0 1
    outer loop
      vertex -31.2088 19.3933 18
      vertex -32.8263 21.3801 18
      vertex -31.3071 19.3071 18
    endloop
  endfacet
  facet normal -0 0 1
    outer loop
      vertex -33.1213 21.1213 18
      vertex -31.3071 19.3071 18
      vertex -32.8263 21.3801 18
    endloop
  endfacet
  facet normal -0 0 1
    outer loop
      vertex -33.3801 20.8263 18
      vertex -31.3071 19.3071 18
      vertex -33.1213 21.1213 18
    endloop
  endfacet
  facet normal 0 0 1
    outer loop
      vertex -34 19 18
      vertex -31.6 2.69695 18
      vertex -31.6 18.6 18
    endloop
  endfacet
  facet normal 0 0 1
    outer loop
      vertex -31.6 2.69695 18
      vertex -34 19 18
      vertex -31.6 -2.69695 18
    endloop
  endfacet
  facet normal -0 0 1
    outer loop
      vertex -33.5981 20.5 18
      vertex -31.3933 19.2088 18
      vertex -33.3801 20.8263 18
    endloop
  endfacet
  facet normal 0 0 1
    outer loop
      vertex -31.3071 19.3071 18
      vertex -33.3801 20.8263 18
      vertex -31.3933 19.2088 18
    endloop
  endfacet
  facet normal 0 0 1
    outer loop
      vertex 33.7716 -20.1481 18
      vertex 31.466 -19.1 18
      vertex 33.5981 -20.5 18
    endloop
  endfacet
  facet normal -0 0 1
    outer loop
      vertex 31.3933 -19.2088 18
      vertex 33.5981 -20.5 18
      vertex 31.466 -19.1 18
    endloop
  endfacet
  facet normal 0 0 1
    outer loop
      vertex 33.5981 -20.5 18
      vertex 31.3933 -19.2088 18
      vertex 33.3801 -20.8263 18
    endloop
  endfacet
  facet normal -0 0 1
    outer loop
      vertex 31.3071 -19.3071 18
      vertex 33.3801 -20.8263 18
      vertex 31.3933 -19.2088 18
    endloop
  endfacet
  facet normal 0 0 1
    outer loop
      vertex 33.3801 -20.8263 18
      vertex 31.3071 -19.3071 18
      vertex 33.1213 -21.1213 18
    endloop
  endfacet
  facet normal 0 0 1
    outer loop
      vertex 33.1213 -21.1213 18
      vertex 31.3071 -19.3071 18
      vertex 32.8263 -21.3801 18
    endloop
  endfacet
  facet normal -0 0 1
    outer loop
      vertex 31.2088 -19.3933 18
      vertex 32.8263 -21.3801 18
      vertex 31.3071 -19.3071 18
    endloop
  endfacet
  facet normal 0 0 1
    outer loop
      vertex 32.8263 -21.3801 18
      vertex 31.2088 -19.3933 18
      vertex 32.5 -21.5981 18
    endloop
  endfacet
  facet normal -0 0 1
    outer loop
      vertex 31.1 -19.466 18
      vertex 32.5 -21.5981 18
      vertex 31.2088 -19.3933 18
    endloop
  endfacet
  facet normal 0 0 1
    outer loop
      vertex 32.5 -21.5981 18
      vertex 31.1 -19.466 18
      vertex 32.1481 -21.7716 18
    endloop
  endfacet
  facet normal -0 0 1
    outer loop
      vertex 30.9827 -19.5239 18
      vertex 32.1481 -21.7716 18
      vertex 31.1 -19.466 18
    endloop
  endfacet
  facet normal 0 0 1
    outer loop
      vertex 32.1481 -21.7716 18
      vertex 30.9827 -19.5239 18
      vertex 31.7765 -21.8978 18
    endloop
  endfacet
  facet normal 0 0 1
    outer loop
      vertex 31.7765 -21.8978 18
      vertex 30.9827 -19.5239 18
      vertex 31.3916 -21.9743 18
    endloop
  endfacet
  facet normal -0 0 1
    outer loop
      vertex 30.8588 -19.5659 18
      vertex 31.3916 -21.9743 18
      vertex 30.9827 -19.5239 18
    endloop
  endfacet
  facet normal 0 0 1
    outer loop
      vertex 31.3916 -21.9743 18
      vertex 30.8588 -19.5659 18
      vertex 31 -22 18
    endloop
  endfacet
  facet normal -0 0 1
    outer loop
      vertex 30.7305 -19.5914 18
      vertex 31 -22 18
      vertex 30.8588 -19.5659 18
    endloop
  endfacet
  facet normal -0 0 1
    outer loop
      vertex 30.6 -19.6 18
      vertex 31 -22 18
      vertex 30.7305 -19.5914 18
    endloop
  endfacet
  facet normal -0 0 1
    outer loop
      vertex -30.6 -19.6 18
      vertex 31 -22 18
      vertex 30.6 -19.6 18
    endloop
  endfacet
  facet normal 0 0 1
    outer loop
      vertex -30.6 -19.6 18
      vertex -31 -22 18
      vertex 31 -22 18
    endloop
  endfacet
  facet normal 0 0 1
    outer loop
      vertex -30.7305 -19.5914 18
      vertex -31 -22 18
      vertex -30.6 -19.6 18
    endloop
  endfacet
  facet normal 0 0 1
    outer loop
      vertex -30.8588 -19.5659 18
      vertex -31 -22 18
      vertex -30.7305 -19.5914 18
    endloop
  endfacet
  facet normal 0 0 1
    outer loop
      vertex -31.3916 -21.9743 18
      vertex -30.8588 -19.5659 18
      vertex -30.9827 -19.5239 18
    endloop
  endfacet
  facet normal 0 0 1
    outer loop
      vertex -32.1481 -21.7716 18
      vertex -30.9827 -19.5239 18
      vertex -31.1 -19.466 18
    endloop
  endfacet
  facet normal 0 0 1
    outer loop
      vertex -32.5 -21.5981 18
      vertex -31.1 -19.466 18
      vertex -31.2088 -19.3933 18
    endloop
  endfacet
  facet normal 0 0 1
    outer loop
      vertex -32.8263 -21.3801 18
      vertex -31.2088 -19.3933 18
      vertex -31.3071 -19.3071 18
    endloop
  endfacet
  facet normal 0 0 1
    outer loop
      vertex -30.8588 -19.5659 18
      vertex -31.3916 -21.9743 18
      vertex -31 -22 18
    endloop
  endfacet
  facet normal 0 0 1
    outer loop
      vertex -33.3801 -20.8263 18
      vertex -31.3071 -19.3071 18
      vertex -31.3933 -19.2088 18
    endloop
  endfacet
  facet normal 0 0 1
    outer loop
      vertex -33.5981 -20.5 18
      vertex -31.3933 -19.2088 18
      vertex -31.466 -19.1 18
    endloop
  endfacet
  facet normal 0 0 1
    outer loop
      vertex -33.7716 -20.1481 18
      vertex -31.466 -19.1 18
      vertex -31.5239 -18.9827 18
    endloop
  endfacet
  facet normal 0 0 1
    outer loop
      vertex -33.9743 -19.3916 18
      vertex -31.5239 -18.9827 18
      vertex -31.5659 -18.8588 18
    endloop
  endfacet
  facet normal 0 0 1
    outer loop
      vertex -34 -19 18
      vertex -31.5659 -18.8588 18
      vertex -31.5914 -18.7305 18
    endloop
  endfacet
  facet normal 0 0 1
    outer loop
      vertex -34 -19 18
      vertex -31.5914 -18.7305 18
      vertex -31.6 -18.6 18
    endloop
  endfacet
  facet normal 0 0 1
    outer loop
      vertex -30.9827 -19.5239 18
      vertex -31.7765 -21.8978 18
      vertex -31.3916 -21.9743 18
    endloop
  endfacet
  facet normal 0 0 1
    outer loop
      vertex -34 -19 18
      vertex -31.6 -2.69695 18
      vertex -34 19 18
    endloop
  endfacet
  facet normal 0 0 1
    outer loop
      vertex -31.3933 19.2088 18
      vertex -33.5981 20.5 18
      vertex -31.466 19.1 18
    endloop
  endfacet
  facet normal 0 0 1
    outer loop
      vertex -31.6 -2.69695 18
      vertex -34 -19 18
      vertex -31.6 -18.6 18
    endloop
  endfacet
  facet normal -0 0 1
    outer loop
      vertex -33.7716 20.1481 18
      vertex -31.466 19.1 18
      vertex -33.5981 20.5 18
    endloop
  endfacet
  facet normal 0 0 1
    outer loop
      vertex -31.5659 -18.8588 18
      vertex -34 -19 18
      vertex -33.9743 -19.3916 18
    endloop
  endfacet
  facet normal 0 0 1
    outer loop
      vertex -31.466 19.1 18
      vertex -33.7716 20.1481 18
      vertex -31.5239 18.9827 18
    endloop
  endfacet
  facet normal 0 0 1
    outer loop
      vertex -30.9827 -19.5239 18
      vertex -32.1481 -21.7716 18
      vertex -31.7765 -21.8978 18
    endloop
  endfacet
  facet normal -0 0 1
    outer loop
      vertex -33.8978 19.7765 18
      vertex -31.5239 18.9827 18
      vertex -33.7716 20.1481 18
    endloop
  endfacet
  facet normal 0 0 1
    outer loop
      vertex -31.1 -19.466 18
      vertex -32.5 -21.5981 18
      vertex -32.1481 -21.7716 18
    endloop
  endfacet
  facet normal -0 0 1
    outer loop
      vertex -33.9743 19.3916 18
      vertex -31.5239 18.9827 18
      vertex -33.8978 19.7765 18
    endloop
  endfacet
  facet normal 0 0 1
    outer loop
      vertex -31.2088 -19.3933 18
      vertex -32.8263 -21.3801 18
      vertex -32.5 -21.5981 18
    endloop
  endfacet
  facet normal 0 0 1
    outer loop
      vertex -31.5239 18.9827 18
      vertex -33.9743 19.3916 18
      vertex -31.5659 18.8588 18
    endloop
  endfacet
  facet normal 0 0 1
    outer loop
      vertex -31.3071 -19.3071 18
      vertex -33.1213 -21.1213 18
      vertex -32.8263 -21.3801 18
    endloop
  endfacet
  facet normal -0 0 1
    outer loop
      vertex -34 19 18
      vertex -31.5659 18.8588 18
      vertex -33.9743 19.3916 18
    endloop
  endfacet
  facet normal 0 0 1
    outer loop
      vertex -31.3071 -19.3071 18
      vertex -33.3801 -20.8263 18
      vertex -33.1213 -21.1213 18
    endloop
  endfacet
  facet normal 0 0 1
    outer loop
      vertex -31.5659 18.8588 18
      vertex -34 19 18
      vertex -31.5914 18.7305 18
    endloop
  endfacet
  facet normal 0 0 1
    outer loop
      vertex -31.3933 -19.2088 18
      vertex -33.5981 -20.5 18
      vertex -33.3801 -20.8263 18
    endloop
  endfacet
  facet normal 0 0 1
    outer loop
      vertex -31.5914 18.7305 18
      vertex -34 19 18
      vertex -31.6 18.6 18
    endloop
  endfacet
  facet normal 0 0 1
    outer loop
      vertex -31.466 -19.1 18
      vertex -33.7716 -20.1481 18
      vertex -33.5981 -20.5 18
    endloop
  endfacet
  facet normal 0 0 1
    outer loop
      vertex -31.5239 -18.9827 18
      vertex -33.8978 -19.7765 18
      vertex -33.7716 -20.1481 18
    endloop
  endfacet
  facet normal 0 0 1
    outer loop
      vertex -31.5239 -18.9827 18
      vertex -33.9743 -19.3916 18
      vertex -33.8978 -19.7765 18
    endloop
  endfacet
  facet normal -0 0 1
    outer loop
      vertex 29.9959 -0.575 18
      vertex 31.6 -2.69695 18
      vertex 30.0625 -0.440085 18
    endloop
  endfacet
  facet normal -0 0 1
    outer loop
      vertex 29.9124 -0.700075 18
      vertex 31.6 -2.69695 18
      vertex 29.9959 -0.575 18
    endloop
  endfacet
  facet normal -0 0 1
    outer loop
      vertex 29.8132 -0.813172 18
      vertex 31.6 -2.69695 18
      vertex 29.9124 -0.700075 18
    endloop
  endfacet
  facet normal -0 0 1
    outer loop
      vertex 29.7001 -0.912355 18
      vertex 31.6 -2.69695 18
      vertex 29.8132 -0.813172 18
    endloop
  endfacet
  facet normal 0 0 1
    outer loop
      vertex 31.6 -2.69695 18
      vertex 29.7001 -0.912355 18
      vertex 31.2829 -2.97507 18
    endloop
  endfacet
  facet normal 0 0 1
    outer loop
      vertex 31.2829 -2.97507 18
      vertex 29.7001 -0.912355 18
      vertex 30.875 -3.24759 18
    endloop
  endfacet
  facet normal -0 0 1
    outer loop
      vertex 29.575 -0.995929 18
      vertex 30.875 -3.24759 18
      vertex 29.7001 -0.912355 18
    endloop
  endfacet
  facet normal 0 0 1
    outer loop
      vertex 30.875 -3.24759 18
      vertex 29.575 -0.995929 18
      vertex 30.4351 -3.46455 18
    endloop
  endfacet
  facet normal -0 0 1
    outer loop
      vertex 29.4401 -1.06246 18
      vertex 30.4351 -3.46455 18
      vertex 29.575 -0.995929 18
    endloop
  endfacet
  facet normal 0 0 1
    outer loop
      vertex 30.4351 -3.46455 18
      vertex 29.4401 -1.06246 18
      vertex 29.9706 -3.62222 18
    endloop
  endfacet
  facet normal -0 0 1
    outer loop
      vertex 29.2976 -1.11081 18
      vertex 29.9706 -3.62222 18
      vertex 29.4401 -1.06246 18
    endloop
  endfacet
  facet normal 0 0 1
    outer loop
      vertex 29.9706 -3.62222 18
      vertex 29.2976 -1.11081 18
      vertex 29.4895 -3.71792 18
    endloop
  endfacet
  facet normal -0 0 1
    outer loop
      vertex 29.1501 -1.14016 18
      vertex 29.4895 -3.71792 18
      vertex 29.2976 -1.11081 18
    endloop
  endfacet
  facet normal -0 0 1
    outer loop
      vertex 29 -1.15 18
      vertex 29.4895 -3.71792 18
      vertex 29.1501 -1.14016 18
    endloop
  endfacet
  facet normal 0 0 1
    outer loop
      vertex 29 -1.15 18
      vertex 29 -3.75 18
      vertex 29.4895 -3.71792 18
    endloop
  endfacet
  facet normal 0 0 1
    outer loop
      vertex 28.8499 -1.14016 18
      vertex 29 -3.75 18
      vertex 29 -1.15 18
    endloop
  endfacet
  facet normal 0 0 1
    outer loop
      vertex 28.5105 -3.71792 18
      vertex 28.8499 -1.14016 18
      vertex 28.7024 -1.11081 18
    endloop
  endfacet
  facet normal 0 0 1
    outer loop
      vertex 28.0294 -3.62222 18
      vertex 28.7024 -1.11081 18
      vertex 28.5599 -1.06246 18
    endloop
  endfacet
  facet normal 0 0 1
    outer loop
      vertex 28.8499 -1.14016 18
      vertex 28.5105 -3.71792 18
      vertex 29 -3.75 18
    endloop
  endfacet
  facet normal 0 0 1
    outer loop
      vertex 27.5649 -3.46455 18
      vertex 28.5599 -1.06246 18
      vertex 28.425 -0.995929 18
    endloop
  endfacet
  facet normal 0 0 1
    outer loop
      vertex 27.125 -3.24759 18
      vertex 28.425 -0.995929 18
      vertex 28.2999 -0.912355 18
    endloop
  endfacet
  facet normal 0 0 1
    outer loop
      vertex 26.7171 -2.97507 18
      vertex 28.2999 -0.912355 18
      vertex 28.1868 -0.813172 18
    endloop
  endfacet
  facet normal 0 0 1
    outer loop
      vertex 26.3483 -2.65165 18
      vertex 28.1868 -0.813172 18
      vertex 28.0876 -0.700075 18
    endloop
  endfacet
  facet normal 0 0 1
    outer loop
      vertex 28.7024 -1.11081 18
      vertex 28.0294 -3.62222 18
      vertex 28.5105 -3.71792 18
    endloop
  endfacet
  facet normal 0 0 1
    outer loop
      vertex 26.0249 -2.28286 18
      vertex 28.0876 -0.700075 18
      vertex 28.0041 -0.575 18
    endloop
  endfacet
  facet normal 0 0 1
    outer loop
      vertex 25.7524 -1.875 18
      vertex 28.0041 -0.575 18
      vertex 27.9375 -0.440085 18
    endloop
  endfacet
  facet normal 0 0 1
    outer loop
      vertex 25.5354 -1.43506 18
      vertex 27.9375 -0.440085 18
      vertex 27.8892 -0.297642 18
    endloop
  endfacet
  facet normal 0 0 1
    outer loop
      vertex 25.3778 -0.970571 18
      vertex 27.8892 -0.297642 18
      vertex 27.8598 -0.150105 18
    endloop
  endfacet
  facet normal 0 0 1
    outer loop
      vertex 25.2821 -0.489472 18
      vertex 27.8598 -0.150105 18
      vertex 27.85 0 18
    endloop
  endfacet
  facet normal -0 0 1
    outer loop
      vertex 25.7524 1.875 18
      vertex 28.0041 0.575 18
      vertex 26.0249 2.28286 18
    endloop
  endfacet
  facet normal 0 0 1
    outer loop
      vertex 28.5599 -1.06246 18
      vertex 27.5649 -3.46455 18
      vertex 28.0294 -3.62222 18
    endloop
  endfacet
  facet normal 0 0 1
    outer loop
      vertex 28.0041 0.575 18
      vertex 25.7524 1.875 18
      vertex 27.9375 0.440085 18
    endloop
  endfacet
  facet normal 0 0 1
    outer loop
      vertex 28.425 -0.995929 18
      vertex 27.125 -3.24759 18
      vertex 27.5649 -3.46455 18
    endloop
  endfacet
  facet normal -0 0 1
    outer loop
      vertex 25.5354 1.43506 18
      vertex 27.9375 0.440085 18
      vertex 25.7524 1.875 18
    endloop
  endfacet
  facet normal 0 0 1
    outer loop
      vertex 28.2999 -0.912355 18
      vertex 26.7171 -2.97507 18
      vertex 27.125 -3.24759 18
    endloop
  endfacet
  facet normal 0 0 1
    outer loop
      vertex 27.9375 0.440085 18
      vertex 25.5354 1.43506 18
      vertex 27.8892 0.297642 18
    endloop
  endfacet
  facet normal 0 0 1
    outer loop
      vertex 28.1868 -0.813172 18
      vertex 26.3483 -2.65165 18
      vertex 26.7171 -2.97507 18
    endloop
  endfacet
  facet normal -0 0 1
    outer loop
      vertex 25.3778 0.970571 18
      vertex 27.8892 0.297642 18
      vertex 25.5354 1.43506 18
    endloop
  endfacet
  facet normal 0 0 1
    outer loop
      vertex 28.0876 -0.700075 18
      vertex 26.0249 -2.28286 18
      vertex 26.3483 -2.65165 18
    endloop
  endfacet
  facet normal 0 0 1
    outer loop
      vertex 27.8892 0.297642 18
      vertex 25.3778 0.970571 18
      vertex 27.8598 0.150105 18
    endloop
  endfacet
  facet normal 0 0 1
    outer loop
      vertex 28.0041 -0.575 18
      vertex 25.7524 -1.875 18
      vertex 26.0249 -2.28286 18
    endloop
  endfacet
  facet normal -0 0 1
    outer loop
      vertex 25.2821 0.489472 18
      vertex 27.8598 0.150105 18
      vertex 25.3778 0.970571 18
    endloop
  endfacet
  facet normal 0 0 1
    outer loop
      vertex 27.9375 -0.440085 18
      vertex 25.5354 -1.43506 18
      vertex 25.7524 -1.875 18
    endloop
  endfacet
  facet normal 0 0 1
    outer loop
      vertex 27.8598 0.150105 18
      vertex 25.2821 0.489472 18
      vertex 27.85 0 18
    endloop
  endfacet
  facet normal 0 0 1
    outer loop
      vertex 27.8892 -0.297642 18
      vertex 25.3778 -0.970571 18
      vertex 25.5354 -1.43506 18
    endloop
  endfacet
  facet normal 0 0 1
    outer loop
      vertex 25.25 0 18
      vertex 27.85 0 18
      vertex 25.2821 0.489472 18
    endloop
  endfacet
  facet normal 0 0 1
    outer loop
      vertex 27.8598 -0.150105 18
      vertex 25.2821 -0.489472 18
      vertex 25.3778 -0.970571 18
    endloop
  endfacet
  facet normal 0 0 1
    outer loop
      vertex 27.85 0 18
      vertex 25.25 0 18
      vertex 25.2821 -0.489472 18
    endloop
  endfacet
  facet normal 0.442211 -0.896911 0
    outer loop
      vertex 32.1481 -21.7716 0
      vertex 32.5 -21.5981 18
      vertex 32.1481 -21.7716 18
    endloop
  endfacet
  facet normal 0.442211 -0.896911 0
    outer loop
      vertex 32.5 -21.5981 18
      vertex 32.1481 -21.7716 0
      vertex 32.5 -21.5981 0
    endloop
  endfacet
  facet normal 0.555523 -0.831501 0
    outer loop
      vertex 32.5 -21.5981 0
      vertex 32.8263 -21.3801 18
      vertex 32.5 -21.5981 18
    endloop
  endfacet
  facet normal 0.555523 -0.831501 0
    outer loop
      vertex 32.8263 -21.3801 18
      vertex 32.5 -21.5981 0
      vertex 32.8263 -21.3801 0
    endloop
  endfacet
  facet normal -0.321039 0.947066 0
    outer loop
      vertex 30.9827 -19.5239 2.4
      vertex 30.8588 -19.5659 18
      vertex 30.9827 -19.5239 18
    endloop
  endfacet
  facet normal -0.321039 0.947066 0
    outer loop
      vertex 30.8588 -19.5659 18
      vertex 30.9827 -19.5239 2.4
      vertex 30.8588 -19.5659 2.4
    endloop
  endfacet
  facet normal 0 1 0
    outer loop
      vertex 30.6 -19.6 18
      vertex 5 -19.6 5
      vertex -30.6 -19.6 18
    endloop
  endfacet
  facet normal 0 1 -0
    outer loop
      vertex 30.6 -19.6 2.4
      vertex 5 -19.6 5
      vertex 30.6 -19.6 18
    endloop
  endfacet
  facet normal 0 1 0
    outer loop
      vertex 5 -19.6 3.2
      vertex 30.6 -19.6 2.4
      vertex -5 -19.6 3.2
    endloop
  endfacet
  facet normal 0 1 0
    outer loop
      vertex 5 -19.6 5
      vertex 30.6 -19.6 2.4
      vertex 5 -19.6 3.2
    endloop
  endfacet
  facet normal 0 1 -0
    outer loop
      vertex -5 -19.6 5
      vertex -30.6 -19.6 18
      vertex 5 -19.6 5
    endloop
  endfacet
  facet normal 0 1 0
    outer loop
      vertex -30.6 -19.6 2.4
      vertex -5 -19.6 5
      vertex -5 -19.6 3.2
    endloop
  endfacet
  facet normal 0 1 0
    outer loop
      vertex -5 -19.6 5
      vertex -30.6 -19.6 2.4
      vertex -30.6 -19.6 18
    endloop
  endfacet
  facet normal 0 1 0
    outer loop
      vertex -30.6 -19.6 2.4
      vertex -5 -19.6 3.2
      vertex 30.6 -19.6 2.4
    endloop
  endfacet
  facet normal -0.19494 0.980815 0
    outer loop
      vertex 30.8588 -19.5659 2.4
      vertex 30.7305 -19.5914 18
      vertex 30.8588 -19.5659 18
    endloop
  endfacet
  facet normal -0.19494 0.980815 0
    outer loop
      vertex 30.7305 -19.5914 18
      vertex 30.8588 -19.5659 2.4
      vertex 30.7305 -19.5914 2.4
    endloop
  endfacet
  facet normal -0.751866 -0.659316 -3.06339e-19
    outer loop
      vertex 31.3933 19.2088 2.4
      vertex 31.3071 19.3071 18
      vertex 31.3071 19.3071 2.4
    endloop
  endfacet
  facet normal -0.751866 -0.659316 -3.06339e-19
    outer loop
      vertex 31.3071 19.3071 18
      vertex 31.3933 19.2088 2.4
      vertex 31.3933 19.2088 18
    endloop
  endfacet
  facet normal -0.0657577 -0.997836 0
    outer loop
      vertex 30.6 19.6 2.4
      vertex 30.7305 19.5914 18
      vertex 30.6 19.6 18
    endloop
  endfacet
  facet normal -0.0657577 -0.997836 -0
    outer loop
      vertex 30.7305 19.5914 18
      vertex 30.6 19.6 2.4
      vertex 30.7305 19.5914 2.4
    endloop
  endfacet
  facet normal -0.0657577 0.997836 0
    outer loop
      vertex 30.7305 -19.5914 2.4
      vertex 30.6 -19.6 18
      vertex 30.7305 -19.5914 18
    endloop
  endfacet
  facet normal -0.0657577 0.997836 0
    outer loop
      vertex 30.6 -19.6 18
      vertex 30.7305 -19.5914 2.4
      vertex 30.6 -19.6 2.4
    endloop
  endfacet
  facet normal 0.896709 0.442621 -4.67883e-23
    outer loop
      vertex -31.466 -19.1 18
      vertex -31.5239 -18.9827 2.4
      vertex -31.5239 -18.9827 18
    endloop
  endfacet
  facet normal 0.896709 0.442621 -4.67883e-23
    outer loop
      vertex -31.5239 -18.9827 2.4
      vertex -31.466 -19.1 18
      vertex -31.466 -19.1 2.4
    endloop
  endfacet
  facet normal 0.0657577 0.997836 -0
    outer loop
      vertex -30.6 -19.6 2.4
      vertex -30.7305 -19.5914 18
      vertex -30.6 -19.6 18
    endloop
  endfacet
  facet normal 0.0657577 0.997836 0
    outer loop
      vertex -30.7305 -19.5914 18
      vertex -30.6 -19.6 2.4
      vertex -30.7305 -19.5914 2.4
    endloop
  endfacet
  facet normal 0.321039 0.947066 -0
    outer loop
      vertex -30.8588 -19.5659 2.4
      vertex -30.9827 -19.5239 18
      vertex -30.8588 -19.5659 18
    endloop
  endfacet
  facet normal 0.321039 0.947066 0
    outer loop
      vertex -30.9827 -19.5239 18
      vertex -30.8588 -19.5659 2.4
      vertex -30.9827 -19.5239 2.4
    endloop
  endfacet
  facet normal 0.659316 -0.751866 0
    outer loop
      vertex -31.3071 19.3071 2.4
      vertex -31.2088 19.3933 18
      vertex -31.3071 19.3071 18
    endloop
  endfacet
  facet normal 0.659316 -0.751866 0
    outer loop
      vertex -31.2088 19.3933 18
      vertex -31.3071 19.3071 2.4
      vertex -31.2088 19.3933 2.4
    endloop
  endfacet
  facet normal 0.896709 -0.442621 4.67883e-23
    outer loop
      vertex -31.5239 18.9827 18
      vertex -31.466 19.1 2.4
      vertex -31.466 19.1 18
    endloop
  endfacet
  facet normal 0.896709 -0.442621 4.67883e-23
    outer loop
      vertex -31.466 19.1 2.4
      vertex -31.5239 18.9827 18
      vertex -31.5239 18.9827 2.4
    endloop
  endfacet
  facet normal 0.442621 -0.896709 0
    outer loop
      vertex -31.1 19.466 2.4
      vertex -30.9827 19.5239 18
      vertex -31.1 19.466 18
    endloop
  endfacet
  facet normal 0.442621 -0.896709 0
    outer loop
      vertex -30.9827 19.5239 18
      vertex -31.1 19.466 2.4
      vertex -30.9827 19.5239 2.4
    endloop
  endfacet
  facet normal -1 0 0
    outer loop
      vertex 31.6 2.69695 2.4
      vertex 31.6 18.6 18
      vertex 31.6 18.6 2.4
    endloop
  endfacet
  facet normal -1 -0 0
    outer loop
      vertex 31.6 18.6 18
      vertex 31.6 2.69695 2.4
      vertex 31.6 2.69695 18
    endloop
  endfacet
  facet normal -1 0 0
    outer loop
      vertex 31.6 -18.6 2.4
      vertex 31.6 -2.69695 18
      vertex 31.6 -2.69695 2.4
    endloop
  endfacet
  facet normal -1 -0 0
    outer loop
      vertex 31.6 -2.69695 18
      vertex 31.6 -18.6 2.4
      vertex 31.6 -18.6 18
    endloop
  endfacet
  facet normal 1 -0 0
    outer loop
      vertex -31.6 -18.6 18
      vertex -31.6 -2.69695 2.4
      vertex -31.6 -2.69695 18
    endloop
  endfacet
  facet normal 1 0 0
    outer loop
      vertex -31.6 -2.69695 2.4
      vertex -31.6 -18.6 18
      vertex -31.6 -18.6 2.4
    endloop
  endfacet
  facet normal 1 -0 0
    outer loop
      vertex -31.6 2.69695 18
      vertex -31.6 18.6 2.4
      vertex -31.6 18.6 18
    endloop
  endfacet
  facet normal 1 0 0
    outer loop
      vertex -31.6 18.6 2.4
      vertex -31.6 2.69695 18
      vertex -31.6 2.69695 2.4
    endloop
  endfacet
  facet normal 0.0657577 -0.997836 0
    outer loop
      vertex -30.7305 19.5914 2.4
      vertex -30.6 19.6 18
      vertex -30.7305 19.5914 18
    endloop
  endfacet
  facet normal 0.0657577 -0.997836 0
    outer loop
      vertex -30.6 19.6 18
      vertex -30.7305 19.5914 2.4
      vertex -30.6 19.6 2.4
    endloop
  endfacet
  facet normal -0.321039 -0.947066 0
    outer loop
      vertex 30.8588 19.5659 2.4
      vertex 30.9827 19.5239 18
      vertex 30.8588 19.5659 18
    endloop
  endfacet
  facet normal -0.321039 -0.947066 -0
    outer loop
      vertex 30.9827 19.5239 18
      vertex 30.8588 19.5659 2.4
      vertex 30.9827 19.5239 2.4
    endloop
  endfacet
  facet normal 0.659316 0.751866 -0
    outer loop
      vertex -31.2088 -19.3933 2.4
      vertex -31.3071 -19.3071 18
      vertex -31.2088 -19.3933 18
    endloop
  endfacet
  facet normal 0.659316 0.751866 0
    outer loop
      vertex -31.3071 -19.3071 18
      vertex -31.2088 -19.3933 2.4
      vertex -31.3071 -19.3071 2.4
    endloop
  endfacet
  facet normal 0.947066 -0.321039 1.25412e-19
    outer loop
      vertex -31.5659 18.8588 18
      vertex -31.5239 18.9827 2.4
      vertex -31.5239 18.9827 18
    endloop
  endfacet
  facet normal 0.947066 -0.321039 1.25412e-19
    outer loop
      vertex -31.5239 18.9827 2.4
      vertex -31.5659 18.8588 18
      vertex -31.5659 18.8588 2.4
    endloop
  endfacet
  facet normal 0.19494 0.980815 -0
    outer loop
      vertex -30.7305 -19.5914 2.4
      vertex -30.8588 -19.5659 18
      vertex -30.7305 -19.5914 18
    endloop
  endfacet
  facet normal 0.19494 0.980815 0
    outer loop
      vertex -30.8588 -19.5659 18
      vertex -30.7305 -19.5914 2.4
      vertex -30.8588 -19.5659 2.4
    endloop
  endfacet
  facet normal 0.751866 -0.659316 3.06339e-19
    outer loop
      vertex -31.3933 19.2088 18
      vertex -31.3071 19.3071 2.4
      vertex -31.3071 19.3071 18
    endloop
  endfacet
  facet normal 0.751866 -0.659316 3.06339e-19
    outer loop
      vertex -31.3071 19.3071 2.4
      vertex -31.3933 19.2088 18
      vertex -31.3933 19.2088 2.4
    endloop
  endfacet
  facet normal -0.980815 0.19494 5.80484e-20
    outer loop
      vertex 31.5659 -18.8588 2.4
      vertex 31.5914 -18.7305 18
      vertex 31.5914 -18.7305 2.4
    endloop
  endfacet
  facet normal -0.980815 0.19494 5.80484e-20
    outer loop
      vertex 31.5914 -18.7305 18
      vertex 31.5659 -18.8588 2.4
      vertex 31.5659 -18.8588 18
    endloop
  endfacet
  facet normal 0.442621 0.896709 -0
    outer loop
      vertex -30.9827 -19.5239 2.4
      vertex -31.1 -19.466 18
      vertex -30.9827 -19.5239 18
    endloop
  endfacet
  facet normal 0.442621 0.896709 0
    outer loop
      vertex -31.1 -19.466 18
      vertex -30.9827 -19.5239 2.4
      vertex -31.1 -19.466 2.4
    endloop
  endfacet
  facet normal 0 -1 0
    outer loop
      vertex -30.6 19.6 18
      vertex -5 19.6 5
      vertex 30.6 19.6 18
    endloop
  endfacet
  facet normal 0 -1 0
    outer loop
      vertex -30.6 19.6 2.4
      vertex -5 19.6 5
      vertex -30.6 19.6 18
    endloop
  endfacet
  facet normal 0 -1 -0
    outer loop
      vertex -5 19.6 3.2
      vertex -30.6 19.6 2.4
      vertex 5 19.6 3.2
    endloop
  endfacet
  facet normal 0 -1 -0
    outer loop
      vertex -5 19.6 5
      vertex -30.6 19.6 2.4
      vertex -5 19.6 3.2
    endloop
  endfacet
  facet normal 0 -1 0
    outer loop
      vertex 5 19.6 5
      vertex 30.6 19.6 18
      vertex -5 19.6 5
    endloop
  endfacet
  facet normal 0 -1 0
    outer loop
      vertex 30.6 19.6 2.4
      vertex 5 19.6 5
      vertex 5 19.6 3.2
    endloop
  endfacet
  facet normal 0 -1 0
    outer loop
      vertex 5 19.6 5
      vertex 30.6 19.6 2.4
      vertex 30.6 19.6 18
    endloop
  endfacet
  facet normal 0 -1 0
    outer loop
      vertex 30.6 19.6 2.4
      vertex 5 19.6 3.2
      vertex -30.6 19.6 2.4
    endloop
  endfacet
  facet normal -0.831462 -0.555582 -2.29411e-19
    outer loop
      vertex 31.466 19.1 2.4
      vertex 31.3933 19.2088 18
      vertex 31.3933 19.2088 2.4
    endloop
  endfacet
  facet normal -0.831462 -0.555582 -2.29411e-19
    outer loop
      vertex 31.3933 19.2088 18
      vertex 31.466 19.1 2.4
      vertex 31.466 19.1 18
    endloop
  endfacet
  facet normal 0.321039 -0.947066 0
    outer loop
      vertex -30.9827 19.5239 2.4
      vertex -30.8588 19.5659 18
      vertex -30.9827 19.5239 18
    endloop
  endfacet
  facet normal 0.321039 -0.947066 0
    outer loop
      vertex -30.8588 19.5659 18
      vertex -30.9827 19.5239 2.4
      vertex -30.8588 19.5659 2.4
    endloop
  endfacet
  facet normal 0.831462 -0.555582 2.29411e-19
    outer loop
      vertex -31.466 19.1 18
      vertex -31.3933 19.2088 2.4
      vertex -31.3933 19.2088 18
    endloop
  endfacet
  facet normal 0.831462 -0.555582 2.29411e-19
    outer loop
      vertex -31.3933 19.2088 2.4
      vertex -31.466 19.1 18
      vertex -31.466 19.1 2.4
    endloop
  endfacet
  facet normal 0.997836 -0.0657577 8.00745e-21
    outer loop
      vertex -31.6 18.6 18
      vertex -31.5914 18.7305 2.4
      vertex -31.5914 18.7305 18
    endloop
  endfacet
  facet normal 0.997836 -0.0657577 8.00745e-21
    outer loop
      vertex -31.5914 18.7305 2.4
      vertex -31.6 18.6 18
      vertex -31.6 18.6 2.4
    endloop
  endfacet
  facet normal 0.555582 0.831462 -0
    outer loop
      vertex -31.1 -19.466 2.4
      vertex -31.2088 -19.3933 18
      vertex -31.1 -19.466 18
    endloop
  endfacet
  facet normal 0.555582 0.831462 0
    outer loop
      vertex -31.2088 -19.3933 18
      vertex -31.1 -19.466 2.4
      vertex -31.2088 -19.3933 2.4
    endloop
  endfacet
  facet normal 0.19494 -0.980815 0
    outer loop
      vertex -30.8588 19.5659 2.4
      vertex -30.7305 19.5914 18
      vertex -30.8588 19.5659 18
    endloop
  endfacet
  facet normal 0.19494 -0.980815 0
    outer loop
      vertex -30.7305 19.5914 18
      vertex -30.8588 19.5659 2.4
      vertex -30.7305 19.5914 2.4
    endloop
  endfacet
  facet normal -0.896709 0.442621 4.67883e-23
    outer loop
      vertex 31.466 -19.1 2.4
      vertex 31.5239 -18.9827 18
      vertex 31.5239 -18.9827 2.4
    endloop
  endfacet
  facet normal -0.896709 0.442621 4.67883e-23
    outer loop
      vertex 31.5239 -18.9827 18
      vertex 31.466 -19.1 2.4
      vertex 31.466 -19.1 18
    endloop
  endfacet
  facet normal -0.659316 0.751866 0
    outer loop
      vertex 31.3071 -19.3071 2.4
      vertex 31.2088 -19.3933 18
      vertex 31.3071 -19.3071 18
    endloop
  endfacet
  facet normal -0.659316 0.751866 0
    outer loop
      vertex 31.2088 -19.3933 18
      vertex 31.3071 -19.3071 2.4
      vertex 31.2088 -19.3933 2.4
    endloop
  endfacet
  facet normal -0.555582 -0.831462 0
    outer loop
      vertex 31.1 19.466 2.4
      vertex 31.2088 19.3933 18
      vertex 31.1 19.466 18
    endloop
  endfacet
  facet normal -0.555582 -0.831462 -0
    outer loop
      vertex 31.2088 19.3933 18
      vertex 31.1 19.466 2.4
      vertex 31.2088 19.3933 2.4
    endloop
  endfacet
  facet normal -0.442621 -0.896709 0
    outer loop
      vertex 30.9827 19.5239 2.4
      vertex 31.1 19.466 18
      vertex 30.9827 19.5239 18
    endloop
  endfacet
  facet normal -0.442621 -0.896709 -0
    outer loop
      vertex 31.1 19.466 18
      vertex 30.9827 19.5239 2.4
      vertex 31.1 19.466 2.4
    endloop
  endfacet
  facet normal -0.947066 -0.321039 -1.25412e-19
    outer loop
      vertex 31.5659 18.8588 2.4
      vertex 31.5239 18.9827 18
      vertex 31.5239 18.9827 2.4
    endloop
  endfacet
  facet normal -0.947066 -0.321039 -1.25412e-19
    outer loop
      vertex 31.5239 18.9827 18
      vertex 31.5659 18.8588 2.4
      vertex 31.5659 18.8588 18
    endloop
  endfacet
  facet normal -0.19494 -0.980815 0
    outer loop
      vertex 30.7305 19.5914 2.4
      vertex 30.8588 19.5659 18
      vertex 30.7305 19.5914 18
    endloop
  endfacet
  facet normal -0.19494 -0.980815 -0
    outer loop
      vertex 30.8588 19.5659 18
      vertex 30.7305 19.5914 2.4
      vertex 30.8588 19.5659 2.4
    endloop
  endfacet
  facet normal -0.997836 -0.0657577 -8.00745e-21
    outer loop
      vertex 31.6 18.6 2.4
      vertex 31.5914 18.7305 18
      vertex 31.5914 18.7305 2.4
    endloop
  endfacet
  facet normal -0.997836 -0.0657577 -8.00745e-21
    outer loop
      vertex 31.5914 18.7305 18
      vertex 31.6 18.6 2.4
      vertex 31.6 18.6 18
    endloop
  endfacet
  facet normal 0.555582 -0.831462 0
    outer loop
      vertex -31.2088 19.3933 2.4
      vertex -31.1 19.466 18
      vertex -31.2088 19.3933 18
    endloop
  endfacet
  facet normal 0.555582 -0.831462 0
    outer loop
      vertex -31.1 19.466 18
      vertex -31.2088 19.3933 2.4
      vertex -31.1 19.466 2.4
    endloop
  endfacet
  facet normal -0.831462 0.555582 2.29411e-19
    outer loop
      vertex 31.3933 -19.2088 2.4
      vertex 31.466 -19.1 18
      vertex 31.466 -19.1 2.4
    endloop
  endfacet
  facet normal -0.831462 0.555582 2.29411e-19
    outer loop
      vertex 31.466 -19.1 18
      vertex 31.3933 -19.2088 2.4
      vertex 31.3933 -19.2088 18
    endloop
  endfacet
  facet normal -0.751866 0.659316 3.06339e-19
    outer loop
      vertex 31.3071 -19.3071 2.4
      vertex 31.3933 -19.2088 18
      vertex 31.3933 -19.2088 2.4
    endloop
  endfacet
  facet normal -0.751866 0.659316 3.06339e-19
    outer loop
      vertex 31.3933 -19.2088 18
      vertex 31.3071 -19.3071 2.4
      vertex 31.3071 -19.3071 18
    endloop
  endfacet
  facet normal 0.997836 0.0657577 -8.00745e-21
    outer loop
      vertex -31.5914 -18.7305 18
      vertex -31.6 -18.6 2.4
      vertex -31.6 -18.6 18
    endloop
  endfacet
  facet normal 0.997836 0.0657577 -8.00745e-21
    outer loop
      vertex -31.6 -18.6 2.4
      vertex -31.5914 -18.7305 18
      vertex -31.5914 -18.7305 2.4
    endloop
  endfacet
  facet normal 0.980815 -0.19494 5.80484e-20
    outer loop
      vertex -31.5914 18.7305 18
      vertex -31.5659 18.8588 2.4
      vertex -31.5659 18.8588 18
    endloop
  endfacet
  facet normal 0.980815 -0.19494 5.80484e-20
    outer loop
      vertex -31.5659 18.8588 2.4
      vertex -31.5914 18.7305 18
      vertex -31.5914 18.7305 2.4
    endloop
  endfacet
  facet normal -0.947066 0.321039 1.25412e-19
    outer loop
      vertex 31.5239 -18.9827 2.4
      vertex 31.5659 -18.8588 18
      vertex 31.5659 -18.8588 2.4
    endloop
  endfacet
  facet normal -0.947066 0.321039 1.25412e-19
    outer loop
      vertex 31.5659 -18.8588 18
      vertex 31.5239 -18.9827 2.4
      vertex 31.5239 -18.9827 18
    endloop
  endfacet
  facet normal -0.659316 -0.751866 0
    outer loop
      vertex 31.2088 19.3933 2.4
      vertex 31.3071 19.3071 18
      vertex 31.2088 19.3933 18
    endloop
  endfacet
  facet normal -0.659316 -0.751866 -0
    outer loop
      vertex 31.3071 19.3071 18
      vertex 31.2088 19.3933 2.4
      vertex 31.3071 19.3071 2.4
    endloop
  endfacet
  facet normal -0.896709 -0.442621 -4.67883e-23
    outer loop
      vertex 31.5239 18.9827 2.4
      vertex 31.466 19.1 18
      vertex 31.466 19.1 2.4
    endloop
  endfacet
  facet normal -0.896709 -0.442621 -4.67883e-23
    outer loop
      vertex 31.466 19.1 18
      vertex 31.5239 18.9827 2.4
      vertex 31.5239 18.9827 18
    endloop
  endfacet
  facet normal -0.980815 -0.19494 -5.80484e-20
    outer loop
      vertex 31.5914 18.7305 2.4
      vertex 31.5659 18.8588 18
      vertex 31.5659 18.8588 2.4
    endloop
  endfacet
  facet normal -0.980815 -0.19494 -5.80484e-20
    outer loop
      vertex 31.5659 18.8588 18
      vertex 31.5914 18.7305 2.4
      vertex 31.5914 18.7305 18
    endloop
  endfacet
  facet normal 0.980815 0.19494 -5.80484e-20
    outer loop
      vertex -31.5659 -18.8588 18
      vertex -31.5914 -18.7305 2.4
      vertex -31.5914 -18.7305 18
    endloop
  endfacet
  facet normal 0.980815 0.19494 -5.80484e-20
    outer loop
      vertex -31.5914 -18.7305 2.4
      vertex -31.5659 -18.8588 18
      vertex -31.5659 -18.8588 2.4
    endloop
  endfacet
  facet normal 0.947066 0.321039 -1.25412e-19
    outer loop
      vertex -31.5239 -18.9827 18
      vertex -31.5659 -18.8588 2.4
      vertex -31.5659 -18.8588 18
    endloop
  endfacet
  facet normal 0.947066 0.321039 -1.25412e-19
    outer loop
      vertex -31.5659 -18.8588 2.4
      vertex -31.5239 -18.9827 18
      vertex -31.5239 -18.9827 2.4
    endloop
  endfacet
  facet normal 0.831462 0.555582 -2.29411e-19
    outer loop
      vertex -31.3933 -19.2088 18
      vertex -31.466 -19.1 2.4
      vertex -31.466 -19.1 18
    endloop
  endfacet
  facet normal 0.831462 0.555582 -2.29411e-19
    outer loop
      vertex -31.466 -19.1 2.4
      vertex -31.3933 -19.2088 18
      vertex -31.3933 -19.2088 2.4
    endloop
  endfacet
  facet normal 0.751866 0.659316 -3.06339e-19
    outer loop
      vertex -31.3071 -19.3071 18
      vertex -31.3933 -19.2088 2.4
      vertex -31.3933 -19.2088 18
    endloop
  endfacet
  facet normal 0.751866 0.659316 -3.06339e-19
    outer loop
      vertex -31.3933 -19.2088 2.4
      vertex -31.3071 -19.3071 18
      vertex -31.3071 -19.3071 2.4
    endloop
  endfacet
  facet normal 0 0 1
    outer loop
      vertex 25.7524 1.875 2.4
      vertex 6.79335 13.8912 2.4
      vertex 25.5354 1.43506 2.4
    endloop
  endfacet
  facet normal 0 0 1
    outer loop
      vertex 25.25 0 2.4
      vertex 6.99144 -14.3695 2.4
      vertex 7 -14.5 2.4
    endloop
  endfacet
  facet normal -0 0 1
    outer loop
      vertex 6.70711 13.7929 2.4
      vertex 25.5354 1.43506 2.4
      vertex 6.79335 13.8912 2.4
    endloop
  endfacet
  facet normal 0 0 1
    outer loop
      vertex 25.25 0 2.4
      vertex 6.96593 -14.2412 2.4
      vertex 6.99144 -14.3695 2.4
    endloop
  endfacet
  facet normal 0 0 1
    outer loop
      vertex 25.5354 1.43506 2.4
      vertex 6.70711 13.7929 2.4
      vertex 25.3778 0.970571 2.4
    endloop
  endfacet
  facet normal 0 0 1
    outer loop
      vertex 25.25 0 2.4
      vertex 6.92387 -14.1173 2.4
      vertex 6.96593 -14.2412 2.4
    endloop
  endfacet
  facet normal -0 0 1
    outer loop
      vertex 6.60876 13.7066 2.4
      vertex 25.3778 0.970571 2.4
      vertex 6.70711 13.7929 2.4
    endloop
  endfacet
  facet normal 0 0 1
    outer loop
      vertex 25.25 0 2.4
      vertex 6.86603 -14 2.4
      vertex 6.92387 -14.1173 2.4
    endloop
  endfacet
  facet normal -0 0 1
    outer loop
      vertex 6.5 13.634 2.4
      vertex 25.3778 0.970571 2.4
      vertex 6.60876 13.7066 2.4
    endloop
  endfacet
  facet normal 0 0 1
    outer loop
      vertex 25.25 0 2.4
      vertex 6.79335 -13.8912 2.4
      vertex 6.86603 -14 2.4
    endloop
  endfacet
  facet normal 0 0 1
    outer loop
      vertex 25.3778 0.970571 2.4
      vertex 6.5 13.634 2.4
      vertex 25.2821 0.489472 2.4
    endloop
  endfacet
  facet normal 0 0 1
    outer loop
      vertex 25.25 0 2.4
      vertex 6.70711 -13.7929 2.4
      vertex 6.79335 -13.8912 2.4
    endloop
  endfacet
  facet normal -0 0 1
    outer loop
      vertex 6.38269 13.5761 2.4
      vertex 25.2821 0.489472 2.4
      vertex 6.5 13.634 2.4
    endloop
  endfacet
  facet normal 0 0 1
    outer loop
      vertex 25.25 0 2.4
      vertex 6.60876 -13.7066 2.4
      vertex 6.70711 -13.7929 2.4
    endloop
  endfacet
  facet normal 0 0 1
    outer loop
      vertex 25.2821 0.489472 2.4
      vertex 6.38269 13.5761 2.4
      vertex 25.25 0 2.4
    endloop
  endfacet
  facet normal 0 0 1
    outer loop
      vertex 25.25 0 2.4
      vertex 6.5 -13.634 2.4
      vertex 6.60876 -13.7066 2.4
    endloop
  endfacet
  facet normal 0 0 1
    outer loop
      vertex 6.38269 -13.5761 2.4
      vertex 25.25 0 2.4
      vertex 6.38269 13.5761 2.4
    endloop
  endfacet
  facet normal 0 0 1
    outer loop
      vertex 25.25 0 2.4
      vertex 6.38269 -13.5761 2.4
      vertex 6.5 -13.634 2.4
    endloop
  endfacet
  facet normal -0 0 1
    outer loop
      vertex 6.25882 13.5341 2.4
      vertex 6.38269 -13.5761 2.4
      vertex 6.38269 13.5761 2.4
    endloop
  endfacet
  facet normal 0 0 1
    outer loop
      vertex 6.25882 13.5341 2.4
      vertex 6.25882 -13.5341 2.4
      vertex 6.38269 -13.5761 2.4
    endloop
  endfacet
  facet normal -0 0 1
    outer loop
      vertex 6.13052 13.5086 2.4
      vertex 6.25882 -13.5341 2.4
      vertex 6.25882 13.5341 2.4
    endloop
  endfacet
  facet normal 0 0 1
    outer loop
      vertex 6.13052 13.5086 2.4
      vertex 6.13052 -13.5086 2.4
      vertex 6.25882 -13.5341 2.4
    endloop
  endfacet
  facet normal -0 0 1
    outer loop
      vertex 6 13.5 2.4
      vertex 6.13052 -13.5086 2.4
      vertex 6.13052 13.5086 2.4
    endloop
  endfacet
  facet normal 0 0 1
    outer loop
      vertex 6 13.5 2.4
      vertex 6 -13.5 2.4
      vertex 6.13052 -13.5086 2.4
    endloop
  endfacet
  facet normal -0 0 1
    outer loop
      vertex -6 13.5 2.4
      vertex 6 -13.5 2.4
      vertex 6 13.5 2.4
    endloop
  endfacet
  facet normal 0 0 1
    outer loop
      vertex -6 13.5 2.4
      vertex -6 -13.5 2.4
      vertex 6 -13.5 2.4
    endloop
  endfacet
  facet normal 0 0 1
    outer loop
      vertex -6.13052 13.5086 2.4
      vertex -6 -13.5 2.4
      vertex -6 13.5 2.4
    endloop
  endfacet
  facet normal 0 0 1
    outer loop
      vertex -6.13052 13.5086 2.4
      vertex -6.13052 -13.5086 2.4
      vertex -6 -13.5 2.4
    endloop
  endfacet
  facet normal 0 0 1
    outer loop
      vertex -6.25882 13.5341 2.4
      vertex -6.13052 -13.5086 2.4
      vertex -6.13052 13.5086 2.4
    endloop
  endfacet
  facet normal 0 0 1
    outer loop
      vertex -6.25882 13.5341 2.4
      vertex -6.25882 -13.5341 2.4
      vertex -6.13052 -13.5086 2.4
    endloop
  endfacet
  facet normal 0 0 1
    outer loop
      vertex -6.38269 13.5761 2.4
      vertex -6.25882 -13.5341 2.4
      vertex -6.25882 13.5341 2.4
    endloop
  endfacet
  facet normal 0 0 1
    outer loop
      vertex -6.38269 13.5761 2.4
      vertex -6.38269 -13.5761 2.4
      vertex -6.25882 -13.5341 2.4
    endloop
  endfacet
  facet normal 0 0 1
    outer loop
      vertex -25.2821 0.489472 2.4
      vertex -6.38269 13.5761 2.4
      vertex -6.5 13.634 2.4
    endloop
  endfacet
  facet normal 0 0 1
    outer loop
      vertex -6.38269 13.5761 2.4
      vertex -25.25 0 2.4
      vertex -6.38269 -13.5761 2.4
    endloop
  endfacet
  facet normal 0 0 1
    outer loop
      vertex -25.2821 0.489472 2.4
      vertex -6.5 13.634 2.4
      vertex -6.60876 13.7066 2.4
    endloop
  endfacet
  facet normal -0 0 1
    outer loop
      vertex -25.2821 -0.489472 2.4
      vertex -6.38269 -13.5761 2.4
      vertex -25.25 0 2.4
    endloop
  endfacet
  facet normal 0 0 1
    outer loop
      vertex -21.5858 13.5858 2.4
      vertex -6.60876 13.7066 2.4
      vertex -6.70711 13.7929 2.4
    endloop
  endfacet
  facet normal 0 0 1
    outer loop
      vertex -6.38269 -13.5761 2.4
      vertex -25.2821 -0.489472 2.4
      vertex -6.5 -13.634 2.4
    endloop
  endfacet
  facet normal 0 0 1
    outer loop
      vertex -21.4133 13.7825 2.4
      vertex -6.70711 13.7929 2.4
      vertex -6.79335 13.8912 2.4
    endloop
  endfacet
  facet normal -0 0 1
    outer loop
      vertex -25.3778 -0.970571 2.4
      vertex -6.5 -13.634 2.4
      vertex -25.2821 -0.489472 2.4
    endloop
  endfacet
  facet normal 0 0 1
    outer loop
      vertex -21.4133 13.7825 2.4
      vertex -6.79335 13.8912 2.4
      vertex -6.86603 14 2.4
    endloop
  endfacet
  facet normal 0 0 1
    outer loop
      vertex -6.5 -13.634 2.4
      vertex -25.3778 -0.970571 2.4
      vertex -6.60876 -13.7066 2.4
    endloop
  endfacet
  facet normal 0 0 1
    outer loop
      vertex -21.2679 14 2.4
      vertex -6.86603 14 2.4
      vertex -6.92387 14.1173 2.4
    endloop
  endfacet
  facet normal 0 0 1
    outer loop
      vertex -6.60876 -13.7066 2.4
      vertex -25.3778 -0.970571 2.4
      vertex -6.70711 -13.7929 2.4
    endloop
  endfacet
  facet normal -0 0 1
    outer loop
      vertex -21.1522 14.2346 2.4
      vertex -6.92387 14.1173 2.4
      vertex -6.96593 14.2412 2.4
    endloop
  endfacet
  facet normal -0 0 1
    outer loop
      vertex -25.5354 -1.43506 2.4
      vertex -6.70711 -13.7929 2.4
      vertex -25.3778 -0.970571 2.4
    endloop
  endfacet
  facet normal 0 0 1
    outer loop
      vertex -21.0681 14.4824 2.4
      vertex -6.96593 14.2412 2.4
      vertex -6.99144 14.3695 2.4
    endloop
  endfacet
  facet normal 0 0 1
    outer loop
      vertex -6.70711 -13.7929 2.4
      vertex -25.5354 -1.43506 2.4
      vertex -6.79335 -13.8912 2.4
    endloop
  endfacet
  facet normal 0 0 1
    outer loop
      vertex -21.0171 14.7389 2.4
      vertex -6.99144 14.3695 2.4
      vertex -7 14.5 2.4
    endloop
  endfacet
  facet normal -0 0 1
    outer loop
      vertex -25.7524 -1.875 2.4
      vertex -6.79335 -13.8912 2.4
      vertex -25.5354 -1.43506 2.4
    endloop
  endfacet
  facet normal 0 0 1
    outer loop
      vertex 30.6 19.6 2.4
      vertex 31.6 18.6 2.4
      vertex 31.5914 18.7305 2.4
    endloop
  endfacet
  facet normal 0 0 1
    outer loop
      vertex 30.6 19.6 2.4
      vertex 31.5914 18.7305 2.4
      vertex 31.5659 18.8588 2.4
    endloop
  endfacet
  facet normal 0 0 1
    outer loop
      vertex 30.6 19.6 2.4
      vertex 31.5659 18.8588 2.4
      vertex 31.5239 18.9827 2.4
    endloop
  endfacet
  facet normal 0 0 1
    outer loop
      vertex 30.6 19.6 2.4
      vertex 31.5239 18.9827 2.4
      vertex 31.466 19.1 2.4
    endloop
  endfacet
  facet normal 0 0 1
    outer loop
      vertex 30.6 19.6 2.4
      vertex 31.466 19.1 2.4
      vertex 31.3933 19.2088 2.4
    endloop
  endfacet
  facet normal 0 0 1
    outer loop
      vertex 30.6 19.6 2.4
      vertex 31.3933 19.2088 2.4
      vertex 31.3071 19.3071 2.4
    endloop
  endfacet
  facet normal 0 0 1
    outer loop
      vertex 31.6 18.6 2.4
      vertex 31.2829 2.97507 2.4
      vertex 31.6 2.69695 2.4
    endloop
  endfacet
  facet normal 0 0 1
    outer loop
      vertex 30.6 19.6 2.4
      vertex 31.3071 19.3071 2.4
      vertex 31.2088 19.3933 2.4
    endloop
  endfacet
  facet normal 0 0 1
    outer loop
      vertex 30.6 19.6 2.4
      vertex 31.2088 19.3933 2.4
      vertex 31.1 19.466 2.4
    endloop
  endfacet
  facet normal 0 0 1
    outer loop
      vertex 30.6 19.6 2.4
      vertex 31.1 19.466 2.4
      vertex 30.9827 19.5239 2.4
    endloop
  endfacet
  facet normal 0 0 1
    outer loop
      vertex 31.6 18.6 2.4
      vertex 30.875 3.24759 2.4
      vertex 31.2829 2.97507 2.4
    endloop
  endfacet
  facet normal 0 0 1
    outer loop
      vertex 30.6 19.6 2.4
      vertex 30.9827 19.5239 2.4
      vertex 30.8588 19.5659 2.4
    endloop
  endfacet
  facet normal 0 0 1
    outer loop
      vertex 30.6 19.6 2.4
      vertex 30.8588 19.5659 2.4
      vertex 30.7305 19.5914 2.4
    endloop
  endfacet
  facet normal 0 0 1
    outer loop
      vertex 27.5649 3.46455 2.4
      vertex 31.6 18.6 2.4
      vertex 30.6 19.6 2.4
    endloop
  endfacet
  facet normal 0 0 1
    outer loop
      vertex 31.6 18.6 2.4
      vertex 30.4351 3.46455 2.4
      vertex 30.875 3.24759 2.4
    endloop
  endfacet
  facet normal 0 0 1
    outer loop
      vertex 31.6 18.6 2.4
      vertex 29.9706 3.62222 2.4
      vertex 30.4351 3.46455 2.4
    endloop
  endfacet
  facet normal 0 0 1
    outer loop
      vertex 31.6 18.6 2.4
      vertex 29.4895 3.71792 2.4
      vertex 29.9706 3.62222 2.4
    endloop
  endfacet
  facet normal 0 0 1
    outer loop
      vertex 31.6 18.6 2.4
      vertex 29 3.75 2.4
      vertex 29.4895 3.71792 2.4
    endloop
  endfacet
  facet normal 0 0 1
    outer loop
      vertex 31.6 18.6 2.4
      vertex 28.5105 3.71792 2.4
      vertex 29 3.75 2.4
    endloop
  endfacet
  facet normal 0 0 1
    outer loop
      vertex 31.6 18.6 2.4
      vertex 28.0294 3.62222 2.4
      vertex 28.5105 3.71792 2.4
    endloop
  endfacet
  facet normal 0 0 1
    outer loop
      vertex 31.6 18.6 2.4
      vertex 27.5649 3.46455 2.4
      vertex 28.0294 3.62222 2.4
    endloop
  endfacet
  facet normal 0 0 1
    outer loop
      vertex 30.6 19.6 2.4
      vertex 27.125 3.24759 2.4
      vertex 27.5649 3.46455 2.4
    endloop
  endfacet
  facet normal 0 0 1
    outer loop
      vertex 30.6 19.6 2.4
      vertex 26.7171 2.97507 2.4
      vertex 27.125 3.24759 2.4
    endloop
  endfacet
  facet normal 0 0 1
    outer loop
      vertex 6.99144 14.3695 2.4
      vertex 30.6 19.6 2.4
      vertex 7 14.5 2.4
    endloop
  endfacet
  facet normal 0 0 1
    outer loop
      vertex 30.6 19.6 2.4
      vertex 6.99144 14.3695 2.4
      vertex 26.7171 2.97507 2.4
    endloop
  endfacet
  facet normal -0 0 1
    outer loop
      vertex 6.96593 14.2412 2.4
      vertex 26.7171 2.97507 2.4
      vertex 6.99144 14.3695 2.4
    endloop
  endfacet
  facet normal 0 0 1
    outer loop
      vertex 26.7171 2.97507 2.4
      vertex 6.96593 14.2412 2.4
      vertex 26.3483 2.65165 2.4
    endloop
  endfacet
  facet normal -0 0 1
    outer loop
      vertex 6.92387 14.1173 2.4
      vertex 26.3483 2.65165 2.4
      vertex 6.96593 14.2412 2.4
    endloop
  endfacet
  facet normal -0 0 1
    outer loop
      vertex 6.86603 14 2.4
      vertex 26.0249 2.28286 2.4
      vertex 6.92387 14.1173 2.4
    endloop
  endfacet
  facet normal 0 0 1
    outer loop
      vertex 26.3483 2.65165 2.4
      vertex 6.92387 14.1173 2.4
      vertex 26.0249 2.28286 2.4
    endloop
  endfacet
  facet normal 0 0 1
    outer loop
      vertex 7 14.5 2.4
      vertex 30.6 19.6 2.4
      vertex 7 17.5 2.4
    endloop
  endfacet
  facet normal 0 0 1
    outer loop
      vertex 30.6 19.6 2.4
      vertex 6.99144 17.6305 2.4
      vertex 7 17.5 2.4
    endloop
  endfacet
  facet normal 0 0 1
    outer loop
      vertex 30.6 19.6 2.4
      vertex 6.96593 17.7588 2.4
      vertex 6.99144 17.6305 2.4
    endloop
  endfacet
  facet normal 0 0 1
    outer loop
      vertex 30.6 19.6 2.4
      vertex 6.92387 17.8827 2.4
      vertex 6.96593 17.7588 2.4
    endloop
  endfacet
  facet normal 0 0 1
    outer loop
      vertex 30.6 19.6 2.4
      vertex 6.86603 18 2.4
      vertex 6.92387 17.8827 2.4
    endloop
  endfacet
  facet normal 0 0 1
    outer loop
      vertex 30.6 19.6 2.4
      vertex 6.79335 18.1088 2.4
      vertex 6.86603 18 2.4
    endloop
  endfacet
  facet normal 0 0 1
    outer loop
      vertex 30.6 19.6 2.4
      vertex 6.70711 18.2071 2.4
      vertex 6.79335 18.1088 2.4
    endloop
  endfacet
  facet normal 0 0 1
    outer loop
      vertex 30.6 19.6 2.4
      vertex 6.60876 18.2934 2.4
      vertex 6.70711 18.2071 2.4
    endloop
  endfacet
  facet normal 0 0 1
    outer loop
      vertex 30.6 19.6 2.4
      vertex 6.5 18.366 2.4
      vertex 6.60876 18.2934 2.4
    endloop
  endfacet
  facet normal 0 0 1
    outer loop
      vertex 30.6 19.6 2.4
      vertex 6.38269 18.4239 2.4
      vertex 6.5 18.366 2.4
    endloop
  endfacet
  facet normal 0 0 1
    outer loop
      vertex 30.6 19.6 2.4
      vertex 6.25882 18.4659 2.4
      vertex 6.38269 18.4239 2.4
    endloop
  endfacet
  facet normal 0 0 1
    outer loop
      vertex 30.6 19.6 2.4
      vertex 6.13052 18.4914 2.4
      vertex 6.25882 18.4659 2.4
    endloop
  endfacet
  facet normal 0 0 1
    outer loop
      vertex 30.6 19.6 2.4
      vertex 6 18.5 2.4
      vertex 6.13052 18.4914 2.4
    endloop
  endfacet
  facet normal 0 0 1
    outer loop
      vertex 30.6 19.6 2.4
      vertex -6 18.5 2.4
      vertex 6 18.5 2.4
    endloop
  endfacet
  facet normal -0 0 1
    outer loop
      vertex -21.0171 15.2611 2.4
      vertex -7 14.5 2.4
      vertex -7 17.5 2.4
    endloop
  endfacet
  facet normal 0 0 1
    outer loop
      vertex -6.38269 13.5761 2.4
      vertex -25.2821 0.489472 2.4
      vertex -25.25 0 2.4
    endloop
  endfacet
  facet normal 0 0 1
    outer loop
      vertex -7 14.5 2.4
      vertex -21 15 2.4
      vertex -21.0171 14.7389 2.4
    endloop
  endfacet
  facet normal 0 0 1
    outer loop
      vertex -21.0681 15.5176 2.4
      vertex -7 17.5 2.4
      vertex -6.99144 17.6305 2.4
    endloop
  endfacet
  facet normal 0 0 1
    outer loop
      vertex -21.1522 15.7654 2.4
      vertex -6.99144 17.6305 2.4
      vertex -6.96593 17.7588 2.4
    endloop
  endfacet
  facet normal 0 0 1
    outer loop
      vertex -21.2679 16 2.4
      vertex -6.96593 17.7588 2.4
      vertex -6.92387 17.8827 2.4
    endloop
  endfacet
  facet normal 0 0 1
    outer loop
      vertex -21.4133 16.2175 2.4
      vertex -6.92387 17.8827 2.4
      vertex -6.86603 18 2.4
    endloop
  endfacet
  facet normal 0 0 1
    outer loop
      vertex -21.5858 16.4142 2.4
      vertex -6.86603 18 2.4
      vertex -6.79335 18.1088 2.4
    endloop
  endfacet
  facet normal 0 0 1
    outer loop
      vertex -21.7825 16.5867 2.4
      vertex -6.79335 18.1088 2.4
      vertex -6.70711 18.2071 2.4
    endloop
  endfacet
  facet normal 0 0 1
    outer loop
      vertex -22 16.732 2.4
      vertex -6.70711 18.2071 2.4
      vertex -6.60876 18.2934 2.4
    endloop
  endfacet
  facet normal 0 0 1
    outer loop
      vertex -22.2346 16.8478 2.4
      vertex -6.60876 18.2934 2.4
      vertex -6.5 18.366 2.4
    endloop
  endfacet
  facet normal 0 0 1
    outer loop
      vertex -22.4824 16.9319 2.4
      vertex -6.5 18.366 2.4
      vertex -6.38269 18.4239 2.4
    endloop
  endfacet
  facet normal 0 0 1
    outer loop
      vertex -30.6 19.6 2.4
      vertex -6.38269 18.4239 2.4
      vertex -6.25882 18.4659 2.4
    endloop
  endfacet
  facet normal 0 0 1
    outer loop
      vertex -7 14.5 2.4
      vertex -21.0171 15.2611 2.4
      vertex -21 15 2.4
    endloop
  endfacet
  facet normal 0 0 1
    outer loop
      vertex -7 17.5 2.4
      vertex -21.0681 15.5176 2.4
      vertex -21.0171 15.2611 2.4
    endloop
  endfacet
  facet normal 0 0 1
    outer loop
      vertex -6.99144 17.6305 2.4
      vertex -21.1522 15.7654 2.4
      vertex -21.0681 15.5176 2.4
    endloop
  endfacet
  facet normal 0 0 1
    outer loop
      vertex -30.6 19.6 2.4
      vertex -6.25882 18.4659 2.4
      vertex -6.13052 18.4914 2.4
    endloop
  endfacet
  facet normal 0 0 1
    outer loop
      vertex -6.96593 17.7588 2.4
      vertex -21.2679 16 2.4
      vertex -21.1522 15.7654 2.4
    endloop
  endfacet
  facet normal 0 0 1
    outer loop
      vertex -6.92387 17.8827 2.4
      vertex -21.4133 16.2175 2.4
      vertex -21.2679 16 2.4
    endloop
  endfacet
  facet normal 0 0 1
    outer loop
      vertex -6.86603 18 2.4
      vertex -21.5858 16.4142 2.4
      vertex -21.4133 16.2175 2.4
    endloop
  endfacet
  facet normal 0 0 1
    outer loop
      vertex -6.79335 18.1088 2.4
      vertex -21.7825 16.5867 2.4
      vertex -21.5858 16.4142 2.4
    endloop
  endfacet
  facet normal 0 0 1
    outer loop
      vertex -6.70711 18.2071 2.4
      vertex -22 16.732 2.4
      vertex -21.7825 16.5867 2.4
    endloop
  endfacet
  facet normal 0 0 1
    outer loop
      vertex -6.60876 18.2934 2.4
      vertex -22.2346 16.8478 2.4
      vertex -22 16.732 2.4
    endloop
  endfacet
  facet normal 0 0 1
    outer loop
      vertex -6.5 18.366 2.4
      vertex -22.4824 16.9319 2.4
      vertex -22.2346 16.8478 2.4
    endloop
  endfacet
  facet normal 0 0 1
    outer loop
      vertex -6.38269 18.4239 2.4
      vertex -22.7389 16.9829 2.4
      vertex -22.4824 16.9319 2.4
    endloop
  endfacet
  facet normal 0 0 1
    outer loop
      vertex -6.38269 18.4239 2.4
      vertex -30.6 19.6 2.4
      vertex -22.7389 16.9829 2.4
    endloop
  endfacet
  facet normal 0 0 1
    outer loop
      vertex -22.7389 16.9829 2.4
      vertex -30.6 19.6 2.4
      vertex -23 17 2.4
    endloop
  endfacet
  facet normal -0 0 1
    outer loop
      vertex -26.0249 -2.28286 2.4
      vertex -6.86603 -14 2.4
      vertex -25.7524 -1.875 2.4
    endloop
  endfacet
  facet normal 0 0 1
    outer loop
      vertex -24.9829 14.7389 2.4
      vertex -25.3778 0.970571 2.4
      vertex -25.2821 0.489472 2.4
    endloop
  endfacet
  facet normal 0 0 1
    outer loop
      vertex -24.9829 14.7389 2.4
      vertex -25.5354 1.43506 2.4
      vertex -25.3778 0.970571 2.4
    endloop
  endfacet
  facet normal 0 0 1
    outer loop
      vertex -24.9829 14.7389 2.4
      vertex -25.7524 1.875 2.4
      vertex -25.5354 1.43506 2.4
    endloop
  endfacet
  facet normal 0 0 1
    outer loop
      vertex -24.9829 14.7389 2.4
      vertex -26.0249 2.28286 2.4
      vertex -25.7524 1.875 2.4
    endloop
  endfacet
  facet normal 0 0 1
    outer loop
      vertex -31.6 18.6 2.4
      vertex -25 15 2.4
      vertex -24.9829 15.2611 2.4
    endloop
  endfacet
  facet normal 0 0 1
    outer loop
      vertex -24.9829 14.7389 2.4
      vertex -26.3483 2.65165 2.4
      vertex -26.0249 2.28286 2.4
    endloop
  endfacet
  facet normal 0 0 1
    outer loop
      vertex -24.9829 14.7389 2.4
      vertex -26.7171 2.97507 2.4
      vertex -26.3483 2.65165 2.4
    endloop
  endfacet
  facet normal 0 0 1
    outer loop
      vertex -24.9829 14.7389 2.4
      vertex -27.125 3.24759 2.4
      vertex -26.7171 2.97507 2.4
    endloop
  endfacet
  facet normal 0 0 1
    outer loop
      vertex -24.9829 14.7389 2.4
      vertex -27.5649 3.46455 2.4
      vertex -27.125 3.24759 2.4
    endloop
  endfacet
  facet normal 0 0 1
    outer loop
      vertex -31.6 18.6 2.4
      vertex -24.9829 15.2611 2.4
      vertex -24.9319 15.5176 2.4
    endloop
  endfacet
  facet normal 0 0 1
    outer loop
      vertex -24.9829 14.7389 2.4
      vertex -28.0294 3.62222 2.4
      vertex -27.5649 3.46455 2.4
    endloop
  endfacet
  facet normal 0 0 1
    outer loop
      vertex -24.9829 14.7389 2.4
      vertex -28.5105 3.71792 2.4
      vertex -28.0294 3.62222 2.4
    endloop
  endfacet
  facet normal 0 0 1
    outer loop
      vertex -24.9829 14.7389 2.4
      vertex -29 3.75 2.4
      vertex -28.5105 3.71792 2.4
    endloop
  endfacet
  facet normal 0 0 1
    outer loop
      vertex -30.6 19.6 2.4
      vertex -24.9319 15.5176 2.4
      vertex -24.8478 15.7654 2.4
    endloop
  endfacet
  facet normal 0 0 1
    outer loop
      vertex -24.9829 14.7389 2.4
      vertex -29.4895 3.71792 2.4
      vertex -29 3.75 2.4
    endloop
  endfacet
  facet normal 0 0 1
    outer loop
      vertex -24.9829 14.7389 2.4
      vertex -31.6 18.6 2.4
      vertex -29.9706 3.62222 2.4
    endloop
  endfacet
  facet normal 0 0 1
    outer loop
      vertex -24.9829 14.7389 2.4
      vertex -29.9706 3.62222 2.4
      vertex -29.4895 3.71792 2.4
    endloop
  endfacet
  facet normal -0 0 1
    outer loop
      vertex -30.6 19.6 2.4
      vertex -6 18.5 2.4
      vertex 30.6 19.6 2.4
    endloop
  endfacet
  facet normal 0 0 1
    outer loop
      vertex -30.6 19.6 2.4
      vertex -6.13052 18.4914 2.4
      vertex -6 18.5 2.4
    endloop
  endfacet
  facet normal 0 0 1
    outer loop
      vertex -23 17 2.4
      vertex -30.6 19.6 2.4
      vertex -23.2611 16.9829 2.4
    endloop
  endfacet
  facet normal 0 0 1
    outer loop
      vertex -30.6 19.6 2.4
      vertex -23.5176 16.9319 2.4
      vertex -23.2611 16.9829 2.4
    endloop
  endfacet
  facet normal 0 0 1
    outer loop
      vertex -30.6 19.6 2.4
      vertex -23.7654 16.8478 2.4
      vertex -23.5176 16.9319 2.4
    endloop
  endfacet
  facet normal 0 0 1
    outer loop
      vertex -30.6 19.6 2.4
      vertex -24 16.732 2.4
      vertex -23.7654 16.8478 2.4
    endloop
  endfacet
  facet normal 0 0 1
    outer loop
      vertex -30.6 19.6 2.4
      vertex -24.2175 16.5867 2.4
      vertex -24 16.732 2.4
    endloop
  endfacet
  facet normal 0 0 1
    outer loop
      vertex -30.6 19.6 2.4
      vertex -24.4142 16.4142 2.4
      vertex -24.2175 16.5867 2.4
    endloop
  endfacet
  facet normal 0 0 1
    outer loop
      vertex -30.6 19.6 2.4
      vertex -24.5867 16.2175 2.4
      vertex -24.4142 16.4142 2.4
    endloop
  endfacet
  facet normal 0 0 1
    outer loop
      vertex -30.6 19.6 2.4
      vertex -24.732 16 2.4
      vertex -24.5867 16.2175 2.4
    endloop
  endfacet
  facet normal 0 0 1
    outer loop
      vertex -30.6 19.6 2.4
      vertex -24.8478 15.7654 2.4
      vertex -24.732 16 2.4
    endloop
  endfacet
  facet normal 0 0 1
    outer loop
      vertex -24.9319 15.5176 2.4
      vertex -30.6 19.6 2.4
      vertex -31.6 18.6 2.4
    endloop
  endfacet
  facet normal 0 0 1
    outer loop
      vertex -31.6 18.6 2.4
      vertex -30.6 19.6 2.4
      vertex -30.7305 19.5914 2.4
    endloop
  endfacet
  facet normal 0 0 1
    outer loop
      vertex -31.6 18.6 2.4
      vertex -30.7305 19.5914 2.4
      vertex -30.8588 19.5659 2.4
    endloop
  endfacet
  facet normal 0 0 1
    outer loop
      vertex -29.9706 3.62222 2.4
      vertex -31.6 18.6 2.4
      vertex -30.4351 3.46455 2.4
    endloop
  endfacet
  facet normal 0 0 1
    outer loop
      vertex -31.6 18.6 2.4
      vertex -30.8588 19.5659 2.4
      vertex -30.9827 19.5239 2.4
    endloop
  endfacet
  facet normal 0 0 1
    outer loop
      vertex -31.6 18.6 2.4
      vertex -30.9827 19.5239 2.4
      vertex -31.1 19.466 2.4
    endloop
  endfacet
  facet normal 0 0 1
    outer loop
      vertex -31.6 18.6 2.4
      vertex -31.1 19.466 2.4
      vertex -31.2088 19.3933 2.4
    endloop
  endfacet
  facet normal 0 0 1
    outer loop
      vertex -30.4351 3.46455 2.4
      vertex -31.6 18.6 2.4
      vertex -30.875 3.24759 2.4
    endloop
  endfacet
  facet normal 0 0 1
    outer loop
      vertex -31.6 18.6 2.4
      vertex -31.2088 19.3933 2.4
      vertex -31.3071 19.3071 2.4
    endloop
  endfacet
  facet normal 0 0 1
    outer loop
      vertex -31.6 18.6 2.4
      vertex -31.3071 19.3071 2.4
      vertex -31.3933 19.2088 2.4
    endloop
  endfacet
  facet normal 0 0 1
    outer loop
      vertex -31.6 18.6 2.4
      vertex -31.3933 19.2088 2.4
      vertex -31.466 19.1 2.4
    endloop
  endfacet
  facet normal 0 0 1
    outer loop
      vertex -31.6 18.6 2.4
      vertex -31.466 19.1 2.4
      vertex -31.5239 18.9827 2.4
    endloop
  endfacet
  facet normal 0 0 1
    outer loop
      vertex -31.6 18.6 2.4
      vertex -31.5239 18.9827 2.4
      vertex -31.5659 18.8588 2.4
    endloop
  endfacet
  facet normal 0 0 1
    outer loop
      vertex -31.6 18.6 2.4
      vertex -31.5659 18.8588 2.4
      vertex -31.5914 18.7305 2.4
    endloop
  endfacet
  facet normal 0 0 1
    outer loop
      vertex -30.875 3.24759 2.4
      vertex -31.6 18.6 2.4
      vertex -31.2829 2.97507 2.4
    endloop
  endfacet
  facet normal 0 0 1
    outer loop
      vertex -31.2829 2.97507 2.4
      vertex -31.6 18.6 2.4
      vertex -31.6 2.69695 2.4
    endloop
  endfacet
  facet normal -0 0 1
    outer loop
      vertex 31.2829 -2.97507 2.4
      vertex 31.6 -18.6 2.4
      vertex 31.6 -2.69695 2.4
    endloop
  endfacet
  facet normal -0 0 1
    outer loop
      vertex 30.875 -3.24759 2.4
      vertex 31.6 -18.6 2.4
      vertex 31.2829 -2.97507 2.4
    endloop
  endfacet
  facet normal -0 0 1
    outer loop
      vertex 30.4351 -3.46455 2.4
      vertex 31.6 -18.6 2.4
      vertex 30.875 -3.24759 2.4
    endloop
  endfacet
  facet normal -0 0 1
    outer loop
      vertex 29.9706 -3.62222 2.4
      vertex 31.6 -18.6 2.4
      vertex 30.4351 -3.46455 2.4
    endloop
  endfacet
  facet normal -0 0 1
    outer loop
      vertex 29.4895 -3.71792 2.4
      vertex 31.6 -18.6 2.4
      vertex 29.9706 -3.62222 2.4
    endloop
  endfacet
  facet normal -0 0 1
    outer loop
      vertex 29 -3.75 2.4
      vertex 31.6 -18.6 2.4
      vertex 29.4895 -3.71792 2.4
    endloop
  endfacet
  facet normal 0 0 1
    outer loop
      vertex 28.5105 -3.71792 2.4
      vertex 31.6 -18.6 2.4
      vertex 29 -3.75 2.4
    endloop
  endfacet
  facet normal 0 0 1
    outer loop
      vertex 28.0294 -3.62222 2.4
      vertex 31.6 -18.6 2.4
      vertex 28.5105 -3.71792 2.4
    endloop
  endfacet
  facet normal 0 0 1
    outer loop
      vertex 27.5649 -3.46455 2.4
      vertex 31.6 -18.6 2.4
      vertex 28.0294 -3.62222 2.4
    endloop
  endfacet
  facet normal 0 0 1
    outer loop
      vertex 31.6 -18.6 2.4
      vertex 30.6 -19.6 2.4
      vertex 31.5914 -18.7305 2.4
    endloop
  endfacet
  facet normal 0 0 1
    outer loop
      vertex 31.5914 -18.7305 2.4
      vertex 30.6 -19.6 2.4
      vertex 31.5659 -18.8588 2.4
    endloop
  endfacet
  facet normal 0 0 1
    outer loop
      vertex 31.5239 -18.9827 2.4
      vertex 30.6 -19.6 2.4
      vertex 31.466 -19.1 2.4
    endloop
  endfacet
  facet normal 0 0 1
    outer loop
      vertex 31.466 -19.1 2.4
      vertex 30.6 -19.6 2.4
      vertex 31.3933 -19.2088 2.4
    endloop
  endfacet
  facet normal 0 0 1
    outer loop
      vertex 31.3071 -19.3071 2.4
      vertex 30.6 -19.6 2.4
      vertex 31.2088 -19.3933 2.4
    endloop
  endfacet
  facet normal 0 0 1
    outer loop
      vertex 31.2088 -19.3933 2.4
      vertex 30.6 -19.6 2.4
      vertex 31.1 -19.466 2.4
    endloop
  endfacet
  facet normal 0 0 1
    outer loop
      vertex 30.9827 -19.5239 2.4
      vertex 30.6 -19.6 2.4
      vertex 30.8588 -19.5659 2.4
    endloop
  endfacet
  facet normal 0 0 1
    outer loop
      vertex 30.8588 -19.5659 2.4
      vertex 30.6 -19.6 2.4
      vertex 30.7305 -19.5914 2.4
    endloop
  endfacet
  facet normal 0 0 1
    outer loop
      vertex 31.1 -19.466 2.4
      vertex 30.6 -19.6 2.4
      vertex 30.9827 -19.5239 2.4
    endloop
  endfacet
  facet normal 0 0 1
    outer loop
      vertex 31.3933 -19.2088 2.4
      vertex 30.6 -19.6 2.4
      vertex 31.3071 -19.3071 2.4
    endloop
  endfacet
  facet normal 0 0 1
    outer loop
      vertex 31.5659 -18.8588 2.4
      vertex 30.6 -19.6 2.4
      vertex 31.5239 -18.9827 2.4
    endloop
  endfacet
  facet normal 0 0 1
    outer loop
      vertex 31.6 -18.6 2.4
      vertex 27.5649 -3.46455 2.4
      vertex 30.6 -19.6 2.4
    endloop
  endfacet
  facet normal 0 0 1
    outer loop
      vertex 27.125 -3.24759 2.4
      vertex 30.6 -19.6 2.4
      vertex 27.5649 -3.46455 2.4
    endloop
  endfacet
  facet normal 0 0 1
    outer loop
      vertex 26.7171 -2.97507 2.4
      vertex 30.6 -19.6 2.4
      vertex 27.125 -3.24759 2.4
    endloop
  endfacet
  facet normal 0 0 1
    outer loop
      vertex 7 -14.5 2.4
      vertex 26.7171 -2.97507 2.4
      vertex 26.3483 -2.65165 2.4
    endloop
  endfacet
  facet normal 0 0 1
    outer loop
      vertex 7 -14.5 2.4
      vertex 26.3483 -2.65165 2.4
      vertex 26.0249 -2.28286 2.4
    endloop
  endfacet
  facet normal 0 0 1
    outer loop
      vertex 7 -14.5 2.4
      vertex 26.0249 -2.28286 2.4
      vertex 25.7524 -1.875 2.4
    endloop
  endfacet
  facet normal 0 0 1
    outer loop
      vertex 7 -14.5 2.4
      vertex 25.7524 -1.875 2.4
      vertex 25.5354 -1.43506 2.4
    endloop
  endfacet
  facet normal 0 0 1
    outer loop
      vertex 7 -14.5 2.4
      vertex 25.5354 -1.43506 2.4
      vertex 25.3778 -0.970571 2.4
    endloop
  endfacet
  facet normal 0 0 1
    outer loop
      vertex 26.0249 2.28286 2.4
      vertex 6.86603 14 2.4
      vertex 25.7524 1.875 2.4
    endloop
  endfacet
  facet normal -0 0 1
    outer loop
      vertex 6.79335 13.8912 2.4
      vertex 25.7524 1.875 2.4
      vertex 6.86603 14 2.4
    endloop
  endfacet
  facet normal 0 0 1
    outer loop
      vertex 25.25 0 2.4
      vertex 7 -14.5 2.4
      vertex 25.2821 -0.489472 2.4
    endloop
  endfacet
  facet normal 0 0 1
    outer loop
      vertex 25.2821 -0.489472 2.4
      vertex 7 -14.5 2.4
      vertex 25.3778 -0.970571 2.4
    endloop
  endfacet
  facet normal 0 0 1
    outer loop
      vertex 26.7171 -2.97507 2.4
      vertex 7 -14.5 2.4
      vertex 30.6 -19.6 2.4
    endloop
  endfacet
  facet normal -0 0 1
    outer loop
      vertex 7 -17.5 2.4
      vertex 30.6 -19.6 2.4
      vertex 7 -14.5 2.4
    endloop
  endfacet
  facet normal -0 0 1
    outer loop
      vertex 6.99144 -17.6305 2.4
      vertex 30.6 -19.6 2.4
      vertex 7 -17.5 2.4
    endloop
  endfacet
  facet normal -0 0 1
    outer loop
      vertex 6.96593 -17.7588 2.4
      vertex 30.6 -19.6 2.4
      vertex 6.99144 -17.6305 2.4
    endloop
  endfacet
  facet normal -0 0 1
    outer loop
      vertex 6.92387 -17.8827 2.4
      vertex 30.6 -19.6 2.4
      vertex 6.96593 -17.7588 2.4
    endloop
  endfacet
  facet normal -0 0 1
    outer loop
      vertex 6.86603 -18 2.4
      vertex 30.6 -19.6 2.4
      vertex 6.92387 -17.8827 2.4
    endloop
  endfacet
  facet normal -0 0 1
    outer loop
      vertex 6.79335 -18.1088 2.4
      vertex 30.6 -19.6 2.4
      vertex 6.86603 -18 2.4
    endloop
  endfacet
  facet normal -0 0 1
    outer loop
      vertex 6.70711 -18.2071 2.4
      vertex 30.6 -19.6 2.4
      vertex 6.79335 -18.1088 2.4
    endloop
  endfacet
  facet normal -0 0 1
    outer loop
      vertex 6.60876 -18.2934 2.4
      vertex 30.6 -19.6 2.4
      vertex 6.70711 -18.2071 2.4
    endloop
  endfacet
  facet normal -0 0 1
    outer loop
      vertex 6.5 -18.366 2.4
      vertex 30.6 -19.6 2.4
      vertex 6.60876 -18.2934 2.4
    endloop
  endfacet
  facet normal -0 0 1
    outer loop
      vertex 6.38269 -18.4239 2.4
      vertex 30.6 -19.6 2.4
      vertex 6.5 -18.366 2.4
    endloop
  endfacet
  facet normal -0 0 1
    outer loop
      vertex 6.25882 -18.4659 2.4
      vertex 30.6 -19.6 2.4
      vertex 6.38269 -18.4239 2.4
    endloop
  endfacet
  facet normal -0 0 1
    outer loop
      vertex 6.13052 -18.4914 2.4
      vertex 30.6 -19.6 2.4
      vertex 6.25882 -18.4659 2.4
    endloop
  endfacet
  facet normal -0 0 1
    outer loop
      vertex 6 -18.5 2.4
      vertex 30.6 -19.6 2.4
      vertex 6.13052 -18.4914 2.4
    endloop
  endfacet
  facet normal -0 0 1
    outer loop
      vertex -6 -18.5 2.4
      vertex 30.6 -19.6 2.4
      vertex 6 -18.5 2.4
    endloop
  endfacet
  facet normal 0 0 1
    outer loop
      vertex -6.99144 14.3695 2.4
      vertex -21.0171 14.7389 2.4
      vertex -21.0681 14.4824 2.4
    endloop
  endfacet
  facet normal 0 0 1
    outer loop
      vertex -6.96593 14.2412 2.4
      vertex -21.0681 14.4824 2.4
      vertex -21.1522 14.2346 2.4
    endloop
  endfacet
  facet normal 0 0 1
    outer loop
      vertex -6.92387 14.1173 2.4
      vertex -21.1522 14.2346 2.4
      vertex -21.2679 14 2.4
    endloop
  endfacet
  facet normal 0 0 1
    outer loop
      vertex -6.86603 14 2.4
      vertex -21.2679 14 2.4
      vertex -21.4133 13.7825 2.4
    endloop
  endfacet
  facet normal 0 0 1
    outer loop
      vertex -6.70711 13.7929 2.4
      vertex -21.4133 13.7825 2.4
      vertex -21.5858 13.5858 2.4
    endloop
  endfacet
  facet normal 0 0 1
    outer loop
      vertex -6.79335 -13.8912 2.4
      vertex -25.7524 -1.875 2.4
      vertex -6.86603 -14 2.4
    endloop
  endfacet
  facet normal 0 0 1
    outer loop
      vertex -6.86603 -14 2.4
      vertex -26.0249 -2.28286 2.4
      vertex -6.92387 -14.1173 2.4
    endloop
  endfacet
  facet normal -0 0 1
    outer loop
      vertex -26.3483 -2.65165 2.4
      vertex -6.92387 -14.1173 2.4
      vertex -26.0249 -2.28286 2.4
    endloop
  endfacet
  facet normal 0 0 1
    outer loop
      vertex -6.60876 13.7066 2.4
      vertex -21.5858 13.5858 2.4
      vertex -21.7825 13.4133 2.4
    endloop
  endfacet
  facet normal 0 0 1
    outer loop
      vertex -6.60876 13.7066 2.4
      vertex -21.7825 13.4133 2.4
      vertex -25.2821 0.489472 2.4
    endloop
  endfacet
  facet normal 0 0 1
    outer loop
      vertex -25.2821 0.489472 2.4
      vertex -21.7825 13.4133 2.4
      vertex -22 13.2679 2.4
    endloop
  endfacet
  facet normal 0 0 1
    outer loop
      vertex -25.2821 0.489472 2.4
      vertex -22 13.2679 2.4
      vertex -22.2346 13.1522 2.4
    endloop
  endfacet
  facet normal 0 0 1
    outer loop
      vertex -6.92387 -14.1173 2.4
      vertex -26.3483 -2.65165 2.4
      vertex -6.96593 -14.2412 2.4
    endloop
  endfacet
  facet normal 0 0 1
    outer loop
      vertex -25.2821 0.489472 2.4
      vertex -22.2346 13.1522 2.4
      vertex -22.4824 13.0681 2.4
    endloop
  endfacet
  facet normal 0 0 1
    outer loop
      vertex -25.2821 0.489472 2.4
      vertex -22.4824 13.0681 2.4
      vertex -22.7389 13.0171 2.4
    endloop
  endfacet
  facet normal 0 0 1
    outer loop
      vertex -25.2821 0.489472 2.4
      vertex -22.7389 13.0171 2.4
      vertex -23 13 2.4
    endloop
  endfacet
  facet normal 0 0 1
    outer loop
      vertex -25.2821 0.489472 2.4
      vertex -23 13 2.4
      vertex -23.2611 13.0171 2.4
    endloop
  endfacet
  facet normal 0 0 1
    outer loop
      vertex -25.2821 0.489472 2.4
      vertex -23.2611 13.0171 2.4
      vertex -23.5176 13.0681 2.4
    endloop
  endfacet
  facet normal 0 0 1
    outer loop
      vertex -25.2821 0.489472 2.4
      vertex -23.5176 13.0681 2.4
      vertex -23.7654 13.1522 2.4
    endloop
  endfacet
  facet normal 0 0 1
    outer loop
      vertex -25.2821 0.489472 2.4
      vertex -23.7654 13.1522 2.4
      vertex -24 13.2679 2.4
    endloop
  endfacet
  facet normal 0 0 1
    outer loop
      vertex -25.2821 0.489472 2.4
      vertex -24 13.2679 2.4
      vertex -24.2175 13.4133 2.4
    endloop
  endfacet
  facet normal 0 0 1
    outer loop
      vertex -25.2821 0.489472 2.4
      vertex -24.2175 13.4133 2.4
      vertex -24.4142 13.5858 2.4
    endloop
  endfacet
  facet normal 0 0 1
    outer loop
      vertex -25.2821 0.489472 2.4
      vertex -24.4142 13.5858 2.4
      vertex -24.5867 13.7825 2.4
    endloop
  endfacet
  facet normal 0 0 1
    outer loop
      vertex -25.2821 0.489472 2.4
      vertex -24.5867 13.7825 2.4
      vertex -24.732 14 2.4
    endloop
  endfacet
  facet normal 0 0 1
    outer loop
      vertex -31.6 18.6 2.4
      vertex -24.9829 14.7389 2.4
      vertex -25 15 2.4
    endloop
  endfacet
  facet normal 0 0 1
    outer loop
      vertex -25.2821 0.489472 2.4
      vertex -24.9319 14.4824 2.4
      vertex -24.9829 14.7389 2.4
    endloop
  endfacet
  facet normal 0 0 1
    outer loop
      vertex -25.2821 0.489472 2.4
      vertex -24.8478 14.2346 2.4
      vertex -24.9319 14.4824 2.4
    endloop
  endfacet
  facet normal 0 0 1
    outer loop
      vertex -25.2821 0.489472 2.4
      vertex -24.732 14 2.4
      vertex -24.8478 14.2346 2.4
    endloop
  endfacet
  facet normal -0 0 1
    outer loop
      vertex -26.7171 -2.97507 2.4
      vertex -6.96593 -14.2412 2.4
      vertex -26.3483 -2.65165 2.4
    endloop
  endfacet
  facet normal 0 0 1
    outer loop
      vertex -6.96593 -14.2412 2.4
      vertex -26.7171 -2.97507 2.4
      vertex -6.99144 -14.3695 2.4
    endloop
  endfacet
  facet normal 0 0 1
    outer loop
      vertex -30.6 -19.6 2.4
      vertex -6.99144 -14.3695 2.4
      vertex -26.7171 -2.97507 2.4
    endloop
  endfacet
  facet normal 0 0 1
    outer loop
      vertex -6.99144 -14.3695 2.4
      vertex -30.6 -19.6 2.4
      vertex -7 -14.5 2.4
    endloop
  endfacet
  facet normal 0 0 1
    outer loop
      vertex -7 -14.5 2.4
      vertex -30.6 -19.6 2.4
      vertex -7 -17.5 2.4
    endloop
  endfacet
  facet normal 0 0 1
    outer loop
      vertex -7 -17.5 2.4
      vertex -30.6 -19.6 2.4
      vertex -6.99144 -17.6305 2.4
    endloop
  endfacet
  facet normal 0 0 1
    outer loop
      vertex -6.99144 -17.6305 2.4
      vertex -30.6 -19.6 2.4
      vertex -6.96593 -17.7588 2.4
    endloop
  endfacet
  facet normal 0 0 1
    outer loop
      vertex -6.96593 -17.7588 2.4
      vertex -30.6 -19.6 2.4
      vertex -6.92387 -17.8827 2.4
    endloop
  endfacet
  facet normal 0 0 1
    outer loop
      vertex -6.92387 -17.8827 2.4
      vertex -30.6 -19.6 2.4
      vertex -6.86603 -18 2.4
    endloop
  endfacet
  facet normal 0 0 1
    outer loop
      vertex -6.86603 -18 2.4
      vertex -30.6 -19.6 2.4
      vertex -6.79335 -18.1088 2.4
    endloop
  endfacet
  facet normal 0 0 1
    outer loop
      vertex -6.79335 -18.1088 2.4
      vertex -30.6 -19.6 2.4
      vertex -6.70711 -18.2071 2.4
    endloop
  endfacet
  facet normal 0 0 1
    outer loop
      vertex -30.6 -19.6 2.4
      vertex -26.7171 -2.97507 2.4
      vertex -27.125 -3.24759 2.4
    endloop
  endfacet
  facet normal 0 0 1
    outer loop
      vertex -30.6 -19.6 2.4
      vertex -27.125 -3.24759 2.4
      vertex -27.5649 -3.46455 2.4
    endloop
  endfacet
  facet normal 0 0 1
    outer loop
      vertex -31.6 -18.6 2.4
      vertex -27.5649 -3.46455 2.4
      vertex -28.0294 -3.62222 2.4
    endloop
  endfacet
  facet normal 0 0 1
    outer loop
      vertex -31.6 -18.6 2.4
      vertex -28.0294 -3.62222 2.4
      vertex -28.5105 -3.71792 2.4
    endloop
  endfacet
  facet normal 0 0 1
    outer loop
      vertex -6.70711 -18.2071 2.4
      vertex -30.6 -19.6 2.4
      vertex -6.60876 -18.2934 2.4
    endloop
  endfacet
  facet normal 0 0 1
    outer loop
      vertex -31.6 -18.6 2.4
      vertex -28.5105 -3.71792 2.4
      vertex -29 -3.75 2.4
    endloop
  endfacet
  facet normal 0 0 1
    outer loop
      vertex -31.6 -18.6 2.4
      vertex -29 -3.75 2.4
      vertex -29.4895 -3.71792 2.4
    endloop
  endfacet
  facet normal 0 0 1
    outer loop
      vertex -31.6 -18.6 2.4
      vertex -29.4895 -3.71792 2.4
      vertex -29.9706 -3.62222 2.4
    endloop
  endfacet
  facet normal 0 0 1
    outer loop
      vertex -31.6 -18.6 2.4
      vertex -29.9706 -3.62222 2.4
      vertex -30.4351 -3.46455 2.4
    endloop
  endfacet
  facet normal 0 0 1
    outer loop
      vertex -6 -18.5 2.4
      vertex -30.6 -19.6 2.4
      vertex 30.6 -19.6 2.4
    endloop
  endfacet
  facet normal 0 0 1
    outer loop
      vertex -6.13052 -18.4914 2.4
      vertex -30.6 -19.6 2.4
      vertex -6 -18.5 2.4
    endloop
  endfacet
  facet normal 0 0 1
    outer loop
      vertex -6.25882 -18.4659 2.4
      vertex -30.6 -19.6 2.4
      vertex -6.13052 -18.4914 2.4
    endloop
  endfacet
  facet normal 0 0 1
    outer loop
      vertex -6.38269 -18.4239 2.4
      vertex -30.6 -19.6 2.4
      vertex -6.25882 -18.4659 2.4
    endloop
  endfacet
  facet normal 0 0 1
    outer loop
      vertex -6.5 -18.366 2.4
      vertex -30.6 -19.6 2.4
      vertex -6.38269 -18.4239 2.4
    endloop
  endfacet
  facet normal 0 0 1
    outer loop
      vertex -6.60876 -18.2934 2.4
      vertex -30.6 -19.6 2.4
      vertex -6.5 -18.366 2.4
    endloop
  endfacet
  facet normal 0 0 1
    outer loop
      vertex -27.5649 -3.46455 2.4
      vertex -31.6 -18.6 2.4
      vertex -30.6 -19.6 2.4
    endloop
  endfacet
  facet normal 0 0 1
    outer loop
      vertex -30.6 -19.6 2.4
      vertex -31.6 -18.6 2.4
      vertex -30.7305 -19.5914 2.4
    endloop
  endfacet
  facet normal 0 0 1
    outer loop
      vertex -31.6 -18.6 2.4
      vertex -30.4351 -3.46455 2.4
      vertex -30.875 -3.24759 2.4
    endloop
  endfacet
  facet normal 0 0 1
    outer loop
      vertex -30.7305 -19.5914 2.4
      vertex -31.6 -18.6 2.4
      vertex -30.8588 -19.5659 2.4
    endloop
  endfacet
  facet normal 0 0 1
    outer loop
      vertex -30.8588 -19.5659 2.4
      vertex -31.6 -18.6 2.4
      vertex -30.9827 -19.5239 2.4
    endloop
  endfacet
  facet normal 0 0 1
    outer loop
      vertex -30.9827 -19.5239 2.4
      vertex -31.6 -18.6 2.4
      vertex -31.1 -19.466 2.4
    endloop
  endfacet
  facet normal 0 0 1
    outer loop
      vertex -31.6 -18.6 2.4
      vertex -30.875 -3.24759 2.4
      vertex -31.2829 -2.97507 2.4
    endloop
  endfacet
  facet normal 0 0 1
    outer loop
      vertex -31.1 -19.466 2.4
      vertex -31.6 -18.6 2.4
      vertex -31.2088 -19.3933 2.4
    endloop
  endfacet
  facet normal 0 0 1
    outer loop
      vertex -31.2088 -19.3933 2.4
      vertex -31.6 -18.6 2.4
      vertex -31.3071 -19.3071 2.4
    endloop
  endfacet
  facet normal 0 0 1
    outer loop
      vertex -31.3071 -19.3071 2.4
      vertex -31.6 -18.6 2.4
      vertex -31.3933 -19.2088 2.4
    endloop
  endfacet
  facet normal 0 0 1
    outer loop
      vertex -31.3933 -19.2088 2.4
      vertex -31.6 -18.6 2.4
      vertex -31.466 -19.1 2.4
    endloop
  endfacet
  facet normal 0 0 1
    outer loop
      vertex -31.466 -19.1 2.4
      vertex -31.6 -18.6 2.4
      vertex -31.5239 -18.9827 2.4
    endloop
  endfacet
  facet normal 0 0 1
    outer loop
      vertex -31.5239 -18.9827 2.4
      vertex -31.6 -18.6 2.4
      vertex -31.5659 -18.8588 2.4
    endloop
  endfacet
  facet normal 0 0 1
    outer loop
      vertex -31.6 -18.6 2.4
      vertex -31.2829 -2.97507 2.4
      vertex -31.6 -2.69695 2.4
    endloop
  endfacet
  facet normal 0 0 1
    outer loop
      vertex -31.5659 -18.8588 2.4
      vertex -31.6 -18.6 2.4
      vertex -31.5914 -18.7305 2.4
    endloop
  endfacet
  facet normal -0.997836 0.0657577 8.00745e-21
    outer loop
      vertex 31.5914 -18.7305 2.4
      vertex 31.6 -18.6 18
      vertex 31.6 -18.6 2.4
    endloop
  endfacet
  facet normal -0.997836 0.0657577 8.00745e-21
    outer loop
      vertex 31.6 -18.6 18
      vertex 31.5914 -18.7305 2.4
      vertex 31.5914 -18.7305 18
    endloop
  endfacet
  facet normal -0.442621 0.896709 0
    outer loop
      vertex 31.1 -19.466 2.4
      vertex 30.9827 -19.5239 18
      vertex 31.1 -19.466 18
    endloop
  endfacet
  facet normal -0.442621 0.896709 0
    outer loop
      vertex 30.9827 -19.5239 18
      vertex 31.1 -19.466 2.4
      vertex 30.9827 -19.5239 2.4
    endloop
  endfacet
  facet normal -0.555582 0.831462 0
    outer loop
      vertex 31.2088 -19.3933 2.4
      vertex 31.1 -19.466 18
      vertex 31.2088 -19.3933 18
    endloop
  endfacet
  facet normal -0.555582 0.831462 0
    outer loop
      vertex 31.1 -19.466 18
      vertex 31.2088 -19.3933 2.4
      vertex 31.1 -19.466 2.4
    endloop
  endfacet
  facet normal 0.065396 -0.997859 0
    outer loop
      vertex -29 -3.75 2.4
      vertex -28.5105 -3.71792 18
      vertex -29 -3.75 18
    endloop
  endfacet
  facet normal 0.065396 -0.997859 0
    outer loop
      vertex -28.5105 -3.71792 18
      vertex -29 -3.75 2.4
      vertex -28.5105 -3.71792 2.4
    endloop
  endfacet
  facet normal 0.980784 0.195097 -3.91051e-19
    outer loop
      vertex -25.2821 0.489472 18
      vertex -25.3778 0.970571 2.4
      vertex -25.3778 0.970571 18
    endloop
  endfacet
  facet normal 0.980784 0.195097 -3.91051e-19
    outer loop
      vertex -25.3778 0.970571 2.4
      vertex -25.2821 0.489472 18
      vertex -25.2821 0.489472 2.4
    endloop
  endfacet
  facet normal 0.997856 0.0654403 -8.4951e-20
    outer loop
      vertex -25.25 0 18
      vertex -25.2821 0.489472 2.4
      vertex -25.2821 0.489472 18
    endloop
  endfacet
  facet normal 0.997856 0.0654403 -8.4951e-20
    outer loop
      vertex -25.2821 0.489472 2.4
      vertex -25.25 0 18
      vertex -25.25 0 2.4
    endloop
  endfacet
  facet normal 0.946975 0.321306 7.25798e-19
    outer loop
      vertex -25.3778 0.970571 18
      vertex -25.5354 1.43506 2.4
      vertex -25.5354 1.43506 18
    endloop
  endfacet
  facet normal 0.946975 0.321306 7.25798e-19
    outer loop
      vertex -25.5354 1.43506 2.4
      vertex -25.3778 0.970571 18
      vertex -25.3778 0.970571 2.4
    endloop
  endfacet
  facet normal 0.44233 -0.896852 0
    outer loop
      vertex -27.5649 -3.46455 2.4
      vertex -27.125 -3.24759 18
      vertex -27.5649 -3.46455 18
    endloop
  endfacet
  facet normal 0.44233 -0.896852 0
    outer loop
      vertex -27.125 -3.24759 18
      vertex -27.5649 -3.46455 2.4
      vertex -27.125 -3.24759 2.4
    endloop
  endfacet
  facet normal 0.195097 0.980784 -0
    outer loop
      vertex -28.0294 3.62222 2.4
      vertex -28.5105 3.71792 18
      vertex -28.0294 3.62222 18
    endloop
  endfacet
  facet normal 0.195097 0.980784 0
    outer loop
      vertex -28.5105 3.71792 18
      vertex -28.0294 3.62222 2.4
      vertex -28.5105 3.71792 2.4
    endloop
  endfacet
  facet normal 0.555528 0.831498 -0
    outer loop
      vertex -26.7171 2.97507 2.4
      vertex -27.125 3.24759 18
      vertex -26.7171 2.97507 18
    endloop
  endfacet
  facet normal 0.555528 0.831498 0
    outer loop
      vertex -27.125 3.24759 18
      vertex -26.7171 2.97507 2.4
      vertex -27.125 3.24759 2.4
    endloop
  endfacet
  facet normal 0.896836 0.442363 -8.21088e-19
    outer loop
      vertex -25.5354 1.43506 18
      vertex -25.7524 1.875 2.4
      vertex -25.7524 1.875 18
    endloop
  endfacet
  facet normal 0.896836 0.442363 -8.21088e-19
    outer loop
      vertex -25.7524 1.875 2.4
      vertex -25.5354 1.43506 18
      vertex -25.5354 1.43506 2.4
    endloop
  endfacet
  facet normal 0.44233 0.896852 -0
    outer loop
      vertex -27.125 3.24759 2.4
      vertex -27.5649 3.46455 18
      vertex -27.125 3.24759 18
    endloop
  endfacet
  facet normal 0.44233 0.896852 0
    outer loop
      vertex -27.5649 3.46455 18
      vertex -27.125 3.24759 2.4
      vertex -27.5649 3.46455 2.4
    endloop
  endfacet
  facet normal 0.831492 0.555537 -8.10243e-19
    outer loop
      vertex -25.7524 1.875 18
      vertex -26.0249 2.28286 2.4
      vertex -26.0249 2.28286 18
    endloop
  endfacet
  facet normal 0.831492 0.555537 -8.10243e-19
    outer loop
      vertex -26.0249 2.28286 2.4
      vertex -25.7524 1.875 18
      vertex -25.7524 1.875 2.4
    endloop
  endfacet
  facet normal 0.896836 -0.442363 8.21088e-19
    outer loop
      vertex -25.7524 -1.875 18
      vertex -25.5354 -1.43506 2.4
      vertex -25.5354 -1.43506 18
    endloop
  endfacet
  facet normal 0.896836 -0.442363 8.21088e-19
    outer loop
      vertex -25.5354 -1.43506 2.4
      vertex -25.7524 -1.875 18
      vertex -25.7524 -1.875 2.4
    endloop
  endfacet
  facet normal -0.555528 0.831498 0
    outer loop
      vertex -30.875 3.24759 2.4
      vertex -31.2829 2.97507 18
      vertex -30.875 3.24759 18
    endloop
  endfacet
  facet normal -0.555528 0.831498 0
    outer loop
      vertex -31.2829 2.97507 18
      vertex -30.875 3.24759 2.4
      vertex -31.2829 2.97507 2.4
    endloop
  endfacet
  facet normal -0.195097 0.980784 0
    outer loop
      vertex -29.4895 3.71792 2.4
      vertex -29.9706 3.62222 18
      vertex -29.4895 3.71792 18
    endloop
  endfacet
  facet normal -0.195097 0.980784 0
    outer loop
      vertex -29.9706 3.62222 18
      vertex -29.4895 3.71792 2.4
      vertex -29.9706 3.62222 2.4
    endloop
  endfacet
  facet normal -0.321428 0.946934 0
    outer loop
      vertex -29.9706 3.62222 2.4
      vertex -30.4351 3.46455 18
      vertex -29.9706 3.62222 18
    endloop
  endfacet
  facet normal -0.321428 0.946934 0
    outer loop
      vertex -30.4351 3.46455 18
      vertex -29.9706 3.62222 2.4
      vertex -30.4351 3.46455 2.4
    endloop
  endfacet
  facet normal 0.75186 -0.659323 1.2895e-19
    outer loop
      vertex -26.3483 -2.65165 18
      vertex -26.0249 -2.28286 2.4
      vertex -26.0249 -2.28286 18
    endloop
  endfacet
  facet normal 0.75186 -0.659323 1.2895e-19
    outer loop
      vertex -26.0249 -2.28286 2.4
      vertex -26.3483 -2.65165 18
      vertex -26.3483 -2.65165 2.4
    endloop
  endfacet
  facet normal -0.065396 -0.997859 0
    outer loop
      vertex -29.4895 -3.71792 2.4
      vertex -29 -3.75 18
      vertex -29.4895 -3.71792 18
    endloop
  endfacet
  facet normal -0.065396 -0.997859 -0
    outer loop
      vertex -29 -3.75 18
      vertex -29.4895 -3.71792 2.4
      vertex -29 -3.75 2.4
    endloop
  endfacet
  facet normal -0.659387 -0.751804 0
    outer loop
      vertex -31.6 -2.69695 2.4
      vertex -31.2829 -2.97507 18
      vertex -31.6 -2.69695 18
    endloop
  endfacet
  facet normal -0.659387 -0.751804 -0
    outer loop
      vertex -31.2829 -2.97507 18
      vertex -31.6 -2.69695 2.4
      vertex -31.2829 -2.97507 2.4
    endloop
  endfacet
  facet normal 0.659336 -0.751849 0
    outer loop
      vertex -26.7171 -2.97507 2.4
      vertex -26.3483 -2.65165 18
      vertex -26.7171 -2.97507 18
    endloop
  endfacet
  facet normal 0.659336 -0.751849 0
    outer loop
      vertex -26.3483 -2.65165 18
      vertex -26.7171 -2.97507 2.4
      vertex -26.3483 -2.65165 2.4
    endloop
  endfacet
  facet normal -0.44233 0.896852 0
    outer loop
      vertex -30.4351 3.46455 2.4
      vertex -30.875 3.24759 18
      vertex -30.4351 3.46455 18
    endloop
  endfacet
  facet normal -0.44233 0.896852 0
    outer loop
      vertex -30.875 3.24759 18
      vertex -30.4351 3.46455 2.4
      vertex -30.875 3.24759 2.4
    endloop
  endfacet
  facet normal 0.946975 -0.321306 -7.25798e-19
    outer loop
      vertex -25.5354 -1.43506 18
      vertex -25.3778 -0.970571 2.4
      vertex -25.3778 -0.970571 18
    endloop
  endfacet
  facet normal 0.946975 -0.321306 -7.25798e-19
    outer loop
      vertex -25.3778 -0.970571 2.4
      vertex -25.5354 -1.43506 18
      vertex -25.5354 -1.43506 2.4
    endloop
  endfacet
  facet normal 0.659336 0.751849 -0
    outer loop
      vertex -26.3483 2.65165 2.4
      vertex -26.7171 2.97507 18
      vertex -26.3483 2.65165 18
    endloop
  endfacet
  facet normal 0.659336 0.751849 0
    outer loop
      vertex -26.7171 2.97507 18
      vertex -26.3483 2.65165 2.4
      vertex -26.7171 2.97507 2.4
    endloop
  endfacet
  facet normal 0.75186 0.659323 -1.2895e-19
    outer loop
      vertex -26.0249 2.28286 18
      vertex -26.3483 2.65165 2.4
      vertex -26.3483 2.65165 18
    endloop
  endfacet
  facet normal 0.75186 0.659323 -1.2895e-19
    outer loop
      vertex -26.3483 2.65165 2.4
      vertex -26.0249 2.28286 18
      vertex -26.0249 2.28286 2.4
    endloop
  endfacet
  facet normal 0.195097 -0.980784 0
    outer loop
      vertex -28.5105 -3.71792 2.4
      vertex -28.0294 -3.62222 18
      vertex -28.5105 -3.71792 18
    endloop
  endfacet
  facet normal 0.195097 -0.980784 0
    outer loop
      vertex -28.0294 -3.62222 18
      vertex -28.5105 -3.71792 2.4
      vertex -28.0294 -3.62222 2.4
    endloop
  endfacet
  facet normal 0.555528 -0.831498 0
    outer loop
      vertex -27.125 -3.24759 2.4
      vertex -26.7171 -2.97507 18
      vertex -27.125 -3.24759 18
    endloop
  endfacet
  facet normal 0.555528 -0.831498 0
    outer loop
      vertex -26.7171 -2.97507 18
      vertex -27.125 -3.24759 2.4
      vertex -26.7171 -2.97507 2.4
    endloop
  endfacet
  facet normal 0.831492 -0.555537 8.10243e-19
    outer loop
      vertex -26.0249 -2.28286 18
      vertex -25.7524 -1.875 2.4
      vertex -25.7524 -1.875 18
    endloop
  endfacet
  facet normal 0.831492 -0.555537 8.10243e-19
    outer loop
      vertex -25.7524 -1.875 2.4
      vertex -26.0249 -2.28286 18
      vertex -26.0249 -2.28286 2.4
    endloop
  endfacet
  facet normal 0.321428 0.946934 -0
    outer loop
      vertex -27.5649 3.46455 2.4
      vertex -28.0294 3.62222 18
      vertex -27.5649 3.46455 18
    endloop
  endfacet
  facet normal 0.321428 0.946934 0
    outer loop
      vertex -28.0294 3.62222 18
      vertex -27.5649 3.46455 2.4
      vertex -28.0294 3.62222 2.4
    endloop
  endfacet
  facet normal -0.065396 0.997859 0
    outer loop
      vertex -29 3.75 2.4
      vertex -29.4895 3.71792 18
      vertex -29 3.75 18
    endloop
  endfacet
  facet normal -0.065396 0.997859 0
    outer loop
      vertex -29.4895 3.71792 18
      vertex -29 3.75 2.4
      vertex -29.4895 3.71792 2.4
    endloop
  endfacet
  facet normal 0.980784 -0.195097 3.91051e-19
    outer loop
      vertex -25.3778 -0.970571 18
      vertex -25.2821 -0.489472 2.4
      vertex -25.2821 -0.489472 18
    endloop
  endfacet
  facet normal 0.980784 -0.195097 3.91051e-19
    outer loop
      vertex -25.2821 -0.489472 2.4
      vertex -25.3778 -0.970571 18
      vertex -25.3778 -0.970571 2.4
    endloop
  endfacet
  facet normal 0.997856 -0.0654403 8.4951e-20
    outer loop
      vertex -25.2821 -0.489472 18
      vertex -25.25 0 2.4
      vertex -25.25 0 18
    endloop
  endfacet
  facet normal 0.997856 -0.0654403 8.4951e-20
    outer loop
      vertex -25.25 0 2.4
      vertex -25.2821 -0.489472 18
      vertex -25.2821 -0.489472 2.4
    endloop
  endfacet
  facet normal -0.659387 0.751804 0
    outer loop
      vertex -31.2829 2.97507 2.4
      vertex -31.6 2.69695 18
      vertex -31.2829 2.97507 18
    endloop
  endfacet
  facet normal -0.659387 0.751804 0
    outer loop
      vertex -31.6 2.69695 18
      vertex -31.2829 2.97507 2.4
      vertex -31.6 2.69695 2.4
    endloop
  endfacet
  facet normal -0.44233 -0.896852 0
    outer loop
      vertex -30.875 -3.24759 2.4
      vertex -30.4351 -3.46455 18
      vertex -30.875 -3.24759 18
    endloop
  endfacet
  facet normal -0.44233 -0.896852 -0
    outer loop
      vertex -30.4351 -3.46455 18
      vertex -30.875 -3.24759 2.4
      vertex -30.4351 -3.46455 2.4
    endloop
  endfacet
  facet normal 0.065396 0.997859 -0
    outer loop
      vertex -28.5105 3.71792 2.4
      vertex -29 3.75 18
      vertex -28.5105 3.71792 18
    endloop
  endfacet
  facet normal 0.065396 0.997859 0
    outer loop
      vertex -29 3.75 18
      vertex -28.5105 3.71792 2.4
      vertex -29 3.75 2.4
    endloop
  endfacet
  facet normal 0.321428 -0.946934 0
    outer loop
      vertex -28.0294 -3.62222 2.4
      vertex -27.5649 -3.46455 18
      vertex -28.0294 -3.62222 18
    endloop
  endfacet
  facet normal 0.321428 -0.946934 0
    outer loop
      vertex -27.5649 -3.46455 18
      vertex -28.0294 -3.62222 2.4
      vertex -27.5649 -3.46455 2.4
    endloop
  endfacet
  facet normal -0.321428 -0.946934 0
    outer loop
      vertex -30.4351 -3.46455 2.4
      vertex -29.9706 -3.62222 18
      vertex -30.4351 -3.46455 18
    endloop
  endfacet
  facet normal -0.321428 -0.946934 -0
    outer loop
      vertex -29.9706 -3.62222 18
      vertex -30.4351 -3.46455 2.4
      vertex -29.9706 -3.62222 2.4
    endloop
  endfacet
  facet normal -0.195097 -0.980784 0
    outer loop
      vertex -29.9706 -3.62222 2.4
      vertex -29.4895 -3.71792 18
      vertex -29.9706 -3.62222 18
    endloop
  endfacet
  facet normal -0.195097 -0.980784 -0
    outer loop
      vertex -29.4895 -3.71792 18
      vertex -29.9706 -3.62222 2.4
      vertex -29.4895 -3.71792 2.4
    endloop
  endfacet
  facet normal -0.555528 -0.831498 0
    outer loop
      vertex -31.2829 -2.97507 2.4
      vertex -30.875 -3.24759 18
      vertex -31.2829 -2.97507 18
    endloop
  endfacet
  facet normal -0.555528 -0.831498 -0
    outer loop
      vertex -30.875 -3.24759 18
      vertex -31.2829 -2.97507 2.4
      vertex -30.875 -3.24759 2.4
    endloop
  endfacet
  facet normal 0.659387 0.751804 -0
    outer loop
      vertex 31.6 2.69695 2.4
      vertex 31.2829 2.97507 18
      vertex 31.6 2.69695 18
    endloop
  endfacet
  facet normal 0.659387 0.751804 0
    outer loop
      vertex 31.2829 2.97507 18
      vertex 31.6 2.69695 2.4
      vertex 31.2829 2.97507 2.4
    endloop
  endfacet
  facet normal 0.321428 -0.946934 0
    outer loop
      vertex 29.9706 -3.62222 2.4
      vertex 30.4351 -3.46455 18
      vertex 29.9706 -3.62222 18
    endloop
  endfacet
  facet normal 0.321428 -0.946934 0
    outer loop
      vertex 30.4351 -3.46455 18
      vertex 29.9706 -3.62222 2.4
      vertex 30.4351 -3.46455 2.4
    endloop
  endfacet
  facet normal 0.44233 -0.896852 0
    outer loop
      vertex 30.4351 -3.46455 2.4
      vertex 30.875 -3.24759 18
      vertex 30.4351 -3.46455 18
    endloop
  endfacet
  facet normal 0.44233 -0.896852 0
    outer loop
      vertex 30.875 -3.24759 18
      vertex 30.4351 -3.46455 2.4
      vertex 30.875 -3.24759 2.4
    endloop
  endfacet
  facet normal -0.659336 0.751849 0
    outer loop
      vertex 26.7171 2.97507 2.4
      vertex 26.3483 2.65165 18
      vertex 26.7171 2.97507 18
    endloop
  endfacet
  facet normal -0.659336 0.751849 0
    outer loop
      vertex 26.3483 2.65165 18
      vertex 26.7171 2.97507 2.4
      vertex 26.3483 2.65165 2.4
    endloop
  endfacet
  facet normal -0.321428 -0.946934 0
    outer loop
      vertex 27.5649 -3.46455 2.4
      vertex 28.0294 -3.62222 18
      vertex 27.5649 -3.46455 18
    endloop
  endfacet
  facet normal -0.321428 -0.946934 -0
    outer loop
      vertex 28.0294 -3.62222 18
      vertex 27.5649 -3.46455 2.4
      vertex 28.0294 -3.62222 2.4
    endloop
  endfacet
  facet normal 0.321428 0.946934 -0
    outer loop
      vertex 30.4351 3.46455 2.4
      vertex 29.9706 3.62222 18
      vertex 30.4351 3.46455 18
    endloop
  endfacet
  facet normal 0.321428 0.946934 0
    outer loop
      vertex 29.9706 3.62222 18
      vertex 30.4351 3.46455 2.4
      vertex 29.9706 3.62222 2.4
    endloop
  endfacet
  facet normal 0.555528 -0.831498 0
    outer loop
      vertex 30.875 -3.24759 2.4
      vertex 31.2829 -2.97507 18
      vertex 30.875 -3.24759 18
    endloop
  endfacet
  facet normal 0.555528 -0.831498 0
    outer loop
      vertex 31.2829 -2.97507 18
      vertex 30.875 -3.24759 2.4
      vertex 31.2829 -2.97507 2.4
    endloop
  endfacet
  facet normal -0.555528 0.831498 0
    outer loop
      vertex 27.125 3.24759 2.4
      vertex 26.7171 2.97507 18
      vertex 27.125 3.24759 18
    endloop
  endfacet
  facet normal -0.555528 0.831498 0
    outer loop
      vertex 26.7171 2.97507 18
      vertex 27.125 3.24759 2.4
      vertex 26.7171 2.97507 2.4
    endloop
  endfacet
  facet normal 0.195097 0.980784 -0
    outer loop
      vertex 29.9706 3.62222 2.4
      vertex 29.4895 3.71792 18
      vertex 29.9706 3.62222 18
    endloop
  endfacet
  facet normal 0.195097 0.980784 0
    outer loop
      vertex 29.4895 3.71792 18
      vertex 29.9706 3.62222 2.4
      vertex 29.4895 3.71792 2.4
    endloop
  endfacet
  facet normal -0.065396 0.997859 0
    outer loop
      vertex 29 3.75 2.4
      vertex 28.5105 3.71792 18
      vertex 29 3.75 18
    endloop
  endfacet
  facet normal -0.065396 0.997859 0
    outer loop
      vertex 28.5105 3.71792 18
      vertex 29 3.75 2.4
      vertex 28.5105 3.71792 2.4
    endloop
  endfacet
  facet normal 0.659387 -0.751804 0
    outer loop
      vertex 31.2829 -2.97507 2.4
      vertex 31.6 -2.69695 18
      vertex 31.2829 -2.97507 18
    endloop
  endfacet
  facet normal 0.659387 -0.751804 0
    outer loop
      vertex 31.6 -2.69695 18
      vertex 31.2829 -2.97507 2.4
      vertex 31.6 -2.69695 2.4
    endloop
  endfacet
  facet normal -0.946975 0.321306 -7.25798e-19
    outer loop
      vertex 25.3778 0.970571 2.4
      vertex 25.5354 1.43506 18
      vertex 25.5354 1.43506 2.4
    endloop
  endfacet
  facet normal -0.946975 0.321306 -7.25798e-19
    outer loop
      vertex 25.5354 1.43506 18
      vertex 25.3778 0.970571 2.4
      vertex 25.3778 0.970571 18
    endloop
  endfacet
  facet normal -0.980784 0.195097 3.91051e-19
    outer loop
      vertex 25.2821 0.489472 2.4
      vertex 25.3778 0.970571 18
      vertex 25.3778 0.970571 2.4
    endloop
  endfacet
  facet normal -0.980784 0.195097 3.91051e-19
    outer loop
      vertex 25.3778 0.970571 18
      vertex 25.2821 0.489472 2.4
      vertex 25.2821 0.489472 18
    endloop
  endfacet
  facet normal 0.555528 0.831498 -0
    outer loop
      vertex 31.2829 2.97507 2.4
      vertex 30.875 3.24759 18
      vertex 31.2829 2.97507 18
    endloop
  endfacet
  facet normal 0.555528 0.831498 0
    outer loop
      vertex 30.875 3.24759 18
      vertex 31.2829 2.97507 2.4
      vertex 30.875 3.24759 2.4
    endloop
  endfacet
  facet normal -0.75186 0.659323 1.2895e-19
    outer loop
      vertex 26.0249 2.28286 2.4
      vertex 26.3483 2.65165 18
      vertex 26.3483 2.65165 2.4
    endloop
  endfacet
  facet normal -0.75186 0.659323 1.2895e-19
    outer loop
      vertex 26.3483 2.65165 18
      vertex 26.0249 2.28286 2.4
      vertex 26.0249 2.28286 18
    endloop
  endfacet
  facet normal -0.44233 0.896852 0
    outer loop
      vertex 27.5649 3.46455 2.4
      vertex 27.125 3.24759 18
      vertex 27.5649 3.46455 18
    endloop
  endfacet
  facet normal -0.44233 0.896852 0
    outer loop
      vertex 27.125 3.24759 18
      vertex 27.5649 3.46455 2.4
      vertex 27.125 3.24759 2.4
    endloop
  endfacet
  facet normal -0.065396 -0.997859 0
    outer loop
      vertex 28.5105 -3.71792 2.4
      vertex 29 -3.75 18
      vertex 28.5105 -3.71792 18
    endloop
  endfacet
  facet normal -0.065396 -0.997859 -0
    outer loop
      vertex 29 -3.75 18
      vertex 28.5105 -3.71792 2.4
      vertex 29 -3.75 2.4
    endloop
  endfacet
  facet normal -0.44233 -0.896852 0
    outer loop
      vertex 27.125 -3.24759 2.4
      vertex 27.5649 -3.46455 18
      vertex 27.125 -3.24759 18
    endloop
  endfacet
  facet normal -0.44233 -0.896852 -0
    outer loop
      vertex 27.5649 -3.46455 18
      vertex 27.125 -3.24759 2.4
      vertex 27.5649 -3.46455 2.4
    endloop
  endfacet
  facet normal 0.195097 -0.980784 0
    outer loop
      vertex 29.4895 -3.71792 2.4
      vertex 29.9706 -3.62222 18
      vertex 29.4895 -3.71792 18
    endloop
  endfacet
  facet normal 0.195097 -0.980784 0
    outer loop
      vertex 29.9706 -3.62222 18
      vertex 29.4895 -3.71792 2.4
      vertex 29.9706 -3.62222 2.4
    endloop
  endfacet
  facet normal -0.75186 -0.659323 -1.2895e-19
    outer loop
      vertex 26.3483 -2.65165 2.4
      vertex 26.0249 -2.28286 18
      vertex 26.0249 -2.28286 2.4
    endloop
  endfacet
  facet normal -0.75186 -0.659323 -1.2895e-19
    outer loop
      vertex 26.0249 -2.28286 18
      vertex 26.3483 -2.65165 2.4
      vertex 26.3483 -2.65165 18
    endloop
  endfacet
  facet normal -0.896836 -0.442363 -8.21088e-19
    outer loop
      vertex 25.7524 -1.875 2.4
      vertex 25.5354 -1.43506 18
      vertex 25.5354 -1.43506 2.4
    endloop
  endfacet
  facet normal -0.896836 -0.442363 -8.21088e-19
    outer loop
      vertex 25.5354 -1.43506 18
      vertex 25.7524 -1.875 2.4
      vertex 25.7524 -1.875 18
    endloop
  endfacet
  facet normal -0.831492 0.555537 8.10243e-19
    outer loop
      vertex 25.7524 1.875 2.4
      vertex 26.0249 2.28286 18
      vertex 26.0249 2.28286 2.4
    endloop
  endfacet
  facet normal -0.831492 0.555537 8.10243e-19
    outer loop
      vertex 26.0249 2.28286 18
      vertex 25.7524 1.875 2.4
      vertex 25.7524 1.875 18
    endloop
  endfacet
  facet normal 0.44233 0.896852 -0
    outer loop
      vertex 30.875 3.24759 2.4
      vertex 30.4351 3.46455 18
      vertex 30.875 3.24759 18
    endloop
  endfacet
  facet normal 0.44233 0.896852 0
    outer loop
      vertex 30.4351 3.46455 18
      vertex 30.875 3.24759 2.4
      vertex 30.4351 3.46455 2.4
    endloop
  endfacet
  facet normal -0.555528 -0.831498 0
    outer loop
      vertex 26.7171 -2.97507 2.4
      vertex 27.125 -3.24759 18
      vertex 26.7171 -2.97507 18
    endloop
  endfacet
  facet normal -0.555528 -0.831498 -0
    outer loop
      vertex 27.125 -3.24759 18
      vertex 26.7171 -2.97507 2.4
      vertex 27.125 -3.24759 2.4
    endloop
  endfacet
  facet normal -0.997856 0.0654403 8.4951e-20
    outer loop
      vertex 25.25 0 2.4
      vertex 25.2821 0.489472 18
      vertex 25.2821 0.489472 2.4
    endloop
  endfacet
  facet normal -0.997856 0.0654403 8.4951e-20
    outer loop
      vertex 25.2821 0.489472 18
      vertex 25.25 0 2.4
      vertex 25.25 0 18
    endloop
  endfacet
  facet normal -0.896836 0.442363 8.21088e-19
    outer loop
      vertex 25.5354 1.43506 2.4
      vertex 25.7524 1.875 18
      vertex 25.7524 1.875 2.4
    endloop
  endfacet
  facet normal -0.896836 0.442363 8.21088e-19
    outer loop
      vertex 25.7524 1.875 18
      vertex 25.5354 1.43506 2.4
      vertex 25.5354 1.43506 18
    endloop
  endfacet
  facet normal -0.980784 -0.195097 -3.91051e-19
    outer loop
      vertex 25.3778 -0.970571 2.4
      vertex 25.2821 -0.489472 18
      vertex 25.2821 -0.489472 2.4
    endloop
  endfacet
  facet normal -0.980784 -0.195097 -3.91051e-19
    outer loop
      vertex 25.2821 -0.489472 18
      vertex 25.3778 -0.970571 2.4
      vertex 25.3778 -0.970571 18
    endloop
  endfacet
  facet normal 0.065396 -0.997859 0
    outer loop
      vertex 29 -3.75 2.4
      vertex 29.4895 -3.71792 18
      vertex 29 -3.75 18
    endloop
  endfacet
  facet normal 0.065396 -0.997859 0
    outer loop
      vertex 29.4895 -3.71792 18
      vertex 29 -3.75 2.4
      vertex 29.4895 -3.71792 2.4
    endloop
  endfacet
  facet normal -0.321428 0.946934 0
    outer loop
      vertex 28.0294 3.62222 2.4
      vertex 27.5649 3.46455 18
      vertex 28.0294 3.62222 18
    endloop
  endfacet
  facet normal -0.321428 0.946934 0
    outer loop
      vertex 27.5649 3.46455 18
      vertex 28.0294 3.62222 2.4
      vertex 27.5649 3.46455 2.4
    endloop
  endfacet
  facet normal -0.946975 -0.321306 7.25798e-19
    outer loop
      vertex 25.5354 -1.43506 2.4
      vertex 25.3778 -0.970571 18
      vertex 25.3778 -0.970571 2.4
    endloop
  endfacet
  facet normal -0.946975 -0.321306 7.25798e-19
    outer loop
      vertex 25.3778 -0.970571 18
      vertex 25.5354 -1.43506 2.4
      vertex 25.5354 -1.43506 18
    endloop
  endfacet
  facet normal 0.065396 0.997859 -0
    outer loop
      vertex 29.4895 3.71792 2.4
      vertex 29 3.75 18
      vertex 29.4895 3.71792 18
    endloop
  endfacet
  facet normal 0.065396 0.997859 0
    outer loop
      vertex 29 3.75 18
      vertex 29.4895 3.71792 2.4
      vertex 29 3.75 2.4
    endloop
  endfacet
  facet normal -0.997856 -0.0654403 -8.4951e-20
    outer loop
      vertex 25.2821 -0.489472 2.4
      vertex 25.25 0 18
      vertex 25.25 0 2.4
    endloop
  endfacet
  facet normal -0.997856 -0.0654403 -8.4951e-20
    outer loop
      vertex 25.25 0 18
      vertex 25.2821 -0.489472 2.4
      vertex 25.2821 -0.489472 18
    endloop
  endfacet
  facet normal -0.195097 0.980784 0
    outer loop
      vertex 28.5105 3.71792 2.4
      vertex 28.0294 3.62222 18
      vertex 28.5105 3.71792 18
    endloop
  endfacet
  facet normal -0.195097 0.980784 0
    outer loop
      vertex 28.0294 3.62222 18
      vertex 28.5105 3.71792 2.4
      vertex 28.0294 3.62222 2.4
    endloop
  endfacet
  facet normal -0.195097 -0.980784 0
    outer loop
      vertex 28.0294 -3.62222 2.4
      vertex 28.5105 -3.71792 18
      vertex 28.0294 -3.62222 18
    endloop
  endfacet
  facet normal -0.195097 -0.980784 -0
    outer loop
      vertex 28.5105 -3.71792 18
      vertex 28.0294 -3.62222 2.4
      vertex 28.5105 -3.71792 2.4
    endloop
  endfacet
  facet normal -0.659336 -0.751849 0
    outer loop
      vertex 26.3483 -2.65165 2.4
      vertex 26.7171 -2.97507 18
      vertex 26.3483 -2.65165 18
    endloop
  endfacet
  facet normal -0.659336 -0.751849 -0
    outer loop
      vertex 26.7171 -2.97507 18
      vertex 26.3483 -2.65165 2.4
      vertex 26.7171 -2.97507 2.4
    endloop
  endfacet
  facet normal -0.831492 -0.555537 -8.10243e-19
    outer loop
      vertex 26.0249 -2.28286 2.4
      vertex 25.7524 -1.875 18
      vertex 25.7524 -1.875 2.4
    endloop
  endfacet
  facet normal -0.831492 -0.555537 -8.10243e-19
    outer loop
      vertex 25.7524 -1.875 18
      vertex 26.0249 -2.28286 2.4
      vertex 26.0249 -2.28286 18
    endloop
  endfacet
  facet normal 0.321109 -0.947042 0
    outer loop
      vertex 6.25882 -18.4659 2.4
      vertex 6.38269 -18.4239 6.4
      vertex 6.25882 -18.4659 6.4
    endloop
  endfacet
  facet normal 0.321109 -0.947042 0
    outer loop
      vertex 6.38269 -18.4239 6.4
      vertex 6.25882 -18.4659 2.4
      vertex 6.38269 -18.4239 2.4
    endloop
  endfacet
  facet normal 0 -1 0
    outer loop
      vertex -6 -18.5 6.4
      vertex -5 -18.5 5
      vertex 6 -18.5 6.4
    endloop
  endfacet
  facet normal 0 -1 0
    outer loop
      vertex -6 -18.5 2.4
      vertex -5 -18.5 5
      vertex -6 -18.5 6.4
    endloop
  endfacet
  facet normal 0 -1 -0
    outer loop
      vertex -5 -18.5 3.2
      vertex -6 -18.5 2.4
      vertex 5 -18.5 3.2
    endloop
  endfacet
  facet normal 0 -1 -0
    outer loop
      vertex -5 -18.5 5
      vertex -6 -18.5 2.4
      vertex -5 -18.5 3.2
    endloop
  endfacet
  facet normal 0 -1 0
    outer loop
      vertex 5 -18.5 5
      vertex 6 -18.5 6.4
      vertex -5 -18.5 5
    endloop
  endfacet
  facet normal 0 -1 0
    outer loop
      vertex 6 -18.5 2.4
      vertex 5 -18.5 5
      vertex 5 -18.5 3.2
    endloop
  endfacet
  facet normal 0 -1 0
    outer loop
      vertex 5 -18.5 5
      vertex 6 -18.5 2.4
      vertex 6 -18.5 6.4
    endloop
  endfacet
  facet normal 0 -1 0
    outer loop
      vertex 6 -18.5 2.4
      vertex 5 -18.5 3.2
      vertex -6 -18.5 2.4
    endloop
  endfacet
  facet normal 0.19494 -0.980815 0
    outer loop
      vertex 6.13052 -18.4914 2.4
      vertex 6.25882 -18.4659 6.4
      vertex 6.13052 -18.4914 6.4
    endloop
  endfacet
  facet normal 0.19494 -0.980815 0
    outer loop
      vertex 6.25882 -18.4659 6.4
      vertex 6.13052 -18.4914 2.4
      vertex 6.25882 -18.4659 2.4
    endloop
  endfacet
  facet normal -0.0657477 0.997836 0
    outer loop
      vertex -6 -13.5 2.4
      vertex -6.13052 -13.5086 6.4
      vertex -6 -13.5 6.4
    endloop
  endfacet
  facet normal -0.0657477 0.997836 0
    outer loop
      vertex -6.13052 -13.5086 6.4
      vertex -6 -13.5 2.4
      vertex -6.13052 -13.5086 2.4
    endloop
  endfacet
  facet normal -0.555194 0.831721 0
    outer loop
      vertex -6.5 -13.634 2.4
      vertex -6.60876 -13.7066 6.4
      vertex -6.5 -13.634 6.4
    endloop
  endfacet
  facet normal -0.555194 0.831721 0
    outer loop
      vertex -6.60876 -13.7066 6.4
      vertex -6.5 -13.634 2.4
      vertex -6.60876 -13.7066 2.4
    endloop
  endfacet
  facet normal 0.0657477 -0.997836 0
    outer loop
      vertex 6 -18.5 2.4
      vertex 6.13052 -18.4914 6.4
      vertex 6 -18.5 6.4
    endloop
  endfacet
  facet normal 0.0657477 -0.997836 0
    outer loop
      vertex 6.13052 -18.4914 6.4
      vertex 6 -18.5 2.4
      vertex 6.13052 -18.4914 2.4
    endloop
  endfacet
  facet normal -0.555194 -0.831721 0
    outer loop
      vertex -6.60876 -18.2934 2.4
      vertex -6.5 -18.366 6.4
      vertex -6.60876 -18.2934 6.4
    endloop
  endfacet
  facet normal -0.555194 -0.831721 -0
    outer loop
      vertex -6.5 -18.366 6.4
      vertex -6.60876 -18.2934 2.4
      vertex -6.5 -18.366 2.4
    endloop
  endfacet
  facet normal -0.751714 -0.659489 -6.34022e-19
    outer loop
      vertex -6.70711 -18.2071 2.4
      vertex -6.79335 -18.1088 6.4
      vertex -6.79335 -18.1088 2.4
    endloop
  endfacet
  facet normal -0.751714 -0.659489 -6.34022e-19
    outer loop
      vertex -6.79335 -18.1088 6.4
      vertex -6.70711 -18.2071 2.4
      vertex -6.70711 -18.2071 6.4
    endloop
  endfacet
  facet normal -0.442591 -0.896724 0
    outer loop
      vertex -6.5 -18.366 2.4
      vertex -6.38269 -18.4239 6.4
      vertex -6.5 -18.366 6.4
    endloop
  endfacet
  facet normal -0.442591 -0.896724 -0
    outer loop
      vertex -6.38269 -18.4239 6.4
      vertex -6.5 -18.366 2.4
      vertex -6.38269 -18.4239 2.4
    endloop
  endfacet
  facet normal -0.896891 0.442252 -2.64736e-19
    outer loop
      vertex -6.92387 -14.1173 2.4
      vertex -6.86603 -14 6.4
      vertex -6.86603 -14 2.4
    endloop
  endfacet
  facet normal -0.896891 0.442252 -2.64736e-19
    outer loop
      vertex -6.86603 -14 6.4
      vertex -6.92387 -14.1173 2.4
      vertex -6.92387 -14.1173 6.4
    endloop
  endfacet
  facet normal -1 0 0
    outer loop
      vertex -7 -17.5 2.4
      vertex -7 -14.5 6.4
      vertex -7 -14.5 2.4
    endloop
  endfacet
  facet normal -1 -0 0
    outer loop
      vertex -7 -14.5 6.4
      vertex -7 -17.5 2.4
      vertex -7 -17.5 6.4
    endloop
  endfacet
  facet normal 0.980801 -0.195013 -2.71492e-19
    outer loop
      vertex 6.96593 -17.7588 6.4
      vertex 6.99144 -17.6305 2.4
      vertex 6.99144 -17.6305 6.4
    endloop
  endfacet
  facet normal 0.980801 -0.195013 -2.71492e-19
    outer loop
      vertex 6.99144 -17.6305 2.4
      vertex 6.96593 -17.7588 6.4
      vertex 6.96593 -17.7588 2.4
    endloop
  endfacet
  facet normal -0.831533 -0.555476 -3.72642e-19
    outer loop
      vertex -6.79335 -18.1088 2.4
      vertex -6.86603 -18 6.4
      vertex -6.86603 -18 2.4
    endloop
  endfacet
  facet normal -0.831533 -0.555476 -3.72642e-19
    outer loop
      vertex -6.86603 -18 6.4
      vertex -6.79335 -18.1088 2.4
      vertex -6.79335 -18.1088 6.4
    endloop
  endfacet
  facet normal 0.659559 0.751653 -0
    outer loop
      vertex 6.70711 -13.7929 2.4
      vertex 6.60876 -13.7066 6.4
      vertex 6.70711 -13.7929 6.4
    endloop
  endfacet
  facet normal 0.659559 0.751653 0
    outer loop
      vertex 6.60876 -13.7066 6.4
      vertex 6.70711 -13.7929 2.4
      vertex 6.60876 -13.7066 2.4
    endloop
  endfacet
  facet normal -0.321109 -0.947042 0
    outer loop
      vertex -6.38269 -18.4239 2.4
      vertex -6.25882 -18.4659 6.4
      vertex -6.38269 -18.4239 6.4
    endloop
  endfacet
  facet normal -0.321109 -0.947042 -0
    outer loop
      vertex -6.25882 -18.4659 6.4
      vertex -6.38269 -18.4239 2.4
      vertex -6.25882 -18.4659 2.4
    endloop
  endfacet
  facet normal 0 1 0
    outer loop
      vertex 6 -13.5 6.4
      vertex 5 -13.5 5
      vertex -6 -13.5 6.4
    endloop
  endfacet
  facet normal 0 1 -0
    outer loop
      vertex 6 -13.5 2.4
      vertex 5 -13.5 5
      vertex 6 -13.5 6.4
    endloop
  endfacet
  facet normal 0 1 0
    outer loop
      vertex 5 -13.5 3.2
      vertex 6 -13.5 2.4
      vertex -5 -13.5 3.2
    endloop
  endfacet
  facet normal 0 1 0
    outer loop
      vertex 5 -13.5 5
      vertex 6 -13.5 2.4
      vertex 5 -13.5 3.2
    endloop
  endfacet
  facet normal 0 1 -0
    outer loop
      vertex -5 -13.5 5
      vertex -6 -13.5 6.4
      vertex 5 -13.5 5
    endloop
  endfacet
  facet normal 0 1 0
    outer loop
      vertex -6 -13.5 2.4
      vertex -5 -13.5 5
      vertex -5 -13.5 3.2
    endloop
  endfacet
  facet normal 0 1 0
    outer loop
      vertex -5 -13.5 5
      vertex -6 -13.5 2.4
      vertex -6 -13.5 6.4
    endloop
  endfacet
  facet normal 0 1 0
    outer loop
      vertex -6 -13.5 2.4
      vertex -5 -13.5 3.2
      vertex 6 -13.5 2.4
    endloop
  endfacet
  facet normal -0.19494 0.980815 0
    outer loop
      vertex -6.13052 -13.5086 2.4
      vertex -6.25882 -13.5341 6.4
      vertex -6.13052 -13.5086 6.4
    endloop
  endfacet
  facet normal -0.19494 0.980815 0
    outer loop
      vertex -6.25882 -13.5341 6.4
      vertex -6.13052 -13.5086 2.4
      vertex -6.25882 -13.5341 2.4
    endloop
  endfacet
  facet normal -0.442591 0.896724 0
    outer loop
      vertex -6.38269 -13.5761 2.4
      vertex -6.5 -13.634 6.4
      vertex -6.38269 -13.5761 6.4
    endloop
  endfacet
  facet normal -0.442591 0.896724 0
    outer loop
      vertex -6.5 -13.634 6.4
      vertex -6.38269 -13.5761 2.4
      vertex -6.5 -13.634 2.4
    endloop
  endfacet
  facet normal 0.997856 0.0654532 -1.64694e-19
    outer loop
      vertex 7 -14.5 6.4
      vertex 6.99144 -14.3695 2.4
      vertex 6.99144 -14.3695 6.4
    endloop
  endfacet
  facet normal 0.997856 0.0654532 -1.64694e-19
    outer loop
      vertex 6.99144 -14.3695 2.4
      vertex 7 -14.5 6.4
      vertex 7 -14.5 2.4
    endloop
  endfacet
  facet normal 1 -0 0
    outer loop
      vertex 7 -17.5 6.4
      vertex 7 -14.5 2.4
      vertex 7 -14.5 6.4
    endloop
  endfacet
  facet normal 1 0 0
    outer loop
      vertex 7 -14.5 2.4
      vertex 7 -17.5 6.4
      vertex 7 -17.5 2.4
    endloop
  endfacet
  facet normal -0.321109 0.947042 0
    outer loop
      vertex -6.25882 -13.5341 2.4
      vertex -6.38269 -13.5761 6.4
      vertex -6.25882 -13.5341 6.4
    endloop
  endfacet
  facet normal -0.321109 0.947042 0
    outer loop
      vertex -6.38269 -13.5761 6.4
      vertex -6.25882 -13.5341 2.4
      vertex -6.38269 -13.5761 2.4
    endloop
  endfacet
  facet normal 0.751714 0.659489 3.93272e-19
    outer loop
      vertex 6.79335 -13.8912 6.4
      vertex 6.70711 -13.7929 2.4
      vertex 6.70711 -13.7929 6.4
    endloop
  endfacet
  facet normal 0.751714 0.659489 3.93272e-19
    outer loop
      vertex 6.70711 -13.7929 2.4
      vertex 6.79335 -13.8912 6.4
      vertex 6.79335 -13.8912 2.4
    endloop
  endfacet
  facet normal -0.997856 -0.0654532 1.98618e-19
    outer loop
      vertex -6.99144 -17.6305 2.4
      vertex -7 -17.5 6.4
      vertex -7 -17.5 2.4
    endloop
  endfacet
  facet normal -0.997856 -0.0654532 1.98618e-19
    outer loop
      vertex -7 -17.5 6.4
      vertex -6.99144 -17.6305 2.4
      vertex -6.99144 -17.6305 6.4
    endloop
  endfacet
  facet normal 0.19494 0.980815 -0
    outer loop
      vertex 6.25882 -13.5341 2.4
      vertex 6.13052 -13.5086 6.4
      vertex 6.25882 -13.5341 6.4
    endloop
  endfacet
  facet normal 0.19494 0.980815 0
    outer loop
      vertex 6.13052 -13.5086 6.4
      vertex 6.25882 -13.5341 2.4
      vertex 6.13052 -13.5086 2.4
    endloop
  endfacet
  facet normal -0.19494 -0.980815 0
    outer loop
      vertex -6.25882 -18.4659 2.4
      vertex -6.13052 -18.4914 6.4
      vertex -6.25882 -18.4659 6.4
    endloop
  endfacet
  facet normal -0.19494 -0.980815 -0
    outer loop
      vertex -6.13052 -18.4914 6.4
      vertex -6.25882 -18.4659 2.4
      vertex -6.13052 -18.4914 2.4
    endloop
  endfacet
  facet normal -0.0657477 -0.997836 0
    outer loop
      vertex -6.13052 -18.4914 2.4
      vertex -6 -18.5 6.4
      vertex -6.13052 -18.4914 6.4
    endloop
  endfacet
  facet normal -0.0657477 -0.997836 -0
    outer loop
      vertex -6 -18.5 6.4
      vertex -6.13052 -18.4914 2.4
      vertex -6 -18.5 2.4
    endloop
  endfacet
  facet normal 0.321109 0.947042 -0
    outer loop
      vertex 6.38269 -13.5761 2.4
      vertex 6.25882 -13.5341 6.4
      vertex 6.38269 -13.5761 6.4
    endloop
  endfacet
  facet normal 0.321109 0.947042 0
    outer loop
      vertex 6.25882 -13.5341 6.4
      vertex 6.38269 -13.5761 2.4
      vertex 6.25882 -13.5341 2.4
    endloop
  endfacet
  facet normal -0.751714 0.659489 -3.93272e-19
    outer loop
      vertex -6.79335 -13.8912 2.4
      vertex -6.70711 -13.7929 6.4
      vertex -6.70711 -13.7929 2.4
    endloop
  endfacet
  facet normal -0.751714 0.659489 -3.93272e-19
    outer loop
      vertex -6.70711 -13.7929 6.4
      vertex -6.79335 -13.8912 2.4
      vertex -6.79335 -13.8912 6.4
    endloop
  endfacet
  facet normal -0.831533 0.555476 -1.53546e-18
    outer loop
      vertex -6.86603 -14 2.4
      vertex -6.79335 -13.8912 6.4
      vertex -6.79335 -13.8912 2.4
    endloop
  endfacet
  facet normal -0.831533 0.555476 -1.53546e-18
    outer loop
      vertex -6.79335 -13.8912 6.4
      vertex -6.86603 -14 2.4
      vertex -6.86603 -14 6.4
    endloop
  endfacet
  facet normal -0.659559 -0.751653 0
    outer loop
      vertex -6.70711 -18.2071 2.4
      vertex -6.60876 -18.2934 6.4
      vertex -6.70711 -18.2071 6.4
    endloop
  endfacet
  facet normal -0.659559 -0.751653 -0
    outer loop
      vertex -6.60876 -18.2934 6.4
      vertex -6.70711 -18.2071 2.4
      vertex -6.60876 -18.2934 2.4
    endloop
  endfacet
  facet normal -0.946926 0.321451 6.48762e-19
    outer loop
      vertex -6.96593 -14.2412 2.4
      vertex -6.92387 -14.1173 6.4
      vertex -6.92387 -14.1173 2.4
    endloop
  endfacet
  facet normal -0.946926 0.321451 6.48762e-19
    outer loop
      vertex -6.92387 -14.1173 6.4
      vertex -6.96593 -14.2412 2.4
      vertex -6.96593 -14.2412 6.4
    endloop
  endfacet
  facet normal 0.0657477 0.997836 -0
    outer loop
      vertex 6.13052 -13.5086 2.4
      vertex 6 -13.5 6.4
      vertex 6.13052 -13.5086 6.4
    endloop
  endfacet
  facet normal 0.0657477 0.997836 0
    outer loop
      vertex 6 -13.5 6.4
      vertex 6.13052 -13.5086 2.4
      vertex 6 -13.5 2.4
    endloop
  endfacet
  facet normal -0.659559 0.751653 0
    outer loop
      vertex -6.60876 -13.7066 2.4
      vertex -6.70711 -13.7929 6.4
      vertex -6.60876 -13.7066 6.4
    endloop
  endfacet
  facet normal -0.659559 0.751653 0
    outer loop
      vertex -6.70711 -13.7929 6.4
      vertex -6.60876 -13.7066 2.4
      vertex -6.70711 -13.7929 2.4
    endloop
  endfacet
  facet normal 0.751714 -0.659489 6.34022e-19
    outer loop
      vertex 6.70711 -18.2071 6.4
      vertex 6.79335 -18.1088 2.4
      vertex 6.79335 -18.1088 6.4
    endloop
  endfacet
  facet normal 0.751714 -0.659489 6.34022e-19
    outer loop
      vertex 6.79335 -18.1088 2.4
      vertex 6.70711 -18.2071 6.4
      vertex 6.70711 -18.2071 2.4
    endloop
  endfacet
  facet normal 0.659559 -0.751653 0
    outer loop
      vertex 6.60876 -18.2934 2.4
      vertex 6.70711 -18.2071 6.4
      vertex 6.60876 -18.2934 6.4
    endloop
  endfacet
  facet normal 0.659559 -0.751653 0
    outer loop
      vertex 6.70711 -18.2071 6.4
      vertex 6.60876 -18.2934 2.4
      vertex 6.70711 -18.2071 2.4
    endloop
  endfacet
  facet normal -0.980801 0.195013 1.33772e-19
    outer loop
      vertex -6.99144 -14.3695 2.4
      vertex -6.96593 -14.2412 6.4
      vertex -6.96593 -14.2412 2.4
    endloop
  endfacet
  facet normal -0.980801 0.195013 1.33772e-19
    outer loop
      vertex -6.96593 -14.2412 6.4
      vertex -6.99144 -14.3695 2.4
      vertex -6.99144 -14.3695 6.4
    endloop
  endfacet
  facet normal -0.997856 0.0654532 1.64694e-19
    outer loop
      vertex -7 -14.5 2.4
      vertex -6.99144 -14.3695 6.4
      vertex -6.99144 -14.3695 2.4
    endloop
  endfacet
  facet normal -0.997856 0.0654532 1.64694e-19
    outer loop
      vertex -6.99144 -14.3695 6.4
      vertex -7 -14.5 2.4
      vertex -7 -14.5 6.4
    endloop
  endfacet
  facet normal -0.896891 -0.442252 2.64736e-19
    outer loop
      vertex -6.86603 -18 2.4
      vertex -6.92387 -17.8827 6.4
      vertex -6.92387 -17.8827 2.4
    endloop
  endfacet
  facet normal -0.896891 -0.442252 2.64736e-19
    outer loop
      vertex -6.92387 -17.8827 6.4
      vertex -6.86603 -18 2.4
      vertex -6.86603 -18 6.4
    endloop
  endfacet
  facet normal 0.946926 0.321451 -6.48762e-19
    outer loop
      vertex 6.96593 -14.2412 6.4
      vertex 6.92387 -14.1173 2.4
      vertex 6.92387 -14.1173 6.4
    endloop
  endfacet
  facet normal 0.946926 0.321451 -6.48762e-19
    outer loop
      vertex 6.92387 -14.1173 2.4
      vertex 6.96593 -14.2412 6.4
      vertex 6.96593 -14.2412 2.4
    endloop
  endfacet
  facet normal 0.896891 -0.442252 -2.64736e-19
    outer loop
      vertex 6.86603 -18 6.4
      vertex 6.92387 -17.8827 2.4
      vertex 6.92387 -17.8827 6.4
    endloop
  endfacet
  facet normal 0.896891 -0.442252 -2.64736e-19
    outer loop
      vertex 6.92387 -17.8827 2.4
      vertex 6.86603 -18 6.4
      vertex 6.86603 -18 2.4
    endloop
  endfacet
  facet normal 0.831533 0.555476 1.53546e-18
    outer loop
      vertex 6.86603 -14 6.4
      vertex 6.79335 -13.8912 2.4
      vertex 6.79335 -13.8912 6.4
    endloop
  endfacet
  facet normal 0.831533 0.555476 1.53546e-18
    outer loop
      vertex 6.79335 -13.8912 2.4
      vertex 6.86603 -14 6.4
      vertex 6.86603 -14 2.4
    endloop
  endfacet
  facet normal 0 0 1
    outer loop
      vertex 6 -13.5 6.4
      vertex 7 -14.5 6.4
      vertex 6.99144 -14.3695 6.4
    endloop
  endfacet
  facet normal 0 0 1
    outer loop
      vertex 7 -14.5 6.4
      vertex 6 -13.5 6.4
      vertex 7 -17.5 6.4
    endloop
  endfacet
  facet normal 0 0 1
    outer loop
      vertex 6 -13.5 6.4
      vertex 6.99144 -14.3695 6.4
      vertex 6.96593 -14.2412 6.4
    endloop
  endfacet
  facet normal 0 0 1
    outer loop
      vertex 6 -18.5 6.4
      vertex 7 -17.5 6.4
      vertex 6 -13.5 6.4
    endloop
  endfacet
  facet normal 0 0 1
    outer loop
      vertex 6 -13.5 6.4
      vertex 6.96593 -14.2412 6.4
      vertex 6.92387 -14.1173 6.4
    endloop
  endfacet
  facet normal 0 0 1
    outer loop
      vertex 7 -17.5 6.4
      vertex 6 -18.5 6.4
      vertex 6.99144 -17.6305 6.4
    endloop
  endfacet
  facet normal 0 0 1
    outer loop
      vertex 6 -13.5 6.4
      vertex 6.92387 -14.1173 6.4
      vertex 6.86603 -14 6.4
    endloop
  endfacet
  facet normal 0 0 1
    outer loop
      vertex 6.99144 -17.6305 6.4
      vertex 6 -18.5 6.4
      vertex 6.96593 -17.7588 6.4
    endloop
  endfacet
  facet normal 0 0 1
    outer loop
      vertex 6 -13.5 6.4
      vertex 6.86603 -14 6.4
      vertex 6.79335 -13.8912 6.4
    endloop
  endfacet
  facet normal 0 0 1
    outer loop
      vertex 6.96593 -17.7588 6.4
      vertex 6 -18.5 6.4
      vertex 6.92387 -17.8827 6.4
    endloop
  endfacet
  facet normal 0 0 1
    outer loop
      vertex 6 -13.5 6.4
      vertex 6.79335 -13.8912 6.4
      vertex 6.70711 -13.7929 6.4
    endloop
  endfacet
  facet normal 0 0 1
    outer loop
      vertex 6.92387 -17.8827 6.4
      vertex 6 -18.5 6.4
      vertex 6.86603 -18 6.4
    endloop
  endfacet
  facet normal 0 0 1
    outer loop
      vertex 6 -13.5 6.4
      vertex 6.70711 -13.7929 6.4
      vertex 6.60876 -13.7066 6.4
    endloop
  endfacet
  facet normal 0 0 1
    outer loop
      vertex 6.86603 -18 6.4
      vertex 6 -18.5 6.4
      vertex 6.79335 -18.1088 6.4
    endloop
  endfacet
  facet normal 0 0 1
    outer loop
      vertex 6 -13.5 6.4
      vertex 6.60876 -13.7066 6.4
      vertex 6.5 -13.634 6.4
    endloop
  endfacet
  facet normal 0 0 1
    outer loop
      vertex 6.79335 -18.1088 6.4
      vertex 6 -18.5 6.4
      vertex 6.70711 -18.2071 6.4
    endloop
  endfacet
  facet normal 0 0 1
    outer loop
      vertex 6 -13.5 6.4
      vertex 6.5 -13.634 6.4
      vertex 6.38269 -13.5761 6.4
    endloop
  endfacet
  facet normal 0 0 1
    outer loop
      vertex 6.70711 -18.2071 6.4
      vertex 6 -18.5 6.4
      vertex 6.60876 -18.2934 6.4
    endloop
  endfacet
  facet normal 0 0 1
    outer loop
      vertex 6 -13.5 6.4
      vertex 6.38269 -13.5761 6.4
      vertex 6.25882 -13.5341 6.4
    endloop
  endfacet
  facet normal 0 0 1
    outer loop
      vertex 6.60876 -18.2934 6.4
      vertex 6 -18.5 6.4
      vertex 6.5 -18.366 6.4
    endloop
  endfacet
  facet normal 0 0 1
    outer loop
      vertex 6 -13.5 6.4
      vertex 6.25882 -13.5341 6.4
      vertex 6.13052 -13.5086 6.4
    endloop
  endfacet
  facet normal 0 0 1
    outer loop
      vertex 6.5 -18.366 6.4
      vertex 6 -18.5 6.4
      vertex 6.38269 -18.4239 6.4
    endloop
  endfacet
  facet normal 0 0 1
    outer loop
      vertex 6.38269 -18.4239 6.4
      vertex 6 -18.5 6.4
      vertex 6.25882 -18.4659 6.4
    endloop
  endfacet
  facet normal 0 0 1
    outer loop
      vertex 6.25882 -18.4659 6.4
      vertex 6 -18.5 6.4
      vertex 6.13052 -18.4914 6.4
    endloop
  endfacet
  facet normal -0 0 1
    outer loop
      vertex -6 -13.5 6.4
      vertex 6 -18.5 6.4
      vertex 6 -13.5 6.4
    endloop
  endfacet
  facet normal 0 0 1
    outer loop
      vertex -6 -13.5 6.4
      vertex -6 -18.5 6.4
      vertex 6 -18.5 6.4
    endloop
  endfacet
  facet normal 0 0 1
    outer loop
      vertex -7 -14.5 6.4
      vertex -6 -13.5 6.4
      vertex -6.13052 -13.5086 6.4
    endloop
  endfacet
  facet normal 0 0 1
    outer loop
      vertex -6 -13.5 6.4
      vertex -7 -14.5 6.4
      vertex -6 -18.5 6.4
    endloop
  endfacet
  facet normal 0 0 1
    outer loop
      vertex -7 -14.5 6.4
      vertex -6.13052 -13.5086 6.4
      vertex -6.25882 -13.5341 6.4
    endloop
  endfacet
  facet normal -0 0 1
    outer loop
      vertex -7 -17.5 6.4
      vertex -6 -18.5 6.4
      vertex -7 -14.5 6.4
    endloop
  endfacet
  facet normal 0 0 1
    outer loop
      vertex -7 -14.5 6.4
      vertex -6.25882 -13.5341 6.4
      vertex -6.38269 -13.5761 6.4
    endloop
  endfacet
  facet normal 0 0 1
    outer loop
      vertex -6 -18.5 6.4
      vertex -7 -17.5 6.4
      vertex -6.13052 -18.4914 6.4
    endloop
  endfacet
  facet normal 0 0 1
    outer loop
      vertex -7 -14.5 6.4
      vertex -6.38269 -13.5761 6.4
      vertex -6.5 -13.634 6.4
    endloop
  endfacet
  facet normal 0 0 1
    outer loop
      vertex -6.13052 -18.4914 6.4
      vertex -7 -17.5 6.4
      vertex -6.25882 -18.4659 6.4
    endloop
  endfacet
  facet normal 0 0 1
    outer loop
      vertex -7 -14.5 6.4
      vertex -6.5 -13.634 6.4
      vertex -6.60876 -13.7066 6.4
    endloop
  endfacet
  facet normal 0 0 1
    outer loop
      vertex -6.25882 -18.4659 6.4
      vertex -7 -17.5 6.4
      vertex -6.38269 -18.4239 6.4
    endloop
  endfacet
  facet normal 0 0 1
    outer loop
      vertex -7 -14.5 6.4
      vertex -6.60876 -13.7066 6.4
      vertex -6.70711 -13.7929 6.4
    endloop
  endfacet
  facet normal 0 0 1
    outer loop
      vertex -6.38269 -18.4239 6.4
      vertex -7 -17.5 6.4
      vertex -6.5 -18.366 6.4
    endloop
  endfacet
  facet normal 0 0 1
    outer loop
      vertex -7 -14.5 6.4
      vertex -6.70711 -13.7929 6.4
      vertex -6.79335 -13.8912 6.4
    endloop
  endfacet
  facet normal 0 0 1
    outer loop
      vertex -6.5 -18.366 6.4
      vertex -7 -17.5 6.4
      vertex -6.60876 -18.2934 6.4
    endloop
  endfacet
  facet normal 0 0 1
    outer loop
      vertex -7 -14.5 6.4
      vertex -6.79335 -13.8912 6.4
      vertex -6.86603 -14 6.4
    endloop
  endfacet
  facet normal 0 0 1
    outer loop
      vertex -6.60876 -18.2934 6.4
      vertex -7 -17.5 6.4
      vertex -6.70711 -18.2071 6.4
    endloop
  endfacet
  facet normal 0 0 1
    outer loop
      vertex -7 -14.5 6.4
      vertex -6.86603 -14 6.4
      vertex -6.92387 -14.1173 6.4
    endloop
  endfacet
  facet normal 0 0 1
    outer loop
      vertex -6.70711 -18.2071 6.4
      vertex -7 -17.5 6.4
      vertex -6.79335 -18.1088 6.4
    endloop
  endfacet
  facet normal 0 0 1
    outer loop
      vertex -7 -14.5 6.4
      vertex -6.92387 -14.1173 6.4
      vertex -6.96593 -14.2412 6.4
    endloop
  endfacet
  facet normal 0 0 1
    outer loop
      vertex -6.79335 -18.1088 6.4
      vertex -7 -17.5 6.4
      vertex -6.86603 -18 6.4
    endloop
  endfacet
  facet normal 0 0 1
    outer loop
      vertex -7 -14.5 6.4
      vertex -6.96593 -14.2412 6.4
      vertex -6.99144 -14.3695 6.4
    endloop
  endfacet
  facet normal 0 0 1
    outer loop
      vertex -6.86603 -18 6.4
      vertex -7 -17.5 6.4
      vertex -6.92387 -17.8827 6.4
    endloop
  endfacet
  facet normal 0 0 1
    outer loop
      vertex -6.92387 -17.8827 6.4
      vertex -7 -17.5 6.4
      vertex -6.96593 -17.7588 6.4
    endloop
  endfacet
  facet normal 0 0 1
    outer loop
      vertex -6.96593 -17.7588 6.4
      vertex -7 -17.5 6.4
      vertex -6.99144 -17.6305 6.4
    endloop
  endfacet
  facet normal 0.896891 0.442252 2.64736e-19
    outer loop
      vertex 6.92387 -14.1173 6.4
      vertex 6.86603 -14 2.4
      vertex 6.86603 -14 6.4
    endloop
  endfacet
  facet normal 0.896891 0.442252 2.64736e-19
    outer loop
      vertex 6.86603 -14 2.4
      vertex 6.92387 -14.1173 6.4
      vertex 6.92387 -14.1173 2.4
    endloop
  endfacet
  facet normal 0.946926 -0.321451 6.48762e-19
    outer loop
      vertex 6.92387 -17.8827 6.4
      vertex 6.96593 -17.7588 2.4
      vertex 6.96593 -17.7588 6.4
    endloop
  endfacet
  facet normal 0.946926 -0.321451 6.48762e-19
    outer loop
      vertex 6.96593 -17.7588 2.4
      vertex 6.92387 -17.8827 6.4
      vertex 6.92387 -17.8827 2.4
    endloop
  endfacet
  facet normal 0.980801 0.195013 -1.33772e-19
    outer loop
      vertex 6.99144 -14.3695 6.4
      vertex 6.96593 -14.2412 2.4
      vertex 6.96593 -14.2412 6.4
    endloop
  endfacet
  facet normal 0.980801 0.195013 -1.33772e-19
    outer loop
      vertex 6.96593 -14.2412 2.4
      vertex 6.99144 -14.3695 6.4
      vertex 6.99144 -14.3695 2.4
    endloop
  endfacet
  facet normal -0.946926 -0.321451 -6.48762e-19
    outer loop
      vertex -6.92387 -17.8827 2.4
      vertex -6.96593 -17.7588 6.4
      vertex -6.96593 -17.7588 2.4
    endloop
  endfacet
  facet normal -0.946926 -0.321451 -6.48762e-19
    outer loop
      vertex -6.96593 -17.7588 6.4
      vertex -6.92387 -17.8827 2.4
      vertex -6.92387 -17.8827 6.4
    endloop
  endfacet
  facet normal 0.555194 0.831721 -0
    outer loop
      vertex 6.60876 -13.7066 2.4
      vertex 6.5 -13.634 6.4
      vertex 6.60876 -13.7066 6.4
    endloop
  endfacet
  facet normal 0.555194 0.831721 0
    outer loop
      vertex 6.5 -13.634 6.4
      vertex 6.60876 -13.7066 2.4
      vertex 6.5 -13.634 2.4
    endloop
  endfacet
  facet normal 0.442591 0.896724 -0
    outer loop
      vertex 6.5 -13.634 2.4
      vertex 6.38269 -13.5761 6.4
      vertex 6.5 -13.634 6.4
    endloop
  endfacet
  facet normal 0.442591 0.896724 0
    outer loop
      vertex 6.38269 -13.5761 6.4
      vertex 6.5 -13.634 2.4
      vertex 6.38269 -13.5761 2.4
    endloop
  endfacet
  facet normal 0.831533 -0.555476 3.72642e-19
    outer loop
      vertex 6.79335 -18.1088 6.4
      vertex 6.86603 -18 2.4
      vertex 6.86603 -18 6.4
    endloop
  endfacet
  facet normal 0.831533 -0.555476 3.72642e-19
    outer loop
      vertex 6.86603 -18 2.4
      vertex 6.79335 -18.1088 6.4
      vertex 6.79335 -18.1088 2.4
    endloop
  endfacet
  facet normal -0.980801 -0.195013 2.71492e-19
    outer loop
      vertex -6.96593 -17.7588 2.4
      vertex -6.99144 -17.6305 6.4
      vertex -6.99144 -17.6305 2.4
    endloop
  endfacet
  facet normal -0.980801 -0.195013 2.71492e-19
    outer loop
      vertex -6.99144 -17.6305 6.4
      vertex -6.96593 -17.7588 2.4
      vertex -6.96593 -17.7588 6.4
    endloop
  endfacet
  facet normal 0.997856 -0.0654532 -1.98618e-19
    outer loop
      vertex 6.99144 -17.6305 6.4
      vertex 7 -17.5 2.4
      vertex 7 -17.5 6.4
    endloop
  endfacet
  facet normal 0.997856 -0.0654532 -1.98618e-19
    outer loop
      vertex 7 -17.5 2.4
      vertex 6.99144 -17.6305 6.4
      vertex 6.99144 -17.6305 2.4
    endloop
  endfacet
  facet normal 0.442591 -0.896724 0
    outer loop
      vertex 6.38269 -18.4239 2.4
      vertex 6.5 -18.366 6.4
      vertex 6.38269 -18.4239 6.4
    endloop
  endfacet
  facet normal 0.442591 -0.896724 0
    outer loop
      vertex 6.5 -18.366 6.4
      vertex 6.38269 -18.4239 2.4
      vertex 6.5 -18.366 2.4
    endloop
  endfacet
  facet normal 0.555194 -0.831721 0
    outer loop
      vertex 6.5 -18.366 2.4
      vertex 6.60876 -18.2934 6.4
      vertex 6.5 -18.366 6.4
    endloop
  endfacet
  facet normal 0.555194 -0.831721 0
    outer loop
      vertex 6.60876 -18.2934 6.4
      vertex 6.5 -18.366 2.4
      vertex 6.60876 -18.2934 2.4
    endloop
  endfacet
  facet normal 0.321109 -0.947042 0
    outer loop
      vertex 6.25882 13.5341 2.4
      vertex 6.38269 13.5761 6.4
      vertex 6.25882 13.5341 6.4
    endloop
  endfacet
  facet normal 0.321109 -0.947042 0
    outer loop
      vertex 6.38269 13.5761 6.4
      vertex 6.25882 13.5341 2.4
      vertex 6.38269 13.5761 2.4
    endloop
  endfacet
  facet normal 0 -1 0
    outer loop
      vertex -6 13.5 6.4
      vertex -5 13.5 5
      vertex 6 13.5 6.4
    endloop
  endfacet
  facet normal 0 -1 0
    outer loop
      vertex -6 13.5 2.4
      vertex -5 13.5 5
      vertex -6 13.5 6.4
    endloop
  endfacet
  facet normal 0 -1 -0
    outer loop
      vertex -5 13.5 3.2
      vertex -6 13.5 2.4
      vertex 5 13.5 3.2
    endloop
  endfacet
  facet normal 0 -1 -0
    outer loop
      vertex -5 13.5 5
      vertex -6 13.5 2.4
      vertex -5 13.5 3.2
    endloop
  endfacet
  facet normal 0 -1 0
    outer loop
      vertex 5 13.5 5
      vertex 6 13.5 6.4
      vertex -5 13.5 5
    endloop
  endfacet
  facet normal 0 -1 0
    outer loop
      vertex 6 13.5 2.4
      vertex 5 13.5 5
      vertex 5 13.5 3.2
    endloop
  endfacet
  facet normal 0 -1 0
    outer loop
      vertex 5 13.5 5
      vertex 6 13.5 2.4
      vertex 6 13.5 6.4
    endloop
  endfacet
  facet normal 0 -1 0
    outer loop
      vertex 6 13.5 2.4
      vertex 5 13.5 3.2
      vertex -6 13.5 2.4
    endloop
  endfacet
  facet normal 0.19494 -0.980815 0
    outer loop
      vertex 6.13052 13.5086 2.4
      vertex 6.25882 13.5341 6.4
      vertex 6.13052 13.5086 6.4
    endloop
  endfacet
  facet normal 0.19494 -0.980815 0
    outer loop
      vertex 6.25882 13.5341 6.4
      vertex 6.13052 13.5086 2.4
      vertex 6.25882 13.5341 2.4
    endloop
  endfacet
  facet normal -0.0657477 0.997836 0
    outer loop
      vertex -6 18.5 2.4
      vertex -6.13052 18.4914 6.4
      vertex -6 18.5 6.4
    endloop
  endfacet
  facet normal -0.0657477 0.997836 0
    outer loop
      vertex -6.13052 18.4914 6.4
      vertex -6 18.5 2.4
      vertex -6.13052 18.4914 2.4
    endloop
  endfacet
  facet normal -0.555194 0.831721 0
    outer loop
      vertex -6.5 18.366 2.4
      vertex -6.60876 18.2934 6.4
      vertex -6.5 18.366 6.4
    endloop
  endfacet
  facet normal -0.555194 0.831721 0
    outer loop
      vertex -6.60876 18.2934 6.4
      vertex -6.5 18.366 2.4
      vertex -6.60876 18.2934 2.4
    endloop
  endfacet
  facet normal 0.0657477 -0.997836 0
    outer loop
      vertex 6 13.5 2.4
      vertex 6.13052 13.5086 6.4
      vertex 6 13.5 6.4
    endloop
  endfacet
  facet normal 0.0657477 -0.997836 0
    outer loop
      vertex 6.13052 13.5086 6.4
      vertex 6 13.5 2.4
      vertex 6.13052 13.5086 2.4
    endloop
  endfacet
  facet normal -0.555194 -0.831721 0
    outer loop
      vertex -6.60876 13.7066 2.4
      vertex -6.5 13.634 6.4
      vertex -6.60876 13.7066 6.4
    endloop
  endfacet
  facet normal -0.555194 -0.831721 -0
    outer loop
      vertex -6.5 13.634 6.4
      vertex -6.60876 13.7066 2.4
      vertex -6.5 13.634 2.4
    endloop
  endfacet
  facet normal -0.751714 -0.659489 3.93272e-19
    outer loop
      vertex -6.70711 13.7929 2.4
      vertex -6.79335 13.8912 6.4
      vertex -6.79335 13.8912 2.4
    endloop
  endfacet
  facet normal -0.751714 -0.659489 3.93272e-19
    outer loop
      vertex -6.79335 13.8912 6.4
      vertex -6.70711 13.7929 2.4
      vertex -6.70711 13.7929 6.4
    endloop
  endfacet
  facet normal -0.442591 -0.896724 0
    outer loop
      vertex -6.5 13.634 2.4
      vertex -6.38269 13.5761 6.4
      vertex -6.5 13.634 6.4
    endloop
  endfacet
  facet normal -0.442591 -0.896724 -0
    outer loop
      vertex -6.38269 13.5761 6.4
      vertex -6.5 13.634 2.4
      vertex -6.38269 13.5761 2.4
    endloop
  endfacet
  facet normal -0.896891 0.442252 -2.64736e-19
    outer loop
      vertex -6.92387 17.8827 2.4
      vertex -6.86603 18 6.4
      vertex -6.86603 18 2.4
    endloop
  endfacet
  facet normal -0.896891 0.442252 -2.64736e-19
    outer loop
      vertex -6.86603 18 6.4
      vertex -6.92387 17.8827 2.4
      vertex -6.92387 17.8827 6.4
    endloop
  endfacet
  facet normal -1 0 0
    outer loop
      vertex -7 14.5 2.4
      vertex -7 17.5 6.4
      vertex -7 17.5 2.4
    endloop
  endfacet
  facet normal -1 -0 0
    outer loop
      vertex -7 17.5 6.4
      vertex -7 14.5 2.4
      vertex -7 14.5 6.4
    endloop
  endfacet
  facet normal 0.980801 -0.195013 1.33772e-19
    outer loop
      vertex 6.96593 14.2412 6.4
      vertex 6.99144 14.3695 2.4
      vertex 6.99144 14.3695 6.4
    endloop
  endfacet
  facet normal 0.980801 -0.195013 1.33772e-19
    outer loop
      vertex 6.99144 14.3695 2.4
      vertex 6.96593 14.2412 6.4
      vertex 6.96593 14.2412 2.4
    endloop
  endfacet
  facet normal -0.831533 -0.555476 1.53546e-18
    outer loop
      vertex -6.79335 13.8912 2.4
      vertex -6.86603 14 6.4
      vertex -6.86603 14 2.4
    endloop
  endfacet
  facet normal -0.831533 -0.555476 1.53546e-18
    outer loop
      vertex -6.86603 14 6.4
      vertex -6.79335 13.8912 2.4
      vertex -6.79335 13.8912 6.4
    endloop
  endfacet
  facet normal 0.659559 0.751653 -0
    outer loop
      vertex 6.70711 18.2071 2.4
      vertex 6.60876 18.2934 6.4
      vertex 6.70711 18.2071 6.4
    endloop
  endfacet
  facet normal 0.659559 0.751653 0
    outer loop
      vertex 6.60876 18.2934 6.4
      vertex 6.70711 18.2071 2.4
      vertex 6.60876 18.2934 2.4
    endloop
  endfacet
  facet normal -0.321109 -0.947042 0
    outer loop
      vertex -6.38269 13.5761 2.4
      vertex -6.25882 13.5341 6.4
      vertex -6.38269 13.5761 6.4
    endloop
  endfacet
  facet normal -0.321109 -0.947042 -0
    outer loop
      vertex -6.25882 13.5341 6.4
      vertex -6.38269 13.5761 2.4
      vertex -6.25882 13.5341 2.4
    endloop
  endfacet
  facet normal 0 1 0
    outer loop
      vertex 6 18.5 6.4
      vertex 5 18.5 5
      vertex -6 18.5 6.4
    endloop
  endfacet
  facet normal 0 1 -0
    outer loop
      vertex 6 18.5 2.4
      vertex 5 18.5 5
      vertex 6 18.5 6.4
    endloop
  endfacet
  facet normal 0 1 0
    outer loop
      vertex 5 18.5 3.2
      vertex 6 18.5 2.4
      vertex -5 18.5 3.2
    endloop
  endfacet
  facet normal 0 1 0
    outer loop
      vertex 5 18.5 5
      vertex 6 18.5 2.4
      vertex 5 18.5 3.2
    endloop
  endfacet
  facet normal 0 1 -0
    outer loop
      vertex -5 18.5 5
      vertex -6 18.5 6.4
      vertex 5 18.5 5
    endloop
  endfacet
  facet normal 0 1 0
    outer loop
      vertex -6 18.5 2.4
      vertex -5 18.5 5
      vertex -5 18.5 3.2
    endloop
  endfacet
  facet normal 0 1 0
    outer loop
      vertex -5 18.5 5
      vertex -6 18.5 2.4
      vertex -6 18.5 6.4
    endloop
  endfacet
  facet normal 0 1 0
    outer loop
      vertex -6 18.5 2.4
      vertex -5 18.5 3.2
      vertex 6 18.5 2.4
    endloop
  endfacet
  facet normal -0.19494 0.980815 0
    outer loop
      vertex -6.13052 18.4914 2.4
      vertex -6.25882 18.4659 6.4
      vertex -6.13052 18.4914 6.4
    endloop
  endfacet
  facet normal -0.19494 0.980815 0
    outer loop
      vertex -6.25882 18.4659 6.4
      vertex -6.13052 18.4914 2.4
      vertex -6.25882 18.4659 2.4
    endloop
  endfacet
  facet normal -0.442591 0.896724 0
    outer loop
      vertex -6.38269 18.4239 2.4
      vertex -6.5 18.366 6.4
      vertex -6.38269 18.4239 6.4
    endloop
  endfacet
  facet normal -0.442591 0.896724 0
    outer loop
      vertex -6.5 18.366 6.4
      vertex -6.38269 18.4239 2.4
      vertex -6.5 18.366 2.4
    endloop
  endfacet
  facet normal 0.997856 0.0654532 1.98618e-19
    outer loop
      vertex 7 17.5 6.4
      vertex 6.99144 17.6305 2.4
      vertex 6.99144 17.6305 6.4
    endloop
  endfacet
  facet normal 0.997856 0.0654532 1.98618e-19
    outer loop
      vertex 6.99144 17.6305 2.4
      vertex 7 17.5 6.4
      vertex 7 17.5 2.4
    endloop
  endfacet
  facet normal 1 -0 0
    outer loop
      vertex 7 14.5 6.4
      vertex 7 17.5 2.4
      vertex 7 17.5 6.4
    endloop
  endfacet
  facet normal 1 0 0
    outer loop
      vertex 7 17.5 2.4
      vertex 7 14.5 6.4
      vertex 7 14.5 2.4
    endloop
  endfacet
  facet normal -0.321109 0.947042 0
    outer loop
      vertex -6.25882 18.4659 2.4
      vertex -6.38269 18.4239 6.4
      vertex -6.25882 18.4659 6.4
    endloop
  endfacet
  facet normal -0.321109 0.947042 0
    outer loop
      vertex -6.38269 18.4239 6.4
      vertex -6.25882 18.4659 2.4
      vertex -6.38269 18.4239 2.4
    endloop
  endfacet
  facet normal 0.751714 0.659489 -6.34022e-19
    outer loop
      vertex 6.79335 18.1088 6.4
      vertex 6.70711 18.2071 2.4
      vertex 6.70711 18.2071 6.4
    endloop
  endfacet
  facet normal 0.751714 0.659489 -6.34022e-19
    outer loop
      vertex 6.70711 18.2071 2.4
      vertex 6.79335 18.1088 6.4
      vertex 6.79335 18.1088 2.4
    endloop
  endfacet
  facet normal -0.997856 -0.0654532 -1.64694e-19
    outer loop
      vertex -6.99144 14.3695 2.4
      vertex -7 14.5 6.4
      vertex -7 14.5 2.4
    endloop
  endfacet
  facet normal -0.997856 -0.0654532 -1.64694e-19
    outer loop
      vertex -7 14.5 6.4
      vertex -6.99144 14.3695 2.4
      vertex -6.99144 14.3695 6.4
    endloop
  endfacet
  facet normal 0.19494 0.980815 -0
    outer loop
      vertex 6.25882 18.4659 2.4
      vertex 6.13052 18.4914 6.4
      vertex 6.25882 18.4659 6.4
    endloop
  endfacet
  facet normal 0.19494 0.980815 0
    outer loop
      vertex 6.13052 18.4914 6.4
      vertex 6.25882 18.4659 2.4
      vertex 6.13052 18.4914 2.4
    endloop
  endfacet
  facet normal -0.19494 -0.980815 0
    outer loop
      vertex -6.25882 13.5341 2.4
      vertex -6.13052 13.5086 6.4
      vertex -6.25882 13.5341 6.4
    endloop
  endfacet
  facet normal -0.19494 -0.980815 -0
    outer loop
      vertex -6.13052 13.5086 6.4
      vertex -6.25882 13.5341 2.4
      vertex -6.13052 13.5086 2.4
    endloop
  endfacet
  facet normal -0.0657477 -0.997836 0
    outer loop
      vertex -6.13052 13.5086 2.4
      vertex -6 13.5 6.4
      vertex -6.13052 13.5086 6.4
    endloop
  endfacet
  facet normal -0.0657477 -0.997836 -0
    outer loop
      vertex -6 13.5 6.4
      vertex -6.13052 13.5086 2.4
      vertex -6 13.5 2.4
    endloop
  endfacet
  facet normal 0.321109 0.947042 -0
    outer loop
      vertex 6.38269 18.4239 2.4
      vertex 6.25882 18.4659 6.4
      vertex 6.38269 18.4239 6.4
    endloop
  endfacet
  facet normal 0.321109 0.947042 0
    outer loop
      vertex 6.25882 18.4659 6.4
      vertex 6.38269 18.4239 2.4
      vertex 6.25882 18.4659 2.4
    endloop
  endfacet
  facet normal -0.751714 0.659489 6.34022e-19
    outer loop
      vertex -6.79335 18.1088 2.4
      vertex -6.70711 18.2071 6.4
      vertex -6.70711 18.2071 2.4
    endloop
  endfacet
  facet normal -0.751714 0.659489 6.34022e-19
    outer loop
      vertex -6.70711 18.2071 6.4
      vertex -6.79335 18.1088 2.4
      vertex -6.79335 18.1088 6.4
    endloop
  endfacet
  facet normal -0.831533 0.555476 3.72642e-19
    outer loop
      vertex -6.86603 18 2.4
      vertex -6.79335 18.1088 6.4
      vertex -6.79335 18.1088 2.4
    endloop
  endfacet
  facet normal -0.831533 0.555476 3.72642e-19
    outer loop
      vertex -6.79335 18.1088 6.4
      vertex -6.86603 18 2.4
      vertex -6.86603 18 6.4
    endloop
  endfacet
  facet normal -0.659559 -0.751653 0
    outer loop
      vertex -6.70711 13.7929 2.4
      vertex -6.60876 13.7066 6.4
      vertex -6.70711 13.7929 6.4
    endloop
  endfacet
  facet normal -0.659559 -0.751653 -0
    outer loop
      vertex -6.60876 13.7066 6.4
      vertex -6.70711 13.7929 2.4
      vertex -6.60876 13.7066 2.4
    endloop
  endfacet
  facet normal -0.946926 0.321451 6.48762e-19
    outer loop
      vertex -6.96593 17.7588 2.4
      vertex -6.92387 17.8827 6.4
      vertex -6.92387 17.8827 2.4
    endloop
  endfacet
  facet normal -0.946926 0.321451 6.48762e-19
    outer loop
      vertex -6.92387 17.8827 6.4
      vertex -6.96593 17.7588 2.4
      vertex -6.96593 17.7588 6.4
    endloop
  endfacet
  facet normal 0.0657477 0.997836 -0
    outer loop
      vertex 6.13052 18.4914 2.4
      vertex 6 18.5 6.4
      vertex 6.13052 18.4914 6.4
    endloop
  endfacet
  facet normal 0.0657477 0.997836 0
    outer loop
      vertex 6 18.5 6.4
      vertex 6.13052 18.4914 2.4
      vertex 6 18.5 2.4
    endloop
  endfacet
  facet normal -0.659559 0.751653 0
    outer loop
      vertex -6.60876 18.2934 2.4
      vertex -6.70711 18.2071 6.4
      vertex -6.60876 18.2934 6.4
    endloop
  endfacet
  facet normal -0.659559 0.751653 0
    outer loop
      vertex -6.70711 18.2071 6.4
      vertex -6.60876 18.2934 2.4
      vertex -6.70711 18.2071 2.4
    endloop
  endfacet
  facet normal 0.751714 -0.659489 -3.93272e-19
    outer loop
      vertex 6.70711 13.7929 6.4
      vertex 6.79335 13.8912 2.4
      vertex 6.79335 13.8912 6.4
    endloop
  endfacet
  facet normal 0.751714 -0.659489 -3.93272e-19
    outer loop
      vertex 6.79335 13.8912 2.4
      vertex 6.70711 13.7929 6.4
      vertex 6.70711 13.7929 2.4
    endloop
  endfacet
  facet normal 0.659559 -0.751653 0
    outer loop
      vertex 6.60876 13.7066 2.4
      vertex 6.70711 13.7929 6.4
      vertex 6.60876 13.7066 6.4
    endloop
  endfacet
  facet normal 0.659559 -0.751653 0
    outer loop
      vertex 6.70711 13.7929 6.4
      vertex 6.60876 13.7066 2.4
      vertex 6.70711 13.7929 2.4
    endloop
  endfacet
  facet normal -0.980801 0.195013 -2.71492e-19
    outer loop
      vertex -6.99144 17.6305 2.4
      vertex -6.96593 17.7588 6.4
      vertex -6.96593 17.7588 2.4
    endloop
  endfacet
  facet normal -0.980801 0.195013 -2.71492e-19
    outer loop
      vertex -6.96593 17.7588 6.4
      vertex -6.99144 17.6305 2.4
      vertex -6.99144 17.6305 6.4
    endloop
  endfacet
  facet normal -0.997856 0.0654532 -1.98618e-19
    outer loop
      vertex -7 17.5 2.4
      vertex -6.99144 17.6305 6.4
      vertex -6.99144 17.6305 2.4
    endloop
  endfacet
  facet normal -0.997856 0.0654532 -1.98618e-19
    outer loop
      vertex -6.99144 17.6305 6.4
      vertex -7 17.5 2.4
      vertex -7 17.5 6.4
    endloop
  endfacet
  facet normal 0.946926 0.321451 -6.48762e-19
    outer loop
      vertex 6.96593 17.7588 6.4
      vertex 6.92387 17.8827 2.4
      vertex 6.92387 17.8827 6.4
    endloop
  endfacet
  facet normal 0.946926 0.321451 -6.48762e-19
    outer loop
      vertex 6.92387 17.8827 2.4
      vertex 6.96593 17.7588 6.4
      vertex 6.96593 17.7588 2.4
    endloop
  endfacet
  facet normal 0.896891 -0.442252 -2.64736e-19
    outer loop
      vertex 6.86603 14 6.4
      vertex 6.92387 14.1173 2.4
      vertex 6.92387 14.1173 6.4
    endloop
  endfacet
  facet normal 0.896891 -0.442252 -2.64736e-19
    outer loop
      vertex 6.92387 14.1173 2.4
      vertex 6.86603 14 6.4
      vertex 6.86603 14 2.4
    endloop
  endfacet
  facet normal 0.831533 0.555476 -3.72642e-19
    outer loop
      vertex 6.86603 18 6.4
      vertex 6.79335 18.1088 2.4
      vertex 6.79335 18.1088 6.4
    endloop
  endfacet
  facet normal 0.831533 0.555476 -3.72642e-19
    outer loop
      vertex 6.79335 18.1088 2.4
      vertex 6.86603 18 6.4
      vertex 6.86603 18 2.4
    endloop
  endfacet
  facet normal 0.896891 0.442252 2.64736e-19
    outer loop
      vertex 6.92387 17.8827 6.4
      vertex 6.86603 18 2.4
      vertex 6.86603 18 6.4
    endloop
  endfacet
  facet normal 0.896891 0.442252 2.64736e-19
    outer loop
      vertex 6.86603 18 2.4
      vertex 6.92387 17.8827 6.4
      vertex 6.92387 17.8827 2.4
    endloop
  endfacet
  facet normal 0.946926 -0.321451 6.48762e-19
    outer loop
      vertex 6.92387 14.1173 6.4
      vertex 6.96593 14.2412 2.4
      vertex 6.96593 14.2412 6.4
    endloop
  endfacet
  facet normal 0.946926 -0.321451 6.48762e-19
    outer loop
      vertex 6.96593 14.2412 2.4
      vertex 6.92387 14.1173 6.4
      vertex 6.92387 14.1173 2.4
    endloop
  endfacet
  facet normal 0.980801 0.195013 2.71492e-19
    outer loop
      vertex 6.99144 17.6305 6.4
      vertex 6.96593 17.7588 2.4
      vertex 6.96593 17.7588 6.4
    endloop
  endfacet
  facet normal 0.980801 0.195013 2.71492e-19
    outer loop
      vertex 6.96593 17.7588 2.4
      vertex 6.99144 17.6305 6.4
      vertex 6.99144 17.6305 2.4
    endloop
  endfacet
  facet normal -0.946926 -0.321451 -6.48762e-19
    outer loop
      vertex -6.92387 14.1173 2.4
      vertex -6.96593 14.2412 6.4
      vertex -6.96593 14.2412 2.4
    endloop
  endfacet
  facet normal -0.946926 -0.321451 -6.48762e-19
    outer loop
      vertex -6.96593 14.2412 6.4
      vertex -6.92387 14.1173 2.4
      vertex -6.92387 14.1173 6.4
    endloop
  endfacet
  facet normal 0.555194 0.831721 -0
    outer loop
      vertex 6.60876 18.2934 2.4
      vertex 6.5 18.366 6.4
      vertex 6.60876 18.2934 6.4
    endloop
  endfacet
  facet normal 0.555194 0.831721 0
    outer loop
      vertex 6.5 18.366 6.4
      vertex 6.60876 18.2934 2.4
      vertex 6.5 18.366 2.4
    endloop
  endfacet
  facet normal 0.442591 0.896724 -0
    outer loop
      vertex 6.5 18.366 2.4
      vertex 6.38269 18.4239 6.4
      vertex 6.5 18.366 6.4
    endloop
  endfacet
  facet normal 0.442591 0.896724 0
    outer loop
      vertex 6.38269 18.4239 6.4
      vertex 6.5 18.366 2.4
      vertex 6.38269 18.4239 2.4
    endloop
  endfacet
  facet normal 0.831533 -0.555476 -1.53546e-18
    outer loop
      vertex 6.79335 13.8912 6.4
      vertex 6.86603 14 2.4
      vertex 6.86603 14 6.4
    endloop
  endfacet
  facet normal 0.831533 -0.555476 -1.53546e-18
    outer loop
      vertex 6.86603 14 2.4
      vertex 6.79335 13.8912 6.4
      vertex 6.79335 13.8912 2.4
    endloop
  endfacet
  facet normal -0.896891 -0.442252 2.64736e-19
    outer loop
      vertex -6.86603 14 2.4
      vertex -6.92387 14.1173 6.4
      vertex -6.92387 14.1173 2.4
    endloop
  endfacet
  facet normal -0.896891 -0.442252 2.64736e-19
    outer loop
      vertex -6.92387 14.1173 6.4
      vertex -6.86603 14 2.4
      vertex -6.86603 14 6.4
    endloop
  endfacet
  facet normal -0.980801 -0.195013 -1.33772e-19
    outer loop
      vertex -6.96593 14.2412 2.4
      vertex -6.99144 14.3695 6.4
      vertex -6.99144 14.3695 2.4
    endloop
  endfacet
  facet normal -0.980801 -0.195013 -1.33772e-19
    outer loop
      vertex -6.99144 14.3695 6.4
      vertex -6.96593 14.2412 2.4
      vertex -6.96593 14.2412 6.4
    endloop
  endfacet
  facet normal 0.997856 -0.0654532 1.64694e-19
    outer loop
      vertex 6.99144 14.3695 6.4
      vertex 7 14.5 2.4
      vertex 7 14.5 6.4
    endloop
  endfacet
  facet normal 0.997856 -0.0654532 1.64694e-19
    outer loop
      vertex 7 14.5 2.4
      vertex 6.99144 14.3695 6.4
      vertex 6.99144 14.3695 2.4
    endloop
  endfacet
  facet normal 0 0 1
    outer loop
      vertex 6 18.5 6.4
      vertex 7 17.5 6.4
      vertex 6.99144 17.6305 6.4
    endloop
  endfacet
  facet normal 0 0 1
    outer loop
      vertex 7 17.5 6.4
      vertex 6 18.5 6.4
      vertex 7 14.5 6.4
    endloop
  endfacet
  facet normal 0 0 1
    outer loop
      vertex 6 18.5 6.4
      vertex 6.99144 17.6305 6.4
      vertex 6.96593 17.7588 6.4
    endloop
  endfacet
  facet normal 0 0 1
    outer loop
      vertex 6 13.5 6.4
      vertex 7 14.5 6.4
      vertex 6 18.5 6.4
    endloop
  endfacet
  facet normal 0 0 1
    outer loop
      vertex 6 18.5 6.4
      vertex 6.96593 17.7588 6.4
      vertex 6.92387 17.8827 6.4
    endloop
  endfacet
  facet normal 0 0 1
    outer loop
      vertex 7 14.5 6.4
      vertex 6 13.5 6.4
      vertex 6.99144 14.3695 6.4
    endloop
  endfacet
  facet normal 0 0 1
    outer loop
      vertex 6 18.5 6.4
      vertex 6.92387 17.8827 6.4
      vertex 6.86603 18 6.4
    endloop
  endfacet
  facet normal 0 0 1
    outer loop
      vertex 6.99144 14.3695 6.4
      vertex 6 13.5 6.4
      vertex 6.96593 14.2412 6.4
    endloop
  endfacet
  facet normal 0 0 1
    outer loop
      vertex 6 18.5 6.4
      vertex 6.86603 18 6.4
      vertex 6.79335 18.1088 6.4
    endloop
  endfacet
  facet normal 0 0 1
    outer loop
      vertex 6.96593 14.2412 6.4
      vertex 6 13.5 6.4
      vertex 6.92387 14.1173 6.4
    endloop
  endfacet
  facet normal 0 0 1
    outer loop
      vertex 6 18.5 6.4
      vertex 6.79335 18.1088 6.4
      vertex 6.70711 18.2071 6.4
    endloop
  endfacet
  facet normal 0 0 1
    outer loop
      vertex 6.92387 14.1173 6.4
      vertex 6 13.5 6.4
      vertex 6.86603 14 6.4
    endloop
  endfacet
  facet normal 0 0 1
    outer loop
      vertex 6 18.5 6.4
      vertex 6.70711 18.2071 6.4
      vertex 6.60876 18.2934 6.4
    endloop
  endfacet
  facet normal 0 0 1
    outer loop
      vertex 6.86603 14 6.4
      vertex 6 13.5 6.4
      vertex 6.79335 13.8912 6.4
    endloop
  endfacet
  facet normal 0 0 1
    outer loop
      vertex 6 18.5 6.4
      vertex 6.60876 18.2934 6.4
      vertex 6.5 18.366 6.4
    endloop
  endfacet
  facet normal 0 0 1
    outer loop
      vertex 6.79335 13.8912 6.4
      vertex 6 13.5 6.4
      vertex 6.70711 13.7929 6.4
    endloop
  endfacet
  facet normal 0 0 1
    outer loop
      vertex 6 18.5 6.4
      vertex 6.5 18.366 6.4
      vertex 6.38269 18.4239 6.4
    endloop
  endfacet
  facet normal 0 0 1
    outer loop
      vertex 6.70711 13.7929 6.4
      vertex 6 13.5 6.4
      vertex 6.60876 13.7066 6.4
    endloop
  endfacet
  facet normal 0 0 1
    outer loop
      vertex 6 18.5 6.4
      vertex 6.38269 18.4239 6.4
      vertex 6.25882 18.4659 6.4
    endloop
  endfacet
  facet normal 0 0 1
    outer loop
      vertex 6.60876 13.7066 6.4
      vertex 6 13.5 6.4
      vertex 6.5 13.634 6.4
    endloop
  endfacet
  facet normal 0 0 1
    outer loop
      vertex 6 18.5 6.4
      vertex 6.25882 18.4659 6.4
      vertex 6.13052 18.4914 6.4
    endloop
  endfacet
  facet normal 0 0 1
    outer loop
      vertex 6.5 13.634 6.4
      vertex 6 13.5 6.4
      vertex 6.38269 13.5761 6.4
    endloop
  endfacet
  facet normal 0 0 1
    outer loop
      vertex 6.38269 13.5761 6.4
      vertex 6 13.5 6.4
      vertex 6.25882 13.5341 6.4
    endloop
  endfacet
  facet normal 0 0 1
    outer loop
      vertex 6.25882 13.5341 6.4
      vertex 6 13.5 6.4
      vertex 6.13052 13.5086 6.4
    endloop
  endfacet
  facet normal -0 0 1
    outer loop
      vertex -6 18.5 6.4
      vertex 6 13.5 6.4
      vertex 6 18.5 6.4
    endloop
  endfacet
  facet normal 0 0 1
    outer loop
      vertex -6 18.5 6.4
      vertex -6 13.5 6.4
      vertex 6 13.5 6.4
    endloop
  endfacet
  facet normal 0 0 1
    outer loop
      vertex -7 17.5 6.4
      vertex -6 18.5 6.4
      vertex -6.13052 18.4914 6.4
    endloop
  endfacet
  facet normal 0 0 1
    outer loop
      vertex -6 18.5 6.4
      vertex -7 17.5 6.4
      vertex -6 13.5 6.4
    endloop
  endfacet
  facet normal 0 0 1
    outer loop
      vertex -7 17.5 6.4
      vertex -6.13052 18.4914 6.4
      vertex -6.25882 18.4659 6.4
    endloop
  endfacet
  facet normal -0 0 1
    outer loop
      vertex -7 14.5 6.4
      vertex -6 13.5 6.4
      vertex -7 17.5 6.4
    endloop
  endfacet
  facet normal 0 0 1
    outer loop
      vertex -7 17.5 6.4
      vertex -6.25882 18.4659 6.4
      vertex -6.38269 18.4239 6.4
    endloop
  endfacet
  facet normal 0 0 1
    outer loop
      vertex -6 13.5 6.4
      vertex -7 14.5 6.4
      vertex -6.13052 13.5086 6.4
    endloop
  endfacet
  facet normal 0 0 1
    outer loop
      vertex -7 17.5 6.4
      vertex -6.38269 18.4239 6.4
      vertex -6.5 18.366 6.4
    endloop
  endfacet
  facet normal 0 0 1
    outer loop
      vertex -6.13052 13.5086 6.4
      vertex -7 14.5 6.4
      vertex -6.25882 13.5341 6.4
    endloop
  endfacet
  facet normal 0 0 1
    outer loop
      vertex -7 17.5 6.4
      vertex -6.5 18.366 6.4
      vertex -6.60876 18.2934 6.4
    endloop
  endfacet
  facet normal 0 0 1
    outer loop
      vertex -6.25882 13.5341 6.4
      vertex -7 14.5 6.4
      vertex -6.38269 13.5761 6.4
    endloop
  endfacet
  facet normal 0 0 1
    outer loop
      vertex -7 17.5 6.4
      vertex -6.60876 18.2934 6.4
      vertex -6.70711 18.2071 6.4
    endloop
  endfacet
  facet normal 0 0 1
    outer loop
      vertex -6.38269 13.5761 6.4
      vertex -7 14.5 6.4
      vertex -6.5 13.634 6.4
    endloop
  endfacet
  facet normal 0 0 1
    outer loop
      vertex -7 17.5 6.4
      vertex -6.70711 18.2071 6.4
      vertex -6.79335 18.1088 6.4
    endloop
  endfacet
  facet normal 0 0 1
    outer loop
      vertex -6.5 13.634 6.4
      vertex -7 14.5 6.4
      vertex -6.60876 13.7066 6.4
    endloop
  endfacet
  facet normal 0 0 1
    outer loop
      vertex -7 17.5 6.4
      vertex -6.79335 18.1088 6.4
      vertex -6.86603 18 6.4
    endloop
  endfacet
  facet normal 0 0 1
    outer loop
      vertex -6.60876 13.7066 6.4
      vertex -7 14.5 6.4
      vertex -6.70711 13.7929 6.4
    endloop
  endfacet
  facet normal 0 0 1
    outer loop
      vertex -7 17.5 6.4
      vertex -6.86603 18 6.4
      vertex -6.92387 17.8827 6.4
    endloop
  endfacet
  facet normal 0 0 1
    outer loop
      vertex -6.70711 13.7929 6.4
      vertex -7 14.5 6.4
      vertex -6.79335 13.8912 6.4
    endloop
  endfacet
  facet normal 0 0 1
    outer loop
      vertex -7 17.5 6.4
      vertex -6.92387 17.8827 6.4
      vertex -6.96593 17.7588 6.4
    endloop
  endfacet
  facet normal 0 0 1
    outer loop
      vertex -6.79335 13.8912 6.4
      vertex -7 14.5 6.4
      vertex -6.86603 14 6.4
    endloop
  endfacet
  facet normal 0 0 1
    outer loop
      vertex -7 17.5 6.4
      vertex -6.96593 17.7588 6.4
      vertex -6.99144 17.6305 6.4
    endloop
  endfacet
  facet normal 0 0 1
    outer loop
      vertex -6.86603 14 6.4
      vertex -7 14.5 6.4
      vertex -6.92387 14.1173 6.4
    endloop
  endfacet
  facet normal 0 0 1
    outer loop
      vertex -6.92387 14.1173 6.4
      vertex -7 14.5 6.4
      vertex -6.96593 14.2412 6.4
    endloop
  endfacet
  facet normal 0 0 1
    outer loop
      vertex -6.96593 14.2412 6.4
      vertex -7 14.5 6.4
      vertex -6.99144 14.3695 6.4
    endloop
  endfacet
  facet normal 0.442591 -0.896724 0
    outer loop
      vertex 6.38269 13.5761 2.4
      vertex 6.5 13.634 6.4
      vertex 6.38269 13.5761 6.4
    endloop
  endfacet
  facet normal 0.442591 -0.896724 0
    outer loop
      vertex 6.5 13.634 6.4
      vertex 6.38269 13.5761 2.4
      vertex 6.5 13.634 2.4
    endloop
  endfacet
  facet normal 0.555194 -0.831721 0
    outer loop
      vertex 6.5 13.634 2.4
      vertex 6.60876 13.7066 6.4
      vertex 6.5 13.634 6.4
    endloop
  endfacet
  facet normal 0.555194 -0.831721 0
    outer loop
      vertex 6.60876 13.7066 6.4
      vertex 6.5 13.634 2.4
      vertex 6.60876 13.7066 2.4
    endloop
  endfacet
  facet normal 0.980801 0.195013 1.89757e-19
    outer loop
      vertex -21.0171 15.2611 18
      vertex -21.0681 15.5176 2.4
      vertex -21.0681 15.5176 18
    endloop
  endfacet
  facet normal 0.980801 0.195013 1.89757e-19
    outer loop
      vertex -21.0681 15.5176 2.4
      vertex -21.0171 15.2611 18
      vertex -21.0171 15.2611 2.4
    endloop
  endfacet
  facet normal 0.997862 0.0653521 -6.01039e-21
    outer loop
      vertex -21 15 18
      vertex -21.0171 15.2611 2.4
      vertex -21.0171 15.2611 18
    endloop
  endfacet
  facet normal 0.997862 0.0653521 -6.01039e-21
    outer loop
      vertex -21.0171 15.2611 2.4
      vertex -21 15 18
      vertex -21 15 2.4
    endloop
  endfacet
  facet normal 0.321382 -0.94695 0
    outer loop
      vertex -22.4824 13.0681 2.4
      vertex -22.2346 13.1522 18
      vertex -22.4824 13.0681 18
    endloop
  endfacet
  facet normal 0.321382 -0.94695 0
    outer loop
      vertex -22.2346 13.1522 18
      vertex -22.4824 13.0681 2.4
      vertex -22.2346 13.1522 2.4
    endloop
  endfacet
  facet normal 0.195013 0.980801 -0
    outer loop
      vertex -22.4824 16.9319 2.4
      vertex -22.7389 16.9829 18
      vertex -22.4824 16.9319 18
    endloop
  endfacet
  facet normal 0.195013 0.980801 0
    outer loop
      vertex -22.7389 16.9829 18
      vertex -22.4824 16.9319 2.4
      vertex -22.7389 16.9829 2.4
    endloop
  endfacet
  facet normal -0.980801 -0.195013 1.89757e-19
    outer loop
      vertex -24.9319 14.4824 2.4
      vertex -24.9829 14.7389 18
      vertex -24.9829 14.7389 2.4
    endloop
  endfacet
  facet normal -0.980801 -0.195013 1.89757e-19
    outer loop
      vertex -24.9829 14.7389 18
      vertex -24.9319 14.4824 2.4
      vertex -24.9319 14.4824 18
    endloop
  endfacet
  facet normal 0.980801 -0.195013 -1.89757e-19
    outer loop
      vertex -21.0681 14.4824 18
      vertex -21.0171 14.7389 2.4
      vertex -21.0171 14.7389 18
    endloop
  endfacet
  facet normal 0.980801 -0.195013 -1.89757e-19
    outer loop
      vertex -21.0171 14.7389 2.4
      vertex -21.0681 14.4824 18
      vertex -21.0681 14.4824 2.4
    endloop
  endfacet
  facet normal -0.751842 0.659343 6.90833e-19
    outer loop
      vertex -24.5867 16.2175 2.4
      vertex -24.4142 16.4142 18
      vertex -24.4142 16.4142 2.4
    endloop
  endfacet
  facet normal -0.751842 0.659343 6.90833e-19
    outer loop
      vertex -24.4142 16.4142 18
      vertex -24.5867 16.2175 2.4
      vertex -24.5867 16.2175 18
    endloop
  endfacet
  facet normal 0.831344 0.555758 -4.4601e-19
    outer loop
      vertex -21.2679 16 18
      vertex -21.4133 16.2175 2.4
      vertex -21.4133 16.2175 18
    endloop
  endfacet
  facet normal 0.831344 0.555758 -4.4601e-19
    outer loop
      vertex -21.4133 16.2175 2.4
      vertex -21.2679 16 18
      vertex -21.2679 16 2.4
    endloop
  endfacet
  facet normal -0.94695 -0.321382 1.83852e-19
    outer loop
      vertex -24.8478 14.2346 2.4
      vertex -24.9319 14.4824 18
      vertex -24.9319 14.4824 2.4
    endloop
  endfacet
  facet normal -0.94695 -0.321382 1.83852e-19
    outer loop
      vertex -24.9319 14.4824 18
      vertex -24.8478 14.2346 2.4
      vertex -24.8478 14.2346 18
    endloop
  endfacet
  facet normal 0.997862 -0.0653521 6.01039e-21
    outer loop
      vertex -21.0171 14.7389 18
      vertex -21 15 2.4
      vertex -21 15 18
    endloop
  endfacet
  facet normal 0.997862 -0.0653521 6.01039e-21
    outer loop
      vertex -21 15 2.4
      vertex -21.0171 14.7389 18
      vertex -21.0171 14.7389 2.4
    endloop
  endfacet
  facet normal -0.997862 -0.0653521 -6.01039e-21
    outer loop
      vertex -24.9829 14.7389 2.4
      vertex -25 15 18
      vertex -25 15 2.4
    endloop
  endfacet
  facet normal -0.997862 -0.0653521 -6.01039e-21
    outer loop
      vertex -25 15 18
      vertex -24.9829 14.7389 2.4
      vertex -24.9829 14.7389 18
    endloop
  endfacet
  facet normal -0.659343 -0.751842 0
    outer loop
      vertex -24.4142 13.5858 2.4
      vertex -24.2175 13.4133 18
      vertex -24.4142 13.5858 18
    endloop
  endfacet
  facet normal -0.659343 -0.751842 -0
    outer loop
      vertex -24.2175 13.4133 18
      vertex -24.4142 13.5858 2.4
      vertex -24.2175 13.4133 2.4
    endloop
  endfacet
  facet normal -0.831521 0.555494 -5.34042e-19
    outer loop
      vertex -24.732 16 2.4
      vertex -24.5867 16.2175 18
      vertex -24.5867 16.2175 2.4
    endloop
  endfacet
  facet normal -0.831521 0.555494 -5.34042e-19
    outer loop
      vertex -24.5867 16.2175 18
      vertex -24.732 16 2.4
      vertex -24.732 16 18
    endloop
  endfacet
  facet normal 0.321382 0.94695 -0
    outer loop
      vertex -22.2346 16.8478 2.4
      vertex -22.4824 16.9319 18
      vertex -22.2346 16.8478 18
    endloop
  endfacet
  facet normal 0.321382 0.94695 0
    outer loop
      vertex -22.4824 16.9319 18
      vertex -22.2346 16.8478 2.4
      vertex -22.4824 16.9319 2.4
    endloop
  endfacet
  facet normal 0.555758 -0.831344 0
    outer loop
      vertex -22 13.2679 2.4
      vertex -21.7825 13.4133 18
      vertex -22 13.2679 18
    endloop
  endfacet
  facet normal 0.555758 -0.831344 0
    outer loop
      vertex -21.7825 13.4133 18
      vertex -22 13.2679 2.4
      vertex -21.7825 13.4133 2.4
    endloop
  endfacet
  facet normal 0.751842 0.659343 -6.90833e-19
    outer loop
      vertex -21.4133 16.2175 18
      vertex -21.5858 16.4142 2.4
      vertex -21.5858 16.4142 18
    endloop
  endfacet
  facet normal 0.751842 0.659343 -6.90833e-19
    outer loop
      vertex -21.5858 16.4142 2.4
      vertex -21.4133 16.2175 18
      vertex -21.4133 16.2175 2.4
    endloop
  endfacet
  facet normal 0.659343 -0.751842 0
    outer loop
      vertex -21.7825 13.4133 2.4
      vertex -21.5858 13.5858 18
      vertex -21.7825 13.4133 18
    endloop
  endfacet
  facet normal 0.659343 -0.751842 0
    outer loop
      vertex -21.5858 13.5858 18
      vertex -21.7825 13.4133 2.4
      vertex -21.5858 13.5858 2.4
    endloop
  endfacet
  facet normal -0.659343 0.751842 0
    outer loop
      vertex -24.2175 16.5867 2.4
      vertex -24.4142 16.4142 18
      vertex -24.2175 16.5867 18
    endloop
  endfacet
  facet normal -0.659343 0.751842 0
    outer loop
      vertex -24.4142 16.4142 18
      vertex -24.2175 16.5867 2.4
      vertex -24.4142 16.4142 2.4
    endloop
  endfacet
  facet normal -0.997862 0.0653521 6.01039e-21
    outer loop
      vertex -25 15 2.4
      vertex -24.9829 15.2611 18
      vertex -24.9829 15.2611 2.4
    endloop
  endfacet
  facet normal -0.997862 0.0653521 6.01039e-21
    outer loop
      vertex -24.9829 15.2611 18
      vertex -25 15 2.4
      vertex -25 15 18
    endloop
  endfacet
  facet normal -0.751842 -0.659343 -6.90833e-19
    outer loop
      vertex -24.4142 13.5858 2.4
      vertex -24.5867 13.7825 18
      vertex -24.5867 13.7825 2.4
    endloop
  endfacet
  facet normal -0.751842 -0.659343 -6.90833e-19
    outer loop
      vertex -24.5867 13.7825 18
      vertex -24.4142 13.5858 2.4
      vertex -24.4142 13.5858 18
    endloop
  endfacet
  facet normal -0.555758 -0.831344 0
    outer loop
      vertex -24.2175 13.4133 2.4
      vertex -24 13.2679 18
      vertex -24.2175 13.4133 18
    endloop
  endfacet
  facet normal -0.555758 -0.831344 -0
    outer loop
      vertex -24 13.2679 18
      vertex -24.2175 13.4133 2.4
      vertex -24 13.2679 2.4
    endloop
  endfacet
  facet normal 0.442621 0.896709 -0
    outer loop
      vertex -22 16.732 2.4
      vertex -22.2346 16.8478 18
      vertex -22 16.732 18
    endloop
  endfacet
  facet normal 0.442621 0.896709 0
    outer loop
      vertex -22.2346 16.8478 18
      vertex -22 16.732 2.4
      vertex -22.2346 16.8478 2.4
    endloop
  endfacet
  facet normal 0.555494 0.831521 -0
    outer loop
      vertex -21.7825 16.5867 2.4
      vertex -22 16.732 18
      vertex -21.7825 16.5867 18
    endloop
  endfacet
  facet normal 0.555494 0.831521 0
    outer loop
      vertex -22 16.732 18
      vertex -21.7825 16.5867 2.4
      vertex -22 16.732 2.4
    endloop
  endfacet
  facet normal 0.659343 0.751842 -0
    outer loop
      vertex -21.5858 16.4142 2.4
      vertex -21.7825 16.5867 18
      vertex -21.5858 16.4142 18
    endloop
  endfacet
  facet normal 0.659343 0.751842 0
    outer loop
      vertex -21.7825 16.5867 18
      vertex -21.5858 16.4142 2.4
      vertex -21.7825 16.5867 2.4
    endloop
  endfacet
  facet normal -0.0653521 0.997862 0
    outer loop
      vertex -23 17 2.4
      vertex -23.2611 16.9829 18
      vertex -23 17 18
    endloop
  endfacet
  facet normal -0.0653521 0.997862 0
    outer loop
      vertex -23.2611 16.9829 18
      vertex -23 17 2.4
      vertex -23.2611 16.9829 2.4
    endloop
  endfacet
  facet normal 0.0653521 0.997862 -0
    outer loop
      vertex -22.7389 16.9829 2.4
      vertex -23 17 18
      vertex -22.7389 16.9829 18
    endloop
  endfacet
  facet normal 0.0653521 0.997862 0
    outer loop
      vertex -23 17 18
      vertex -22.7389 16.9829 2.4
      vertex -23 17 2.4
    endloop
  endfacet
  facet normal -0.94695 0.321382 -1.83852e-19
    outer loop
      vertex -24.9319 15.5176 2.4
      vertex -24.8478 15.7654 18
      vertex -24.8478 15.7654 2.4
    endloop
  endfacet
  facet normal -0.94695 0.321382 -1.83852e-19
    outer loop
      vertex -24.8478 15.7654 18
      vertex -24.9319 15.5176 2.4
      vertex -24.9319 15.5176 18
    endloop
  endfacet
  facet normal -0.321382 0.94695 0
    outer loop
      vertex -23.5176 16.9319 2.4
      vertex -23.7654 16.8478 18
      vertex -23.5176 16.9319 18
    endloop
  endfacet
  facet normal -0.321382 0.94695 0
    outer loop
      vertex -23.7654 16.8478 18
      vertex -23.5176 16.9319 2.4
      vertex -23.7654 16.8478 2.4
    endloop
  endfacet
  facet normal 0.94695 -0.321382 -1.83852e-19
    outer loop
      vertex -21.1522 14.2346 18
      vertex -21.0681 14.4824 2.4
      vertex -21.0681 14.4824 18
    endloop
  endfacet
  facet normal 0.94695 -0.321382 -1.83852e-19
    outer loop
      vertex -21.0681 14.4824 2.4
      vertex -21.1522 14.2346 18
      vertex -21.1522 14.2346 2.4
    endloop
  endfacet
  facet normal 0.195013 -0.980801 0
    outer loop
      vertex -22.7389 13.0171 2.4
      vertex -22.4824 13.0681 18
      vertex -22.7389 13.0171 18
    endloop
  endfacet
  facet normal 0.195013 -0.980801 0
    outer loop
      vertex -22.4824 13.0681 18
      vertex -22.7389 13.0171 2.4
      vertex -22.4824 13.0681 2.4
    endloop
  endfacet
  facet normal -0.195013 -0.980801 0
    outer loop
      vertex -23.5176 13.0681 2.4
      vertex -23.2611 13.0171 18
      vertex -23.5176 13.0681 18
    endloop
  endfacet
  facet normal -0.195013 -0.980801 -0
    outer loop
      vertex -23.2611 13.0171 18
      vertex -23.5176 13.0681 2.4
      vertex -23.2611 13.0171 2.4
    endloop
  endfacet
  facet normal 0.751842 -0.659343 6.90833e-19
    outer loop
      vertex -21.5858 13.5858 18
      vertex -21.4133 13.7825 2.4
      vertex -21.4133 13.7825 18
    endloop
  endfacet
  facet normal 0.751842 -0.659343 6.90833e-19
    outer loop
      vertex -21.4133 13.7825 2.4
      vertex -21.5858 13.5858 18
      vertex -21.5858 13.5858 2.4
    endloop
  endfacet
  facet normal -0.555494 0.831521 0
    outer loop
      vertex -24 16.732 2.4
      vertex -24.2175 16.5867 18
      vertex -24 16.732 18
    endloop
  endfacet
  facet normal -0.555494 0.831521 0
    outer loop
      vertex -24.2175 16.5867 18
      vertex -24 16.732 2.4
      vertex -24.2175 16.5867 2.4
    endloop
  endfacet
  facet normal 0.89686 -0.442314 -3.4755e-19
    outer loop
      vertex -21.2679 14 18
      vertex -21.1522 14.2346 2.4
      vertex -21.1522 14.2346 18
    endloop
  endfacet
  facet normal 0.89686 -0.442314 -3.4755e-19
    outer loop
      vertex -21.1522 14.2346 2.4
      vertex -21.2679 14 18
      vertex -21.2679 14 2.4
    endloop
  endfacet
  facet normal 0.0653521 -0.997862 0
    outer loop
      vertex -23 13 2.4
      vertex -22.7389 13.0171 18
      vertex -23 13 18
    endloop
  endfacet
  facet normal 0.0653521 -0.997862 0
    outer loop
      vertex -22.7389 13.0171 18
      vertex -23 13 2.4
      vertex -22.7389 13.0171 2.4
    endloop
  endfacet
  facet normal 0.89686 0.442314 3.4755e-19
    outer loop
      vertex -21.1522 15.7654 18
      vertex -21.2679 16 2.4
      vertex -21.2679 16 18
    endloop
  endfacet
  facet normal 0.89686 0.442314 3.4755e-19
    outer loop
      vertex -21.2679 16 2.4
      vertex -21.1522 15.7654 18
      vertex -21.1522 15.7654 2.4
    endloop
  endfacet
  facet normal 0.442314 -0.89686 0
    outer loop
      vertex -22.2346 13.1522 2.4
      vertex -22 13.2679 18
      vertex -22.2346 13.1522 18
    endloop
  endfacet
  facet normal 0.442314 -0.89686 0
    outer loop
      vertex -22 13.2679 18
      vertex -22.2346 13.1522 2.4
      vertex -22 13.2679 2.4
    endloop
  endfacet
  facet normal 0.831344 -0.555758 6.78972e-20
    outer loop
      vertex -21.4133 13.7825 18
      vertex -21.2679 14 2.4
      vertex -21.2679 14 18
    endloop
  endfacet
  facet normal 0.831344 -0.555758 6.78972e-20
    outer loop
      vertex -21.2679 14 2.4
      vertex -21.4133 13.7825 18
      vertex -21.4133 13.7825 2.4
    endloop
  endfacet
  facet normal -0.896709 -0.442621 -9.35767e-23
    outer loop
      vertex -24.732 14 2.4
      vertex -24.8478 14.2346 18
      vertex -24.8478 14.2346 2.4
    endloop
  endfacet
  facet normal -0.896709 -0.442621 -9.35767e-23
    outer loop
      vertex -24.8478 14.2346 18
      vertex -24.732 14 2.4
      vertex -24.732 14 18
    endloop
  endfacet
  facet normal -0.831521 -0.555494 -8.31808e-19
    outer loop
      vertex -24.5867 13.7825 2.4
      vertex -24.732 14 18
      vertex -24.732 14 2.4
    endloop
  endfacet
  facet normal -0.831521 -0.555494 -8.31808e-19
    outer loop
      vertex -24.732 14 18
      vertex -24.5867 13.7825 2.4
      vertex -24.5867 13.7825 18
    endloop
  endfacet
  facet normal -0.195013 0.980801 0
    outer loop
      vertex -23.2611 16.9829 2.4
      vertex -23.5176 16.9319 18
      vertex -23.2611 16.9829 18
    endloop
  endfacet
  facet normal -0.195013 0.980801 0
    outer loop
      vertex -23.5176 16.9319 18
      vertex -23.2611 16.9829 2.4
      vertex -23.5176 16.9319 2.4
    endloop
  endfacet
  facet normal -0.442621 0.896709 0
    outer loop
      vertex -23.7654 16.8478 2.4
      vertex -24 16.732 18
      vertex -23.7654 16.8478 18
    endloop
  endfacet
  facet normal -0.442621 0.896709 0
    outer loop
      vertex -24 16.732 18
      vertex -23.7654 16.8478 2.4
      vertex -24 16.732 2.4
    endloop
  endfacet
  facet normal -0.0653521 -0.997862 0
    outer loop
      vertex -23.2611 13.0171 2.4
      vertex -23 13 18
      vertex -23.2611 13.0171 18
    endloop
  endfacet
  facet normal -0.0653521 -0.997862 -0
    outer loop
      vertex -23 13 18
      vertex -23.2611 13.0171 2.4
      vertex -23 13 2.4
    endloop
  endfacet
  facet normal 0.94695 0.321382 1.83852e-19
    outer loop
      vertex -21.0681 15.5176 18
      vertex -21.1522 15.7654 2.4
      vertex -21.1522 15.7654 18
    endloop
  endfacet
  facet normal 0.94695 0.321382 1.83852e-19
    outer loop
      vertex -21.1522 15.7654 2.4
      vertex -21.0681 15.5176 18
      vertex -21.0681 15.5176 2.4
    endloop
  endfacet
  facet normal -0.980801 0.195013 -1.89757e-19
    outer loop
      vertex -24.9829 15.2611 2.4
      vertex -24.9319 15.5176 18
      vertex -24.9319 15.5176 2.4
    endloop
  endfacet
  facet normal -0.980801 0.195013 -1.89757e-19
    outer loop
      vertex -24.9319 15.5176 18
      vertex -24.9829 15.2611 2.4
      vertex -24.9829 15.2611 18
    endloop
  endfacet
  facet normal -0.442314 -0.89686 0
    outer loop
      vertex -24 13.2679 2.4
      vertex -23.7654 13.1522 18
      vertex -24 13.2679 18
    endloop
  endfacet
  facet normal -0.442314 -0.89686 -0
    outer loop
      vertex -23.7654 13.1522 18
      vertex -24 13.2679 2.4
      vertex -23.7654 13.1522 2.4
    endloop
  endfacet
  facet normal -0.321382 -0.94695 0
    outer loop
      vertex -23.7654 13.1522 2.4
      vertex -23.5176 13.0681 18
      vertex -23.7654 13.1522 18
    endloop
  endfacet
  facet normal -0.321382 -0.94695 -0
    outer loop
      vertex -23.5176 13.0681 18
      vertex -23.7654 13.1522 2.4
      vertex -23.5176 13.0681 2.4
    endloop
  endfacet
  facet normal 0 0 1
    outer loop
      vertex -22.05 15 18
      vertex -21 15 18
      vertex -21.0171 15.2611 18
    endloop
  endfacet
  facet normal 0 0 1
    outer loop
      vertex -22.0581 15.124 18
      vertex -21.0171 15.2611 18
      vertex -21.0681 15.5176 18
    endloop
  endfacet
  facet normal 0 0 1
    outer loop
      vertex -21 15 18
      vertex -22.05 15 18
      vertex -21.0171 14.7389 18
    endloop
  endfacet
  facet normal 0 0 1
    outer loop
      vertex -22.0824 15.2459 18
      vertex -21.0681 15.5176 18
      vertex -21.1522 15.7654 18
    endloop
  endfacet
  facet normal -0 0 1
    outer loop
      vertex -22.0581 14.876 18
      vertex -21.0171 14.7389 18
      vertex -22.05 15 18
    endloop
  endfacet
  facet normal 0 0 1
    outer loop
      vertex -22.1223 15.3635 18
      vertex -21.1522 15.7654 18
      vertex -21.2679 16 18
    endloop
  endfacet
  facet normal 0 0 1
    outer loop
      vertex -21.0171 14.7389 18
      vertex -22.0581 14.876 18
      vertex -21.0681 14.4824 18
    endloop
  endfacet
  facet normal 0 0 1
    outer loop
      vertex -22.1773 15.475 18
      vertex -21.2679 16 18
      vertex -21.4133 16.2175 18
    endloop
  endfacet
  facet normal -0 0 1
    outer loop
      vertex -22.0824 14.7541 18
      vertex -21.0681 14.4824 18
      vertex -22.0581 14.876 18
    endloop
  endfacet
  facet normal 0 0 1
    outer loop
      vertex -22.2463 15.5783 18
      vertex -21.4133 16.2175 18
      vertex -21.5858 16.4142 18
    endloop
  endfacet
  facet normal 0 0 1
    outer loop
      vertex -21.0681 14.4824 18
      vertex -22.0824 14.7541 18
      vertex -21.1522 14.2346 18
    endloop
  endfacet
  facet normal 0 0 1
    outer loop
      vertex -22.3282 15.6718 18
      vertex -21.5858 16.4142 18
      vertex -21.7825 16.5867 18
    endloop
  endfacet
  facet normal -0 0 1
    outer loop
      vertex -22.1223 14.6364 18
      vertex -21.1522 14.2346 18
      vertex -22.0824 14.7541 18
    endloop
  endfacet
  facet normal 0 0 1
    outer loop
      vertex -22.4217 15.7537 18
      vertex -21.7825 16.5867 18
      vertex -22 16.732 18
    endloop
  endfacet
  facet normal 0 0 1
    outer loop
      vertex -21.1522 14.2346 18
      vertex -22.1223 14.6364 18
      vertex -21.2679 14 18
    endloop
  endfacet
  facet normal -0 0 1
    outer loop
      vertex -22.1773 14.525 18
      vertex -21.2679 14 18
      vertex -22.1223 14.6364 18
    endloop
  endfacet
  facet normal 0 0 1
    outer loop
      vertex -21.0171 15.2611 18
      vertex -22.0581 15.124 18
      vertex -22.05 15 18
    endloop
  endfacet
  facet normal 0 0 1
    outer loop
      vertex -21.0681 15.5176 18
      vertex -22.0824 15.2459 18
      vertex -22.0581 15.124 18
    endloop
  endfacet
  facet normal 0 0 1
    outer loop
      vertex -21.1522 15.7654 18
      vertex -22.1223 15.3635 18
      vertex -22.0824 15.2459 18
    endloop
  endfacet
  facet normal 0 0 1
    outer loop
      vertex -21.2679 16 18
      vertex -22.1773 15.475 18
      vertex -22.1223 15.3635 18
    endloop
  endfacet
  facet normal 0 0 1
    outer loop
      vertex -22.525 15.8227 18
      vertex -22 16.732 18
      vertex -22.2346 16.8478 18
    endloop
  endfacet
  facet normal 0 0 1
    outer loop
      vertex -21.4133 16.2175 18
      vertex -22.2463 15.5783 18
      vertex -22.1773 15.475 18
    endloop
  endfacet
  facet normal 0 0 1
    outer loop
      vertex -21.5858 16.4142 18
      vertex -22.3282 15.6718 18
      vertex -22.2463 15.5783 18
    endloop
  endfacet
  facet normal 0 0 1
    outer loop
      vertex -21.7825 16.5867 18
      vertex -22.4217 15.7537 18
      vertex -22.3282 15.6718 18
    endloop
  endfacet
  facet normal 0 0 1
    outer loop
      vertex -22.6364 15.8777 18
      vertex -22.2346 16.8478 18
      vertex -22.4824 16.9319 18
    endloop
  endfacet
  facet normal 0 0 1
    outer loop
      vertex -22 16.732 18
      vertex -22.525 15.8227 18
      vertex -22.4217 15.7537 18
    endloop
  endfacet
  facet normal 0 0 1
    outer loop
      vertex -22.2346 16.8478 18
      vertex -22.6364 15.8777 18
      vertex -22.525 15.8227 18
    endloop
  endfacet
  facet normal 0 0 1
    outer loop
      vertex -22.7541 15.9176 18
      vertex -22.4824 16.9319 18
      vertex -22.7389 16.9829 18
    endloop
  endfacet
  facet normal 0 0 1
    outer loop
      vertex -22.4824 16.9319 18
      vertex -22.7541 15.9176 18
      vertex -22.6364 15.8777 18
    endloop
  endfacet
  facet normal 0 0 1
    outer loop
      vertex -22.7389 16.9829 18
      vertex -22.876 15.9419 18
      vertex -22.7541 15.9176 18
    endloop
  endfacet
  facet normal 0 0 1
    outer loop
      vertex -23 17 18
      vertex -22.876 15.9419 18
      vertex -22.7389 16.9829 18
    endloop
  endfacet
  facet normal 0 0 1
    outer loop
      vertex -23 17 18
      vertex -23 15.95 18
      vertex -22.876 15.9419 18
    endloop
  endfacet
  facet normal 0 0 1
    outer loop
      vertex -23 17 18
      vertex -23.124 15.9419 18
      vertex -23 15.95 18
    endloop
  endfacet
  facet normal -0 0 1
    outer loop
      vertex -23.2611 16.9829 18
      vertex -23.124 15.9419 18
      vertex -23 17 18
    endloop
  endfacet
  facet normal 0 0 1
    outer loop
      vertex -23.124 15.9419 18
      vertex -23.2611 16.9829 18
      vertex -23.2459 15.9176 18
    endloop
  endfacet
  facet normal -0 0 1
    outer loop
      vertex -23.5176 16.9319 18
      vertex -23.2459 15.9176 18
      vertex -23.2611 16.9829 18
    endloop
  endfacet
  facet normal 0 0 1
    outer loop
      vertex -23.2459 15.9176 18
      vertex -23.5176 16.9319 18
      vertex -23.3635 15.8777 18
    endloop
  endfacet
  facet normal -0 0 1
    outer loop
      vertex -23.7654 16.8478 18
      vertex -23.3635 15.8777 18
      vertex -23.5176 16.9319 18
    endloop
  endfacet
  facet normal 0 0 1
    outer loop
      vertex -23.3635 15.8777 18
      vertex -23.7654 16.8478 18
      vertex -23.475 15.8227 18
    endloop
  endfacet
  facet normal -0 0 1
    outer loop
      vertex -24 16.732 18
      vertex -23.475 15.8227 18
      vertex -23.7654 16.8478 18
    endloop
  endfacet
  facet normal 0 0 1
    outer loop
      vertex -23.475 15.8227 18
      vertex -24 16.732 18
      vertex -23.5783 15.7537 18
    endloop
  endfacet
  facet normal -0 0 1
    outer loop
      vertex -24.2175 16.5867 18
      vertex -23.5783 15.7537 18
      vertex -24 16.732 18
    endloop
  endfacet
  facet normal 0 0 1
    outer loop
      vertex -23.5783 15.7537 18
      vertex -24.2175 16.5867 18
      vertex -23.6718 15.6718 18
    endloop
  endfacet
  facet normal -0 0 1
    outer loop
      vertex -24.4142 16.4142 18
      vertex -23.6718 15.6718 18
      vertex -24.2175 16.5867 18
    endloop
  endfacet
  facet normal 0 0 1
    outer loop
      vertex -23.6718 15.6718 18
      vertex -24.4142 16.4142 18
      vertex -23.7537 15.5783 18
    endloop
  endfacet
  facet normal -0 0 1
    outer loop
      vertex -24.5867 16.2175 18
      vertex -23.7537 15.5783 18
      vertex -24.4142 16.4142 18
    endloop
  endfacet
  facet normal -0 0 1
    outer loop
      vertex -24.732 16 18
      vertex -23.8227 15.475 18
      vertex -24.5867 16.2175 18
    endloop
  endfacet
  facet normal 0 0 1
    outer loop
      vertex -23.7537 15.5783 18
      vertex -24.5867 16.2175 18
      vertex -23.8227 15.475 18
    endloop
  endfacet
  facet normal 0 0 1
    outer loop
      vertex -21.2679 14 18
      vertex -22.1773 14.525 18
      vertex -21.4133 13.7825 18
    endloop
  endfacet
  facet normal -0 0 1
    outer loop
      vertex -22.2463 14.4217 18
      vertex -21.4133 13.7825 18
      vertex -22.1773 14.525 18
    endloop
  endfacet
  facet normal 0 0 1
    outer loop
      vertex -21.4133 13.7825 18
      vertex -22.2463 14.4217 18
      vertex -21.5858 13.5858 18
    endloop
  endfacet
  facet normal -0 0 1
    outer loop
      vertex -22.3282 14.3282 18
      vertex -21.5858 13.5858 18
      vertex -22.2463 14.4217 18
    endloop
  endfacet
  facet normal 0 0 1
    outer loop
      vertex -21.5858 13.5858 18
      vertex -22.3282 14.3282 18
      vertex -21.7825 13.4133 18
    endloop
  endfacet
  facet normal -0 0 1
    outer loop
      vertex -22.4217 14.2463 18
      vertex -21.7825 13.4133 18
      vertex -22.3282 14.3282 18
    endloop
  endfacet
  facet normal 0 0 1
    outer loop
      vertex -21.7825 13.4133 18
      vertex -22.4217 14.2463 18
      vertex -22 13.2679 18
    endloop
  endfacet
  facet normal -0 0 1
    outer loop
      vertex -22.525 14.1773 18
      vertex -22 13.2679 18
      vertex -22.4217 14.2463 18
    endloop
  endfacet
  facet normal 0 0 1
    outer loop
      vertex -22 13.2679 18
      vertex -22.525 14.1773 18
      vertex -22.2346 13.1522 18
    endloop
  endfacet
  facet normal -0 0 1
    outer loop
      vertex -22.6364 14.1223 18
      vertex -22.2346 13.1522 18
      vertex -22.525 14.1773 18
    endloop
  endfacet
  facet normal 0 0 1
    outer loop
      vertex -22.2346 13.1522 18
      vertex -22.6364 14.1223 18
      vertex -22.4824 13.0681 18
    endloop
  endfacet
  facet normal -0 0 1
    outer loop
      vertex -22.7541 14.0824 18
      vertex -22.4824 13.0681 18
      vertex -22.6364 14.1223 18
    endloop
  endfacet
  facet normal 0 0 1
    outer loop
      vertex -22.4824 13.0681 18
      vertex -22.7541 14.0824 18
      vertex -22.7389 13.0171 18
    endloop
  endfacet
  facet normal -0 0 1
    outer loop
      vertex -22.876 14.0581 18
      vertex -22.7389 13.0171 18
      vertex -22.7541 14.0824 18
    endloop
  endfacet
  facet normal -0 0 1
    outer loop
      vertex -23 14.05 18
      vertex -22.7389 13.0171 18
      vertex -22.876 14.0581 18
    endloop
  endfacet
  facet normal 0 0 1
    outer loop
      vertex -23 14.05 18
      vertex -23 13 18
      vertex -22.7389 13.0171 18
    endloop
  endfacet
  facet normal 0 0 1
    outer loop
      vertex -23.124 14.0581 18
      vertex -23 13 18
      vertex -23 14.05 18
    endloop
  endfacet
  facet normal 0 0 1
    outer loop
      vertex -23.2611 13.0171 18
      vertex -23.124 14.0581 18
      vertex -23.2459 14.0824 18
    endloop
  endfacet
  facet normal 0 0 1
    outer loop
      vertex -23.124 14.0581 18
      vertex -23.2611 13.0171 18
      vertex -23 13 18
    endloop
  endfacet
  facet normal 0 0 1
    outer loop
      vertex -23.5176 13.0681 18
      vertex -23.2459 14.0824 18
      vertex -23.3635 14.1223 18
    endloop
  endfacet
  facet normal 0 0 1
    outer loop
      vertex -23.7654 13.1522 18
      vertex -23.3635 14.1223 18
      vertex -23.475 14.1773 18
    endloop
  endfacet
  facet normal 0 0 1
    outer loop
      vertex -23.2459 14.0824 18
      vertex -23.5176 13.0681 18
      vertex -23.2611 13.0171 18
    endloop
  endfacet
  facet normal 0 0 1
    outer loop
      vertex -24 13.2679 18
      vertex -23.475 14.1773 18
      vertex -23.5783 14.2463 18
    endloop
  endfacet
  facet normal 0 0 1
    outer loop
      vertex -24.2175 13.4133 18
      vertex -23.5783 14.2463 18
      vertex -23.6718 14.3282 18
    endloop
  endfacet
  facet normal 0 0 1
    outer loop
      vertex -24.4142 13.5858 18
      vertex -23.6718 14.3282 18
      vertex -23.7537 14.4217 18
    endloop
  endfacet
  facet normal 0 0 1
    outer loop
      vertex -23.3635 14.1223 18
      vertex -23.7654 13.1522 18
      vertex -23.5176 13.0681 18
    endloop
  endfacet
  facet normal 0 0 1
    outer loop
      vertex -24.5867 13.7825 18
      vertex -23.7537 14.4217 18
      vertex -23.8227 14.525 18
    endloop
  endfacet
  facet normal 0 0 1
    outer loop
      vertex -24.732 14 18
      vertex -23.8227 14.525 18
      vertex -23.8777 14.6364 18
    endloop
  endfacet
  facet normal 0 0 1
    outer loop
      vertex -24.8478 14.2346 18
      vertex -23.8777 14.6364 18
      vertex -23.9176 14.7541 18
    endloop
  endfacet
  facet normal 0 0 1
    outer loop
      vertex -24.9319 14.4824 18
      vertex -23.9176 14.7541 18
      vertex -23.9419 14.876 18
    endloop
  endfacet
  facet normal 0 0 1
    outer loop
      vertex -23.475 14.1773 18
      vertex -24 13.2679 18
      vertex -23.7654 13.1522 18
    endloop
  endfacet
  facet normal 0 0 1
    outer loop
      vertex -24.9829 14.7389 18
      vertex -23.9419 14.876 18
      vertex -23.95 15 18
    endloop
  endfacet
  facet normal 0 0 1
    outer loop
      vertex -23.8227 15.475 18
      vertex -24.732 16 18
      vertex -23.8777 15.3635 18
    endloop
  endfacet
  facet normal -0 0 1
    outer loop
      vertex -24.8478 15.7654 18
      vertex -23.8777 15.3635 18
      vertex -24.732 16 18
    endloop
  endfacet
  facet normal 0 0 1
    outer loop
      vertex -23.5783 14.2463 18
      vertex -24.2175 13.4133 18
      vertex -24 13.2679 18
    endloop
  endfacet
  facet normal 0 0 1
    outer loop
      vertex -23.8777 15.3635 18
      vertex -24.8478 15.7654 18
      vertex -23.9176 15.2459 18
    endloop
  endfacet
  facet normal 0 0 1
    outer loop
      vertex -23.6718 14.3282 18
      vertex -24.4142 13.5858 18
      vertex -24.2175 13.4133 18
    endloop
  endfacet
  facet normal -0 0 1
    outer loop
      vertex -24.9319 15.5176 18
      vertex -23.9176 15.2459 18
      vertex -24.8478 15.7654 18
    endloop
  endfacet
  facet normal 0 0 1
    outer loop
      vertex -23.7537 14.4217 18
      vertex -24.5867 13.7825 18
      vertex -24.4142 13.5858 18
    endloop
  endfacet
  facet normal 0 0 1
    outer loop
      vertex -23.9176 15.2459 18
      vertex -24.9319 15.5176 18
      vertex -23.9419 15.124 18
    endloop
  endfacet
  facet normal 0 0 1
    outer loop
      vertex -23.8227 14.525 18
      vertex -24.732 14 18
      vertex -24.5867 13.7825 18
    endloop
  endfacet
  facet normal -0 0 1
    outer loop
      vertex -24.9829 15.2611 18
      vertex -23.9419 15.124 18
      vertex -24.9319 15.5176 18
    endloop
  endfacet
  facet normal 0 0 1
    outer loop
      vertex -23.8777 14.6364 18
      vertex -24.8478 14.2346 18
      vertex -24.732 14 18
    endloop
  endfacet
  facet normal 0 0 1
    outer loop
      vertex -23.9419 15.124 18
      vertex -24.9829 15.2611 18
      vertex -23.95 15 18
    endloop
  endfacet
  facet normal 0 0 1
    outer loop
      vertex -23.9176 14.7541 18
      vertex -24.9319 14.4824 18
      vertex -24.8478 14.2346 18
    endloop
  endfacet
  facet normal 0 0 1
    outer loop
      vertex -25 15 18
      vertex -23.95 15 18
      vertex -24.9829 15.2611 18
    endloop
  endfacet
  facet normal 0 0 1
    outer loop
      vertex -23.9419 14.876 18
      vertex -24.9829 14.7389 18
      vertex -24.9319 14.4824 18
    endloop
  endfacet
  facet normal 0 0 1
    outer loop
      vertex -23.95 15 18
      vertex -25 15 18
      vertex -24.9829 14.7389 18
    endloop
  endfacet
  facet normal -0.896709 0.442621 9.35767e-23
    outer loop
      vertex -24.8478 15.7654 2.4
      vertex -24.732 16 18
      vertex -24.732 16 2.4
    endloop
  endfacet
  facet normal -0.896709 0.442621 9.35767e-23
    outer loop
      vertex -24.732 16 18
      vertex -24.8478 15.7654 2.4
      vertex -24.8478 15.7654 18
    endloop
  endfacet
  facet normal 0.89667 -0.4427 1.79039e-18
    outer loop
      vertex -22.1773 14.525 19
      vertex -22.1223 14.6364 18
      vertex -22.1223 14.6364 19
    endloop
  endfacet
  facet normal 0.89667 -0.4427 1.79039e-18
    outer loop
      vertex -22.1223 14.6364 18
      vertex -22.1773 14.525 19
      vertex -22.1773 14.525 18
    endloop
  endfacet
  facet normal 0.980704 0.195497 1.32651e-18
    outer loop
      vertex -22.0581 15.124 19
      vertex -22.0824 15.2459 18
      vertex -22.0824 15.2459 19
    endloop
  endfacet
  facet normal 0.980704 0.195497 1.32651e-18
    outer loop
      vertex -22.0824 15.2459 18
      vertex -22.0581 15.124 19
      vertex -22.0581 15.124 18
    endloop
  endfacet
  facet normal 0.997873 0.0651837 2.05491e-21
    outer loop
      vertex -22.05 15 19
      vertex -22.0581 15.124 18
      vertex -22.0581 15.124 19
    endloop
  endfacet
  facet normal 0.997873 0.0651837 2.05491e-21
    outer loop
      vertex -22.0581 15.124 18
      vertex -22.05 15 19
      vertex -22.05 15 18
    endloop
  endfacet
  facet normal 0.946979 0.321296 1.02997e-18
    outer loop
      vertex -22.0824 15.2459 19
      vertex -22.1223 15.3635 18
      vertex -22.1223 15.3635 19
    endloop
  endfacet
  facet normal 0.946979 0.321296 1.02997e-18
    outer loop
      vertex -22.1223 15.3635 18
      vertex -22.0824 15.2459 19
      vertex -22.0824 15.2459 18
    endloop
  endfacet
  facet normal 0.980704 -0.195497 -1.32651e-18
    outer loop
      vertex -22.0824 14.7541 19
      vertex -22.0581 14.876 18
      vertex -22.0581 14.876 19
    endloop
  endfacet
  facet normal 0.980704 -0.195497 -1.32651e-18
    outer loop
      vertex -22.0581 14.876 18
      vertex -22.0824 14.7541 19
      vertex -22.0824 14.7541 18
    endloop
  endfacet
  facet normal 0.896827 0.442381 -7.23318e-19
    outer loop
      vertex -22.1223 15.3635 19
      vertex -22.1773 15.475 18
      vertex -22.1773 15.475 19
    endloop
  endfacet
  facet normal 0.896827 0.442381 -7.23318e-19
    outer loop
      vertex -22.1773 15.475 18
      vertex -22.1223 15.3635 19
      vertex -22.1223 15.3635 18
    endloop
  endfacet
  facet normal -0.946979 0.321296 -1.02997e-18
    outer loop
      vertex -23.9176 15.2459 18
      vertex -23.8777 15.3635 19
      vertex -23.8777 15.3635 18
    endloop
  endfacet
  facet normal -0.946979 0.321296 -1.02997e-18
    outer loop
      vertex -23.8777 15.3635 19
      vertex -23.9176 15.2459 18
      vertex -23.9176 15.2459 19
    endloop
  endfacet
  facet normal 0.831555 -0.555443 5.44364e-19
    outer loop
      vertex -22.2463 14.4217 19
      vertex -22.1773 14.525 18
      vertex -22.1773 14.525 19
    endloop
  endfacet
  facet normal 0.831555 -0.555443 5.44364e-19
    outer loop
      vertex -22.1773 14.525 18
      vertex -22.2463 14.4217 19
      vertex -22.2463 14.4217 18
    endloop
  endfacet
  facet normal 0.321052 0.947062 -0
    outer loop
      vertex -22.6364 15.8777 18
      vertex -22.7541 15.9176 19
      vertex -22.6364 15.8777 19
    endloop
  endfacet
  facet normal 0.321052 0.947062 0
    outer loop
      vertex -22.7541 15.9176 19
      vertex -22.6364 15.8777 18
      vertex -22.7541 15.9176 18
    endloop
  endfacet
  facet normal -0.555443 0.831555 0
    outer loop
      vertex -23.475 15.8227 18
      vertex -23.5783 15.7537 19
      vertex -23.475 15.8227 19
    endloop
  endfacet
  facet normal -0.555443 0.831555 0
    outer loop
      vertex -23.5783 15.7537 19
      vertex -23.475 15.8227 18
      vertex -23.5783 15.7537 18
    endloop
  endfacet
  facet normal -0.896827 0.442381 7.23318e-19
    outer loop
      vertex -23.8777 15.3635 18
      vertex -23.8227 15.475 19
      vertex -23.8227 15.475 18
    endloop
  endfacet
  facet normal -0.896827 0.442381 7.23318e-19
    outer loop
      vertex -23.8227 15.475 19
      vertex -23.8777 15.3635 18
      vertex -23.8777 15.3635 19
    endloop
  endfacet
  facet normal 0.4427 0.89667 -0
    outer loop
      vertex -22.525 15.8227 18
      vertex -22.6364 15.8777 19
      vertex -22.525 15.8227 19
    endloop
  endfacet
  facet normal 0.4427 0.89667 0
    outer loop
      vertex -22.6364 15.8777 19
      vertex -22.525 15.8227 18
      vertex -22.6364 15.8777 18
    endloop
  endfacet
  facet normal 0.658903 0.752228 -0
    outer loop
      vertex -22.3282 15.6718 18
      vertex -22.4217 15.7537 19
      vertex -22.3282 15.6718 19
    endloop
  endfacet
  facet normal 0.658903 0.752228 0
    outer loop
      vertex -22.4217 15.7537 19
      vertex -22.3282 15.6718 18
      vertex -22.4217 15.7537 18
    endloop
  endfacet
  facet normal -0.89667 -0.4427 -1.79039e-18
    outer loop
      vertex -23.8227 14.525 18
      vertex -23.8777 14.6364 19
      vertex -23.8777 14.6364 18
    endloop
  endfacet
  facet normal -0.89667 -0.4427 -1.79039e-18
    outer loop
      vertex -23.8777 14.6364 19
      vertex -23.8227 14.525 18
      vertex -23.8227 14.525 19
    endloop
  endfacet
  facet normal -0.997873 0.0651837 -2.05491e-21
    outer loop
      vertex -23.95 15 18
      vertex -23.9419 15.124 19
      vertex -23.9419 15.124 18
    endloop
  endfacet
  facet normal -0.997873 0.0651837 -2.05491e-21
    outer loop
      vertex -23.9419 15.124 19
      vertex -23.95 15 18
      vertex -23.95 15 19
    endloop
  endfacet
  facet normal -0.658903 -0.752228 0
    outer loop
      vertex -23.6718 14.3282 18
      vertex -23.5783 14.2463 19
      vertex -23.6718 14.3282 19
    endloop
  endfacet
  facet normal -0.658903 -0.752228 -0
    outer loop
      vertex -23.5783 14.2463 19
      vertex -23.6718 14.3282 18
      vertex -23.5783 14.2463 18
    endloop
  endfacet
  facet normal -0.752228 0.658903 -1.13999e-18
    outer loop
      vertex -23.7537 15.5783 18
      vertex -23.6718 15.6718 19
      vertex -23.6718 15.6718 18
    endloop
  endfacet
  facet normal -0.752228 0.658903 -1.13999e-18
    outer loop
      vertex -23.6718 15.6718 19
      vertex -23.7537 15.5783 18
      vertex -23.7537 15.5783 19
    endloop
  endfacet
  facet normal -0.442381 0.896827 0
    outer loop
      vertex -23.3635 15.8777 18
      vertex -23.475 15.8227 19
      vertex -23.3635 15.8777 19
    endloop
  endfacet
  facet normal -0.442381 0.896827 0
    outer loop
      vertex -23.475 15.8227 19
      vertex -23.3635 15.8777 18
      vertex -23.475 15.8227 18
    endloop
  endfacet
  facet normal 0.195497 0.980704 -0
    outer loop
      vertex -22.7541 15.9176 18
      vertex -22.876 15.9419 19
      vertex -22.7541 15.9176 19
    endloop
  endfacet
  facet normal 0.195497 0.980704 0
    outer loop
      vertex -22.876 15.9419 19
      vertex -22.7541 15.9176 18
      vertex -22.876 15.9419 18
    endloop
  endfacet
  facet normal 0.4427 -0.89667 0
    outer loop
      vertex -22.6364 14.1223 18
      vertex -22.525 14.1773 19
      vertex -22.6364 14.1223 19
    endloop
  endfacet
  facet normal 0.4427 -0.89667 0
    outer loop
      vertex -22.525 14.1773 19
      vertex -22.6364 14.1223 18
      vertex -22.525 14.1773 18
    endloop
  endfacet
  facet normal 0.997873 -0.0651837 -2.05491e-21
    outer loop
      vertex -22.0581 14.876 19
      vertex -22.05 15 18
      vertex -22.05 15 19
    endloop
  endfacet
  facet normal 0.997873 -0.0651837 -2.05491e-21
    outer loop
      vertex -22.05 15 18
      vertex -22.0581 14.876 19
      vertex -22.0581 14.876 18
    endloop
  endfacet
  facet normal 0.321052 -0.947062 0
    outer loop
      vertex -22.7541 14.0824 18
      vertex -22.6364 14.1223 19
      vertex -22.7541 14.0824 19
    endloop
  endfacet
  facet normal 0.321052 -0.947062 0
    outer loop
      vertex -22.6364 14.1223 19
      vertex -22.7541 14.0824 18
      vertex -22.6364 14.1223 18
    endloop
  endfacet
  facet normal 0.555443 0.831555 -0
    outer loop
      vertex -22.4217 15.7537 18
      vertex -22.525 15.8227 19
      vertex -22.4217 15.7537 19
    endloop
  endfacet
  facet normal 0.555443 0.831555 0
    outer loop
      vertex -22.525 15.8227 19
      vertex -22.4217 15.7537 18
      vertex -22.525 15.8227 18
    endloop
  endfacet
  facet normal 0 0 1
    outer loop
      vertex -22.0581 15.124 19
      vertex -22.0581 14.876 19
      vertex -22.05 15 19
    endloop
  endfacet
  facet normal 0 0 1
    outer loop
      vertex -22.0824 15.2459 19
      vertex -22.0581 14.876 19
      vertex -22.0581 15.124 19
    endloop
  endfacet
  facet normal 0 0 1
    outer loop
      vertex -22.0824 15.2459 19
      vertex -22.0824 14.7541 19
      vertex -22.0581 14.876 19
    endloop
  endfacet
  facet normal 0 0 1
    outer loop
      vertex -22.1223 15.3635 19
      vertex -22.0824 14.7541 19
      vertex -22.0824 15.2459 19
    endloop
  endfacet
  facet normal 0 0 1
    outer loop
      vertex -22.1223 15.3635 19
      vertex -22.1223 14.6364 19
      vertex -22.0824 14.7541 19
    endloop
  endfacet
  facet normal 0 0 1
    outer loop
      vertex -22.1773 15.475 19
      vertex -22.1223 14.6364 19
      vertex -22.1223 15.3635 19
    endloop
  endfacet
  facet normal 0 0 1
    outer loop
      vertex -22.1773 15.475 19
      vertex -22.1773 14.525 19
      vertex -22.1223 14.6364 19
    endloop
  endfacet
  facet normal 0 0 1
    outer loop
      vertex -22.2463 15.5783 19
      vertex -22.1773 14.525 19
      vertex -22.1773 15.475 19
    endloop
  endfacet
  facet normal 0 0 1
    outer loop
      vertex -22.2463 15.5783 19
      vertex -22.2463 14.4217 19
      vertex -22.1773 14.525 19
    endloop
  endfacet
  facet normal 0 0 1
    outer loop
      vertex -22.3282 15.6718 19
      vertex -22.2463 14.4217 19
      vertex -22.2463 15.5783 19
    endloop
  endfacet
  facet normal 0 0 1
    outer loop
      vertex -22.3282 15.6718 19
      vertex -22.3282 14.3282 19
      vertex -22.2463 14.4217 19
    endloop
  endfacet
  facet normal 0 0 1
    outer loop
      vertex -22.4217 15.7537 19
      vertex -22.3282 14.3282 19
      vertex -22.3282 15.6718 19
    endloop
  endfacet
  facet normal 0 0 1
    outer loop
      vertex -22.4217 15.7537 19
      vertex -22.4217 14.2463 19
      vertex -22.3282 14.3282 19
    endloop
  endfacet
  facet normal 0 0 1
    outer loop
      vertex -22.525 15.8227 19
      vertex -22.4217 14.2463 19
      vertex -22.4217 15.7537 19
    endloop
  endfacet
  facet normal 0 0 1
    outer loop
      vertex -22.525 15.8227 19
      vertex -22.525 14.1773 19
      vertex -22.4217 14.2463 19
    endloop
  endfacet
  facet normal 0 0 1
    outer loop
      vertex -22.6364 15.8777 19
      vertex -22.525 14.1773 19
      vertex -22.525 15.8227 19
    endloop
  endfacet
  facet normal 0 0 1
    outer loop
      vertex -22.6364 15.8777 19
      vertex -22.6364 14.1223 19
      vertex -22.525 14.1773 19
    endloop
  endfacet
  facet normal 0 0 1
    outer loop
      vertex -22.7541 15.9176 19
      vertex -22.6364 14.1223 19
      vertex -22.6364 15.8777 19
    endloop
  endfacet
  facet normal 0 0 1
    outer loop
      vertex -22.7541 15.9176 19
      vertex -22.7541 14.0824 19
      vertex -22.6364 14.1223 19
    endloop
  endfacet
  facet normal 0 0 1
    outer loop
      vertex -22.876 15.9419 19
      vertex -22.7541 14.0824 19
      vertex -22.7541 15.9176 19
    endloop
  endfacet
  facet normal 0 0 1
    outer loop
      vertex -22.876 15.9419 19
      vertex -22.876 14.0581 19
      vertex -22.7541 14.0824 19
    endloop
  endfacet
  facet normal 0 0 1
    outer loop
      vertex -23 15.95 19
      vertex -22.876 14.0581 19
      vertex -22.876 15.9419 19
    endloop
  endfacet
  facet normal 0 0 1
    outer loop
      vertex -23 15.95 19
      vertex -23 14.05 19
      vertex -22.876 14.0581 19
    endloop
  endfacet
  facet normal -0 0 1
    outer loop
      vertex -23.124 15.9419 19
      vertex -23 14.05 19
      vertex -23 15.95 19
    endloop
  endfacet
  facet normal 0 0 1
    outer loop
      vertex -23.124 15.9419 19
      vertex -23.124 14.0581 19
      vertex -23 14.05 19
    endloop
  endfacet
  facet normal -0 0 1
    outer loop
      vertex -23.2459 15.9176 19
      vertex -23.124 14.0581 19
      vertex -23.124 15.9419 19
    endloop
  endfacet
  facet normal 0 0 1
    outer loop
      vertex -23.2459 15.9176 19
      vertex -23.2459 14.0824 19
      vertex -23.124 14.0581 19
    endloop
  endfacet
  facet normal -0 0 1
    outer loop
      vertex -23.3635 15.8777 19
      vertex -23.2459 14.0824 19
      vertex -23.2459 15.9176 19
    endloop
  endfacet
  facet normal 0 0 1
    outer loop
      vertex -23.3635 15.8777 19
      vertex -23.3635 14.1223 19
      vertex -23.2459 14.0824 19
    endloop
  endfacet
  facet normal -0 0 1
    outer loop
      vertex -23.475 15.8227 19
      vertex -23.3635 14.1223 19
      vertex -23.3635 15.8777 19
    endloop
  endfacet
  facet normal 0 0 1
    outer loop
      vertex -23.475 15.8227 19
      vertex -23.475 14.1773 19
      vertex -23.3635 14.1223 19
    endloop
  endfacet
  facet normal -0 0 1
    outer loop
      vertex -23.5783 15.7537 19
      vertex -23.475 14.1773 19
      vertex -23.475 15.8227 19
    endloop
  endfacet
  facet normal 0 0 1
    outer loop
      vertex -23.5783 15.7537 19
      vertex -23.5783 14.2463 19
      vertex -23.475 14.1773 19
    endloop
  endfacet
  facet normal -0 0 1
    outer loop
      vertex -23.6718 15.6718 19
      vertex -23.5783 14.2463 19
      vertex -23.5783 15.7537 19
    endloop
  endfacet
  facet normal 0 0 1
    outer loop
      vertex -23.6718 15.6718 19
      vertex -23.6718 14.3282 19
      vertex -23.5783 14.2463 19
    endloop
  endfacet
  facet normal -0 0 1
    outer loop
      vertex -23.7537 15.5783 19
      vertex -23.6718 14.3282 19
      vertex -23.6718 15.6718 19
    endloop
  endfacet
  facet normal 0 0 1
    outer loop
      vertex -23.7537 15.5783 19
      vertex -23.7537 14.4217 19
      vertex -23.6718 14.3282 19
    endloop
  endfacet
  facet normal -0 0 1
    outer loop
      vertex -23.8227 15.475 19
      vertex -23.7537 14.4217 19
      vertex -23.7537 15.5783 19
    endloop
  endfacet
  facet normal 0 0 1
    outer loop
      vertex -23.8227 15.475 19
      vertex -23.8227 14.525 19
      vertex -23.7537 14.4217 19
    endloop
  endfacet
  facet normal -0 0 1
    outer loop
      vertex -23.8777 15.3635 19
      vertex -23.8227 14.525 19
      vertex -23.8227 15.475 19
    endloop
  endfacet
  facet normal 0 0 1
    outer loop
      vertex -23.8777 15.3635 19
      vertex -23.8777 14.6364 19
      vertex -23.8227 14.525 19
    endloop
  endfacet
  facet normal -0 0 1
    outer loop
      vertex -23.9176 15.2459 19
      vertex -23.8777 14.6364 19
      vertex -23.8777 15.3635 19
    endloop
  endfacet
  facet normal 0 0 1
    outer loop
      vertex -23.9176 15.2459 19
      vertex -23.9176 14.7541 19
      vertex -23.8777 14.6364 19
    endloop
  endfacet
  facet normal -0 0 1
    outer loop
      vertex -23.9419 15.124 19
      vertex -23.9176 14.7541 19
      vertex -23.9176 15.2459 19
    endloop
  endfacet
  facet normal 0 0 1
    outer loop
      vertex -23.9419 15.124 19
      vertex -23.9419 14.876 19
      vertex -23.9176 14.7541 19
    endloop
  endfacet
  facet normal 0 -0 1
    outer loop
      vertex -23.9419 14.876 19
      vertex -23.9419 15.124 19
      vertex -23.95 15 19
    endloop
  endfacet
  facet normal 0.831555 0.555443 -5.44364e-19
    outer loop
      vertex -22.1773 15.475 19
      vertex -22.2463 15.5783 18
      vertex -22.2463 15.5783 19
    endloop
  endfacet
  facet normal 0.831555 0.555443 -5.44364e-19
    outer loop
      vertex -22.2463 15.5783 18
      vertex -22.1773 15.475 19
      vertex -22.1773 15.475 18
    endloop
  endfacet
  facet normal 0.752228 -0.658903 -1.13999e-18
    outer loop
      vertex -22.3282 14.3282 19
      vertex -22.2463 14.4217 18
      vertex -22.2463 14.4217 19
    endloop
  endfacet
  facet normal 0.752228 -0.658903 -1.13999e-18
    outer loop
      vertex -22.2463 14.4217 18
      vertex -22.3282 14.3282 19
      vertex -22.3282 14.3282 18
    endloop
  endfacet
  facet normal 0.0651837 -0.997873 0
    outer loop
      vertex -23 14.05 18
      vertex -22.876 14.0581 19
      vertex -23 14.05 19
    endloop
  endfacet
  facet normal 0.0651837 -0.997873 0
    outer loop
      vertex -22.876 14.0581 19
      vertex -23 14.05 18
      vertex -22.876 14.0581 18
    endloop
  endfacet
  facet normal 0.947062 -0.321052 2.64858e-18
    outer loop
      vertex -22.1223 14.6364 19
      vertex -22.0824 14.7541 18
      vertex -22.0824 14.7541 19
    endloop
  endfacet
  facet normal 0.947062 -0.321052 2.64858e-18
    outer loop
      vertex -22.0824 14.7541 18
      vertex -22.1223 14.6364 19
      vertex -22.1223 14.6364 18
    endloop
  endfacet
  facet normal -0.752228 -0.658903 1.13999e-18
    outer loop
      vertex -23.6718 14.3282 18
      vertex -23.7537 14.4217 19
      vertex -23.7537 14.4217 18
    endloop
  endfacet
  facet normal -0.752228 -0.658903 1.13999e-18
    outer loop
      vertex -23.7537 14.4217 19
      vertex -23.6718 14.3282 18
      vertex -23.6718 14.3282 19
    endloop
  endfacet
  facet normal -0.321296 0.946979 0
    outer loop
      vertex -23.2459 15.9176 18
      vertex -23.3635 15.8777 19
      vertex -23.2459 15.9176 19
    endloop
  endfacet
  facet normal -0.321296 0.946979 0
    outer loop
      vertex -23.3635 15.8777 19
      vertex -23.2459 15.9176 18
      vertex -23.3635 15.8777 18
    endloop
  endfacet
  facet normal -0.195497 -0.980704 0
    outer loop
      vertex -23.2459 14.0824 18
      vertex -23.124 14.0581 19
      vertex -23.2459 14.0824 19
    endloop
  endfacet
  facet normal -0.195497 -0.980704 -0
    outer loop
      vertex -23.124 14.0581 19
      vertex -23.2459 14.0824 18
      vertex -23.124 14.0581 18
    endloop
  endfacet
  facet normal 0.752228 0.658903 1.13999e-18
    outer loop
      vertex -22.2463 15.5783 19
      vertex -22.3282 15.6718 18
      vertex -22.3282 15.6718 19
    endloop
  endfacet
  facet normal 0.752228 0.658903 1.13999e-18
    outer loop
      vertex -22.3282 15.6718 18
      vertex -22.2463 15.5783 19
      vertex -22.2463 15.5783 18
    endloop
  endfacet
  facet normal -0.442381 -0.896827 0
    outer loop
      vertex -23.475 14.1773 18
      vertex -23.3635 14.1223 19
      vertex -23.475 14.1773 19
    endloop
  endfacet
  facet normal -0.442381 -0.896827 -0
    outer loop
      vertex -23.3635 14.1223 19
      vertex -23.475 14.1773 18
      vertex -23.3635 14.1223 18
    endloop
  endfacet
  facet normal 0.195497 -0.980704 0
    outer loop
      vertex -22.876 14.0581 18
      vertex -22.7541 14.0824 19
      vertex -22.876 14.0581 19
    endloop
  endfacet
  facet normal 0.195497 -0.980704 0
    outer loop
      vertex -22.7541 14.0824 19
      vertex -22.876 14.0581 18
      vertex -22.7541 14.0824 18
    endloop
  endfacet
  facet normal -0.321296 -0.946979 0
    outer loop
      vertex -23.3635 14.1223 18
      vertex -23.2459 14.0824 19
      vertex -23.3635 14.1223 19
    endloop
  endfacet
  facet normal -0.321296 -0.946979 -0
    outer loop
      vertex -23.2459 14.0824 19
      vertex -23.3635 14.1223 18
      vertex -23.2459 14.0824 18
    endloop
  endfacet
  facet normal 0.658903 -0.752228 0
    outer loop
      vertex -22.4217 14.2463 18
      vertex -22.3282 14.3282 19
      vertex -22.4217 14.2463 19
    endloop
  endfacet
  facet normal 0.658903 -0.752228 0
    outer loop
      vertex -22.3282 14.3282 19
      vertex -22.4217 14.2463 18
      vertex -22.3282 14.3282 18
    endloop
  endfacet
  facet normal -0.555443 -0.831555 0
    outer loop
      vertex -23.5783 14.2463 18
      vertex -23.475 14.1773 19
      vertex -23.5783 14.2463 19
    endloop
  endfacet
  facet normal -0.555443 -0.831555 -0
    outer loop
      vertex -23.475 14.1773 19
      vertex -23.5783 14.2463 18
      vertex -23.475 14.1773 18
    endloop
  endfacet
  facet normal -0.947062 -0.321052 -2.64858e-18
    outer loop
      vertex -23.8777 14.6364 18
      vertex -23.9176 14.7541 19
      vertex -23.9176 14.7541 18
    endloop
  endfacet
  facet normal -0.947062 -0.321052 -2.64858e-18
    outer loop
      vertex -23.9176 14.7541 19
      vertex -23.8777 14.6364 18
      vertex -23.8777 14.6364 19
    endloop
  endfacet
  facet normal 0.555443 -0.831555 0
    outer loop
      vertex -22.525 14.1773 18
      vertex -22.4217 14.2463 19
      vertex -22.525 14.1773 19
    endloop
  endfacet
  facet normal 0.555443 -0.831555 0
    outer loop
      vertex -22.4217 14.2463 19
      vertex -22.525 14.1773 18
      vertex -22.4217 14.2463 18
    endloop
  endfacet
  facet normal -0.195497 0.980704 0
    outer loop
      vertex -23.124 15.9419 18
      vertex -23.2459 15.9176 19
      vertex -23.124 15.9419 19
    endloop
  endfacet
  facet normal -0.195497 0.980704 0
    outer loop
      vertex -23.2459 15.9176 19
      vertex -23.124 15.9419 18
      vertex -23.2459 15.9176 18
    endloop
  endfacet
  facet normal -0.980704 0.195497 -1.32651e-18
    outer loop
      vertex -23.9419 15.124 18
      vertex -23.9176 15.2459 19
      vertex -23.9176 15.2459 18
    endloop
  endfacet
  facet normal -0.980704 0.195497 -1.32651e-18
    outer loop
      vertex -23.9176 15.2459 19
      vertex -23.9419 15.124 18
      vertex -23.9419 15.124 19
    endloop
  endfacet
  facet normal -0.658903 0.752228 0
    outer loop
      vertex -23.5783 15.7537 18
      vertex -23.6718 15.6718 19
      vertex -23.5783 15.7537 19
    endloop
  endfacet
  facet normal -0.658903 0.752228 0
    outer loop
      vertex -23.6718 15.6718 19
      vertex -23.5783 15.7537 18
      vertex -23.6718 15.6718 18
    endloop
  endfacet
  facet normal -0.980704 -0.195497 1.32651e-18
    outer loop
      vertex -23.9176 14.7541 18
      vertex -23.9419 14.876 19
      vertex -23.9419 14.876 18
    endloop
  endfacet
  facet normal -0.980704 -0.195497 1.32651e-18
    outer loop
      vertex -23.9419 14.876 19
      vertex -23.9176 14.7541 18
      vertex -23.9176 14.7541 19
    endloop
  endfacet
  facet normal 0.0651837 0.997873 -0
    outer loop
      vertex -22.876 15.9419 18
      vertex -23 15.95 19
      vertex -22.876 15.9419 19
    endloop
  endfacet
  facet normal 0.0651837 0.997873 0
    outer loop
      vertex -23 15.95 19
      vertex -22.876 15.9419 18
      vertex -23 15.95 18
    endloop
  endfacet
  facet normal -0.997873 -0.0651837 2.05491e-21
    outer loop
      vertex -23.9419 14.876 18
      vertex -23.95 15 19
      vertex -23.95 15 18
    endloop
  endfacet
  facet normal -0.997873 -0.0651837 2.05491e-21
    outer loop
      vertex -23.95 15 19
      vertex -23.9419 14.876 18
      vertex -23.9419 14.876 19
    endloop
  endfacet
  facet normal -0.831555 0.555443 5.44364e-19
    outer loop
      vertex -23.8227 15.475 18
      vertex -23.7537 15.5783 19
      vertex -23.7537 15.5783 18
    endloop
  endfacet
  facet normal -0.831555 0.555443 5.44364e-19
    outer loop
      vertex -23.7537 15.5783 19
      vertex -23.8227 15.475 18
      vertex -23.8227 15.475 19
    endloop
  endfacet
  facet normal -0.0651837 0.997873 0
    outer loop
      vertex -23 15.95 18
      vertex -23.124 15.9419 19
      vertex -23 15.95 19
    endloop
  endfacet
  facet normal -0.0651837 0.997873 0
    outer loop
      vertex -23.124 15.9419 19
      vertex -23 15.95 18
      vertex -23.124 15.9419 18
    endloop
  endfacet
  facet normal -0.831555 -0.555443 -5.44364e-19
    outer loop
      vertex -23.7537 14.4217 18
      vertex -23.8227 14.525 19
      vertex -23.8227 14.525 18
    endloop
  endfacet
  facet normal -0.831555 -0.555443 -5.44364e-19
    outer loop
      vertex -23.8227 14.525 19
      vertex -23.7537 14.4217 18
      vertex -23.7537 14.4217 19
    endloop
  endfacet
  facet normal -0.0651837 -0.997873 0
    outer loop
      vertex -23.124 14.0581 18
      vertex -23 14.05 19
      vertex -23.124 14.0581 19
    endloop
  endfacet
  facet normal -0.0651837 -0.997873 -0
    outer loop
      vertex -23 14.05 19
      vertex -23.124 14.0581 18
      vertex -23 14.05 18
    endloop
  endfacet
  facet normal -0.980718 -0.19543 -5.33905e-20
    outer loop
      vertex -27.8598 0.150105 1.2
      vertex -27.8892 0.297642 18
      vertex -27.8892 0.297642 1.2
    endloop
  endfacet
  facet normal -0.980718 -0.19543 -5.33905e-20
    outer loop
      vertex -27.8892 0.297642 18
      vertex -27.8598 0.150105 1.2
      vertex -27.8598 0.150105 18
    endloop
  endfacet
  facet normal -0.997876 -0.0651489 6.70593e-21
    outer loop
      vertex -27.85 0 1.2
      vertex -27.8598 0.150105 18
      vertex -27.8598 0.150105 1.2
    endloop
  endfacet
  facet normal -0.997876 -0.0651489 6.70593e-21
    outer loop
      vertex -27.8598 0.150105 18
      vertex -27.85 0 1.2
      vertex -27.85 0 18
    endloop
  endfacet
  facet normal 0.442319 -0.896858 0
    outer loop
      vertex -29.575 0.995929 1.2
      vertex -29.4401 1.06246 18
      vertex -29.575 0.995929 18
    endloop
  endfacet
  facet normal 0.442319 -0.896858 0
    outer loop
      vertex -29.4401 1.06246 18
      vertex -29.575 0.995929 1.2
      vertex -29.4401 1.06246 1.2
    endloop
  endfacet
  facet normal -0.659334 -0.75185 0
    outer loop
      vertex -28.2999 0.912355 1.2
      vertex -28.1868 0.813172 18
      vertex -28.2999 0.912355 18
    endloop
  endfacet
  facet normal -0.659334 -0.75185 -0
    outer loop
      vertex -28.1868 0.813172 18
      vertex -28.2999 0.912355 1.2
      vertex -28.1868 0.813172 1.2
    endloop
  endfacet
  facet normal -0.442319 0.896858 0
    outer loop
      vertex -28.425 -0.995929 1.2
      vertex -28.5599 -1.06246 18
      vertex -28.425 -0.995929 18
    endloop
  endfacet
  facet normal -0.442319 0.896858 0
    outer loop
      vertex -28.5599 -1.06246 18
      vertex -28.425 -0.995929 1.2
      vertex -28.5599 -1.06246 1.2
    endloop
  endfacet
  facet normal 0.980718 -0.19543 5.33905e-20
    outer loop
      vertex -30.1402 0.150105 18
      vertex -30.1108 0.297642 1.2
      vertex -30.1108 0.297642 18
    endloop
  endfacet
  facet normal 0.980718 -0.19543 5.33905e-20
    outer loop
      vertex -30.1108 0.297642 1.2
      vertex -30.1402 0.150105 18
      vertex -30.1402 0.150105 1.2
    endloop
  endfacet
  facet normal -0.195157 0.980772 0
    outer loop
      vertex -28.7024 -1.11081 1.2
      vertex -28.8499 -1.14016 18
      vertex -28.7024 -1.11081 18
    endloop
  endfacet
  facet normal -0.195157 0.980772 0
    outer loop
      vertex -28.8499 -1.14016 18
      vertex -28.7024 -1.11081 1.2
      vertex -28.8499 -1.14016 1.2
    endloop
  endfacet
  facet normal 0.0654159 0.997858 -0
    outer loop
      vertex -29 -1.15 1.2
      vertex -29.1501 -1.14016 18
      vertex -29 -1.15 18
    endloop
  endfacet
  facet normal 0.0654159 0.997858 0
    outer loop
      vertex -29.1501 -1.14016 18
      vertex -29 -1.15 1.2
      vertex -29.1501 -1.14016 1.2
    endloop
  endfacet
  facet normal 0.555501 0.831516 -0
    outer loop
      vertex -29.575 -0.995929 1.2
      vertex -29.7001 -0.912355 18
      vertex -29.575 -0.995929 18
    endloop
  endfacet
  facet normal 0.555501 0.831516 0
    outer loop
      vertex -29.7001 -0.912355 18
      vertex -29.575 -0.995929 1.2
      vertex -29.7001 -0.912355 1.2
    endloop
  endfacet
  facet normal -0.997876 0.0651489 -6.70593e-21
    outer loop
      vertex -27.8598 -0.150105 1.2
      vertex -27.85 0 18
      vertex -27.85 0 1.2
    endloop
  endfacet
  facet normal -0.997876 0.0651489 -6.70593e-21
    outer loop
      vertex -27.85 0 18
      vertex -27.8598 -0.150105 1.2
      vertex -27.8598 -0.150105 18
    endloop
  endfacet
  facet normal 0.997876 -0.0651489 -6.70593e-21
    outer loop
      vertex -30.15 0 18
      vertex -30.1402 0.150105 1.2
      vertex -30.1402 0.150105 18
    endloop
  endfacet
  facet normal 0.997876 -0.0651489 -6.70593e-21
    outer loop
      vertex -30.1402 0.150105 1.2
      vertex -30.15 0 18
      vertex -30.15 0 1.2
    endloop
  endfacet
  facet normal -0.831692 -0.555237 -2.36749e-19
    outer loop
      vertex -28.0041 0.575 1.2
      vertex -28.0876 0.700075 18
      vertex -28.0876 0.700075 1.2
    endloop
  endfacet
  facet normal -0.831692 -0.555237 -2.36749e-19
    outer loop
      vertex -28.0876 0.700075 18
      vertex -28.0041 0.575 1.2
      vertex -28.0041 0.575 18
    endloop
  endfacet
  facet normal -0.896695 -0.442648 1.31384e-19
    outer loop
      vertex -27.9375 0.440085 1.2
      vertex -28.0041 0.575 18
      vertex -28.0041 0.575 1.2
    endloop
  endfacet
  facet normal -0.896695 -0.442648 1.31384e-19
    outer loop
      vertex -28.0041 0.575 18
      vertex -27.9375 0.440085 1.2
      vertex -27.9375 0.440085 18
    endloop
  endfacet
  facet normal 0.947037 0.321124 -1.81052e-20
    outer loop
      vertex -30.0625 -0.440085 18
      vertex -30.1108 -0.297642 1.2
      vertex -30.1108 -0.297642 18
    endloop
  endfacet
  facet normal 0.947037 0.321124 -1.81052e-20
    outer loop
      vertex -30.1108 -0.297642 1.2
      vertex -30.0625 -0.440085 18
      vertex -30.0625 -0.440085 1.2
    endloop
  endfacet
  facet normal -0.751785 0.659408 -1.54962e-19
    outer loop
      vertex -28.1868 -0.813172 1.2
      vertex -28.0876 -0.700075 18
      vertex -28.0876 -0.700075 1.2
    endloop
  endfacet
  facet normal -0.751785 0.659408 -1.54962e-19
    outer loop
      vertex -28.0876 -0.700075 18
      vertex -28.1868 -0.813172 1.2
      vertex -28.1868 -0.813172 18
    endloop
  endfacet
  facet normal -0.980718 0.19543 5.33905e-20
    outer loop
      vertex -27.8892 -0.297642 1.2
      vertex -27.8598 -0.150105 18
      vertex -27.8598 -0.150105 1.2
    endloop
  endfacet
  facet normal -0.980718 0.19543 5.33905e-20
    outer loop
      vertex -27.8598 -0.150105 18
      vertex -27.8892 -0.297642 1.2
      vertex -27.8892 -0.297642 18
    endloop
  endfacet
  facet normal 0.896695 0.442648 1.31384e-19
    outer loop
      vertex -29.9959 -0.575 18
      vertex -30.0625 -0.440085 1.2
      vertex -30.0625 -0.440085 18
    endloop
  endfacet
  facet normal 0.896695 0.442648 1.31384e-19
    outer loop
      vertex -30.0625 -0.440085 1.2
      vertex -29.9959 -0.575 18
      vertex -29.9959 -0.575 1.2
    endloop
  endfacet
  facet normal 0.321307 -0.946975 0
    outer loop
      vertex -29.4401 1.06246 1.2
      vertex -29.2976 1.11081 18
      vertex -29.4401 1.06246 18
    endloop
  endfacet
  facet normal 0.321307 -0.946975 0
    outer loop
      vertex -29.2976 1.11081 18
      vertex -29.4401 1.06246 1.2
      vertex -29.2976 1.11081 1.2
    endloop
  endfacet
  facet normal 0.659334 -0.75185 0
    outer loop
      vertex -29.8132 0.813172 1.2
      vertex -29.7001 0.912355 18
      vertex -29.8132 0.813172 18
    endloop
  endfacet
  facet normal 0.659334 -0.75185 0
    outer loop
      vertex -29.7001 0.912355 18
      vertex -29.8132 0.813172 1.2
      vertex -29.7001 0.912355 1.2
    endloop
  endfacet
  facet normal 0.555501 -0.831516 0
    outer loop
      vertex -29.7001 0.912355 1.2
      vertex -29.575 0.995929 18
      vertex -29.7001 0.912355 18
    endloop
  endfacet
  facet normal 0.555501 -0.831516 0
    outer loop
      vertex -29.575 0.995929 18
      vertex -29.7001 0.912355 1.2
      vertex -29.575 0.995929 1.2
    endloop
  endfacet
  facet normal -0.0654159 -0.997858 0
    outer loop
      vertex -29 1.15 1.2
      vertex -28.8499 1.14016 18
      vertex -29 1.15 18
    endloop
  endfacet
  facet normal -0.0654159 -0.997858 -0
    outer loop
      vertex -28.8499 1.14016 18
      vertex -29 1.15 1.2
      vertex -28.8499 1.14016 1.2
    endloop
  endfacet
  facet normal -0.321307 0.946975 0
    outer loop
      vertex -28.5599 -1.06246 1.2
      vertex -28.7024 -1.11081 18
      vertex -28.5599 -1.06246 18
    endloop
  endfacet
  facet normal -0.321307 0.946975 0
    outer loop
      vertex -28.7024 -1.11081 18
      vertex -28.5599 -1.06246 1.2
      vertex -28.7024 -1.11081 1.2
    endloop
  endfacet
  facet normal 0.751785 0.659408 1.54962e-19
    outer loop
      vertex -29.8132 -0.813172 18
      vertex -29.9124 -0.700075 1.2
      vertex -29.9124 -0.700075 18
    endloop
  endfacet
  facet normal 0.751785 0.659408 1.54962e-19
    outer loop
      vertex -29.9124 -0.700075 1.2
      vertex -29.8132 -0.813172 18
      vertex -29.8132 -0.813172 1.2
    endloop
  endfacet
  facet normal -0.659334 0.75185 0
    outer loop
      vertex -28.1868 -0.813172 1.2
      vertex -28.2999 -0.912355 18
      vertex -28.1868 -0.813172 18
    endloop
  endfacet
  facet normal -0.659334 0.75185 0
    outer loop
      vertex -28.2999 -0.912355 18
      vertex -28.1868 -0.813172 1.2
      vertex -28.2999 -0.912355 1.2
    endloop
  endfacet
  facet normal -0.0654159 0.997858 0
    outer loop
      vertex -28.8499 -1.14016 1.2
      vertex -29 -1.15 18
      vertex -28.8499 -1.14016 18
    endloop
  endfacet
  facet normal -0.0654159 0.997858 0
    outer loop
      vertex -29 -1.15 18
      vertex -28.8499 -1.14016 1.2
      vertex -29 -1.15 1.2
    endloop
  endfacet
  facet normal -0.555501 -0.831516 0
    outer loop
      vertex -28.425 0.995929 1.2
      vertex -28.2999 0.912355 18
      vertex -28.425 0.995929 18
    endloop
  endfacet
  facet normal -0.555501 -0.831516 -0
    outer loop
      vertex -28.2999 0.912355 18
      vertex -28.425 0.995929 1.2
      vertex -28.2999 0.912355 1.2
    endloop
  endfacet
  facet normal 0.442319 0.896858 -0
    outer loop
      vertex -29.4401 -1.06246 1.2
      vertex -29.575 -0.995929 18
      vertex -29.4401 -1.06246 18
    endloop
  endfacet
  facet normal 0.442319 0.896858 0
    outer loop
      vertex -29.575 -0.995929 18
      vertex -29.4401 -1.06246 1.2
      vertex -29.575 -0.995929 1.2
    endloop
  endfacet
  facet normal -0.555501 0.831516 0
    outer loop
      vertex -28.2999 -0.912355 1.2
      vertex -28.425 -0.995929 18
      vertex -28.2999 -0.912355 18
    endloop
  endfacet
  facet normal -0.555501 0.831516 0
    outer loop
      vertex -28.425 -0.995929 18
      vertex -28.2999 -0.912355 1.2
      vertex -28.425 -0.995929 1.2
    endloop
  endfacet
  facet normal 0.195157 -0.980772 0
    outer loop
      vertex -29.2976 1.11081 1.2
      vertex -29.1501 1.14016 18
      vertex -29.2976 1.11081 18
    endloop
  endfacet
  facet normal 0.195157 -0.980772 0
    outer loop
      vertex -29.1501 1.14016 18
      vertex -29.2976 1.11081 1.2
      vertex -29.1501 1.14016 1.2
    endloop
  endfacet
  facet normal -0.442319 -0.896858 0
    outer loop
      vertex -28.5599 1.06246 1.2
      vertex -28.425 0.995929 18
      vertex -28.5599 1.06246 18
    endloop
  endfacet
  facet normal -0.442319 -0.896858 -0
    outer loop
      vertex -28.425 0.995929 18
      vertex -28.5599 1.06246 1.2
      vertex -28.425 0.995929 1.2
    endloop
  endfacet
  facet normal 0.980718 0.19543 -5.33905e-20
    outer loop
      vertex -30.1108 -0.297642 18
      vertex -30.1402 -0.150105 1.2
      vertex -30.1402 -0.150105 18
    endloop
  endfacet
  facet normal 0.980718 0.19543 -5.33905e-20
    outer loop
      vertex -30.1402 -0.150105 1.2
      vertex -30.1108 -0.297642 18
      vertex -30.1108 -0.297642 1.2
    endloop
  endfacet
  facet normal -0.321307 -0.946975 0
    outer loop
      vertex -28.7024 1.11081 1.2
      vertex -28.5599 1.06246 18
      vertex -28.7024 1.11081 18
    endloop
  endfacet
  facet normal -0.321307 -0.946975 -0
    outer loop
      vertex -28.5599 1.06246 18
      vertex -28.7024 1.11081 1.2
      vertex -28.5599 1.06246 1.2
    endloop
  endfacet
  facet normal 0.896695 -0.442648 -1.31384e-19
    outer loop
      vertex -30.0625 0.440085 18
      vertex -29.9959 0.575 1.2
      vertex -29.9959 0.575 18
    endloop
  endfacet
  facet normal 0.896695 -0.442648 -1.31384e-19
    outer loop
      vertex -29.9959 0.575 1.2
      vertex -30.0625 0.440085 18
      vertex -30.0625 0.440085 1.2
    endloop
  endfacet
  facet normal 0.831692 -0.555237 2.36749e-19
    outer loop
      vertex -29.9959 0.575 18
      vertex -29.9124 0.700075 1.2
      vertex -29.9124 0.700075 18
    endloop
  endfacet
  facet normal 0.831692 -0.555237 2.36749e-19
    outer loop
      vertex -29.9124 0.700075 1.2
      vertex -29.9959 0.575 18
      vertex -29.9959 0.575 1.2
    endloop
  endfacet
  facet normal -0.831692 0.555237 2.36749e-19
    outer loop
      vertex -28.0876 -0.700075 1.2
      vertex -28.0041 -0.575 18
      vertex -28.0041 -0.575 1.2
    endloop
  endfacet
  facet normal -0.831692 0.555237 2.36749e-19
    outer loop
      vertex -28.0041 -0.575 18
      vertex -28.0876 -0.700075 1.2
      vertex -28.0876 -0.700075 18
    endloop
  endfacet
  facet normal -0.947037 0.321124 1.81052e-20
    outer loop
      vertex -27.9375 -0.440085 1.2
      vertex -27.8892 -0.297642 18
      vertex -27.8892 -0.297642 1.2
    endloop
  endfacet
  facet normal -0.947037 0.321124 1.81052e-20
    outer loop
      vertex -27.8892 -0.297642 18
      vertex -27.9375 -0.440085 1.2
      vertex -27.9375 -0.440085 18
    endloop
  endfacet
  facet normal -0.195157 -0.980772 0
    outer loop
      vertex -28.8499 1.14016 1.2
      vertex -28.7024 1.11081 18
      vertex -28.8499 1.14016 18
    endloop
  endfacet
  facet normal -0.195157 -0.980772 -0
    outer loop
      vertex -28.7024 1.11081 18
      vertex -28.8499 1.14016 1.2
      vertex -28.7024 1.11081 1.2
    endloop
  endfacet
  facet normal 0.997876 0.0651489 6.70593e-21
    outer loop
      vertex -30.1402 -0.150105 18
      vertex -30.15 0 1.2
      vertex -30.15 0 18
    endloop
  endfacet
  facet normal 0.997876 0.0651489 6.70593e-21
    outer loop
      vertex -30.15 0 1.2
      vertex -30.1402 -0.150105 18
      vertex -30.1402 -0.150105 1.2
    endloop
  endfacet
  facet normal 0.195157 0.980772 -0
    outer loop
      vertex -29.1501 -1.14016 1.2
      vertex -29.2976 -1.11081 18
      vertex -29.1501 -1.14016 18
    endloop
  endfacet
  facet normal 0.195157 0.980772 0
    outer loop
      vertex -29.2976 -1.11081 18
      vertex -29.1501 -1.14016 1.2
      vertex -29.2976 -1.11081 1.2
    endloop
  endfacet
  facet normal -0.751785 -0.659408 1.54962e-19
    outer loop
      vertex -28.0876 0.700075 1.2
      vertex -28.1868 0.813172 18
      vertex -28.1868 0.813172 1.2
    endloop
  endfacet
  facet normal -0.751785 -0.659408 1.54962e-19
    outer loop
      vertex -28.1868 0.813172 18
      vertex -28.0876 0.700075 1.2
      vertex -28.0876 0.700075 18
    endloop
  endfacet
  facet normal -0.947037 -0.321124 -1.81052e-20
    outer loop
      vertex -27.8892 0.297642 1.2
      vertex -27.9375 0.440085 18
      vertex -27.9375 0.440085 1.2
    endloop
  endfacet
  facet normal -0.947037 -0.321124 -1.81052e-20
    outer loop
      vertex -27.9375 0.440085 18
      vertex -27.8892 0.297642 1.2
      vertex -27.8892 0.297642 18
    endloop
  endfacet
  facet normal 0.947037 -0.321124 1.81052e-20
    outer loop
      vertex -30.1108 0.297642 18
      vertex -30.0625 0.440085 1.2
      vertex -30.0625 0.440085 18
    endloop
  endfacet
  facet normal 0.947037 -0.321124 1.81052e-20
    outer loop
      vertex -30.0625 0.440085 1.2
      vertex -30.1108 0.297642 18
      vertex -30.1108 0.297642 1.2
    endloop
  endfacet
  facet normal 0.831692 0.555237 -2.36749e-19
    outer loop
      vertex -29.9124 -0.700075 18
      vertex -29.9959 -0.575 1.2
      vertex -29.9959 -0.575 18
    endloop
  endfacet
  facet normal 0.831692 0.555237 -2.36749e-19
    outer loop
      vertex -29.9959 -0.575 1.2
      vertex -29.9124 -0.700075 18
      vertex -29.9124 -0.700075 1.2
    endloop
  endfacet
  facet normal 0.0654159 -0.997858 0
    outer loop
      vertex -29.1501 1.14016 1.2
      vertex -29 1.15 18
      vertex -29.1501 1.14016 18
    endloop
  endfacet
  facet normal 0.0654159 -0.997858 0
    outer loop
      vertex -29 1.15 18
      vertex -29.1501 1.14016 1.2
      vertex -29 1.15 1.2
    endloop
  endfacet
  facet normal 0.321307 0.946975 -0
    outer loop
      vertex -29.2976 -1.11081 1.2
      vertex -29.4401 -1.06246 18
      vertex -29.2976 -1.11081 18
    endloop
  endfacet
  facet normal 0.321307 0.946975 0
    outer loop
      vertex -29.4401 -1.06246 18
      vertex -29.2976 -1.11081 1.2
      vertex -29.4401 -1.06246 1.2
    endloop
  endfacet
  facet normal -0.896695 0.442648 -1.31384e-19
    outer loop
      vertex -28.0041 -0.575 1.2
      vertex -27.9375 -0.440085 18
      vertex -27.9375 -0.440085 1.2
    endloop
  endfacet
  facet normal -0.896695 0.442648 -1.31384e-19
    outer loop
      vertex -27.9375 -0.440085 18
      vertex -28.0041 -0.575 1.2
      vertex -28.0041 -0.575 18
    endloop
  endfacet
  facet normal 0.659334 0.75185 -0
    outer loop
      vertex -29.7001 -0.912355 1.2
      vertex -29.8132 -0.813172 18
      vertex -29.7001 -0.912355 18
    endloop
  endfacet
  facet normal 0.659334 0.75185 0
    outer loop
      vertex -29.8132 -0.813172 18
      vertex -29.7001 -0.912355 1.2
      vertex -29.8132 -0.813172 1.2
    endloop
  endfacet
  facet normal 0.751785 -0.659408 -1.54962e-19
    outer loop
      vertex -29.9124 0.700075 18
      vertex -29.8132 0.813172 1.2
      vertex -29.8132 0.813172 18
    endloop
  endfacet
  facet normal 0.751785 -0.659408 -1.54962e-19
    outer loop
      vertex -29.8132 0.813172 1.2
      vertex -29.9124 0.700075 18
      vertex -29.9124 0.700075 1.2
    endloop
  endfacet
  facet normal -0.980732 -0.195359 -3.70811e-18
    outer loop
      vertex -26.7692 0.293683 0
      vertex -26.8267 0.582342 1.2
      vertex -26.8267 0.582342 0
    endloop
  endfacet
  facet normal -0.980732 -0.195359 -3.70811e-18
    outer loop
      vertex -26.8267 0.582342 1.2
      vertex -26.7692 0.293683 0
      vertex -26.7692 0.293683 1.2
    endloop
  endfacet
  facet normal -0.99787 -0.0652373 -6.05801e-19
    outer loop
      vertex -26.75 0 0
      vertex -26.7692 0.293683 1.2
      vertex -26.7692 0.293683 0
    endloop
  endfacet
  facet normal -0.99787 -0.0652373 -6.05801e-19
    outer loop
      vertex -26.7692 0.293683 1.2
      vertex -26.75 0 0
      vertex -26.75 0 1.2
    endloop
  endfacet
  facet normal -0.946934 -0.321427 3.17203e-18
    outer loop
      vertex -26.8267 0.582342 0
      vertex -26.9213 0.861037 1.2
      vertex -26.9213 0.861037 0
    endloop
  endfacet
  facet normal -0.946934 -0.321427 3.17203e-18
    outer loop
      vertex -26.9213 0.861037 1.2
      vertex -26.8267 0.582342 0
      vertex -26.8267 0.582342 1.2
    endloop
  endfacet
  facet normal -0.831328 -0.555782 -9.0961e-18
    outer loop
      vertex -27.0514 1.125 0
      vertex -27.215 1.36971 1.2
      vertex -27.215 1.36971 0
    endloop
  endfacet
  facet normal -0.831328 -0.555782 -9.0961e-18
    outer loop
      vertex -27.215 1.36971 1.2
      vertex -27.0514 1.125 0
      vertex -27.0514 1.125 1.2
    endloop
  endfacet
  facet normal 0.195136 -0.980776 0
    outer loop
      vertex -29.5823 2.17333 0
      vertex -29.2937 2.23075 1.2
      vertex -29.5823 2.17333 1.2
    endloop
  endfacet
  facet normal 0.195136 -0.980776 0
    outer loop
      vertex -29.2937 2.23075 1.2
      vertex -29.5823 2.17333 0
      vertex -29.2937 2.23075 0
    endloop
  endfacet
  facet normal 0.659298 0.751882 -0
    outer loop
      vertex -30.3697 -1.78504 0
      vertex -30.591 -1.59099 1.2
      vertex -30.3697 -1.78504 1.2
    endloop
  endfacet
  facet normal 0.659298 0.751882 0
    outer loop
      vertex -30.591 -1.59099 1.2
      vertex -30.3697 -1.78504 0
      vertex -30.591 -1.59099 0
    endloop
  endfacet
  facet normal -0.321421 -0.946936 0
    outer loop
      vertex -28.4177 2.17333 0
      vertex -28.139 2.07873 1.2
      vertex -28.4177 2.17333 1.2
    endloop
  endfacet
  facet normal -0.321421 -0.946936 -0
    outer loop
      vertex -28.139 2.07873 1.2
      vertex -28.4177 2.17333 0
      vertex -28.139 2.07873 0
    endloop
  endfacet
  facet normal -0.195136 -0.980776 0
    outer loop
      vertex -28.7063 2.23075 0
      vertex -28.4177 2.17333 1.2
      vertex -28.7063 2.23075 1.2
    endloop
  endfacet
  facet normal -0.195136 -0.980776 -0
    outer loop
      vertex -28.4177 2.17333 1.2
      vertex -28.7063 2.23075 0
      vertex -28.4177 2.17333 0
    endloop
  endfacet
  facet normal 0.442233 -0.8969 0
    outer loop
      vertex -30.125 1.94856 0
      vertex -29.861 2.07873 1.2
      vertex -30.125 1.94856 1.2
    endloop
  endfacet
  facet normal 0.442233 -0.8969 0
    outer loop
      vertex -29.861 2.07873 1.2
      vertex -30.125 1.94856 0
      vertex -29.861 2.07873 0
    endloop
  endfacet
  facet normal -0.89697 0.442091 -3.23932e-18
    outer loop
      vertex -27.0514 -1.125 0
      vertex -26.9213 -0.861037 1.2
      vertex -26.9213 -0.861037 0
    endloop
  endfacet
  facet normal -0.89697 0.442091 -3.23932e-18
    outer loop
      vertex -26.9213 -0.861037 1.2
      vertex -27.0514 -1.125 0
      vertex -27.0514 -1.125 1.2
    endloop
  endfacet
  facet normal -0.321421 0.946936 0
    outer loop
      vertex -28.139 -2.07873 0
      vertex -28.4177 -2.17333 1.2
      vertex -28.139 -2.07873 1.2
    endloop
  endfacet
  facet normal -0.321421 0.946936 0
    outer loop
      vertex -28.4177 -2.17333 1.2
      vertex -28.139 -2.07873 0
      vertex -28.4177 -2.17333 0
    endloop
  endfacet
  facet normal -0.0654027 0.997859 0
    outer loop
      vertex -28.7063 -2.23075 0
      vertex -29 -2.25 1.2
      vertex -28.7063 -2.23075 1.2
    endloop
  endfacet
  facet normal -0.0654027 0.997859 0
    outer loop
      vertex -29 -2.25 1.2
      vertex -28.7063 -2.23075 0
      vertex -29 -2.25 0
    endloop
  endfacet
  facet normal -0.89697 -0.442091 3.23932e-18
    outer loop
      vertex -26.9213 0.861037 0
      vertex -27.0514 1.125 1.2
      vertex -27.0514 1.125 0
    endloop
  endfacet
  facet normal -0.89697 -0.442091 3.23932e-18
    outer loop
      vertex -27.0514 1.125 1.2
      vertex -26.9213 0.861037 0
      vertex -26.9213 0.861037 1.2
    endloop
  endfacet
  facet normal 0.89697 -0.442091 -3.23932e-18
    outer loop
      vertex -31.0787 0.861037 1.2
      vertex -30.9486 1.125 0
      vertex -30.9486 1.125 1.2
    endloop
  endfacet
  facet normal 0.89697 -0.442091 -3.23932e-18
    outer loop
      vertex -30.9486 1.125 0
      vertex -31.0787 0.861037 1.2
      vertex -31.0787 0.861037 0
    endloop
  endfacet
  facet normal 0.321421 0.946936 -0
    outer loop
      vertex -29.5823 -2.17333 0
      vertex -29.861 -2.07873 1.2
      vertex -29.5823 -2.17333 1.2
    endloop
  endfacet
  facet normal 0.321421 0.946936 0
    outer loop
      vertex -29.861 -2.07873 1.2
      vertex -29.5823 -2.17333 0
      vertex -29.861 -2.07873 0
    endloop
  endfacet
  facet normal -0.751936 -0.659236 -6.68568e-19
    outer loop
      vertex -27.215 1.36971 0
      vertex -27.409 1.59099 1.2
      vertex -27.409 1.59099 0
    endloop
  endfacet
  facet normal -0.751936 -0.659236 -6.68568e-19
    outer loop
      vertex -27.409 1.59099 1.2
      vertex -27.215 1.36971 0
      vertex -27.215 1.36971 1.2
    endloop
  endfacet
  facet normal 0.946934 0.321427 3.17203e-18
    outer loop
      vertex -31.0787 -0.861037 1.2
      vertex -31.1733 -0.582342 0
      vertex -31.1733 -0.582342 1.2
    endloop
  endfacet
  facet normal 0.946934 0.321427 3.17203e-18
    outer loop
      vertex -31.1733 -0.582342 0
      vertex -31.0787 -0.861037 1.2
      vertex -31.0787 -0.861037 0
    endloop
  endfacet
  facet normal 0.751936 -0.659236 6.68568e-19
    outer loop
      vertex -30.785 1.36971 1.2
      vertex -30.591 1.59099 0
      vertex -30.591 1.59099 1.2
    endloop
  endfacet
  facet normal 0.751936 -0.659236 6.68568e-19
    outer loop
      vertex -30.591 1.59099 0
      vertex -30.785 1.36971 1.2
      vertex -30.785 1.36971 0
    endloop
  endfacet
  facet normal 0.99787 0.0652373 -6.05801e-19
    outer loop
      vertex -31.2308 -0.293683 1.2
      vertex -31.25 0 0
      vertex -31.25 0 1.2
    endloop
  endfacet
  facet normal 0.99787 0.0652373 -6.05801e-19
    outer loop
      vertex -31.25 0 0
      vertex -31.2308 -0.293683 1.2
      vertex -31.2308 -0.293683 0
    endloop
  endfacet
  facet normal 0.442233 0.8969 -0
    outer loop
      vertex -29.861 -2.07873 0
      vertex -30.125 -1.94856 1.2
      vertex -29.861 -2.07873 1.2
    endloop
  endfacet
  facet normal 0.442233 0.8969 0
    outer loop
      vertex -30.125 -1.94856 1.2
      vertex -29.861 -2.07873 0
      vertex -30.125 -1.94856 0
    endloop
  endfacet
  facet normal 0.321421 -0.946936 0
    outer loop
      vertex -29.861 2.07873 0
      vertex -29.5823 2.17333 1.2
      vertex -29.861 2.07873 1.2
    endloop
  endfacet
  facet normal 0.321421 -0.946936 0
    outer loop
      vertex -29.5823 2.17333 1.2
      vertex -29.861 2.07873 0
      vertex -29.5823 2.17333 0
    endloop
  endfacet
  facet normal 0 0 -1
    outer loop
      vertex -27.85 0 1.2
      vertex -26.75 0 1.2
      vertex -26.7692 -0.293683 1.2
    endloop
  endfacet
  facet normal 0 0 -1
    outer loop
      vertex -27.8598 -0.150105 1.2
      vertex -26.7692 -0.293683 1.2
      vertex -26.8267 -0.582342 1.2
    endloop
  endfacet
  facet normal 0 0 -1
    outer loop
      vertex -26.75 0 1.2
      vertex -27.85 0 1.2
      vertex -26.7692 0.293683 1.2
    endloop
  endfacet
  facet normal 0 0 -1
    outer loop
      vertex -27.8892 -0.297642 1.2
      vertex -26.8267 -0.582342 1.2
      vertex -26.9213 -0.861037 1.2
    endloop
  endfacet
  facet normal 0 0 -1
    outer loop
      vertex -27.8598 0.150105 1.2
      vertex -26.7692 0.293683 1.2
      vertex -27.85 0 1.2
    endloop
  endfacet
  facet normal 0 0 -1
    outer loop
      vertex -27.9375 -0.440085 1.2
      vertex -26.9213 -0.861037 1.2
      vertex -27.0514 -1.125 1.2
    endloop
  endfacet
  facet normal -0 0 -1
    outer loop
      vertex -26.7692 0.293683 1.2
      vertex -27.8598 0.150105 1.2
      vertex -26.8267 0.582342 1.2
    endloop
  endfacet
  facet normal 0 0 -1
    outer loop
      vertex -28.0041 -0.575 1.2
      vertex -27.0514 -1.125 1.2
      vertex -27.215 -1.36971 1.2
    endloop
  endfacet
  facet normal 0 0 -1
    outer loop
      vertex -27.8892 0.297642 1.2
      vertex -26.8267 0.582342 1.2
      vertex -27.8598 0.150105 1.2
    endloop
  endfacet
  facet normal 0 0 -1
    outer loop
      vertex -28.0876 -0.700075 1.2
      vertex -27.215 -1.36971 1.2
      vertex -27.409 -1.59099 1.2
    endloop
  endfacet
  facet normal -0 0 -1
    outer loop
      vertex -26.8267 0.582342 1.2
      vertex -27.8892 0.297642 1.2
      vertex -26.9213 0.861037 1.2
    endloop
  endfacet
  facet normal 0 0 -1
    outer loop
      vertex -28.1868 -0.813172 1.2
      vertex -27.409 -1.59099 1.2
      vertex -27.6303 -1.78504 1.2
    endloop
  endfacet
  facet normal 0 0 -1
    outer loop
      vertex -27.9375 0.440085 1.2
      vertex -26.9213 0.861037 1.2
      vertex -27.8892 0.297642 1.2
    endloop
  endfacet
  facet normal -0 0 -1
    outer loop
      vertex -26.9213 0.861037 1.2
      vertex -27.9375 0.440085 1.2
      vertex -27.0514 1.125 1.2
    endloop
  endfacet
  facet normal 0 0 -1
    outer loop
      vertex -26.7692 -0.293683 1.2
      vertex -27.8598 -0.150105 1.2
      vertex -27.85 0 1.2
    endloop
  endfacet
  facet normal 0 0 -1
    outer loop
      vertex -28.2999 -0.912355 1.2
      vertex -27.6303 -1.78504 1.2
      vertex -27.875 -1.94856 1.2
    endloop
  endfacet
  facet normal 0 0 -1
    outer loop
      vertex -26.8267 -0.582342 1.2
      vertex -27.8892 -0.297642 1.2
      vertex -27.8598 -0.150105 1.2
    endloop
  endfacet
  facet normal 0 0 -1
    outer loop
      vertex -26.9213 -0.861037 1.2
      vertex -27.9375 -0.440085 1.2
      vertex -27.8892 -0.297642 1.2
    endloop
  endfacet
  facet normal 0 0 -1
    outer loop
      vertex -27.0514 -1.125 1.2
      vertex -28.0041 -0.575 1.2
      vertex -27.9375 -0.440085 1.2
    endloop
  endfacet
  facet normal 0 0 -1
    outer loop
      vertex -27.215 -1.36971 1.2
      vertex -28.0876 -0.700075 1.2
      vertex -28.0041 -0.575 1.2
    endloop
  endfacet
  facet normal 0 0 -1
    outer loop
      vertex -28.425 -0.995929 1.2
      vertex -27.875 -1.94856 1.2
      vertex -28.139 -2.07873 1.2
    endloop
  endfacet
  facet normal 0 0 -1
    outer loop
      vertex -27.409 -1.59099 1.2
      vertex -28.1868 -0.813172 1.2
      vertex -28.0876 -0.700075 1.2
    endloop
  endfacet
  facet normal 0 0 -1
    outer loop
      vertex -27.6303 -1.78504 1.2
      vertex -28.2999 -0.912355 1.2
      vertex -28.1868 -0.813172 1.2
    endloop
  endfacet
  facet normal 0 0 -1
    outer loop
      vertex -28.5599 -1.06246 1.2
      vertex -28.139 -2.07873 1.2
      vertex -28.4177 -2.17333 1.2
    endloop
  endfacet
  facet normal 0 0 -1
    outer loop
      vertex -27.875 -1.94856 1.2
      vertex -28.425 -0.995929 1.2
      vertex -28.2999 -0.912355 1.2
    endloop
  endfacet
  facet normal 0 0 -1
    outer loop
      vertex -28.139 -2.07873 1.2
      vertex -28.5599 -1.06246 1.2
      vertex -28.425 -0.995929 1.2
    endloop
  endfacet
  facet normal 0 0 -1
    outer loop
      vertex -28.4177 -2.17333 1.2
      vertex -28.7024 -1.11081 1.2
      vertex -28.5599 -1.06246 1.2
    endloop
  endfacet
  facet normal 0 0 -1
    outer loop
      vertex -28.7063 -2.23075 1.2
      vertex -28.7024 -1.11081 1.2
      vertex -28.4177 -2.17333 1.2
    endloop
  endfacet
  facet normal 0 0 -1
    outer loop
      vertex -28.7063 -2.23075 1.2
      vertex -28.8499 -1.14016 1.2
      vertex -28.7024 -1.11081 1.2
    endloop
  endfacet
  facet normal 0 0 -1
    outer loop
      vertex -29 -2.25 1.2
      vertex -28.8499 -1.14016 1.2
      vertex -28.7063 -2.23075 1.2
    endloop
  endfacet
  facet normal 0 0 -1
    outer loop
      vertex -29 -2.25 1.2
      vertex -29 -1.15 1.2
      vertex -28.8499 -1.14016 1.2
    endloop
  endfacet
  facet normal 0 0 -1
    outer loop
      vertex -29 -2.25 1.2
      vertex -29.1501 -1.14016 1.2
      vertex -29 -1.15 1.2
    endloop
  endfacet
  facet normal 0 0 -1
    outer loop
      vertex -29.2937 -2.23075 1.2
      vertex -29.1501 -1.14016 1.2
      vertex -29 -2.25 1.2
    endloop
  endfacet
  facet normal 0 0 -1
    outer loop
      vertex -29.2937 -2.23075 1.2
      vertex -29.2976 -1.11081 1.2
      vertex -29.1501 -1.14016 1.2
    endloop
  endfacet
  facet normal 0 0 -1
    outer loop
      vertex -29.5823 -2.17333 1.2
      vertex -29.2976 -1.11081 1.2
      vertex -29.2937 -2.23075 1.2
    endloop
  endfacet
  facet normal -0 0 -1
    outer loop
      vertex -29.2976 -1.11081 1.2
      vertex -29.5823 -2.17333 1.2
      vertex -29.4401 -1.06246 1.2
    endloop
  endfacet
  facet normal 0 0 -1
    outer loop
      vertex -29.861 -2.07873 1.2
      vertex -29.4401 -1.06246 1.2
      vertex -29.5823 -2.17333 1.2
    endloop
  endfacet
  facet normal -0 0 -1
    outer loop
      vertex -29.4401 -1.06246 1.2
      vertex -29.861 -2.07873 1.2
      vertex -29.575 -0.995929 1.2
    endloop
  endfacet
  facet normal 0 0 -1
    outer loop
      vertex -30.125 -1.94856 1.2
      vertex -29.575 -0.995929 1.2
      vertex -29.861 -2.07873 1.2
    endloop
  endfacet
  facet normal -0 0 -1
    outer loop
      vertex -29.575 -0.995929 1.2
      vertex -30.125 -1.94856 1.2
      vertex -29.7001 -0.912355 1.2
    endloop
  endfacet
  facet normal 0 0 -1
    outer loop
      vertex -30.3697 -1.78504 1.2
      vertex -29.7001 -0.912355 1.2
      vertex -30.125 -1.94856 1.2
    endloop
  endfacet
  facet normal -0 0 -1
    outer loop
      vertex -29.7001 -0.912355 1.2
      vertex -30.3697 -1.78504 1.2
      vertex -29.8132 -0.813172 1.2
    endloop
  endfacet
  facet normal 0 0 -1
    outer loop
      vertex -30.591 -1.59099 1.2
      vertex -29.8132 -0.813172 1.2
      vertex -30.3697 -1.78504 1.2
    endloop
  endfacet
  facet normal -0 0 -1
    outer loop
      vertex -29.8132 -0.813172 1.2
      vertex -30.591 -1.59099 1.2
      vertex -29.9124 -0.700075 1.2
    endloop
  endfacet
  facet normal 0 0 -1
    outer loop
      vertex -30.785 -1.36971 1.2
      vertex -29.9124 -0.700075 1.2
      vertex -30.591 -1.59099 1.2
    endloop
  endfacet
  facet normal -0 0 -1
    outer loop
      vertex -29.9124 -0.700075 1.2
      vertex -30.785 -1.36971 1.2
      vertex -29.9959 -0.575 1.2
    endloop
  endfacet
  facet normal 0 0 -1
    outer loop
      vertex -30.9486 -1.125 1.2
      vertex -29.9959 -0.575 1.2
      vertex -30.785 -1.36971 1.2
    endloop
  endfacet
  facet normal -0 0 -1
    outer loop
      vertex -29.9959 -0.575 1.2
      vertex -30.9486 -1.125 1.2
      vertex -30.0625 -0.440085 1.2
    endloop
  endfacet
  facet normal 0 0 -1
    outer loop
      vertex -28.0041 0.575 1.2
      vertex -27.0514 1.125 1.2
      vertex -27.9375 0.440085 1.2
    endloop
  endfacet
  facet normal -0 0 -1
    outer loop
      vertex -27.0514 1.125 1.2
      vertex -28.0041 0.575 1.2
      vertex -27.215 1.36971 1.2
    endloop
  endfacet
  facet normal 0 0 -1
    outer loop
      vertex -28.0876 0.700075 1.2
      vertex -27.215 1.36971 1.2
      vertex -28.0041 0.575 1.2
    endloop
  endfacet
  facet normal -0 0 -1
    outer loop
      vertex -27.215 1.36971 1.2
      vertex -28.0876 0.700075 1.2
      vertex -27.409 1.59099 1.2
    endloop
  endfacet
  facet normal 0 0 -1
    outer loop
      vertex -28.1868 0.813172 1.2
      vertex -27.409 1.59099 1.2
      vertex -28.0876 0.700075 1.2
    endloop
  endfacet
  facet normal -0 0 -1
    outer loop
      vertex -27.409 1.59099 1.2
      vertex -28.1868 0.813172 1.2
      vertex -27.6303 1.78504 1.2
    endloop
  endfacet
  facet normal 0 0 -1
    outer loop
      vertex -28.2999 0.912355 1.2
      vertex -27.6303 1.78504 1.2
      vertex -28.1868 0.813172 1.2
    endloop
  endfacet
  facet normal -0 0 -1
    outer loop
      vertex -27.6303 1.78504 1.2
      vertex -28.2999 0.912355 1.2
      vertex -27.875 1.94856 1.2
    endloop
  endfacet
  facet normal 0 0 -1
    outer loop
      vertex -28.425 0.995929 1.2
      vertex -27.875 1.94856 1.2
      vertex -28.2999 0.912355 1.2
    endloop
  endfacet
  facet normal -0 0 -1
    outer loop
      vertex -27.875 1.94856 1.2
      vertex -28.425 0.995929 1.2
      vertex -28.139 2.07873 1.2
    endloop
  endfacet
  facet normal 0 0 -1
    outer loop
      vertex -28.5599 1.06246 1.2
      vertex -28.139 2.07873 1.2
      vertex -28.425 0.995929 1.2
    endloop
  endfacet
  facet normal -0 0 -1
    outer loop
      vertex -28.139 2.07873 1.2
      vertex -28.5599 1.06246 1.2
      vertex -28.4177 2.17333 1.2
    endloop
  endfacet
  facet normal 0 0 -1
    outer loop
      vertex -28.7024 1.11081 1.2
      vertex -28.4177 2.17333 1.2
      vertex -28.5599 1.06246 1.2
    endloop
  endfacet
  facet normal 0 0 -1
    outer loop
      vertex -28.7024 1.11081 1.2
      vertex -28.7063 2.23075 1.2
      vertex -28.4177 2.17333 1.2
    endloop
  endfacet
  facet normal 0 0 -1
    outer loop
      vertex -28.8499 1.14016 1.2
      vertex -28.7063 2.23075 1.2
      vertex -28.7024 1.11081 1.2
    endloop
  endfacet
  facet normal 0 0 -1
    outer loop
      vertex -29 1.15 1.2
      vertex -28.7063 2.23075 1.2
      vertex -28.8499 1.14016 1.2
    endloop
  endfacet
  facet normal 0 0 -1
    outer loop
      vertex -29 1.15 1.2
      vertex -29 2.25 1.2
      vertex -28.7063 2.23075 1.2
    endloop
  endfacet
  facet normal 0 0 -1
    outer loop
      vertex -29.1501 1.14016 1.2
      vertex -29 2.25 1.2
      vertex -29 1.15 1.2
    endloop
  endfacet
  facet normal 0 0 -1
    outer loop
      vertex -29.1501 1.14016 1.2
      vertex -29.2937 2.23075 1.2
      vertex -29 2.25 1.2
    endloop
  endfacet
  facet normal 0 0 -1
    outer loop
      vertex -29.2976 1.11081 1.2
      vertex -29.2937 2.23075 1.2
      vertex -29.1501 1.14016 1.2
    endloop
  endfacet
  facet normal 0 0 -1
    outer loop
      vertex -29.5823 2.17333 1.2
      vertex -29.2976 1.11081 1.2
      vertex -29.4401 1.06246 1.2
    endloop
  endfacet
  facet normal 0 0 -1
    outer loop
      vertex -29.861 2.07873 1.2
      vertex -29.4401 1.06246 1.2
      vertex -29.575 0.995929 1.2
    endloop
  endfacet
  facet normal 0 0 -1
    outer loop
      vertex -29.2976 1.11081 1.2
      vertex -29.5823 2.17333 1.2
      vertex -29.2937 2.23075 1.2
    endloop
  endfacet
  facet normal 0 0 -1
    outer loop
      vertex -30.125 1.94856 1.2
      vertex -29.575 0.995929 1.2
      vertex -29.7001 0.912355 1.2
    endloop
  endfacet
  facet normal 0 0 -1
    outer loop
      vertex -30.3697 1.78504 1.2
      vertex -29.7001 0.912355 1.2
      vertex -29.8132 0.813172 1.2
    endloop
  endfacet
  facet normal 0 0 -1
    outer loop
      vertex -29.4401 1.06246 1.2
      vertex -29.861 2.07873 1.2
      vertex -29.5823 2.17333 1.2
    endloop
  endfacet
  facet normal 0 0 -1
    outer loop
      vertex -30.591 1.59099 1.2
      vertex -29.8132 0.813172 1.2
      vertex -29.9124 0.700075 1.2
    endloop
  endfacet
  facet normal 0 0 -1
    outer loop
      vertex -30.785 1.36971 1.2
      vertex -29.9124 0.700075 1.2
      vertex -29.9959 0.575 1.2
    endloop
  endfacet
  facet normal 0 0 -1
    outer loop
      vertex -30.9486 1.125 1.2
      vertex -29.9959 0.575 1.2
      vertex -30.0625 0.440085 1.2
    endloop
  endfacet
  facet normal 0 0 -1
    outer loop
      vertex -31.0787 0.861037 1.2
      vertex -30.0625 0.440085 1.2
      vertex -30.1108 0.297642 1.2
    endloop
  endfacet
  facet normal 0 0 -1
    outer loop
      vertex -29.575 0.995929 1.2
      vertex -30.125 1.94856 1.2
      vertex -29.861 2.07873 1.2
    endloop
  endfacet
  facet normal 0 0 -1
    outer loop
      vertex -31.1733 0.582342 1.2
      vertex -30.1108 0.297642 1.2
      vertex -30.1402 0.150105 1.2
    endloop
  endfacet
  facet normal 0 0 -1
    outer loop
      vertex -31.2308 0.293683 1.2
      vertex -30.1402 0.150105 1.2
      vertex -30.15 0 1.2
    endloop
  endfacet
  facet normal 0 0 -1
    outer loop
      vertex -31.0787 -0.861037 1.2
      vertex -30.0625 -0.440085 1.2
      vertex -30.9486 -1.125 1.2
    endloop
  endfacet
  facet normal 0 0 -1
    outer loop
      vertex -29.7001 0.912355 1.2
      vertex -30.3697 1.78504 1.2
      vertex -30.125 1.94856 1.2
    endloop
  endfacet
  facet normal -0 0 -1
    outer loop
      vertex -30.0625 -0.440085 1.2
      vertex -31.0787 -0.861037 1.2
      vertex -30.1108 -0.297642 1.2
    endloop
  endfacet
  facet normal 0 0 -1
    outer loop
      vertex -29.8132 0.813172 1.2
      vertex -30.591 1.59099 1.2
      vertex -30.3697 1.78504 1.2
    endloop
  endfacet
  facet normal 0 0 -1
    outer loop
      vertex -31.1733 -0.582342 1.2
      vertex -30.1108 -0.297642 1.2
      vertex -31.0787 -0.861037 1.2
    endloop
  endfacet
  facet normal 0 0 -1
    outer loop
      vertex -29.9124 0.700075 1.2
      vertex -30.785 1.36971 1.2
      vertex -30.591 1.59099 1.2
    endloop
  endfacet
  facet normal -0 0 -1
    outer loop
      vertex -30.1108 -0.297642 1.2
      vertex -31.1733 -0.582342 1.2
      vertex -30.1402 -0.150105 1.2
    endloop
  endfacet
  facet normal 0 0 -1
    outer loop
      vertex -29.9959 0.575 1.2
      vertex -30.9486 1.125 1.2
      vertex -30.785 1.36971 1.2
    endloop
  endfacet
  facet normal 0 0 -1
    outer loop
      vertex -31.2308 -0.293683 1.2
      vertex -30.1402 -0.150105 1.2
      vertex -31.1733 -0.582342 1.2
    endloop
  endfacet
  facet normal 0 0 -1
    outer loop
      vertex -30.0625 0.440085 1.2
      vertex -31.0787 0.861037 1.2
      vertex -30.9486 1.125 1.2
    endloop
  endfacet
  facet normal -0 0 -1
    outer loop
      vertex -30.1402 -0.150105 1.2
      vertex -31.2308 -0.293683 1.2
      vertex -30.15 0 1.2
    endloop
  endfacet
  facet normal 0 0 -1
    outer loop
      vertex -30.1108 0.297642 1.2
      vertex -31.1733 0.582342 1.2
      vertex -31.0787 0.861037 1.2
    endloop
  endfacet
  facet normal 0 0 -1
    outer loop
      vertex -31.25 0 1.2
      vertex -30.15 0 1.2
      vertex -31.2308 -0.293683 1.2
    endloop
  endfacet
  facet normal 0 0 -1
    outer loop
      vertex -30.1402 0.150105 1.2
      vertex -31.2308 0.293683 1.2
      vertex -31.1733 0.582342 1.2
    endloop
  endfacet
  facet normal 0 0 -1
    outer loop
      vertex -30.15 0 1.2
      vertex -31.25 0 1.2
      vertex -31.2308 0.293683 1.2
    endloop
  endfacet
  facet normal -0.980732 0.195359 3.70811e-18
    outer loop
      vertex -26.8267 -0.582342 0
      vertex -26.7692 -0.293683 1.2
      vertex -26.7692 -0.293683 0
    endloop
  endfacet
  facet normal -0.980732 0.195359 3.70811e-18
    outer loop
      vertex -26.7692 -0.293683 1.2
      vertex -26.8267 -0.582342 0
      vertex -26.8267 -0.582342 1.2
    endloop
  endfacet
  facet normal 0.555609 0.831443 -0
    outer loop
      vertex -30.125 -1.94856 0
      vertex -30.3697 -1.78504 1.2
      vertex -30.125 -1.94856 1.2
    endloop
  endfacet
  facet normal 0.555609 0.831443 0
    outer loop
      vertex -30.3697 -1.78504 1.2
      vertex -30.125 -1.94856 0
      vertex -30.3697 -1.78504 0
    endloop
  endfacet
  facet normal -0.555609 0.831443 0
    outer loop
      vertex -27.6303 -1.78504 0
      vertex -27.875 -1.94856 1.2
      vertex -27.6303 -1.78504 1.2
    endloop
  endfacet
  facet normal -0.555609 0.831443 0
    outer loop
      vertex -27.875 -1.94856 1.2
      vertex -27.6303 -1.78504 0
      vertex -27.875 -1.94856 0
    endloop
  endfacet
  facet normal -0.0654027 -0.997859 0
    outer loop
      vertex -29 2.25 0
      vertex -28.7063 2.23075 1.2
      vertex -29 2.25 1.2
    endloop
  endfacet
  facet normal -0.0654027 -0.997859 -0
    outer loop
      vertex -28.7063 2.23075 1.2
      vertex -29 2.25 0
      vertex -28.7063 2.23075 0
    endloop
  endfacet
  facet normal -0.946934 0.321427 -3.17203e-18
    outer loop
      vertex -26.9213 -0.861037 0
      vertex -26.8267 -0.582342 1.2
      vertex -26.8267 -0.582342 0
    endloop
  endfacet
  facet normal -0.946934 0.321427 -3.17203e-18
    outer loop
      vertex -26.8267 -0.582342 1.2
      vertex -26.9213 -0.861037 0
      vertex -26.9213 -0.861037 1.2
    endloop
  endfacet
  facet normal -0.442233 -0.8969 0
    outer loop
      vertex -28.139 2.07873 0
      vertex -27.875 1.94856 1.2
      vertex -28.139 2.07873 1.2
    endloop
  endfacet
  facet normal -0.442233 -0.8969 -0
    outer loop
      vertex -27.875 1.94856 1.2
      vertex -28.139 2.07873 0
      vertex -27.875 1.94856 0
    endloop
  endfacet
  facet normal -0.659298 -0.751882 0
    outer loop
      vertex -27.6303 1.78504 0
      vertex -27.409 1.59099 1.2
      vertex -27.6303 1.78504 1.2
    endloop
  endfacet
  facet normal -0.659298 -0.751882 -0
    outer loop
      vertex -27.409 1.59099 1.2
      vertex -27.6303 1.78504 0
      vertex -27.409 1.59099 0
    endloop
  endfacet
  facet normal -0.659298 0.751882 0
    outer loop
      vertex -27.409 -1.59099 0
      vertex -27.6303 -1.78504 1.2
      vertex -27.409 -1.59099 1.2
    endloop
  endfacet
  facet normal -0.659298 0.751882 0
    outer loop
      vertex -27.6303 -1.78504 1.2
      vertex -27.409 -1.59099 0
      vertex -27.6303 -1.78504 0
    endloop
  endfacet
  facet normal -0.555609 -0.831443 0
    outer loop
      vertex -27.875 1.94856 0
      vertex -27.6303 1.78504 1.2
      vertex -27.875 1.94856 1.2
    endloop
  endfacet
  facet normal -0.555609 -0.831443 -0
    outer loop
      vertex -27.6303 1.78504 1.2
      vertex -27.875 1.94856 0
      vertex -27.6303 1.78504 0
    endloop
  endfacet
  facet normal -0.195136 0.980776 0
    outer loop
      vertex -28.4177 -2.17333 0
      vertex -28.7063 -2.23075 1.2
      vertex -28.4177 -2.17333 1.2
    endloop
  endfacet
  facet normal -0.195136 0.980776 0
    outer loop
      vertex -28.7063 -2.23075 1.2
      vertex -28.4177 -2.17333 0
      vertex -28.7063 -2.23075 0
    endloop
  endfacet
  facet normal 0.99787 -0.0652373 6.05801e-19
    outer loop
      vertex -31.25 0 1.2
      vertex -31.2308 0.293683 0
      vertex -31.2308 0.293683 1.2
    endloop
  endfacet
  facet normal 0.99787 -0.0652373 6.05801e-19
    outer loop
      vertex -31.2308 0.293683 0
      vertex -31.25 0 1.2
      vertex -31.25 0 0
    endloop
  endfacet
  facet normal 0.89697 0.442091 3.23932e-18
    outer loop
      vertex -30.9486 -1.125 1.2
      vertex -31.0787 -0.861037 0
      vertex -31.0787 -0.861037 1.2
    endloop
  endfacet
  facet normal 0.89697 0.442091 3.23932e-18
    outer loop
      vertex -31.0787 -0.861037 0
      vertex -30.9486 -1.125 1.2
      vertex -30.9486 -1.125 0
    endloop
  endfacet
  facet normal -0.831328 0.555782 9.0961e-18
    outer loop
      vertex -27.215 -1.36971 0
      vertex -27.0514 -1.125 1.2
      vertex -27.0514 -1.125 0
    endloop
  endfacet
  facet normal -0.831328 0.555782 9.0961e-18
    outer loop
      vertex -27.0514 -1.125 1.2
      vertex -27.215 -1.36971 0
      vertex -27.215 -1.36971 1.2
    endloop
  endfacet
  facet normal 0.831328 0.555782 -9.0961e-18
    outer loop
      vertex -30.785 -1.36971 1.2
      vertex -30.9486 -1.125 0
      vertex -30.9486 -1.125 1.2
    endloop
  endfacet
  facet normal 0.831328 0.555782 -9.0961e-18
    outer loop
      vertex -30.9486 -1.125 0
      vertex -30.785 -1.36971 1.2
      vertex -30.785 -1.36971 0
    endloop
  endfacet
  facet normal 0.555609 -0.831443 0
    outer loop
      vertex -30.3697 1.78504 0
      vertex -30.125 1.94856 1.2
      vertex -30.3697 1.78504 1.2
    endloop
  endfacet
  facet normal 0.555609 -0.831443 0
    outer loop
      vertex -30.125 1.94856 1.2
      vertex -30.3697 1.78504 0
      vertex -30.125 1.94856 0
    endloop
  endfacet
  facet normal 0.946934 -0.321427 -3.17203e-18
    outer loop
      vertex -31.1733 0.582342 1.2
      vertex -31.0787 0.861037 0
      vertex -31.0787 0.861037 1.2
    endloop
  endfacet
  facet normal 0.946934 -0.321427 -3.17203e-18
    outer loop
      vertex -31.0787 0.861037 0
      vertex -31.1733 0.582342 1.2
      vertex -31.1733 0.582342 0
    endloop
  endfacet
  facet normal -0.99787 0.0652373 6.05801e-19
    outer loop
      vertex -26.7692 -0.293683 0
      vertex -26.75 0 1.2
      vertex -26.75 0 0
    endloop
  endfacet
  facet normal -0.99787 0.0652373 6.05801e-19
    outer loop
      vertex -26.75 0 1.2
      vertex -26.7692 -0.293683 0
      vertex -26.7692 -0.293683 1.2
    endloop
  endfacet
  facet normal -0.751936 0.659236 6.68568e-19
    outer loop
      vertex -27.409 -1.59099 0
      vertex -27.215 -1.36971 1.2
      vertex -27.215 -1.36971 0
    endloop
  endfacet
  facet normal -0.751936 0.659236 6.68568e-19
    outer loop
      vertex -27.215 -1.36971 1.2
      vertex -27.409 -1.59099 0
      vertex -27.409 -1.59099 1.2
    endloop
  endfacet
  facet normal 0.659298 -0.751882 0
    outer loop
      vertex -30.591 1.59099 0
      vertex -30.3697 1.78504 1.2
      vertex -30.591 1.59099 1.2
    endloop
  endfacet
  facet normal 0.659298 -0.751882 0
    outer loop
      vertex -30.3697 1.78504 1.2
      vertex -30.591 1.59099 0
      vertex -30.3697 1.78504 0
    endloop
  endfacet
  facet normal 0.195136 0.980776 -0
    outer loop
      vertex -29.2937 -2.23075 0
      vertex -29.5823 -2.17333 1.2
      vertex -29.2937 -2.23075 1.2
    endloop
  endfacet
  facet normal 0.195136 0.980776 0
    outer loop
      vertex -29.5823 -2.17333 1.2
      vertex -29.2937 -2.23075 0
      vertex -29.5823 -2.17333 0
    endloop
  endfacet
  facet normal 0.751936 0.659236 -6.68568e-19
    outer loop
      vertex -30.591 -1.59099 1.2
      vertex -30.785 -1.36971 0
      vertex -30.785 -1.36971 1.2
    endloop
  endfacet
  facet normal 0.751936 0.659236 -6.68568e-19
    outer loop
      vertex -30.785 -1.36971 0
      vertex -30.591 -1.59099 1.2
      vertex -30.591 -1.59099 0
    endloop
  endfacet
  facet normal 0.980732 -0.195359 3.70811e-18
    outer loop
      vertex -31.2308 0.293683 1.2
      vertex -31.1733 0.582342 0
      vertex -31.1733 0.582342 1.2
    endloop
  endfacet
  facet normal 0.980732 -0.195359 3.70811e-18
    outer loop
      vertex -31.1733 0.582342 0
      vertex -31.2308 0.293683 1.2
      vertex -31.2308 0.293683 0
    endloop
  endfacet
  facet normal 0.0654027 -0.997859 0
    outer loop
      vertex -29.2937 2.23075 0
      vertex -29 2.25 1.2
      vertex -29.2937 2.23075 1.2
    endloop
  endfacet
  facet normal 0.0654027 -0.997859 0
    outer loop
      vertex -29 2.25 1.2
      vertex -29.2937 2.23075 0
      vertex -29 2.25 0
    endloop
  endfacet
  facet normal -0.442233 0.8969 0
    outer loop
      vertex -27.875 -1.94856 0
      vertex -28.139 -2.07873 1.2
      vertex -27.875 -1.94856 1.2
    endloop
  endfacet
  facet normal -0.442233 0.8969 0
    outer loop
      vertex -28.139 -2.07873 1.2
      vertex -27.875 -1.94856 0
      vertex -28.139 -2.07873 0
    endloop
  endfacet
  facet normal 0.980732 0.195359 -3.70811e-18
    outer loop
      vertex -31.1733 -0.582342 1.2
      vertex -31.2308 -0.293683 0
      vertex -31.2308 -0.293683 1.2
    endloop
  endfacet
  facet normal 0.980732 0.195359 -3.70811e-18
    outer loop
      vertex -31.2308 -0.293683 0
      vertex -31.1733 -0.582342 1.2
      vertex -31.1733 -0.582342 0
    endloop
  endfacet
  facet normal 0.0654027 0.997859 -0
    outer loop
      vertex -29 -2.25 0
      vertex -29.2937 -2.23075 1.2
      vertex -29 -2.25 1.2
    endloop
  endfacet
  facet normal 0.0654027 0.997859 0
    outer loop
      vertex -29.2937 -2.23075 1.2
      vertex -29 -2.25 0
      vertex -29.2937 -2.23075 0
    endloop
  endfacet
  facet normal 0.831328 -0.555782 9.0961e-18
    outer loop
      vertex -30.9486 1.125 1.2
      vertex -30.785 1.36971 0
      vertex -30.785 1.36971 1.2
    endloop
  endfacet
  facet normal 0.831328 -0.555782 9.0961e-18
    outer loop
      vertex -30.785 1.36971 0
      vertex -30.9486 1.125 1.2
      vertex -30.9486 1.125 0
    endloop
  endfacet
  facet normal -0.980718 -0.19543 -5.33905e-20
    outer loop
      vertex 30.1402 0.150105 1.2
      vertex 30.1108 0.297642 18
      vertex 30.1108 0.297642 1.2
    endloop
  endfacet
  facet normal -0.980718 -0.19543 -5.33905e-20
    outer loop
      vertex 30.1108 0.297642 18
      vertex 30.1402 0.150105 1.2
      vertex 30.1402 0.150105 18
    endloop
  endfacet
  facet normal -0.997876 -0.0651489 6.70593e-21
    outer loop
      vertex 30.15 0 1.2
      vertex 30.1402 0.150105 18
      vertex 30.1402 0.150105 1.2
    endloop
  endfacet
  facet normal -0.997876 -0.0651489 6.70593e-21
    outer loop
      vertex 30.1402 0.150105 18
      vertex 30.15 0 1.2
      vertex 30.15 0 18
    endloop
  endfacet
  facet normal 0.442319 -0.896858 0
    outer loop
      vertex 28.425 0.995929 1.2
      vertex 28.5599 1.06246 18
      vertex 28.425 0.995929 18
    endloop
  endfacet
  facet normal 0.442319 -0.896858 0
    outer loop
      vertex 28.5599 1.06246 18
      vertex 28.425 0.995929 1.2
      vertex 28.5599 1.06246 1.2
    endloop
  endfacet
  facet normal -0.659334 -0.75185 0
    outer loop
      vertex 29.7001 0.912355 1.2
      vertex 29.8132 0.813172 18
      vertex 29.7001 0.912355 18
    endloop
  endfacet
  facet normal -0.659334 -0.75185 -0
    outer loop
      vertex 29.8132 0.813172 18
      vertex 29.7001 0.912355 1.2
      vertex 29.8132 0.813172 1.2
    endloop
  endfacet
  facet normal 0.0654159 -0.997858 0
    outer loop
      vertex 28.8499 1.14016 1.2
      vertex 29 1.15 18
      vertex 28.8499 1.14016 18
    endloop
  endfacet
  facet normal 0.0654159 -0.997858 0
    outer loop
      vertex 29 1.15 18
      vertex 28.8499 1.14016 1.2
      vertex 29 1.15 1.2
    endloop
  endfacet
  facet normal -0.442319 0.896858 0
    outer loop
      vertex 29.575 -0.995929 1.2
      vertex 29.4401 -1.06246 18
      vertex 29.575 -0.995929 18
    endloop
  endfacet
  facet normal -0.442319 0.896858 0
    outer loop
      vertex 29.4401 -1.06246 18
      vertex 29.575 -0.995929 1.2
      vertex 29.4401 -1.06246 1.2
    endloop
  endfacet
  facet normal 0.980718 -0.19543 5.33905e-20
    outer loop
      vertex 27.8598 0.150105 18
      vertex 27.8892 0.297642 1.2
      vertex 27.8892 0.297642 18
    endloop
  endfacet
  facet normal 0.980718 -0.19543 5.33905e-20
    outer loop
      vertex 27.8892 0.297642 1.2
      vertex 27.8598 0.150105 18
      vertex 27.8598 0.150105 1.2
    endloop
  endfacet
  facet normal -0.195157 0.980772 0
    outer loop
      vertex 29.2976 -1.11081 1.2
      vertex 29.1501 -1.14016 18
      vertex 29.2976 -1.11081 18
    endloop
  endfacet
  facet normal -0.195157 0.980772 0
    outer loop
      vertex 29.1501 -1.14016 18
      vertex 29.2976 -1.11081 1.2
      vertex 29.1501 -1.14016 1.2
    endloop
  endfacet
  facet normal 0.0654159 0.997858 -0
    outer loop
      vertex 29 -1.15 1.2
      vertex 28.8499 -1.14016 18
      vertex 29 -1.15 18
    endloop
  endfacet
  facet normal 0.0654159 0.997858 0
    outer loop
      vertex 28.8499 -1.14016 18
      vertex 29 -1.15 1.2
      vertex 28.8499 -1.14016 1.2
    endloop
  endfacet
  facet normal 0.555501 0.831516 -0
    outer loop
      vertex 28.425 -0.995929 1.2
      vertex 28.2999 -0.912355 18
      vertex 28.425 -0.995929 18
    endloop
  endfacet
  facet normal 0.555501 0.831516 0
    outer loop
      vertex 28.2999 -0.912355 18
      vertex 28.425 -0.995929 1.2
      vertex 28.2999 -0.912355 1.2
    endloop
  endfacet
  facet normal -0.997876 0.0651489 -6.70593e-21
    outer loop
      vertex 30.1402 -0.150105 1.2
      vertex 30.15 0 18
      vertex 30.15 0 1.2
    endloop
  endfacet
  facet normal -0.997876 0.0651489 -6.70593e-21
    outer loop
      vertex 30.15 0 18
      vertex 30.1402 -0.150105 1.2
      vertex 30.1402 -0.150105 18
    endloop
  endfacet
  facet normal 0.997876 -0.0651489 -6.70593e-21
    outer loop
      vertex 27.85 0 18
      vertex 27.8598 0.150105 1.2
      vertex 27.8598 0.150105 18
    endloop
  endfacet
  facet normal 0.997876 -0.0651489 -6.70593e-21
    outer loop
      vertex 27.8598 0.150105 1.2
      vertex 27.85 0 18
      vertex 27.85 0 1.2
    endloop
  endfacet
  facet normal -0.831692 -0.555237 -2.36749e-19
    outer loop
      vertex 29.9959 0.575 1.2
      vertex 29.9124 0.700075 18
      vertex 29.9124 0.700075 1.2
    endloop
  endfacet
  facet normal -0.831692 -0.555237 -2.36749e-19
    outer loop
      vertex 29.9124 0.700075 18
      vertex 29.9959 0.575 1.2
      vertex 29.9959 0.575 18
    endloop
  endfacet
  facet normal -0.896695 -0.442648 1.31384e-19
    outer loop
      vertex 30.0625 0.440085 1.2
      vertex 29.9959 0.575 18
      vertex 29.9959 0.575 1.2
    endloop
  endfacet
  facet normal -0.896695 -0.442648 1.31384e-19
    outer loop
      vertex 29.9959 0.575 18
      vertex 30.0625 0.440085 1.2
      vertex 30.0625 0.440085 18
    endloop
  endfacet
  facet normal 0.947037 0.321124 -1.81052e-20
    outer loop
      vertex 27.9375 -0.440085 18
      vertex 27.8892 -0.297642 1.2
      vertex 27.8892 -0.297642 18
    endloop
  endfacet
  facet normal 0.947037 0.321124 -1.81052e-20
    outer loop
      vertex 27.8892 -0.297642 1.2
      vertex 27.9375 -0.440085 18
      vertex 27.9375 -0.440085 1.2
    endloop
  endfacet
  facet normal -0.751785 0.659408 -1.54962e-19
    outer loop
      vertex 29.8132 -0.813172 1.2
      vertex 29.9124 -0.700075 18
      vertex 29.9124 -0.700075 1.2
    endloop
  endfacet
  facet normal -0.751785 0.659408 -1.54962e-19
    outer loop
      vertex 29.9124 -0.700075 18
      vertex 29.8132 -0.813172 1.2
      vertex 29.8132 -0.813172 18
    endloop
  endfacet
  facet normal -0.980718 0.19543 5.33905e-20
    outer loop
      vertex 30.1108 -0.297642 1.2
      vertex 30.1402 -0.150105 18
      vertex 30.1402 -0.150105 1.2
    endloop
  endfacet
  facet normal -0.980718 0.19543 5.33905e-20
    outer loop
      vertex 30.1402 -0.150105 18
      vertex 30.1108 -0.297642 1.2
      vertex 30.1108 -0.297642 18
    endloop
  endfacet
  facet normal 0.896695 0.442648 1.31384e-19
    outer loop
      vertex 28.0041 -0.575 18
      vertex 27.9375 -0.440085 1.2
      vertex 27.9375 -0.440085 18
    endloop
  endfacet
  facet normal 0.896695 0.442648 1.31384e-19
    outer loop
      vertex 27.9375 -0.440085 1.2
      vertex 28.0041 -0.575 18
      vertex 28.0041 -0.575 1.2
    endloop
  endfacet
  facet normal 0.659334 -0.75185 0
    outer loop
      vertex 28.1868 0.813172 1.2
      vertex 28.2999 0.912355 18
      vertex 28.1868 0.813172 18
    endloop
  endfacet
  facet normal 0.659334 -0.75185 0
    outer loop
      vertex 28.2999 0.912355 18
      vertex 28.1868 0.813172 1.2
      vertex 28.2999 0.912355 1.2
    endloop
  endfacet
  facet normal 0.555501 -0.831516 0
    outer loop
      vertex 28.2999 0.912355 1.2
      vertex 28.425 0.995929 18
      vertex 28.2999 0.912355 18
    endloop
  endfacet
  facet normal 0.555501 -0.831516 0
    outer loop
      vertex 28.425 0.995929 18
      vertex 28.2999 0.912355 1.2
      vertex 28.425 0.995929 1.2
    endloop
  endfacet
  facet normal -0.0654159 -0.997858 0
    outer loop
      vertex 29 1.15 1.2
      vertex 29.1501 1.14016 18
      vertex 29 1.15 18
    endloop
  endfacet
  facet normal -0.0654159 -0.997858 -0
    outer loop
      vertex 29.1501 1.14016 18
      vertex 29 1.15 1.2
      vertex 29.1501 1.14016 1.2
    endloop
  endfacet
  facet normal 0.751785 0.659408 1.54962e-19
    outer loop
      vertex 28.1868 -0.813172 18
      vertex 28.0876 -0.700075 1.2
      vertex 28.0876 -0.700075 18
    endloop
  endfacet
  facet normal 0.751785 0.659408 1.54962e-19
    outer loop
      vertex 28.0876 -0.700075 1.2
      vertex 28.1868 -0.813172 18
      vertex 28.1868 -0.813172 1.2
    endloop
  endfacet
  facet normal 0.321307 -0.946975 0
    outer loop
      vertex 28.5599 1.06246 1.2
      vertex 28.7024 1.11081 18
      vertex 28.5599 1.06246 18
    endloop
  endfacet
  facet normal 0.321307 -0.946975 0
    outer loop
      vertex 28.7024 1.11081 18
      vertex 28.5599 1.06246 1.2
      vertex 28.7024 1.11081 1.2
    endloop
  endfacet
  facet normal -0.659334 0.75185 0
    outer loop
      vertex 29.8132 -0.813172 1.2
      vertex 29.7001 -0.912355 18
      vertex 29.8132 -0.813172 18
    endloop
  endfacet
  facet normal -0.659334 0.75185 0
    outer loop
      vertex 29.7001 -0.912355 18
      vertex 29.8132 -0.813172 1.2
      vertex 29.7001 -0.912355 1.2
    endloop
  endfacet
  facet normal -0.0654159 0.997858 0
    outer loop
      vertex 29.1501 -1.14016 1.2
      vertex 29 -1.15 18
      vertex 29.1501 -1.14016 18
    endloop
  endfacet
  facet normal -0.0654159 0.997858 0
    outer loop
      vertex 29 -1.15 18
      vertex 29.1501 -1.14016 1.2
      vertex 29 -1.15 1.2
    endloop
  endfacet
  facet normal -0.555501 -0.831516 0
    outer loop
      vertex 29.575 0.995929 1.2
      vertex 29.7001 0.912355 18
      vertex 29.575 0.995929 18
    endloop
  endfacet
  facet normal -0.555501 -0.831516 -0
    outer loop
      vertex 29.7001 0.912355 18
      vertex 29.575 0.995929 1.2
      vertex 29.7001 0.912355 1.2
    endloop
  endfacet
  facet normal 0.442319 0.896858 -0
    outer loop
      vertex 28.5599 -1.06246 1.2
      vertex 28.425 -0.995929 18
      vertex 28.5599 -1.06246 18
    endloop
  endfacet
  facet normal 0.442319 0.896858 0
    outer loop
      vertex 28.425 -0.995929 18
      vertex 28.5599 -1.06246 1.2
      vertex 28.425 -0.995929 1.2
    endloop
  endfacet
  facet normal -0.555501 0.831516 0
    outer loop
      vertex 29.7001 -0.912355 1.2
      vertex 29.575 -0.995929 18
      vertex 29.7001 -0.912355 18
    endloop
  endfacet
  facet normal -0.555501 0.831516 0
    outer loop
      vertex 29.575 -0.995929 18
      vertex 29.7001 -0.912355 1.2
      vertex 29.575 -0.995929 1.2
    endloop
  endfacet
  facet normal -0.321307 0.946975 0
    outer loop
      vertex 29.4401 -1.06246 1.2
      vertex 29.2976 -1.11081 18
      vertex 29.4401 -1.06246 18
    endloop
  endfacet
  facet normal -0.321307 0.946975 0
    outer loop
      vertex 29.2976 -1.11081 18
      vertex 29.4401 -1.06246 1.2
      vertex 29.2976 -1.11081 1.2
    endloop
  endfacet
  facet normal 0.195157 -0.980772 0
    outer loop
      vertex 28.7024 1.11081 1.2
      vertex 28.8499 1.14016 18
      vertex 28.7024 1.11081 18
    endloop
  endfacet
  facet normal 0.195157 -0.980772 0
    outer loop
      vertex 28.8499 1.14016 18
      vertex 28.7024 1.11081 1.2
      vertex 28.8499 1.14016 1.2
    endloop
  endfacet
  facet normal -0.442319 -0.896858 0
    outer loop
      vertex 29.4401 1.06246 1.2
      vertex 29.575 0.995929 18
      vertex 29.4401 1.06246 18
    endloop
  endfacet
  facet normal -0.442319 -0.896858 -0
    outer loop
      vertex 29.575 0.995929 18
      vertex 29.4401 1.06246 1.2
      vertex 29.575 0.995929 1.2
    endloop
  endfacet
  facet normal 0.980718 0.19543 -5.33905e-20
    outer loop
      vertex 27.8892 -0.297642 18
      vertex 27.8598 -0.150105 1.2
      vertex 27.8598 -0.150105 18
    endloop
  endfacet
  facet normal 0.980718 0.19543 -5.33905e-20
    outer loop
      vertex 27.8598 -0.150105 1.2
      vertex 27.8892 -0.297642 18
      vertex 27.8892 -0.297642 1.2
    endloop
  endfacet
  facet normal -0.321307 -0.946975 0
    outer loop
      vertex 29.2976 1.11081 1.2
      vertex 29.4401 1.06246 18
      vertex 29.2976 1.11081 18
    endloop
  endfacet
  facet normal -0.321307 -0.946975 -0
    outer loop
      vertex 29.4401 1.06246 18
      vertex 29.2976 1.11081 1.2
      vertex 29.4401 1.06246 1.2
    endloop
  endfacet
  facet normal 0.896695 -0.442648 -1.31384e-19
    outer loop
      vertex 27.9375 0.440085 18
      vertex 28.0041 0.575 1.2
      vertex 28.0041 0.575 18
    endloop
  endfacet
  facet normal 0.896695 -0.442648 -1.31384e-19
    outer loop
      vertex 28.0041 0.575 1.2
      vertex 27.9375 0.440085 18
      vertex 27.9375 0.440085 1.2
    endloop
  endfacet
  facet normal 0.831692 -0.555237 2.36749e-19
    outer loop
      vertex 28.0041 0.575 18
      vertex 28.0876 0.700075 1.2
      vertex 28.0876 0.700075 18
    endloop
  endfacet
  facet normal 0.831692 -0.555237 2.36749e-19
    outer loop
      vertex 28.0876 0.700075 1.2
      vertex 28.0041 0.575 18
      vertex 28.0041 0.575 1.2
    endloop
  endfacet
  facet normal -0.831692 0.555237 2.36749e-19
    outer loop
      vertex 29.9124 -0.700075 1.2
      vertex 29.9959 -0.575 18
      vertex 29.9959 -0.575 1.2
    endloop
  endfacet
  facet normal -0.831692 0.555237 2.36749e-19
    outer loop
      vertex 29.9959 -0.575 18
      vertex 29.9124 -0.700075 1.2
      vertex 29.9124 -0.700075 18
    endloop
  endfacet
  facet normal -0.947037 0.321124 1.81052e-20
    outer loop
      vertex 30.0625 -0.440085 1.2
      vertex 30.1108 -0.297642 18
      vertex 30.1108 -0.297642 1.2
    endloop
  endfacet
  facet normal -0.947037 0.321124 1.81052e-20
    outer loop
      vertex 30.1108 -0.297642 18
      vertex 30.0625 -0.440085 1.2
      vertex 30.0625 -0.440085 18
    endloop
  endfacet
  facet normal -0.195157 -0.980772 0
    outer loop
      vertex 29.1501 1.14016 1.2
      vertex 29.2976 1.11081 18
      vertex 29.1501 1.14016 18
    endloop
  endfacet
  facet normal -0.195157 -0.980772 -0
    outer loop
      vertex 29.2976 1.11081 18
      vertex 29.1501 1.14016 1.2
      vertex 29.2976 1.11081 1.2
    endloop
  endfacet
  facet normal 0.997876 0.0651489 6.70593e-21
    outer loop
      vertex 27.8598 -0.150105 18
      vertex 27.85 0 1.2
      vertex 27.85 0 18
    endloop
  endfacet
  facet normal 0.997876 0.0651489 6.70593e-21
    outer loop
      vertex 27.85 0 1.2
      vertex 27.8598 -0.150105 18
      vertex 27.8598 -0.150105 1.2
    endloop
  endfacet
  facet normal 0.195157 0.980772 -0
    outer loop
      vertex 28.8499 -1.14016 1.2
      vertex 28.7024 -1.11081 18
      vertex 28.8499 -1.14016 18
    endloop
  endfacet
  facet normal 0.195157 0.980772 0
    outer loop
      vertex 28.7024 -1.11081 18
      vertex 28.8499 -1.14016 1.2
      vertex 28.7024 -1.11081 1.2
    endloop
  endfacet
  facet normal -0.751785 -0.659408 1.54962e-19
    outer loop
      vertex 29.9124 0.700075 1.2
      vertex 29.8132 0.813172 18
      vertex 29.8132 0.813172 1.2
    endloop
  endfacet
  facet normal -0.751785 -0.659408 1.54962e-19
    outer loop
      vertex 29.8132 0.813172 18
      vertex 29.9124 0.700075 1.2
      vertex 29.9124 0.700075 18
    endloop
  endfacet
  facet normal -0.947037 -0.321124 -1.81052e-20
    outer loop
      vertex 30.1108 0.297642 1.2
      vertex 30.0625 0.440085 18
      vertex 30.0625 0.440085 1.2
    endloop
  endfacet
  facet normal -0.947037 -0.321124 -1.81052e-20
    outer loop
      vertex 30.0625 0.440085 18
      vertex 30.1108 0.297642 1.2
      vertex 30.1108 0.297642 18
    endloop
  endfacet
  facet normal 0.947037 -0.321124 1.81052e-20
    outer loop
      vertex 27.8892 0.297642 18
      vertex 27.9375 0.440085 1.2
      vertex 27.9375 0.440085 18
    endloop
  endfacet
  facet normal 0.947037 -0.321124 1.81052e-20
    outer loop
      vertex 27.9375 0.440085 1.2
      vertex 27.8892 0.297642 18
      vertex 27.8892 0.297642 1.2
    endloop
  endfacet
  facet normal 0.831692 0.555237 -2.36749e-19
    outer loop
      vertex 28.0876 -0.700075 18
      vertex 28.0041 -0.575 1.2
      vertex 28.0041 -0.575 18
    endloop
  endfacet
  facet normal 0.831692 0.555237 -2.36749e-19
    outer loop
      vertex 28.0041 -0.575 1.2
      vertex 28.0876 -0.700075 18
      vertex 28.0876 -0.700075 1.2
    endloop
  endfacet
  facet normal 0.321307 0.946975 -0
    outer loop
      vertex 28.7024 -1.11081 1.2
      vertex 28.5599 -1.06246 18
      vertex 28.7024 -1.11081 18
    endloop
  endfacet
  facet normal 0.321307 0.946975 0
    outer loop
      vertex 28.5599 -1.06246 18
      vertex 28.7024 -1.11081 1.2
      vertex 28.5599 -1.06246 1.2
    endloop
  endfacet
  facet normal -0.896695 0.442648 -1.31384e-19
    outer loop
      vertex 29.9959 -0.575 1.2
      vertex 30.0625 -0.440085 18
      vertex 30.0625 -0.440085 1.2
    endloop
  endfacet
  facet normal -0.896695 0.442648 -1.31384e-19
    outer loop
      vertex 30.0625 -0.440085 18
      vertex 29.9959 -0.575 1.2
      vertex 29.9959 -0.575 18
    endloop
  endfacet
  facet normal 0.659334 0.75185 -0
    outer loop
      vertex 28.2999 -0.912355 1.2
      vertex 28.1868 -0.813172 18
      vertex 28.2999 -0.912355 18
    endloop
  endfacet
  facet normal 0.659334 0.75185 0
    outer loop
      vertex 28.1868 -0.813172 18
      vertex 28.2999 -0.912355 1.2
      vertex 28.1868 -0.813172 1.2
    endloop
  endfacet
  facet normal 0.751785 -0.659408 -1.54962e-19
    outer loop
      vertex 28.0876 0.700075 18
      vertex 28.1868 0.813172 1.2
      vertex 28.1868 0.813172 18
    endloop
  endfacet
  facet normal 0.751785 -0.659408 -1.54962e-19
    outer loop
      vertex 28.1868 0.813172 1.2
      vertex 28.0876 0.700075 18
      vertex 28.0876 0.700075 1.2
    endloop
  endfacet
  facet normal 0.195136 0.980776 -0
    outer loop
      vertex 28.7063 -2.23075 0
      vertex 28.4177 -2.17333 1.2
      vertex 28.7063 -2.23075 1.2
    endloop
  endfacet
  facet normal 0.195136 0.980776 0
    outer loop
      vertex 28.4177 -2.17333 1.2
      vertex 28.7063 -2.23075 0
      vertex 28.4177 -2.17333 0
    endloop
  endfacet
  facet normal -0.980732 -0.195359 -3.70811e-18
    outer loop
      vertex 31.2308 0.293683 0
      vertex 31.1733 0.582342 1.2
      vertex 31.1733 0.582342 0
    endloop
  endfacet
  facet normal -0.980732 -0.195359 -3.70811e-18
    outer loop
      vertex 31.1733 0.582342 1.2
      vertex 31.2308 0.293683 0
      vertex 31.2308 0.293683 1.2
    endloop
  endfacet
  facet normal -0.99787 -0.0652373 -6.05801e-19
    outer loop
      vertex 31.25 0 0
      vertex 31.2308 0.293683 1.2
      vertex 31.2308 0.293683 0
    endloop
  endfacet
  facet normal -0.99787 -0.0652373 -6.05801e-19
    outer loop
      vertex 31.2308 0.293683 1.2
      vertex 31.25 0 0
      vertex 31.25 0 1.2
    endloop
  endfacet
  facet normal -0.946934 -0.321427 3.17203e-18
    outer loop
      vertex 31.1733 0.582342 0
      vertex 31.0787 0.861037 1.2
      vertex 31.0787 0.861037 0
    endloop
  endfacet
  facet normal -0.946934 -0.321427 3.17203e-18
    outer loop
      vertex 31.0787 0.861037 1.2
      vertex 31.1733 0.582342 0
      vertex 31.1733 0.582342 1.2
    endloop
  endfacet
  facet normal 0.980732 0.195359 -3.70811e-18
    outer loop
      vertex 26.8267 -0.582342 1.2
      vertex 26.7692 -0.293683 0
      vertex 26.7692 -0.293683 1.2
    endloop
  endfacet
  facet normal 0.980732 0.195359 -3.70811e-18
    outer loop
      vertex 26.7692 -0.293683 0
      vertex 26.8267 -0.582342 1.2
      vertex 26.8267 -0.582342 0
    endloop
  endfacet
  facet normal -0.99787 0.0652373 6.05801e-19
    outer loop
      vertex 31.2308 -0.293683 0
      vertex 31.25 0 1.2
      vertex 31.25 0 0
    endloop
  endfacet
  facet normal -0.99787 0.0652373 6.05801e-19
    outer loop
      vertex 31.25 0 1.2
      vertex 31.2308 -0.293683 0
      vertex 31.2308 -0.293683 1.2
    endloop
  endfacet
  facet normal 0.659298 -0.751882 0
    outer loop
      vertex 27.409 1.59099 0
      vertex 27.6303 1.78504 1.2
      vertex 27.409 1.59099 1.2
    endloop
  endfacet
  facet normal 0.659298 -0.751882 0
    outer loop
      vertex 27.6303 1.78504 1.2
      vertex 27.409 1.59099 0
      vertex 27.6303 1.78504 0
    endloop
  endfacet
  facet normal -0.442233 0.8969 0
    outer loop
      vertex 30.125 -1.94856 0
      vertex 29.861 -2.07873 1.2
      vertex 30.125 -1.94856 1.2
    endloop
  endfacet
  facet normal -0.442233 0.8969 0
    outer loop
      vertex 29.861 -2.07873 1.2
      vertex 30.125 -1.94856 0
      vertex 29.861 -2.07873 0
    endloop
  endfacet
  facet normal -0.89697 -0.442091 3.23932e-18
    outer loop
      vertex 31.0787 0.861037 0
      vertex 30.9486 1.125 1.2
      vertex 30.9486 1.125 0
    endloop
  endfacet
  facet normal -0.89697 -0.442091 3.23932e-18
    outer loop
      vertex 30.9486 1.125 1.2
      vertex 31.0787 0.861037 0
      vertex 31.0787 0.861037 1.2
    endloop
  endfacet
  facet normal -0.751936 -0.659236 -6.68568e-19
    outer loop
      vertex 30.785 1.36971 0
      vertex 30.591 1.59099 1.2
      vertex 30.591 1.59099 0
    endloop
  endfacet
  facet normal -0.751936 -0.659236 -6.68568e-19
    outer loop
      vertex 30.591 1.59099 1.2
      vertex 30.785 1.36971 0
      vertex 30.785 1.36971 1.2
    endloop
  endfacet
  facet normal -0.0654027 -0.997859 0
    outer loop
      vertex 29 2.25 0
      vertex 29.2937 2.23075 1.2
      vertex 29 2.25 1.2
    endloop
  endfacet
  facet normal -0.0654027 -0.997859 -0
    outer loop
      vertex 29.2937 2.23075 1.2
      vertex 29 2.25 0
      vertex 29.2937 2.23075 0
    endloop
  endfacet
  facet normal 0.659298 0.751882 -0
    outer loop
      vertex 27.6303 -1.78504 0
      vertex 27.409 -1.59099 1.2
      vertex 27.6303 -1.78504 1.2
    endloop
  endfacet
  facet normal 0.659298 0.751882 0
    outer loop
      vertex 27.409 -1.59099 1.2
      vertex 27.6303 -1.78504 0
      vertex 27.409 -1.59099 0
    endloop
  endfacet
  facet normal -0.946934 0.321427 -3.17203e-18
    outer loop
      vertex 31.0787 -0.861037 0
      vertex 31.1733 -0.582342 1.2
      vertex 31.1733 -0.582342 0
    endloop
  endfacet
  facet normal -0.946934 0.321427 -3.17203e-18
    outer loop
      vertex 31.1733 -0.582342 1.2
      vertex 31.0787 -0.861037 0
      vertex 31.0787 -0.861037 1.2
    endloop
  endfacet
  facet normal 0.751936 -0.659236 6.68568e-19
    outer loop
      vertex 27.215 1.36971 1.2
      vertex 27.409 1.59099 0
      vertex 27.409 1.59099 1.2
    endloop
  endfacet
  facet normal 0.751936 -0.659236 6.68568e-19
    outer loop
      vertex 27.409 1.59099 0
      vertex 27.215 1.36971 1.2
      vertex 27.215 1.36971 0
    endloop
  endfacet
  facet normal -0.831328 0.555782 9.0961e-18
    outer loop
      vertex 30.785 -1.36971 0
      vertex 30.9486 -1.125 1.2
      vertex 30.9486 -1.125 0
    endloop
  endfacet
  facet normal -0.831328 0.555782 9.0961e-18
    outer loop
      vertex 30.9486 -1.125 1.2
      vertex 30.785 -1.36971 0
      vertex 30.785 -1.36971 1.2
    endloop
  endfacet
  facet normal 0.0654027 -0.997859 0
    outer loop
      vertex 28.7063 2.23075 0
      vertex 29 2.25 1.2
      vertex 28.7063 2.23075 1.2
    endloop
  endfacet
  facet normal 0.0654027 -0.997859 0
    outer loop
      vertex 29 2.25 1.2
      vertex 28.7063 2.23075 0
      vertex 29 2.25 0
    endloop
  endfacet
  facet normal -0.555609 -0.831443 0
    outer loop
      vertex 30.125 1.94856 0
      vertex 30.3697 1.78504 1.2
      vertex 30.125 1.94856 1.2
    endloop
  endfacet
  facet normal -0.555609 -0.831443 -0
    outer loop
      vertex 30.3697 1.78504 1.2
      vertex 30.125 1.94856 0
      vertex 30.3697 1.78504 0
    endloop
  endfacet
  facet normal 0.442233 -0.8969 0
    outer loop
      vertex 27.875 1.94856 0
      vertex 28.139 2.07873 1.2
      vertex 27.875 1.94856 1.2
    endloop
  endfacet
  facet normal 0.442233 -0.8969 0
    outer loop
      vertex 28.139 2.07873 1.2
      vertex 27.875 1.94856 0
      vertex 28.139 2.07873 0
    endloop
  endfacet
  facet normal -0.831328 -0.555782 -9.0961e-18
    outer loop
      vertex 30.9486 1.125 0
      vertex 30.785 1.36971 1.2
      vertex 30.785 1.36971 0
    endloop
  endfacet
  facet normal -0.831328 -0.555782 -9.0961e-18
    outer loop
      vertex 30.785 1.36971 1.2
      vertex 30.9486 1.125 0
      vertex 30.9486 1.125 1.2
    endloop
  endfacet
  facet normal -0.321421 0.946936 0
    outer loop
      vertex 29.861 -2.07873 0
      vertex 29.5823 -2.17333 1.2
      vertex 29.861 -2.07873 1.2
    endloop
  endfacet
  facet normal -0.321421 0.946936 0
    outer loop
      vertex 29.5823 -2.17333 1.2
      vertex 29.861 -2.07873 0
      vertex 29.5823 -2.17333 0
    endloop
  endfacet
  facet normal 0.751936 0.659236 -6.68568e-19
    outer loop
      vertex 27.409 -1.59099 1.2
      vertex 27.215 -1.36971 0
      vertex 27.215 -1.36971 1.2
    endloop
  endfacet
  facet normal 0.751936 0.659236 -6.68568e-19
    outer loop
      vertex 27.215 -1.36971 0
      vertex 27.409 -1.59099 1.2
      vertex 27.409 -1.59099 0
    endloop
  endfacet
  facet normal -0.659298 0.751882 0
    outer loop
      vertex 30.591 -1.59099 0
      vertex 30.3697 -1.78504 1.2
      vertex 30.591 -1.59099 1.2
    endloop
  endfacet
  facet normal -0.659298 0.751882 0
    outer loop
      vertex 30.3697 -1.78504 1.2
      vertex 30.591 -1.59099 0
      vertex 30.3697 -1.78504 0
    endloop
  endfacet
  facet normal 0.321421 0.946936 -0
    outer loop
      vertex 28.4177 -2.17333 0
      vertex 28.139 -2.07873 1.2
      vertex 28.4177 -2.17333 1.2
    endloop
  endfacet
  facet normal 0.321421 0.946936 0
    outer loop
      vertex 28.139 -2.07873 1.2
      vertex 28.4177 -2.17333 0
      vertex 28.139 -2.07873 0
    endloop
  endfacet
  facet normal -0.659298 -0.751882 0
    outer loop
      vertex 30.3697 1.78504 0
      vertex 30.591 1.59099 1.2
      vertex 30.3697 1.78504 1.2
    endloop
  endfacet
  facet normal -0.659298 -0.751882 -0
    outer loop
      vertex 30.591 1.59099 1.2
      vertex 30.3697 1.78504 0
      vertex 30.591 1.59099 0
    endloop
  endfacet
  facet normal 0.555609 -0.831443 0
    outer loop
      vertex 27.6303 1.78504 0
      vertex 27.875 1.94856 1.2
      vertex 27.6303 1.78504 1.2
    endloop
  endfacet
  facet normal 0.555609 -0.831443 0
    outer loop
      vertex 27.875 1.94856 1.2
      vertex 27.6303 1.78504 0
      vertex 27.875 1.94856 0
    endloop
  endfacet
  facet normal -0.442233 -0.8969 0
    outer loop
      vertex 29.861 2.07873 0
      vertex 30.125 1.94856 1.2
      vertex 29.861 2.07873 1.2
    endloop
  endfacet
  facet normal -0.442233 -0.8969 -0
    outer loop
      vertex 30.125 1.94856 1.2
      vertex 29.861 2.07873 0
      vertex 30.125 1.94856 0
    endloop
  endfacet
  facet normal 0.99787 0.0652373 -6.05801e-19
    outer loop
      vertex 26.7692 -0.293683 1.2
      vertex 26.75 0 0
      vertex 26.75 0 1.2
    endloop
  endfacet
  facet normal 0.99787 0.0652373 -6.05801e-19
    outer loop
      vertex 26.75 0 0
      vertex 26.7692 -0.293683 1.2
      vertex 26.7692 -0.293683 0
    endloop
  endfacet
  facet normal 0.0654027 0.997859 -0
    outer loop
      vertex 29 -2.25 0
      vertex 28.7063 -2.23075 1.2
      vertex 29 -2.25 1.2
    endloop
  endfacet
  facet normal 0.0654027 0.997859 0
    outer loop
      vertex 28.7063 -2.23075 1.2
      vertex 29 -2.25 0
      vertex 28.7063 -2.23075 0
    endloop
  endfacet
  facet normal -0.980732 0.195359 3.70811e-18
    outer loop
      vertex 31.1733 -0.582342 0
      vertex 31.2308 -0.293683 1.2
      vertex 31.2308 -0.293683 0
    endloop
  endfacet
  facet normal -0.980732 0.195359 3.70811e-18
    outer loop
      vertex 31.2308 -0.293683 1.2
      vertex 31.1733 -0.582342 0
      vertex 31.1733 -0.582342 1.2
    endloop
  endfacet
  facet normal 0.831328 0.555782 -9.0961e-18
    outer loop
      vertex 27.215 -1.36971 1.2
      vertex 27.0514 -1.125 0
      vertex 27.0514 -1.125 1.2
    endloop
  endfacet
  facet normal 0.831328 0.555782 -9.0961e-18
    outer loop
      vertex 27.0514 -1.125 0
      vertex 27.215 -1.36971 1.2
      vertex 27.215 -1.36971 0
    endloop
  endfacet
  facet normal -0.555609 0.831443 0
    outer loop
      vertex 30.3697 -1.78504 0
      vertex 30.125 -1.94856 1.2
      vertex 30.3697 -1.78504 1.2
    endloop
  endfacet
  facet normal -0.555609 0.831443 0
    outer loop
      vertex 30.125 -1.94856 1.2
      vertex 30.3697 -1.78504 0
      vertex 30.125 -1.94856 0
    endloop
  endfacet
  facet normal -0.89697 0.442091 -3.23932e-18
    outer loop
      vertex 30.9486 -1.125 0
      vertex 31.0787 -0.861037 1.2
      vertex 31.0787 -0.861037 0
    endloop
  endfacet
  facet normal -0.89697 0.442091 -3.23932e-18
    outer loop
      vertex 31.0787 -0.861037 1.2
      vertex 30.9486 -1.125 0
      vertex 30.9486 -1.125 1.2
    endloop
  endfacet
  facet normal -0.195136 0.980776 0
    outer loop
      vertex 29.5823 -2.17333 0
      vertex 29.2937 -2.23075 1.2
      vertex 29.5823 -2.17333 1.2
    endloop
  endfacet
  facet normal -0.195136 0.980776 0
    outer loop
      vertex 29.2937 -2.23075 1.2
      vertex 29.5823 -2.17333 0
      vertex 29.2937 -2.23075 0
    endloop
  endfacet
  facet normal -0.0654027 0.997859 0
    outer loop
      vertex 29.2937 -2.23075 0
      vertex 29 -2.25 1.2
      vertex 29.2937 -2.23075 1.2
    endloop
  endfacet
  facet normal -0.0654027 0.997859 0
    outer loop
      vertex 29 -2.25 1.2
      vertex 29.2937 -2.23075 0
      vertex 29 -2.25 0
    endloop
  endfacet
  facet normal -0.321421 -0.946936 0
    outer loop
      vertex 29.5823 2.17333 0
      vertex 29.861 2.07873 1.2
      vertex 29.5823 2.17333 1.2
    endloop
  endfacet
  facet normal -0.321421 -0.946936 -0
    outer loop
      vertex 29.861 2.07873 1.2
      vertex 29.5823 2.17333 0
      vertex 29.861 2.07873 0
    endloop
  endfacet
  facet normal 0.980732 -0.195359 3.70811e-18
    outer loop
      vertex 26.7692 0.293683 1.2
      vertex 26.8267 0.582342 0
      vertex 26.8267 0.582342 1.2
    endloop
  endfacet
  facet normal 0.980732 -0.195359 3.70811e-18
    outer loop
      vertex 26.8267 0.582342 0
      vertex 26.7692 0.293683 1.2
      vertex 26.7692 0.293683 0
    endloop
  endfacet
  facet normal -0.195136 -0.980776 0
    outer loop
      vertex 29.2937 2.23075 0
      vertex 29.5823 2.17333 1.2
      vertex 29.2937 2.23075 1.2
    endloop
  endfacet
  facet normal -0.195136 -0.980776 -0
    outer loop
      vertex 29.5823 2.17333 1.2
      vertex 29.2937 2.23075 0
      vertex 29.5823 2.17333 0
    endloop
  endfacet
  facet normal 0.442233 0.8969 -0
    outer loop
      vertex 28.139 -2.07873 0
      vertex 27.875 -1.94856 1.2
      vertex 28.139 -2.07873 1.2
    endloop
  endfacet
  facet normal 0.442233 0.8969 0
    outer loop
      vertex 27.875 -1.94856 1.2
      vertex 28.139 -2.07873 0
      vertex 27.875 -1.94856 0
    endloop
  endfacet
  facet normal 0.89697 -0.442091 -3.23932e-18
    outer loop
      vertex 26.9213 0.861037 1.2
      vertex 27.0514 1.125 0
      vertex 27.0514 1.125 1.2
    endloop
  endfacet
  facet normal 0.89697 -0.442091 -3.23932e-18
    outer loop
      vertex 27.0514 1.125 0
      vertex 26.9213 0.861037 1.2
      vertex 26.9213 0.861037 0
    endloop
  endfacet
  facet normal 0.99787 -0.0652373 6.05801e-19
    outer loop
      vertex 26.75 0 1.2
      vertex 26.7692 0.293683 0
      vertex 26.7692 0.293683 1.2
    endloop
  endfacet
  facet normal 0.99787 -0.0652373 6.05801e-19
    outer loop
      vertex 26.7692 0.293683 0
      vertex 26.75 0 1.2
      vertex 26.75 0 0
    endloop
  endfacet
  facet normal 0.195136 -0.980776 0
    outer loop
      vertex 28.4177 2.17333 0
      vertex 28.7063 2.23075 1.2
      vertex 28.4177 2.17333 1.2
    endloop
  endfacet
  facet normal 0.195136 -0.980776 0
    outer loop
      vertex 28.7063 2.23075 1.2
      vertex 28.4177 2.17333 0
      vertex 28.7063 2.23075 0
    endloop
  endfacet
  facet normal -0.751936 0.659236 6.68568e-19
    outer loop
      vertex 30.591 -1.59099 0
      vertex 30.785 -1.36971 1.2
      vertex 30.785 -1.36971 0
    endloop
  endfacet
  facet normal -0.751936 0.659236 6.68568e-19
    outer loop
      vertex 30.785 -1.36971 1.2
      vertex 30.591 -1.59099 0
      vertex 30.591 -1.59099 1.2
    endloop
  endfacet
  facet normal 0.321421 -0.946936 0
    outer loop
      vertex 28.139 2.07873 0
      vertex 28.4177 2.17333 1.2
      vertex 28.139 2.07873 1.2
    endloop
  endfacet
  facet normal 0.321421 -0.946936 0
    outer loop
      vertex 28.4177 2.17333 1.2
      vertex 28.139 2.07873 0
      vertex 28.4177 2.17333 0
    endloop
  endfacet
  facet normal 0.946934 0.321427 3.17203e-18
    outer loop
      vertex 26.9213 -0.861037 1.2
      vertex 26.8267 -0.582342 0
      vertex 26.8267 -0.582342 1.2
    endloop
  endfacet
  facet normal 0.946934 0.321427 3.17203e-18
    outer loop
      vertex 26.8267 -0.582342 0
      vertex 26.9213 -0.861037 1.2
      vertex 26.9213 -0.861037 0
    endloop
  endfacet
  facet normal 0.89697 0.442091 3.23932e-18
    outer loop
      vertex 27.0514 -1.125 1.2
      vertex 26.9213 -0.861037 0
      vertex 26.9213 -0.861037 1.2
    endloop
  endfacet
  facet normal 0.89697 0.442091 3.23932e-18
    outer loop
      vertex 26.9213 -0.861037 0
      vertex 27.0514 -1.125 1.2
      vertex 27.0514 -1.125 0
    endloop
  endfacet
  facet normal 0.831328 -0.555782 9.0961e-18
    outer loop
      vertex 27.0514 1.125 1.2
      vertex 27.215 1.36971 0
      vertex 27.215 1.36971 1.2
    endloop
  endfacet
  facet normal 0.831328 -0.555782 9.0961e-18
    outer loop
      vertex 27.215 1.36971 0
      vertex 27.0514 1.125 1.2
      vertex 27.0514 1.125 0
    endloop
  endfacet
  facet normal 0.555609 0.831443 -0
    outer loop
      vertex 27.875 -1.94856 0
      vertex 27.6303 -1.78504 1.2
      vertex 27.875 -1.94856 1.2
    endloop
  endfacet
  facet normal 0.555609 0.831443 0
    outer loop
      vertex 27.6303 -1.78504 1.2
      vertex 27.875 -1.94856 0
      vertex 27.6303 -1.78504 0
    endloop
  endfacet
  facet normal 0.946934 -0.321427 -3.17203e-18
    outer loop
      vertex 26.8267 0.582342 1.2
      vertex 26.9213 0.861037 0
      vertex 26.9213 0.861037 1.2
    endloop
  endfacet
  facet normal 0.946934 -0.321427 -3.17203e-18
    outer loop
      vertex 26.9213 0.861037 0
      vertex 26.8267 0.582342 1.2
      vertex 26.8267 0.582342 0
    endloop
  endfacet
  facet normal 0 0 -1
    outer loop
      vertex 30.15 0 1.2
      vertex 31.25 0 1.2
      vertex 31.2308 -0.293683 1.2
    endloop
  endfacet
  facet normal 0 0 -1
    outer loop
      vertex 30.1402 -0.150105 1.2
      vertex 31.2308 -0.293683 1.2
      vertex 31.1733 -0.582342 1.2
    endloop
  endfacet
  facet normal 0 0 -1
    outer loop
      vertex 31.25 0 1.2
      vertex 30.15 0 1.2
      vertex 31.2308 0.293683 1.2
    endloop
  endfacet
  facet normal 0 0 -1
    outer loop
      vertex 30.1108 -0.297642 1.2
      vertex 31.1733 -0.582342 1.2
      vertex 31.0787 -0.861037 1.2
    endloop
  endfacet
  facet normal 0 0 -1
    outer loop
      vertex 30.1402 0.150105 1.2
      vertex 31.2308 0.293683 1.2
      vertex 30.15 0 1.2
    endloop
  endfacet
  facet normal 0 0 -1
    outer loop
      vertex 30.0625 -0.440085 1.2
      vertex 31.0787 -0.861037 1.2
      vertex 30.9486 -1.125 1.2
    endloop
  endfacet
  facet normal -0 0 -1
    outer loop
      vertex 31.2308 0.293683 1.2
      vertex 30.1402 0.150105 1.2
      vertex 31.1733 0.582342 1.2
    endloop
  endfacet
  facet normal 0 0 -1
    outer loop
      vertex 29.9959 -0.575 1.2
      vertex 30.9486 -1.125 1.2
      vertex 30.785 -1.36971 1.2
    endloop
  endfacet
  facet normal 0 0 -1
    outer loop
      vertex 30.1108 0.297642 1.2
      vertex 31.1733 0.582342 1.2
      vertex 30.1402 0.150105 1.2
    endloop
  endfacet
  facet normal 0 0 -1
    outer loop
      vertex 29.9124 -0.700075 1.2
      vertex 30.785 -1.36971 1.2
      vertex 30.591 -1.59099 1.2
    endloop
  endfacet
  facet normal -0 0 -1
    outer loop
      vertex 31.1733 0.582342 1.2
      vertex 30.1108 0.297642 1.2
      vertex 31.0787 0.861037 1.2
    endloop
  endfacet
  facet normal 0 0 -1
    outer loop
      vertex 29.8132 -0.813172 1.2
      vertex 30.591 -1.59099 1.2
      vertex 30.3697 -1.78504 1.2
    endloop
  endfacet
  facet normal 0 0 -1
    outer loop
      vertex 30.0625 0.440085 1.2
      vertex 31.0787 0.861037 1.2
      vertex 30.1108 0.297642 1.2
    endloop
  endfacet
  facet normal -0 0 -1
    outer loop
      vertex 31.0787 0.861037 1.2
      vertex 30.0625 0.440085 1.2
      vertex 30.9486 1.125 1.2
    endloop
  endfacet
  facet normal 0 0 -1
    outer loop
      vertex 31.2308 -0.293683 1.2
      vertex 30.1402 -0.150105 1.2
      vertex 30.15 0 1.2
    endloop
  endfacet
  facet normal 0 0 -1
    outer loop
      vertex 29.7001 -0.912355 1.2
      vertex 30.3697 -1.78504 1.2
      vertex 30.125 -1.94856 1.2
    endloop
  endfacet
  facet normal 0 0 -1
    outer loop
      vertex 31.1733 -0.582342 1.2
      vertex 30.1108 -0.297642 1.2
      vertex 30.1402 -0.150105 1.2
    endloop
  endfacet
  facet normal 0 0 -1
    outer loop
      vertex 31.0787 -0.861037 1.2
      vertex 30.0625 -0.440085 1.2
      vertex 30.1108 -0.297642 1.2
    endloop
  endfacet
  facet normal 0 0 -1
    outer loop
      vertex 30.9486 -1.125 1.2
      vertex 29.9959 -0.575 1.2
      vertex 30.0625 -0.440085 1.2
    endloop
  endfacet
  facet normal 0 0 -1
    outer loop
      vertex 30.785 -1.36971 1.2
      vertex 29.9124 -0.700075 1.2
      vertex 29.9959 -0.575 1.2
    endloop
  endfacet
  facet normal 0 0 -1
    outer loop
      vertex 29.575 -0.995929 1.2
      vertex 30.125 -1.94856 1.2
      vertex 29.861 -2.07873 1.2
    endloop
  endfacet
  facet normal 0 0 -1
    outer loop
      vertex 30.591 -1.59099 1.2
      vertex 29.8132 -0.813172 1.2
      vertex 29.9124 -0.700075 1.2
    endloop
  endfacet
  facet normal 0 0 -1
    outer loop
      vertex 30.3697 -1.78504 1.2
      vertex 29.7001 -0.912355 1.2
      vertex 29.8132 -0.813172 1.2
    endloop
  endfacet
  facet normal 0 0 -1
    outer loop
      vertex 29.4401 -1.06246 1.2
      vertex 29.861 -2.07873 1.2
      vertex 29.5823 -2.17333 1.2
    endloop
  endfacet
  facet normal 0 0 -1
    outer loop
      vertex 30.125 -1.94856 1.2
      vertex 29.575 -0.995929 1.2
      vertex 29.7001 -0.912355 1.2
    endloop
  endfacet
  facet normal 0 0 -1
    outer loop
      vertex 29.861 -2.07873 1.2
      vertex 29.4401 -1.06246 1.2
      vertex 29.575 -0.995929 1.2
    endloop
  endfacet
  facet normal 0 0 -1
    outer loop
      vertex 29.5823 -2.17333 1.2
      vertex 29.2976 -1.11081 1.2
      vertex 29.4401 -1.06246 1.2
    endloop
  endfacet
  facet normal 0 0 -1
    outer loop
      vertex 29.2937 -2.23075 1.2
      vertex 29.2976 -1.11081 1.2
      vertex 29.5823 -2.17333 1.2
    endloop
  endfacet
  facet normal 0 0 -1
    outer loop
      vertex 29.2937 -2.23075 1.2
      vertex 29.1501 -1.14016 1.2
      vertex 29.2976 -1.11081 1.2
    endloop
  endfacet
  facet normal 0 0 -1
    outer loop
      vertex 29 -2.25 1.2
      vertex 29.1501 -1.14016 1.2
      vertex 29.2937 -2.23075 1.2
    endloop
  endfacet
  facet normal 0 0 -1
    outer loop
      vertex 29 -2.25 1.2
      vertex 29 -1.15 1.2
      vertex 29.1501 -1.14016 1.2
    endloop
  endfacet
  facet normal 0 0 -1
    outer loop
      vertex 29 -2.25 1.2
      vertex 28.8499 -1.14016 1.2
      vertex 29 -1.15 1.2
    endloop
  endfacet
  facet normal 0 0 -1
    outer loop
      vertex 28.7063 -2.23075 1.2
      vertex 28.8499 -1.14016 1.2
      vertex 29 -2.25 1.2
    endloop
  endfacet
  facet normal 0 0 -1
    outer loop
      vertex 28.7063 -2.23075 1.2
      vertex 28.7024 -1.11081 1.2
      vertex 28.8499 -1.14016 1.2
    endloop
  endfacet
  facet normal 0 0 -1
    outer loop
      vertex 28.4177 -2.17333 1.2
      vertex 28.7024 -1.11081 1.2
      vertex 28.7063 -2.23075 1.2
    endloop
  endfacet
  facet normal -0 0 -1
    outer loop
      vertex 28.7024 -1.11081 1.2
      vertex 28.4177 -2.17333 1.2
      vertex 28.5599 -1.06246 1.2
    endloop
  endfacet
  facet normal 0 0 -1
    outer loop
      vertex 28.139 -2.07873 1.2
      vertex 28.5599 -1.06246 1.2
      vertex 28.4177 -2.17333 1.2
    endloop
  endfacet
  facet normal -0 0 -1
    outer loop
      vertex 28.5599 -1.06246 1.2
      vertex 28.139 -2.07873 1.2
      vertex 28.425 -0.995929 1.2
    endloop
  endfacet
  facet normal 0 0 -1
    outer loop
      vertex 27.875 -1.94856 1.2
      vertex 28.425 -0.995929 1.2
      vertex 28.139 -2.07873 1.2
    endloop
  endfacet
  facet normal -0 0 -1
    outer loop
      vertex 28.425 -0.995929 1.2
      vertex 27.875 -1.94856 1.2
      vertex 28.2999 -0.912355 1.2
    endloop
  endfacet
  facet normal 0 0 -1
    outer loop
      vertex 27.6303 -1.78504 1.2
      vertex 28.2999 -0.912355 1.2
      vertex 27.875 -1.94856 1.2
    endloop
  endfacet
  facet normal -0 0 -1
    outer loop
      vertex 28.2999 -0.912355 1.2
      vertex 27.6303 -1.78504 1.2
      vertex 28.1868 -0.813172 1.2
    endloop
  endfacet
  facet normal 0 0 -1
    outer loop
      vertex 27.409 -1.59099 1.2
      vertex 28.1868 -0.813172 1.2
      vertex 27.6303 -1.78504 1.2
    endloop
  endfacet
  facet normal -0 0 -1
    outer loop
      vertex 28.1868 -0.813172 1.2
      vertex 27.409 -1.59099 1.2
      vertex 28.0876 -0.700075 1.2
    endloop
  endfacet
  facet normal 0 0 -1
    outer loop
      vertex 27.215 -1.36971 1.2
      vertex 28.0876 -0.700075 1.2
      vertex 27.409 -1.59099 1.2
    endloop
  endfacet
  facet normal -0 0 -1
    outer loop
      vertex 28.0876 -0.700075 1.2
      vertex 27.215 -1.36971 1.2
      vertex 28.0041 -0.575 1.2
    endloop
  endfacet
  facet normal 0 0 -1
    outer loop
      vertex 27.0514 -1.125 1.2
      vertex 28.0041 -0.575 1.2
      vertex 27.215 -1.36971 1.2
    endloop
  endfacet
  facet normal -0 0 -1
    outer loop
      vertex 28.0041 -0.575 1.2
      vertex 27.0514 -1.125 1.2
      vertex 27.9375 -0.440085 1.2
    endloop
  endfacet
  facet normal 0 0 -1
    outer loop
      vertex 29.9959 0.575 1.2
      vertex 30.9486 1.125 1.2
      vertex 30.0625 0.440085 1.2
    endloop
  endfacet
  facet normal -0 0 -1
    outer loop
      vertex 30.9486 1.125 1.2
      vertex 29.9959 0.575 1.2
      vertex 30.785 1.36971 1.2
    endloop
  endfacet
  facet normal 0 0 -1
    outer loop
      vertex 29.9124 0.700075 1.2
      vertex 30.785 1.36971 1.2
      vertex 29.9959 0.575 1.2
    endloop
  endfacet
  facet normal -0 0 -1
    outer loop
      vertex 30.785 1.36971 1.2
      vertex 29.9124 0.700075 1.2
      vertex 30.591 1.59099 1.2
    endloop
  endfacet
  facet normal 0 0 -1
    outer loop
      vertex 29.8132 0.813172 1.2
      vertex 30.591 1.59099 1.2
      vertex 29.9124 0.700075 1.2
    endloop
  endfacet
  facet normal -0 0 -1
    outer loop
      vertex 30.591 1.59099 1.2
      vertex 29.8132 0.813172 1.2
      vertex 30.3697 1.78504 1.2
    endloop
  endfacet
  facet normal 0 0 -1
    outer loop
      vertex 29.7001 0.912355 1.2
      vertex 30.3697 1.78504 1.2
      vertex 29.8132 0.813172 1.2
    endloop
  endfacet
  facet normal -0 0 -1
    outer loop
      vertex 30.3697 1.78504 1.2
      vertex 29.7001 0.912355 1.2
      vertex 30.125 1.94856 1.2
    endloop
  endfacet
  facet normal 0 0 -1
    outer loop
      vertex 29.575 0.995929 1.2
      vertex 30.125 1.94856 1.2
      vertex 29.7001 0.912355 1.2
    endloop
  endfacet
  facet normal -0 0 -1
    outer loop
      vertex 30.125 1.94856 1.2
      vertex 29.575 0.995929 1.2
      vertex 29.861 2.07873 1.2
    endloop
  endfacet
  facet normal 0 0 -1
    outer loop
      vertex 29.4401 1.06246 1.2
      vertex 29.861 2.07873 1.2
      vertex 29.575 0.995929 1.2
    endloop
  endfacet
  facet normal -0 0 -1
    outer loop
      vertex 29.861 2.07873 1.2
      vertex 29.4401 1.06246 1.2
      vertex 29.5823 2.17333 1.2
    endloop
  endfacet
  facet normal 0 0 -1
    outer loop
      vertex 29.2976 1.11081 1.2
      vertex 29.5823 2.17333 1.2
      vertex 29.4401 1.06246 1.2
    endloop
  endfacet
  facet normal 0 0 -1
    outer loop
      vertex 29.2976 1.11081 1.2
      vertex 29.2937 2.23075 1.2
      vertex 29.5823 2.17333 1.2
    endloop
  endfacet
  facet normal 0 0 -1
    outer loop
      vertex 29.1501 1.14016 1.2
      vertex 29.2937 2.23075 1.2
      vertex 29.2976 1.11081 1.2
    endloop
  endfacet
  facet normal 0 0 -1
    outer loop
      vertex 29 1.15 1.2
      vertex 29.2937 2.23075 1.2
      vertex 29.1501 1.14016 1.2
    endloop
  endfacet
  facet normal 0 0 -1
    outer loop
      vertex 29 1.15 1.2
      vertex 29 2.25 1.2
      vertex 29.2937 2.23075 1.2
    endloop
  endfacet
  facet normal 0 0 -1
    outer loop
      vertex 28.8499 1.14016 1.2
      vertex 29 2.25 1.2
      vertex 29 1.15 1.2
    endloop
  endfacet
  facet normal 0 0 -1
    outer loop
      vertex 28.8499 1.14016 1.2
      vertex 28.7063 2.23075 1.2
      vertex 29 2.25 1.2
    endloop
  endfacet
  facet normal 0 0 -1
    outer loop
      vertex 28.7024 1.11081 1.2
      vertex 28.7063 2.23075 1.2
      vertex 28.8499 1.14016 1.2
    endloop
  endfacet
  facet normal 0 0 -1
    outer loop
      vertex 28.4177 2.17333 1.2
      vertex 28.7024 1.11081 1.2
      vertex 28.5599 1.06246 1.2
    endloop
  endfacet
  facet normal 0 0 -1
    outer loop
      vertex 28.139 2.07873 1.2
      vertex 28.5599 1.06246 1.2
      vertex 28.425 0.995929 1.2
    endloop
  endfacet
  facet normal 0 0 -1
    outer loop
      vertex 28.7024 1.11081 1.2
      vertex 28.4177 2.17333 1.2
      vertex 28.7063 2.23075 1.2
    endloop
  endfacet
  facet normal 0 0 -1
    outer loop
      vertex 27.875 1.94856 1.2
      vertex 28.425 0.995929 1.2
      vertex 28.2999 0.912355 1.2
    endloop
  endfacet
  facet normal 0 0 -1
    outer loop
      vertex 27.6303 1.78504 1.2
      vertex 28.2999 0.912355 1.2
      vertex 28.1868 0.813172 1.2
    endloop
  endfacet
  facet normal 0 0 -1
    outer loop
      vertex 28.5599 1.06246 1.2
      vertex 28.139 2.07873 1.2
      vertex 28.4177 2.17333 1.2
    endloop
  endfacet
  facet normal 0 0 -1
    outer loop
      vertex 27.409 1.59099 1.2
      vertex 28.1868 0.813172 1.2
      vertex 28.0876 0.700075 1.2
    endloop
  endfacet
  facet normal 0 0 -1
    outer loop
      vertex 27.215 1.36971 1.2
      vertex 28.0876 0.700075 1.2
      vertex 28.0041 0.575 1.2
    endloop
  endfacet
  facet normal 0 0 -1
    outer loop
      vertex 27.0514 1.125 1.2
      vertex 28.0041 0.575 1.2
      vertex 27.9375 0.440085 1.2
    endloop
  endfacet
  facet normal 0 0 -1
    outer loop
      vertex 26.9213 0.861037 1.2
      vertex 27.9375 0.440085 1.2
      vertex 27.8892 0.297642 1.2
    endloop
  endfacet
  facet normal 0 0 -1
    outer loop
      vertex 28.425 0.995929 1.2
      vertex 27.875 1.94856 1.2
      vertex 28.139 2.07873 1.2
    endloop
  endfacet
  facet normal 0 0 -1
    outer loop
      vertex 26.8267 0.582342 1.2
      vertex 27.8892 0.297642 1.2
      vertex 27.8598 0.150105 1.2
    endloop
  endfacet
  facet normal 0 0 -1
    outer loop
      vertex 26.7692 0.293683 1.2
      vertex 27.8598 0.150105 1.2
      vertex 27.85 0 1.2
    endloop
  endfacet
  facet normal 0 0 -1
    outer loop
      vertex 26.9213 -0.861037 1.2
      vertex 27.9375 -0.440085 1.2
      vertex 27.0514 -1.125 1.2
    endloop
  endfacet
  facet normal 0 0 -1
    outer loop
      vertex 28.2999 0.912355 1.2
      vertex 27.6303 1.78504 1.2
      vertex 27.875 1.94856 1.2
    endloop
  endfacet
  facet normal -0 0 -1
    outer loop
      vertex 27.9375 -0.440085 1.2
      vertex 26.9213 -0.861037 1.2
      vertex 27.8892 -0.297642 1.2
    endloop
  endfacet
  facet normal 0 0 -1
    outer loop
      vertex 28.1868 0.813172 1.2
      vertex 27.409 1.59099 1.2
      vertex 27.6303 1.78504 1.2
    endloop
  endfacet
  facet normal 0 0 -1
    outer loop
      vertex 26.8267 -0.582342 1.2
      vertex 27.8892 -0.297642 1.2
      vertex 26.9213 -0.861037 1.2
    endloop
  endfacet
  facet normal 0 0 -1
    outer loop
      vertex 28.0876 0.700075 1.2
      vertex 27.215 1.36971 1.2
      vertex 27.409 1.59099 1.2
    endloop
  endfacet
  facet normal -0 0 -1
    outer loop
      vertex 27.8892 -0.297642 1.2
      vertex 26.8267 -0.582342 1.2
      vertex 27.8598 -0.150105 1.2
    endloop
  endfacet
  facet normal 0 0 -1
    outer loop
      vertex 28.0041 0.575 1.2
      vertex 27.0514 1.125 1.2
      vertex 27.215 1.36971 1.2
    endloop
  endfacet
  facet normal 0 0 -1
    outer loop
      vertex 26.7692 -0.293683 1.2
      vertex 27.8598 -0.150105 1.2
      vertex 26.8267 -0.582342 1.2
    endloop
  endfacet
  facet normal 0 0 -1
    outer loop
      vertex 27.9375 0.440085 1.2
      vertex 26.9213 0.861037 1.2
      vertex 27.0514 1.125 1.2
    endloop
  endfacet
  facet normal -0 0 -1
    outer loop
      vertex 27.8598 -0.150105 1.2
      vertex 26.7692 -0.293683 1.2
      vertex 27.85 0 1.2
    endloop
  endfacet
  facet normal 0 0 -1
    outer loop
      vertex 27.8892 0.297642 1.2
      vertex 26.8267 0.582342 1.2
      vertex 26.9213 0.861037 1.2
    endloop
  endfacet
  facet normal 0 0 -1
    outer loop
      vertex 26.75 0 1.2
      vertex 27.85 0 1.2
      vertex 26.7692 -0.293683 1.2
    endloop
  endfacet
  facet normal 0 0 -1
    outer loop
      vertex 27.8598 0.150105 1.2
      vertex 26.7692 0.293683 1.2
      vertex 26.8267 0.582342 1.2
    endloop
  endfacet
  facet normal 0 0 -1
    outer loop
      vertex 27.85 0 1.2
      vertex 26.75 0 1.2
      vertex 26.7692 0.293683 1.2
    endloop
  endfacet
  facet normal -1 0 0
    outer loop
      vertex 5 -20 3.2
      vertex 5 -19.6 5
      vertex 5 -19.6 3.2
    endloop
  endfacet
  facet normal -1 -0 0
    outer loop
      vertex 5 -19.6 5
      vertex 5 -20 3.2
      vertex 5 -20 5
    endloop
  endfacet
  facet normal -1 0 0
    outer loop
      vertex 5 -18.5 3.2
      vertex 5 -13.5 5
      vertex 5 -13.5 3.2
    endloop
  endfacet
  facet normal -1 -0 0
    outer loop
      vertex 5 -13.5 5
      vertex 5 -18.5 3.2
      vertex 5 -18.5 5
    endloop
  endfacet
  facet normal 0 0 -1
    outer loop
      vertex -5 -20 5
      vertex 5 -19.6 5
      vertex 5 -20 5
    endloop
  endfacet
  facet normal -0 0 -1
    outer loop
      vertex 5 -19.6 5
      vertex -5 -20 5
      vertex -5 -19.6 5
    endloop
  endfacet
  facet normal 0 0 -1
    outer loop
      vertex -5 -18.5 5
      vertex 5 -13.5 5
      vertex 5 -18.5 5
    endloop
  endfacet
  facet normal -0 0 -1
    outer loop
      vertex 5 -13.5 5
      vertex -5 -18.5 5
      vertex -5 -13.5 5
    endloop
  endfacet
  facet normal -0 0 1
    outer loop
      vertex -5 -19.6 3.2
      vertex 5 -20 3.2
      vertex 5 -19.6 3.2
    endloop
  endfacet
  facet normal 0 0 1
    outer loop
      vertex 5 -20 3.2
      vertex -5 -19.6 3.2
      vertex -5 -20 3.2
    endloop
  endfacet
  facet normal -0 0 1
    outer loop
      vertex -5 -13.5 3.2
      vertex 5 -18.5 3.2
      vertex 5 -13.5 3.2
    endloop
  endfacet
  facet normal 0 0 1
    outer loop
      vertex 5 -18.5 3.2
      vertex -5 -13.5 3.2
      vertex -5 -18.5 3.2
    endloop
  endfacet
  facet normal 1 -0 0
    outer loop
      vertex -5 -20 5
      vertex -5 -19.6 3.2
      vertex -5 -19.6 5
    endloop
  endfacet
  facet normal 1 0 0
    outer loop
      vertex -5 -19.6 3.2
      vertex -5 -20 5
      vertex -5 -20 3.2
    endloop
  endfacet
  facet normal 1 -0 0
    outer loop
      vertex -5 -18.5 5
      vertex -5 -13.5 3.2
      vertex -5 -13.5 5
    endloop
  endfacet
  facet normal 1 0 0
    outer loop
      vertex -5 -13.5 3.2
      vertex -5 -18.5 5
      vertex -5 -18.5 3.2
    endloop
  endfacet
  facet normal 0 1 -0
    outer loop
      vertex 5 -20 3.2
      vertex -5 -20 5
      vertex 5 -20 5
    endloop
  endfacet
  facet normal 0 1 0
    outer loop
      vertex -5 -20 5
      vertex 5 -20 3.2
      vertex -5 -20 3.2
    endloop
  endfacet
  facet normal -1 0 0
    outer loop
      vertex 5 19.6 3.2
      vertex 5 20 5
      vertex 5 20 3.2
    endloop
  endfacet
  facet normal -1 -0 0
    outer loop
      vertex 5 20 5
      vertex 5 19.6 3.2
      vertex 5 19.6 5
    endloop
  endfacet
  facet normal -1 0 0
    outer loop
      vertex 5 13.5 3.2
      vertex 5 18.5 5
      vertex 5 18.5 3.2
    endloop
  endfacet
  facet normal -1 -0 0
    outer loop
      vertex 5 18.5 5
      vertex 5 13.5 3.2
      vertex 5 13.5 5
    endloop
  endfacet
  facet normal 0 0 -1
    outer loop
      vertex -5 19.6 5
      vertex 5 20 5
      vertex 5 19.6 5
    endloop
  endfacet
  facet normal -0 0 -1
    outer loop
      vertex 5 20 5
      vertex -5 19.6 5
      vertex -5 20 5
    endloop
  endfacet
  facet normal 0 0 -1
    outer loop
      vertex -5 13.5 5
      vertex 5 18.5 5
      vertex 5 13.5 5
    endloop
  endfacet
  facet normal -0 0 -1
    outer loop
      vertex 5 18.5 5
      vertex -5 13.5 5
      vertex -5 18.5 5
    endloop
  endfacet
  facet normal -0 0 1
    outer loop
      vertex -5 20 3.2
      vertex 5 19.6 3.2
      vertex 5 20 3.2
    endloop
  endfacet
  facet normal 0 0 1
    outer loop
      vertex 5 19.6 3.2
      vertex -5 20 3.2
      vertex -5 19.6 3.2
    endloop
  endfacet
  facet normal -0 0 1
    outer loop
      vertex -5 18.5 3.2
      vertex 5 13.5 3.2
      vertex 5 18.5 3.2
    endloop
  endfacet
  facet normal 0 0 1
    outer loop
      vertex 5 13.5 3.2
      vertex -5 18.5 3.2
      vertex -5 13.5 3.2
    endloop
  endfacet
  facet normal 1 -0 0
    outer loop
      vertex -5 19.6 5
      vertex -5 20 3.2
      vertex -5 20 5
    endloop
  endfacet
  facet normal 1 0 0
    outer loop
      vertex -5 20 3.2
      vertex -5 19.6 5
      vertex -5 19.6 3.2
    endloop
  endfacet
  facet normal 1 -0 0
    outer loop
      vertex -5 13.5 5
      vertex -5 18.5 3.2
      vertex -5 18.5 5
    endloop
  endfacet
  facet normal 1 0 0
    outer loop
      vertex -5 18.5 3.2
      vertex -5 13.5 5
      vertex -5 13.5 3.2
    endloop
  endfacet
  facet normal 0 -1 0
    outer loop
      vertex -5 20 3.2
      vertex 5 20 5
      vertex -5 20 5
    endloop
  endfacet
  facet normal 0 -1 -0
    outer loop
      vertex 5 20 5
      vertex -5 20 3.2
      vertex 5 20 3.2
    endloop
  endfacet
endsolid OpenSCAD_Model
