solid OpenSCAD_Model
  facet normal 0.321574 -0.946885 0
    outer loop
      vertex 31.7765 -21.8978 0
      vertex 32.1481 -21.7716 1.2
      vertex 31.7765 -21.8978 1.2
    endloop
  endfacet
  facet normal 0.321574 -0.946885 0
    outer loop
      vertex 32.1481 -21.7716 1.2
      vertex 31.7765 -21.8978 0
      vertex 32.1481 -21.7716 0
    endloop
  endfacet
  facet normal 0 -1 0
    outer loop
      vertex -31 -22 0
      vertex 31 -22 1.2
      vertex -31 -22 1.2
    endloop
  endfacet
  facet normal 0 -1 -0
    outer loop
      vertex 31 -22 1.2
      vertex -31 -22 0
      vertex 31 -22 0
    endloop
  endfacet
  facet normal 0.19494 -0.980815 0
    outer loop
      vertex 31.3916 -21.9743 0
      vertex 31.7765 -21.8978 1.2
      vertex 31.3916 -21.9743 1.2
    endloop
  endfacet
  facet normal 0.19494 -0.980815 0
    outer loop
      vertex 31.7765 -21.8978 1.2
      vertex 31.3916 -21.9743 0
      vertex 31.7765 -21.8978 0
    endloop
  endfacet
  facet normal -0.896911 -0.442211 -4.99612e-18
    outer loop
      vertex -33.5981 -20.5 0
      vertex -33.7716 -20.1481 1.2
      vertex -33.7716 -20.1481 0
    endloop
  endfacet
  facet normal -0.896911 -0.442211 -4.99612e-18
    outer loop
      vertex -33.7716 -20.1481 1.2
      vertex -33.5981 -20.5 0
      vertex -33.5981 -20.5 1.2
    endloop
  endfacet
  facet normal 0.0654873 -0.997853 0
    outer loop
      vertex 31 -22 0
      vertex 31.3916 -21.9743 1.2
      vertex 31 -22 1.2
    endloop
  endfacet
  facet normal 0.0654873 -0.997853 0
    outer loop
      vertex 31.3916 -21.9743 1.2
      vertex 31 -22 0
      vertex 31.3916 -21.9743 0
    endloop
  endfacet
  facet normal 0.19494 0.980815 -0
    outer loop
      vertex 31.7765 21.8978 0
      vertex 31.3916 21.9743 1.2
      vertex 31.7765 21.8978 1.2
    endloop
  endfacet
  facet normal 0.19494 0.980815 0
    outer loop
      vertex 31.3916 21.9743 1.2
      vertex 31.7765 21.8978 0
      vertex 31.3916 21.9743 0
    endloop
  endfacet
  facet normal -0.0654873 -0.997853 0
    outer loop
      vertex -31.3916 -21.9743 0
      vertex -31 -22 1.2
      vertex -31.3916 -21.9743 1.2
    endloop
  endfacet
  facet normal -0.0654873 -0.997853 -0
    outer loop
      vertex -31 -22 1.2
      vertex -31.3916 -21.9743 0
      vertex -31 -22 0
    endloop
  endfacet
  facet normal -0.555523 0.831501 0
    outer loop
      vertex -32.5 21.5981 0
      vertex -32.8263 21.3801 1.2
      vertex -32.5 21.5981 1.2
    endloop
  endfacet
  facet normal -0.555523 0.831501 0
    outer loop
      vertex -32.8263 21.3801 1.2
      vertex -32.5 21.5981 0
      vertex -32.8263 21.3801 0
    endloop
  endfacet
  facet normal -0.997853 -0.0654873 -4.63948e-19
    outer loop
      vertex -33.9743 -19.3916 0
      vertex -34 -19 1.2
      vertex -34 -19 0
    endloop
  endfacet
  facet normal -0.997853 -0.0654873 -4.63948e-19
    outer loop
      vertex -34 -19 1.2
      vertex -33.9743 -19.3916 0
      vertex -33.9743 -19.3916 1.2
    endloop
  endfacet
  facet normal -0.321574 -0.946885 0
    outer loop
      vertex -32.1481 -21.7716 0
      vertex -31.7765 -21.8978 1.2
      vertex -32.1481 -21.7716 1.2
    endloop
  endfacet
  facet normal -0.321574 -0.946885 -0
    outer loop
      vertex -31.7765 -21.8978 1.2
      vertex -32.1481 -21.7716 0
      vertex -31.7765 -21.8978 0
    endloop
  endfacet
  facet normal -0.896911 0.442211 4.99612e-18
    outer loop
      vertex -33.7716 20.1481 0
      vertex -33.5981 20.5 1.2
      vertex -33.5981 20.5 0
    endloop
  endfacet
  facet normal -0.896911 0.442211 4.99612e-18
    outer loop
      vertex -33.5981 20.5 1.2
      vertex -33.7716 20.1481 0
      vertex -33.7716 20.1481 1.2
    endloop
  endfacet
  facet normal -0.659478 0.751724 0
    outer loop
      vertex -32.8263 21.3801 0
      vertex -33.1213 21.1213 1.2
      vertex -32.8263 21.3801 1.2
    endloop
  endfacet
  facet normal -0.659478 0.751724 0
    outer loop
      vertex -33.1213 21.1213 1.2
      vertex -32.8263 21.3801 0
      vertex -33.1213 21.1213 0
    endloop
  endfacet
  facet normal -0.442211 0.896911 0
    outer loop
      vertex -32.1481 21.7716 0
      vertex -32.5 21.5981 1.2
      vertex -32.1481 21.7716 1.2
    endloop
  endfacet
  facet normal -0.442211 0.896911 0
    outer loop
      vertex -32.5 21.5981 1.2
      vertex -32.1481 21.7716 0
      vertex -32.5 21.5981 0
    endloop
  endfacet
  facet normal -0.0654873 0.997853 0
    outer loop
      vertex -31 22 0
      vertex -31.3916 21.9743 1.2
      vertex -31 22 1.2
    endloop
  endfacet
  facet normal -0.0654873 0.997853 0
    outer loop
      vertex -31.3916 21.9743 1.2
      vertex -31 22 0
      vertex -31.3916 21.9743 0
    endloop
  endfacet
  facet normal 0.555523 0.831501 -0
    outer loop
      vertex 32.8263 21.3801 0
      vertex 32.5 21.5981 1.2
      vertex 32.8263 21.3801 1.2
    endloop
  endfacet
  facet normal 0.555523 0.831501 0
    outer loop
      vertex 32.5 21.5981 1.2
      vertex 32.8263 21.3801 0
      vertex 32.5 21.5981 0
    endloop
  endfacet
  facet normal -0.946885 -0.321574 -2.94064e-19
    outer loop
      vertex -33.7716 -20.1481 0
      vertex -33.8978 -19.7765 1.2
      vertex -33.8978 -19.7765 0
    endloop
  endfacet
  facet normal -0.946885 -0.321574 -2.94064e-19
    outer loop
      vertex -33.8978 -19.7765 1.2
      vertex -33.7716 -20.1481 0
      vertex -33.7716 -20.1481 1.2
    endloop
  endfacet
  facet normal 0.980815 -0.19494 3.18482e-18
    outer loop
      vertex 33.8978 -19.7765 1.2
      vertex 33.9743 -19.3916 0
      vertex 33.9743 -19.3916 1.2
    endloop
  endfacet
  facet normal 0.980815 -0.19494 3.18482e-18
    outer loop
      vertex 33.9743 -19.3916 0
      vertex 33.8978 -19.7765 1.2
      vertex 33.8978 -19.7765 0
    endloop
  endfacet
  facet normal 1 -0 0
    outer loop
      vertex 34 -19 1.2
      vertex 34 19 0
      vertex 34 19 1.2
    endloop
  endfacet
  facet normal 1 0 0
    outer loop
      vertex 34 19 0
      vertex 34 -19 1.2
      vertex 34 -19 0
    endloop
  endfacet
  facet normal -1 0 0
    outer loop
      vertex -34 -19 0
      vertex -34 19 1.2
      vertex -34 19 0
    endloop
  endfacet
  facet normal -1 -0 0
    outer loop
      vertex -34 19 1.2
      vertex -34 -19 0
      vertex -34 -19 1.2
    endloop
  endfacet
  facet normal -0.946885 0.321574 2.94064e-19
    outer loop
      vertex -33.8978 19.7765 0
      vertex -33.7716 20.1481 1.2
      vertex -33.7716 20.1481 0
    endloop
  endfacet
  facet normal -0.946885 0.321574 2.94064e-19
    outer loop
      vertex -33.7716 20.1481 1.2
      vertex -33.8978 19.7765 0
      vertex -33.8978 19.7765 1.2
    endloop
  endfacet
  facet normal 0.946885 0.321574 -2.94064e-19
    outer loop
      vertex 33.8978 19.7765 1.2
      vertex 33.7716 20.1481 0
      vertex 33.7716 20.1481 1.2
    endloop
  endfacet
  facet normal 0.946885 0.321574 -2.94064e-19
    outer loop
      vertex 33.7716 20.1481 0
      vertex 33.8978 19.7765 1.2
      vertex 33.8978 19.7765 0
    endloop
  endfacet
  facet normal -0.19494 -0.980815 0
    outer loop
      vertex -31.7765 -21.8978 0
      vertex -31.3916 -21.9743 1.2
      vertex -31.7765 -21.8978 1.2
    endloop
  endfacet
  facet normal -0.19494 -0.980815 -0
    outer loop
      vertex -31.3916 -21.9743 1.2
      vertex -31.7765 -21.8978 0
      vertex -31.3916 -21.9743 0
    endloop
  endfacet
  facet normal 0.831501 -0.555523 -1.16297e-18
    outer loop
      vertex 33.3801 -20.8263 1.2
      vertex 33.5981 -20.5 0
      vertex 33.5981 -20.5 1.2
    endloop
  endfacet
  facet normal 0.831501 -0.555523 -1.16297e-18
    outer loop
      vertex 33.5981 -20.5 0
      vertex 33.3801 -20.8263 1.2
      vertex 33.3801 -20.8263 0
    endloop
  endfacet
  facet normal -0.751724 0.659478 4.75475e-18
    outer loop
      vertex -33.3801 20.8263 0
      vertex -33.1213 21.1213 1.2
      vertex -33.1213 21.1213 0
    endloop
  endfacet
  facet normal -0.751724 0.659478 4.75475e-18
    outer loop
      vertex -33.1213 21.1213 1.2
      vertex -33.3801 20.8263 0
      vertex -33.3801 20.8263 1.2
    endloop
  endfacet
  facet normal 0.896911 -0.442211 4.99612e-18
    outer loop
      vertex 33.5981 -20.5 1.2
      vertex 33.7716 -20.1481 0
      vertex 33.7716 -20.1481 1.2
    endloop
  endfacet
  facet normal 0.896911 -0.442211 4.99612e-18
    outer loop
      vertex 33.7716 -20.1481 0
      vertex 33.5981 -20.5 1.2
      vertex 33.5981 -20.5 0
    endloop
  endfacet
  facet normal -0.555523 -0.831501 0
    outer loop
      vertex -32.8263 -21.3801 0
      vertex -32.5 -21.5981 1.2
      vertex -32.8263 -21.3801 1.2
    endloop
  endfacet
  facet normal -0.555523 -0.831501 -0
    outer loop
      vertex -32.5 -21.5981 1.2
      vertex -32.8263 -21.3801 0
      vertex -32.5 -21.5981 0
    endloop
  endfacet
  facet normal 0 1 -0
    outer loop
      vertex 31 22 0
      vertex -31 22 1.2
      vertex 31 22 1.2
    endloop
  endfacet
  facet normal 0 1 0
    outer loop
      vertex -31 22 1.2
      vertex 31 22 0
      vertex -31 22 0
    endloop
  endfacet
  facet normal -0.321574 0.946885 0
    outer loop
      vertex -31.7765 21.8978 0
      vertex -32.1481 21.7716 1.2
      vertex -31.7765 21.8978 1.2
    endloop
  endfacet
  facet normal -0.321574 0.946885 0
    outer loop
      vertex -32.1481 21.7716 1.2
      vertex -31.7765 21.8978 0
      vertex -32.1481 21.7716 0
    endloop
  endfacet
  facet normal -0.831501 0.555523 -1.16297e-18
    outer loop
      vertex -33.5981 20.5 0
      vertex -33.3801 20.8263 1.2
      vertex -33.3801 20.8263 0
    endloop
  endfacet
  facet normal -0.831501 0.555523 -1.16297e-18
    outer loop
      vertex -33.3801 20.8263 1.2
      vertex -33.5981 20.5 0
      vertex -33.5981 20.5 1.2
    endloop
  endfacet
  facet normal 0.751724 0.659478 -4.75475e-18
    outer loop
      vertex 33.3801 20.8263 1.2
      vertex 33.1213 21.1213 0
      vertex 33.1213 21.1213 1.2
    endloop
  endfacet
  facet normal 0.751724 0.659478 -4.75475e-18
    outer loop
      vertex 33.1213 21.1213 0
      vertex 33.3801 20.8263 1.2
      vertex 33.3801 20.8263 0
    endloop
  endfacet
  facet normal 0.0654873 0.997853 -0
    outer loop
      vertex 31.3916 21.9743 0
      vertex 31 22 1.2
      vertex 31.3916 21.9743 1.2
    endloop
  endfacet
  facet normal 0.0654873 0.997853 0
    outer loop
      vertex 31 22 1.2
      vertex 31.3916 21.9743 0
      vertex 31 22 0
    endloop
  endfacet
  facet normal -0.19494 0.980815 0
    outer loop
      vertex -31.3916 21.9743 0
      vertex -31.7765 21.8978 1.2
      vertex -31.3916 21.9743 1.2
    endloop
  endfacet
  facet normal -0.19494 0.980815 0
    outer loop
      vertex -31.7765 21.8978 1.2
      vertex -31.3916 21.9743 0
      vertex -31.7765 21.8978 0
    endloop
  endfacet
  facet normal 0.442211 0.896911 -0
    outer loop
      vertex 32.5 21.5981 0
      vertex 32.1481 21.7716 1.2
      vertex 32.5 21.5981 1.2
    endloop
  endfacet
  facet normal 0.442211 0.896911 0
    outer loop
      vertex 32.1481 21.7716 1.2
      vertex 32.5 21.5981 0
      vertex 32.1481 21.7716 0
    endloop
  endfacet
  facet normal -0.659478 -0.751724 0
    outer loop
      vertex -33.1213 -21.1213 0
      vertex -32.8263 -21.3801 1.2
      vertex -33.1213 -21.1213 1.2
    endloop
  endfacet
  facet normal -0.659478 -0.751724 -0
    outer loop
      vertex -32.8263 -21.3801 1.2
      vertex -33.1213 -21.1213 0
      vertex -32.8263 -21.3801 0
    endloop
  endfacet
  facet normal 0.659478 -0.751724 0
    outer loop
      vertex 32.8263 -21.3801 0
      vertex 33.1213 -21.1213 1.2
      vertex 32.8263 -21.3801 1.2
    endloop
  endfacet
  facet normal 0.659478 -0.751724 0
    outer loop
      vertex 33.1213 -21.1213 1.2
      vertex 32.8263 -21.3801 0
      vertex 33.1213 -21.1213 0
    endloop
  endfacet
  facet normal -0.442211 -0.896911 0
    outer loop
      vertex -32.5 -21.5981 0
      vertex -32.1481 -21.7716 1.2
      vertex -32.5 -21.5981 1.2
    endloop
  endfacet
  facet normal -0.442211 -0.896911 -0
    outer loop
      vertex -32.1481 -21.7716 1.2
      vertex -32.5 -21.5981 0
      vertex -32.1481 -21.7716 0
    endloop
  endfacet
  facet normal 0.659478 0.751724 -0
    outer loop
      vertex 33.1213 21.1213 0
      vertex 32.8263 21.3801 1.2
      vertex 33.1213 21.1213 1.2
    endloop
  endfacet
  facet normal 0.659478 0.751724 0
    outer loop
      vertex 32.8263 21.3801 1.2
      vertex 33.1213 21.1213 0
      vertex 32.8263 21.3801 0
    endloop
  endfacet
  facet normal -0.980815 0.19494 3.18482e-18
    outer loop
      vertex -33.9743 19.3916 0
      vertex -33.8978 19.7765 1.2
      vertex -33.8978 19.7765 0
    endloop
  endfacet
  facet normal -0.980815 0.19494 3.18482e-18
    outer loop
      vertex -33.8978 19.7765 1.2
      vertex -33.9743 19.3916 0
      vertex -33.9743 19.3916 1.2
    endloop
  endfacet
  facet normal 0.946885 -0.321574 2.94064e-19
    outer loop
      vertex 33.7716 -20.1481 1.2
      vertex 33.8978 -19.7765 0
      vertex 33.8978 -19.7765 1.2
    endloop
  endfacet
  facet normal 0.946885 -0.321574 2.94064e-19
    outer loop
      vertex 33.8978 -19.7765 0
      vertex 33.7716 -20.1481 1.2
      vertex 33.7716 -20.1481 0
    endloop
  endfacet
  facet normal 0.751724 -0.659478 4.75475e-18
    outer loop
      vertex 33.1213 -21.1213 1.2
      vertex 33.3801 -20.8263 0
      vertex 33.3801 -20.8263 1.2
    endloop
  endfacet
  facet normal 0.751724 -0.659478 4.75475e-18
    outer loop
      vertex 33.3801 -20.8263 0
      vertex 33.1213 -21.1213 1.2
      vertex 33.1213 -21.1213 0
    endloop
  endfacet
  facet normal -0.997853 0.0654873 4.63948e-19
    outer loop
      vertex -34 19 0
      vertex -33.9743 19.3916 1.2
      vertex -33.9743 19.3916 0
    endloop
  endfacet
  facet normal -0.997853 0.0654873 4.63948e-19
    outer loop
      vertex -33.9743 19.3916 1.2
      vertex -34 19 0
      vertex -34 19 1.2
    endloop
  endfacet
  facet normal 0.997853 0.0654873 -4.63948e-19
    outer loop
      vertex 34 19 1.2
      vertex 33.9743 19.3916 0
      vertex 33.9743 19.3916 1.2
    endloop
  endfacet
  facet normal 0.997853 0.0654873 -4.63948e-19
    outer loop
      vertex 33.9743 19.3916 0
      vertex 34 19 1.2
      vertex 34 19 0
    endloop
  endfacet
  facet normal 0.831501 0.555523 1.16297e-18
    outer loop
      vertex 33.5981 20.5 1.2
      vertex 33.3801 20.8263 0
      vertex 33.3801 20.8263 1.2
    endloop
  endfacet
  facet normal 0.831501 0.555523 1.16297e-18
    outer loop
      vertex 33.3801 20.8263 0
      vertex 33.5981 20.5 1.2
      vertex 33.5981 20.5 0
    endloop
  endfacet
  facet normal -0.751724 -0.659478 -4.75475e-18
    outer loop
      vertex -33.1213 -21.1213 0
      vertex -33.3801 -20.8263 1.2
      vertex -33.3801 -20.8263 0
    endloop
  endfacet
  facet normal -0.751724 -0.659478 -4.75475e-18
    outer loop
      vertex -33.3801 -20.8263 1.2
      vertex -33.1213 -21.1213 0
      vertex -33.1213 -21.1213 1.2
    endloop
  endfacet
  facet normal 0.321574 0.946885 -0
    outer loop
      vertex 32.1481 21.7716 0
      vertex 31.7765 21.8978 1.2
      vertex 32.1481 21.7716 1.2
    endloop
  endfacet
  facet normal 0.321574 0.946885 0
    outer loop
      vertex 31.7765 21.8978 1.2
      vertex 32.1481 21.7716 0
      vertex 31.7765 21.8978 0
    endloop
  endfacet
  facet normal -0.831501 -0.555523 1.16297e-18
    outer loop
      vertex -33.3801 -20.8263 0
      vertex -33.5981 -20.5 1.2
      vertex -33.5981 -20.5 0
    endloop
  endfacet
  facet normal -0.831501 -0.555523 1.16297e-18
    outer loop
      vertex -33.5981 -20.5 1.2
      vertex -33.3801 -20.8263 0
      vertex -33.3801 -20.8263 1.2
    endloop
  endfacet
  facet normal 0.896911 0.442211 -4.99612e-18
    outer loop
      vertex 33.7716 20.1481 1.2
      vertex 33.5981 20.5 0
      vertex 33.5981 20.5 1.2
    endloop
  endfacet
  facet normal 0.896911 0.442211 -4.99612e-18
    outer loop
      vertex 33.5981 20.5 0
      vertex 33.7716 20.1481 1.2
      vertex 33.7716 20.1481 0
    endloop
  endfacet
  facet normal 0.980815 0.19494 -3.18482e-18
    outer loop
      vertex 33.9743 19.3916 1.2
      vertex 33.8978 19.7765 0
      vertex 33.8978 19.7765 1.2
    endloop
  endfacet
  facet normal 0.980815 0.19494 -3.18482e-18
    outer loop
      vertex 33.8978 19.7765 0
      vertex 33.9743 19.3916 1.2
      vertex 33.9743 19.3916 0
    endloop
  endfacet
  facet normal -0.980815 -0.19494 -3.18482e-18
    outer loop
      vertex -33.8978 -19.7765 0
      vertex -33.9743 -19.3916 1.2
      vertex -33.9743 -19.3916 0
    endloop
  endfacet
  facet normal -0.980815 -0.19494 -3.18482e-18
    outer loop
      vertex -33.9743 -19.3916 1.2
      vertex -33.8978 -19.7765 0
      vertex -33.8978 -19.7765 1.2
    endloop
  endfacet
  facet normal 0 0 -1
    outer loop
      vertex 31 -22 0
      vertex 34 -19 0
      vertex 33.9743 -19.3916 0
    endloop
  endfacet
  facet normal 0 0 -1
    outer loop
      vertex 34 -19 0
      vertex 30.15 0 0
      vertex 34 19 0
    endloop
  endfacet
  facet normal 0 0 -1
    outer loop
      vertex 31 -22 0
      vertex 33.9743 -19.3916 0
      vertex 33.8978 -19.7765 0
    endloop
  endfacet
  facet normal 0 0 -1
    outer loop
      vertex 30.1402 0.150105 0
      vertex 34 19 0
      vertex 30.15 0 0
    endloop
  endfacet
  facet normal 0 0 -1
    outer loop
      vertex 31 -22 0
      vertex 33.8978 -19.7765 0
      vertex 33.7716 -20.1481 0
    endloop
  endfacet
  facet normal 0 0 -1
    outer loop
      vertex 30.1108 0.297642 0
      vertex 34 19 0
      vertex 30.1402 0.150105 0
    endloop
  endfacet
  facet normal 0 0 -1
    outer loop
      vertex 31 -22 0
      vertex 33.7716 -20.1481 0
      vertex 33.5981 -20.5 0
    endloop
  endfacet
  facet normal 0 0 -1
    outer loop
      vertex 30.0625 0.440085 0
      vertex 34 19 0
      vertex 30.1108 0.297642 0
    endloop
  endfacet
  facet normal 0 0 -1
    outer loop
      vertex 31 -22 0
      vertex 33.5981 -20.5 0
      vertex 33.3801 -20.8263 0
    endloop
  endfacet
  facet normal 0 0 -1
    outer loop
      vertex 29.9959 0.575 0
      vertex 34 19 0
      vertex 30.0625 0.440085 0
    endloop
  endfacet
  facet normal 0 0 -1
    outer loop
      vertex 31 -22 0
      vertex 33.3801 -20.8263 0
      vertex 33.1213 -21.1213 0
    endloop
  endfacet
  facet normal 0 0 -1
    outer loop
      vertex 29.9124 0.700075 0
      vertex 34 19 0
      vertex 29.9959 0.575 0
    endloop
  endfacet
  facet normal 0 0 -1
    outer loop
      vertex 31 -22 0
      vertex 33.1213 -21.1213 0
      vertex 32.8263 -21.3801 0
    endloop
  endfacet
  facet normal 0 0 -1
    outer loop
      vertex 29.8132 0.813172 0
      vertex 34 19 0
      vertex 29.9124 0.700075 0
    endloop
  endfacet
  facet normal 0 0 -1
    outer loop
      vertex 31 -22 0
      vertex 32.8263 -21.3801 0
      vertex 32.5 -21.5981 0
    endloop
  endfacet
  facet normal 0 0 -1
    outer loop
      vertex 29.7001 0.912355 0
      vertex 34 19 0
      vertex 29.8132 0.813172 0
    endloop
  endfacet
  facet normal 0 0 -1
    outer loop
      vertex 31 -22 0
      vertex 32.5 -21.5981 0
      vertex 32.1481 -21.7716 0
    endloop
  endfacet
  facet normal 0 0 -1
    outer loop
      vertex 29.575 0.995929 0
      vertex 34 19 0
      vertex 29.7001 0.912355 0
    endloop
  endfacet
  facet normal 0 0 -1
    outer loop
      vertex 31 -22 0
      vertex 32.1481 -21.7716 0
      vertex 31.7765 -21.8978 0
    endloop
  endfacet
  facet normal 0 0 -1
    outer loop
      vertex 29.4401 1.06246 0
      vertex 34 19 0
      vertex 29.575 0.995929 0
    endloop
  endfacet
  facet normal 0 0 -1
    outer loop
      vertex 31 -22 0
      vertex 31.7765 -21.8978 0
      vertex 31.3916 -21.9743 0
    endloop
  endfacet
  facet normal 0 0 -1
    outer loop
      vertex 29.2976 1.11081 0
      vertex 34 19 0
      vertex 29.4401 1.06246 0
    endloop
  endfacet
  facet normal 0 0 -1
    outer loop
      vertex 28.5599 -1.06246 0
      vertex 34 -19 0
      vertex 31 -22 0
    endloop
  endfacet
  facet normal 0 0 -1
    outer loop
      vertex 29.1501 1.14016 0
      vertex 34 19 0
      vertex 29.2976 1.11081 0
    endloop
  endfacet
  facet normal 0 0 -1
    outer loop
      vertex 29 1.15 0
      vertex 34 19 0
      vertex 29.1501 1.14016 0
    endloop
  endfacet
  facet normal 0 0 -1
    outer loop
      vertex 34 -19 0
      vertex 30.1402 -0.150105 0
      vertex 30.15 0 0
    endloop
  endfacet
  facet normal 0 0 -1
    outer loop
      vertex 34 -19 0
      vertex 30.1108 -0.297642 0
      vertex 30.1402 -0.150105 0
    endloop
  endfacet
  facet normal 0 0 -1
    outer loop
      vertex 34 -19 0
      vertex 30.0625 -0.440085 0
      vertex 30.1108 -0.297642 0
    endloop
  endfacet
  facet normal 0 0 -1
    outer loop
      vertex 34 -19 0
      vertex 29.9959 -0.575 0
      vertex 30.0625 -0.440085 0
    endloop
  endfacet
  facet normal 0 0 -1
    outer loop
      vertex 34 -19 0
      vertex 29.9124 -0.700075 0
      vertex 29.9959 -0.575 0
    endloop
  endfacet
  facet normal 0 0 -1
    outer loop
      vertex 34 -19 0
      vertex 29.8132 -0.813172 0
      vertex 29.9124 -0.700075 0
    endloop
  endfacet
  facet normal 0 0 -1
    outer loop
      vertex 34 -19 0
      vertex 29.7001 -0.912355 0
      vertex 29.8132 -0.813172 0
    endloop
  endfacet
  facet normal 0 0 -1
    outer loop
      vertex 34 -19 0
      vertex 29.575 -0.995929 0
      vertex 29.7001 -0.912355 0
    endloop
  endfacet
  facet normal 0 0 -1
    outer loop
      vertex 34 -19 0
      vertex 29.4401 -1.06246 0
      vertex 29.575 -0.995929 0
    endloop
  endfacet
  facet normal 0 0 -1
    outer loop
      vertex 34 -19 0
      vertex 29.2976 -1.11081 0
      vertex 29.4401 -1.06246 0
    endloop
  endfacet
  facet normal 0 0 -1
    outer loop
      vertex 34 -19 0
      vertex 29.1501 -1.14016 0
      vertex 29.2976 -1.11081 0
    endloop
  endfacet
  facet normal 0 0 -1
    outer loop
      vertex 34 -19 0
      vertex 29 -1.15 0
      vertex 29.1501 -1.14016 0
    endloop
  endfacet
  facet normal 0 0 -1
    outer loop
      vertex 34 -19 0
      vertex 28.8499 -1.14016 0
      vertex 29 -1.15 0
    endloop
  endfacet
  facet normal 0 0 -1
    outer loop
      vertex 34 -19 0
      vertex 28.7024 -1.11081 0
      vertex 28.8499 -1.14016 0
    endloop
  endfacet
  facet normal 0 0 -1
    outer loop
      vertex 34 -19 0
      vertex 28.5599 -1.06246 0
      vertex 28.7024 -1.11081 0
    endloop
  endfacet
  facet normal 0 0 -1
    outer loop
      vertex 31 -22 0
      vertex 28.425 -0.995929 0
      vertex 28.5599 -1.06246 0
    endloop
  endfacet
  facet normal 0 0 -1
    outer loop
      vertex 31 -22 0
      vertex 28.2999 -0.912355 0
      vertex 28.425 -0.995929 0
    endloop
  endfacet
  facet normal 0 0 -1
    outer loop
      vertex 31 -22 0
      vertex 28.1868 -0.813172 0
      vertex 28.2999 -0.912355 0
    endloop
  endfacet
  facet normal 0 0 -1
    outer loop
      vertex 31 -22 0
      vertex 28.0876 -0.700075 0
      vertex 28.1868 -0.813172 0
    endloop
  endfacet
  facet normal 0 0 -1
    outer loop
      vertex 31 -22 0
      vertex 28.0041 -0.575 0
      vertex 28.0876 -0.700075 0
    endloop
  endfacet
  facet normal 0 0 -1
    outer loop
      vertex -28.0041 -0.575 0
      vertex 28.0041 -0.575 0
      vertex 31 -22 0
    endloop
  endfacet
  facet normal 0 0 -1
    outer loop
      vertex 28.0041 -0.575 0
      vertex -28.0041 -0.575 0
      vertex 27.9375 -0.440085 0
    endloop
  endfacet
  facet normal 0 -0 -1
    outer loop
      vertex -27.9375 -0.440085 0
      vertex 27.9375 -0.440085 0
      vertex -28.0041 -0.575 0
    endloop
  endfacet
  facet normal 0 0 -1
    outer loop
      vertex 27.8598 -0.150105 0
      vertex -27.85 0 0
      vertex 27.85 0 0
    endloop
  endfacet
  facet normal 0 0 -1
    outer loop
      vertex 27.9375 -0.440085 0
      vertex -27.9375 -0.440085 0
      vertex 27.8892 -0.297642 0
    endloop
  endfacet
  facet normal 0 0 -1
    outer loop
      vertex 27.8598 -0.150105 0
      vertex -27.8598 -0.150105 0
      vertex -27.85 0 0
    endloop
  endfacet
  facet normal -0 0 -1
    outer loop
      vertex 27.8598 -0.150105 0
      vertex -27.8892 -0.297642 0
      vertex -27.8598 -0.150105 0
    endloop
  endfacet
  facet normal 0 0 -1
    outer loop
      vertex 27.8892 -0.297642 0
      vertex -27.8892 -0.297642 0
      vertex 27.8598 -0.150105 0
    endloop
  endfacet
  facet normal 0 -0 -1
    outer loop
      vertex -27.8892 -0.297642 0
      vertex 27.8892 -0.297642 0
      vertex -27.9375 -0.440085 0
    endloop
  endfacet
  facet normal 0 0 -1
    outer loop
      vertex -31 -22 0
      vertex -28.0041 -0.575 0
      vertex 31 -22 0
    endloop
  endfacet
  facet normal 0 0 -1
    outer loop
      vertex -28.0041 -0.575 0
      vertex -31 -22 0
      vertex -28.0876 -0.700075 0
    endloop
  endfacet
  facet normal 0 0 -1
    outer loop
      vertex -28.0876 -0.700075 0
      vertex -31 -22 0
      vertex -28.1868 -0.813172 0
    endloop
  endfacet
  facet normal 0 0 -1
    outer loop
      vertex -28.1868 -0.813172 0
      vertex -31 -22 0
      vertex -28.2999 -0.912355 0
    endloop
  endfacet
  facet normal 0 0 -1
    outer loop
      vertex -28.2999 -0.912355 0
      vertex -31 -22 0
      vertex -28.425 -0.995929 0
    endloop
  endfacet
  facet normal 0 0 -1
    outer loop
      vertex -28.425 -0.995929 0
      vertex -31 -22 0
      vertex -28.5599 -1.06246 0
    endloop
  endfacet
  facet normal 0 0 -1
    outer loop
      vertex -34 -19 0
      vertex -28.5599 -1.06246 0
      vertex -31 -22 0
    endloop
  endfacet
  facet normal 0 0 -1
    outer loop
      vertex -28.5599 -1.06246 0
      vertex -34 -19 0
      vertex -28.7024 -1.11081 0
    endloop
  endfacet
  facet normal 0 0 -1
    outer loop
      vertex -28.7024 -1.11081 0
      vertex -34 -19 0
      vertex -28.8499 -1.14016 0
    endloop
  endfacet
  facet normal 0 0 -1
    outer loop
      vertex -28.8499 -1.14016 0
      vertex -34 -19 0
      vertex -29 -1.15 0
    endloop
  endfacet
  facet normal -0 0 -1
    outer loop
      vertex -29 -1.15 0
      vertex -34 -19 0
      vertex -29.1501 -1.14016 0
    endloop
  endfacet
  facet normal -0 0 -1
    outer loop
      vertex -30.1108 -0.297642 0
      vertex -34 -19 0
      vertex -30.1402 -0.150105 0
    endloop
  endfacet
  facet normal -0 0 -1
    outer loop
      vertex -30.0625 -0.440085 0
      vertex -34 -19 0
      vertex -30.1108 -0.297642 0
    endloop
  endfacet
  facet normal -0 0 -1
    outer loop
      vertex -29.9959 -0.575 0
      vertex -34 -19 0
      vertex -30.0625 -0.440085 0
    endloop
  endfacet
  facet normal -0 0 -1
    outer loop
      vertex -29.9124 -0.700075 0
      vertex -34 -19 0
      vertex -29.9959 -0.575 0
    endloop
  endfacet
  facet normal -0 0 -1
    outer loop
      vertex -29.8132 -0.813172 0
      vertex -34 -19 0
      vertex -29.9124 -0.700075 0
    endloop
  endfacet
  facet normal -0 0 -1
    outer loop
      vertex -29.7001 -0.912355 0
      vertex -34 -19 0
      vertex -29.8132 -0.813172 0
    endloop
  endfacet
  facet normal -0 0 -1
    outer loop
      vertex -29.575 -0.995929 0
      vertex -34 -19 0
      vertex -29.7001 -0.912355 0
    endloop
  endfacet
  facet normal -0 0 -1
    outer loop
      vertex -29.4401 -1.06246 0
      vertex -34 -19 0
      vertex -29.575 -0.995929 0
    endloop
  endfacet
  facet normal -0 0 -1
    outer loop
      vertex -29.2976 -1.11081 0
      vertex -34 -19 0
      vertex -29.4401 -1.06246 0
    endloop
  endfacet
  facet normal -0 0 -1
    outer loop
      vertex -29.1501 -1.14016 0
      vertex -34 -19 0
      vertex -29.2976 -1.11081 0
    endloop
  endfacet
  facet normal 0 0 -1
    outer loop
      vertex 28.8499 1.14016 0
      vertex 34 19 0
      vertex 29 1.15 0
    endloop
  endfacet
  facet normal 0 0 -1
    outer loop
      vertex 28.7024 1.11081 0
      vertex 34 19 0
      vertex 28.8499 1.14016 0
    endloop
  endfacet
  facet normal 0 0 -1
    outer loop
      vertex 28.5599 1.06246 0
      vertex 34 19 0
      vertex 28.7024 1.11081 0
    endloop
  endfacet
  facet normal 0 0 -1
    outer loop
      vertex 34 19 0
      vertex 31 22 0
      vertex 33.9743 19.3916 0
    endloop
  endfacet
  facet normal 0 0 -1
    outer loop
      vertex 33.9743 19.3916 0
      vertex 31 22 0
      vertex 33.8978 19.7765 0
    endloop
  endfacet
  facet normal 0 0 -1
    outer loop
      vertex 33.7716 20.1481 0
      vertex 31 22 0
      vertex 33.5981 20.5 0
    endloop
  endfacet
  facet normal 0 0 -1
    outer loop
      vertex 33.5981 20.5 0
      vertex 31 22 0
      vertex 33.3801 20.8263 0
    endloop
  endfacet
  facet normal 0 0 -1
    outer loop
      vertex 33.1213 21.1213 0
      vertex 31 22 0
      vertex 32.8263 21.3801 0
    endloop
  endfacet
  facet normal 0 0 -1
    outer loop
      vertex 32.8263 21.3801 0
      vertex 31 22 0
      vertex 32.5 21.5981 0
    endloop
  endfacet
  facet normal 0 0 -1
    outer loop
      vertex 32.1481 21.7716 0
      vertex 31 22 0
      vertex 31.7765 21.8978 0
    endloop
  endfacet
  facet normal 0 0 -1
    outer loop
      vertex 31.7765 21.8978 0
      vertex 31 22 0
      vertex 31.3916 21.9743 0
    endloop
  endfacet
  facet normal 0 0 -1
    outer loop
      vertex 32.5 21.5981 0
      vertex 31 22 0
      vertex 32.1481 21.7716 0
    endloop
  endfacet
  facet normal 0 0 -1
    outer loop
      vertex 33.3801 20.8263 0
      vertex 31 22 0
      vertex 33.1213 21.1213 0
    endloop
  endfacet
  facet normal 0 0 -1
    outer loop
      vertex 33.8978 19.7765 0
      vertex 31 22 0
      vertex 33.7716 20.1481 0
    endloop
  endfacet
  facet normal -0 0 -1
    outer loop
      vertex 34 19 0
      vertex 28.5599 1.06246 0
      vertex 31 22 0
    endloop
  endfacet
  facet normal 0 0 -1
    outer loop
      vertex 28.425 0.995929 0
      vertex 31 22 0
      vertex 28.5599 1.06246 0
    endloop
  endfacet
  facet normal 0 0 -1
    outer loop
      vertex 28.2999 0.912355 0
      vertex 31 22 0
      vertex 28.425 0.995929 0
    endloop
  endfacet
  facet normal 0 0 -1
    outer loop
      vertex 28.1868 0.813172 0
      vertex 31 22 0
      vertex 28.2999 0.912355 0
    endloop
  endfacet
  facet normal 0 0 -1
    outer loop
      vertex 28.0876 0.700075 0
      vertex 31 22 0
      vertex 28.1868 0.813172 0
    endloop
  endfacet
  facet normal 0 0 -1
    outer loop
      vertex 28.0041 0.575 0
      vertex 31 22 0
      vertex 28.0876 0.700075 0
    endloop
  endfacet
  facet normal 0 0 -1
    outer loop
      vertex -28.0041 0.575 0
      vertex 28.0041 0.575 0
      vertex 27.9375 0.440085 0
    endloop
  endfacet
  facet normal 0 0 -1
    outer loop
      vertex -27.9375 0.440085 0
      vertex 27.9375 0.440085 0
      vertex 27.8892 0.297642 0
    endloop
  endfacet
  facet normal 0 0 -1
    outer loop
      vertex -27.8892 0.297642 0
      vertex 27.8892 0.297642 0
      vertex 27.8598 0.150105 0
    endloop
  endfacet
  facet normal 0 0 -1
    outer loop
      vertex -27.85 0 0
      vertex 27.8598 0.150105 0
      vertex 27.85 0 0
    endloop
  endfacet
  facet normal 0 0 -1
    outer loop
      vertex -27.8598 0.150105 0
      vertex 27.8598 0.150105 0
      vertex -27.85 0 0
    endloop
  endfacet
  facet normal 0 0 -1
    outer loop
      vertex -27.8892 0.297642 0
      vertex 27.8598 0.150105 0
      vertex -27.8598 0.150105 0
    endloop
  endfacet
  facet normal 0 0 -1
    outer loop
      vertex 27.8892 0.297642 0
      vertex -27.8892 0.297642 0
      vertex -27.9375 0.440085 0
    endloop
  endfacet
  facet normal 0 0 -1
    outer loop
      vertex 27.9375 0.440085 0
      vertex -27.9375 0.440085 0
      vertex -28.0041 0.575 0
    endloop
  endfacet
  facet normal 0 0 -1
    outer loop
      vertex 28.0041 0.575 0
      vertex -28.0041 0.575 0
      vertex 31 22 0
    endloop
  endfacet
  facet normal 0 0 -1
    outer loop
      vertex -31 22 0
      vertex -28.0041 0.575 0
      vertex -28.0876 0.700075 0
    endloop
  endfacet
  facet normal 0 0 -1
    outer loop
      vertex -31 22 0
      vertex -28.0876 0.700075 0
      vertex -28.1868 0.813172 0
    endloop
  endfacet
  facet normal 0 0 -1
    outer loop
      vertex -31 22 0
      vertex -28.1868 0.813172 0
      vertex -28.2999 0.912355 0
    endloop
  endfacet
  facet normal 0 0 -1
    outer loop
      vertex -31 22 0
      vertex -28.2999 0.912355 0
      vertex -28.425 0.995929 0
    endloop
  endfacet
  facet normal 0 0 -1
    outer loop
      vertex -31 22 0
      vertex -28.425 0.995929 0
      vertex -28.5599 1.06246 0
    endloop
  endfacet
  facet normal 0 0 -1
    outer loop
      vertex -34 19 0
      vertex -28.5599 1.06246 0
      vertex -28.7024 1.11081 0
    endloop
  endfacet
  facet normal 0 0 -1
    outer loop
      vertex -34 19 0
      vertex -28.7024 1.11081 0
      vertex -28.8499 1.14016 0
    endloop
  endfacet
  facet normal 0 0 -1
    outer loop
      vertex -34 19 0
      vertex -28.8499 1.14016 0
      vertex -29 1.15 0
    endloop
  endfacet
  facet normal 0 0 -1
    outer loop
      vertex -34 19 0
      vertex -29 1.15 0
      vertex -29.1501 1.14016 0
    endloop
  endfacet
  facet normal 0 0 -1
    outer loop
      vertex -34 19 0
      vertex -29.1501 1.14016 0
      vertex -29.2976 1.11081 0
    endloop
  endfacet
  facet normal 0 0 -1
    outer loop
      vertex -34 19 0
      vertex -29.2976 1.11081 0
      vertex -29.4401 1.06246 0
    endloop
  endfacet
  facet normal 0 0 -1
    outer loop
      vertex -28.0041 0.575 0
      vertex -31 22 0
      vertex 31 22 0
    endloop
  endfacet
  facet normal 0 0 -1
    outer loop
      vertex -34 19 0
      vertex -29.4401 1.06246 0
      vertex -29.575 0.995929 0
    endloop
  endfacet
  facet normal 0 0 -1
    outer loop
      vertex -34 19 0
      vertex -29.575 0.995929 0
      vertex -29.7001 0.912355 0
    endloop
  endfacet
  facet normal 0 0 -1
    outer loop
      vertex -34 19 0
      vertex -29.7001 0.912355 0
      vertex -29.8132 0.813172 0
    endloop
  endfacet
  facet normal 0 0 -1
    outer loop
      vertex -34 19 0
      vertex -29.8132 0.813172 0
      vertex -29.9124 0.700075 0
    endloop
  endfacet
  facet normal 0 0 -1
    outer loop
      vertex -34 19 0
      vertex -29.9124 0.700075 0
      vertex -29.9959 0.575 0
    endloop
  endfacet
  facet normal 0 0 -1
    outer loop
      vertex -34 19 0
      vertex -29.9959 0.575 0
      vertex -30.0625 0.440085 0
    endloop
  endfacet
  facet normal 0 0 -1
    outer loop
      vertex -34 19 0
      vertex -30.0625 0.440085 0
      vertex -30.1108 0.297642 0
    endloop
  endfacet
  facet normal 0 0 -1
    outer loop
      vertex -34 19 0
      vertex -30.1108 0.297642 0
      vertex -30.1402 0.150105 0
    endloop
  endfacet
  facet normal 0 0 -1
    outer loop
      vertex -34 19 0
      vertex -30.1402 0.150105 0
      vertex -30.15 0 0
    endloop
  endfacet
  facet normal -0 0 -1
    outer loop
      vertex -30.1402 -0.150105 0
      vertex -34 -19 0
      vertex -30.15 0 0
    endloop
  endfacet
  facet normal 0 0 -1
    outer loop
      vertex -34 -19 0
      vertex -31 -22 0
      vertex -31.3916 -21.9743 0
    endloop
  endfacet
  facet normal 0 0 -1
    outer loop
      vertex -34 19 0
      vertex -30.15 0 0
      vertex -34 -19 0
    endloop
  endfacet
  facet normal 0 0 -1
    outer loop
      vertex -34 -19 0
      vertex -31.3916 -21.9743 0
      vertex -31.7765 -21.8978 0
    endloop
  endfacet
  facet normal 0 0 -1
    outer loop
      vertex -28.5599 1.06246 0
      vertex -34 19 0
      vertex -31 22 0
    endloop
  endfacet
  facet normal 0 0 -1
    outer loop
      vertex -34 -19 0
      vertex -31.7765 -21.8978 0
      vertex -32.1481 -21.7716 0
    endloop
  endfacet
  facet normal 0 0 -1
    outer loop
      vertex -31 22 0
      vertex -34 19 0
      vertex -31.3916 21.9743 0
    endloop
  endfacet
  facet normal 0 0 -1
    outer loop
      vertex -34 -19 0
      vertex -32.1481 -21.7716 0
      vertex -32.5 -21.5981 0
    endloop
  endfacet
  facet normal 0 0 -1
    outer loop
      vertex -31.3916 21.9743 0
      vertex -34 19 0
      vertex -31.7765 21.8978 0
    endloop
  endfacet
  facet normal 0 0 -1
    outer loop
      vertex -34 -19 0
      vertex -32.5 -21.5981 0
      vertex -32.8263 -21.3801 0
    endloop
  endfacet
  facet normal 0 0 -1
    outer loop
      vertex -31.7765 21.8978 0
      vertex -34 19 0
      vertex -32.1481 21.7716 0
    endloop
  endfacet
  facet normal 0 0 -1
    outer loop
      vertex -34 -19 0
      vertex -32.8263 -21.3801 0
      vertex -33.1213 -21.1213 0
    endloop
  endfacet
  facet normal 0 0 -1
    outer loop
      vertex -32.1481 21.7716 0
      vertex -34 19 0
      vertex -32.5 21.5981 0
    endloop
  endfacet
  facet normal 0 0 -1
    outer loop
      vertex -34 -19 0
      vertex -33.1213 -21.1213 0
      vertex -33.3801 -20.8263 0
    endloop
  endfacet
  facet normal 0 0 -1
    outer loop
      vertex -32.5 21.5981 0
      vertex -34 19 0
      vertex -32.8263 21.3801 0
    endloop
  endfacet
  facet normal 0 0 -1
    outer loop
      vertex -34 -19 0
      vertex -33.3801 -20.8263 0
      vertex -33.5981 -20.5 0
    endloop
  endfacet
  facet normal 0 0 -1
    outer loop
      vertex -32.8263 21.3801 0
      vertex -34 19 0
      vertex -33.1213 21.1213 0
    endloop
  endfacet
  facet normal 0 0 -1
    outer loop
      vertex -34 -19 0
      vertex -33.5981 -20.5 0
      vertex -33.7716 -20.1481 0
    endloop
  endfacet
  facet normal 0 0 -1
    outer loop
      vertex -33.1213 21.1213 0
      vertex -34 19 0
      vertex -33.3801 20.8263 0
    endloop
  endfacet
  facet normal 0 0 -1
    outer loop
      vertex -34 -19 0
      vertex -33.7716 -20.1481 0
      vertex -33.8978 -19.7765 0
    endloop
  endfacet
  facet normal 0 0 -1
    outer loop
      vertex -33.3801 20.8263 0
      vertex -34 19 0
      vertex -33.5981 20.5 0
    endloop
  endfacet
  facet normal 0 0 -1
    outer loop
      vertex -34 -19 0
      vertex -33.8978 -19.7765 0
      vertex -33.9743 -19.3916 0
    endloop
  endfacet
  facet normal 0 0 -1
    outer loop
      vertex -33.5981 20.5 0
      vertex -34 19 0
      vertex -33.7716 20.1481 0
    endloop
  endfacet
  facet normal 0 0 -1
    outer loop
      vertex -33.7716 20.1481 0
      vertex -34 19 0
      vertex -33.8978 19.7765 0
    endloop
  endfacet
  facet normal 0 0 -1
    outer loop
      vertex -33.8978 19.7765 0
      vertex -34 19 0
      vertex -33.9743 19.3916 0
    endloop
  endfacet
  facet normal 0.997853 -0.0654873 4.63948e-19
    outer loop
      vertex 33.9743 -19.3916 1.2
      vertex 34 -19 0
      vertex 34 -19 1.2
    endloop
  endfacet
  facet normal 0.997853 -0.0654873 4.63948e-19
    outer loop
      vertex 34 -19 0
      vertex 33.9743 -19.3916 1.2
      vertex 33.9743 -19.3916 0
    endloop
  endfacet
  facet normal 0 0 1
    outer loop
      vertex 31 22 1.2
      vertex 34 19 1.2
      vertex 33.9743 19.3916 1.2
    endloop
  endfacet
  facet normal 0 0 1
    outer loop
      vertex 34 19 1.2
      vertex 30.15 0 1.2
      vertex 34 -19 1.2
    endloop
  endfacet
  facet normal 0 0 1
    outer loop
      vertex 31 22 1.2
      vertex 33.9743 19.3916 1.2
      vertex 33.8978 19.7765 1.2
    endloop
  endfacet
  facet normal -0 0 1
    outer loop
      vertex 30.1402 -0.150105 1.2
      vertex 34 -19 1.2
      vertex 30.15 0 1.2
    endloop
  endfacet
  facet normal 0 0 1
    outer loop
      vertex 31 22 1.2
      vertex 33.8978 19.7765 1.2
      vertex 33.7716 20.1481 1.2
    endloop
  endfacet
  facet normal -0 0 1
    outer loop
      vertex 30.1108 -0.297642 1.2
      vertex 34 -19 1.2
      vertex 30.1402 -0.150105 1.2
    endloop
  endfacet
  facet normal 0 0 1
    outer loop
      vertex 31 22 1.2
      vertex 33.7716 20.1481 1.2
      vertex 33.5981 20.5 1.2
    endloop
  endfacet
  facet normal -0 0 1
    outer loop
      vertex 30.0625 -0.440085 1.2
      vertex 34 -19 1.2
      vertex 30.1108 -0.297642 1.2
    endloop
  endfacet
  facet normal 0 0 1
    outer loop
      vertex 31 22 1.2
      vertex 33.5981 20.5 1.2
      vertex 33.3801 20.8263 1.2
    endloop
  endfacet
  facet normal -0 0 1
    outer loop
      vertex 29.9959 -0.575 1.2
      vertex 34 -19 1.2
      vertex 30.0625 -0.440085 1.2
    endloop
  endfacet
  facet normal 0 0 1
    outer loop
      vertex 31 22 1.2
      vertex 33.3801 20.8263 1.2
      vertex 33.1213 21.1213 1.2
    endloop
  endfacet
  facet normal -0 0 1
    outer loop
      vertex 29.9124 -0.700075 1.2
      vertex 34 -19 1.2
      vertex 29.9959 -0.575 1.2
    endloop
  endfacet
  facet normal 0 0 1
    outer loop
      vertex 31 22 1.2
      vertex 33.1213 21.1213 1.2
      vertex 32.8263 21.3801 1.2
    endloop
  endfacet
  facet normal -0 0 1
    outer loop
      vertex 29.8132 -0.813172 1.2
      vertex 34 -19 1.2
      vertex 29.9124 -0.700075 1.2
    endloop
  endfacet
  facet normal 0 0 1
    outer loop
      vertex 31 22 1.2
      vertex 32.8263 21.3801 1.2
      vertex 32.5 21.5981 1.2
    endloop
  endfacet
  facet normal -0 0 1
    outer loop
      vertex 29.7001 -0.912355 1.2
      vertex 34 -19 1.2
      vertex 29.8132 -0.813172 1.2
    endloop
  endfacet
  facet normal 0 0 1
    outer loop
      vertex 31 22 1.2
      vertex 32.5 21.5981 1.2
      vertex 32.1481 21.7716 1.2
    endloop
  endfacet
  facet normal -0 0 1
    outer loop
      vertex 29.575 -0.995929 1.2
      vertex 34 -19 1.2
      vertex 29.7001 -0.912355 1.2
    endloop
  endfacet
  facet normal 0 0 1
    outer loop
      vertex 31 22 1.2
      vertex 32.1481 21.7716 1.2
      vertex 31.7765 21.8978 1.2
    endloop
  endfacet
  facet normal -0 0 1
    outer loop
      vertex 29.4401 -1.06246 1.2
      vertex 34 -19 1.2
      vertex 29.575 -0.995929 1.2
    endloop
  endfacet
  facet normal 0 0 1
    outer loop
      vertex 31 22 1.2
      vertex 31.7765 21.8978 1.2
      vertex 31.3916 21.9743 1.2
    endloop
  endfacet
  facet normal -0 0 1
    outer loop
      vertex 29.2976 -1.11081 1.2
      vertex 34 -19 1.2
      vertex 29.4401 -1.06246 1.2
    endloop
  endfacet
  facet normal 0 0 1
    outer loop
      vertex 28.5599 1.06246 1.2
      vertex 34 19 1.2
      vertex 31 22 1.2
    endloop
  endfacet
  facet normal -0 0 1
    outer loop
      vertex 29.1501 -1.14016 1.2
      vertex 34 -19 1.2
      vertex 29.2976 -1.11081 1.2
    endloop
  endfacet
  facet normal -0 0 1
    outer loop
      vertex 29 -1.15 1.2
      vertex 34 -19 1.2
      vertex 29.1501 -1.14016 1.2
    endloop
  endfacet
  facet normal 0 0 1
    outer loop
      vertex 34 19 1.2
      vertex 30.1402 0.150105 1.2
      vertex 30.15 0 1.2
    endloop
  endfacet
  facet normal 0 0 1
    outer loop
      vertex 34 19 1.2
      vertex 30.1108 0.297642 1.2
      vertex 30.1402 0.150105 1.2
    endloop
  endfacet
  facet normal 0 0 1
    outer loop
      vertex 34 19 1.2
      vertex 30.0625 0.440085 1.2
      vertex 30.1108 0.297642 1.2
    endloop
  endfacet
  facet normal 0 0 1
    outer loop
      vertex 34 19 1.2
      vertex 29.9959 0.575 1.2
      vertex 30.0625 0.440085 1.2
    endloop
  endfacet
  facet normal 0 0 1
    outer loop
      vertex 34 19 1.2
      vertex 29.9124 0.700075 1.2
      vertex 29.9959 0.575 1.2
    endloop
  endfacet
  facet normal 0 0 1
    outer loop
      vertex 34 19 1.2
      vertex 29.8132 0.813172 1.2
      vertex 29.9124 0.700075 1.2
    endloop
  endfacet
  facet normal 0 0 1
    outer loop
      vertex 34 19 1.2
      vertex 29.7001 0.912355 1.2
      vertex 29.8132 0.813172 1.2
    endloop
  endfacet
  facet normal 0 0 1
    outer loop
      vertex 34 19 1.2
      vertex 29.575 0.995929 1.2
      vertex 29.7001 0.912355 1.2
    endloop
  endfacet
  facet normal 0 0 1
    outer loop
      vertex 34 19 1.2
      vertex 29.4401 1.06246 1.2
      vertex 29.575 0.995929 1.2
    endloop
  endfacet
  facet normal 0 0 1
    outer loop
      vertex 34 19 1.2
      vertex 29.2976 1.11081 1.2
      vertex 29.4401 1.06246 1.2
    endloop
  endfacet
  facet normal 0 0 1
    outer loop
      vertex 34 19 1.2
      vertex 29.1501 1.14016 1.2
      vertex 29.2976 1.11081 1.2
    endloop
  endfacet
  facet normal 0 0 1
    outer loop
      vertex 34 19 1.2
      vertex 29 1.15 1.2
      vertex 29.1501 1.14016 1.2
    endloop
  endfacet
  facet normal 0 0 1
    outer loop
      vertex 34 19 1.2
      vertex 28.8499 1.14016 1.2
      vertex 29 1.15 1.2
    endloop
  endfacet
  facet normal 0 0 1
    outer loop
      vertex 34 19 1.2
      vertex 28.7024 1.11081 1.2
      vertex 28.8499 1.14016 1.2
    endloop
  endfacet
  facet normal 0 0 1
    outer loop
      vertex 34 19 1.2
      vertex 28.5599 1.06246 1.2
      vertex 28.7024 1.11081 1.2
    endloop
  endfacet
  facet normal 0 0 1
    outer loop
      vertex 31 22 1.2
      vertex 28.425 0.995929 1.2
      vertex 28.5599 1.06246 1.2
    endloop
  endfacet
  facet normal -0 0 1
    outer loop
      vertex 11.4722 5.85001 1.2
      vertex 28.425 0.995929 1.2
      vertex 31 22 1.2
    endloop
  endfacet
  facet normal -0 -0 1
    outer loop
      vertex 11.5706 5.65056 1.2
      vertex 28.425 0.995929 1.2
      vertex 11.4722 5.85001 1.2
    endloop
  endfacet
  facet normal 0 0 1
    outer loop
      vertex 28.425 0.995929 1.2
      vertex 11.5706 5.65056 1.2
      vertex 28.2999 0.912355 1.2
    endloop
  endfacet
  facet normal -0 -0 1
    outer loop
      vertex 11.6421 5.43999 1.2
      vertex 28.2999 0.912355 1.2
      vertex 11.5706 5.65056 1.2
    endloop
  endfacet
  facet normal 0 0 1
    outer loop
      vertex 28.2999 0.912355 1.2
      vertex 11.6421 5.43999 1.2
      vertex 28.1868 0.813172 1.2
    endloop
  endfacet
  facet normal -0 -0 1
    outer loop
      vertex 11.6855 5.22189 1.2
      vertex 28.1868 0.813172 1.2
      vertex 11.6421 5.43999 1.2
    endloop
  endfacet
  facet normal 0 0 1
    outer loop
      vertex 28.1868 0.813172 1.2
      vertex 11.6855 5.22189 1.2
      vertex 28.0876 0.700075 1.2
    endloop
  endfacet
  facet normal 0 0 1
    outer loop
      vertex 27.8598 0.150105 1.2
      vertex 11.7 5 1.2
      vertex 27.85 0 1.2
    endloop
  endfacet
  facet normal -0 -0 1
    outer loop
      vertex 11.7 5 1.2
      vertex 28.0876 0.700075 1.2
      vertex 11.6855 5.22189 1.2
    endloop
  endfacet
  facet normal 0 0 1
    outer loop
      vertex 27.8892 0.297642 1.2
      vertex 11.7 5 1.2
      vertex 27.8598 0.150105 1.2
    endloop
  endfacet
  facet normal 0 0 1
    outer loop
      vertex 27.9375 0.440085 1.2
      vertex 11.7 5 1.2
      vertex 27.8892 0.297642 1.2
    endloop
  endfacet
  facet normal 0 0 1
    outer loop
      vertex 28.0041 0.575 1.2
      vertex 11.7 5 1.2
      vertex 27.9375 0.440085 1.2
    endloop
  endfacet
  facet normal 0 0 1
    outer loop
      vertex 28.0876 0.700075 1.2
      vertex 11.7 5 1.2
      vertex 28.0041 0.575 1.2
    endloop
  endfacet
  facet normal 0 0 1
    outer loop
      vertex 31 22 1.2
      vertex 11.3487 6.0349 1.2
      vertex 11.4722 5.85001 1.2
    endloop
  endfacet
  facet normal 0 0 1
    outer loop
      vertex 31 22 1.2
      vertex 11.2021 6.20209 1.2
      vertex 11.3487 6.0349 1.2
    endloop
  endfacet
  facet normal 0 0 1
    outer loop
      vertex 31 22 1.2
      vertex 11.0349 6.34869 1.2
      vertex 11.2021 6.20209 1.2
    endloop
  endfacet
  facet normal 0 0 1
    outer loop
      vertex 31 22 1.2
      vertex 10.85 6.47224 1.2
      vertex 11.0349 6.34869 1.2
    endloop
  endfacet
  facet normal 0 0 1
    outer loop
      vertex 31 22 1.2
      vertex 10.6506 6.5706 1.2
      vertex 10.85 6.47224 1.2
    endloop
  endfacet
  facet normal 0 0 1
    outer loop
      vertex 31 22 1.2
      vertex 10.44 6.64207 1.2
      vertex 10.6506 6.5706 1.2
    endloop
  endfacet
  facet normal 0 0 1
    outer loop
      vertex 31 22 1.2
      vertex 10.2219 6.68546 1.2
      vertex 10.44 6.64207 1.2
    endloop
  endfacet
  facet normal 0 0 1
    outer loop
      vertex 31 22 1.2
      vertex 10 6.7 1.2
      vertex 10.2219 6.68546 1.2
    endloop
  endfacet
  facet normal -0 0 1
    outer loop
      vertex -22.3282 15.6718 1.2
      vertex 10 6.7 1.2
      vertex 31 22 1.2
    endloop
  endfacet
  facet normal 0 0 1
    outer loop
      vertex 10 6.7 1.2
      vertex -22.2463 15.5783 1.2
      vertex -10 6.7 1.2
    endloop
  endfacet
  facet normal -0 -0 1
    outer loop
      vertex -22.1773 15.475 1.2
      vertex -10 6.7 1.2
      vertex -22.2463 15.5783 1.2
    endloop
  endfacet
  facet normal -0 -0 1
    outer loop
      vertex -22.1223 15.3635 1.2
      vertex -10 6.7 1.2
      vertex -22.1773 15.475 1.2
    endloop
  endfacet
  facet normal 0 0 1
    outer loop
      vertex -11.3487 6.0349 1.2
      vertex -22.2463 14.4217 1.2
      vertex -11.4722 5.85001 1.2
    endloop
  endfacet
  facet normal -0 0 1
    outer loop
      vertex -22.2463 14.4217 1.2
      vertex -11.3487 6.0349 1.2
      vertex -22.1773 14.525 1.2
    endloop
  endfacet
  facet normal 0 0 1
    outer loop
      vertex -11.2021 6.20209 1.2
      vertex -22.1773 14.525 1.2
      vertex -11.3487 6.0349 1.2
    endloop
  endfacet
  facet normal -0 0 1
    outer loop
      vertex -22.1773 14.525 1.2
      vertex -11.2021 6.20209 1.2
      vertex -22.1223 14.6364 1.2
    endloop
  endfacet
  facet normal 0 0 1
    outer loop
      vertex -11.0349 6.34869 1.2
      vertex -22.1223 14.6364 1.2
      vertex -11.2021 6.20209 1.2
    endloop
  endfacet
  facet normal -0 0 1
    outer loop
      vertex -22.1223 14.6364 1.2
      vertex -11.0349 6.34869 1.2
      vertex -22.0824 14.7541 1.2
    endloop
  endfacet
  facet normal 0 0 1
    outer loop
      vertex -10.85 6.47224 1.2
      vertex -22.0824 14.7541 1.2
      vertex -11.0349 6.34869 1.2
    endloop
  endfacet
  facet normal -0 0 1
    outer loop
      vertex -22.0824 14.7541 1.2
      vertex -10.85 6.47224 1.2
      vertex -22.0581 14.876 1.2
    endloop
  endfacet
  facet normal 0 0 1
    outer loop
      vertex -10.6506 6.5706 1.2
      vertex -22.0581 14.876 1.2
      vertex -10.85 6.47224 1.2
    endloop
  endfacet
  facet normal -0 0 1
    outer loop
      vertex -22.0581 14.876 1.2
      vertex -10.6506 6.5706 1.2
      vertex -22.05 15 1.2
    endloop
  endfacet
  facet normal -0 -0 1
    outer loop
      vertex -22.0824 15.2459 1.2
      vertex -10 6.7 1.2
      vertex -22.1223 15.3635 1.2
    endloop
  endfacet
  facet normal 0 0 1
    outer loop
      vertex -10.44 6.64207 1.2
      vertex -22.05 15 1.2
      vertex -10.6506 6.5706 1.2
    endloop
  endfacet
  facet normal -0 -0 1
    outer loop
      vertex -22.05 15 1.2
      vertex -10.44 6.64207 1.2
      vertex -22.0581 15.124 1.2
    endloop
  endfacet
  facet normal 0 0 1
    outer loop
      vertex -10.2219 6.68546 1.2
      vertex -22.0581 15.124 1.2
      vertex -10.44 6.64207 1.2
    endloop
  endfacet
  facet normal -0 -0 1
    outer loop
      vertex -22.0581 15.124 1.2
      vertex -10.2219 6.68546 1.2
      vertex -22.0824 15.2459 1.2
    endloop
  endfacet
  facet normal 0 0 1
    outer loop
      vertex -10 6.7 1.2
      vertex -22.0824 15.2459 1.2
      vertex -10.2219 6.68546 1.2
    endloop
  endfacet
  facet normal 0 0 1
    outer loop
      vertex 10 6.7 1.2
      vertex -22.3282 15.6718 1.2
      vertex -22.2463 15.5783 1.2
    endloop
  endfacet
  facet normal 0 0 1
    outer loop
      vertex 31 22 1.2
      vertex -22.4217 15.7537 1.2
      vertex -22.3282 15.6718 1.2
    endloop
  endfacet
  facet normal 0 0 1
    outer loop
      vertex 31 22 1.2
      vertex -22.525 15.8227 1.2
      vertex -22.4217 15.7537 1.2
    endloop
  endfacet
  facet normal -0 0 1
    outer loop
      vertex -31 22 1.2
      vertex -22.525 15.8227 1.2
      vertex 31 22 1.2
    endloop
  endfacet
  facet normal 0 0 1
    outer loop
      vertex -22.525 15.8227 1.2
      vertex -31 22 1.2
      vertex -22.6364 15.8777 1.2
    endloop
  endfacet
  facet normal 0 0 1
    outer loop
      vertex -22.6364 15.8777 1.2
      vertex -31 22 1.2
      vertex -22.7541 15.9176 1.2
    endloop
  endfacet
  facet normal 0 0 1
    outer loop
      vertex -22.7541 15.9176 1.2
      vertex -31 22 1.2
      vertex -22.876 15.9419 1.2
    endloop
  endfacet
  facet normal 0 0 1
    outer loop
      vertex -22.876 15.9419 1.2
      vertex -31 22 1.2
      vertex -23 15.95 1.2
    endloop
  endfacet
  facet normal 0 0 1
    outer loop
      vertex -34 19 1.2
      vertex -23.95 15 1.2
      vertex -23.9419 15.124 1.2
    endloop
  endfacet
  facet normal 0 0 1
    outer loop
      vertex -34 19 1.2
      vertex -23.9419 15.124 1.2
      vertex -23.9176 15.2459 1.2
    endloop
  endfacet
  facet normal 0 0 1
    outer loop
      vertex -23.95 15 1.2
      vertex -27.8598 0.150105 1.2
      vertex -27.85 0 1.2
    endloop
  endfacet
  facet normal 0 0 1
    outer loop
      vertex -23.95 15 1.2
      vertex -27.8892 0.297642 1.2
      vertex -27.8598 0.150105 1.2
    endloop
  endfacet
  facet normal 0 0 1
    outer loop
      vertex -23.95 15 1.2
      vertex -27.9375 0.440085 1.2
      vertex -27.8892 0.297642 1.2
    endloop
  endfacet
  facet normal 0 0 1
    outer loop
      vertex -23.95 15 1.2
      vertex -28.0041 0.575 1.2
      vertex -27.9375 0.440085 1.2
    endloop
  endfacet
  facet normal 0 0 1
    outer loop
      vertex -23.95 15 1.2
      vertex -28.0876 0.700075 1.2
      vertex -28.0041 0.575 1.2
    endloop
  endfacet
  facet normal 0 0 1
    outer loop
      vertex -23.95 15 1.2
      vertex -28.1868 0.813172 1.2
      vertex -28.0876 0.700075 1.2
    endloop
  endfacet
  facet normal 0 0 1
    outer loop
      vertex -23.95 15 1.2
      vertex -28.2999 0.912355 1.2
      vertex -28.1868 0.813172 1.2
    endloop
  endfacet
  facet normal 0 0 1
    outer loop
      vertex -23.95 15 1.2
      vertex -28.425 0.995929 1.2
      vertex -28.2999 0.912355 1.2
    endloop
  endfacet
  facet normal 0 0 1
    outer loop
      vertex -23.95 15 1.2
      vertex -28.5599 1.06246 1.2
      vertex -28.425 0.995929 1.2
    endloop
  endfacet
  facet normal 0 0 1
    outer loop
      vertex -23.95 15 1.2
      vertex -28.7024 1.11081 1.2
      vertex -28.5599 1.06246 1.2
    endloop
  endfacet
  facet normal 0 0 1
    outer loop
      vertex -23.95 15 1.2
      vertex -28.8499 1.14016 1.2
      vertex -28.7024 1.11081 1.2
    endloop
  endfacet
  facet normal 0 0 1
    outer loop
      vertex -34 19 1.2
      vertex -23.9176 15.2459 1.2
      vertex -23.8777 15.3635 1.2
    endloop
  endfacet
  facet normal 0 0 1
    outer loop
      vertex -23.95 15 1.2
      vertex -29 1.15 1.2
      vertex -28.8499 1.14016 1.2
    endloop
  endfacet
  facet normal 0 0 1
    outer loop
      vertex -23.95 15 1.2
      vertex -29.1501 1.14016 1.2
      vertex -29 1.15 1.2
    endloop
  endfacet
  facet normal 0 0 1
    outer loop
      vertex -23.95 15 1.2
      vertex -29.2976 1.11081 1.2
      vertex -29.1501 1.14016 1.2
    endloop
  endfacet
  facet normal 0 0 1
    outer loop
      vertex -23.95 15 1.2
      vertex -34 19 1.2
      vertex -29.2976 1.11081 1.2
    endloop
  endfacet
  facet normal 0 0 1
    outer loop
      vertex -29.2976 1.11081 1.2
      vertex -34 19 1.2
      vertex -29.4401 1.06246 1.2
    endloop
  endfacet
  facet normal 0 0 1
    outer loop
      vertex -29.4401 1.06246 1.2
      vertex -34 19 1.2
      vertex -29.575 0.995929 1.2
    endloop
  endfacet
  facet normal 0 0 1
    outer loop
      vertex -29.575 0.995929 1.2
      vertex -34 19 1.2
      vertex -29.7001 0.912355 1.2
    endloop
  endfacet
  facet normal 0 0 1
    outer loop
      vertex -29.7001 0.912355 1.2
      vertex -34 19 1.2
      vertex -29.8132 0.813172 1.2
    endloop
  endfacet
  facet normal 0 0 1
    outer loop
      vertex -29.8132 0.813172 1.2
      vertex -34 19 1.2
      vertex -29.9124 0.700075 1.2
    endloop
  endfacet
  facet normal 0 0 1
    outer loop
      vertex -29.9124 0.700075 1.2
      vertex -34 19 1.2
      vertex -29.9959 0.575 1.2
    endloop
  endfacet
  facet normal 0 0 1
    outer loop
      vertex -30.1108 0.297642 1.2
      vertex -34 19 1.2
      vertex -30.1402 0.150105 1.2
    endloop
  endfacet
  facet normal 0 0 1
    outer loop
      vertex -30.0625 0.440085 1.2
      vertex -34 19 1.2
      vertex -30.1108 0.297642 1.2
    endloop
  endfacet
  facet normal 0 0 1
    outer loop
      vertex -29.9959 0.575 1.2
      vertex -34 19 1.2
      vertex -30.0625 0.440085 1.2
    endloop
  endfacet
  facet normal -0 0 1
    outer loop
      vertex -34 19 1.2
      vertex -23.8777 15.3635 1.2
      vertex -31 22 1.2
    endloop
  endfacet
  facet normal 0 0 1
    outer loop
      vertex -23.8227 15.475 1.2
      vertex -31 22 1.2
      vertex -23.8777 15.3635 1.2
    endloop
  endfacet
  facet normal 0 0 1
    outer loop
      vertex -23.7537 15.5783 1.2
      vertex -31 22 1.2
      vertex -23.8227 15.475 1.2
    endloop
  endfacet
  facet normal 0 0 1
    outer loop
      vertex -23.6718 15.6718 1.2
      vertex -31 22 1.2
      vertex -23.7537 15.5783 1.2
    endloop
  endfacet
  facet normal 0 0 1
    outer loop
      vertex -23.5783 15.7537 1.2
      vertex -31 22 1.2
      vertex -23.6718 15.6718 1.2
    endloop
  endfacet
  facet normal 0 0 1
    outer loop
      vertex -23.475 15.8227 1.2
      vertex -31 22 1.2
      vertex -23.5783 15.7537 1.2
    endloop
  endfacet
  facet normal 0 0 1
    outer loop
      vertex -23.3635 15.8777 1.2
      vertex -31 22 1.2
      vertex -23.475 15.8227 1.2
    endloop
  endfacet
  facet normal 0 0 1
    outer loop
      vertex -23.2459 15.9176 1.2
      vertex -31 22 1.2
      vertex -23.3635 15.8777 1.2
    endloop
  endfacet
  facet normal 0 0 1
    outer loop
      vertex -23.124 15.9419 1.2
      vertex -31 22 1.2
      vertex -23.2459 15.9176 1.2
    endloop
  endfacet
  facet normal 0 0 1
    outer loop
      vertex -23 15.95 1.2
      vertex -31 22 1.2
      vertex -23.124 15.9419 1.2
    endloop
  endfacet
  facet normal 0 0 1
    outer loop
      vertex 28.8499 -1.14016 1.2
      vertex 34 -19 1.2
      vertex 29 -1.15 1.2
    endloop
  endfacet
  facet normal 0 0 1
    outer loop
      vertex 28.7024 -1.11081 1.2
      vertex 34 -19 1.2
      vertex 28.8499 -1.14016 1.2
    endloop
  endfacet
  facet normal 0 0 1
    outer loop
      vertex 28.5599 -1.06246 1.2
      vertex 34 -19 1.2
      vertex 28.7024 -1.11081 1.2
    endloop
  endfacet
  facet normal 0 0 1
    outer loop
      vertex 34 -19 1.2
      vertex 31 -22 1.2
      vertex 33.9743 -19.3916 1.2
    endloop
  endfacet
  facet normal 0 0 1
    outer loop
      vertex 33.9743 -19.3916 1.2
      vertex 31 -22 1.2
      vertex 33.8978 -19.7765 1.2
    endloop
  endfacet
  facet normal 0 0 1
    outer loop
      vertex 33.7716 -20.1481 1.2
      vertex 31 -22 1.2
      vertex 33.5981 -20.5 1.2
    endloop
  endfacet
  facet normal 0 0 1
    outer loop
      vertex 33.5981 -20.5 1.2
      vertex 31 -22 1.2
      vertex 33.3801 -20.8263 1.2
    endloop
  endfacet
  facet normal 0 0 1
    outer loop
      vertex 33.1213 -21.1213 1.2
      vertex 31 -22 1.2
      vertex 32.8263 -21.3801 1.2
    endloop
  endfacet
  facet normal 0 0 1
    outer loop
      vertex 32.8263 -21.3801 1.2
      vertex 31 -22 1.2
      vertex 32.5 -21.5981 1.2
    endloop
  endfacet
  facet normal 0 0 1
    outer loop
      vertex 32.1481 -21.7716 1.2
      vertex 31 -22 1.2
      vertex 31.7765 -21.8978 1.2
    endloop
  endfacet
  facet normal 0 0 1
    outer loop
      vertex 31.7765 -21.8978 1.2
      vertex 31 -22 1.2
      vertex 31.3916 -21.9743 1.2
    endloop
  endfacet
  facet normal 0 0 1
    outer loop
      vertex 32.5 -21.5981 1.2
      vertex 31 -22 1.2
      vertex 32.1481 -21.7716 1.2
    endloop
  endfacet
  facet normal 0 0 1
    outer loop
      vertex 33.3801 -20.8263 1.2
      vertex 31 -22 1.2
      vertex 33.1213 -21.1213 1.2
    endloop
  endfacet
  facet normal 0 0 1
    outer loop
      vertex 33.8978 -19.7765 1.2
      vertex 31 -22 1.2
      vertex 33.7716 -20.1481 1.2
    endloop
  endfacet
  facet normal 0 0 1
    outer loop
      vertex 34 -19 1.2
      vertex 28.5599 -1.06246 1.2
      vertex 31 -22 1.2
    endloop
  endfacet
  facet normal 0 0 1
    outer loop
      vertex 28.425 -0.995929 1.2
      vertex 31 -22 1.2
      vertex 28.5599 -1.06246 1.2
    endloop
  endfacet
  facet normal 0 0 1
    outer loop
      vertex 11.5706 -5.65056 1.2
      vertex 28.425 -0.995929 1.2
      vertex 28.2999 -0.912355 1.2
    endloop
  endfacet
  facet normal 0 0 1
    outer loop
      vertex 11.6421 -5.43999 1.2
      vertex 28.2999 -0.912355 1.2
      vertex 28.1868 -0.813172 1.2
    endloop
  endfacet
  facet normal 0 0 1
    outer loop
      vertex 11.6855 -5.22189 1.2
      vertex 28.1868 -0.813172 1.2
      vertex 28.0876 -0.700075 1.2
    endloop
  endfacet
  facet normal 0 0 1
    outer loop
      vertex 11.7 -5 1.2
      vertex 28.0876 -0.700075 1.2
      vertex 28.0041 -0.575 1.2
    endloop
  endfacet
  facet normal 0 0 1
    outer loop
      vertex 11.7 -5 1.2
      vertex 28.0041 -0.575 1.2
      vertex 27.9375 -0.440085 1.2
    endloop
  endfacet
  facet normal 0 0 1
    outer loop
      vertex 11.7 -5 1.2
      vertex 27.9375 -0.440085 1.2
      vertex 27.8892 -0.297642 1.2
    endloop
  endfacet
  facet normal 0 0 1
    outer loop
      vertex 11.7 -5 1.2
      vertex 27.8892 -0.297642 1.2
      vertex 27.8598 -0.150105 1.2
    endloop
  endfacet
  facet normal 0 0 1
    outer loop
      vertex 11.7 -5 1.2
      vertex 27.85 0 1.2
      vertex 11.7 5 1.2
    endloop
  endfacet
  facet normal 0 0 1
    outer loop
      vertex 27.85 0 1.2
      vertex 11.7 -5 1.2
      vertex 27.8598 -0.150105 1.2
    endloop
  endfacet
  facet normal 0 0 1
    outer loop
      vertex 28.0876 -0.700075 1.2
      vertex 11.7 -5 1.2
      vertex 11.6855 -5.22189 1.2
    endloop
  endfacet
  facet normal 0 0 1
    outer loop
      vertex 28.1868 -0.813172 1.2
      vertex 11.6855 -5.22189 1.2
      vertex 11.6421 -5.43999 1.2
    endloop
  endfacet
  facet normal 0 0 1
    outer loop
      vertex 28.2999 -0.912355 1.2
      vertex 11.6421 -5.43999 1.2
      vertex 11.5706 -5.65056 1.2
    endloop
  endfacet
  facet normal 0 0 1
    outer loop
      vertex 28.425 -0.995929 1.2
      vertex 11.5706 -5.65056 1.2
      vertex 11.4722 -5.85001 1.2
    endloop
  endfacet
  facet normal 0 0 1
    outer loop
      vertex 28.425 -0.995929 1.2
      vertex 11.4722 -5.85001 1.2
      vertex 31 -22 1.2
    endloop
  endfacet
  facet normal -0 0 1
    outer loop
      vertex 11.3487 -6.0349 1.2
      vertex 31 -22 1.2
      vertex 11.4722 -5.85001 1.2
    endloop
  endfacet
  facet normal -0 0 1
    outer loop
      vertex 11.2021 -6.20209 1.2
      vertex 31 -22 1.2
      vertex 11.3487 -6.0349 1.2
    endloop
  endfacet
  facet normal -0 0 1
    outer loop
      vertex 11.0349 -6.34869 1.2
      vertex 31 -22 1.2
      vertex 11.2021 -6.20209 1.2
    endloop
  endfacet
  facet normal -0 0 1
    outer loop
      vertex 10.85 -6.47224 1.2
      vertex 31 -22 1.2
      vertex 11.0349 -6.34869 1.2
    endloop
  endfacet
  facet normal -0 0 1
    outer loop
      vertex 10.6506 -6.5706 1.2
      vertex 31 -22 1.2
      vertex 10.85 -6.47224 1.2
    endloop
  endfacet
  facet normal -0 0 1
    outer loop
      vertex 10.44 -6.64207 1.2
      vertex 31 -22 1.2
      vertex 10.6506 -6.5706 1.2
    endloop
  endfacet
  facet normal -0 0 1
    outer loop
      vertex 10.2219 -6.68546 1.2
      vertex 31 -22 1.2
      vertex 10.44 -6.64207 1.2
    endloop
  endfacet
  facet normal -0 0 1
    outer loop
      vertex 10 -6.7 1.2
      vertex 31 -22 1.2
      vertex 10.2219 -6.68546 1.2
    endloop
  endfacet
  facet normal -0 0 1
    outer loop
      vertex -10 -6.7 1.2
      vertex 31 -22 1.2
      vertex 10 -6.7 1.2
    endloop
  endfacet
  facet normal 0 0 1
    outer loop
      vertex -31 -22 1.2
      vertex -10 -6.7 1.2
      vertex -10.2219 -6.68546 1.2
    endloop
  endfacet
  facet normal 0 0 1
    outer loop
      vertex -31 -22 1.2
      vertex -10.2219 -6.68546 1.2
      vertex -10.44 -6.64207 1.2
    endloop
  endfacet
  facet normal 0 0 1
    outer loop
      vertex -31 -22 1.2
      vertex -10.44 -6.64207 1.2
      vertex -10.6506 -6.5706 1.2
    endloop
  endfacet
  facet normal -0 0 1
    outer loop
      vertex -22.3282 14.3282 1.2
      vertex -11.4722 5.85001 1.2
      vertex -22.2463 14.4217 1.2
    endloop
  endfacet
  facet normal -0 0 1
    outer loop
      vertex -22.4217 14.2463 1.2
      vertex -11.4722 5.85001 1.2
      vertex -22.3282 14.3282 1.2
    endloop
  endfacet
  facet normal 0 0 1
    outer loop
      vertex -11.4722 5.85001 1.2
      vertex -22.4217 14.2463 1.2
      vertex -11.5706 5.65056 1.2
    endloop
  endfacet
  facet normal -0 0 1
    outer loop
      vertex -22.525 14.1773 1.2
      vertex -11.5706 5.65056 1.2
      vertex -22.4217 14.2463 1.2
    endloop
  endfacet
  facet normal 0 0 1
    outer loop
      vertex -11.5706 5.65056 1.2
      vertex -22.525 14.1773 1.2
      vertex -11.6421 5.43999 1.2
    endloop
  endfacet
  facet normal -0 0 1
    outer loop
      vertex -22.6364 14.1223 1.2
      vertex -11.6421 5.43999 1.2
      vertex -22.525 14.1773 1.2
    endloop
  endfacet
  facet normal 0 0 1
    outer loop
      vertex -11.6421 5.43999 1.2
      vertex -22.6364 14.1223 1.2
      vertex -11.6855 5.22189 1.2
    endloop
  endfacet
  facet normal -0 0 1
    outer loop
      vertex -22.7541 14.0824 1.2
      vertex -11.6855 5.22189 1.2
      vertex -22.6364 14.1223 1.2
    endloop
  endfacet
  facet normal 0 0 1
    outer loop
      vertex -11.7 5 1.2
      vertex -27.85 0 1.2
      vertex -11.7 -5 1.2
    endloop
  endfacet
  facet normal -0 0 1
    outer loop
      vertex -27.8598 -0.150105 1.2
      vertex -11.7 -5 1.2
      vertex -27.85 0 1.2
    endloop
  endfacet
  facet normal -0 0 1
    outer loop
      vertex -27.8892 -0.297642 1.2
      vertex -11.7 -5 1.2
      vertex -27.8598 -0.150105 1.2
    endloop
  endfacet
  facet normal -0 0 1
    outer loop
      vertex -27.9375 -0.440085 1.2
      vertex -11.7 -5 1.2
      vertex -27.8892 -0.297642 1.2
    endloop
  endfacet
  facet normal 0 0 1
    outer loop
      vertex -11.6855 5.22189 1.2
      vertex -22.7541 14.0824 1.2
      vertex -11.7 5 1.2
    endloop
  endfacet
  facet normal 0 0 1
    outer loop
      vertex -11.7 5 1.2
      vertex -22.7541 14.0824 1.2
      vertex -27.85 0 1.2
    endloop
  endfacet
  facet normal 0 0 1
    outer loop
      vertex -27.85 0 1.2
      vertex -22.7541 14.0824 1.2
      vertex -22.876 14.0581 1.2
    endloop
  endfacet
  facet normal 0 0 1
    outer loop
      vertex -27.85 0 1.2
      vertex -22.876 14.0581 1.2
      vertex -23 14.05 1.2
    endloop
  endfacet
  facet normal 0 0 1
    outer loop
      vertex -27.85 0 1.2
      vertex -23 14.05 1.2
      vertex -23.124 14.0581 1.2
    endloop
  endfacet
  facet normal 0 0 1
    outer loop
      vertex -27.85 0 1.2
      vertex -23.124 14.0581 1.2
      vertex -23.2459 14.0824 1.2
    endloop
  endfacet
  facet normal 0 0 1
    outer loop
      vertex -27.85 0 1.2
      vertex -23.2459 14.0824 1.2
      vertex -23.3635 14.1223 1.2
    endloop
  endfacet
  facet normal 0 0 1
    outer loop
      vertex -27.85 0 1.2
      vertex -23.3635 14.1223 1.2
      vertex -23.475 14.1773 1.2
    endloop
  endfacet
  facet normal 0 0 1
    outer loop
      vertex -27.85 0 1.2
      vertex -23.475 14.1773 1.2
      vertex -23.5783 14.2463 1.2
    endloop
  endfacet
  facet normal 0 0 1
    outer loop
      vertex -27.85 0 1.2
      vertex -23.5783 14.2463 1.2
      vertex -23.6718 14.3282 1.2
    endloop
  endfacet
  facet normal 0 0 1
    outer loop
      vertex -27.85 0 1.2
      vertex -23.6718 14.3282 1.2
      vertex -23.7537 14.4217 1.2
    endloop
  endfacet
  facet normal 0 0 1
    outer loop
      vertex -27.85 0 1.2
      vertex -23.7537 14.4217 1.2
      vertex -23.8227 14.525 1.2
    endloop
  endfacet
  facet normal 0 0 1
    outer loop
      vertex -27.85 0 1.2
      vertex -23.9419 14.876 1.2
      vertex -23.95 15 1.2
    endloop
  endfacet
  facet normal 0 0 1
    outer loop
      vertex -27.85 0 1.2
      vertex -23.9176 14.7541 1.2
      vertex -23.9419 14.876 1.2
    endloop
  endfacet
  facet normal 0 0 1
    outer loop
      vertex -27.85 0 1.2
      vertex -23.8777 14.6364 1.2
      vertex -23.9176 14.7541 1.2
    endloop
  endfacet
  facet normal 0 0 1
    outer loop
      vertex -27.85 0 1.2
      vertex -23.8227 14.525 1.2
      vertex -23.8777 14.6364 1.2
    endloop
  endfacet
  facet normal -0 0 1
    outer loop
      vertex -28.0041 -0.575 1.2
      vertex -11.7 -5 1.2
      vertex -27.9375 -0.440085 1.2
    endloop
  endfacet
  facet normal -0 0 1
    outer loop
      vertex -28.0876 -0.700075 1.2
      vertex -11.7 -5 1.2
      vertex -28.0041 -0.575 1.2
    endloop
  endfacet
  facet normal 0 0 1
    outer loop
      vertex -11.7 -5 1.2
      vertex -28.0876 -0.700075 1.2
      vertex -11.6855 -5.22189 1.2
    endloop
  endfacet
  facet normal -0 0 1
    outer loop
      vertex -28.1868 -0.813172 1.2
      vertex -11.6855 -5.22189 1.2
      vertex -28.0876 -0.700075 1.2
    endloop
  endfacet
  facet normal 0 0 1
    outer loop
      vertex -11.6855 -5.22189 1.2
      vertex -28.1868 -0.813172 1.2
      vertex -11.6421 -5.43999 1.2
    endloop
  endfacet
  facet normal -0 0 1
    outer loop
      vertex -28.2999 -0.912355 1.2
      vertex -11.6421 -5.43999 1.2
      vertex -28.1868 -0.813172 1.2
    endloop
  endfacet
  facet normal 0 0 1
    outer loop
      vertex -11.6421 -5.43999 1.2
      vertex -28.2999 -0.912355 1.2
      vertex -11.5706 -5.65056 1.2
    endloop
  endfacet
  facet normal -0 0 1
    outer loop
      vertex -28.425 -0.995929 1.2
      vertex -11.5706 -5.65056 1.2
      vertex -28.2999 -0.912355 1.2
    endloop
  endfacet
  facet normal 0 0 1
    outer loop
      vertex -11.5706 -5.65056 1.2
      vertex -28.425 -0.995929 1.2
      vertex -11.4722 -5.85001 1.2
    endloop
  endfacet
  facet normal 0 0 1
    outer loop
      vertex -31 -22 1.2
      vertex -11.4722 -5.85001 1.2
      vertex -28.425 -0.995929 1.2
    endloop
  endfacet
  facet normal 0 0 1
    outer loop
      vertex -11.4722 -5.85001 1.2
      vertex -31 -22 1.2
      vertex -11.3487 -6.0349 1.2
    endloop
  endfacet
  facet normal 0 0 1
    outer loop
      vertex -11.3487 -6.0349 1.2
      vertex -31 -22 1.2
      vertex -11.2021 -6.20209 1.2
    endloop
  endfacet
  facet normal 0 0 1
    outer loop
      vertex -11.2021 -6.20209 1.2
      vertex -31 -22 1.2
      vertex -11.0349 -6.34869 1.2
    endloop
  endfacet
  facet normal 0 0 1
    outer loop
      vertex -11.0349 -6.34869 1.2
      vertex -31 -22 1.2
      vertex -10.85 -6.47224 1.2
    endloop
  endfacet
  facet normal 0 0 1
    outer loop
      vertex -10.85 -6.47224 1.2
      vertex -31 -22 1.2
      vertex -10.6506 -6.5706 1.2
    endloop
  endfacet
  facet normal 0 0 1
    outer loop
      vertex -31 -22 1.2
      vertex -28.425 -0.995929 1.2
      vertex -28.5599 -1.06246 1.2
    endloop
  endfacet
  facet normal 0 0 1
    outer loop
      vertex -34 -19 1.2
      vertex -28.5599 -1.06246 1.2
      vertex -28.7024 -1.11081 1.2
    endloop
  endfacet
  facet normal 0 0 1
    outer loop
      vertex -34 -19 1.2
      vertex -28.7024 -1.11081 1.2
      vertex -28.8499 -1.14016 1.2
    endloop
  endfacet
  facet normal 0 0 1
    outer loop
      vertex -34 -19 1.2
      vertex -28.8499 -1.14016 1.2
      vertex -29 -1.15 1.2
    endloop
  endfacet
  facet normal 0 0 1
    outer loop
      vertex -34 -19 1.2
      vertex -29 -1.15 1.2
      vertex -29.1501 -1.14016 1.2
    endloop
  endfacet
  facet normal 0 0 1
    outer loop
      vertex -34 -19 1.2
      vertex -29.1501 -1.14016 1.2
      vertex -29.2976 -1.11081 1.2
    endloop
  endfacet
  facet normal 0 0 1
    outer loop
      vertex -34 -19 1.2
      vertex -29.2976 -1.11081 1.2
      vertex -29.4401 -1.06246 1.2
    endloop
  endfacet
  facet normal 0 0 1
    outer loop
      vertex -10 -6.7 1.2
      vertex -31 -22 1.2
      vertex 31 -22 1.2
    endloop
  endfacet
  facet normal 0 0 1
    outer loop
      vertex -34 -19 1.2
      vertex -29.4401 -1.06246 1.2
      vertex -29.575 -0.995929 1.2
    endloop
  endfacet
  facet normal 0 0 1
    outer loop
      vertex -34 -19 1.2
      vertex -29.575 -0.995929 1.2
      vertex -29.7001 -0.912355 1.2
    endloop
  endfacet
  facet normal 0 0 1
    outer loop
      vertex -34 -19 1.2
      vertex -29.7001 -0.912355 1.2
      vertex -29.8132 -0.813172 1.2
    endloop
  endfacet
  facet normal 0 0 1
    outer loop
      vertex -34 -19 1.2
      vertex -29.8132 -0.813172 1.2
      vertex -29.9124 -0.700075 1.2
    endloop
  endfacet
  facet normal 0 0 1
    outer loop
      vertex -34 -19 1.2
      vertex -29.9124 -0.700075 1.2
      vertex -29.9959 -0.575 1.2
    endloop
  endfacet
  facet normal 0 0 1
    outer loop
      vertex -34 -19 1.2
      vertex -29.9959 -0.575 1.2
      vertex -30.0625 -0.440085 1.2
    endloop
  endfacet
  facet normal 0 0 1
    outer loop
      vertex -34 -19 1.2
      vertex -30.0625 -0.440085 1.2
      vertex -30.1108 -0.297642 1.2
    endloop
  endfacet
  facet normal 0 0 1
    outer loop
      vertex -34 -19 1.2
      vertex -30.1108 -0.297642 1.2
      vertex -30.1402 -0.150105 1.2
    endloop
  endfacet
  facet normal 0 0 1
    outer loop
      vertex -34 -19 1.2
      vertex -30.1402 -0.150105 1.2
      vertex -30.15 0 1.2
    endloop
  endfacet
  facet normal 0 0 1
    outer loop
      vertex -30.1402 0.150105 1.2
      vertex -34 19 1.2
      vertex -30.15 0 1.2
    endloop
  endfacet
  facet normal 0 0 1
    outer loop
      vertex -34 19 1.2
      vertex -31 22 1.2
      vertex -31.3916 21.9743 1.2
    endloop
  endfacet
  facet normal 0 0 1
    outer loop
      vertex -34 -19 1.2
      vertex -30.15 0 1.2
      vertex -34 19 1.2
    endloop
  endfacet
  facet normal 0 0 1
    outer loop
      vertex -34 19 1.2
      vertex -31.3916 21.9743 1.2
      vertex -31.7765 21.8978 1.2
    endloop
  endfacet
  facet normal 0 0 1
    outer loop
      vertex -28.5599 -1.06246 1.2
      vertex -34 -19 1.2
      vertex -31 -22 1.2
    endloop
  endfacet
  facet normal 0 0 1
    outer loop
      vertex -34 19 1.2
      vertex -31.7765 21.8978 1.2
      vertex -32.1481 21.7716 1.2
    endloop
  endfacet
  facet normal 0 0 1
    outer loop
      vertex -31 -22 1.2
      vertex -34 -19 1.2
      vertex -31.3916 -21.9743 1.2
    endloop
  endfacet
  facet normal 0 0 1
    outer loop
      vertex -34 19 1.2
      vertex -32.1481 21.7716 1.2
      vertex -32.5 21.5981 1.2
    endloop
  endfacet
  facet normal 0 0 1
    outer loop
      vertex -31.3916 -21.9743 1.2
      vertex -34 -19 1.2
      vertex -31.7765 -21.8978 1.2
    endloop
  endfacet
  facet normal 0 0 1
    outer loop
      vertex -34 19 1.2
      vertex -32.5 21.5981 1.2
      vertex -32.8263 21.3801 1.2
    endloop
  endfacet
  facet normal 0 0 1
    outer loop
      vertex -31.7765 -21.8978 1.2
      vertex -34 -19 1.2
      vertex -32.1481 -21.7716 1.2
    endloop
  endfacet
  facet normal 0 0 1
    outer loop
      vertex -34 19 1.2
      vertex -32.8263 21.3801 1.2
      vertex -33.1213 21.1213 1.2
    endloop
  endfacet
  facet normal 0 0 1
    outer loop
      vertex -32.1481 -21.7716 1.2
      vertex -34 -19 1.2
      vertex -32.5 -21.5981 1.2
    endloop
  endfacet
  facet normal 0 0 1
    outer loop
      vertex -34 19 1.2
      vertex -33.1213 21.1213 1.2
      vertex -33.3801 20.8263 1.2
    endloop
  endfacet
  facet normal 0 0 1
    outer loop
      vertex -32.5 -21.5981 1.2
      vertex -34 -19 1.2
      vertex -32.8263 -21.3801 1.2
    endloop
  endfacet
  facet normal 0 0 1
    outer loop
      vertex -34 19 1.2
      vertex -33.3801 20.8263 1.2
      vertex -33.5981 20.5 1.2
    endloop
  endfacet
  facet normal 0 0 1
    outer loop
      vertex -32.8263 -21.3801 1.2
      vertex -34 -19 1.2
      vertex -33.1213 -21.1213 1.2
    endloop
  endfacet
  facet normal 0 0 1
    outer loop
      vertex -34 19 1.2
      vertex -33.5981 20.5 1.2
      vertex -33.7716 20.1481 1.2
    endloop
  endfacet
  facet normal 0 0 1
    outer loop
      vertex -33.1213 -21.1213 1.2
      vertex -34 -19 1.2
      vertex -33.3801 -20.8263 1.2
    endloop
  endfacet
  facet normal 0 0 1
    outer loop
      vertex -34 19 1.2
      vertex -33.7716 20.1481 1.2
      vertex -33.8978 19.7765 1.2
    endloop
  endfacet
  facet normal 0 0 1
    outer loop
      vertex -33.3801 -20.8263 1.2
      vertex -34 -19 1.2
      vertex -33.5981 -20.5 1.2
    endloop
  endfacet
  facet normal 0 0 1
    outer loop
      vertex -34 19 1.2
      vertex -33.8978 19.7765 1.2
      vertex -33.9743 19.3916 1.2
    endloop
  endfacet
  facet normal 0 0 1
    outer loop
      vertex -33.5981 -20.5 1.2
      vertex -34 -19 1.2
      vertex -33.7716 -20.1481 1.2
    endloop
  endfacet
  facet normal 0 0 1
    outer loop
      vertex -33.7716 -20.1481 1.2
      vertex -34 -19 1.2
      vertex -33.8978 -19.7765 1.2
    endloop
  endfacet
  facet normal 0 0 1
    outer loop
      vertex -33.8978 -19.7765 1.2
      vertex -34 -19 1.2
      vertex -33.9743 -19.3916 1.2
    endloop
  endfacet
  facet normal 0.442211 -0.896911 0
    outer loop
      vertex 32.1481 -21.7716 0
      vertex 32.5 -21.5981 1.2
      vertex 32.1481 -21.7716 1.2
    endloop
  endfacet
  facet normal 0.442211 -0.896911 0
    outer loop
      vertex 32.5 -21.5981 1.2
      vertex 32.1481 -21.7716 0
      vertex 32.5 -21.5981 0
    endloop
  endfacet
  facet normal 0.555523 -0.831501 0
    outer loop
      vertex 32.5 -21.5981 0
      vertex 32.8263 -21.3801 1.2
      vertex 32.5 -21.5981 1.2
    endloop
  endfacet
  facet normal 0.555523 -0.831501 0
    outer loop
      vertex 32.8263 -21.3801 1.2
      vertex 32.5 -21.5981 0
      vertex 32.8263 -21.3801 0
    endloop
  endfacet
  facet normal 0.89667 -0.4427 1.79039e-18
    outer loop
      vertex -22.1773 14.525 2.2
      vertex -22.1223 14.6364 1.2
      vertex -22.1223 14.6364 2.2
    endloop
  endfacet
  facet normal 0.89667 -0.4427 1.79039e-18
    outer loop
      vertex -22.1223 14.6364 1.2
      vertex -22.1773 14.525 2.2
      vertex -22.1773 14.525 1.2
    endloop
  endfacet
  facet normal 0.980704 0.195497 1.32651e-18
    outer loop
      vertex -22.0581 15.124 2.2
      vertex -22.0824 15.2459 1.2
      vertex -22.0824 15.2459 2.2
    endloop
  endfacet
  facet normal 0.980704 0.195497 1.32651e-18
    outer loop
      vertex -22.0824 15.2459 1.2
      vertex -22.0581 15.124 2.2
      vertex -22.0581 15.124 1.2
    endloop
  endfacet
  facet normal 0.997873 0.0651837 2.05491e-21
    outer loop
      vertex -22.05 15 2.2
      vertex -22.0581 15.124 1.2
      vertex -22.0581 15.124 2.2
    endloop
  endfacet
  facet normal 0.997873 0.0651837 2.05491e-21
    outer loop
      vertex -22.0581 15.124 1.2
      vertex -22.05 15 2.2
      vertex -22.05 15 1.2
    endloop
  endfacet
  facet normal 0.946979 0.321296 1.02997e-18
    outer loop
      vertex -22.0824 15.2459 2.2
      vertex -22.1223 15.3635 1.2
      vertex -22.1223 15.3635 2.2
    endloop
  endfacet
  facet normal 0.946979 0.321296 1.02997e-18
    outer loop
      vertex -22.1223 15.3635 1.2
      vertex -22.0824 15.2459 2.2
      vertex -22.0824 15.2459 1.2
    endloop
  endfacet
  facet normal 0.980704 -0.195497 -1.32651e-18
    outer loop
      vertex -22.0824 14.7541 2.2
      vertex -22.0581 14.876 1.2
      vertex -22.0581 14.876 2.2
    endloop
  endfacet
  facet normal 0.980704 -0.195497 -1.32651e-18
    outer loop
      vertex -22.0581 14.876 1.2
      vertex -22.0824 14.7541 2.2
      vertex -22.0824 14.7541 1.2
    endloop
  endfacet
  facet normal 0.896827 0.442381 -7.23318e-19
    outer loop
      vertex -22.1223 15.3635 2.2
      vertex -22.1773 15.475 1.2
      vertex -22.1773 15.475 2.2
    endloop
  endfacet
  facet normal 0.896827 0.442381 -7.23318e-19
    outer loop
      vertex -22.1773 15.475 1.2
      vertex -22.1223 15.3635 2.2
      vertex -22.1223 15.3635 1.2
    endloop
  endfacet
  facet normal -0.946979 0.321296 -1.02997e-18
    outer loop
      vertex -23.9176 15.2459 1.2
      vertex -23.8777 15.3635 2.2
      vertex -23.8777 15.3635 1.2
    endloop
  endfacet
  facet normal -0.946979 0.321296 -1.02997e-18
    outer loop
      vertex -23.8777 15.3635 2.2
      vertex -23.9176 15.2459 1.2
      vertex -23.9176 15.2459 2.2
    endloop
  endfacet
  facet normal 0.831555 -0.555443 5.44364e-19
    outer loop
      vertex -22.2463 14.4217 2.2
      vertex -22.1773 14.525 1.2
      vertex -22.1773 14.525 2.2
    endloop
  endfacet
  facet normal 0.831555 -0.555443 5.44364e-19
    outer loop
      vertex -22.1773 14.525 1.2
      vertex -22.2463 14.4217 2.2
      vertex -22.2463 14.4217 1.2
    endloop
  endfacet
  facet normal 0.321052 0.947062 -0
    outer loop
      vertex -22.6364 15.8777 1.2
      vertex -22.7541 15.9176 2.2
      vertex -22.6364 15.8777 2.2
    endloop
  endfacet
  facet normal 0.321052 0.947062 0
    outer loop
      vertex -22.7541 15.9176 2.2
      vertex -22.6364 15.8777 1.2
      vertex -22.7541 15.9176 1.2
    endloop
  endfacet
  facet normal -0.555443 0.831555 0
    outer loop
      vertex -23.475 15.8227 1.2
      vertex -23.5783 15.7537 2.2
      vertex -23.475 15.8227 2.2
    endloop
  endfacet
  facet normal -0.555443 0.831555 0
    outer loop
      vertex -23.5783 15.7537 2.2
      vertex -23.475 15.8227 1.2
      vertex -23.5783 15.7537 1.2
    endloop
  endfacet
  facet normal -0.896827 0.442381 7.23318e-19
    outer loop
      vertex -23.8777 15.3635 1.2
      vertex -23.8227 15.475 2.2
      vertex -23.8227 15.475 1.2
    endloop
  endfacet
  facet normal -0.896827 0.442381 7.23318e-19
    outer loop
      vertex -23.8227 15.475 2.2
      vertex -23.8777 15.3635 1.2
      vertex -23.8777 15.3635 2.2
    endloop
  endfacet
  facet normal 0.4427 0.89667 -0
    outer loop
      vertex -22.525 15.8227 1.2
      vertex -22.6364 15.8777 2.2
      vertex -22.525 15.8227 2.2
    endloop
  endfacet
  facet normal 0.4427 0.89667 0
    outer loop
      vertex -22.6364 15.8777 2.2
      vertex -22.525 15.8227 1.2
      vertex -22.6364 15.8777 1.2
    endloop
  endfacet
  facet normal 0.658903 0.752228 -0
    outer loop
      vertex -22.3282 15.6718 1.2
      vertex -22.4217 15.7537 2.2
      vertex -22.3282 15.6718 2.2
    endloop
  endfacet
  facet normal 0.658903 0.752228 0
    outer loop
      vertex -22.4217 15.7537 2.2
      vertex -22.3282 15.6718 1.2
      vertex -22.4217 15.7537 1.2
    endloop
  endfacet
  facet normal -0.89667 -0.4427 -1.79039e-18
    outer loop
      vertex -23.8227 14.525 1.2
      vertex -23.8777 14.6364 2.2
      vertex -23.8777 14.6364 1.2
    endloop
  endfacet
  facet normal -0.89667 -0.4427 -1.79039e-18
    outer loop
      vertex -23.8777 14.6364 2.2
      vertex -23.8227 14.525 1.2
      vertex -23.8227 14.525 2.2
    endloop
  endfacet
  facet normal -0.997873 0.0651837 -2.05491e-21
    outer loop
      vertex -23.95 15 1.2
      vertex -23.9419 15.124 2.2
      vertex -23.9419 15.124 1.2
    endloop
  endfacet
  facet normal -0.997873 0.0651837 -2.05491e-21
    outer loop
      vertex -23.9419 15.124 2.2
      vertex -23.95 15 1.2
      vertex -23.95 15 2.2
    endloop
  endfacet
  facet normal -0.658903 -0.752228 0
    outer loop
      vertex -23.6718 14.3282 1.2
      vertex -23.5783 14.2463 2.2
      vertex -23.6718 14.3282 2.2
    endloop
  endfacet
  facet normal -0.658903 -0.752228 -0
    outer loop
      vertex -23.5783 14.2463 2.2
      vertex -23.6718 14.3282 1.2
      vertex -23.5783 14.2463 1.2
    endloop
  endfacet
  facet normal -0.752228 0.658903 -1.13999e-18
    outer loop
      vertex -23.7537 15.5783 1.2
      vertex -23.6718 15.6718 2.2
      vertex -23.6718 15.6718 1.2
    endloop
  endfacet
  facet normal -0.752228 0.658903 -1.13999e-18
    outer loop
      vertex -23.6718 15.6718 2.2
      vertex -23.7537 15.5783 1.2
      vertex -23.7537 15.5783 2.2
    endloop
  endfacet
  facet normal -0.442381 0.896827 0
    outer loop
      vertex -23.3635 15.8777 1.2
      vertex -23.475 15.8227 2.2
      vertex -23.3635 15.8777 2.2
    endloop
  endfacet
  facet normal -0.442381 0.896827 0
    outer loop
      vertex -23.475 15.8227 2.2
      vertex -23.3635 15.8777 1.2
      vertex -23.475 15.8227 1.2
    endloop
  endfacet
  facet normal 0.195497 0.980704 -0
    outer loop
      vertex -22.7541 15.9176 1.2
      vertex -22.876 15.9419 2.2
      vertex -22.7541 15.9176 2.2
    endloop
  endfacet
  facet normal 0.195497 0.980704 0
    outer loop
      vertex -22.876 15.9419 2.2
      vertex -22.7541 15.9176 1.2
      vertex -22.876 15.9419 1.2
    endloop
  endfacet
  facet normal 0.4427 -0.89667 0
    outer loop
      vertex -22.6364 14.1223 1.2
      vertex -22.525 14.1773 2.2
      vertex -22.6364 14.1223 2.2
    endloop
  endfacet
  facet normal 0.4427 -0.89667 0
    outer loop
      vertex -22.525 14.1773 2.2
      vertex -22.6364 14.1223 1.2
      vertex -22.525 14.1773 1.2
    endloop
  endfacet
  facet normal 0.997873 -0.0651837 -2.05491e-21
    outer loop
      vertex -22.0581 14.876 2.2
      vertex -22.05 15 1.2
      vertex -22.05 15 2.2
    endloop
  endfacet
  facet normal 0.997873 -0.0651837 -2.05491e-21
    outer loop
      vertex -22.05 15 1.2
      vertex -22.0581 14.876 2.2
      vertex -22.0581 14.876 1.2
    endloop
  endfacet
  facet normal 0.321052 -0.947062 0
    outer loop
      vertex -22.7541 14.0824 1.2
      vertex -22.6364 14.1223 2.2
      vertex -22.7541 14.0824 2.2
    endloop
  endfacet
  facet normal 0.321052 -0.947062 0
    outer loop
      vertex -22.6364 14.1223 2.2
      vertex -22.7541 14.0824 1.2
      vertex -22.6364 14.1223 1.2
    endloop
  endfacet
  facet normal 0.555443 0.831555 -0
    outer loop
      vertex -22.4217 15.7537 1.2
      vertex -22.525 15.8227 2.2
      vertex -22.4217 15.7537 2.2
    endloop
  endfacet
  facet normal 0.555443 0.831555 0
    outer loop
      vertex -22.525 15.8227 2.2
      vertex -22.4217 15.7537 1.2
      vertex -22.525 15.8227 1.2
    endloop
  endfacet
  facet normal 0 0 1
    outer loop
      vertex -22.0581 15.124 2.2
      vertex -22.0581 14.876 2.2
      vertex -22.05 15 2.2
    endloop
  endfacet
  facet normal 0 0 1
    outer loop
      vertex -22.0824 15.2459 2.2
      vertex -22.0581 14.876 2.2
      vertex -22.0581 15.124 2.2
    endloop
  endfacet
  facet normal 0 0 1
    outer loop
      vertex -22.0824 15.2459 2.2
      vertex -22.0824 14.7541 2.2
      vertex -22.0581 14.876 2.2
    endloop
  endfacet
  facet normal 0 0 1
    outer loop
      vertex -22.1223 15.3635 2.2
      vertex -22.0824 14.7541 2.2
      vertex -22.0824 15.2459 2.2
    endloop
  endfacet
  facet normal 0 0 1
    outer loop
      vertex -22.1223 15.3635 2.2
      vertex -22.1223 14.6364 2.2
      vertex -22.0824 14.7541 2.2
    endloop
  endfacet
  facet normal 0 0 1
    outer loop
      vertex -22.1773 15.475 2.2
      vertex -22.1223 14.6364 2.2
      vertex -22.1223 15.3635 2.2
    endloop
  endfacet
  facet normal 0 0 1
    outer loop
      vertex -22.1773 15.475 2.2
      vertex -22.1773 14.525 2.2
      vertex -22.1223 14.6364 2.2
    endloop
  endfacet
  facet normal 0 0 1
    outer loop
      vertex -22.2463 15.5783 2.2
      vertex -22.1773 14.525 2.2
      vertex -22.1773 15.475 2.2
    endloop
  endfacet
  facet normal 0 0 1
    outer loop
      vertex -22.2463 15.5783 2.2
      vertex -22.2463 14.4217 2.2
      vertex -22.1773 14.525 2.2
    endloop
  endfacet
  facet normal 0 0 1
    outer loop
      vertex -22.3282 15.6718 2.2
      vertex -22.2463 14.4217 2.2
      vertex -22.2463 15.5783 2.2
    endloop
  endfacet
  facet normal 0 0 1
    outer loop
      vertex -22.3282 15.6718 2.2
      vertex -22.3282 14.3282 2.2
      vertex -22.2463 14.4217 2.2
    endloop
  endfacet
  facet normal 0 0 1
    outer loop
      vertex -22.4217 15.7537 2.2
      vertex -22.3282 14.3282 2.2
      vertex -22.3282 15.6718 2.2
    endloop
  endfacet
  facet normal 0 0 1
    outer loop
      vertex -22.4217 15.7537 2.2
      vertex -22.4217 14.2463 2.2
      vertex -22.3282 14.3282 2.2
    endloop
  endfacet
  facet normal 0 0 1
    outer loop
      vertex -22.525 15.8227 2.2
      vertex -22.4217 14.2463 2.2
      vertex -22.4217 15.7537 2.2
    endloop
  endfacet
  facet normal 0 0 1
    outer loop
      vertex -22.525 15.8227 2.2
      vertex -22.525 14.1773 2.2
      vertex -22.4217 14.2463 2.2
    endloop
  endfacet
  facet normal 0 0 1
    outer loop
      vertex -22.6364 15.8777 2.2
      vertex -22.525 14.1773 2.2
      vertex -22.525 15.8227 2.2
    endloop
  endfacet
  facet normal 0 0 1
    outer loop
      vertex -22.6364 15.8777 2.2
      vertex -22.6364 14.1223 2.2
      vertex -22.525 14.1773 2.2
    endloop
  endfacet
  facet normal 0 0 1
    outer loop
      vertex -22.7541 15.9176 2.2
      vertex -22.6364 14.1223 2.2
      vertex -22.6364 15.8777 2.2
    endloop
  endfacet
  facet normal 0 0 1
    outer loop
      vertex -22.7541 15.9176 2.2
      vertex -22.7541 14.0824 2.2
      vertex -22.6364 14.1223 2.2
    endloop
  endfacet
  facet normal 0 0 1
    outer loop
      vertex -22.876 15.9419 2.2
      vertex -22.7541 14.0824 2.2
      vertex -22.7541 15.9176 2.2
    endloop
  endfacet
  facet normal 0 0 1
    outer loop
      vertex -22.876 15.9419 2.2
      vertex -22.876 14.0581 2.2
      vertex -22.7541 14.0824 2.2
    endloop
  endfacet
  facet normal 0 0 1
    outer loop
      vertex -23 15.95 2.2
      vertex -22.876 14.0581 2.2
      vertex -22.876 15.9419 2.2
    endloop
  endfacet
  facet normal 0 0 1
    outer loop
      vertex -23 15.95 2.2
      vertex -23 14.05 2.2
      vertex -22.876 14.0581 2.2
    endloop
  endfacet
  facet normal -0 0 1
    outer loop
      vertex -23.124 15.9419 2.2
      vertex -23 14.05 2.2
      vertex -23 15.95 2.2
    endloop
  endfacet
  facet normal 0 0 1
    outer loop
      vertex -23.124 15.9419 2.2
      vertex -23.124 14.0581 2.2
      vertex -23 14.05 2.2
    endloop
  endfacet
  facet normal -0 0 1
    outer loop
      vertex -23.2459 15.9176 2.2
      vertex -23.124 14.0581 2.2
      vertex -23.124 15.9419 2.2
    endloop
  endfacet
  facet normal 0 0 1
    outer loop
      vertex -23.2459 15.9176 2.2
      vertex -23.2459 14.0824 2.2
      vertex -23.124 14.0581 2.2
    endloop
  endfacet
  facet normal -0 0 1
    outer loop
      vertex -23.3635 15.8777 2.2
      vertex -23.2459 14.0824 2.2
      vertex -23.2459 15.9176 2.2
    endloop
  endfacet
  facet normal 0 0 1
    outer loop
      vertex -23.3635 15.8777 2.2
      vertex -23.3635 14.1223 2.2
      vertex -23.2459 14.0824 2.2
    endloop
  endfacet
  facet normal -0 0 1
    outer loop
      vertex -23.475 15.8227 2.2
      vertex -23.3635 14.1223 2.2
      vertex -23.3635 15.8777 2.2
    endloop
  endfacet
  facet normal 0 0 1
    outer loop
      vertex -23.475 15.8227 2.2
      vertex -23.475 14.1773 2.2
      vertex -23.3635 14.1223 2.2
    endloop
  endfacet
  facet normal -0 0 1
    outer loop
      vertex -23.5783 15.7537 2.2
      vertex -23.475 14.1773 2.2
      vertex -23.475 15.8227 2.2
    endloop
  endfacet
  facet normal 0 0 1
    outer loop
      vertex -23.5783 15.7537 2.2
      vertex -23.5783 14.2463 2.2
      vertex -23.475 14.1773 2.2
    endloop
  endfacet
  facet normal -0 0 1
    outer loop
      vertex -23.6718 15.6718 2.2
      vertex -23.5783 14.2463 2.2
      vertex -23.5783 15.7537 2.2
    endloop
  endfacet
  facet normal 0 0 1
    outer loop
      vertex -23.6718 15.6718 2.2
      vertex -23.6718 14.3282 2.2
      vertex -23.5783 14.2463 2.2
    endloop
  endfacet
  facet normal -0 0 1
    outer loop
      vertex -23.7537 15.5783 2.2
      vertex -23.6718 14.3282 2.2
      vertex -23.6718 15.6718 2.2
    endloop
  endfacet
  facet normal 0 0 1
    outer loop
      vertex -23.7537 15.5783 2.2
      vertex -23.7537 14.4217 2.2
      vertex -23.6718 14.3282 2.2
    endloop
  endfacet
  facet normal -0 0 1
    outer loop
      vertex -23.8227 15.475 2.2
      vertex -23.7537 14.4217 2.2
      vertex -23.7537 15.5783 2.2
    endloop
  endfacet
  facet normal 0 0 1
    outer loop
      vertex -23.8227 15.475 2.2
      vertex -23.8227 14.525 2.2
      vertex -23.7537 14.4217 2.2
    endloop
  endfacet
  facet normal -0 0 1
    outer loop
      vertex -23.8777 15.3635 2.2
      vertex -23.8227 14.525 2.2
      vertex -23.8227 15.475 2.2
    endloop
  endfacet
  facet normal 0 0 1
    outer loop
      vertex -23.8777 15.3635 2.2
      vertex -23.8777 14.6364 2.2
      vertex -23.8227 14.525 2.2
    endloop
  endfacet
  facet normal -0 0 1
    outer loop
      vertex -23.9176 15.2459 2.2
      vertex -23.8777 14.6364 2.2
      vertex -23.8777 15.3635 2.2
    endloop
  endfacet
  facet normal 0 0 1
    outer loop
      vertex -23.9176 15.2459 2.2
      vertex -23.9176 14.7541 2.2
      vertex -23.8777 14.6364 2.2
    endloop
  endfacet
  facet normal -0 0 1
    outer loop
      vertex -23.9419 15.124 2.2
      vertex -23.9176 14.7541 2.2
      vertex -23.9176 15.2459 2.2
    endloop
  endfacet
  facet normal 0 0 1
    outer loop
      vertex -23.9419 15.124 2.2
      vertex -23.9419 14.876 2.2
      vertex -23.9176 14.7541 2.2
    endloop
  endfacet
  facet normal 0 -0 1
    outer loop
      vertex -23.9419 14.876 2.2
      vertex -23.9419 15.124 2.2
      vertex -23.95 15 2.2
    endloop
  endfacet
  facet normal 0.831555 0.555443 -5.44364e-19
    outer loop
      vertex -22.1773 15.475 2.2
      vertex -22.2463 15.5783 1.2
      vertex -22.2463 15.5783 2.2
    endloop
  endfacet
  facet normal 0.831555 0.555443 -5.44364e-19
    outer loop
      vertex -22.2463 15.5783 1.2
      vertex -22.1773 15.475 2.2
      vertex -22.1773 15.475 1.2
    endloop
  endfacet
  facet normal 0.752228 -0.658903 -1.13999e-18
    outer loop
      vertex -22.3282 14.3282 2.2
      vertex -22.2463 14.4217 1.2
      vertex -22.2463 14.4217 2.2
    endloop
  endfacet
  facet normal 0.752228 -0.658903 -1.13999e-18
    outer loop
      vertex -22.2463 14.4217 1.2
      vertex -22.3282 14.3282 2.2
      vertex -22.3282 14.3282 1.2
    endloop
  endfacet
  facet normal 0.0651837 -0.997873 0
    outer loop
      vertex -23 14.05 1.2
      vertex -22.876 14.0581 2.2
      vertex -23 14.05 2.2
    endloop
  endfacet
  facet normal 0.0651837 -0.997873 0
    outer loop
      vertex -22.876 14.0581 2.2
      vertex -23 14.05 1.2
      vertex -22.876 14.0581 1.2
    endloop
  endfacet
  facet normal 0.947062 -0.321052 2.64858e-18
    outer loop
      vertex -22.1223 14.6364 2.2
      vertex -22.0824 14.7541 1.2
      vertex -22.0824 14.7541 2.2
    endloop
  endfacet
  facet normal 0.947062 -0.321052 2.64858e-18
    outer loop
      vertex -22.0824 14.7541 1.2
      vertex -22.1223 14.6364 2.2
      vertex -22.1223 14.6364 1.2
    endloop
  endfacet
  facet normal -0.752228 -0.658903 1.13999e-18
    outer loop
      vertex -23.6718 14.3282 1.2
      vertex -23.7537 14.4217 2.2
      vertex -23.7537 14.4217 1.2
    endloop
  endfacet
  facet normal -0.752228 -0.658903 1.13999e-18
    outer loop
      vertex -23.7537 14.4217 2.2
      vertex -23.6718 14.3282 1.2
      vertex -23.6718 14.3282 2.2
    endloop
  endfacet
  facet normal -0.321296 0.946979 0
    outer loop
      vertex -23.2459 15.9176 1.2
      vertex -23.3635 15.8777 2.2
      vertex -23.2459 15.9176 2.2
    endloop
  endfacet
  facet normal -0.321296 0.946979 0
    outer loop
      vertex -23.3635 15.8777 2.2
      vertex -23.2459 15.9176 1.2
      vertex -23.3635 15.8777 1.2
    endloop
  endfacet
  facet normal -0.195497 -0.980704 0
    outer loop
      vertex -23.2459 14.0824 1.2
      vertex -23.124 14.0581 2.2
      vertex -23.2459 14.0824 2.2
    endloop
  endfacet
  facet normal -0.195497 -0.980704 -0
    outer loop
      vertex -23.124 14.0581 2.2
      vertex -23.2459 14.0824 1.2
      vertex -23.124 14.0581 1.2
    endloop
  endfacet
  facet normal 0.752228 0.658903 1.13999e-18
    outer loop
      vertex -22.2463 15.5783 2.2
      vertex -22.3282 15.6718 1.2
      vertex -22.3282 15.6718 2.2
    endloop
  endfacet
  facet normal 0.752228 0.658903 1.13999e-18
    outer loop
      vertex -22.3282 15.6718 1.2
      vertex -22.2463 15.5783 2.2
      vertex -22.2463 15.5783 1.2
    endloop
  endfacet
  facet normal -0.442381 -0.896827 0
    outer loop
      vertex -23.475 14.1773 1.2
      vertex -23.3635 14.1223 2.2
      vertex -23.475 14.1773 2.2
    endloop
  endfacet
  facet normal -0.442381 -0.896827 -0
    outer loop
      vertex -23.3635 14.1223 2.2
      vertex -23.475 14.1773 1.2
      vertex -23.3635 14.1223 1.2
    endloop
  endfacet
  facet normal 0.195497 -0.980704 0
    outer loop
      vertex -22.876 14.0581 1.2
      vertex -22.7541 14.0824 2.2
      vertex -22.876 14.0581 2.2
    endloop
  endfacet
  facet normal 0.195497 -0.980704 0
    outer loop
      vertex -22.7541 14.0824 2.2
      vertex -22.876 14.0581 1.2
      vertex -22.7541 14.0824 1.2
    endloop
  endfacet
  facet normal 0.658903 -0.752228 0
    outer loop
      vertex -22.4217 14.2463 1.2
      vertex -22.3282 14.3282 2.2
      vertex -22.4217 14.2463 2.2
    endloop
  endfacet
  facet normal 0.658903 -0.752228 0
    outer loop
      vertex -22.3282 14.3282 2.2
      vertex -22.4217 14.2463 1.2
      vertex -22.3282 14.3282 1.2
    endloop
  endfacet
  facet normal -0.555443 -0.831555 0
    outer loop
      vertex -23.5783 14.2463 1.2
      vertex -23.475 14.1773 2.2
      vertex -23.5783 14.2463 2.2
    endloop
  endfacet
  facet normal -0.555443 -0.831555 -0
    outer loop
      vertex -23.475 14.1773 2.2
      vertex -23.5783 14.2463 1.2
      vertex -23.475 14.1773 1.2
    endloop
  endfacet
  facet normal -0.321296 -0.946979 0
    outer loop
      vertex -23.3635 14.1223 1.2
      vertex -23.2459 14.0824 2.2
      vertex -23.3635 14.1223 2.2
    endloop
  endfacet
  facet normal -0.321296 -0.946979 -0
    outer loop
      vertex -23.2459 14.0824 2.2
      vertex -23.3635 14.1223 1.2
      vertex -23.2459 14.0824 1.2
    endloop
  endfacet
  facet normal -0.947062 -0.321052 -2.64858e-18
    outer loop
      vertex -23.8777 14.6364 1.2
      vertex -23.9176 14.7541 2.2
      vertex -23.9176 14.7541 1.2
    endloop
  endfacet
  facet normal -0.947062 -0.321052 -2.64858e-18
    outer loop
      vertex -23.9176 14.7541 2.2
      vertex -23.8777 14.6364 1.2
      vertex -23.8777 14.6364 2.2
    endloop
  endfacet
  facet normal 0.555443 -0.831555 0
    outer loop
      vertex -22.525 14.1773 1.2
      vertex -22.4217 14.2463 2.2
      vertex -22.525 14.1773 2.2
    endloop
  endfacet
  facet normal 0.555443 -0.831555 0
    outer loop
      vertex -22.4217 14.2463 2.2
      vertex -22.525 14.1773 1.2
      vertex -22.4217 14.2463 1.2
    endloop
  endfacet
  facet normal -0.195497 0.980704 0
    outer loop
      vertex -23.124 15.9419 1.2
      vertex -23.2459 15.9176 2.2
      vertex -23.124 15.9419 2.2
    endloop
  endfacet
  facet normal -0.195497 0.980704 0
    outer loop
      vertex -23.2459 15.9176 2.2
      vertex -23.124 15.9419 1.2
      vertex -23.2459 15.9176 1.2
    endloop
  endfacet
  facet normal -0.980704 0.195497 -1.32651e-18
    outer loop
      vertex -23.9419 15.124 1.2
      vertex -23.9176 15.2459 2.2
      vertex -23.9176 15.2459 1.2
    endloop
  endfacet
  facet normal -0.980704 0.195497 -1.32651e-18
    outer loop
      vertex -23.9176 15.2459 2.2
      vertex -23.9419 15.124 1.2
      vertex -23.9419 15.124 2.2
    endloop
  endfacet
  facet normal -0.658903 0.752228 0
    outer loop
      vertex -23.5783 15.7537 1.2
      vertex -23.6718 15.6718 2.2
      vertex -23.5783 15.7537 2.2
    endloop
  endfacet
  facet normal -0.658903 0.752228 0
    outer loop
      vertex -23.6718 15.6718 2.2
      vertex -23.5783 15.7537 1.2
      vertex -23.6718 15.6718 1.2
    endloop
  endfacet
  facet normal -0.980704 -0.195497 1.32651e-18
    outer loop
      vertex -23.9176 14.7541 1.2
      vertex -23.9419 14.876 2.2
      vertex -23.9419 14.876 1.2
    endloop
  endfacet
  facet normal -0.980704 -0.195497 1.32651e-18
    outer loop
      vertex -23.9419 14.876 2.2
      vertex -23.9176 14.7541 1.2
      vertex -23.9176 14.7541 2.2
    endloop
  endfacet
  facet normal 0.0651837 0.997873 -0
    outer loop
      vertex -22.876 15.9419 1.2
      vertex -23 15.95 2.2
      vertex -22.876 15.9419 2.2
    endloop
  endfacet
  facet normal 0.0651837 0.997873 0
    outer loop
      vertex -23 15.95 2.2
      vertex -22.876 15.9419 1.2
      vertex -23 15.95 1.2
    endloop
  endfacet
  facet normal -0.997873 -0.0651837 2.05491e-21
    outer loop
      vertex -23.9419 14.876 1.2
      vertex -23.95 15 2.2
      vertex -23.95 15 1.2
    endloop
  endfacet
  facet normal -0.997873 -0.0651837 2.05491e-21
    outer loop
      vertex -23.95 15 2.2
      vertex -23.9419 14.876 1.2
      vertex -23.9419 14.876 2.2
    endloop
  endfacet
  facet normal -0.831555 0.555443 5.44364e-19
    outer loop
      vertex -23.8227 15.475 1.2
      vertex -23.7537 15.5783 2.2
      vertex -23.7537 15.5783 1.2
    endloop
  endfacet
  facet normal -0.831555 0.555443 5.44364e-19
    outer loop
      vertex -23.7537 15.5783 2.2
      vertex -23.8227 15.475 1.2
      vertex -23.8227 15.475 2.2
    endloop
  endfacet
  facet normal -0.0651837 0.997873 0
    outer loop
      vertex -23 15.95 1.2
      vertex -23.124 15.9419 2.2
      vertex -23 15.95 2.2
    endloop
  endfacet
  facet normal -0.0651837 0.997873 0
    outer loop
      vertex -23.124 15.9419 2.2
      vertex -23 15.95 1.2
      vertex -23.124 15.9419 1.2
    endloop
  endfacet
  facet normal -0.831555 -0.555443 -5.44364e-19
    outer loop
      vertex -23.7537 14.4217 1.2
      vertex -23.8227 14.525 2.2
      vertex -23.8227 14.525 1.2
    endloop
  endfacet
  facet normal -0.831555 -0.555443 -5.44364e-19
    outer loop
      vertex -23.8227 14.525 2.2
      vertex -23.7537 14.4217 1.2
      vertex -23.7537 14.4217 2.2
    endloop
  endfacet
  facet normal -0.0651837 -0.997873 0
    outer loop
      vertex -23.124 14.0581 1.2
      vertex -23 14.05 2.2
      vertex -23.124 14.0581 2.2
    endloop
  endfacet
  facet normal -0.0651837 -0.997873 -0
    outer loop
      vertex -23 14.05 2.2
      vertex -23.124 14.0581 1.2
      vertex -23 14.05 1.2
    endloop
  endfacet
  facet normal 0.659268 0.751908 -0
    outer loop
      vertex 11.2021 6.20209 1.2
      vertex 11.0349 6.34869 2.2
      vertex 11.2021 6.20209 2.2
    endloop
  endfacet
  facet normal 0.659268 0.751908 0
    outer loop
      vertex 11.0349 6.34869 2.2
      vertex 11.2021 6.20209 1.2
      vertex 11.0349 6.34869 1.2
    endloop
  endfacet
  facet normal 0.0653848 -0.99786 0
    outer loop
      vertex 10 -6.7 1.2
      vertex 10.2219 -6.68546 2.2
      vertex 10 -6.7 2.2
    endloop
  endfacet
  facet normal 0.0653848 -0.99786 0
    outer loop
      vertex 10.2219 -6.68546 2.2
      vertex 10 -6.7 1.2
      vertex 10.2219 -6.68546 1.2
    endloop
  endfacet
  facet normal -0.195122 -0.980779 0
    outer loop
      vertex -10.44 -6.64207 1.2
      vertex -10.2219 -6.68546 2.2
      vertex -10.44 -6.64207 2.2
    endloop
  endfacet
  facet normal -0.195122 -0.980779 -0
    outer loop
      vertex -10.2219 -6.68546 2.2
      vertex -10.44 -6.64207 1.2
      vertex -10.2219 -6.68546 1.2
    endloop
  endfacet
  facet normal -0.896798 -0.442441 -6.10368e-18
    outer loop
      vertex -11.4722 -5.85001 1.2
      vertex -11.5706 -5.65056 2.2
      vertex -11.5706 -5.65056 1.2
    endloop
  endfacet
  facet normal -0.896798 -0.442441 -6.10368e-18
    outer loop
      vertex -11.5706 -5.65056 2.2
      vertex -11.4722 -5.85001 1.2
      vertex -11.4722 -5.85001 2.2
    endloop
  endfacet
  facet normal -0.831552 0.555447 -6.82765e-18
    outer loop
      vertex -11.4722 5.85001 1.2
      vertex -11.3487 6.0349 2.2
      vertex -11.3487 6.0349 1.2
    endloop
  endfacet
  facet normal -0.831552 0.555447 -6.82765e-18
    outer loop
      vertex -11.3487 6.0349 2.2
      vertex -11.4722 5.85001 1.2
      vertex -11.4722 5.85001 2.2
    endloop
  endfacet
  facet normal 0 1 -0
    outer loop
      vertex 10 6.7 1.2
      vertex -10 6.7 2.2
      vertex 10 6.7 2.2
    endloop
  endfacet
  facet normal 0 1 0
    outer loop
      vertex -10 6.7 2.2
      vertex 10 6.7 1.2
      vertex -10 6.7 1.2
    endloop
  endfacet
  facet normal 0.896798 0.442441 -6.10368e-18
    outer loop
      vertex 11.5706 5.65056 2.2
      vertex 11.4722 5.85001 1.2
      vertex 11.4722 5.85001 2.2
    endloop
  endfacet
  facet normal 0.896798 0.442441 -6.10368e-18
    outer loop
      vertex 11.4722 5.85001 1.2
      vertex 11.5706 5.65056 2.2
      vertex 11.5706 5.65056 1.2
    endloop
  endfacet
  facet normal -0.555582 -0.831462 0
    outer loop
      vertex -11.0349 -6.34869 1.2
      vertex -10.85 -6.47224 2.2
      vertex -11.0349 -6.34869 2.2
    endloop
  endfacet
  facet normal -0.555582 -0.831462 -0
    outer loop
      vertex -10.85 -6.47224 2.2
      vertex -11.0349 -6.34869 1.2
      vertex -10.85 -6.47224 1.2
    endloop
  endfacet
  facet normal -1 0 0
    outer loop
      vertex -11.7 -5 1.2
      vertex -11.7 5 2.2
      vertex -11.7 5 1.2
    endloop
  endfacet
  facet normal -1 -0 0
    outer loop
      vertex -11.7 5 2.2
      vertex -11.7 -5 1.2
      vertex -11.7 -5 2.2
    endloop
  endfacet
  facet normal -0.0653848 0.99786 0
    outer loop
      vertex -10 6.7 1.2
      vertex -10.2219 6.68546 2.2
      vertex -10 6.7 2.2
    endloop
  endfacet
  facet normal -0.0653848 0.99786 0
    outer loop
      vertex -10.2219 6.68546 2.2
      vertex -10 6.7 1.2
      vertex -10.2219 6.68546 1.2
    endloop
  endfacet
  facet normal 0 -1 0
    outer loop
      vertex -10 -6.7 1.2
      vertex 10 -6.7 2.2
      vertex -10 -6.7 2.2
    endloop
  endfacet
  facet normal 0 -1 -0
    outer loop
      vertex 10 -6.7 2.2
      vertex -10 -6.7 1.2
      vertex 10 -6.7 1.2
    endloop
  endfacet
  facet normal 0.195122 0.980779 -0
    outer loop
      vertex 10.44 6.64207 1.2
      vertex 10.2219 6.68546 2.2
      vertex 10.44 6.64207 2.2
    endloop
  endfacet
  facet normal 0.195122 0.980779 0
    outer loop
      vertex 10.2219 6.68546 2.2
      vertex 10.44 6.64207 1.2
      vertex 10.2219 6.68546 1.2
    endloop
  endfacet
  facet normal 0.946901 0.321525 -1.43586e-18
    outer loop
      vertex 11.6421 5.43999 2.2
      vertex 11.5706 5.65056 1.2
      vertex 11.5706 5.65056 2.2
    endloop
  endfacet
  facet normal 0.946901 0.321525 -1.43586e-18
    outer loop
      vertex 11.5706 5.65056 1.2
      vertex 11.6421 5.43999 2.2
      vertex 11.6421 5.43999 1.2
    endloop
  endfacet
  facet normal -0.442386 0.896825 0
    outer loop
      vertex -10.6506 6.5706 1.2
      vertex -10.85 6.47224 2.2
      vertex -10.6506 6.5706 2.2
    endloop
  endfacet
  facet normal -0.442386 0.896825 0
    outer loop
      vertex -10.85 6.47224 2.2
      vertex -10.6506 6.5706 1.2
      vertex -10.85 6.47224 1.2
    endloop
  endfacet
  facet normal 0.659268 -0.751908 0
    outer loop
      vertex 11.0349 -6.34869 1.2
      vertex 11.2021 -6.20209 2.2
      vertex 11.0349 -6.34869 2.2
    endloop
  endfacet
  facet normal 0.659268 -0.751908 0
    outer loop
      vertex 11.2021 -6.20209 2.2
      vertex 11.0349 -6.34869 1.2
      vertex 11.2021 -6.20209 1.2
    endloop
  endfacet
  facet normal -0.946901 0.321525 1.43586e-18
    outer loop
      vertex -11.6421 5.43999 1.2
      vertex -11.5706 5.65056 2.2
      vertex -11.5706 5.65056 1.2
    endloop
  endfacet
  facet normal -0.946901 0.321525 1.43586e-18
    outer loop
      vertex -11.5706 5.65056 2.2
      vertex -11.6421 5.43999 1.2
      vertex -11.6421 5.43999 2.2
    endloop
  endfacet
  facet normal -0.997872 -0.0652086 1.02733e-19
    outer loop
      vertex -11.6855 -5.22189 1.2
      vertex -11.7 -5 2.2
      vertex -11.7 -5 1.2
    endloop
  endfacet
  facet normal -0.997872 -0.0652086 1.02733e-19
    outer loop
      vertex -11.7 -5 2.2
      vertex -11.6855 -5.22189 1.2
      vertex -11.6855 -5.22189 2.2
    endloop
  endfacet
  facet normal -0.442386 -0.896825 0
    outer loop
      vertex -10.85 -6.47224 1.2
      vertex -10.6506 -6.5706 2.2
      vertex -10.85 -6.47224 2.2
    endloop
  endfacet
  facet normal -0.442386 -0.896825 -0
    outer loop
      vertex -10.6506 -6.5706 2.2
      vertex -10.85 -6.47224 1.2
      vertex -10.6506 -6.5706 1.2
    endloop
  endfacet
  facet normal 0.0653848 0.99786 -0
    outer loop
      vertex 10.2219 6.68546 1.2
      vertex 10 6.7 2.2
      vertex 10.2219 6.68546 2.2
    endloop
  endfacet
  facet normal 0.0653848 0.99786 0
    outer loop
      vertex 10 6.7 2.2
      vertex 10.2219 6.68546 1.2
      vertex 10 6.7 1.2
    endloop
  endfacet
  facet normal -0.0653848 -0.99786 0
    outer loop
      vertex -10.2219 -6.68546 1.2
      vertex -10 -6.7 2.2
      vertex -10.2219 -6.68546 2.2
    endloop
  endfacet
  facet normal -0.0653848 -0.99786 -0
    outer loop
      vertex -10 -6.7 2.2
      vertex -10.2219 -6.68546 1.2
      vertex -10 -6.7 1.2
    endloop
  endfacet
  facet normal -0.659268 -0.751908 0
    outer loop
      vertex -11.2021 -6.20209 1.2
      vertex -11.0349 -6.34869 2.2
      vertex -11.2021 -6.20209 2.2
    endloop
  endfacet
  facet normal -0.659268 -0.751908 -0
    outer loop
      vertex -11.0349 -6.34869 2.2
      vertex -11.2021 -6.20209 1.2
      vertex -11.0349 -6.34869 1.2
    endloop
  endfacet
  facet normal 0.831552 -0.555447 -6.82765e-18
    outer loop
      vertex 11.3487 -6.0349 2.2
      vertex 11.4722 -5.85001 1.2
      vertex 11.4722 -5.85001 2.2
    endloop
  endfacet
  facet normal 0.831552 -0.555447 -6.82765e-18
    outer loop
      vertex 11.4722 -5.85001 1.2
      vertex 11.3487 -6.0349 2.2
      vertex 11.3487 -6.0349 1.2
    endloop
  endfacet
  facet normal -0.195122 0.980779 0
    outer loop
      vertex -10.2219 6.68546 1.2
      vertex -10.44 6.64207 2.2
      vertex -10.2219 6.68546 2.2
    endloop
  endfacet
  facet normal -0.195122 0.980779 0
    outer loop
      vertex -10.44 6.64207 2.2
      vertex -10.2219 6.68546 1.2
      vertex -10.44 6.64207 1.2
    endloop
  endfacet
  facet normal -0.555582 0.831462 0
    outer loop
      vertex -10.85 6.47224 1.2
      vertex -11.0349 6.34869 2.2
      vertex -10.85 6.47224 2.2
    endloop
  endfacet
  facet normal -0.555582 0.831462 0
    outer loop
      vertex -11.0349 6.34869 2.2
      vertex -10.85 6.47224 1.2
      vertex -11.0349 6.34869 1.2
    endloop
  endfacet
  facet normal -0.321363 0.946956 0
    outer loop
      vertex -10.44 6.64207 1.2
      vertex -10.6506 6.5706 2.2
      vertex -10.44 6.64207 2.2
    endloop
  endfacet
  facet normal -0.321363 0.946956 0
    outer loop
      vertex -10.6506 6.5706 2.2
      vertex -10.44 6.64207 1.2
      vertex -10.6506 6.5706 1.2
    endloop
  endfacet
  facet normal -0.896798 0.442441 6.10368e-18
    outer loop
      vertex -11.5706 5.65056 1.2
      vertex -11.4722 5.85001 2.2
      vertex -11.4722 5.85001 1.2
    endloop
  endfacet
  facet normal -0.896798 0.442441 6.10368e-18
    outer loop
      vertex -11.4722 5.85001 2.2
      vertex -11.5706 5.65056 1.2
      vertex -11.5706 5.65056 2.2
    endloop
  endfacet
  facet normal 0.321363 0.946956 -0
    outer loop
      vertex 10.6506 6.5706 1.2
      vertex 10.44 6.64207 2.2
      vertex 10.6506 6.5706 2.2
    endloop
  endfacet
  facet normal 0.321363 0.946956 0
    outer loop
      vertex 10.44 6.64207 2.2
      vertex 10.6506 6.5706 1.2
      vertex 10.44 6.64207 1.2
    endloop
  endfacet
  facet normal 1 -0 0
    outer loop
      vertex 11.7 -5 2.2
      vertex 11.7 5 1.2
      vertex 11.7 5 2.2
    endloop
  endfacet
  facet normal 1 0 0
    outer loop
      vertex 11.7 5 1.2
      vertex 11.7 -5 2.2
      vertex 11.7 -5 1.2
    endloop
  endfacet
  facet normal 0.442386 0.896825 -0
    outer loop
      vertex 10.85 6.47224 1.2
      vertex 10.6506 6.5706 2.2
      vertex 10.85 6.47224 2.2
    endloop
  endfacet
  facet normal 0.442386 0.896825 0
    outer loop
      vertex 10.6506 6.5706 2.2
      vertex 10.85 6.47224 1.2
      vertex 10.6506 6.5706 1.2
    endloop
  endfacet
  facet normal 0.555582 -0.831462 0
    outer loop
      vertex 10.85 -6.47224 1.2
      vertex 11.0349 -6.34869 2.2
      vertex 10.85 -6.47224 2.2
    endloop
  endfacet
  facet normal 0.555582 -0.831462 0
    outer loop
      vertex 11.0349 -6.34869 2.2
      vertex 10.85 -6.47224 1.2
      vertex 11.0349 -6.34869 1.2
    endloop
  endfacet
  facet normal -0.997872 0.0652086 -1.02733e-19
    outer loop
      vertex -11.7 5 1.2
      vertex -11.6855 5.22189 2.2
      vertex -11.6855 5.22189 1.2
    endloop
  endfacet
  facet normal -0.997872 0.0652086 -1.02733e-19
    outer loop
      vertex -11.6855 5.22189 2.2
      vertex -11.7 5 1.2
      vertex -11.7 5 2.2
    endloop
  endfacet
  facet normal -0.321363 -0.946956 0
    outer loop
      vertex -10.6506 -6.5706 1.2
      vertex -10.44 -6.64207 2.2
      vertex -10.6506 -6.5706 2.2
    endloop
  endfacet
  facet normal -0.321363 -0.946956 -0
    outer loop
      vertex -10.44 -6.64207 2.2
      vertex -10.6506 -6.5706 1.2
      vertex -10.44 -6.64207 1.2
    endloop
  endfacet
  facet normal -0.751888 -0.659291 -7.7522e-18
    outer loop
      vertex -11.2021 -6.20209 1.2
      vertex -11.3487 -6.0349 2.2
      vertex -11.3487 -6.0349 1.2
    endloop
  endfacet
  facet normal -0.751888 -0.659291 -7.7522e-18
    outer loop
      vertex -11.3487 -6.0349 2.2
      vertex -11.2021 -6.20209 1.2
      vertex -11.2021 -6.20209 2.2
    endloop
  endfacet
  facet normal -0.98077 0.195165 -1.231e-18
    outer loop
      vertex -11.6855 5.22189 1.2
      vertex -11.6421 5.43999 2.2
      vertex -11.6421 5.43999 1.2
    endloop
  endfacet
  facet normal -0.98077 0.195165 -1.231e-18
    outer loop
      vertex -11.6421 5.43999 2.2
      vertex -11.6855 5.22189 1.2
      vertex -11.6855 5.22189 2.2
    endloop
  endfacet
  facet normal -0.831552 -0.555447 6.82765e-18
    outer loop
      vertex -11.3487 -6.0349 1.2
      vertex -11.4722 -5.85001 2.2
      vertex -11.4722 -5.85001 1.2
    endloop
  endfacet
  facet normal -0.831552 -0.555447 6.82765e-18
    outer loop
      vertex -11.4722 -5.85001 2.2
      vertex -11.3487 -6.0349 1.2
      vertex -11.3487 -6.0349 2.2
    endloop
  endfacet
  facet normal 0.98077 -0.195165 -1.231e-18
    outer loop
      vertex 11.6421 -5.43999 2.2
      vertex 11.6855 -5.22189 1.2
      vertex 11.6855 -5.22189 2.2
    endloop
  endfacet
  facet normal 0.98077 -0.195165 -1.231e-18
    outer loop
      vertex 11.6855 -5.22189 1.2
      vertex 11.6421 -5.43999 2.2
      vertex 11.6421 -5.43999 1.2
    endloop
  endfacet
  facet normal 0.442386 -0.896825 0
    outer loop
      vertex 10.6506 -6.5706 1.2
      vertex 10.85 -6.47224 2.2
      vertex 10.6506 -6.5706 2.2
    endloop
  endfacet
  facet normal 0.442386 -0.896825 0
    outer loop
      vertex 10.85 -6.47224 2.2
      vertex 10.6506 -6.5706 1.2
      vertex 10.85 -6.47224 1.2
    endloop
  endfacet
  facet normal 0.751888 -0.659291 7.7522e-18
    outer loop
      vertex 11.2021 -6.20209 2.2
      vertex 11.3487 -6.0349 1.2
      vertex 11.3487 -6.0349 2.2
    endloop
  endfacet
  facet normal 0.751888 -0.659291 7.7522e-18
    outer loop
      vertex 11.3487 -6.0349 1.2
      vertex 11.2021 -6.20209 2.2
      vertex 11.2021 -6.20209 1.2
    endloop
  endfacet
  facet normal 0.195122 -0.980779 0
    outer loop
      vertex 10.2219 -6.68546 1.2
      vertex 10.44 -6.64207 2.2
      vertex 10.2219 -6.68546 2.2
    endloop
  endfacet
  facet normal 0.195122 -0.980779 0
    outer loop
      vertex 10.44 -6.64207 2.2
      vertex 10.2219 -6.68546 1.2
      vertex 10.44 -6.64207 1.2
    endloop
  endfacet
  facet normal -0.946901 -0.321525 -1.43586e-18
    outer loop
      vertex -11.5706 -5.65056 1.2
      vertex -11.6421 -5.43999 2.2
      vertex -11.6421 -5.43999 1.2
    endloop
  endfacet
  facet normal -0.946901 -0.321525 -1.43586e-18
    outer loop
      vertex -11.6421 -5.43999 2.2
      vertex -11.5706 -5.65056 1.2
      vertex -11.5706 -5.65056 2.2
    endloop
  endfacet
  facet normal -0.98077 -0.195165 1.231e-18
    outer loop
      vertex -11.6421 -5.43999 1.2
      vertex -11.6855 -5.22189 2.2
      vertex -11.6855 -5.22189 1.2
    endloop
  endfacet
  facet normal -0.98077 -0.195165 1.231e-18
    outer loop
      vertex -11.6855 -5.22189 2.2
      vertex -11.6421 -5.43999 1.2
      vertex -11.6421 -5.43999 2.2
    endloop
  endfacet
  facet normal 0.98077 0.195165 1.231e-18
    outer loop
      vertex 11.6855 5.22189 2.2
      vertex 11.6421 5.43999 1.2
      vertex 11.6421 5.43999 2.2
    endloop
  endfacet
  facet normal 0.98077 0.195165 1.231e-18
    outer loop
      vertex 11.6421 5.43999 1.2
      vertex 11.6855 5.22189 2.2
      vertex 11.6855 5.22189 1.2
    endloop
  endfacet
  facet normal -0.659268 0.751908 0
    outer loop
      vertex -11.0349 6.34869 1.2
      vertex -11.2021 6.20209 2.2
      vertex -11.0349 6.34869 2.2
    endloop
  endfacet
  facet normal -0.659268 0.751908 0
    outer loop
      vertex -11.2021 6.20209 2.2
      vertex -11.0349 6.34869 1.2
      vertex -11.2021 6.20209 1.2
    endloop
  endfacet
  facet normal 0.896798 -0.442441 6.10368e-18
    outer loop
      vertex 11.4722 -5.85001 2.2
      vertex 11.5706 -5.65056 1.2
      vertex 11.5706 -5.65056 2.2
    endloop
  endfacet
  facet normal 0.896798 -0.442441 6.10368e-18
    outer loop
      vertex 11.5706 -5.65056 1.2
      vertex 11.4722 -5.85001 2.2
      vertex 11.4722 -5.85001 1.2
    endloop
  endfacet
  facet normal -0.751888 0.659291 7.7522e-18
    outer loop
      vertex -11.3487 6.0349 1.2
      vertex -11.2021 6.20209 2.2
      vertex -11.2021 6.20209 1.2
    endloop
  endfacet
  facet normal -0.751888 0.659291 7.7522e-18
    outer loop
      vertex -11.2021 6.20209 2.2
      vertex -11.3487 6.0349 1.2
      vertex -11.3487 6.0349 2.2
    endloop
  endfacet
  facet normal 0 0 1
    outer loop
      vertex 10 6.7 2.2
      vertex 11.7 5 2.2
      vertex 11.6855 5.22189 2.2
    endloop
  endfacet
  facet normal 0 0 1
    outer loop
      vertex 11.7 5 2.2
      vertex 10 6.7 2.2
      vertex 11.7 -5 2.2
    endloop
  endfacet
  facet normal 0 0 1
    outer loop
      vertex 10 6.7 2.2
      vertex 11.6855 5.22189 2.2
      vertex 11.6421 5.43999 2.2
    endloop
  endfacet
  facet normal 0 0 1
    outer loop
      vertex 10 -6.7 2.2
      vertex 11.7 -5 2.2
      vertex 10 6.7 2.2
    endloop
  endfacet
  facet normal 0 0 1
    outer loop
      vertex 10 6.7 2.2
      vertex 11.6421 5.43999 2.2
      vertex 11.5706 5.65056 2.2
    endloop
  endfacet
  facet normal 0 0 1
    outer loop
      vertex 11.7 -5 2.2
      vertex 10 -6.7 2.2
      vertex 11.6855 -5.22189 2.2
    endloop
  endfacet
  facet normal 0 0 1
    outer loop
      vertex 10 6.7 2.2
      vertex 11.5706 5.65056 2.2
      vertex 11.4722 5.85001 2.2
    endloop
  endfacet
  facet normal 0 0 1
    outer loop
      vertex 11.6855 -5.22189 2.2
      vertex 10 -6.7 2.2
      vertex 11.6421 -5.43999 2.2
    endloop
  endfacet
  facet normal 0 0 1
    outer loop
      vertex 10 6.7 2.2
      vertex 11.4722 5.85001 2.2
      vertex 11.3487 6.0349 2.2
    endloop
  endfacet
  facet normal 0 0 1
    outer loop
      vertex 11.6421 -5.43999 2.2
      vertex 10 -6.7 2.2
      vertex 11.5706 -5.65056 2.2
    endloop
  endfacet
  facet normal 0 0 1
    outer loop
      vertex 10 6.7 2.2
      vertex 11.3487 6.0349 2.2
      vertex 11.2021 6.20209 2.2
    endloop
  endfacet
  facet normal 0 0 1
    outer loop
      vertex 11.5706 -5.65056 2.2
      vertex 10 -6.7 2.2
      vertex 11.4722 -5.85001 2.2
    endloop
  endfacet
  facet normal 0 0 1
    outer loop
      vertex 10 6.7 2.2
      vertex 11.2021 6.20209 2.2
      vertex 11.0349 6.34869 2.2
    endloop
  endfacet
  facet normal 0 0 1
    outer loop
      vertex 11.4722 -5.85001 2.2
      vertex 10 -6.7 2.2
      vertex 11.3487 -6.0349 2.2
    endloop
  endfacet
  facet normal 0 0 1
    outer loop
      vertex 10 6.7 2.2
      vertex 11.0349 6.34869 2.2
      vertex 10.85 6.47224 2.2
    endloop
  endfacet
  facet normal 0 0 1
    outer loop
      vertex 11.3487 -6.0349 2.2
      vertex 10 -6.7 2.2
      vertex 11.2021 -6.20209 2.2
    endloop
  endfacet
  facet normal 0 0 1
    outer loop
      vertex 10 6.7 2.2
      vertex 10.85 6.47224 2.2
      vertex 10.6506 6.5706 2.2
    endloop
  endfacet
  facet normal 0 0 1
    outer loop
      vertex 11.2021 -6.20209 2.2
      vertex 10 -6.7 2.2
      vertex 11.0349 -6.34869 2.2
    endloop
  endfacet
  facet normal 0 0 1
    outer loop
      vertex 10 6.7 2.2
      vertex 10.6506 6.5706 2.2
      vertex 10.44 6.64207 2.2
    endloop
  endfacet
  facet normal 0 0 1
    outer loop
      vertex 11.0349 -6.34869 2.2
      vertex 10 -6.7 2.2
      vertex 10.85 -6.47224 2.2
    endloop
  endfacet
  facet normal 0 0 1
    outer loop
      vertex 10 6.7 2.2
      vertex 10.44 6.64207 2.2
      vertex 10.2219 6.68546 2.2
    endloop
  endfacet
  facet normal 0 0 1
    outer loop
      vertex 10.85 -6.47224 2.2
      vertex 10 -6.7 2.2
      vertex 10.6506 -6.5706 2.2
    endloop
  endfacet
  facet normal 0 0 1
    outer loop
      vertex 10.6506 -6.5706 2.2
      vertex 10 -6.7 2.2
      vertex 10.44 -6.64207 2.2
    endloop
  endfacet
  facet normal 0 0 1
    outer loop
      vertex 10.44 -6.64207 2.2
      vertex 10 -6.7 2.2
      vertex 10.2219 -6.68546 2.2
    endloop
  endfacet
  facet normal -0 0 1
    outer loop
      vertex -10 6.7 2.2
      vertex 10 -6.7 2.2
      vertex 10 6.7 2.2
    endloop
  endfacet
  facet normal 0 0 1
    outer loop
      vertex -10 6.7 2.2
      vertex -10 -6.7 2.2
      vertex 10 -6.7 2.2
    endloop
  endfacet
  facet normal 0 0 1
    outer loop
      vertex -11.7 5 2.2
      vertex -10 6.7 2.2
      vertex -10.2219 6.68546 2.2
    endloop
  endfacet
  facet normal 0 0 1
    outer loop
      vertex -10 6.7 2.2
      vertex -11.7 5 2.2
      vertex -10 -6.7 2.2
    endloop
  endfacet
  facet normal 0 0 1
    outer loop
      vertex -11.7 5 2.2
      vertex -10.2219 6.68546 2.2
      vertex -10.44 6.64207 2.2
    endloop
  endfacet
  facet normal -0 0 1
    outer loop
      vertex -11.7 -5 2.2
      vertex -10 -6.7 2.2
      vertex -11.7 5 2.2
    endloop
  endfacet
  facet normal 0 0 1
    outer loop
      vertex -11.7 5 2.2
      vertex -10.44 6.64207 2.2
      vertex -10.6506 6.5706 2.2
    endloop
  endfacet
  facet normal 0 0 1
    outer loop
      vertex -10 -6.7 2.2
      vertex -11.7 -5 2.2
      vertex -10.2219 -6.68546 2.2
    endloop
  endfacet
  facet normal 0 0 1
    outer loop
      vertex -11.7 5 2.2
      vertex -10.6506 6.5706 2.2
      vertex -10.85 6.47224 2.2
    endloop
  endfacet
  facet normal 0 0 1
    outer loop
      vertex -10.2219 -6.68546 2.2
      vertex -11.7 -5 2.2
      vertex -10.44 -6.64207 2.2
    endloop
  endfacet
  facet normal 0 0 1
    outer loop
      vertex -11.7 5 2.2
      vertex -10.85 6.47224 2.2
      vertex -11.0349 6.34869 2.2
    endloop
  endfacet
  facet normal 0 0 1
    outer loop
      vertex -10.44 -6.64207 2.2
      vertex -11.7 -5 2.2
      vertex -10.6506 -6.5706 2.2
    endloop
  endfacet
  facet normal 0 0 1
    outer loop
      vertex -11.7 5 2.2
      vertex -11.0349 6.34869 2.2
      vertex -11.2021 6.20209 2.2
    endloop
  endfacet
  facet normal 0 0 1
    outer loop
      vertex -10.6506 -6.5706 2.2
      vertex -11.7 -5 2.2
      vertex -10.85 -6.47224 2.2
    endloop
  endfacet
  facet normal 0 0 1
    outer loop
      vertex -11.7 5 2.2
      vertex -11.2021 6.20209 2.2
      vertex -11.3487 6.0349 2.2
    endloop
  endfacet
  facet normal 0 0 1
    outer loop
      vertex -10.85 -6.47224 2.2
      vertex -11.7 -5 2.2
      vertex -11.0349 -6.34869 2.2
    endloop
  endfacet
  facet normal 0 0 1
    outer loop
      vertex -11.7 5 2.2
      vertex -11.3487 6.0349 2.2
      vertex -11.4722 5.85001 2.2
    endloop
  endfacet
  facet normal 0 0 1
    outer loop
      vertex -11.0349 -6.34869 2.2
      vertex -11.7 -5 2.2
      vertex -11.2021 -6.20209 2.2
    endloop
  endfacet
  facet normal 0 0 1
    outer loop
      vertex -11.7 5 2.2
      vertex -11.4722 5.85001 2.2
      vertex -11.5706 5.65056 2.2
    endloop
  endfacet
  facet normal 0 0 1
    outer loop
      vertex -11.2021 -6.20209 2.2
      vertex -11.7 -5 2.2
      vertex -11.3487 -6.0349 2.2
    endloop
  endfacet
  facet normal 0 0 1
    outer loop
      vertex -11.7 5 2.2
      vertex -11.5706 5.65056 2.2
      vertex -11.6421 5.43999 2.2
    endloop
  endfacet
  facet normal 0 0 1
    outer loop
      vertex -11.3487 -6.0349 2.2
      vertex -11.7 -5 2.2
      vertex -11.4722 -5.85001 2.2
    endloop
  endfacet
  facet normal 0 0 1
    outer loop
      vertex -11.7 5 2.2
      vertex -11.6421 5.43999 2.2
      vertex -11.6855 5.22189 2.2
    endloop
  endfacet
  facet normal 0 0 1
    outer loop
      vertex -11.4722 -5.85001 2.2
      vertex -11.7 -5 2.2
      vertex -11.5706 -5.65056 2.2
    endloop
  endfacet
  facet normal 0 0 1
    outer loop
      vertex -11.5706 -5.65056 2.2
      vertex -11.7 -5 2.2
      vertex -11.6421 -5.43999 2.2
    endloop
  endfacet
  facet normal 0 0 1
    outer loop
      vertex -11.6421 -5.43999 2.2
      vertex -11.7 -5 2.2
      vertex -11.6855 -5.22189 2.2
    endloop
  endfacet
  facet normal 0.321363 -0.946956 0
    outer loop
      vertex 10.44 -6.64207 1.2
      vertex 10.6506 -6.5706 2.2
      vertex 10.44 -6.64207 2.2
    endloop
  endfacet
  facet normal 0.321363 -0.946956 0
    outer loop
      vertex 10.6506 -6.5706 2.2
      vertex 10.44 -6.64207 1.2
      vertex 10.6506 -6.5706 1.2
    endloop
  endfacet
  facet normal 0.997872 0.0652086 1.02733e-19
    outer loop
      vertex 11.7 5 2.2
      vertex 11.6855 5.22189 1.2
      vertex 11.6855 5.22189 2.2
    endloop
  endfacet
  facet normal 0.997872 0.0652086 1.02733e-19
    outer loop
      vertex 11.6855 5.22189 1.2
      vertex 11.7 5 2.2
      vertex 11.7 5 1.2
    endloop
  endfacet
  facet normal 0.997872 -0.0652086 -1.02733e-19
    outer loop
      vertex 11.6855 -5.22189 2.2
      vertex 11.7 -5 1.2
      vertex 11.7 -5 2.2
    endloop
  endfacet
  facet normal 0.997872 -0.0652086 -1.02733e-19
    outer loop
      vertex 11.7 -5 1.2
      vertex 11.6855 -5.22189 2.2
      vertex 11.6855 -5.22189 1.2
    endloop
  endfacet
  facet normal 0.946901 -0.321525 1.43586e-18
    outer loop
      vertex 11.5706 -5.65056 2.2
      vertex 11.6421 -5.43999 1.2
      vertex 11.6421 -5.43999 2.2
    endloop
  endfacet
  facet normal 0.946901 -0.321525 1.43586e-18
    outer loop
      vertex 11.6421 -5.43999 1.2
      vertex 11.5706 -5.65056 2.2
      vertex 11.5706 -5.65056 1.2
    endloop
  endfacet
  facet normal 0.751888 0.659291 -7.7522e-18
    outer loop
      vertex 11.3487 6.0349 2.2
      vertex 11.2021 6.20209 1.2
      vertex 11.2021 6.20209 2.2
    endloop
  endfacet
  facet normal 0.751888 0.659291 -7.7522e-18
    outer loop
      vertex 11.2021 6.20209 1.2
      vertex 11.3487 6.0349 2.2
      vertex 11.3487 6.0349 1.2
    endloop
  endfacet
  facet normal 0.831552 0.555447 6.82765e-18
    outer loop
      vertex 11.4722 5.85001 2.2
      vertex 11.3487 6.0349 1.2
      vertex 11.3487 6.0349 2.2
    endloop
  endfacet
  facet normal 0.831552 0.555447 6.82765e-18
    outer loop
      vertex 11.3487 6.0349 1.2
      vertex 11.4722 5.85001 2.2
      vertex 11.4722 5.85001 1.2
    endloop
  endfacet
  facet normal 0.555582 0.831462 -0
    outer loop
      vertex 11.0349 6.34869 1.2
      vertex 10.85 6.47224 2.2
      vertex 11.0349 6.34869 2.2
    endloop
  endfacet
  facet normal 0.555582 0.831462 0
    outer loop
      vertex 10.85 6.47224 2.2
      vertex 11.0349 6.34869 1.2
      vertex 10.85 6.47224 1.2
    endloop
  endfacet
  facet normal -0.980718 -0.19543 -7.47467e-19
    outer loop
      vertex -27.8598 0.150105 0
      vertex -27.8892 0.297642 1.2
      vertex -27.8892 0.297642 0
    endloop
  endfacet
  facet normal -0.980718 -0.19543 -7.47467e-19
    outer loop
      vertex -27.8892 0.297642 1.2
      vertex -27.8598 0.150105 0
      vertex -27.8598 0.150105 1.2
    endloop
  endfacet
  facet normal -0.997876 -0.0651489 9.3883e-20
    outer loop
      vertex -27.85 0 0
      vertex -27.8598 0.150105 1.2
      vertex -27.8598 0.150105 0
    endloop
  endfacet
  facet normal -0.997876 -0.0651489 9.3883e-20
    outer loop
      vertex -27.8598 0.150105 1.2
      vertex -27.85 0 0
      vertex -27.85 0 1.2
    endloop
  endfacet
  facet normal 0.442319 -0.896858 0
    outer loop
      vertex -29.575 0.995929 0
      vertex -29.4401 1.06246 1.2
      vertex -29.575 0.995929 1.2
    endloop
  endfacet
  facet normal 0.442319 -0.896858 0
    outer loop
      vertex -29.4401 1.06246 1.2
      vertex -29.575 0.995929 0
      vertex -29.4401 1.06246 0
    endloop
  endfacet
  facet normal -0.659334 -0.75185 0
    outer loop
      vertex -28.2999 0.912355 0
      vertex -28.1868 0.813172 1.2
      vertex -28.2999 0.912355 1.2
    endloop
  endfacet
  facet normal -0.659334 -0.75185 -0
    outer loop
      vertex -28.1868 0.813172 1.2
      vertex -28.2999 0.912355 0
      vertex -28.1868 0.813172 0
    endloop
  endfacet
  facet normal 0.0654159 -0.997858 0
    outer loop
      vertex -29.1501 1.14016 0
      vertex -29 1.15 1.2
      vertex -29.1501 1.14016 1.2
    endloop
  endfacet
  facet normal 0.0654159 -0.997858 0
    outer loop
      vertex -29 1.15 1.2
      vertex -29.1501 1.14016 0
      vertex -29 1.15 0
    endloop
  endfacet
  facet normal -0.442319 0.896858 0
    outer loop
      vertex -28.425 -0.995929 0
      vertex -28.5599 -1.06246 1.2
      vertex -28.425 -0.995929 1.2
    endloop
  endfacet
  facet normal -0.442319 0.896858 0
    outer loop
      vertex -28.5599 -1.06246 1.2
      vertex -28.425 -0.995929 0
      vertex -28.5599 -1.06246 0
    endloop
  endfacet
  facet normal 0.980718 -0.19543 7.47467e-19
    outer loop
      vertex -30.1402 0.150105 1.2
      vertex -30.1108 0.297642 0
      vertex -30.1108 0.297642 1.2
    endloop
  endfacet
  facet normal 0.980718 -0.19543 7.47467e-19
    outer loop
      vertex -30.1108 0.297642 0
      vertex -30.1402 0.150105 1.2
      vertex -30.1402 0.150105 0
    endloop
  endfacet
  facet normal -0.195157 0.980772 0
    outer loop
      vertex -28.7024 -1.11081 0
      vertex -28.8499 -1.14016 1.2
      vertex -28.7024 -1.11081 1.2
    endloop
  endfacet
  facet normal -0.195157 0.980772 0
    outer loop
      vertex -28.8499 -1.14016 1.2
      vertex -28.7024 -1.11081 0
      vertex -28.8499 -1.14016 0
    endloop
  endfacet
  facet normal 0.0654159 0.997858 -0
    outer loop
      vertex -29 -1.15 0
      vertex -29.1501 -1.14016 1.2
      vertex -29 -1.15 1.2
    endloop
  endfacet
  facet normal 0.0654159 0.997858 0
    outer loop
      vertex -29.1501 -1.14016 1.2
      vertex -29 -1.15 0
      vertex -29.1501 -1.14016 0
    endloop
  endfacet
  facet normal 0.555501 0.831516 -0
    outer loop
      vertex -29.575 -0.995929 0
      vertex -29.7001 -0.912355 1.2
      vertex -29.575 -0.995929 1.2
    endloop
  endfacet
  facet normal 0.555501 0.831516 0
    outer loop
      vertex -29.7001 -0.912355 1.2
      vertex -29.575 -0.995929 0
      vertex -29.7001 -0.912355 0
    endloop
  endfacet
  facet normal -0.997876 0.0651489 -9.3883e-20
    outer loop
      vertex -27.8598 -0.150105 0
      vertex -27.85 0 1.2
      vertex -27.85 0 0
    endloop
  endfacet
  facet normal -0.997876 0.0651489 -9.3883e-20
    outer loop
      vertex -27.85 0 1.2
      vertex -27.8598 -0.150105 0
      vertex -27.8598 -0.150105 1.2
    endloop
  endfacet
  facet normal 0.997876 -0.0651489 -9.3883e-20
    outer loop
      vertex -30.15 0 1.2
      vertex -30.1402 0.150105 0
      vertex -30.1402 0.150105 1.2
    endloop
  endfacet
  facet normal 0.997876 -0.0651489 -9.3883e-20
    outer loop
      vertex -30.1402 0.150105 0
      vertex -30.15 0 1.2
      vertex -30.15 0 0
    endloop
  endfacet
  facet normal -0.831692 -0.555237 -3.31449e-18
    outer loop
      vertex -28.0041 0.575 0
      vertex -28.0876 0.700075 1.2
      vertex -28.0876 0.700075 0
    endloop
  endfacet
  facet normal -0.831692 -0.555237 -3.31449e-18
    outer loop
      vertex -28.0876 0.700075 1.2
      vertex -28.0041 0.575 0
      vertex -28.0041 0.575 1.2
    endloop
  endfacet
  facet normal -0.896695 -0.442648 1.83938e-18
    outer loop
      vertex -27.9375 0.440085 0
      vertex -28.0041 0.575 1.2
      vertex -28.0041 0.575 0
    endloop
  endfacet
  facet normal -0.896695 -0.442648 1.83938e-18
    outer loop
      vertex -28.0041 0.575 1.2
      vertex -27.9375 0.440085 0
      vertex -27.9375 0.440085 1.2
    endloop
  endfacet
  facet normal 0.947037 0.321124 -2.53473e-19
    outer loop
      vertex -30.0625 -0.440085 1.2
      vertex -30.1108 -0.297642 0
      vertex -30.1108 -0.297642 1.2
    endloop
  endfacet
  facet normal 0.947037 0.321124 -2.53473e-19
    outer loop
      vertex -30.1108 -0.297642 0
      vertex -30.0625 -0.440085 1.2
      vertex -30.0625 -0.440085 0
    endloop
  endfacet
  facet normal -0.751785 0.659408 -2.16947e-18
    outer loop
      vertex -28.1868 -0.813172 0
      vertex -28.0876 -0.700075 1.2
      vertex -28.0876 -0.700075 0
    endloop
  endfacet
  facet normal -0.751785 0.659408 -2.16947e-18
    outer loop
      vertex -28.0876 -0.700075 1.2
      vertex -28.1868 -0.813172 0
      vertex -28.1868 -0.813172 1.2
    endloop
  endfacet
  facet normal -0.980718 0.19543 7.47467e-19
    outer loop
      vertex -27.8892 -0.297642 0
      vertex -27.8598 -0.150105 1.2
      vertex -27.8598 -0.150105 0
    endloop
  endfacet
  facet normal -0.980718 0.19543 7.47467e-19
    outer loop
      vertex -27.8598 -0.150105 1.2
      vertex -27.8892 -0.297642 0
      vertex -27.8892 -0.297642 1.2
    endloop
  endfacet
  facet normal 0.896695 0.442648 1.83938e-18
    outer loop
      vertex -29.9959 -0.575 1.2
      vertex -30.0625 -0.440085 0
      vertex -30.0625 -0.440085 1.2
    endloop
  endfacet
  facet normal 0.896695 0.442648 1.83938e-18
    outer loop
      vertex -30.0625 -0.440085 0
      vertex -29.9959 -0.575 1.2
      vertex -29.9959 -0.575 0
    endloop
  endfacet
  facet normal 0.659334 -0.75185 0
    outer loop
      vertex -29.8132 0.813172 0
      vertex -29.7001 0.912355 1.2
      vertex -29.8132 0.813172 1.2
    endloop
  endfacet
  facet normal 0.659334 -0.75185 0
    outer loop
      vertex -29.7001 0.912355 1.2
      vertex -29.8132 0.813172 0
      vertex -29.7001 0.912355 0
    endloop
  endfacet
  facet normal 0.555501 -0.831516 0
    outer loop
      vertex -29.7001 0.912355 0
      vertex -29.575 0.995929 1.2
      vertex -29.7001 0.912355 1.2
    endloop
  endfacet
  facet normal 0.555501 -0.831516 0
    outer loop
      vertex -29.575 0.995929 1.2
      vertex -29.7001 0.912355 0
      vertex -29.575 0.995929 0
    endloop
  endfacet
  facet normal -0.0654159 -0.997858 0
    outer loop
      vertex -29 1.15 0
      vertex -28.8499 1.14016 1.2
      vertex -29 1.15 1.2
    endloop
  endfacet
  facet normal -0.0654159 -0.997858 -0
    outer loop
      vertex -28.8499 1.14016 1.2
      vertex -29 1.15 0
      vertex -28.8499 1.14016 0
    endloop
  endfacet
  facet normal 0.751785 0.659408 2.16947e-18
    outer loop
      vertex -29.8132 -0.813172 1.2
      vertex -29.9124 -0.700075 0
      vertex -29.9124 -0.700075 1.2
    endloop
  endfacet
  facet normal 0.751785 0.659408 2.16947e-18
    outer loop
      vertex -29.9124 -0.700075 0
      vertex -29.8132 -0.813172 1.2
      vertex -29.8132 -0.813172 0
    endloop
  endfacet
  facet normal 0.321307 -0.946975 0
    outer loop
      vertex -29.4401 1.06246 0
      vertex -29.2976 1.11081 1.2
      vertex -29.4401 1.06246 1.2
    endloop
  endfacet
  facet normal 0.321307 -0.946975 0
    outer loop
      vertex -29.2976 1.11081 1.2
      vertex -29.4401 1.06246 0
      vertex -29.2976 1.11081 0
    endloop
  endfacet
  facet normal -0.659334 0.75185 0
    outer loop
      vertex -28.1868 -0.813172 0
      vertex -28.2999 -0.912355 1.2
      vertex -28.1868 -0.813172 1.2
    endloop
  endfacet
  facet normal -0.659334 0.75185 0
    outer loop
      vertex -28.2999 -0.912355 1.2
      vertex -28.1868 -0.813172 0
      vertex -28.2999 -0.912355 0
    endloop
  endfacet
  facet normal -0.0654159 0.997858 0
    outer loop
      vertex -28.8499 -1.14016 0
      vertex -29 -1.15 1.2
      vertex -28.8499 -1.14016 1.2
    endloop
  endfacet
  facet normal -0.0654159 0.997858 0
    outer loop
      vertex -29 -1.15 1.2
      vertex -28.8499 -1.14016 0
      vertex -29 -1.15 0
    endloop
  endfacet
  facet normal -0.555501 -0.831516 0
    outer loop
      vertex -28.425 0.995929 0
      vertex -28.2999 0.912355 1.2
      vertex -28.425 0.995929 1.2
    endloop
  endfacet
  facet normal -0.555501 -0.831516 -0
    outer loop
      vertex -28.2999 0.912355 1.2
      vertex -28.425 0.995929 0
      vertex -28.2999 0.912355 0
    endloop
  endfacet
  facet normal 0.442319 0.896858 -0
    outer loop
      vertex -29.4401 -1.06246 0
      vertex -29.575 -0.995929 1.2
      vertex -29.4401 -1.06246 1.2
    endloop
  endfacet
  facet normal 0.442319 0.896858 0
    outer loop
      vertex -29.575 -0.995929 1.2
      vertex -29.4401 -1.06246 0
      vertex -29.575 -0.995929 0
    endloop
  endfacet
  facet normal -0.555501 0.831516 0
    outer loop
      vertex -28.2999 -0.912355 0
      vertex -28.425 -0.995929 1.2
      vertex -28.2999 -0.912355 1.2
    endloop
  endfacet
  facet normal -0.555501 0.831516 0
    outer loop
      vertex -28.425 -0.995929 1.2
      vertex -28.2999 -0.912355 0
      vertex -28.425 -0.995929 0
    endloop
  endfacet
  facet normal -0.321307 0.946975 0
    outer loop
      vertex -28.5599 -1.06246 0
      vertex -28.7024 -1.11081 1.2
      vertex -28.5599 -1.06246 1.2
    endloop
  endfacet
  facet normal -0.321307 0.946975 0
    outer loop
      vertex -28.7024 -1.11081 1.2
      vertex -28.5599 -1.06246 0
      vertex -28.7024 -1.11081 0
    endloop
  endfacet
  facet normal 0.195157 -0.980772 0
    outer loop
      vertex -29.2976 1.11081 0
      vertex -29.1501 1.14016 1.2
      vertex -29.2976 1.11081 1.2
    endloop
  endfacet
  facet normal 0.195157 -0.980772 0
    outer loop
      vertex -29.1501 1.14016 1.2
      vertex -29.2976 1.11081 0
      vertex -29.1501 1.14016 0
    endloop
  endfacet
  facet normal -0.442319 -0.896858 0
    outer loop
      vertex -28.5599 1.06246 0
      vertex -28.425 0.995929 1.2
      vertex -28.5599 1.06246 1.2
    endloop
  endfacet
  facet normal -0.442319 -0.896858 -0
    outer loop
      vertex -28.425 0.995929 1.2
      vertex -28.5599 1.06246 0
      vertex -28.425 0.995929 0
    endloop
  endfacet
  facet normal 0.980718 0.19543 -7.47467e-19
    outer loop
      vertex -30.1108 -0.297642 1.2
      vertex -30.1402 -0.150105 0
      vertex -30.1402 -0.150105 1.2
    endloop
  endfacet
  facet normal 0.980718 0.19543 -7.47467e-19
    outer loop
      vertex -30.1402 -0.150105 0
      vertex -30.1108 -0.297642 1.2
      vertex -30.1108 -0.297642 0
    endloop
  endfacet
  facet normal -0.321307 -0.946975 0
    outer loop
      vertex -28.7024 1.11081 0
      vertex -28.5599 1.06246 1.2
      vertex -28.7024 1.11081 1.2
    endloop
  endfacet
  facet normal -0.321307 -0.946975 -0
    outer loop
      vertex -28.5599 1.06246 1.2
      vertex -28.7024 1.11081 0
      vertex -28.5599 1.06246 0
    endloop
  endfacet
  facet normal 0.896695 -0.442648 -1.83938e-18
    outer loop
      vertex -30.0625 0.440085 1.2
      vertex -29.9959 0.575 0
      vertex -29.9959 0.575 1.2
    endloop
  endfacet
  facet normal 0.896695 -0.442648 -1.83938e-18
    outer loop
      vertex -29.9959 0.575 0
      vertex -30.0625 0.440085 1.2
      vertex -30.0625 0.440085 0
    endloop
  endfacet
  facet normal 0.831692 -0.555237 3.31449e-18
    outer loop
      vertex -29.9959 0.575 1.2
      vertex -29.9124 0.700075 0
      vertex -29.9124 0.700075 1.2
    endloop
  endfacet
  facet normal 0.831692 -0.555237 3.31449e-18
    outer loop
      vertex -29.9124 0.700075 0
      vertex -29.9959 0.575 1.2
      vertex -29.9959 0.575 0
    endloop
  endfacet
  facet normal -0.831692 0.555237 3.31449e-18
    outer loop
      vertex -28.0876 -0.700075 0
      vertex -28.0041 -0.575 1.2
      vertex -28.0041 -0.575 0
    endloop
  endfacet
  facet normal -0.831692 0.555237 3.31449e-18
    outer loop
      vertex -28.0041 -0.575 1.2
      vertex -28.0876 -0.700075 0
      vertex -28.0876 -0.700075 1.2
    endloop
  endfacet
  facet normal -0.947037 0.321124 2.53473e-19
    outer loop
      vertex -27.9375 -0.440085 0
      vertex -27.8892 -0.297642 1.2
      vertex -27.8892 -0.297642 0
    endloop
  endfacet
  facet normal -0.947037 0.321124 2.53473e-19
    outer loop
      vertex -27.8892 -0.297642 1.2
      vertex -27.9375 -0.440085 0
      vertex -27.9375 -0.440085 1.2
    endloop
  endfacet
  facet normal -0.195157 -0.980772 0
    outer loop
      vertex -28.8499 1.14016 0
      vertex -28.7024 1.11081 1.2
      vertex -28.8499 1.14016 1.2
    endloop
  endfacet
  facet normal -0.195157 -0.980772 -0
    outer loop
      vertex -28.7024 1.11081 1.2
      vertex -28.8499 1.14016 0
      vertex -28.7024 1.11081 0
    endloop
  endfacet
  facet normal 0.997876 0.0651489 9.3883e-20
    outer loop
      vertex -30.1402 -0.150105 1.2
      vertex -30.15 0 0
      vertex -30.15 0 1.2
    endloop
  endfacet
  facet normal 0.997876 0.0651489 9.3883e-20
    outer loop
      vertex -30.15 0 0
      vertex -30.1402 -0.150105 1.2
      vertex -30.1402 -0.150105 0
    endloop
  endfacet
  facet normal 0.195157 0.980772 -0
    outer loop
      vertex -29.1501 -1.14016 0
      vertex -29.2976 -1.11081 1.2
      vertex -29.1501 -1.14016 1.2
    endloop
  endfacet
  facet normal 0.195157 0.980772 0
    outer loop
      vertex -29.2976 -1.11081 1.2
      vertex -29.1501 -1.14016 0
      vertex -29.2976 -1.11081 0
    endloop
  endfacet
  facet normal -0.751785 -0.659408 2.16947e-18
    outer loop
      vertex -28.0876 0.700075 0
      vertex -28.1868 0.813172 1.2
      vertex -28.1868 0.813172 0
    endloop
  endfacet
  facet normal -0.751785 -0.659408 2.16947e-18
    outer loop
      vertex -28.1868 0.813172 1.2
      vertex -28.0876 0.700075 0
      vertex -28.0876 0.700075 1.2
    endloop
  endfacet
  facet normal -0.947037 -0.321124 -2.53473e-19
    outer loop
      vertex -27.8892 0.297642 0
      vertex -27.9375 0.440085 1.2
      vertex -27.9375 0.440085 0
    endloop
  endfacet
  facet normal -0.947037 -0.321124 -2.53473e-19
    outer loop
      vertex -27.9375 0.440085 1.2
      vertex -27.8892 0.297642 0
      vertex -27.8892 0.297642 1.2
    endloop
  endfacet
  facet normal 0.947037 -0.321124 2.53473e-19
    outer loop
      vertex -30.1108 0.297642 1.2
      vertex -30.0625 0.440085 0
      vertex -30.0625 0.440085 1.2
    endloop
  endfacet
  facet normal 0.947037 -0.321124 2.53473e-19
    outer loop
      vertex -30.0625 0.440085 0
      vertex -30.1108 0.297642 1.2
      vertex -30.1108 0.297642 0
    endloop
  endfacet
  facet normal 0.831692 0.555237 -3.31449e-18
    outer loop
      vertex -29.9124 -0.700075 1.2
      vertex -29.9959 -0.575 0
      vertex -29.9959 -0.575 1.2
    endloop
  endfacet
  facet normal 0.831692 0.555237 -3.31449e-18
    outer loop
      vertex -29.9959 -0.575 0
      vertex -29.9124 -0.700075 1.2
      vertex -29.9124 -0.700075 0
    endloop
  endfacet
  facet normal 0.321307 0.946975 -0
    outer loop
      vertex -29.2976 -1.11081 0
      vertex -29.4401 -1.06246 1.2
      vertex -29.2976 -1.11081 1.2
    endloop
  endfacet
  facet normal 0.321307 0.946975 0
    outer loop
      vertex -29.4401 -1.06246 1.2
      vertex -29.2976 -1.11081 0
      vertex -29.4401 -1.06246 0
    endloop
  endfacet
  facet normal -0.896695 0.442648 -1.83938e-18
    outer loop
      vertex -28.0041 -0.575 0
      vertex -27.9375 -0.440085 1.2
      vertex -27.9375 -0.440085 0
    endloop
  endfacet
  facet normal -0.896695 0.442648 -1.83938e-18
    outer loop
      vertex -27.9375 -0.440085 1.2
      vertex -28.0041 -0.575 0
      vertex -28.0041 -0.575 1.2
    endloop
  endfacet
  facet normal 0.659334 0.75185 -0
    outer loop
      vertex -29.7001 -0.912355 0
      vertex -29.8132 -0.813172 1.2
      vertex -29.7001 -0.912355 1.2
    endloop
  endfacet
  facet normal 0.659334 0.75185 0
    outer loop
      vertex -29.8132 -0.813172 1.2
      vertex -29.7001 -0.912355 0
      vertex -29.8132 -0.813172 0
    endloop
  endfacet
  facet normal 0.751785 -0.659408 -2.16947e-18
    outer loop
      vertex -29.9124 0.700075 1.2
      vertex -29.8132 0.813172 0
      vertex -29.8132 0.813172 1.2
    endloop
  endfacet
  facet normal 0.751785 -0.659408 -2.16947e-18
    outer loop
      vertex -29.8132 0.813172 0
      vertex -29.9124 0.700075 1.2
      vertex -29.9124 0.700075 0
    endloop
  endfacet
  facet normal -0.980718 -0.19543 -7.47467e-19
    outer loop
      vertex 30.1402 0.150105 0
      vertex 30.1108 0.297642 1.2
      vertex 30.1108 0.297642 0
    endloop
  endfacet
  facet normal -0.980718 -0.19543 -7.47467e-19
    outer loop
      vertex 30.1108 0.297642 1.2
      vertex 30.1402 0.150105 0
      vertex 30.1402 0.150105 1.2
    endloop
  endfacet
  facet normal -0.997876 -0.0651489 9.3883e-20
    outer loop
      vertex 30.15 0 0
      vertex 30.1402 0.150105 1.2
      vertex 30.1402 0.150105 0
    endloop
  endfacet
  facet normal -0.997876 -0.0651489 9.3883e-20
    outer loop
      vertex 30.1402 0.150105 1.2
      vertex 30.15 0 0
      vertex 30.15 0 1.2
    endloop
  endfacet
  facet normal 0.442319 -0.896858 0
    outer loop
      vertex 28.425 0.995929 0
      vertex 28.5599 1.06246 1.2
      vertex 28.425 0.995929 1.2
    endloop
  endfacet
  facet normal 0.442319 -0.896858 0
    outer loop
      vertex 28.5599 1.06246 1.2
      vertex 28.425 0.995929 0
      vertex 28.5599 1.06246 0
    endloop
  endfacet
  facet normal -0.659334 -0.75185 0
    outer loop
      vertex 29.7001 0.912355 0
      vertex 29.8132 0.813172 1.2
      vertex 29.7001 0.912355 1.2
    endloop
  endfacet
  facet normal -0.659334 -0.75185 -0
    outer loop
      vertex 29.8132 0.813172 1.2
      vertex 29.7001 0.912355 0
      vertex 29.8132 0.813172 0
    endloop
  endfacet
  facet normal -0.442319 0.896858 0
    outer loop
      vertex 29.575 -0.995929 0
      vertex 29.4401 -1.06246 1.2
      vertex 29.575 -0.995929 1.2
    endloop
  endfacet
  facet normal -0.442319 0.896858 0
    outer loop
      vertex 29.4401 -1.06246 1.2
      vertex 29.575 -0.995929 0
      vertex 29.4401 -1.06246 0
    endloop
  endfacet
  facet normal 0.980718 -0.19543 7.47467e-19
    outer loop
      vertex 27.8598 0.150105 1.2
      vertex 27.8892 0.297642 0
      vertex 27.8892 0.297642 1.2
    endloop
  endfacet
  facet normal 0.980718 -0.19543 7.47467e-19
    outer loop
      vertex 27.8892 0.297642 0
      vertex 27.8598 0.150105 1.2
      vertex 27.8598 0.150105 0
    endloop
  endfacet
  facet normal -0.195157 0.980772 0
    outer loop
      vertex 29.2976 -1.11081 0
      vertex 29.1501 -1.14016 1.2
      vertex 29.2976 -1.11081 1.2
    endloop
  endfacet
  facet normal -0.195157 0.980772 0
    outer loop
      vertex 29.1501 -1.14016 1.2
      vertex 29.2976 -1.11081 0
      vertex 29.1501 -1.14016 0
    endloop
  endfacet
  facet normal 0.0654159 0.997858 -0
    outer loop
      vertex 29 -1.15 0
      vertex 28.8499 -1.14016 1.2
      vertex 29 -1.15 1.2
    endloop
  endfacet
  facet normal 0.0654159 0.997858 0
    outer loop
      vertex 28.8499 -1.14016 1.2
      vertex 29 -1.15 0
      vertex 28.8499 -1.14016 0
    endloop
  endfacet
  facet normal 0.555501 0.831516 -0
    outer loop
      vertex 28.425 -0.995929 0
      vertex 28.2999 -0.912355 1.2
      vertex 28.425 -0.995929 1.2
    endloop
  endfacet
  facet normal 0.555501 0.831516 0
    outer loop
      vertex 28.2999 -0.912355 1.2
      vertex 28.425 -0.995929 0
      vertex 28.2999 -0.912355 0
    endloop
  endfacet
  facet normal -0.997876 0.0651489 -9.3883e-20
    outer loop
      vertex 30.1402 -0.150105 0
      vertex 30.15 0 1.2
      vertex 30.15 0 0
    endloop
  endfacet
  facet normal -0.997876 0.0651489 -9.3883e-20
    outer loop
      vertex 30.15 0 1.2
      vertex 30.1402 -0.150105 0
      vertex 30.1402 -0.150105 1.2
    endloop
  endfacet
  facet normal 0.997876 -0.0651489 -9.3883e-20
    outer loop
      vertex 27.85 0 1.2
      vertex 27.8598 0.150105 0
      vertex 27.8598 0.150105 1.2
    endloop
  endfacet
  facet normal 0.997876 -0.0651489 -9.3883e-20
    outer loop
      vertex 27.8598 0.150105 0
      vertex 27.85 0 1.2
      vertex 27.85 0 0
    endloop
  endfacet
  facet normal -0.831692 -0.555237 -3.31449e-18
    outer loop
      vertex 29.9959 0.575 0
      vertex 29.9124 0.700075 1.2
      vertex 29.9124 0.700075 0
    endloop
  endfacet
  facet normal -0.831692 -0.555237 -3.31449e-18
    outer loop
      vertex 29.9124 0.700075 1.2
      vertex 29.9959 0.575 0
      vertex 29.9959 0.575 1.2
    endloop
  endfacet
  facet normal -0.896695 -0.442648 1.83938e-18
    outer loop
      vertex 30.0625 0.440085 0
      vertex 29.9959 0.575 1.2
      vertex 29.9959 0.575 0
    endloop
  endfacet
  facet normal -0.896695 -0.442648 1.83938e-18
    outer loop
      vertex 29.9959 0.575 1.2
      vertex 30.0625 0.440085 0
      vertex 30.0625 0.440085 1.2
    endloop
  endfacet
  facet normal 0.947037 0.321124 -2.53473e-19
    outer loop
      vertex 27.9375 -0.440085 1.2
      vertex 27.8892 -0.297642 0
      vertex 27.8892 -0.297642 1.2
    endloop
  endfacet
  facet normal 0.947037 0.321124 -2.53473e-19
    outer loop
      vertex 27.8892 -0.297642 0
      vertex 27.9375 -0.440085 1.2
      vertex 27.9375 -0.440085 0
    endloop
  endfacet
  facet normal -0.751785 0.659408 -2.16947e-18
    outer loop
      vertex 29.8132 -0.813172 0
      vertex 29.9124 -0.700075 1.2
      vertex 29.9124 -0.700075 0
    endloop
  endfacet
  facet normal -0.751785 0.659408 -2.16947e-18
    outer loop
      vertex 29.9124 -0.700075 1.2
      vertex 29.8132 -0.813172 0
      vertex 29.8132 -0.813172 1.2
    endloop
  endfacet
  facet normal -0.980718 0.19543 7.47467e-19
    outer loop
      vertex 30.1108 -0.297642 0
      vertex 30.1402 -0.150105 1.2
      vertex 30.1402 -0.150105 0
    endloop
  endfacet
  facet normal -0.980718 0.19543 7.47467e-19
    outer loop
      vertex 30.1402 -0.150105 1.2
      vertex 30.1108 -0.297642 0
      vertex 30.1108 -0.297642 1.2
    endloop
  endfacet
  facet normal 0.896695 0.442648 1.83938e-18
    outer loop
      vertex 28.0041 -0.575 1.2
      vertex 27.9375 -0.440085 0
      vertex 27.9375 -0.440085 1.2
    endloop
  endfacet
  facet normal 0.896695 0.442648 1.83938e-18
    outer loop
      vertex 27.9375 -0.440085 0
      vertex 28.0041 -0.575 1.2
      vertex 28.0041 -0.575 0
    endloop
  endfacet
  facet normal 0.321307 -0.946975 0
    outer loop
      vertex 28.5599 1.06246 0
      vertex 28.7024 1.11081 1.2
      vertex 28.5599 1.06246 1.2
    endloop
  endfacet
  facet normal 0.321307 -0.946975 0
    outer loop
      vertex 28.7024 1.11081 1.2
      vertex 28.5599 1.06246 0
      vertex 28.7024 1.11081 0
    endloop
  endfacet
  facet normal 0.659334 -0.75185 0
    outer loop
      vertex 28.1868 0.813172 0
      vertex 28.2999 0.912355 1.2
      vertex 28.1868 0.813172 1.2
    endloop
  endfacet
  facet normal 0.659334 -0.75185 0
    outer loop
      vertex 28.2999 0.912355 1.2
      vertex 28.1868 0.813172 0
      vertex 28.2999 0.912355 0
    endloop
  endfacet
  facet normal 0.555501 -0.831516 0
    outer loop
      vertex 28.2999 0.912355 0
      vertex 28.425 0.995929 1.2
      vertex 28.2999 0.912355 1.2
    endloop
  endfacet
  facet normal 0.555501 -0.831516 0
    outer loop
      vertex 28.425 0.995929 1.2
      vertex 28.2999 0.912355 0
      vertex 28.425 0.995929 0
    endloop
  endfacet
  facet normal -0.0654159 -0.997858 0
    outer loop
      vertex 29 1.15 0
      vertex 29.1501 1.14016 1.2
      vertex 29 1.15 1.2
    endloop
  endfacet
  facet normal -0.0654159 -0.997858 -0
    outer loop
      vertex 29.1501 1.14016 1.2
      vertex 29 1.15 0
      vertex 29.1501 1.14016 0
    endloop
  endfacet
  facet normal 0.751785 0.659408 2.16947e-18
    outer loop
      vertex 28.1868 -0.813172 1.2
      vertex 28.0876 -0.700075 0
      vertex 28.0876 -0.700075 1.2
    endloop
  endfacet
  facet normal 0.751785 0.659408 2.16947e-18
    outer loop
      vertex 28.0876 -0.700075 0
      vertex 28.1868 -0.813172 1.2
      vertex 28.1868 -0.813172 0
    endloop
  endfacet
  facet normal -0.659334 0.75185 0
    outer loop
      vertex 29.8132 -0.813172 0
      vertex 29.7001 -0.912355 1.2
      vertex 29.8132 -0.813172 1.2
    endloop
  endfacet
  facet normal -0.659334 0.75185 0
    outer loop
      vertex 29.7001 -0.912355 1.2
      vertex 29.8132 -0.813172 0
      vertex 29.7001 -0.912355 0
    endloop
  endfacet
  facet normal -0.0654159 0.997858 0
    outer loop
      vertex 29.1501 -1.14016 0
      vertex 29 -1.15 1.2
      vertex 29.1501 -1.14016 1.2
    endloop
  endfacet
  facet normal -0.0654159 0.997858 0
    outer loop
      vertex 29 -1.15 1.2
      vertex 29.1501 -1.14016 0
      vertex 29 -1.15 0
    endloop
  endfacet
  facet normal -0.555501 -0.831516 0
    outer loop
      vertex 29.575 0.995929 0
      vertex 29.7001 0.912355 1.2
      vertex 29.575 0.995929 1.2
    endloop
  endfacet
  facet normal -0.555501 -0.831516 -0
    outer loop
      vertex 29.7001 0.912355 1.2
      vertex 29.575 0.995929 0
      vertex 29.7001 0.912355 0
    endloop
  endfacet
  facet normal 0.442319 0.896858 -0
    outer loop
      vertex 28.5599 -1.06246 0
      vertex 28.425 -0.995929 1.2
      vertex 28.5599 -1.06246 1.2
    endloop
  endfacet
  facet normal 0.442319 0.896858 0
    outer loop
      vertex 28.425 -0.995929 1.2
      vertex 28.5599 -1.06246 0
      vertex 28.425 -0.995929 0
    endloop
  endfacet
  facet normal -0.555501 0.831516 0
    outer loop
      vertex 29.7001 -0.912355 0
      vertex 29.575 -0.995929 1.2
      vertex 29.7001 -0.912355 1.2
    endloop
  endfacet
  facet normal -0.555501 0.831516 0
    outer loop
      vertex 29.575 -0.995929 1.2
      vertex 29.7001 -0.912355 0
      vertex 29.575 -0.995929 0
    endloop
  endfacet
  facet normal -0.321307 0.946975 0
    outer loop
      vertex 29.4401 -1.06246 0
      vertex 29.2976 -1.11081 1.2
      vertex 29.4401 -1.06246 1.2
    endloop
  endfacet
  facet normal -0.321307 0.946975 0
    outer loop
      vertex 29.2976 -1.11081 1.2
      vertex 29.4401 -1.06246 0
      vertex 29.2976 -1.11081 0
    endloop
  endfacet
  facet normal 0.195157 -0.980772 0
    outer loop
      vertex 28.7024 1.11081 0
      vertex 28.8499 1.14016 1.2
      vertex 28.7024 1.11081 1.2
    endloop
  endfacet
  facet normal 0.195157 -0.980772 0
    outer loop
      vertex 28.8499 1.14016 1.2
      vertex 28.7024 1.11081 0
      vertex 28.8499 1.14016 0
    endloop
  endfacet
  facet normal -0.442319 -0.896858 0
    outer loop
      vertex 29.4401 1.06246 0
      vertex 29.575 0.995929 1.2
      vertex 29.4401 1.06246 1.2
    endloop
  endfacet
  facet normal -0.442319 -0.896858 -0
    outer loop
      vertex 29.575 0.995929 1.2
      vertex 29.4401 1.06246 0
      vertex 29.575 0.995929 0
    endloop
  endfacet
  facet normal 0.980718 0.19543 -7.47467e-19
    outer loop
      vertex 27.8892 -0.297642 1.2
      vertex 27.8598 -0.150105 0
      vertex 27.8598 -0.150105 1.2
    endloop
  endfacet
  facet normal 0.980718 0.19543 -7.47467e-19
    outer loop
      vertex 27.8598 -0.150105 0
      vertex 27.8892 -0.297642 1.2
      vertex 27.8892 -0.297642 0
    endloop
  endfacet
  facet normal -0.321307 -0.946975 0
    outer loop
      vertex 29.2976 1.11081 0
      vertex 29.4401 1.06246 1.2
      vertex 29.2976 1.11081 1.2
    endloop
  endfacet
  facet normal -0.321307 -0.946975 -0
    outer loop
      vertex 29.4401 1.06246 1.2
      vertex 29.2976 1.11081 0
      vertex 29.4401 1.06246 0
    endloop
  endfacet
  facet normal 0.896695 -0.442648 -1.83938e-18
    outer loop
      vertex 27.9375 0.440085 1.2
      vertex 28.0041 0.575 0
      vertex 28.0041 0.575 1.2
    endloop
  endfacet
  facet normal 0.896695 -0.442648 -1.83938e-18
    outer loop
      vertex 28.0041 0.575 0
      vertex 27.9375 0.440085 1.2
      vertex 27.9375 0.440085 0
    endloop
  endfacet
  facet normal 0.831692 -0.555237 3.31449e-18
    outer loop
      vertex 28.0041 0.575 1.2
      vertex 28.0876 0.700075 0
      vertex 28.0876 0.700075 1.2
    endloop
  endfacet
  facet normal 0.831692 -0.555237 3.31449e-18
    outer loop
      vertex 28.0876 0.700075 0
      vertex 28.0041 0.575 1.2
      vertex 28.0041 0.575 0
    endloop
  endfacet
  facet normal -0.831692 0.555237 3.31449e-18
    outer loop
      vertex 29.9124 -0.700075 0
      vertex 29.9959 -0.575 1.2
      vertex 29.9959 -0.575 0
    endloop
  endfacet
  facet normal -0.831692 0.555237 3.31449e-18
    outer loop
      vertex 29.9959 -0.575 1.2
      vertex 29.9124 -0.700075 0
      vertex 29.9124 -0.700075 1.2
    endloop
  endfacet
  facet normal -0.947037 0.321124 2.53473e-19
    outer loop
      vertex 30.0625 -0.440085 0
      vertex 30.1108 -0.297642 1.2
      vertex 30.1108 -0.297642 0
    endloop
  endfacet
  facet normal -0.947037 0.321124 2.53473e-19
    outer loop
      vertex 30.1108 -0.297642 1.2
      vertex 30.0625 -0.440085 0
      vertex 30.0625 -0.440085 1.2
    endloop
  endfacet
  facet normal -0.195157 -0.980772 0
    outer loop
      vertex 29.1501 1.14016 0
      vertex 29.2976 1.11081 1.2
      vertex 29.1501 1.14016 1.2
    endloop
  endfacet
  facet normal -0.195157 -0.980772 -0
    outer loop
      vertex 29.2976 1.11081 1.2
      vertex 29.1501 1.14016 0
      vertex 29.2976 1.11081 0
    endloop
  endfacet
  facet normal 0.997876 0.0651489 9.3883e-20
    outer loop
      vertex 27.8598 -0.150105 1.2
      vertex 27.85 0 0
      vertex 27.85 0 1.2
    endloop
  endfacet
  facet normal 0.997876 0.0651489 9.3883e-20
    outer loop
      vertex 27.85 0 0
      vertex 27.8598 -0.150105 1.2
      vertex 27.8598 -0.150105 0
    endloop
  endfacet
  facet normal 0.195157 0.980772 -0
    outer loop
      vertex 28.8499 -1.14016 0
      vertex 28.7024 -1.11081 1.2
      vertex 28.8499 -1.14016 1.2
    endloop
  endfacet
  facet normal 0.195157 0.980772 0
    outer loop
      vertex 28.7024 -1.11081 1.2
      vertex 28.8499 -1.14016 0
      vertex 28.7024 -1.11081 0
    endloop
  endfacet
  facet normal -0.751785 -0.659408 2.16947e-18
    outer loop
      vertex 29.9124 0.700075 0
      vertex 29.8132 0.813172 1.2
      vertex 29.8132 0.813172 0
    endloop
  endfacet
  facet normal -0.751785 -0.659408 2.16947e-18
    outer loop
      vertex 29.8132 0.813172 1.2
      vertex 29.9124 0.700075 0
      vertex 29.9124 0.700075 1.2
    endloop
  endfacet
  facet normal -0.947037 -0.321124 -2.53473e-19
    outer loop
      vertex 30.1108 0.297642 0
      vertex 30.0625 0.440085 1.2
      vertex 30.0625 0.440085 0
    endloop
  endfacet
  facet normal -0.947037 -0.321124 -2.53473e-19
    outer loop
      vertex 30.0625 0.440085 1.2
      vertex 30.1108 0.297642 0
      vertex 30.1108 0.297642 1.2
    endloop
  endfacet
  facet normal 0.947037 -0.321124 2.53473e-19
    outer loop
      vertex 27.8892 0.297642 1.2
      vertex 27.9375 0.440085 0
      vertex 27.9375 0.440085 1.2
    endloop
  endfacet
  facet normal 0.947037 -0.321124 2.53473e-19
    outer loop
      vertex 27.9375 0.440085 0
      vertex 27.8892 0.297642 1.2
      vertex 27.8892 0.297642 0
    endloop
  endfacet
  facet normal 0.831692 0.555237 -3.31449e-18
    outer loop
      vertex 28.0876 -0.700075 1.2
      vertex 28.0041 -0.575 0
      vertex 28.0041 -0.575 1.2
    endloop
  endfacet
  facet normal 0.831692 0.555237 -3.31449e-18
    outer loop
      vertex 28.0041 -0.575 0
      vertex 28.0876 -0.700075 1.2
      vertex 28.0876 -0.700075 0
    endloop
  endfacet
  facet normal 0.0654159 -0.997858 0
    outer loop
      vertex 28.8499 1.14016 0
      vertex 29 1.15 1.2
      vertex 28.8499 1.14016 1.2
    endloop
  endfacet
  facet normal 0.0654159 -0.997858 0
    outer loop
      vertex 29 1.15 1.2
      vertex 28.8499 1.14016 0
      vertex 29 1.15 0
    endloop
  endfacet
  facet normal 0.321307 0.946975 -0
    outer loop
      vertex 28.7024 -1.11081 0
      vertex 28.5599 -1.06246 1.2
      vertex 28.7024 -1.11081 1.2
    endloop
  endfacet
  facet normal 0.321307 0.946975 0
    outer loop
      vertex 28.5599 -1.06246 1.2
      vertex 28.7024 -1.11081 0
      vertex 28.5599 -1.06246 0
    endloop
  endfacet
  facet normal -0.896695 0.442648 -1.83938e-18
    outer loop
      vertex 29.9959 -0.575 0
      vertex 30.0625 -0.440085 1.2
      vertex 30.0625 -0.440085 0
    endloop
  endfacet
  facet normal -0.896695 0.442648 -1.83938e-18
    outer loop
      vertex 30.0625 -0.440085 1.2
      vertex 29.9959 -0.575 0
      vertex 29.9959 -0.575 1.2
    endloop
  endfacet
  facet normal 0.659334 0.75185 -0
    outer loop
      vertex 28.2999 -0.912355 0
      vertex 28.1868 -0.813172 1.2
      vertex 28.2999 -0.912355 1.2
    endloop
  endfacet
  facet normal 0.659334 0.75185 0
    outer loop
      vertex 28.1868 -0.813172 1.2
      vertex 28.2999 -0.912355 0
      vertex 28.1868 -0.813172 0
    endloop
  endfacet
  facet normal 0.751785 -0.659408 -2.16947e-18
    outer loop
      vertex 28.0876 0.700075 1.2
      vertex 28.1868 0.813172 0
      vertex 28.1868 0.813172 1.2
    endloop
  endfacet
  facet normal 0.751785 -0.659408 -2.16947e-18
    outer loop
      vertex 28.1868 0.813172 0
      vertex 28.0876 0.700075 1.2
      vertex 28.0876 0.700075 0
    endloop
  endfacet
endsolid OpenSCAD_Model
