solid OpenSCAD_Model
  facet normal 0.138154 -0.694271 -0.706329
    outer loop
      vertex 43.5438 -79.9709 1
      vertex 43.4133 -78.9795 0
      vertex 43.98 -79.8841 1
    endloop
  endfacet
  facet normal 0.138218 -0.694245 -0.706342
    outer loop
      vertex 43.98 -79.8841 1
      vertex 43.4133 -78.9795 0
      vertex 43.7212 -78.9182 0
    endloop
  endfacet
  facet normal -0.94696 0.32135 -1.7412e-19
    outer loop
      vertex -46.3841 77.48 1
      vertex -46.2412 77.9011 36.4
      vertex -46.2412 77.9011 1
    endloop
  endfacet
  facet normal -0.94696 0.32135 -1.7412e-19
    outer loop
      vertex -46.2412 77.9011 36.4
      vertex -46.3841 77.48 1
      vertex -46.3841 77.48 36.4
    endloop
  endfacet
  facet normal 0.0462183 -0.706351 -0.706351
    outer loop
      vertex 43.4133 -78.9795 0
      vertex 43.1 -80 1
      vertex 43.1 -79 0
    endloop
  endfacet
  facet normal 0.588544 0.393265 -0.70637
    outer loop
      vertex 46.0445 78.3 1
      vertex 45.004 78.061 0
      vertex 45.7974 78.6698 1
    endloop
  endfacet
  facet normal 0.195165 0.98077 -0
    outer loop
      vertex 43.98 79.8841 1
      vertex 43.5438 79.9709 36.4
      vertex 43.98 79.8841 36.4
    endloop
  endfacet
  facet normal 0.195165 0.98077 0
    outer loop
      vertex 43.5438 79.9709 36.4
      vertex 43.98 79.8841 1
      vertex 43.5438 79.9709 1
    endloop
  endfacet
  facet normal 0.44226 -0.896887 0
    outer loop
      vertex 44.4011 -79.7412 1
      vertex 44.8 -79.5445 36.4
      vertex 44.4011 -79.7412 36.4
    endloop
  endfacet
  facet normal 0.44226 -0.896887 0
    outer loop
      vertex 44.8 -79.5445 36.4
      vertex 44.4011 -79.7412 1
      vertex 44.8 -79.5445 1
    endloop
  endfacet
  facet normal -0.98077 0.195165 7.78307e-20
    outer loop
      vertex -46.4709 77.0438 1
      vertex -46.3841 77.48 36.4
      vertex -46.3841 77.48 1
    endloop
  endfacet
  facet normal -0.98077 0.195165 7.78307e-20
    outer loop
      vertex -46.3841 77.48 36.4
      vertex -46.4709 77.0438 1
      vertex -46.4709 77.0438 36.4
    endloop
  endfacet
  facet normal -0.227568 0.670299 -0.706337
    outer loop
      vertex -43.7212 78.9182 0
      vertex -44.0184 78.8173 0
      vertex -43.98 79.8841 1
    endloop
  endfacet
  facet normal -0.0462183 -0.706351 -0.706351
    outer loop
      vertex -43.1 -80 1
      vertex -43.4133 -78.9795 0
      vertex -43.1 -79 0
    endloop
  endfacet
  facet normal -0.22747 -0.670313 -0.706355
    outer loop
      vertex -43.98 -79.8841 1
      vertex -44.4011 -79.7412 1
      vertex -44.0184 -78.8173 0
    endloop
  endfacet
  facet normal 0.0654296 -0.997857 0
    outer loop
      vertex 43.1 -80 1
      vertex 43.5438 -79.9709 36.4
      vertex 43.1 -80 36.4
    endloop
  endfacet
  facet normal 0.0654296 -0.997857 0
    outer loop
      vertex 43.5438 -79.9709 36.4
      vertex 43.1 -80 1
      vertex 43.5438 -79.9709 1
    endloop
  endfacet
  facet normal -0.98077 -0.195165 -7.78307e-20
    outer loop
      vertex -46.3841 -77.48 1
      vertex -46.4709 -77.0438 36.4
      vertex -46.4709 -77.0438 1
    endloop
  endfacet
  facet normal -0.98077 -0.195165 -7.78307e-20
    outer loop
      vertex -46.4709 -77.0438 36.4
      vertex -46.3841 -77.48 1
      vertex -46.3841 -77.48 36.4
    endloop
  endfacet
  facet normal -0.831462 -0.555582 1.30872e-19
    outer loop
      vertex -45.7974 -78.6698 1
      vertex -46.0445 -78.3 36.4
      vertex -46.0445 -78.3 1
    endloop
  endfacet
  facet normal -0.831462 -0.555582 1.30872e-19
    outer loop
      vertex -46.0445 -78.3 36.4
      vertex -45.7974 -78.6698 1
      vertex -45.7974 -78.6698 36.4
    endloop
  endfacet
  facet normal -0.694271 0.138154 -0.706329
    outer loop
      vertex -45.4795 76.9133 0
      vertex -46.4709 77.0438 1
      vertex -46.3841 77.48 1
    endloop
  endfacet
  facet normal 0.138154 0.694271 -0.706329
    outer loop
      vertex 43.98 79.8841 1
      vertex 43.4133 78.9795 0
      vertex 43.5438 79.9709 1
    endloop
  endfacet
  facet normal 0.22747 -0.670313 -0.706355
    outer loop
      vertex 44.4011 -79.7412 1
      vertex 43.98 -79.8841 1
      vertex 44.0184 -78.8173 0
    endloop
  endfacet
  facet normal 0.39344 -0.588469 -0.706335
    outer loop
      vertex 44.8 -79.5445 1
      vertex 44.3 -78.6785 0
      vertex 44.561 -78.504 0
    endloop
  endfacet
  facet normal -0.659268 -0.751908 0
    outer loop
      vertex -45.5042 -79.0042 1
      vertex -45.1698 -79.2974 36.4
      vertex -45.5042 -79.0042 36.4
    endloop
  endfacet
  facet normal -0.659268 -0.751908 -0
    outer loop
      vertex -45.1698 -79.2974 36.4
      vertex -45.5042 -79.0042 1
      vertex -45.1698 -79.2974 1
    endloop
  endfacet
  facet normal 0.195165 -0.98077 0
    outer loop
      vertex 43.5438 -79.9709 1
      vertex 43.98 -79.8841 36.4
      vertex 43.5438 -79.9709 36.4
    endloop
  endfacet
  facet normal 0.195165 -0.98077 0
    outer loop
      vertex 43.98 -79.8841 36.4
      vertex 43.5438 -79.9709 1
      vertex 43.98 -79.8841 1
    endloop
  endfacet
  facet normal -0.466657 0.532231 -0.706372
    outer loop
      vertex -44.561 78.504 0
      vertex -45.5042 79.0042 1
      vertex -45.1698 79.2974 1
    endloop
  endfacet
  facet normal 0.0463163 -0.706363 -0.706333
    outer loop
      vertex 43.5438 -79.9709 1
      vertex 43.1 -80 1
      vertex 43.4133 -78.9795 0
    endloop
  endfacet
  facet normal 0.313056 0.634865 -0.706358
    outer loop
      vertex 44.8 79.5445 1
      vertex 44.0184 78.8173 0
      vertex 44.4011 79.7412 1
    endloop
  endfacet
  facet normal 0 -0.707107 -0.707107
    outer loop
      vertex -43.1 -79 0
      vertex 43.1 -80 1
      vertex -43.1 -80 1
    endloop
  endfacet
  facet normal 0 -0.707107 -0.707107
    outer loop
      vertex 43.1 -80 1
      vertex -43.1 -79 0
      vertex 43.1 -79 0
    endloop
  endfacet
  facet normal -1 0 0
    outer loop
      vertex -46.5 -76.6 1
      vertex -46.5 76.6 36.4
      vertex -46.5 76.6 1
    endloop
  endfacet
  facet normal -1 -0 0
    outer loop
      vertex -46.5 76.6 36.4
      vertex -46.5 -76.6 1
      vertex -46.5 -76.6 36.4
    endloop
  endfacet
  facet normal -0.94696 -0.32135 1.7412e-19
    outer loop
      vertex -46.2412 -77.9011 1
      vertex -46.3841 -77.48 36.4
      vertex -46.3841 -77.48 1
    endloop
  endfacet
  facet normal -0.94696 -0.32135 1.7412e-19
    outer loop
      vertex -46.3841 -77.48 36.4
      vertex -46.2412 -77.9011 1
      vertex -46.2412 -77.9011 36.4
    endloop
  endfacet
  facet normal -0.694245 0.138218 -0.706342
    outer loop
      vertex -45.4795 76.9133 0
      vertex -46.3841 77.48 1
      vertex -45.4182 77.2212 0
    endloop
  endfacet
  facet normal 0 0.707107 -0.707107
    outer loop
      vertex 43.1 79 0
      vertex -43.1 80 1
      vertex 43.1 80 1
    endloop
  endfacet
  facet normal 0 0.707107 -0.707107
    outer loop
      vertex -43.1 80 1
      vertex 43.1 79 0
      vertex -43.1 79 0
    endloop
  endfacet
  facet normal 0.532231 -0.466657 -0.706372
    outer loop
      vertex 45.5042 -79.0042 1
      vertex 45.004 -78.061 0
      vertex 45.7974 -78.6698 1
    endloop
  endfacet
  facet normal 0.312959 -0.634938 -0.706336
    outer loop
      vertex 44.8 -79.5445 1
      vertex 44.0184 -78.8173 0
      vertex 44.3 -78.6785 0
    endloop
  endfacet
  facet normal -0.751908 -0.659268 -1.58587e-19
    outer loop
      vertex -45.5042 -79.0042 1
      vertex -45.7974 -78.6698 36.4
      vertex -45.7974 -78.6698 1
    endloop
  endfacet
  facet normal -0.751908 -0.659268 -1.58587e-19
    outer loop
      vertex -45.7974 -78.6698 36.4
      vertex -45.5042 -79.0042 1
      vertex -45.5042 -79.0042 36.4
    endloop
  endfacet
  facet normal -0.997857 -0.0654296 -3.8337e-20
    outer loop
      vertex -46.4709 -77.0438 1
      vertex -46.5 -76.6 36.4
      vertex -46.5 -76.6 1
    endloop
  endfacet
  facet normal -0.997857 -0.0654296 -3.8337e-20
    outer loop
      vertex -46.5 -76.6 36.4
      vertex -46.4709 -77.0438 1
      vertex -46.4709 -77.0438 36.4
    endloop
  endfacet
  facet normal 0.466738 -0.532127 -0.706397
    outer loop
      vertex 45.5042 -79.0042 1
      vertex 44.561 -78.504 0
      vertex 44.797 -78.297 0
    endloop
  endfacet
  facet normal -0.532127 -0.466738 -0.706397
    outer loop
      vertex -44.797 -78.297 0
      vertex -45.5042 -79.0042 1
      vertex -45.004 -78.061 0
    endloop
  endfacet
  facet normal 0.634938 -0.312959 -0.706336
    outer loop
      vertex 46.0445 -78.3 1
      vertex 45.1785 -77.8 0
      vertex 45.3173 -77.5184 0
    endloop
  endfacet
  facet normal 0 -1 0
    outer loop
      vertex -43.1 -80 1
      vertex 43.1 -80 36.4
      vertex -43.1 -80 36.4
    endloop
  endfacet
  facet normal 0 -1 -0
    outer loop
      vertex 43.1 -80 36.4
      vertex -43.1 -80 1
      vertex 43.1 -80 1
    endloop
  endfacet
  facet normal 0.707107 0 -0.707107
    outer loop
      vertex 46.5 -76.6 1
      vertex 45.5 76.6 0
      vertex 46.5 76.6 1
    endloop
  endfacet
  facet normal 0.707107 0 -0.707107
    outer loop
      vertex 45.5 76.6 0
      vertex 46.5 -76.6 1
      vertex 45.5 -76.6 0
    endloop
  endfacet
  facet normal 0.706363 0.0463163 -0.706333
    outer loop
      vertex 46.5 76.6 1
      vertex 45.4795 76.9133 0
      vertex 46.4709 77.0438 1
    endloop
  endfacet
  facet normal 0 1 -0
    outer loop
      vertex 43.1 80 1
      vertex -43.1 80 36.4
      vertex 43.1 80 36.4
    endloop
  endfacet
  facet normal 0 1 0
    outer loop
      vertex -43.1 80 36.4
      vertex 43.1 80 1
      vertex -43.1 80 1
    endloop
  endfacet
  facet normal 0.634938 0.312959 -0.706336
    outer loop
      vertex 45.3173 77.5184 0
      vertex 45.1785 77.8 0
      vertex 46.0445 78.3 1
    endloop
  endfacet
  facet normal 0.0462183 0.706351 -0.706351
    outer loop
      vertex 43.4133 78.9795 0
      vertex 43.1 79 0
      vertex 43.1 80 1
    endloop
  endfacet
  facet normal -0.22747 0.670313 -0.706355
    outer loop
      vertex -44.0184 78.8173 0
      vertex -44.4011 79.7412 1
      vertex -43.98 79.8841 1
    endloop
  endfacet
  facet normal -0.39344 0.588469 -0.706335
    outer loop
      vertex -44.561 78.504 0
      vertex -44.8 79.5445 1
      vertex -44.3 78.6785 0
    endloop
  endfacet
  facet normal -0.0654296 -0.997857 0
    outer loop
      vertex -43.5438 -79.9709 1
      vertex -43.1 -80 36.4
      vertex -43.5438 -79.9709 36.4
    endloop
  endfacet
  facet normal -0.0654296 -0.997857 -0
    outer loop
      vertex -43.1 -80 36.4
      vertex -43.5438 -79.9709 1
      vertex -43.1 -80 1
    endloop
  endfacet
  facet normal -0.227568 -0.670299 -0.706337
    outer loop
      vertex -43.98 -79.8841 1
      vertex -44.0184 -78.8173 0
      vertex -43.7212 -78.9182 0
    endloop
  endfacet
  facet normal -0.694271 -0.138154 -0.706329
    outer loop
      vertex -46.3841 -77.48 1
      vertex -46.4709 -77.0438 1
      vertex -45.4795 -76.9133 0
    endloop
  endfacet
  facet normal 0.555582 -0.831462 0
    outer loop
      vertex 44.8 -79.5445 1
      vertex 45.1698 -79.2974 36.4
      vertex 44.8 -79.5445 36.4
    endloop
  endfacet
  facet normal 0.555582 -0.831462 0
    outer loop
      vertex 45.1698 -79.2974 36.4
      vertex 44.8 -79.5445 1
      vertex 45.1698 -79.2974 1
    endloop
  endfacet
  facet normal -0.670313 -0.22747 -0.706355
    outer loop
      vertex -46.2412 -77.9011 1
      vertex -46.3841 -77.48 1
      vertex -45.3173 -77.5184 0
    endloop
  endfacet
  facet normal -0.634865 -0.313056 -0.706358
    outer loop
      vertex -46.0445 -78.3 1
      vertex -46.2412 -77.9011 1
      vertex -45.3173 -77.5184 0
    endloop
  endfacet
  facet normal -0.39344 -0.588469 -0.706335
    outer loop
      vertex -44.3 -78.6785 0
      vertex -44.8 -79.5445 1
      vertex -44.561 -78.504 0
    endloop
  endfacet
  facet normal -0.706351 -0.0462183 -0.706351
    outer loop
      vertex -45.4795 -76.9133 0
      vertex -46.5 -76.6 1
      vertex -45.5 -76.6 0
    endloop
  endfacet
  facet normal -0.706363 -0.0463163 -0.706333
    outer loop
      vertex -46.4709 -77.0438 1
      vertex -46.5 -76.6 1
      vertex -45.4795 -76.9133 0
    endloop
  endfacet
  facet normal -0.896887 -0.44226 1.92653e-19
    outer loop
      vertex -46.0445 -78.3 1
      vertex -46.2412 -77.9011 36.4
      vertex -46.2412 -77.9011 1
    endloop
  endfacet
  facet normal -0.896887 -0.44226 1.92653e-19
    outer loop
      vertex -46.2412 -77.9011 36.4
      vertex -46.0445 -78.3 1
      vertex -46.0445 -78.3 36.4
    endloop
  endfacet
  facet normal 0.588469 0.39344 -0.706335
    outer loop
      vertex 45.1785 77.8 0
      vertex 45.004 78.061 0
      vertex 46.0445 78.3 1
    endloop
  endfacet
  facet normal -0.44226 -0.896887 0
    outer loop
      vertex -44.8 -79.5445 1
      vertex -44.4011 -79.7412 36.4
      vertex -44.8 -79.5445 36.4
    endloop
  endfacet
  facet normal -0.44226 -0.896887 -0
    outer loop
      vertex -44.4011 -79.7412 36.4
      vertex -44.8 -79.5445 1
      vertex -44.4011 -79.7412 1
    endloop
  endfacet
  facet normal 0.588469 -0.39344 -0.706335
    outer loop
      vertex 46.0445 -78.3 1
      vertex 45.004 -78.061 0
      vertex 45.1785 -77.8 0
    endloop
  endfacet
  facet normal -0.634938 -0.312959 -0.706336
    outer loop
      vertex -45.1785 -77.8 0
      vertex -46.0445 -78.3 1
      vertex -45.3173 -77.5184 0
    endloop
  endfacet
  facet normal 1 0 0
    outer loop
      vertex 46.5 47.5 18.5
      vertex 46.5 76.6 36.4
      vertex 46.5 47.5 22.1
    endloop
  endfacet
  facet normal 1 0 0
    outer loop
      vertex 46.5 76.6 36.4
      vertex 46.5 47.4897 22.2566
      vertex 46.5 47.5 22.1
    endloop
  endfacet
  facet normal 1 0 0
    outer loop
      vertex 46.5 76.6 36.4
      vertex 46.5 47.4591 22.4106
      vertex 46.5 47.4897 22.2566
    endloop
  endfacet
  facet normal 1 0 0
    outer loop
      vertex 46.5 76.6 36.4
      vertex 46.5 47.4086 22.5592
      vertex 46.5 47.4591 22.4106
    endloop
  endfacet
  facet normal 1 0 0
    outer loop
      vertex 46.5 76.6 36.4
      vertex 46.5 47.3392 22.7
      vertex 46.5 47.4086 22.5592
    endloop
  endfacet
  facet normal 1 0 0
    outer loop
      vertex 46.5 76.6 36.4
      vertex 46.5 47.252 22.8305
      vertex 46.5 47.3392 22.7
    endloop
  endfacet
  facet normal 1 0 0
    outer loop
      vertex 46.5 76.6 36.4
      vertex 46.5 47.1485 22.9485
      vertex 46.5 47.252 22.8305
    endloop
  endfacet
  facet normal 1 0 0
    outer loop
      vertex 46.5 76.6 36.4
      vertex 46.5 47.0305 23.052
      vertex 46.5 47.1485 22.9485
    endloop
  endfacet
  facet normal 1 0 0
    outer loop
      vertex 46.5 76.6 36.4
      vertex 46.5 46.9 23.1392
      vertex 46.5 47.0305 23.052
    endloop
  endfacet
  facet normal 1 0 0
    outer loop
      vertex 46.5 76.6 36.4
      vertex 46.5 46.7592 23.2086
      vertex 46.5 46.9 23.1392
    endloop
  endfacet
  facet normal 1 0 0
    outer loop
      vertex 46.5 76.6 36.4
      vertex 46.5 46.6106 23.2591
      vertex 46.5 46.7592 23.2086
    endloop
  endfacet
  facet normal 1 0 0
    outer loop
      vertex 46.5 76.6 36.4
      vertex 46.5 46.4566 23.2897
      vertex 46.5 46.6106 23.2591
    endloop
  endfacet
  facet normal 1 0 0
    outer loop
      vertex 46.5 76.6 36.4
      vertex 46.5 46.3 23.3
      vertex 46.5 46.4566 23.2897
    endloop
  endfacet
  facet normal 1 0 0
    outer loop
      vertex 46.5 76.6 36.4
      vertex 46.5 39.7 23.3
      vertex 46.5 46.3 23.3
    endloop
  endfacet
  facet normal 1 0 0
    outer loop
      vertex 46.5 76.6 36.4
      vertex 46.5 39.5434 23.2897
      vertex 46.5 39.7 23.3
    endloop
  endfacet
  facet normal 1 0 0
    outer loop
      vertex 46.5 26.75 22.8
      vertex 46.5 39.5434 23.2897
      vertex 46.5 76.6 36.4
    endloop
  endfacet
  facet normal 1 0 -0
    outer loop
      vertex 46.5 35.75 22.8
      vertex 46.5 39.5434 23.2897
      vertex 46.5 26.75 22.8
    endloop
  endfacet
  facet normal 1 0 0
    outer loop
      vertex 46.5 38.5 22.1
      vertex 46.5 37.25 21.3
      vertex 46.5 38.5 18.5
    endloop
  endfacet
  facet normal 1 0 0
    outer loop
      vertex 46.5 37.1358 21.874
      vertex 46.5 38.5 22.1
      vertex 46.5 38.5103 22.2566
    endloop
  endfacet
  facet normal 1 0 0
    outer loop
      vertex 46.5 37.049 22.05
      vertex 46.5 38.5103 22.2566
      vertex 46.5 38.5409 22.4106
    endloop
  endfacet
  facet normal 1 0 0
    outer loop
      vertex 46.5 36.94 22.2131
      vertex 46.5 38.5409 22.4106
      vertex 46.5 38.5914 22.5592
    endloop
  endfacet
  facet normal 1 0 0
    outer loop
      vertex 46.5 36.8107 22.3607
      vertex 46.5 38.5914 22.5592
      vertex 46.5 38.6608 22.7
    endloop
  endfacet
  facet normal 1 0 0
    outer loop
      vertex 46.5 36.6631 22.49
      vertex 46.5 38.6608 22.7
      vertex 46.5 38.748 22.8305
    endloop
  endfacet
  facet normal 1 0 0
    outer loop
      vertex 46.5 36.5 22.599
      vertex 46.5 38.748 22.8305
      vertex 46.5 38.8515 22.9485
    endloop
  endfacet
  facet normal 1 0 0
    outer loop
      vertex 46.5 38.5 22.1
      vertex 46.5 37.2372 21.4958
      vertex 46.5 37.25 21.3
    endloop
  endfacet
  facet normal 1 0 0
    outer loop
      vertex 46.5 38.5 22.1
      vertex 46.5 37.1989 21.6882
      vertex 46.5 37.2372 21.4958
    endloop
  endfacet
  facet normal 1 0 0
    outer loop
      vertex 46.5 36.324 22.6858
      vertex 46.5 38.8515 22.9485
      vertex 46.5 38.9695 23.052
    endloop
  endfacet
  facet normal 1 0 0
    outer loop
      vertex 46.5 38.5 22.1
      vertex 46.5 37.1358 21.874
      vertex 46.5 37.1989 21.6882
    endloop
  endfacet
  facet normal 1 0 0
    outer loop
      vertex 46.5 36.324 22.6858
      vertex 46.5 38.9695 23.052
      vertex 46.5 39.1 23.1392
    endloop
  endfacet
  facet normal 1 0 0
    outer loop
      vertex 46.5 38.5103 22.2566
      vertex 46.5 37.049 22.05
      vertex 46.5 37.1358 21.874
    endloop
  endfacet
  facet normal 1 0 0
    outer loop
      vertex 46.5 38.5409 22.4106
      vertex 46.5 36.94 22.2131
      vertex 46.5 37.049 22.05
    endloop
  endfacet
  facet normal 1 0 0
    outer loop
      vertex 46.5 36.1382 22.7489
      vertex 46.5 39.1 23.1392
      vertex 46.5 39.2408 23.2086
    endloop
  endfacet
  facet normal 1 0 0
    outer loop
      vertex 46.5 38.5914 22.5592
      vertex 46.5 36.8107 22.3607
      vertex 46.5 36.94 22.2131
    endloop
  endfacet
  facet normal 1 0 0
    outer loop
      vertex 46.5 39.5434 23.2897
      vertex 46.5 35.75 22.8
      vertex 46.5 39.3894 23.2591
    endloop
  endfacet
  facet normal 1 0 0
    outer loop
      vertex 46.5 38.6608 22.7
      vertex 46.5 36.6631 22.49
      vertex 46.5 36.8107 22.3607
    endloop
  endfacet
  facet normal 1 0 0
    outer loop
      vertex 46.5 38.748 22.8305
      vertex 46.5 36.5 22.599
      vertex 46.5 36.6631 22.49
    endloop
  endfacet
  facet normal 1 0 0
    outer loop
      vertex 46.5 38.8515 22.9485
      vertex 46.5 36.324 22.6858
      vertex 46.5 36.5 22.599
    endloop
  endfacet
  facet normal 1 0 0
    outer loop
      vertex 46.5 39.1 23.1392
      vertex 46.5 36.1382 22.7489
      vertex 46.5 36.324 22.6858
    endloop
  endfacet
  facet normal 1 0 0
    outer loop
      vertex 46.5 39.2408 23.2086
      vertex 46.5 35.9458 22.7872
      vertex 46.5 36.1382 22.7489
    endloop
  endfacet
  facet normal 1 0 0
    outer loop
      vertex 46.5 39.2408 23.2086
      vertex 46.5 35.75 22.8
      vertex 46.5 35.9458 22.7872
    endloop
  endfacet
  facet normal 1 0 0
    outer loop
      vertex 46.5 39.3894 23.2591
      vertex 46.5 35.75 22.8
      vertex 46.5 39.2408 23.2086
    endloop
  endfacet
  facet normal 1 0 0
    outer loop
      vertex 46.5 76.6 36.4
      vertex 46.5 26.5542 22.7872
      vertex 46.5 26.75 22.8
    endloop
  endfacet
  facet normal 1 -0 0
    outer loop
      vertex 46.5 -76.6 36.4
      vertex 46.5 26.5542 22.7872
      vertex 46.5 76.6 36.4
    endloop
  endfacet
  facet normal 1 0 0
    outer loop
      vertex 46.5 25.25 21.3
      vertex 46.5 -76.6 36.4
      vertex 46.5 25.25 17.3
    endloop
  endfacet
  facet normal 1 0 0
    outer loop
      vertex 46.5 25.2628 21.4958
      vertex 46.5 -76.6 36.4
      vertex 46.5 25.25 21.3
    endloop
  endfacet
  facet normal 1 0 0
    outer loop
      vertex 46.5 25.3011 21.6882
      vertex 46.5 -76.6 36.4
      vertex 46.5 25.2628 21.4958
    endloop
  endfacet
  facet normal 1 0 0
    outer loop
      vertex 46.5 25.3642 21.874
      vertex 46.5 -76.6 36.4
      vertex 46.5 25.3011 21.6882
    endloop
  endfacet
  facet normal 1 0 0
    outer loop
      vertex 46.5 25.451 22.05
      vertex 46.5 -76.6 36.4
      vertex 46.5 25.3642 21.874
    endloop
  endfacet
  facet normal 1 0 0
    outer loop
      vertex 46.5 25.56 22.2131
      vertex 46.5 -76.6 36.4
      vertex 46.5 25.451 22.05
    endloop
  endfacet
  facet normal 1 0 0
    outer loop
      vertex 46.5 25.6893 22.3607
      vertex 46.5 -76.6 36.4
      vertex 46.5 25.56 22.2131
    endloop
  endfacet
  facet normal 1 0 0
    outer loop
      vertex 46.5 25.8369 22.49
      vertex 46.5 -76.6 36.4
      vertex 46.5 25.6893 22.3607
    endloop
  endfacet
  facet normal 1 0 0
    outer loop
      vertex 46.5 26 22.599
      vertex 46.5 -76.6 36.4
      vertex 46.5 25.8369 22.49
    endloop
  endfacet
  facet normal 1 0 0
    outer loop
      vertex 46.5 26.176 22.6858
      vertex 46.5 -76.6 36.4
      vertex 46.5 26 22.599
    endloop
  endfacet
  facet normal 1 0 0
    outer loop
      vertex 46.5 26.3618 22.7489
      vertex 46.5 -76.6 36.4
      vertex 46.5 26.176 22.6858
    endloop
  endfacet
  facet normal 1 0 0
    outer loop
      vertex 46.5 26.5542 22.7872
      vertex 46.5 -76.6 36.4
      vertex 46.5 26.3618 22.7489
    endloop
  endfacet
  facet normal 1 0 0
    outer loop
      vertex 46.5 76.6 36.4
      vertex 46.5 47.5 18.5
      vertex 46.5 76.6 1
    endloop
  endfacet
  facet normal 1 -0 0
    outer loop
      vertex 46.5 47.4897 18.3434
      vertex 46.5 76.6 1
      vertex 46.5 47.5 18.5
    endloop
  endfacet
  facet normal 1 -0 0
    outer loop
      vertex 46.5 47.4591 18.1894
      vertex 46.5 76.6 1
      vertex 46.5 47.4897 18.3434
    endloop
  endfacet
  facet normal 1 -0 0
    outer loop
      vertex 46.5 47.4086 18.0408
      vertex 46.5 76.6 1
      vertex 46.5 47.4591 18.1894
    endloop
  endfacet
  facet normal 1 -0 0
    outer loop
      vertex 46.5 47.3392 17.9
      vertex 46.5 76.6 1
      vertex 46.5 47.4086 18.0408
    endloop
  endfacet
  facet normal 1 -0 0
    outer loop
      vertex 46.5 47.252 17.7695
      vertex 46.5 76.6 1
      vertex 46.5 47.3392 17.9
    endloop
  endfacet
  facet normal 1 -0 0
    outer loop
      vertex 46.5 47.1485 17.6515
      vertex 46.5 76.6 1
      vertex 46.5 47.252 17.7695
    endloop
  endfacet
  facet normal 1 -0 0
    outer loop
      vertex 46.5 47.0305 17.548
      vertex 46.5 76.6 1
      vertex 46.5 47.1485 17.6515
    endloop
  endfacet
  facet normal 1 -0 0
    outer loop
      vertex 46.5 46.9 17.4608
      vertex 46.5 76.6 1
      vertex 46.5 47.0305 17.548
    endloop
  endfacet
  facet normal 1 -0 0
    outer loop
      vertex 46.5 46.7592 17.3914
      vertex 46.5 76.6 1
      vertex 46.5 46.9 17.4608
    endloop
  endfacet
  facet normal 1 -0 0
    outer loop
      vertex 46.5 46.6106 17.3409
      vertex 46.5 76.6 1
      vertex 46.5 46.7592 17.3914
    endloop
  endfacet
  facet normal 1 -0 0
    outer loop
      vertex 46.5 46.4566 17.3103
      vertex 46.5 76.6 1
      vertex 46.5 46.6106 17.3409
    endloop
  endfacet
  facet normal 1 -0 0
    outer loop
      vertex 46.5 46.3 17.3
      vertex 46.5 76.6 1
      vertex 46.5 46.4566 17.3103
    endloop
  endfacet
  facet normal 1 0 0
    outer loop
      vertex 46.5 36.5 16.001
      vertex 46.5 46.3 17.3
      vertex 46.5 39.7 17.3
    endloop
  endfacet
  facet normal 1 0 0
    outer loop
      vertex 46.5 36.8107 16.2393
      vertex 46.5 39.7 17.3
      vertex 46.5 39.5434 17.3103
    endloop
  endfacet
  facet normal 1 0 0
    outer loop
      vertex 46.5 36.94 16.3869
      vertex 46.5 39.5434 17.3103
      vertex 46.5 39.3894 17.3409
    endloop
  endfacet
  facet normal 1 0 0
    outer loop
      vertex 46.5 37.049 16.55
      vertex 46.5 39.3894 17.3409
      vertex 46.5 39.2408 17.3914
    endloop
  endfacet
  facet normal 1 0 0
    outer loop
      vertex 46.5 37.25 17.3
      vertex 46.5 38.5 18.5
      vertex 46.5 37.25 21.3
    endloop
  endfacet
  facet normal 1 0 0
    outer loop
      vertex 46.5 38.5 18.5
      vertex 46.5 37.25 17.3
      vertex 46.5 38.5103 18.3434
    endloop
  endfacet
  facet normal 1 0 0
    outer loop
      vertex 46.5 38.5103 18.3434
      vertex 46.5 37.25 17.3
      vertex 46.5 38.5409 18.1894
    endloop
  endfacet
  facet normal 1 0 0
    outer loop
      vertex 46.5 38.5409 18.1894
      vertex 46.5 37.25 17.3
      vertex 46.5 38.5914 18.0408
    endloop
  endfacet
  facet normal 1 0 0
    outer loop
      vertex 46.5 37.25 17.3
      vertex 46.5 38.6608 17.9
      vertex 46.5 38.5914 18.0408
    endloop
  endfacet
  facet normal 1 0 0
    outer loop
      vertex 46.5 37.25 17.3
      vertex 46.5 38.748 17.7695
      vertex 46.5 38.6608 17.9
    endloop
  endfacet
  facet normal 1 0 0
    outer loop
      vertex 46.5 37.2372 17.1042
      vertex 46.5 38.748 17.7695
      vertex 46.5 37.25 17.3
    endloop
  endfacet
  facet normal 1 0 0
    outer loop
      vertex 46.5 38.748 17.7695
      vertex 46.5 37.2372 17.1042
      vertex 46.5 38.8515 17.6515
    endloop
  endfacet
  facet normal 1 0 0
    outer loop
      vertex 46.5 38.8515 17.6515
      vertex 46.5 37.2372 17.1042
      vertex 46.5 38.9695 17.548
    endloop
  endfacet
  facet normal 1 0 0
    outer loop
      vertex 46.5 37.1989 16.9118
      vertex 46.5 38.9695 17.548
      vertex 46.5 37.2372 17.1042
    endloop
  endfacet
  facet normal 1 0 0
    outer loop
      vertex 46.5 38.9695 17.548
      vertex 46.5 37.1989 16.9118
      vertex 46.5 39.1 17.4608
    endloop
  endfacet
  facet normal 1 0 0
    outer loop
      vertex 46.5 37.1358 16.726
      vertex 46.5 39.1 17.4608
      vertex 46.5 37.1989 16.9118
    endloop
  endfacet
  facet normal 1 0 0
    outer loop
      vertex 46.5 39.1 17.4608
      vertex 46.5 37.1358 16.726
      vertex 46.5 39.2408 17.3914
    endloop
  endfacet
  facet normal 1 0 0
    outer loop
      vertex 46.5 37.049 16.55
      vertex 46.5 39.2408 17.3914
      vertex 46.5 37.1358 16.726
    endloop
  endfacet
  facet normal 1 0 0
    outer loop
      vertex 46.5 39.3894 17.3409
      vertex 46.5 37.049 16.55
      vertex 46.5 36.94 16.3869
    endloop
  endfacet
  facet normal 1 0 0
    outer loop
      vertex 46.5 39.5434 17.3103
      vertex 46.5 36.94 16.3869
      vertex 46.5 36.8107 16.2393
    endloop
  endfacet
  facet normal 1 0 0
    outer loop
      vertex 46.5 39.7 17.3
      vertex 46.5 36.8107 16.2393
      vertex 46.5 36.6631 16.11
    endloop
  endfacet
  facet normal 1 0 0
    outer loop
      vertex 46.5 39.7 17.3
      vertex 46.5 36.6631 16.11
      vertex 46.5 36.5 16.001
    endloop
  endfacet
  facet normal 1 0 0
    outer loop
      vertex 46.5 46.3 17.3
      vertex 46.5 36.5 16.001
      vertex 46.5 36.324 15.9142
    endloop
  endfacet
  facet normal 1 0 0
    outer loop
      vertex 46.5 36.1382 15.8511
      vertex 46.5 46.3 17.3
      vertex 46.5 36.324 15.9142
    endloop
  endfacet
  facet normal 1 0 0
    outer loop
      vertex 46.5 46.3 17.3
      vertex 46.5 36.1382 15.8511
      vertex 46.5 76.6 1
    endloop
  endfacet
  facet normal 1 -0 0
    outer loop
      vertex 46.5 35.9458 15.8128
      vertex 46.5 76.6 1
      vertex 46.5 36.1382 15.8511
    endloop
  endfacet
  facet normal 1 -0 0
    outer loop
      vertex 46.5 35.75 15.8
      vertex 46.5 76.6 1
      vertex 46.5 35.9458 15.8128
    endloop
  endfacet
  facet normal 1 -0 0
    outer loop
      vertex 46.5 26.75 15.8
      vertex 46.5 76.6 1
      vertex 46.5 35.75 15.8
    endloop
  endfacet
  facet normal 1 0 0
    outer loop
      vertex 46.5 26.5542 15.8128
      vertex 46.5 76.6 1
      vertex 46.5 26.75 15.8
    endloop
  endfacet
  facet normal 1 0 0
    outer loop
      vertex 46.5 -76.6 1
      vertex 46.5 26.5542 15.8128
      vertex 46.5 26.3618 15.8511
    endloop
  endfacet
  facet normal 1 0 0
    outer loop
      vertex 46.5 -76.6 1
      vertex 46.5 25.25 17.3
      vertex 46.5 -76.6 36.4
    endloop
  endfacet
  facet normal 1 0 0
    outer loop
      vertex 46.5 25.25 17.3
      vertex 46.5 -76.6 1
      vertex 46.5 25.2628 17.1042
    endloop
  endfacet
  facet normal 1 0 0
    outer loop
      vertex 46.5 25.2628 17.1042
      vertex 46.5 -76.6 1
      vertex 46.5 25.3011 16.9118
    endloop
  endfacet
  facet normal 1 0 0
    outer loop
      vertex 46.5 25.3011 16.9118
      vertex 46.5 -76.6 1
      vertex 46.5 25.3642 16.726
    endloop
  endfacet
  facet normal 1 0 0
    outer loop
      vertex 46.5 25.3642 16.726
      vertex 46.5 -76.6 1
      vertex 46.5 25.451 16.55
    endloop
  endfacet
  facet normal 1 0 0
    outer loop
      vertex 46.5 25.451 16.55
      vertex 46.5 -76.6 1
      vertex 46.5 25.56 16.3869
    endloop
  endfacet
  facet normal 1 0 0
    outer loop
      vertex 46.5 25.56 16.3869
      vertex 46.5 -76.6 1
      vertex 46.5 25.6893 16.2393
    endloop
  endfacet
  facet normal 1 0 0
    outer loop
      vertex 46.5 25.6893 16.2393
      vertex 46.5 -76.6 1
      vertex 46.5 25.8369 16.11
    endloop
  endfacet
  facet normal 1 0 0
    outer loop
      vertex 46.5 25.8369 16.11
      vertex 46.5 -76.6 1
      vertex 46.5 26 16.001
    endloop
  endfacet
  facet normal 1 0 0
    outer loop
      vertex 46.5 26 16.001
      vertex 46.5 -76.6 1
      vertex 46.5 26.176 15.9142
    endloop
  endfacet
  facet normal 1 0 0
    outer loop
      vertex 46.5 26.176 15.9142
      vertex 46.5 -76.6 1
      vertex 46.5 26.3618 15.8511
    endloop
  endfacet
  facet normal 1 0 0
    outer loop
      vertex 46.5 26.5542 15.8128
      vertex 46.5 -76.6 1
      vertex 46.5 76.6 1
    endloop
  endfacet
  facet normal -0.32135 -0.94696 0
    outer loop
      vertex -44.4011 -79.7412 1
      vertex -43.98 -79.8841 36.4
      vertex -44.4011 -79.7412 36.4
    endloop
  endfacet
  facet normal -0.32135 -0.94696 -0
    outer loop
      vertex -43.98 -79.8841 36.4
      vertex -44.4011 -79.7412 1
      vertex -43.98 -79.8841 1
    endloop
  endfacet
  facet normal 0.706351 -0.0462183 -0.706351
    outer loop
      vertex 46.5 -76.6 1
      vertex 45.4795 -76.9133 0
      vertex 45.5 -76.6 0
    endloop
  endfacet
  facet normal -0.694245 -0.138218 -0.706342
    outer loop
      vertex -45.4182 -77.2212 0
      vertex -46.3841 -77.48 1
      vertex -45.4795 -76.9133 0
    endloop
  endfacet
  facet normal -0.138154 -0.694271 -0.706329
    outer loop
      vertex -43.5438 -79.9709 1
      vertex -43.98 -79.8841 1
      vertex -43.4133 -78.9795 0
    endloop
  endfacet
  facet normal 0.466738 0.532127 -0.706397
    outer loop
      vertex 44.797 78.297 0
      vertex 44.561 78.504 0
      vertex 45.5042 79.0042 1
    endloop
  endfacet
  facet normal 0.393265 -0.588544 -0.70637
    outer loop
      vertex 44.8 -79.5445 1
      vertex 44.561 -78.504 0
      vertex 45.1698 -79.2974 1
    endloop
  endfacet
  facet normal 0.670313 0.22747 -0.706355
    outer loop
      vertex 46.3841 77.48 1
      vertex 45.3173 77.5184 0
      vertex 46.2412 77.9011 1
    endloop
  endfacet
  facet normal -0.659268 0.751908 0
    outer loop
      vertex -45.1698 79.2974 1
      vertex -45.5042 79.0042 36.4
      vertex -45.1698 79.2974 36.4
    endloop
  endfacet
  facet normal -0.659268 0.751908 0
    outer loop
      vertex -45.5042 79.0042 36.4
      vertex -45.1698 79.2974 1
      vertex -45.5042 79.0042 1
    endloop
  endfacet
  facet normal 0.634865 0.313056 -0.706358
    outer loop
      vertex 46.2412 77.9011 1
      vertex 45.3173 77.5184 0
      vertex 46.0445 78.3 1
    endloop
  endfacet
  facet normal 0.98077 -0.195165 7.78307e-20
    outer loop
      vertex 46.3841 -77.48 36.4
      vertex 46.4709 -77.0438 1
      vertex 46.4709 -77.0438 36.4
    endloop
  endfacet
  facet normal 0.98077 -0.195165 7.78307e-20
    outer loop
      vertex 46.4709 -77.0438 1
      vertex 46.3841 -77.48 36.4
      vertex 46.3841 -77.48 1
    endloop
  endfacet
  facet normal -0.0463163 0.706363 -0.706333
    outer loop
      vertex -43.4133 78.9795 0
      vertex -43.5438 79.9709 1
      vertex -43.1 80 1
    endloop
  endfacet
  facet normal 0.694271 0.138154 -0.706329
    outer loop
      vertex 46.4709 77.0438 1
      vertex 45.4795 76.9133 0
      vertex 46.3841 77.48 1
    endloop
  endfacet
  facet normal 0.227568 -0.670299 -0.706337
    outer loop
      vertex 43.98 -79.8841 1
      vertex 43.7212 -78.9182 0
      vertex 44.0184 -78.8173 0
    endloop
  endfacet
  facet normal 0.670299 -0.227568 -0.706337
    outer loop
      vertex 46.3841 -77.48 1
      vertex 45.3173 -77.5184 0
      vertex 45.4182 -77.2212 0
    endloop
  endfacet
  facet normal 0.313056 -0.634865 -0.706358
    outer loop
      vertex 44.4011 -79.7412 1
      vertex 44.0184 -78.8173 0
      vertex 44.8 -79.5445 1
    endloop
  endfacet
  facet normal -0.466657 -0.532231 -0.706372
    outer loop
      vertex -45.1698 -79.2974 1
      vertex -45.5042 -79.0042 1
      vertex -44.561 -78.504 0
    endloop
  endfacet
  facet normal -0.312959 0.634938 -0.706336
    outer loop
      vertex -44.3 78.6785 0
      vertex -44.8 79.5445 1
      vertex -44.0184 78.8173 0
    endloop
  endfacet
  facet normal 0.694245 -0.138218 -0.706342
    outer loop
      vertex 46.3841 -77.48 1
      vertex 45.4182 -77.2212 0
      vertex 45.4795 -76.9133 0
    endloop
  endfacet
  facet normal -0.393265 -0.588544 -0.70637
    outer loop
      vertex -44.8 -79.5445 1
      vertex -45.1698 -79.2974 1
      vertex -44.561 -78.504 0
    endloop
  endfacet
  facet normal 0.44226 0.896887 -0
    outer loop
      vertex 44.8 79.5445 1
      vertex 44.4011 79.7412 36.4
      vertex 44.8 79.5445 36.4
    endloop
  endfacet
  facet normal 0.44226 0.896887 0
    outer loop
      vertex 44.4011 79.7412 36.4
      vertex 44.8 79.5445 1
      vertex 44.4011 79.7412 1
    endloop
  endfacet
  facet normal -0.195165 -0.98077 0
    outer loop
      vertex -43.98 -79.8841 1
      vertex -43.5438 -79.9709 36.4
      vertex -43.98 -79.8841 36.4
    endloop
  endfacet
  facet normal -0.195165 -0.98077 -0
    outer loop
      vertex -43.5438 -79.9709 36.4
      vertex -43.98 -79.8841 1
      vertex -43.5438 -79.9709 1
    endloop
  endfacet
  facet normal 0.588544 -0.393265 -0.70637
    outer loop
      vertex 45.7974 -78.6698 1
      vertex 45.004 -78.061 0
      vertex 46.0445 -78.3 1
    endloop
  endfacet
  facet normal -0.997857 0.0654296 3.8337e-20
    outer loop
      vertex -46.5 76.6 1
      vertex -46.4709 77.0438 36.4
      vertex -46.4709 77.0438 1
    endloop
  endfacet
  facet normal -0.997857 0.0654296 3.8337e-20
    outer loop
      vertex -46.4709 77.0438 36.4
      vertex -46.5 76.6 1
      vertex -46.5 76.6 36.4
    endloop
  endfacet
  facet normal -0.555582 -0.831462 0
    outer loop
      vertex -45.1698 -79.2974 1
      vertex -44.8 -79.5445 36.4
      vertex -45.1698 -79.2974 36.4
    endloop
  endfacet
  facet normal -0.555582 -0.831462 -0
    outer loop
      vertex -44.8 -79.5445 36.4
      vertex -45.1698 -79.2974 1
      vertex -44.8 -79.5445 1
    endloop
  endfacet
  facet normal -0.588544 0.393265 -0.70637
    outer loop
      vertex -45.004 78.061 0
      vertex -46.0445 78.3 1
      vertex -45.7974 78.6698 1
    endloop
  endfacet
  facet normal 0.706351 0.0462183 -0.706351
    outer loop
      vertex 45.5 76.6 0
      vertex 45.4795 76.9133 0
      vertex 46.5 76.6 1
    endloop
  endfacet
  facet normal 0.896887 0.44226 1.92653e-19
    outer loop
      vertex 46.2412 77.9011 36.4
      vertex 46.0445 78.3 1
      vertex 46.0445 78.3 36.4
    endloop
  endfacet
  facet normal 0.896887 0.44226 1.92653e-19
    outer loop
      vertex 46.0445 78.3 1
      vertex 46.2412 77.9011 36.4
      vertex 46.2412 77.9011 1
    endloop
  endfacet
  facet normal -0.588469 -0.39344 -0.706335
    outer loop
      vertex -45.004 -78.061 0
      vertex -46.0445 -78.3 1
      vertex -45.1785 -77.8 0
    endloop
  endfacet
  facet normal -0.670299 -0.227568 -0.706337
    outer loop
      vertex -45.3173 -77.5184 0
      vertex -46.3841 -77.48 1
      vertex -45.4182 -77.2212 0
    endloop
  endfacet
  facet normal 0.831462 -0.555582 -1.30872e-19
    outer loop
      vertex 45.7974 -78.6698 36.4
      vertex 46.0445 -78.3 1
      vertex 46.0445 -78.3 36.4
    endloop
  endfacet
  facet normal 0.831462 -0.555582 -1.30872e-19
    outer loop
      vertex 46.0445 -78.3 1
      vertex 45.7974 -78.6698 36.4
      vertex 45.7974 -78.6698 1
    endloop
  endfacet
  facet normal 0.0463163 0.706363 -0.706333
    outer loop
      vertex 43.4133 78.9795 0
      vertex 43.1 80 1
      vertex 43.5438 79.9709 1
    endloop
  endfacet
  facet normal -0.532231 -0.466657 -0.706372
    outer loop
      vertex -45.5042 -79.0042 1
      vertex -45.7974 -78.6698 1
      vertex -45.004 -78.061 0
    endloop
  endfacet
  facet normal 0.98077 0.195165 -7.78307e-20
    outer loop
      vertex 46.4709 77.0438 36.4
      vertex 46.3841 77.48 1
      vertex 46.3841 77.48 36.4
    endloop
  endfacet
  facet normal 0.98077 0.195165 -7.78307e-20
    outer loop
      vertex 46.3841 77.48 1
      vertex 46.4709 77.0438 36.4
      vertex 46.4709 77.0438 1
    endloop
  endfacet
  facet normal 0.997857 0.0654296 -3.8337e-20
    outer loop
      vertex 46.5 76.6 36.4
      vertex 46.4709 77.0438 1
      vertex 46.4709 77.0438 36.4
    endloop
  endfacet
  facet normal 0.997857 0.0654296 -3.8337e-20
    outer loop
      vertex 46.4709 77.0438 1
      vertex 46.5 76.6 36.4
      vertex 46.5 76.6 1
    endloop
  endfacet
  facet normal 0.22747 0.670313 -0.706355
    outer loop
      vertex 44.0184 78.8173 0
      vertex 43.98 79.8841 1
      vertex 44.4011 79.7412 1
    endloop
  endfacet
  facet normal 0.227568 0.670299 -0.706337
    outer loop
      vertex 44.0184 78.8173 0
      vertex 43.7212 78.9182 0
      vertex 43.98 79.8841 1
    endloop
  endfacet
  facet normal -0.707107 0 -0.707107
    outer loop
      vertex -45.5 -76.6 0
      vertex -46.5 76.6 1
      vertex -45.5 76.6 0
    endloop
  endfacet
  facet normal -0.707107 -0 -0.707107
    outer loop
      vertex -46.5 76.6 1
      vertex -45.5 -76.6 0
      vertex -46.5 -76.6 1
    endloop
  endfacet
  facet normal 0.94696 -0.32135 -1.7412e-19
    outer loop
      vertex 46.2412 -77.9011 36.4
      vertex 46.3841 -77.48 1
      vertex 46.3841 -77.48 36.4
    endloop
  endfacet
  facet normal 0.94696 -0.32135 -1.7412e-19
    outer loop
      vertex 46.3841 -77.48 1
      vertex 46.2412 -77.9011 36.4
      vertex 46.2412 -77.9011 1
    endloop
  endfacet
  facet normal 0.706363 -0.0463163 -0.706333
    outer loop
      vertex 46.4709 -77.0438 1
      vertex 45.4795 -76.9133 0
      vertex 46.5 -76.6 1
    endloop
  endfacet
  facet normal 0.694271 -0.138154 -0.706329
    outer loop
      vertex 46.3841 -77.48 1
      vertex 45.4795 -76.9133 0
      vertex 46.4709 -77.0438 1
    endloop
  endfacet
  facet normal -0.555582 0.831462 0
    outer loop
      vertex -44.8 79.5445 1
      vertex -45.1698 79.2974 36.4
      vertex -44.8 79.5445 36.4
    endloop
  endfacet
  facet normal -0.555582 0.831462 0
    outer loop
      vertex -45.1698 79.2974 36.4
      vertex -44.8 79.5445 1
      vertex -45.1698 79.2974 1
    endloop
  endfacet
  facet normal 0.751908 0.659268 -1.58587e-19
    outer loop
      vertex 45.7974 78.6698 36.4
      vertex 45.5042 79.0042 1
      vertex 45.5042 79.0042 36.4
    endloop
  endfacet
  facet normal 0.751908 0.659268 -1.58587e-19
    outer loop
      vertex 45.5042 79.0042 1
      vertex 45.7974 78.6698 36.4
      vertex 45.7974 78.6698 1
    endloop
  endfacet
  facet normal 0.39344 0.588469 -0.706335
    outer loop
      vertex 44.561 78.504 0
      vertex 44.3 78.6785 0
      vertex 44.8 79.5445 1
    endloop
  endfacet
  facet normal 0.466657 -0.532231 -0.706372
    outer loop
      vertex 45.1698 -79.2974 1
      vertex 44.561 -78.504 0
      vertex 45.5042 -79.0042 1
    endloop
  endfacet
  facet normal -0.634865 0.313056 -0.706358
    outer loop
      vertex -45.3173 77.5184 0
      vertex -46.2412 77.9011 1
      vertex -46.0445 78.3 1
    endloop
  endfacet
  facet normal 0.997857 -0.0654296 3.8337e-20
    outer loop
      vertex 46.4709 -77.0438 36.4
      vertex 46.5 -76.6 1
      vertex 46.5 -76.6 36.4
    endloop
  endfacet
  facet normal 0.997857 -0.0654296 3.8337e-20
    outer loop
      vertex 46.5 -76.6 1
      vertex 46.4709 -77.0438 36.4
      vertex 46.4709 -77.0438 1
    endloop
  endfacet
  facet normal 0.634865 -0.313056 -0.706358
    outer loop
      vertex 46.0445 -78.3 1
      vertex 45.3173 -77.5184 0
      vertex 46.2412 -77.9011 1
    endloop
  endfacet
  facet normal 0.670313 -0.22747 -0.706355
    outer loop
      vertex 46.2412 -77.9011 1
      vertex 45.3173 -77.5184 0
      vertex 46.3841 -77.48 1
    endloop
  endfacet
  facet normal 0.0654296 0.997857 -0
    outer loop
      vertex 43.5438 79.9709 1
      vertex 43.1 80 36.4
      vertex 43.5438 79.9709 36.4
    endloop
  endfacet
  facet normal 0.0654296 0.997857 0
    outer loop
      vertex 43.1 80 36.4
      vertex 43.5438 79.9709 1
      vertex 43.1 80 1
    endloop
  endfacet
  facet normal 0.32135 0.94696 -0
    outer loop
      vertex 44.4011 79.7412 1
      vertex 43.98 79.8841 36.4
      vertex 44.4011 79.7412 36.4
    endloop
  endfacet
  facet normal 0.32135 0.94696 0
    outer loop
      vertex 43.98 79.8841 36.4
      vertex 44.4011 79.7412 1
      vertex 43.98 79.8841 1
    endloop
  endfacet
  facet normal -0.588544 -0.393265 -0.70637
    outer loop
      vertex -45.7974 -78.6698 1
      vertex -46.0445 -78.3 1
      vertex -45.004 -78.061 0
    endloop
  endfacet
  facet normal -0.138218 -0.694245 -0.706342
    outer loop
      vertex -43.4133 -78.9795 0
      vertex -43.98 -79.8841 1
      vertex -43.7212 -78.9182 0
    endloop
  endfacet
  facet normal -0.0654296 0.997857 0
    outer loop
      vertex -43.1 80 1
      vertex -43.5438 79.9709 36.4
      vertex -43.1 80 36.4
    endloop
  endfacet
  facet normal -0.0654296 0.997857 0
    outer loop
      vertex -43.5438 79.9709 36.4
      vertex -43.1 80 1
      vertex -43.5438 79.9709 1
    endloop
  endfacet
  facet normal -0.0462183 0.706351 -0.706351
    outer loop
      vertex -43.1 79 0
      vertex -43.4133 78.9795 0
      vertex -43.1 80 1
    endloop
  endfacet
  facet normal -0.44226 0.896887 0
    outer loop
      vertex -44.4011 79.7412 1
      vertex -44.8 79.5445 36.4
      vertex -44.4011 79.7412 36.4
    endloop
  endfacet
  facet normal -0.44226 0.896887 0
    outer loop
      vertex -44.8 79.5445 36.4
      vertex -44.4011 79.7412 1
      vertex -44.8 79.5445 1
    endloop
  endfacet
  facet normal -0.138218 0.694245 -0.706342
    outer loop
      vertex -43.7212 78.9182 0
      vertex -43.98 79.8841 1
      vertex -43.4133 78.9795 0
    endloop
  endfacet
  facet normal -0.706363 0.0463163 -0.706333
    outer loop
      vertex -45.4795 76.9133 0
      vertex -46.5 76.6 1
      vertex -46.4709 77.0438 1
    endloop
  endfacet
  facet normal 0.94696 0.32135 1.7412e-19
    outer loop
      vertex 46.3841 77.48 36.4
      vertex 46.2412 77.9011 1
      vertex 46.2412 77.9011 36.4
    endloop
  endfacet
  facet normal 0.94696 0.32135 1.7412e-19
    outer loop
      vertex 46.2412 77.9011 1
      vertex 46.3841 77.48 36.4
      vertex 46.3841 77.48 1
    endloop
  endfacet
  facet normal -0.831462 0.555582 -1.30872e-19
    outer loop
      vertex -46.0445 78.3 1
      vertex -45.7974 78.6698 36.4
      vertex -45.7974 78.6698 1
    endloop
  endfacet
  facet normal -0.831462 0.555582 -1.30872e-19
    outer loop
      vertex -45.7974 78.6698 36.4
      vertex -46.0445 78.3 1
      vertex -46.0445 78.3 36.4
    endloop
  endfacet
  facet normal -0.313056 0.634865 -0.706358
    outer loop
      vertex -44.0184 78.8173 0
      vertex -44.8 79.5445 1
      vertex -44.4011 79.7412 1
    endloop
  endfacet
  facet normal -0.706351 0.0462183 -0.706351
    outer loop
      vertex -45.5 76.6 0
      vertex -46.5 76.6 1
      vertex -45.4795 76.9133 0
    endloop
  endfacet
  facet normal -0.393265 0.588544 -0.70637
    outer loop
      vertex -44.561 78.504 0
      vertex -45.1698 79.2974 1
      vertex -44.8 79.5445 1
    endloop
  endfacet
  facet normal -0.313056 -0.634865 -0.706358
    outer loop
      vertex -44.4011 -79.7412 1
      vertex -44.8 -79.5445 1
      vertex -44.0184 -78.8173 0
    endloop
  endfacet
  facet normal 0.659268 0.751908 -0
    outer loop
      vertex 45.5042 79.0042 1
      vertex 45.1698 79.2974 36.4
      vertex 45.5042 79.0042 36.4
    endloop
  endfacet
  facet normal 0.659268 0.751908 0
    outer loop
      vertex 45.1698 79.2974 36.4
      vertex 45.5042 79.0042 1
      vertex 45.1698 79.2974 1
    endloop
  endfacet
  facet normal 0.532231 0.466657 -0.706372
    outer loop
      vertex 45.7974 78.6698 1
      vertex 45.004 78.061 0
      vertex 45.5042 79.0042 1
    endloop
  endfacet
  facet normal 0.896887 -0.44226 -1.92653e-19
    outer loop
      vertex 46.0445 -78.3 36.4
      vertex 46.2412 -77.9011 1
      vertex 46.2412 -77.9011 36.4
    endloop
  endfacet
  facet normal 0.896887 -0.44226 -1.92653e-19
    outer loop
      vertex 46.2412 -77.9011 1
      vertex 46.0445 -78.3 36.4
      vertex 46.0445 -78.3 1
    endloop
  endfacet
  facet normal 0.138218 0.694245 -0.706342
    outer loop
      vertex 43.7212 78.9182 0
      vertex 43.4133 78.9795 0
      vertex 43.98 79.8841 1
    endloop
  endfacet
  facet normal 0.555582 0.831462 -0
    outer loop
      vertex 45.1698 79.2974 1
      vertex 44.8 79.5445 36.4
      vertex 45.1698 79.2974 36.4
    endloop
  endfacet
  facet normal 0.555582 0.831462 0
    outer loop
      vertex 44.8 79.5445 36.4
      vertex 45.1698 79.2974 1
      vertex 44.8 79.5445 1
    endloop
  endfacet
  facet normal 0.532127 -0.466738 -0.706397
    outer loop
      vertex 45.5042 -79.0042 1
      vertex 44.797 -78.297 0
      vertex 45.004 -78.061 0
    endloop
  endfacet
  facet normal 0.393265 0.588544 -0.70637
    outer loop
      vertex 45.1698 79.2974 1
      vertex 44.561 78.504 0
      vertex 44.8 79.5445 1
    endloop
  endfacet
  facet normal -0.896887 0.44226 -1.92653e-19
    outer loop
      vertex -46.2412 77.9011 1
      vertex -46.0445 78.3 36.4
      vertex -46.0445 78.3 1
    endloop
  endfacet
  facet normal -0.896887 0.44226 -1.92653e-19
    outer loop
      vertex -46.0445 78.3 36.4
      vertex -46.2412 77.9011 1
      vertex -46.2412 77.9011 36.4
    endloop
  endfacet
  facet normal 0.751908 -0.659268 1.58587e-19
    outer loop
      vertex 45.5042 -79.0042 36.4
      vertex 45.7974 -78.6698 1
      vertex 45.7974 -78.6698 36.4
    endloop
  endfacet
  facet normal 0.751908 -0.659268 1.58587e-19
    outer loop
      vertex 45.7974 -78.6698 1
      vertex 45.5042 -79.0042 36.4
      vertex 45.5042 -79.0042 1
    endloop
  endfacet
  facet normal 0.532127 0.466738 -0.706397
    outer loop
      vertex 45.004 78.061 0
      vertex 44.797 78.297 0
      vertex 45.5042 79.0042 1
    endloop
  endfacet
  facet normal 0.659268 -0.751908 0
    outer loop
      vertex 45.1698 -79.2974 1
      vertex 45.5042 -79.0042 36.4
      vertex 45.1698 -79.2974 36.4
    endloop
  endfacet
  facet normal 0.659268 -0.751908 0
    outer loop
      vertex 45.5042 -79.0042 36.4
      vertex 45.1698 -79.2974 1
      vertex 45.5042 -79.0042 1
    endloop
  endfacet
  facet normal 0.831462 0.555582 1.30872e-19
    outer loop
      vertex 46.0445 78.3 36.4
      vertex 45.7974 78.6698 1
      vertex 45.7974 78.6698 36.4
    endloop
  endfacet
  facet normal 0.831462 0.555582 1.30872e-19
    outer loop
      vertex 45.7974 78.6698 1
      vertex 46.0445 78.3 36.4
      vertex 46.0445 78.3 1
    endloop
  endfacet
  facet normal -0.312959 -0.634938 -0.706336
    outer loop
      vertex -44.0184 -78.8173 0
      vertex -44.8 -79.5445 1
      vertex -44.3 -78.6785 0
    endloop
  endfacet
  facet normal -0.466738 0.532127 -0.706397
    outer loop
      vertex -44.797 78.297 0
      vertex -45.5042 79.0042 1
      vertex -44.561 78.504 0
    endloop
  endfacet
  facet normal -0.588469 0.39344 -0.706335
    outer loop
      vertex -45.1785 77.8 0
      vertex -46.0445 78.3 1
      vertex -45.004 78.061 0
    endloop
  endfacet
  facet normal 0.32135 -0.94696 0
    outer loop
      vertex 43.98 -79.8841 1
      vertex 44.4011 -79.7412 36.4
      vertex 43.98 -79.8841 36.4
    endloop
  endfacet
  facet normal 0.32135 -0.94696 0
    outer loop
      vertex 44.4011 -79.7412 36.4
      vertex 43.98 -79.8841 1
      vertex 44.4011 -79.7412 1
    endloop
  endfacet
  facet normal -0.466738 -0.532127 -0.706397
    outer loop
      vertex -44.561 -78.504 0
      vertex -45.5042 -79.0042 1
      vertex -44.797 -78.297 0
    endloop
  endfacet
  facet normal -0.751908 0.659268 1.58587e-19
    outer loop
      vertex -45.7974 78.6698 1
      vertex -45.5042 79.0042 36.4
      vertex -45.5042 79.0042 1
    endloop
  endfacet
  facet normal -0.751908 0.659268 1.58587e-19
    outer loop
      vertex -45.5042 79.0042 36.4
      vertex -45.7974 78.6698 1
      vertex -45.7974 78.6698 36.4
    endloop
  endfacet
  facet normal -0.195165 0.98077 0
    outer loop
      vertex -43.5438 79.9709 1
      vertex -43.98 79.8841 36.4
      vertex -43.5438 79.9709 36.4
    endloop
  endfacet
  facet normal -0.195165 0.98077 0
    outer loop
      vertex -43.98 79.8841 36.4
      vertex -43.5438 79.9709 1
      vertex -43.98 79.8841 1
    endloop
  endfacet
  facet normal -0.670313 0.22747 -0.706355
    outer loop
      vertex -45.3173 77.5184 0
      vertex -46.3841 77.48 1
      vertex -46.2412 77.9011 1
    endloop
  endfacet
  facet normal 0 0 -1
    outer loop
      vertex 43.1 -79 0
      vertex 45.5 -76.6 0
      vertex 45.4795 -76.9133 0
    endloop
  endfacet
  facet normal 0 0 -1
    outer loop
      vertex 45.5 -76.6 0
      vertex 31.3 9.29999 0
      vertex 45.5 76.6 0
    endloop
  endfacet
  facet normal 0 0 -1
    outer loop
      vertex 43.1 -79 0
      vertex 45.4795 -76.9133 0
      vertex 45.4182 -77.2212 0
    endloop
  endfacet
  facet normal 0 0 -1
    outer loop
      vertex 31.2743 9.69156 0
      vertex 45.5 76.6 0
      vertex 31.3 9.29999 0
    endloop
  endfacet
  facet normal 0 0 -1
    outer loop
      vertex 43.1 -79 0
      vertex 45.4182 -77.2212 0
      vertex 45.3173 -77.5184 0
    endloop
  endfacet
  facet normal 0 0 -1
    outer loop
      vertex 31.1978 10.0764 0
      vertex 45.5 76.6 0
      vertex 31.2743 9.69156 0
    endloop
  endfacet
  facet normal 0 0 -1
    outer loop
      vertex 43.1 -79 0
      vertex 45.3173 -77.5184 0
      vertex 45.1785 -77.8 0
    endloop
  endfacet
  facet normal 0 0 -1
    outer loop
      vertex 31.0716 10.448 0
      vertex 45.5 76.6 0
      vertex 31.1978 10.0764 0
    endloop
  endfacet
  facet normal 0 0 -1
    outer loop
      vertex 43.1 -79 0
      vertex 45.1785 -77.8 0
      vertex 45.004 -78.061 0
    endloop
  endfacet
  facet normal 0 0 -1
    outer loop
      vertex 30.8981 10.8 0
      vertex 45.5 76.6 0
      vertex 31.0716 10.448 0
    endloop
  endfacet
  facet normal 0 0 -1
    outer loop
      vertex 43.1 -79 0
      vertex 45.004 -78.061 0
      vertex 44.797 -78.297 0
    endloop
  endfacet
  facet normal 0 0 -1
    outer loop
      vertex 30.6801 11.1263 0
      vertex 45.5 76.6 0
      vertex 30.8981 10.8 0
    endloop
  endfacet
  facet normal 0 0 -1
    outer loop
      vertex 43.1 -79 0
      vertex 44.797 -78.297 0
      vertex 44.561 -78.504 0
    endloop
  endfacet
  facet normal 0 0 -1
    outer loop
      vertex 30.4213 11.4213 0
      vertex 45.5 76.6 0
      vertex 30.6801 11.1263 0
    endloop
  endfacet
  facet normal 0 0 -1
    outer loop
      vertex 43.1 -79 0
      vertex 44.561 -78.504 0
      vertex 44.3 -78.6785 0
    endloop
  endfacet
  facet normal 0 0 -1
    outer loop
      vertex 30.1263 11.6801 0
      vertex 45.5 76.6 0
      vertex 30.4213 11.4213 0
    endloop
  endfacet
  facet normal 0 0 -1
    outer loop
      vertex 43.1 -79 0
      vertex 44.3 -78.6785 0
      vertex 44.0184 -78.8173 0
    endloop
  endfacet
  facet normal 0 0 -1
    outer loop
      vertex 29.8 11.8981 0
      vertex 45.5 76.6 0
      vertex 30.1263 11.6801 0
    endloop
  endfacet
  facet normal 0 0 -1
    outer loop
      vertex 43.1 -79 0
      vertex 44.0184 -78.8173 0
      vertex 43.7212 -78.9182 0
    endloop
  endfacet
  facet normal 0 0 -1
    outer loop
      vertex 29.448 12.0716 0
      vertex 45.5 76.6 0
      vertex 29.8 11.8981 0
    endloop
  endfacet
  facet normal 0 0 -1
    outer loop
      vertex 43.1 -79 0
      vertex 43.7212 -78.9182 0
      vertex 43.4133 -78.9795 0
    endloop
  endfacet
  facet normal 0 0 -1
    outer loop
      vertex 29.0764 12.1978 0
      vertex 45.5 76.6 0
      vertex 29.448 12.0716 0
    endloop
  endfacet
  facet normal -0 0 -1
    outer loop
      vertex 45.5 -76.6 0
      vertex 43.1 -79 0
      vertex 28.3 -32.3 0
    endloop
  endfacet
  facet normal 0 0 -1
    outer loop
      vertex 28.6916 12.2743 0
      vertex 45.5 76.6 0
      vertex 29.0764 12.1978 0
    endloop
  endfacet
  facet normal 0 0 -1
    outer loop
      vertex 45.5 -76.6 0
      vertex 31.3 -29.3 0
      vertex 31.3 9.29999 0
    endloop
  endfacet
  facet normal 0 0 -1
    outer loop
      vertex 45.5 -76.6 0
      vertex 31.2743 -29.6916 0
      vertex 31.3 -29.3 0
    endloop
  endfacet
  facet normal 0 0 -1
    outer loop
      vertex 45.5 -76.6 0
      vertex 31.1978 -30.0764 0
      vertex 31.2743 -29.6916 0
    endloop
  endfacet
  facet normal 0 0 -1
    outer loop
      vertex 45.5 -76.6 0
      vertex 31.0716 -30.448 0
      vertex 31.1978 -30.0764 0
    endloop
  endfacet
  facet normal 0 0 -1
    outer loop
      vertex 45.5 -76.6 0
      vertex 30.8981 -30.8 0
      vertex 31.0716 -30.448 0
    endloop
  endfacet
  facet normal 0 0 -1
    outer loop
      vertex 45.5 -76.6 0
      vertex 30.6801 -31.1263 0
      vertex 30.8981 -30.8 0
    endloop
  endfacet
  facet normal 0 0 -1
    outer loop
      vertex 45.5 -76.6 0
      vertex 30.4213 -31.4213 0
      vertex 30.6801 -31.1263 0
    endloop
  endfacet
  facet normal 0 0 -1
    outer loop
      vertex 45.5 -76.6 0
      vertex 30.1263 -31.6801 0
      vertex 30.4213 -31.4213 0
    endloop
  endfacet
  facet normal 0 0 -1
    outer loop
      vertex 45.5 -76.6 0
      vertex 29.8 -31.8981 0
      vertex 30.1263 -31.6801 0
    endloop
  endfacet
  facet normal 0 0 -1
    outer loop
      vertex 45.5 -76.6 0
      vertex 29.448 -32.0716 0
      vertex 29.8 -31.8981 0
    endloop
  endfacet
  facet normal 0 0 -1
    outer loop
      vertex 45.5 -76.6 0
      vertex 29.0764 -32.1978 0
      vertex 29.448 -32.0716 0
    endloop
  endfacet
  facet normal 0 0 -1
    outer loop
      vertex 45.5 -76.6 0
      vertex 28.6916 -32.2743 0
      vertex 29.0764 -32.1978 0
    endloop
  endfacet
  facet normal 0 0 -1
    outer loop
      vertex 45.5 -76.6 0
      vertex 28.3 -32.3 0
      vertex 28.6916 -32.2743 0
    endloop
  endfacet
  facet normal 0 0 -1
    outer loop
      vertex -43.1 -79 0
      vertex 28.3 -32.3 0
      vertex 43.1 -79 0
    endloop
  endfacet
  facet normal -0 0 -1
    outer loop
      vertex 28.3 -32.3 0
      vertex -43.1 -79 0
      vertex -34.3 -32.3 0
    endloop
  endfacet
  facet normal 0 0 -1
    outer loop
      vertex -45.5 -76.6 0
      vertex -34.3 -32.3 0
      vertex -43.1 -79 0
    endloop
  endfacet
  facet normal -0 0 -1
    outer loop
      vertex -34.3 -32.3 0
      vertex -45.5 -76.6 0
      vertex -34.6916 -32.2743 0
    endloop
  endfacet
  facet normal -0 0 -1
    outer loop
      vertex -34.6916 -32.2743 0
      vertex -45.5 -76.6 0
      vertex -35.0764 -32.1978 0
    endloop
  endfacet
  facet normal -0 0 -1
    outer loop
      vertex -37.2743 -29.6916 0
      vertex -45.5 -76.6 0
      vertex -37.3 -29.3 0
    endloop
  endfacet
  facet normal -0 0 -1
    outer loop
      vertex -37.1978 -30.0764 0
      vertex -45.5 -76.6 0
      vertex -37.2743 -29.6916 0
    endloop
  endfacet
  facet normal -0 0 -1
    outer loop
      vertex -37.0716 -30.448 0
      vertex -45.5 -76.6 0
      vertex -37.1978 -30.0764 0
    endloop
  endfacet
  facet normal -0 0 -1
    outer loop
      vertex -36.8981 -30.8 0
      vertex -45.5 -76.6 0
      vertex -37.0716 -30.448 0
    endloop
  endfacet
  facet normal -0 0 -1
    outer loop
      vertex -36.6801 -31.1263 0
      vertex -45.5 -76.6 0
      vertex -36.8981 -30.8 0
    endloop
  endfacet
  facet normal -0 0 -1
    outer loop
      vertex -36.4213 -31.4213 0
      vertex -45.5 -76.6 0
      vertex -36.6801 -31.1263 0
    endloop
  endfacet
  facet normal -0 0 -1
    outer loop
      vertex -36.1263 -31.6801 0
      vertex -45.5 -76.6 0
      vertex -36.4213 -31.4213 0
    endloop
  endfacet
  facet normal -0 0 -1
    outer loop
      vertex -35.8 -31.8981 0
      vertex -45.5 -76.6 0
      vertex -36.1263 -31.6801 0
    endloop
  endfacet
  facet normal -0 0 -1
    outer loop
      vertex -35.448 -32.0716 0
      vertex -45.5 -76.6 0
      vertex -35.8 -31.8981 0
    endloop
  endfacet
  facet normal -0 0 -1
    outer loop
      vertex -35.0764 -32.1978 0
      vertex -45.5 -76.6 0
      vertex -35.448 -32.0716 0
    endloop
  endfacet
  facet normal 0 0 -1
    outer loop
      vertex 28.3 12.3 0
      vertex 45.5 76.6 0
      vertex 28.6916 12.2743 0
    endloop
  endfacet
  facet normal 0 -0 -1
    outer loop
      vertex 43.1 79 0
      vertex 45.5 76.6 0
      vertex 28.3 12.3 0
    endloop
  endfacet
  facet normal 0 0 -1
    outer loop
      vertex 45.5 76.6 0
      vertex 43.1 79 0
      vertex 45.4795 76.9133 0
    endloop
  endfacet
  facet normal 0 0 -1
    outer loop
      vertex 45.4795 76.9133 0
      vertex 43.1 79 0
      vertex 45.4182 77.2212 0
    endloop
  endfacet
  facet normal 0 0 -1
    outer loop
      vertex 45.4182 77.2212 0
      vertex 43.1 79 0
      vertex 45.3173 77.5184 0
    endloop
  endfacet
  facet normal 0 0 -1
    outer loop
      vertex 45.3173 77.5184 0
      vertex 43.1 79 0
      vertex 45.1785 77.8 0
    endloop
  endfacet
  facet normal 0 0 -1
    outer loop
      vertex 45.004 78.061 0
      vertex 43.1 79 0
      vertex 44.797 78.297 0
    endloop
  endfacet
  facet normal 0 0 -1
    outer loop
      vertex 44.797 78.297 0
      vertex 43.1 79 0
      vertex 44.561 78.504 0
    endloop
  endfacet
  facet normal 0 0 -1
    outer loop
      vertex 44.3 78.6785 0
      vertex 43.1 79 0
      vertex 44.0184 78.8173 0
    endloop
  endfacet
  facet normal 0 0 -1
    outer loop
      vertex 43.7212 78.9182 0
      vertex 43.1 79 0
      vertex 43.4133 78.9795 0
    endloop
  endfacet
  facet normal 0 0 -1
    outer loop
      vertex 44.0184 78.8173 0
      vertex 43.1 79 0
      vertex 43.7212 78.9182 0
    endloop
  endfacet
  facet normal 0 0 -1
    outer loop
      vertex 44.561 78.504 0
      vertex 43.1 79 0
      vertex 44.3 78.6785 0
    endloop
  endfacet
  facet normal 0 0 -1
    outer loop
      vertex 45.1785 77.8 0
      vertex 43.1 79 0
      vertex 45.004 78.061 0
    endloop
  endfacet
  facet normal 0 0 -1
    outer loop
      vertex -43.1 79 0
      vertex 28.3 12.3 0
      vertex -34.3 12.3 0
    endloop
  endfacet
  facet normal 0 0 -1
    outer loop
      vertex -45.5 76.6 0
      vertex -34.3 12.3 0
      vertex -34.6916 12.2743 0
    endloop
  endfacet
  facet normal 0 0 -1
    outer loop
      vertex -45.5 76.6 0
      vertex -34.6916 12.2743 0
      vertex -35.0764 12.1978 0
    endloop
  endfacet
  facet normal 0 0 -1
    outer loop
      vertex -45.5 76.6 0
      vertex -35.0764 12.1978 0
      vertex -35.448 12.0716 0
    endloop
  endfacet
  facet normal 0 0 -1
    outer loop
      vertex -45.5 76.6 0
      vertex -35.448 12.0716 0
      vertex -35.8 11.8981 0
    endloop
  endfacet
  facet normal 0 0 -1
    outer loop
      vertex -45.5 76.6 0
      vertex -35.8 11.8981 0
      vertex -36.1263 11.6801 0
    endloop
  endfacet
  facet normal -0 0 -1
    outer loop
      vertex -37.3 -29.3 0
      vertex -45.5 -76.6 0
      vertex -37.3 9.29999 0
    endloop
  endfacet
  facet normal 0 0 -1
    outer loop
      vertex 28.3 12.3 0
      vertex -43.1 79 0
      vertex 43.1 79 0
    endloop
  endfacet
  facet normal 0 0 -1
    outer loop
      vertex -45.5 76.6 0
      vertex -36.1263 11.6801 0
      vertex -36.4213 11.4213 0
    endloop
  endfacet
  facet normal 0 0 -1
    outer loop
      vertex -45.5 76.6 0
      vertex -36.4213 11.4213 0
      vertex -36.6801 11.1263 0
    endloop
  endfacet
  facet normal 0 0 -1
    outer loop
      vertex -45.5 76.6 0
      vertex -36.6801 11.1263 0
      vertex -36.8981 10.8 0
    endloop
  endfacet
  facet normal 0 0 -1
    outer loop
      vertex -45.5 76.6 0
      vertex -36.8981 10.8 0
      vertex -37.0716 10.448 0
    endloop
  endfacet
  facet normal 0 0 -1
    outer loop
      vertex -45.5 76.6 0
      vertex -37.0716 10.448 0
      vertex -37.1978 10.0764 0
    endloop
  endfacet
  facet normal 0 0 -1
    outer loop
      vertex -45.5 76.6 0
      vertex -37.1978 10.0764 0
      vertex -37.2743 9.69156 0
    endloop
  endfacet
  facet normal 0 0 -1
    outer loop
      vertex -45.5 76.6 0
      vertex -37.3 9.29999 0
      vertex -45.5 -76.6 0
    endloop
  endfacet
  facet normal 0 0 -1
    outer loop
      vertex -45.5 -76.6 0
      vertex -43.1 -79 0
      vertex -43.4133 -78.9795 0
    endloop
  endfacet
  facet normal 0 0 -1
    outer loop
      vertex -37.3 9.29999 0
      vertex -45.5 76.6 0
      vertex -37.2743 9.69156 0
    endloop
  endfacet
  facet normal 0 0 -1
    outer loop
      vertex -45.5 -76.6 0
      vertex -43.4133 -78.9795 0
      vertex -43.7212 -78.9182 0
    endloop
  endfacet
  facet normal 0 0 -1
    outer loop
      vertex -34.3 12.3 0
      vertex -45.5 76.6 0
      vertex -43.1 79 0
    endloop
  endfacet
  facet normal 0 0 -1
    outer loop
      vertex -45.5 -76.6 0
      vertex -43.7212 -78.9182 0
      vertex -44.0184 -78.8173 0
    endloop
  endfacet
  facet normal 0 0 -1
    outer loop
      vertex -43.1 79 0
      vertex -45.5 76.6 0
      vertex -43.4133 78.9795 0
    endloop
  endfacet
  facet normal 0 0 -1
    outer loop
      vertex -45.5 -76.6 0
      vertex -44.0184 -78.8173 0
      vertex -44.3 -78.6785 0
    endloop
  endfacet
  facet normal 0 0 -1
    outer loop
      vertex -43.4133 78.9795 0
      vertex -45.5 76.6 0
      vertex -43.7212 78.9182 0
    endloop
  endfacet
  facet normal 0 0 -1
    outer loop
      vertex -45.5 -76.6 0
      vertex -44.3 -78.6785 0
      vertex -44.561 -78.504 0
    endloop
  endfacet
  facet normal 0 0 -1
    outer loop
      vertex -43.7212 78.9182 0
      vertex -45.5 76.6 0
      vertex -44.0184 78.8173 0
    endloop
  endfacet
  facet normal 0 0 -1
    outer loop
      vertex -45.5 -76.6 0
      vertex -44.561 -78.504 0
      vertex -44.797 -78.297 0
    endloop
  endfacet
  facet normal 0 0 -1
    outer loop
      vertex -44.0184 78.8173 0
      vertex -45.5 76.6 0
      vertex -44.3 78.6785 0
    endloop
  endfacet
  facet normal 0 0 -1
    outer loop
      vertex -45.5 -76.6 0
      vertex -44.797 -78.297 0
      vertex -45.004 -78.061 0
    endloop
  endfacet
  facet normal 0 0 -1
    outer loop
      vertex -44.3 78.6785 0
      vertex -45.5 76.6 0
      vertex -44.561 78.504 0
    endloop
  endfacet
  facet normal 0 0 -1
    outer loop
      vertex -45.5 -76.6 0
      vertex -45.004 -78.061 0
      vertex -45.1785 -77.8 0
    endloop
  endfacet
  facet normal 0 0 -1
    outer loop
      vertex -44.561 78.504 0
      vertex -45.5 76.6 0
      vertex -44.797 78.297 0
    endloop
  endfacet
  facet normal 0 0 -1
    outer loop
      vertex -45.5 -76.6 0
      vertex -45.1785 -77.8 0
      vertex -45.3173 -77.5184 0
    endloop
  endfacet
  facet normal 0 0 -1
    outer loop
      vertex -44.797 78.297 0
      vertex -45.5 76.6 0
      vertex -45.004 78.061 0
    endloop
  endfacet
  facet normal 0 0 -1
    outer loop
      vertex -45.5 -76.6 0
      vertex -45.3173 -77.5184 0
      vertex -45.4182 -77.2212 0
    endloop
  endfacet
  facet normal 0 0 -1
    outer loop
      vertex -45.004 78.061 0
      vertex -45.5 76.6 0
      vertex -45.1785 77.8 0
    endloop
  endfacet
  facet normal 0 0 -1
    outer loop
      vertex -45.5 -76.6 0
      vertex -45.4182 -77.2212 0
      vertex -45.4795 -76.9133 0
    endloop
  endfacet
  facet normal 0 0 -1
    outer loop
      vertex -45.1785 77.8 0
      vertex -45.5 76.6 0
      vertex -45.3173 77.5184 0
    endloop
  endfacet
  facet normal 0 0 -1
    outer loop
      vertex -45.3173 77.5184 0
      vertex -45.5 76.6 0
      vertex -45.4182 77.2212 0
    endloop
  endfacet
  facet normal 0 0 -1
    outer loop
      vertex -45.4182 77.2212 0
      vertex -45.5 76.6 0
      vertex -45.4795 76.9133 0
    endloop
  endfacet
  facet normal 0.466657 0.532231 -0.706372
    outer loop
      vertex 45.5042 79.0042 1
      vertex 44.561 78.504 0
      vertex 45.1698 79.2974 1
    endloop
  endfacet
  facet normal -0.0463163 -0.706363 -0.706333
    outer loop
      vertex -43.1 -80 1
      vertex -43.5438 -79.9709 1
      vertex -43.4133 -78.9795 0
    endloop
  endfacet
  facet normal -0.634938 0.312959 -0.706336
    outer loop
      vertex -45.3173 77.5184 0
      vertex -46.0445 78.3 1
      vertex -45.1785 77.8 0
    endloop
  endfacet
  facet normal -0.670299 0.227568 -0.706337
    outer loop
      vertex -45.4182 77.2212 0
      vertex -46.3841 77.48 1
      vertex -45.3173 77.5184 0
    endloop
  endfacet
  facet normal 0.670299 0.227568 -0.706337
    outer loop
      vertex 45.4182 77.2212 0
      vertex 45.3173 77.5184 0
      vertex 46.3841 77.48 1
    endloop
  endfacet
  facet normal 0.694245 0.138218 -0.706342
    outer loop
      vertex 45.4795 76.9133 0
      vertex 45.4182 77.2212 0
      vertex 46.3841 77.48 1
    endloop
  endfacet
  facet normal -0.138154 0.694271 -0.706329
    outer loop
      vertex -43.4133 78.9795 0
      vertex -43.98 79.8841 1
      vertex -43.5438 79.9709 1
    endloop
  endfacet
  facet normal -0.32135 0.94696 0
    outer loop
      vertex -43.98 79.8841 1
      vertex -44.4011 79.7412 36.4
      vertex -43.98 79.8841 36.4
    endloop
  endfacet
  facet normal -0.32135 0.94696 0
    outer loop
      vertex -44.4011 79.7412 36.4
      vertex -43.98 79.8841 1
      vertex -44.4011 79.7412 1
    endloop
  endfacet
  facet normal 0.312959 0.634938 -0.706336
    outer loop
      vertex 44.3 78.6785 0
      vertex 44.0184 78.8173 0
      vertex 44.8 79.5445 1
    endloop
  endfacet
  facet normal -0.532127 0.466738 -0.706397
    outer loop
      vertex -45.004 78.061 0
      vertex -45.5042 79.0042 1
      vertex -44.797 78.297 0
    endloop
  endfacet
  facet normal -0.532231 0.466657 -0.706372
    outer loop
      vertex -45.004 78.061 0
      vertex -45.7974 78.6698 1
      vertex -45.5042 79.0042 1
    endloop
  endfacet
  facet normal 0 0 1
    outer loop
      vertex 44.1 76.6 36.4
      vertex 46.5 76.6 36.4
      vertex 46.4709 77.0438 36.4
    endloop
  endfacet
  facet normal 0 0 1
    outer loop
      vertex 46.5 76.6 36.4
      vertex 44.1 76.6 36.4
      vertex 46.5 -76.6 36.4
    endloop
  endfacet
  facet normal 0 0 1
    outer loop
      vertex 44.0914 76.7305 36.4
      vertex 46.4709 77.0438 36.4
      vertex 46.3841 77.48 36.4
    endloop
  endfacet
  facet normal 0 0 1
    outer loop
      vertex 44.1 -76.6 36.4
      vertex 46.5 -76.6 36.4
      vertex 44.1 76.6 36.4
    endloop
  endfacet
  facet normal 0 0 1
    outer loop
      vertex 44.0659 76.8588 36.4
      vertex 46.3841 77.48 36.4
      vertex 46.2412 77.9011 36.4
    endloop
  endfacet
  facet normal 0 0 1
    outer loop
      vertex 46.5 -76.6 36.4
      vertex 44.1 -76.6 36.4
      vertex 46.4709 -77.0438 36.4
    endloop
  endfacet
  facet normal 0 0 1
    outer loop
      vertex 44.0239 76.9827 36.4
      vertex 46.2412 77.9011 36.4
      vertex 46.0445 78.3 36.4
    endloop
  endfacet
  facet normal -0 0 1
    outer loop
      vertex 44.0914 -76.7305 36.4
      vertex 46.4709 -77.0438 36.4
      vertex 44.1 -76.6 36.4
    endloop
  endfacet
  facet normal 0 0 1
    outer loop
      vertex 43.966 77.1 36.4
      vertex 46.0445 78.3 36.4
      vertex 45.7974 78.6698 36.4
    endloop
  endfacet
  facet normal 0 0 1
    outer loop
      vertex 46.4709 -77.0438 36.4
      vertex 44.0914 -76.7305 36.4
      vertex 46.3841 -77.48 36.4
    endloop
  endfacet
  facet normal 0 0 1
    outer loop
      vertex 43.8933 77.2088 36.4
      vertex 45.7974 78.6698 36.4
      vertex 45.5042 79.0042 36.4
    endloop
  endfacet
  facet normal -0 0 1
    outer loop
      vertex 44.0659 -76.8588 36.4
      vertex 46.3841 -77.48 36.4
      vertex 44.0914 -76.7305 36.4
    endloop
  endfacet
  facet normal 0 0 1
    outer loop
      vertex 43.8071 77.3071 36.4
      vertex 45.5042 79.0042 36.4
      vertex 45.1698 79.2974 36.4
    endloop
  endfacet
  facet normal 0 0 1
    outer loop
      vertex 46.3841 -77.48 36.4
      vertex 44.0659 -76.8588 36.4
      vertex 46.2412 -77.9011 36.4
    endloop
  endfacet
  facet normal 0 0 1
    outer loop
      vertex 43.7088 77.3933 36.4
      vertex 45.1698 79.2974 36.4
      vertex 44.8 79.5445 36.4
    endloop
  endfacet
  facet normal -0 0 1
    outer loop
      vertex 44.0239 -76.9827 36.4
      vertex 46.2412 -77.9011 36.4
      vertex 44.0659 -76.8588 36.4
    endloop
  endfacet
  facet normal 0 0 1
    outer loop
      vertex 43.6 77.466 36.4
      vertex 44.8 79.5445 36.4
      vertex 44.4011 79.7412 36.4
    endloop
  endfacet
  facet normal 0 0 1
    outer loop
      vertex 46.2412 -77.9011 36.4
      vertex 44.0239 -76.9827 36.4
      vertex 46.0445 -78.3 36.4
    endloop
  endfacet
  facet normal -0 0 1
    outer loop
      vertex 43.966 -77.1 36.4
      vertex 46.0445 -78.3 36.4
      vertex 44.0239 -76.9827 36.4
    endloop
  endfacet
  facet normal 0 0 1
    outer loop
      vertex 46.4709 77.0438 36.4
      vertex 44.0914 76.7305 36.4
      vertex 44.1 76.6 36.4
    endloop
  endfacet
  facet normal 0 0 1
    outer loop
      vertex 46.3841 77.48 36.4
      vertex 44.0659 76.8588 36.4
      vertex 44.0914 76.7305 36.4
    endloop
  endfacet
  facet normal 0 0 1
    outer loop
      vertex 46.2412 77.9011 36.4
      vertex 44.0239 76.9827 36.4
      vertex 44.0659 76.8588 36.4
    endloop
  endfacet
  facet normal 0 0 1
    outer loop
      vertex 43.4827 77.5239 36.4
      vertex 44.4011 79.7412 36.4
      vertex 43.98 79.8841 36.4
    endloop
  endfacet
  facet normal 0 0 1
    outer loop
      vertex 46.0445 78.3 36.4
      vertex 43.966 77.1 36.4
      vertex 44.0239 76.9827 36.4
    endloop
  endfacet
  facet normal 0 0 1
    outer loop
      vertex 45.7974 78.6698 36.4
      vertex 43.8933 77.2088 36.4
      vertex 43.966 77.1 36.4
    endloop
  endfacet
  facet normal 0 0 1
    outer loop
      vertex 45.5042 79.0042 36.4
      vertex 43.8071 77.3071 36.4
      vertex 43.8933 77.2088 36.4
    endloop
  endfacet
  facet normal 0 0 1
    outer loop
      vertex 45.1698 79.2974 36.4
      vertex 43.7088 77.3933 36.4
      vertex 43.8071 77.3071 36.4
    endloop
  endfacet
  facet normal 0 0 1
    outer loop
      vertex 44.8 79.5445 36.4
      vertex 43.6 77.466 36.4
      vertex 43.7088 77.3933 36.4
    endloop
  endfacet
  facet normal 0 0 1
    outer loop
      vertex 43.3588 77.5659 36.4
      vertex 43.98 79.8841 36.4
      vertex 43.5438 79.9709 36.4
    endloop
  endfacet
  facet normal 0 0 1
    outer loop
      vertex 44.4011 79.7412 36.4
      vertex 43.4827 77.5239 36.4
      vertex 43.6 77.466 36.4
    endloop
  endfacet
  facet normal 0 0 1
    outer loop
      vertex 43.98 79.8841 36.4
      vertex 43.3588 77.5659 36.4
      vertex 43.4827 77.5239 36.4
    endloop
  endfacet
  facet normal 0 0 1
    outer loop
      vertex 43.5438 79.9709 36.4
      vertex 43.2305 77.5914 36.4
      vertex 43.3588 77.5659 36.4
    endloop
  endfacet
  facet normal 0 0 1
    outer loop
      vertex 43.1 80 36.4
      vertex 43.2305 77.5914 36.4
      vertex 43.5438 79.9709 36.4
    endloop
  endfacet
  facet normal 0 0 1
    outer loop
      vertex 43.1 80 36.4
      vertex 43.1 77.6 36.4
      vertex 43.2305 77.5914 36.4
    endloop
  endfacet
  facet normal -0 0 1
    outer loop
      vertex -43.1 80 36.4
      vertex 43.1 77.6 36.4
      vertex 43.1 80 36.4
    endloop
  endfacet
  facet normal 0 0 1
    outer loop
      vertex -43.1 80 36.4
      vertex -43.1 77.6 36.4
      vertex 43.1 77.6 36.4
    endloop
  endfacet
  facet normal 0 0 1
    outer loop
      vertex -43.1 80 36.4
      vertex -43.2305 77.5914 36.4
      vertex -43.1 77.6 36.4
    endloop
  endfacet
  facet normal -0 0 1
    outer loop
      vertex -43.5438 79.9709 36.4
      vertex -43.2305 77.5914 36.4
      vertex -43.1 80 36.4
    endloop
  endfacet
  facet normal 0 0 1
    outer loop
      vertex -43.2305 77.5914 36.4
      vertex -43.5438 79.9709 36.4
      vertex -43.3588 77.5659 36.4
    endloop
  endfacet
  facet normal -0 0 1
    outer loop
      vertex -43.98 79.8841 36.4
      vertex -43.3588 77.5659 36.4
      vertex -43.5438 79.9709 36.4
    endloop
  endfacet
  facet normal 0 0 1
    outer loop
      vertex -43.3588 77.5659 36.4
      vertex -43.98 79.8841 36.4
      vertex -43.4827 77.5239 36.4
    endloop
  endfacet
  facet normal -0 0 1
    outer loop
      vertex -44.4011 79.7412 36.4
      vertex -43.4827 77.5239 36.4
      vertex -43.98 79.8841 36.4
    endloop
  endfacet
  facet normal 0 0 1
    outer loop
      vertex -43.4827 77.5239 36.4
      vertex -44.4011 79.7412 36.4
      vertex -43.6 77.466 36.4
    endloop
  endfacet
  facet normal -0 0 1
    outer loop
      vertex -44.8 79.5445 36.4
      vertex -43.6 77.466 36.4
      vertex -44.4011 79.7412 36.4
    endloop
  endfacet
  facet normal 0 0 1
    outer loop
      vertex -43.6 77.466 36.4
      vertex -44.8 79.5445 36.4
      vertex -43.7088 77.3933 36.4
    endloop
  endfacet
  facet normal -0 0 1
    outer loop
      vertex -45.1698 79.2974 36.4
      vertex -43.7088 77.3933 36.4
      vertex -44.8 79.5445 36.4
    endloop
  endfacet
  facet normal 0 0 1
    outer loop
      vertex -43.7088 77.3933 36.4
      vertex -45.1698 79.2974 36.4
      vertex -43.8071 77.3071 36.4
    endloop
  endfacet
  facet normal -0 0 1
    outer loop
      vertex -45.5042 79.0042 36.4
      vertex -43.8071 77.3071 36.4
      vertex -45.1698 79.2974 36.4
    endloop
  endfacet
  facet normal 0 0 1
    outer loop
      vertex -43.8071 77.3071 36.4
      vertex -45.5042 79.0042 36.4
      vertex -43.8933 77.2088 36.4
    endloop
  endfacet
  facet normal -0 0 1
    outer loop
      vertex -45.7974 78.6698 36.4
      vertex -43.8933 77.2088 36.4
      vertex -45.5042 79.0042 36.4
    endloop
  endfacet
  facet normal -0 0 1
    outer loop
      vertex -46.0445 78.3 36.4
      vertex -43.966 77.1 36.4
      vertex -45.7974 78.6698 36.4
    endloop
  endfacet
  facet normal 0 0 1
    outer loop
      vertex -43.8933 77.2088 36.4
      vertex -45.7974 78.6698 36.4
      vertex -43.966 77.1 36.4
    endloop
  endfacet
  facet normal 0 0 1
    outer loop
      vertex 46.0445 -78.3 36.4
      vertex 43.966 -77.1 36.4
      vertex 45.7974 -78.6698 36.4
    endloop
  endfacet
  facet normal -0 0 1
    outer loop
      vertex 43.8933 -77.2088 36.4
      vertex 45.7974 -78.6698 36.4
      vertex 43.966 -77.1 36.4
    endloop
  endfacet
  facet normal 0 0 1
    outer loop
      vertex 45.7974 -78.6698 36.4
      vertex 43.8933 -77.2088 36.4
      vertex 45.5042 -79.0042 36.4
    endloop
  endfacet
  facet normal -0 0 1
    outer loop
      vertex 43.8071 -77.3071 36.4
      vertex 45.5042 -79.0042 36.4
      vertex 43.8933 -77.2088 36.4
    endloop
  endfacet
  facet normal 0 0 1
    outer loop
      vertex 45.5042 -79.0042 36.4
      vertex 43.8071 -77.3071 36.4
      vertex 45.1698 -79.2974 36.4
    endloop
  endfacet
  facet normal -0 0 1
    outer loop
      vertex 43.7088 -77.3933 36.4
      vertex 45.1698 -79.2974 36.4
      vertex 43.8071 -77.3071 36.4
    endloop
  endfacet
  facet normal 0 0 1
    outer loop
      vertex 45.1698 -79.2974 36.4
      vertex 43.7088 -77.3933 36.4
      vertex 44.8 -79.5445 36.4
    endloop
  endfacet
  facet normal -0 0 1
    outer loop
      vertex 43.6 -77.466 36.4
      vertex 44.8 -79.5445 36.4
      vertex 43.7088 -77.3933 36.4
    endloop
  endfacet
  facet normal 0 0 1
    outer loop
      vertex 44.8 -79.5445 36.4
      vertex 43.6 -77.466 36.4
      vertex 44.4011 -79.7412 36.4
    endloop
  endfacet
  facet normal -0 0 1
    outer loop
      vertex 43.4827 -77.5239 36.4
      vertex 44.4011 -79.7412 36.4
      vertex 43.6 -77.466 36.4
    endloop
  endfacet
  facet normal 0 0 1
    outer loop
      vertex 44.4011 -79.7412 36.4
      vertex 43.4827 -77.5239 36.4
      vertex 43.98 -79.8841 36.4
    endloop
  endfacet
  facet normal -0 0 1
    outer loop
      vertex 43.3588 -77.5659 36.4
      vertex 43.98 -79.8841 36.4
      vertex 43.4827 -77.5239 36.4
    endloop
  endfacet
  facet normal 0 0 1
    outer loop
      vertex 43.98 -79.8841 36.4
      vertex 43.3588 -77.5659 36.4
      vertex 43.5438 -79.9709 36.4
    endloop
  endfacet
  facet normal -0 0 1
    outer loop
      vertex 43.2305 -77.5914 36.4
      vertex 43.5438 -79.9709 36.4
      vertex 43.3588 -77.5659 36.4
    endloop
  endfacet
  facet normal -0 0 1
    outer loop
      vertex 43.1 -77.6 36.4
      vertex 43.5438 -79.9709 36.4
      vertex 43.2305 -77.5914 36.4
    endloop
  endfacet
  facet normal 0 0 1
    outer loop
      vertex 43.1 -77.6 36.4
      vertex 43.1 -80 36.4
      vertex 43.5438 -79.9709 36.4
    endloop
  endfacet
  facet normal -0 0 1
    outer loop
      vertex -43.1 -77.6 36.4
      vertex 43.1 -80 36.4
      vertex 43.1 -77.6 36.4
    endloop
  endfacet
  facet normal 0 0 1
    outer loop
      vertex -43.1 -77.6 36.4
      vertex -43.1 -80 36.4
      vertex 43.1 -80 36.4
    endloop
  endfacet
  facet normal 0 0 1
    outer loop
      vertex -43.2305 -77.5914 36.4
      vertex -43.1 -80 36.4
      vertex -43.1 -77.6 36.4
    endloop
  endfacet
  facet normal 0 0 1
    outer loop
      vertex -43.5438 -79.9709 36.4
      vertex -43.2305 -77.5914 36.4
      vertex -43.3588 -77.5659 36.4
    endloop
  endfacet
  facet normal 0 0 1
    outer loop
      vertex -43.98 -79.8841 36.4
      vertex -43.3588 -77.5659 36.4
      vertex -43.4827 -77.5239 36.4
    endloop
  endfacet
  facet normal 0 0 1
    outer loop
      vertex -43.2305 -77.5914 36.4
      vertex -43.5438 -79.9709 36.4
      vertex -43.1 -80 36.4
    endloop
  endfacet
  facet normal 0 0 1
    outer loop
      vertex -44.4011 -79.7412 36.4
      vertex -43.4827 -77.5239 36.4
      vertex -43.6 -77.466 36.4
    endloop
  endfacet
  facet normal 0 0 1
    outer loop
      vertex -44.8 -79.5445 36.4
      vertex -43.6 -77.466 36.4
      vertex -43.7088 -77.3933 36.4
    endloop
  endfacet
  facet normal 0 0 1
    outer loop
      vertex -45.1698 -79.2974 36.4
      vertex -43.7088 -77.3933 36.4
      vertex -43.8071 -77.3071 36.4
    endloop
  endfacet
  facet normal 0 0 1
    outer loop
      vertex -45.5042 -79.0042 36.4
      vertex -43.8071 -77.3071 36.4
      vertex -43.8933 -77.2088 36.4
    endloop
  endfacet
  facet normal 0 0 1
    outer loop
      vertex -45.7974 -78.6698 36.4
      vertex -43.8933 -77.2088 36.4
      vertex -43.966 -77.1 36.4
    endloop
  endfacet
  facet normal 0 0 1
    outer loop
      vertex -43.3588 -77.5659 36.4
      vertex -43.98 -79.8841 36.4
      vertex -43.5438 -79.9709 36.4
    endloop
  endfacet
  facet normal 0 0 1
    outer loop
      vertex -46.0445 -78.3 36.4
      vertex -43.966 -77.1 36.4
      vertex -44.0239 -76.9827 36.4
    endloop
  endfacet
  facet normal 0 0 1
    outer loop
      vertex -46.2412 -77.9011 36.4
      vertex -44.0239 -76.9827 36.4
      vertex -44.0659 -76.8588 36.4
    endloop
  endfacet
  facet normal 0 0 1
    outer loop
      vertex -46.3841 -77.48 36.4
      vertex -44.0659 -76.8588 36.4
      vertex -44.0914 -76.7305 36.4
    endloop
  endfacet
  facet normal 0 0 1
    outer loop
      vertex -46.4709 -77.0438 36.4
      vertex -44.0914 -76.7305 36.4
      vertex -44.1 -76.6 36.4
    endloop
  endfacet
  facet normal 0 0 1
    outer loop
      vertex -43.4827 -77.5239 36.4
      vertex -44.4011 -79.7412 36.4
      vertex -43.98 -79.8841 36.4
    endloop
  endfacet
  facet normal 0 0 1
    outer loop
      vertex -44.1 76.6 36.4
      vertex -46.5 76.6 36.4
      vertex -44.1 -76.6 36.4
    endloop
  endfacet
  facet normal 0 0 1
    outer loop
      vertex -43.966 77.1 36.4
      vertex -46.0445 78.3 36.4
      vertex -44.0239 76.9827 36.4
    endloop
  endfacet
  facet normal 0 0 1
    outer loop
      vertex -46.5 -76.6 36.4
      vertex -44.1 -76.6 36.4
      vertex -46.5 76.6 36.4
    endloop
  endfacet
  facet normal -0 0 1
    outer loop
      vertex -46.2412 77.9011 36.4
      vertex -44.0239 76.9827 36.4
      vertex -46.0445 78.3 36.4
    endloop
  endfacet
  facet normal 0 -0 1
    outer loop
      vertex -46.4709 -77.0438 36.4
      vertex -44.1 -76.6 36.4
      vertex -46.5 -76.6 36.4
    endloop
  endfacet
  facet normal 0 0 1
    outer loop
      vertex -44.0239 76.9827 36.4
      vertex -46.2412 77.9011 36.4
      vertex -44.0659 76.8588 36.4
    endloop
  endfacet
  facet normal 0 0 1
    outer loop
      vertex -43.6 -77.466 36.4
      vertex -44.8 -79.5445 36.4
      vertex -44.4011 -79.7412 36.4
    endloop
  endfacet
  facet normal -0 0 1
    outer loop
      vertex -46.3841 77.48 36.4
      vertex -44.0659 76.8588 36.4
      vertex -46.2412 77.9011 36.4
    endloop
  endfacet
  facet normal 0 0 1
    outer loop
      vertex -43.7088 -77.3933 36.4
      vertex -45.1698 -79.2974 36.4
      vertex -44.8 -79.5445 36.4
    endloop
  endfacet
  facet normal 0 0 1
    outer loop
      vertex -44.0659 76.8588 36.4
      vertex -46.3841 77.48 36.4
      vertex -44.0914 76.7305 36.4
    endloop
  endfacet
  facet normal 0 0 1
    outer loop
      vertex -43.8071 -77.3071 36.4
      vertex -45.5042 -79.0042 36.4
      vertex -45.1698 -79.2974 36.4
    endloop
  endfacet
  facet normal -0 0 1
    outer loop
      vertex -46.4709 77.0438 36.4
      vertex -44.0914 76.7305 36.4
      vertex -46.3841 77.48 36.4
    endloop
  endfacet
  facet normal 0 0 1
    outer loop
      vertex -43.8933 -77.2088 36.4
      vertex -45.7974 -78.6698 36.4
      vertex -45.5042 -79.0042 36.4
    endloop
  endfacet
  facet normal 0 0 1
    outer loop
      vertex -44.0914 76.7305 36.4
      vertex -46.4709 77.0438 36.4
      vertex -44.1 76.6 36.4
    endloop
  endfacet
  facet normal 0 0 1
    outer loop
      vertex -43.966 -77.1 36.4
      vertex -46.0445 -78.3 36.4
      vertex -45.7974 -78.6698 36.4
    endloop
  endfacet
  facet normal 0 0 1
    outer loop
      vertex -44.1 76.6 36.4
      vertex -46.4709 77.0438 36.4
      vertex -46.5 76.6 36.4
    endloop
  endfacet
  facet normal 0 0 1
    outer loop
      vertex -44.0239 -76.9827 36.4
      vertex -46.2412 -77.9011 36.4
      vertex -46.0445 -78.3 36.4
    endloop
  endfacet
  facet normal 0 0 1
    outer loop
      vertex -44.0659 -76.8588 36.4
      vertex -46.3841 -77.48 36.4
      vertex -46.2412 -77.9011 36.4
    endloop
  endfacet
  facet normal 0 0 1
    outer loop
      vertex -44.0914 -76.7305 36.4
      vertex -46.4709 -77.0438 36.4
      vertex -46.3841 -77.48 36.4
    endloop
  endfacet
  facet normal -0.980815 0.19494 3.67751e-20
    outer loop
      vertex 44.0659 -76.8588 2.4
      vertex 44.0914 -76.7305 36.4
      vertex 44.0914 -76.7305 2.4
    endloop
  endfacet
  facet normal -0.980815 0.19494 3.67751e-20
    outer loop
      vertex 44.0914 -76.7305 36.4
      vertex 44.0659 -76.8588 2.4
      vertex 44.0659 -76.8588 36.4
    endloop
  endfacet
  facet normal -0.321039 0.947066 0
    outer loop
      vertex 43.4827 -77.5239 2.4
      vertex 43.3588 -77.5659 36.4
      vertex 43.4827 -77.5239 36.4
    endloop
  endfacet
  facet normal -0.321039 0.947066 0
    outer loop
      vertex 43.3588 -77.5659 36.4
      vertex 43.4827 -77.5239 2.4
      vertex 43.3588 -77.5659 2.4
    endloop
  endfacet
  facet normal -0.896709 0.442621 -8.98428e-20
    outer loop
      vertex 43.966 -77.1 2.4
      vertex 44.0239 -76.9827 36.4
      vertex 44.0239 -76.9827 2.4
    endloop
  endfacet
  facet normal -0.896709 0.442621 -8.98428e-20
    outer loop
      vertex 44.0239 -76.9827 36.4
      vertex 43.966 -77.1 2.4
      vertex 43.966 -77.1 36.4
    endloop
  endfacet
  facet normal 0 1 -0
    outer loop
      vertex 43.1 -77.6 2.4
      vertex -43.1 -77.6 36.4
      vertex 43.1 -77.6 36.4
    endloop
  endfacet
  facet normal 0 1 0
    outer loop
      vertex -43.1 -77.6 36.4
      vertex 43.1 -77.6 2.4
      vertex -43.1 -77.6 2.4
    endloop
  endfacet
  facet normal -0.19494 0.980815 0
    outer loop
      vertex 43.3588 -77.5659 2.4
      vertex 43.2305 -77.5914 36.4
      vertex 43.3588 -77.5659 36.4
    endloop
  endfacet
  facet normal -0.19494 0.980815 0
    outer loop
      vertex 43.2305 -77.5914 36.4
      vertex 43.3588 -77.5659 2.4
      vertex 43.2305 -77.5914 2.4
    endloop
  endfacet
  facet normal 0.947066 -0.321039 -5.97686e-20
    outer loop
      vertex -44.0659 76.8588 36.4
      vertex -44.0239 76.9827 2.4
      vertex -44.0239 76.9827 36.4
    endloop
  endfacet
  facet normal 0.947066 -0.321039 -5.97686e-20
    outer loop
      vertex -44.0239 76.9827 2.4
      vertex -44.0659 76.8588 36.4
      vertex -44.0659 76.8588 2.4
    endloop
  endfacet
  facet normal -0.0657577 0.997836 0
    outer loop
      vertex 43.2305 -77.5914 2.4
      vertex 43.1 -77.6 36.4
      vertex 43.2305 -77.5914 36.4
    endloop
  endfacet
  facet normal -0.0657577 0.997836 0
    outer loop
      vertex 43.1 -77.6 36.4
      vertex 43.2305 -77.5914 2.4
      vertex 43.1 -77.6 2.4
    endloop
  endfacet
  facet normal 0.831462 0.555582 -1.31461e-19
    outer loop
      vertex -43.8933 -77.2088 36.4
      vertex -43.966 -77.1 2.4
      vertex -43.966 -77.1 36.4
    endloop
  endfacet
  facet normal 0.831462 0.555582 -1.31461e-19
    outer loop
      vertex -43.966 -77.1 2.4
      vertex -43.8933 -77.2088 36.4
      vertex -43.8933 -77.2088 2.4
    endloop
  endfacet
  facet normal 0.751866 0.659316 -1.13706e-19
    outer loop
      vertex -43.8071 -77.3071 36.4
      vertex -43.8933 -77.2088 2.4
      vertex -43.8933 -77.2088 36.4
    endloop
  endfacet
  facet normal 0.751866 0.659316 -1.13706e-19
    outer loop
      vertex -43.8933 -77.2088 2.4
      vertex -43.8071 -77.3071 36.4
      vertex -43.8071 -77.3071 2.4
    endloop
  endfacet
  facet normal 0.442621 0.896709 -0
    outer loop
      vertex -43.4827 -77.5239 2.4
      vertex -43.6 -77.466 36.4
      vertex -43.4827 -77.5239 36.4
    endloop
  endfacet
  facet normal 0.442621 0.896709 0
    outer loop
      vertex -43.6 -77.466 36.4
      vertex -43.4827 -77.5239 2.4
      vertex -43.6 -77.466 2.4
    endloop
  endfacet
  facet normal 0.0657577 -0.997836 0
    outer loop
      vertex -43.2305 77.5914 2.4
      vertex -43.1 77.6 36.4
      vertex -43.2305 77.5914 36.4
    endloop
  endfacet
  facet normal 0.0657577 -0.997836 0
    outer loop
      vertex -43.1 77.6 36.4
      vertex -43.2305 77.5914 2.4
      vertex -43.1 77.6 2.4
    endloop
  endfacet
  facet normal -1 0 0
    outer loop
      vertex 44.1 76.6 2.4
      vertex 44.1 47.5 18.5
      vertex 44.1 76.6 36.4
    endloop
  endfacet
  facet normal -1 0 0
    outer loop
      vertex 44.1 76.6 2.4
      vertex 44.1 47.4897 18.3434
      vertex 44.1 47.5 18.5
    endloop
  endfacet
  facet normal -1 0 0
    outer loop
      vertex 44.1 76.6 2.4
      vertex 44.1 47.4591 18.1894
      vertex 44.1 47.4897 18.3434
    endloop
  endfacet
  facet normal -1 0 0
    outer loop
      vertex 44.1 76.6 2.4
      vertex 44.1 47.4086 18.0408
      vertex 44.1 47.4591 18.1894
    endloop
  endfacet
  facet normal -1 0 0
    outer loop
      vertex 44.1 76.6 2.4
      vertex 44.1 47.3392 17.9
      vertex 44.1 47.4086 18.0408
    endloop
  endfacet
  facet normal -1 0 0
    outer loop
      vertex 44.1 76.6 2.4
      vertex 44.1 47.252 17.7695
      vertex 44.1 47.3392 17.9
    endloop
  endfacet
  facet normal -1 0 0
    outer loop
      vertex 44.1 76.6 2.4
      vertex 44.1 47.1485 17.6515
      vertex 44.1 47.252 17.7695
    endloop
  endfacet
  facet normal -1 0 0
    outer loop
      vertex 44.1 76.6 2.4
      vertex 44.1 47.0305 17.548
      vertex 44.1 47.1485 17.6515
    endloop
  endfacet
  facet normal -1 0 0
    outer loop
      vertex 44.1 76.6 2.4
      vertex 44.1 46.9 17.4608
      vertex 44.1 47.0305 17.548
    endloop
  endfacet
  facet normal -1 0 0
    outer loop
      vertex 44.1 76.6 2.4
      vertex 44.1 46.7592 17.3914
      vertex 44.1 46.9 17.4608
    endloop
  endfacet
  facet normal -1 0 0
    outer loop
      vertex 44.1 76.6 2.4
      vertex 44.1 46.6106 17.3409
      vertex 44.1 46.7592 17.3914
    endloop
  endfacet
  facet normal -1 0 0
    outer loop
      vertex 44.1 76.6 2.4
      vertex 44.1 46.4566 17.3103
      vertex 44.1 46.6106 17.3409
    endloop
  endfacet
  facet normal -1 0 0
    outer loop
      vertex 44.1 76.6 2.4
      vertex 44.1 46.3 17.3
      vertex 44.1 46.4566 17.3103
    endloop
  endfacet
  facet normal -1 0 0
    outer loop
      vertex 44.1 36.1382 15.8511
      vertex 44.1 46.3 17.3
      vertex 44.1 76.6 2.4
    endloop
  endfacet
  facet normal -1 0 -0
    outer loop
      vertex 44.1 36.5 16.001
      vertex 44.1 46.3 17.3
      vertex 44.1 36.324 15.9142
    endloop
  endfacet
  facet normal -1 0 -0
    outer loop
      vertex 44.1 36.6631 16.11
      vertex 44.1 39.7 17.3
      vertex 44.1 36.5 16.001
    endloop
  endfacet
  facet normal -1 0 -0
    outer loop
      vertex 44.1 36.8107 16.2393
      vertex 44.1 39.7 17.3
      vertex 44.1 36.6631 16.11
    endloop
  endfacet
  facet normal -1 0 0
    outer loop
      vertex 44.1 37.25 21.3
      vertex 44.1 38.5 18.5
      vertex 44.1 37.25 17.3
    endloop
  endfacet
  facet normal -1 -0 0
    outer loop
      vertex 44.1 38.5103 18.3434
      vertex 44.1 37.25 17.3
      vertex 44.1 38.5 18.5
    endloop
  endfacet
  facet normal -1 -0 0
    outer loop
      vertex 44.1 38.5409 18.1894
      vertex 44.1 37.25 17.3
      vertex 44.1 38.5103 18.3434
    endloop
  endfacet
  facet normal -1 -0 0
    outer loop
      vertex 44.1 38.5914 18.0408
      vertex 44.1 37.25 17.3
      vertex 44.1 38.5409 18.1894
    endloop
  endfacet
  facet normal -1 -0 0
    outer loop
      vertex 44.1 38.6608 17.9
      vertex 44.1 37.25 17.3
      vertex 44.1 38.5914 18.0408
    endloop
  endfacet
  facet normal -1 -0 0
    outer loop
      vertex 44.1 38.748 17.7695
      vertex 44.1 37.25 17.3
      vertex 44.1 38.6608 17.9
    endloop
  endfacet
  facet normal -1 0 0
    outer loop
      vertex 44.1 37.2372 17.1042
      vertex 44.1 38.748 17.7695
      vertex 44.1 38.8515 17.6515
    endloop
  endfacet
  facet normal -1 0 0
    outer loop
      vertex 44.1 37.2372 17.1042
      vertex 44.1 38.8515 17.6515
      vertex 44.1 38.9695 17.548
    endloop
  endfacet
  facet normal -1 0 0
    outer loop
      vertex 44.1 37.1989 16.9118
      vertex 44.1 38.9695 17.548
      vertex 44.1 39.1 17.4608
    endloop
  endfacet
  facet normal -1 0 0
    outer loop
      vertex 44.1 37.1358 16.726
      vertex 44.1 39.1 17.4608
      vertex 44.1 39.2408 17.3914
    endloop
  endfacet
  facet normal -1 -0 0
    outer loop
      vertex 44.1 39.7 17.3
      vertex 44.1 36.8107 16.2393
      vertex 44.1 39.5434 17.3103
    endloop
  endfacet
  facet normal -1 0 0
    outer loop
      vertex 44.1 38.748 17.7695
      vertex 44.1 37.2372 17.1042
      vertex 44.1 37.25 17.3
    endloop
  endfacet
  facet normal -1 0 0
    outer loop
      vertex 44.1 38.9695 17.548
      vertex 44.1 37.1989 16.9118
      vertex 44.1 37.2372 17.1042
    endloop
  endfacet
  facet normal -1 0 0
    outer loop
      vertex 44.1 39.1 17.4608
      vertex 44.1 37.1358 16.726
      vertex 44.1 37.1989 16.9118
    endloop
  endfacet
  facet normal -1 0 0
    outer loop
      vertex 44.1 39.2408 17.3914
      vertex 44.1 37.049 16.55
      vertex 44.1 37.1358 16.726
    endloop
  endfacet
  facet normal -1 -0 0
    outer loop
      vertex 44.1 39.3894 17.3409
      vertex 44.1 37.049 16.55
      vertex 44.1 39.2408 17.3914
    endloop
  endfacet
  facet normal -1 0 -0
    outer loop
      vertex 44.1 37.049 16.55
      vertex 44.1 39.3894 17.3409
      vertex 44.1 36.94 16.3869
    endloop
  endfacet
  facet normal -1 -0 0
    outer loop
      vertex 44.1 39.5434 17.3103
      vertex 44.1 36.94 16.3869
      vertex 44.1 39.3894 17.3409
    endloop
  endfacet
  facet normal -1 0 -0
    outer loop
      vertex 44.1 36.94 16.3869
      vertex 44.1 39.5434 17.3103
      vertex 44.1 36.8107 16.2393
    endloop
  endfacet
  facet normal -1 -0 0
    outer loop
      vertex 44.1 46.3 17.3
      vertex 44.1 36.5 16.001
      vertex 44.1 39.7 17.3
    endloop
  endfacet
  facet normal -1 0 0
    outer loop
      vertex 44.1 46.3 17.3
      vertex 44.1 36.1382 15.8511
      vertex 44.1 36.324 15.9142
    endloop
  endfacet
  facet normal -1 0 0
    outer loop
      vertex 44.1 76.6 2.4
      vertex 44.1 35.9458 15.8128
      vertex 44.1 36.1382 15.8511
    endloop
  endfacet
  facet normal -1 0 0
    outer loop
      vertex 44.1 76.6 2.4
      vertex 44.1 35.75 15.8
      vertex 44.1 35.9458 15.8128
    endloop
  endfacet
  facet normal -1 0 0
    outer loop
      vertex 44.1 76.6 2.4
      vertex 44.1 26.75 15.8
      vertex 44.1 35.75 15.8
    endloop
  endfacet
  facet normal -1 0 0
    outer loop
      vertex 44.1 76.6 2.4
      vertex 44.1 26.5542 15.8128
      vertex 44.1 26.75 15.8
    endloop
  endfacet
  facet normal -1 0 0
    outer loop
      vertex 44.1 -76.6 2.4
      vertex 44.1 26.5542 15.8128
      vertex 44.1 76.6 2.4
    endloop
  endfacet
  facet normal -1 -0 0
    outer loop
      vertex 44.1 25.25 17.3
      vertex 44.1 -76.6 2.4
      vertex 44.1 25.25 21.3
    endloop
  endfacet
  facet normal -1 -0 0
    outer loop
      vertex 44.1 25.2628 17.1042
      vertex 44.1 -76.6 2.4
      vertex 44.1 25.25 17.3
    endloop
  endfacet
  facet normal -1 -0 0
    outer loop
      vertex 44.1 25.3011 16.9118
      vertex 44.1 -76.6 2.4
      vertex 44.1 25.2628 17.1042
    endloop
  endfacet
  facet normal -1 -0 0
    outer loop
      vertex 44.1 25.3642 16.726
      vertex 44.1 -76.6 2.4
      vertex 44.1 25.3011 16.9118
    endloop
  endfacet
  facet normal -1 -0 0
    outer loop
      vertex 44.1 25.451 16.55
      vertex 44.1 -76.6 2.4
      vertex 44.1 25.3642 16.726
    endloop
  endfacet
  facet normal -1 -0 0
    outer loop
      vertex 44.1 25.56 16.3869
      vertex 44.1 -76.6 2.4
      vertex 44.1 25.451 16.55
    endloop
  endfacet
  facet normal -1 -0 0
    outer loop
      vertex 44.1 25.6893 16.2393
      vertex 44.1 -76.6 2.4
      vertex 44.1 25.56 16.3869
    endloop
  endfacet
  facet normal -1 -0 0
    outer loop
      vertex 44.1 25.8369 16.11
      vertex 44.1 -76.6 2.4
      vertex 44.1 25.6893 16.2393
    endloop
  endfacet
  facet normal -1 -0 0
    outer loop
      vertex 44.1 26 16.001
      vertex 44.1 -76.6 2.4
      vertex 44.1 25.8369 16.11
    endloop
  endfacet
  facet normal -1 -0 0
    outer loop
      vertex 44.1 26.176 15.9142
      vertex 44.1 -76.6 2.4
      vertex 44.1 26 16.001
    endloop
  endfacet
  facet normal -1 -0 0
    outer loop
      vertex 44.1 26.3618 15.8511
      vertex 44.1 -76.6 2.4
      vertex 44.1 26.176 15.9142
    endloop
  endfacet
  facet normal -1 -0 0
    outer loop
      vertex 44.1 26.5542 15.8128
      vertex 44.1 -76.6 2.4
      vertex 44.1 26.3618 15.8511
    endloop
  endfacet
  facet normal -1 0 0
    outer loop
      vertex 44.1 47.5 22.1
      vertex 44.1 76.6 36.4
      vertex 44.1 47.5 18.5
    endloop
  endfacet
  facet normal -1 0 0
    outer loop
      vertex 44.1 47.4897 22.2566
      vertex 44.1 76.6 36.4
      vertex 44.1 47.5 22.1
    endloop
  endfacet
  facet normal -1 0 0
    outer loop
      vertex 44.1 47.4591 22.4106
      vertex 44.1 76.6 36.4
      vertex 44.1 47.4897 22.2566
    endloop
  endfacet
  facet normal -1 0 0
    outer loop
      vertex 44.1 47.4086 22.5592
      vertex 44.1 76.6 36.4
      vertex 44.1 47.4591 22.4106
    endloop
  endfacet
  facet normal -1 0 0
    outer loop
      vertex 44.1 47.3392 22.7
      vertex 44.1 76.6 36.4
      vertex 44.1 47.4086 22.5592
    endloop
  endfacet
  facet normal -1 0 0
    outer loop
      vertex 44.1 47.252 22.8305
      vertex 44.1 76.6 36.4
      vertex 44.1 47.3392 22.7
    endloop
  endfacet
  facet normal -1 0 0
    outer loop
      vertex 44.1 47.1485 22.9485
      vertex 44.1 76.6 36.4
      vertex 44.1 47.252 22.8305
    endloop
  endfacet
  facet normal -1 0 0
    outer loop
      vertex 44.1 47.0305 23.052
      vertex 44.1 76.6 36.4
      vertex 44.1 47.1485 22.9485
    endloop
  endfacet
  facet normal -1 0 0
    outer loop
      vertex 44.1 46.9 23.1392
      vertex 44.1 76.6 36.4
      vertex 44.1 47.0305 23.052
    endloop
  endfacet
  facet normal -1 0 0
    outer loop
      vertex 44.1 46.7592 23.2086
      vertex 44.1 76.6 36.4
      vertex 44.1 46.9 23.1392
    endloop
  endfacet
  facet normal -1 0 0
    outer loop
      vertex 44.1 46.6106 23.2591
      vertex 44.1 76.6 36.4
      vertex 44.1 46.7592 23.2086
    endloop
  endfacet
  facet normal -1 0 0
    outer loop
      vertex 44.1 46.4566 23.2897
      vertex 44.1 76.6 36.4
      vertex 44.1 46.6106 23.2591
    endloop
  endfacet
  facet normal -1 0 0
    outer loop
      vertex 44.1 46.3 23.3
      vertex 44.1 76.6 36.4
      vertex 44.1 46.4566 23.2897
    endloop
  endfacet
  facet normal -1 0 0
    outer loop
      vertex 44.1 39.7 23.3
      vertex 44.1 76.6 36.4
      vertex 44.1 46.3 23.3
    endloop
  endfacet
  facet normal -1 0 0
    outer loop
      vertex 44.1 39.5434 23.2897
      vertex 44.1 76.6 36.4
      vertex 44.1 39.7 23.3
    endloop
  endfacet
  facet normal -1 0 0
    outer loop
      vertex 44.1 35.75 22.8
      vertex 44.1 39.5434 23.2897
      vertex 44.1 39.3894 23.2591
    endloop
  endfacet
  facet normal -1 0 0
    outer loop
      vertex 44.1 35.75 22.8
      vertex 44.1 39.3894 23.2591
      vertex 44.1 39.2408 23.2086
    endloop
  endfacet
  facet normal -1 0 0
    outer loop
      vertex 44.1 38.5 18.5
      vertex 44.1 37.25 21.3
      vertex 44.1 38.5 22.1
    endloop
  endfacet
  facet normal -1 0 0
    outer loop
      vertex 44.1 37.2372 21.4958
      vertex 44.1 38.5 22.1
      vertex 44.1 37.25 21.3
    endloop
  endfacet
  facet normal -1 0 0
    outer loop
      vertex 44.1 37.1989 21.6882
      vertex 44.1 38.5 22.1
      vertex 44.1 37.2372 21.4958
    endloop
  endfacet
  facet normal -1 0 0
    outer loop
      vertex 44.1 37.1358 21.874
      vertex 44.1 38.5 22.1
      vertex 44.1 37.1989 21.6882
    endloop
  endfacet
  facet normal -1 -0 0
    outer loop
      vertex 44.1 38.5 22.1
      vertex 44.1 37.1358 21.874
      vertex 44.1 38.5103 22.2566
    endloop
  endfacet
  facet normal -1 0 0
    outer loop
      vertex 44.1 37.049 22.05
      vertex 44.1 38.5103 22.2566
      vertex 44.1 37.1358 21.874
    endloop
  endfacet
  facet normal -1 -0 0
    outer loop
      vertex 44.1 38.5103 22.2566
      vertex 44.1 37.049 22.05
      vertex 44.1 38.5409 22.4106
    endloop
  endfacet
  facet normal -1 0 0
    outer loop
      vertex 44.1 36.94 22.2131
      vertex 44.1 38.5409 22.4106
      vertex 44.1 37.049 22.05
    endloop
  endfacet
  facet normal -1 -0 0
    outer loop
      vertex 44.1 38.5409 22.4106
      vertex 44.1 36.94 22.2131
      vertex 44.1 38.5914 22.5592
    endloop
  endfacet
  facet normal -1 0 0
    outer loop
      vertex 44.1 36.8107 22.3607
      vertex 44.1 38.5914 22.5592
      vertex 44.1 36.94 22.2131
    endloop
  endfacet
  facet normal -1 -0 0
    outer loop
      vertex 44.1 38.5914 22.5592
      vertex 44.1 36.8107 22.3607
      vertex 44.1 38.6608 22.7
    endloop
  endfacet
  facet normal -1 0 0
    outer loop
      vertex 44.1 36.6631 22.49
      vertex 44.1 38.6608 22.7
      vertex 44.1 36.8107 22.3607
    endloop
  endfacet
  facet normal -1 -0 0
    outer loop
      vertex 44.1 38.6608 22.7
      vertex 44.1 36.6631 22.49
      vertex 44.1 38.748 22.8305
    endloop
  endfacet
  facet normal -1 0 0
    outer loop
      vertex 44.1 36.5 22.599
      vertex 44.1 38.748 22.8305
      vertex 44.1 36.6631 22.49
    endloop
  endfacet
  facet normal -1 -0 0
    outer loop
      vertex 44.1 38.748 22.8305
      vertex 44.1 36.5 22.599
      vertex 44.1 38.8515 22.9485
    endloop
  endfacet
  facet normal -1 0 0
    outer loop
      vertex 44.1 36.324 22.6858
      vertex 44.1 38.8515 22.9485
      vertex 44.1 36.5 22.599
    endloop
  endfacet
  facet normal -1 -0 0
    outer loop
      vertex 44.1 38.8515 22.9485
      vertex 44.1 36.324 22.6858
      vertex 44.1 38.9695 23.052
    endloop
  endfacet
  facet normal -1 -0 0
    outer loop
      vertex 44.1 38.9695 23.052
      vertex 44.1 36.324 22.6858
      vertex 44.1 39.1 23.1392
    endloop
  endfacet
  facet normal -1 0 0
    outer loop
      vertex 44.1 36.1382 22.7489
      vertex 44.1 39.1 23.1392
      vertex 44.1 36.324 22.6858
    endloop
  endfacet
  facet normal -1 -0 0
    outer loop
      vertex 44.1 39.1 23.1392
      vertex 44.1 36.1382 22.7489
      vertex 44.1 39.2408 23.2086
    endloop
  endfacet
  facet normal -1 0 0
    outer loop
      vertex 44.1 35.9458 22.7872
      vertex 44.1 39.2408 23.2086
      vertex 44.1 36.1382 22.7489
    endloop
  endfacet
  facet normal -1 0 0
    outer loop
      vertex 44.1 35.75 22.8
      vertex 44.1 39.2408 23.2086
      vertex 44.1 35.9458 22.7872
    endloop
  endfacet
  facet normal -1 0 0
    outer loop
      vertex 44.1 39.5434 23.2897
      vertex 44.1 35.75 22.8
      vertex 44.1 26.75 22.8
    endloop
  endfacet
  facet normal -1 -0 0
    outer loop
      vertex 44.1 39.5434 23.2897
      vertex 44.1 26.75 22.8
      vertex 44.1 76.6 36.4
    endloop
  endfacet
  facet normal -1 0 0
    outer loop
      vertex 44.1 26.5542 22.7872
      vertex 44.1 76.6 36.4
      vertex 44.1 26.75 22.8
    endloop
  endfacet
  facet normal -1 0 0
    outer loop
      vertex 44.1 -76.6 36.4
      vertex 44.1 26.5542 22.7872
      vertex 44.1 26.3618 22.7489
    endloop
  endfacet
  facet normal -1 0 0
    outer loop
      vertex 44.1 -76.6 36.4
      vertex 44.1 25.25 21.3
      vertex 44.1 -76.6 2.4
    endloop
  endfacet
  facet normal -1 0 0
    outer loop
      vertex 44.1 25.25 21.3
      vertex 44.1 -76.6 36.4
      vertex 44.1 25.2628 21.4958
    endloop
  endfacet
  facet normal -1 0 0
    outer loop
      vertex 44.1 25.2628 21.4958
      vertex 44.1 -76.6 36.4
      vertex 44.1 25.3011 21.6882
    endloop
  endfacet
  facet normal -1 0 0
    outer loop
      vertex 44.1 25.3011 21.6882
      vertex 44.1 -76.6 36.4
      vertex 44.1 25.3642 21.874
    endloop
  endfacet
  facet normal -1 0 0
    outer loop
      vertex 44.1 25.3642 21.874
      vertex 44.1 -76.6 36.4
      vertex 44.1 25.451 22.05
    endloop
  endfacet
  facet normal -1 0 0
    outer loop
      vertex 44.1 25.451 22.05
      vertex 44.1 -76.6 36.4
      vertex 44.1 25.56 22.2131
    endloop
  endfacet
  facet normal -1 0 0
    outer loop
      vertex 44.1 25.56 22.2131
      vertex 44.1 -76.6 36.4
      vertex 44.1 25.6893 22.3607
    endloop
  endfacet
  facet normal -1 0 0
    outer loop
      vertex 44.1 25.6893 22.3607
      vertex 44.1 -76.6 36.4
      vertex 44.1 25.8369 22.49
    endloop
  endfacet
  facet normal -1 0 0
    outer loop
      vertex 44.1 25.8369 22.49
      vertex 44.1 -76.6 36.4
      vertex 44.1 26 22.599
    endloop
  endfacet
  facet normal -1 0 0
    outer loop
      vertex 44.1 26 22.599
      vertex 44.1 -76.6 36.4
      vertex 44.1 26.176 22.6858
    endloop
  endfacet
  facet normal -1 0 0
    outer loop
      vertex 44.1 26.176 22.6858
      vertex 44.1 -76.6 36.4
      vertex 44.1 26.3618 22.7489
    endloop
  endfacet
  facet normal -1 0 0
    outer loop
      vertex 44.1 26.5542 22.7872
      vertex 44.1 -76.6 36.4
      vertex 44.1 76.6 36.4
    endloop
  endfacet
  facet normal 1 -0 0
    outer loop
      vertex -44.1 -76.6 36.4
      vertex -44.1 76.6 2.4
      vertex -44.1 76.6 36.4
    endloop
  endfacet
  facet normal 1 0 0
    outer loop
      vertex -44.1 76.6 2.4
      vertex -44.1 -76.6 36.4
      vertex -44.1 -76.6 2.4
    endloop
  endfacet
  facet normal 0.442621 -0.896709 0
    outer loop
      vertex -43.6 77.466 2.4
      vertex -43.4827 77.5239 36.4
      vertex -43.6 77.466 36.4
    endloop
  endfacet
  facet normal 0.442621 -0.896709 0
    outer loop
      vertex -43.4827 77.5239 36.4
      vertex -43.6 77.466 2.4
      vertex -43.4827 77.5239 2.4
    endloop
  endfacet
  facet normal -0.831462 0.555582 1.31461e-19
    outer loop
      vertex 43.8933 -77.2088 2.4
      vertex 43.966 -77.1 36.4
      vertex 43.966 -77.1 2.4
    endloop
  endfacet
  facet normal -0.831462 0.555582 1.31461e-19
    outer loop
      vertex 43.966 -77.1 36.4
      vertex 43.8933 -77.2088 2.4
      vertex 43.8933 -77.2088 36.4
    endloop
  endfacet
  facet normal 0.659316 -0.751866 0
    outer loop
      vertex -43.8071 77.3071 2.4
      vertex -43.7088 77.3933 36.4
      vertex -43.8071 77.3071 36.4
    endloop
  endfacet
  facet normal 0.659316 -0.751866 0
    outer loop
      vertex -43.7088 77.3933 36.4
      vertex -43.8071 77.3071 2.4
      vertex -43.7088 77.3933 2.4
    endloop
  endfacet
  facet normal -0.321039 -0.947066 0
    outer loop
      vertex 43.3588 77.5659 2.4
      vertex 43.4827 77.5239 36.4
      vertex 43.3588 77.5659 36.4
    endloop
  endfacet
  facet normal -0.321039 -0.947066 -0
    outer loop
      vertex 43.4827 77.5239 36.4
      vertex 43.3588 77.5659 2.4
      vertex 43.4827 77.5239 2.4
    endloop
  endfacet
  facet normal 0.980815 -0.19494 3.67751e-20
    outer loop
      vertex -44.0914 76.7305 36.4
      vertex -44.0659 76.8588 2.4
      vertex -44.0659 76.8588 36.4
    endloop
  endfacet
  facet normal 0.980815 -0.19494 3.67751e-20
    outer loop
      vertex -44.0659 76.8588 2.4
      vertex -44.0914 76.7305 36.4
      vertex -44.0914 76.7305 2.4
    endloop
  endfacet
  facet normal -0.997836 -0.0657577 1.53639e-20
    outer loop
      vertex 44.1 76.6 2.4
      vertex 44.0914 76.7305 36.4
      vertex 44.0914 76.7305 2.4
    endloop
  endfacet
  facet normal -0.997836 -0.0657577 1.53639e-20
    outer loop
      vertex 44.0914 76.7305 36.4
      vertex 44.1 76.6 2.4
      vertex 44.1 76.6 36.4
    endloop
  endfacet
  facet normal 0 -1 0
    outer loop
      vertex -43.1 77.6 2.4
      vertex 43.1 77.6 36.4
      vertex -43.1 77.6 36.4
    endloop
  endfacet
  facet normal 0 -1 -0
    outer loop
      vertex 43.1 77.6 36.4
      vertex -43.1 77.6 2.4
      vertex 43.1 77.6 2.4
    endloop
  endfacet
  facet normal -0.659316 0.751866 0
    outer loop
      vertex 43.8071 -77.3071 2.4
      vertex 43.7088 -77.3933 36.4
      vertex 43.8071 -77.3071 36.4
    endloop
  endfacet
  facet normal -0.659316 0.751866 0
    outer loop
      vertex 43.7088 -77.3933 36.4
      vertex 43.8071 -77.3071 2.4
      vertex 43.7088 -77.3933 2.4
    endloop
  endfacet
  facet normal 0.321039 -0.947066 0
    outer loop
      vertex -43.4827 77.5239 2.4
      vertex -43.3588 77.5659 36.4
      vertex -43.4827 77.5239 36.4
    endloop
  endfacet
  facet normal 0.321039 -0.947066 0
    outer loop
      vertex -43.3588 77.5659 36.4
      vertex -43.4827 77.5239 2.4
      vertex -43.3588 77.5659 2.4
    endloop
  endfacet
  facet normal 0.896709 -0.442621 -8.98428e-20
    outer loop
      vertex -44.0239 76.9827 36.4
      vertex -43.966 77.1 2.4
      vertex -43.966 77.1 36.4
    endloop
  endfacet
  facet normal 0.896709 -0.442621 -8.98428e-20
    outer loop
      vertex -43.966 77.1 2.4
      vertex -44.0239 76.9827 36.4
      vertex -44.0239 76.9827 2.4
    endloop
  endfacet
  facet normal 0.831462 -0.555582 1.31461e-19
    outer loop
      vertex -43.966 77.1 36.4
      vertex -43.8933 77.2088 2.4
      vertex -43.8933 77.2088 36.4
    endloop
  endfacet
  facet normal 0.831462 -0.555582 1.31461e-19
    outer loop
      vertex -43.8933 77.2088 2.4
      vertex -43.966 77.1 36.4
      vertex -43.966 77.1 2.4
    endloop
  endfacet
  facet normal 0.555582 -0.831462 0
    outer loop
      vertex -43.7088 77.3933 2.4
      vertex -43.6 77.466 36.4
      vertex -43.7088 77.3933 36.4
    endloop
  endfacet
  facet normal 0.555582 -0.831462 0
    outer loop
      vertex -43.6 77.466 36.4
      vertex -43.7088 77.3933 2.4
      vertex -43.6 77.466 2.4
    endloop
  endfacet
  facet normal 0 0 1
    outer loop
      vertex -34.5 -72.0981 2.4
      vertex -37.724 -73.6345 2.4
      vertex -37.7 -74 2.4
    endloop
  endfacet
  facet normal 0 0 1
    outer loop
      vertex -36 -69.5 2.4
      vertex -37.7954 -73.2753 2.4
      vertex -37.724 -73.6345 2.4
    endloop
  endfacet
  facet normal 0 0 1
    outer loop
      vertex -36 -69.5 2.4
      vertex -37.9131 -72.9285 2.4
      vertex -37.7954 -73.2753 2.4
    endloop
  endfacet
  facet normal 0 0 1
    outer loop
      vertex -36 -69.5 2.4
      vertex -38.0751 -72.6 2.4
      vertex -37.9131 -72.9285 2.4
    endloop
  endfacet
  facet normal 0 0 1
    outer loop
      vertex -36 -69.5 2.4
      vertex -38.2786 -72.2955 2.4
      vertex -38.0751 -72.6 2.4
    endloop
  endfacet
  facet normal 0 0 1
    outer loop
      vertex -36 -69.5 2.4
      vertex -38.5201 -72.0201 2.4
      vertex -38.2786 -72.2955 2.4
    endloop
  endfacet
  facet normal 0 0 1
    outer loop
      vertex -36 -69.5 2.4
      vertex -38.7955 -71.7786 2.4
      vertex -38.5201 -72.0201 2.4
    endloop
  endfacet
  facet normal 0 0 1
    outer loop
      vertex -36 -69.5 2.4
      vertex -39.1 -71.5751 2.4
      vertex -38.7955 -71.7786 2.4
    endloop
  endfacet
  facet normal 0 0 1
    outer loop
      vertex -36 -69.5 2.4
      vertex -39.4285 -71.4131 2.4
      vertex -39.1 -71.5751 2.4
    endloop
  endfacet
  facet normal 0 0 1
    outer loop
      vertex -36 -69.5 2.4
      vertex -39.7753 -71.2954 2.4
      vertex -39.4285 -71.4131 2.4
    endloop
  endfacet
  facet normal 0 0 1
    outer loop
      vertex -40.5 -71.2 2.4
      vertex -36 -69.5 2.4
      vertex -40.3 -57.5 2.4
    endloop
  endfacet
  facet normal 0 0 1
    outer loop
      vertex -36 -69.5 2.4
      vertex -40.1345 -71.224 2.4
      vertex -39.7753 -71.2954 2.4
    endloop
  endfacet
  facet normal 0 0 1
    outer loop
      vertex -40.5 -71.2 2.4
      vertex -40.3 -57.5 2.4
      vertex -40.4566 -57.4897 2.4
    endloop
  endfacet
  facet normal 0 0 1
    outer loop
      vertex -36 -69.5 2.4
      vertex -40.5 -71.2 2.4
      vertex -40.1345 -71.224 2.4
    endloop
  endfacet
  facet normal 0 0 1
    outer loop
      vertex -40.8655 -71.224 2.4
      vertex -40.4566 -57.4897 2.4
      vertex -40.6106 -57.4591 2.4
    endloop
  endfacet
  facet normal 0 0 1
    outer loop
      vertex -41.2247 -71.2954 2.4
      vertex -40.6106 -57.4591 2.4
      vertex -40.7592 -57.4086 2.4
    endloop
  endfacet
  facet normal 0 0 1
    outer loop
      vertex -40.4566 -57.4897 2.4
      vertex -40.8655 -71.224 2.4
      vertex -40.5 -71.2 2.4
    endloop
  endfacet
  facet normal 0 0 1
    outer loop
      vertex -41.5715 -71.4131 2.4
      vertex -40.7592 -57.4086 2.4
      vertex -40.9 -57.3392 2.4
    endloop
  endfacet
  facet normal 0 0 1
    outer loop
      vertex -41.9 -71.5751 2.4
      vertex -40.9 -57.3392 2.4
      vertex -41.0305 -57.252 2.4
    endloop
  endfacet
  facet normal 0 0 1
    outer loop
      vertex -41.9 -71.5751 2.4
      vertex -41.0305 -57.252 2.4
      vertex -41.1485 -57.1485 2.4
    endloop
  endfacet
  facet normal 0 0 1
    outer loop
      vertex -40.6106 -57.4591 2.4
      vertex -41.2247 -71.2954 2.4
      vertex -40.8655 -71.224 2.4
    endloop
  endfacet
  facet normal 0 0 1
    outer loop
      vertex -42.2045 -71.7786 2.4
      vertex -41.1485 -57.1485 2.4
      vertex -41.252 -57.0305 2.4
    endloop
  endfacet
  facet normal 0 0 1
    outer loop
      vertex -42.4799 -72.0201 2.4
      vertex -41.252 -57.0305 2.4
      vertex -41.3392 -56.9 2.4
    endloop
  endfacet
  facet normal 0 0 1
    outer loop
      vertex -42.7214 -72.2955 2.4
      vertex -41.3392 -56.9 2.4
      vertex -41.4086 -56.7592 2.4
    endloop
  endfacet
  facet normal 0 0 1
    outer loop
      vertex -42.9249 -72.6 2.4
      vertex -41.4086 -56.7592 2.4
      vertex -41.4591 -56.6106 2.4
    endloop
  endfacet
  facet normal 0 0 1
    outer loop
      vertex -43.0869 -72.9285 2.4
      vertex -41.4591 -56.6106 2.4
      vertex -41.4897 -56.4566 2.4
    endloop
  endfacet
  facet normal 0 0 1
    outer loop
      vertex -43.2046 -73.2753 2.4
      vertex -41.4897 -56.4566 2.4
      vertex -41.5 -56.3 2.4
    endloop
  endfacet
  facet normal 0 0 1
    outer loop
      vertex -40.7592 -57.4086 2.4
      vertex -41.5715 -71.4131 2.4
      vertex -41.2247 -71.2954 2.4
    endloop
  endfacet
  facet normal 0 0 1
    outer loop
      vertex -43.0869 72.9285 2.4
      vertex -35.6222 -9.02943 2.4
      vertex -42.9249 72.6 2.4
    endloop
  endfacet
  facet normal 0 0 1
    outer loop
      vertex -35.6222 -9.02943 2.4
      vertex -43.0869 72.9285 2.4
      vertex -35.7179 -9.51053 2.4
    endloop
  endfacet
  facet normal 0 0 1
    outer loop
      vertex -40.9 -57.3392 2.4
      vertex -41.9 -71.5751 2.4
      vertex -41.5715 -71.4131 2.4
    endloop
  endfacet
  facet normal 0 0 1
    outer loop
      vertex -43.2046 73.2753 2.4
      vertex -35.7179 -9.51053 2.4
      vertex -43.0869 72.9285 2.4
    endloop
  endfacet
  facet normal 0 0 1
    outer loop
      vertex -41.1485 -57.1485 2.4
      vertex -42.2045 -71.7786 2.4
      vertex -41.9 -71.5751 2.4
    endloop
  endfacet
  facet normal 0 0 1
    outer loop
      vertex -35.7179 -9.51053 2.4
      vertex -43.2046 73.2753 2.4
      vertex -41.4591 -45.3894 2.4
    endloop
  endfacet
  facet normal 0 0 1
    outer loop
      vertex -41.252 -57.0305 2.4
      vertex -42.4799 -72.0201 2.4
      vertex -42.2045 -71.7786 2.4
    endloop
  endfacet
  facet normal 0 0 1
    outer loop
      vertex -44.1 76.6 2.4
      vertex -41.4591 -45.3894 2.4
      vertex -43.2046 73.2753 2.4
    endloop
  endfacet
  facet normal 0 0 1
    outer loop
      vertex -41.3392 -56.9 2.4
      vertex -42.7214 -72.2955 2.4
      vertex -42.4799 -72.0201 2.4
    endloop
  endfacet
  facet normal 0 0 1
    outer loop
      vertex -41.4591 -45.3894 2.4
      vertex -44.1 76.6 2.4
      vertex -41.4897 -45.5434 2.4
    endloop
  endfacet
  facet normal 0 0 1
    outer loop
      vertex -41.4086 -56.7592 2.4
      vertex -42.9249 -72.6 2.4
      vertex -42.7214 -72.2955 2.4
    endloop
  endfacet
  facet normal 0 0 1
    outer loop
      vertex -41.4897 -45.5434 2.4
      vertex -44.1 76.6 2.4
      vertex -41.5 -45.7 2.4
    endloop
  endfacet
  facet normal 0 0 1
    outer loop
      vertex -41.4591 -56.6106 2.4
      vertex -43.0869 -72.9285 2.4
      vertex -42.9249 -72.6 2.4
    endloop
  endfacet
  facet normal 0 0 1
    outer loop
      vertex -44.1 -76.6 2.4
      vertex -41.5 -45.7 2.4
      vertex -44.1 76.6 2.4
    endloop
  endfacet
  facet normal 0 0 1
    outer loop
      vertex -41.4897 -56.4566 2.4
      vertex -43.2046 -73.2753 2.4
      vertex -43.0869 -72.9285 2.4
    endloop
  endfacet
  facet normal 0 0 1
    outer loop
      vertex -44.1 76.6 2.4
      vertex -43.2046 73.2753 2.4
      vertex -43.276 73.6345 2.4
    endloop
  endfacet
  facet normal 0 0 1
    outer loop
      vertex -41.5 -45.7 2.4
      vertex -44.1 -76.6 2.4
      vertex -41.5 -56.3 2.4
    endloop
  endfacet
  facet normal 0 0 1
    outer loop
      vertex -44.1 76.6 2.4
      vertex -43.276 73.6345 2.4
      vertex -43.3 74 2.4
    endloop
  endfacet
  facet normal 0 0 1
    outer loop
      vertex -41.5 -56.3 2.4
      vertex -44.1 -76.6 2.4
      vertex -43.2046 -73.2753 2.4
    endloop
  endfacet
  facet normal 0 0 1
    outer loop
      vertex -40.8655 71.224 2.4
      vertex -26.625 6.08253 2.4
      vertex -40.5 71.2 2.4
    endloop
  endfacet
  facet normal 0 0 1
    outer loop
      vertex -26.625 6.08253 2.4
      vertex -40.8655 71.224 2.4
      vertex -26.761 5.99169 2.4
    endloop
  endfacet
  facet normal 0 0 1
    outer loop
      vertex -41.2247 71.2954 2.4
      vertex -26.761 5.99169 2.4
      vertex -40.8655 71.224 2.4
    endloop
  endfacet
  facet normal 0 0 1
    outer loop
      vertex -26.761 5.99169 2.4
      vertex -41.2247 71.2954 2.4
      vertex -26.8839 5.88388 2.4
    endloop
  endfacet
  facet normal 0 0 1
    outer loop
      vertex -41.5715 71.4131 2.4
      vertex -26.8839 5.88388 2.4
      vertex -41.2247 71.2954 2.4
    endloop
  endfacet
  facet normal 0 0 1
    outer loop
      vertex -26.8839 5.88388 2.4
      vertex -41.5715 71.4131 2.4
      vertex -26.9917 5.76095 2.4
    endloop
  endfacet
  facet normal 0 0 1
    outer loop
      vertex -41.9 71.5751 2.4
      vertex -26.9917 5.76095 2.4
      vertex -41.5715 71.4131 2.4
    endloop
  endfacet
  facet normal 0 0 1
    outer loop
      vertex -26.9917 5.76095 2.4
      vertex -41.9 71.5751 2.4
      vertex -27.0825 5.625 2.4
    endloop
  endfacet
  facet normal 0 0 1
    outer loop
      vertex -42.2045 71.7786 2.4
      vertex -27.0825 5.625 2.4
      vertex -41.9 71.5751 2.4
    endloop
  endfacet
  facet normal 0 0 1
    outer loop
      vertex -27.0825 5.625 2.4
      vertex -42.2045 71.7786 2.4
      vertex -27.1549 5.47835 2.4
    endloop
  endfacet
  facet normal 0 0 1
    outer loop
      vertex -27.1549 5.47835 2.4
      vertex -42.2045 71.7786 2.4
      vertex -34.9751 -7.71714 2.4
    endloop
  endfacet
  facet normal 0 0 1
    outer loop
      vertex -42.4799 72.0201 2.4
      vertex -34.9751 -7.71714 2.4
      vertex -42.2045 71.7786 2.4
    endloop
  endfacet
  facet normal 0 0 1
    outer loop
      vertex -35.75 -10 2.4
      vertex -40.3 -44.5 2.4
      vertex -36.7 -44.5 2.4
    endloop
  endfacet
  facet normal 0 0 1
    outer loop
      vertex -35.75 -10 2.4
      vertex -40.4566 -44.5103 2.4
      vertex -40.3 -44.5 2.4
    endloop
  endfacet
  facet normal 0 0 1
    outer loop
      vertex -34.9751 -7.71714 2.4
      vertex -42.4799 72.0201 2.4
      vertex -35.2476 -8.125 2.4
    endloop
  endfacet
  facet normal 0 0 1
    outer loop
      vertex -35.75 -10 2.4
      vertex -40.6106 -44.5409 2.4
      vertex -40.4566 -44.5103 2.4
    endloop
  endfacet
  facet normal 0 0 1
    outer loop
      vertex -42.7214 72.2955 2.4
      vertex -35.2476 -8.125 2.4
      vertex -42.4799 72.0201 2.4
    endloop
  endfacet
  facet normal 0 0 1
    outer loop
      vertex -35.75 -10 2.4
      vertex -40.7592 -44.5914 2.4
      vertex -40.6106 -44.5409 2.4
    endloop
  endfacet
  facet normal 0 0 1
    outer loop
      vertex -35.7179 -9.51053 2.4
      vertex -41.4591 -45.3894 2.4
      vertex -35.75 -10 2.4
    endloop
  endfacet
  facet normal 0 0 1
    outer loop
      vertex -35.75 -10 2.4
      vertex -40.9 -44.6608 2.4
      vertex -40.7592 -44.5914 2.4
    endloop
  endfacet
  facet normal 0 0 1
    outer loop
      vertex -35.75 -10 2.4
      vertex -41.0305 -44.748 2.4
      vertex -40.9 -44.6608 2.4
    endloop
  endfacet
  facet normal 0 0 1
    outer loop
      vertex -35.75 -10 2.4
      vertex -41.1485 -44.8515 2.4
      vertex -41.0305 -44.748 2.4
    endloop
  endfacet
  facet normal 0 0 1
    outer loop
      vertex -35.75 -10 2.4
      vertex -41.252 -44.9695 2.4
      vertex -41.1485 -44.8515 2.4
    endloop
  endfacet
  facet normal 0 0 1
    outer loop
      vertex -35.75 -10 2.4
      vertex -41.3392 -45.1 2.4
      vertex -41.252 -44.9695 2.4
    endloop
  endfacet
  facet normal 0 0 1
    outer loop
      vertex -35.75 -10 2.4
      vertex -41.4086 -45.2408 2.4
      vertex -41.3392 -45.1 2.4
    endloop
  endfacet
  facet normal 0 0 1
    outer loop
      vertex -35.75 -10 2.4
      vertex -41.4591 -45.3894 2.4
      vertex -41.4086 -45.2408 2.4
    endloop
  endfacet
  facet normal 0 0 1
    outer loop
      vertex -35.2476 -8.125 2.4
      vertex -42.7214 72.2955 2.4
      vertex -35.4645 -8.56494 2.4
    endloop
  endfacet
  facet normal 0 0 1
    outer loop
      vertex -35.4645 -8.56494 2.4
      vertex -42.9249 72.6 2.4
      vertex -35.6222 -9.02943 2.4
    endloop
  endfacet
  facet normal 0 0 1
    outer loop
      vertex -42.9249 72.6 2.4
      vertex -35.4645 -8.56494 2.4
      vertex -42.7214 72.2955 2.4
    endloop
  endfacet
  facet normal 0 0 1
    outer loop
      vertex -36 -57.2724 2.4
      vertex -36.1 -57.3392 2.4
      vertex -36 -69.5 2.4
    endloop
  endfacet
  facet normal 0 0 1
    outer loop
      vertex 36.1 -44.6608 2.4
      vertex 36 -32.5 2.4
      vertex 36 -44.7276 2.4
    endloop
  endfacet
  facet normal 0 0 1
    outer loop
      vertex 34.5 -29.9019 2.4
      vertex 29.2476 -11.875 2.4
      vertex 34.1481 -29.7284 2.4
    endloop
  endfacet
  facet normal -0 0 1
    outer loop
      vertex 28.9751 -12.2829 2.4
      vertex 34.1481 -29.7284 2.4
      vertex 29.2476 -11.875 2.4
    endloop
  endfacet
  facet normal 0 0 1
    outer loop
      vertex 34.1481 -29.7284 2.4
      vertex 28.9751 -12.2829 2.4
      vertex 33.7765 -29.6022 2.4
    endloop
  endfacet
  facet normal -0 0 1
    outer loop
      vertex 28.6516 -12.6517 2.4
      vertex 33.7765 -29.6022 2.4
      vertex 28.9751 -12.2829 2.4
    endloop
  endfacet
  facet normal 0 0 1
    outer loop
      vertex 33.7765 -29.6022 2.4
      vertex 28.6516 -12.6517 2.4
      vertex 33.3916 -29.5257 2.4
    endloop
  endfacet
  facet normal -0 0 1
    outer loop
      vertex 28.2829 -12.9751 2.4
      vertex 33.3916 -29.5257 2.4
      vertex 28.6516 -12.6517 2.4
    endloop
  endfacet
  facet normal 0 0 1
    outer loop
      vertex 33.3916 -29.5257 2.4
      vertex 28.2829 -12.9751 2.4
      vertex 33 -29.5 2.4
    endloop
  endfacet
  facet normal -0 0 1
    outer loop
      vertex 27.875 -13.2476 2.4
      vertex 33 -29.5 2.4
      vertex 28.2829 -12.9751 2.4
    endloop
  endfacet
  facet normal -0 0 1
    outer loop
      vertex 27.4351 -13.4645 2.4
      vertex 33 -29.5 2.4
      vertex 27.875 -13.2476 2.4
    endloop
  endfacet
  facet normal -0 0 1
    outer loop
      vertex 26.9706 -13.6222 2.4
      vertex 33 -29.5 2.4
      vertex 27.4351 -13.4645 2.4
    endloop
  endfacet
  facet normal -0 0 1
    outer loop
      vertex 26.4895 -13.7179 2.4
      vertex 33 -29.5 2.4
      vertex 26.9706 -13.6222 2.4
    endloop
  endfacet
  facet normal -0 0 1
    outer loop
      vertex 26 -13.75 2.4
      vertex 33 -29.5 2.4
      vertex 26.4895 -13.7179 2.4
    endloop
  endfacet
  facet normal 0 0 1
    outer loop
      vertex 25.5105 -13.7179 2.4
      vertex 33 -29.5 2.4
      vertex 26 -13.75 2.4
    endloop
  endfacet
  facet normal 0 0 1
    outer loop
      vertex 25.0294 -13.6222 2.4
      vertex 33 -29.5 2.4
      vertex 25.5105 -13.7179 2.4
    endloop
  endfacet
  facet normal 0 0 1
    outer loop
      vertex 24.5649 -13.4645 2.4
      vertex 33 -29.5 2.4
      vertex 25.0294 -13.6222 2.4
    endloop
  endfacet
  facet normal 0 0 1
    outer loop
      vertex 8.41422 -16.4142 2.4
      vertex 24.5649 -13.4645 2.4
      vertex 24.125 -13.2476 2.4
    endloop
  endfacet
  facet normal 0 0 1
    outer loop
      vertex 8.5867 -16.2175 2.4
      vertex 24.125 -13.2476 2.4
      vertex 23.7171 -12.9751 2.4
    endloop
  endfacet
  facet normal 0 0 1
    outer loop
      vertex 8.84776 -15.7654 2.4
      vertex 23.7171 -12.9751 2.4
      vertex 23.3483 -12.6517 2.4
    endloop
  endfacet
  facet normal 0 0 1
    outer loop
      vertex 8.93185 -15.5176 2.4
      vertex 23.3483 -12.6517 2.4
      vertex 23.0249 -12.2829 2.4
    endloop
  endfacet
  facet normal 0 0 1
    outer loop
      vertex 8.98289 -15.261 2.4
      vertex 23.0249 -12.2829 2.4
      vertex 22.7524 -11.875 2.4
    endloop
  endfacet
  facet normal 0 0 1
    outer loop
      vertex 9 -15 2.4
      vertex 22.25 -10 2.4
      vertex 9 -5 2.4
    endloop
  endfacet
  facet normal 0 0 1
    outer loop
      vertex 22.25 -10 2.4
      vertex 9 -15 2.4
      vertex 22.2821 -10.4895 2.4
    endloop
  endfacet
  facet normal 0 0 1
    outer loop
      vertex 22.2821 -10.4895 2.4
      vertex 9 -15 2.4
      vertex 22.3778 -10.9706 2.4
    endloop
  endfacet
  facet normal 0 0 1
    outer loop
      vertex 22.3778 -10.9706 2.4
      vertex 9 -15 2.4
      vertex 22.5354 -11.4351 2.4
    endloop
  endfacet
  facet normal 0 0 1
    outer loop
      vertex 22.5354 -11.4351 2.4
      vertex 9 -15 2.4
      vertex 22.7524 -11.875 2.4
    endloop
  endfacet
  facet normal 0 0 1
    outer loop
      vertex 8.98289 -15.261 2.4
      vertex 22.7524 -11.875 2.4
      vertex 9 -15 2.4
    endloop
  endfacet
  facet normal 0 0 1
    outer loop
      vertex 23.0249 -12.2829 2.4
      vertex 8.98289 -15.261 2.4
      vertex 8.93185 -15.5176 2.4
    endloop
  endfacet
  facet normal 0 0 1
    outer loop
      vertex 23.3483 -12.6517 2.4
      vertex 8.93185 -15.5176 2.4
      vertex 8.84776 -15.7654 2.4
    endloop
  endfacet
  facet normal 0 0 1
    outer loop
      vertex 23.7171 -12.9751 2.4
      vertex 8.84776 -15.7654 2.4
      vertex 8.73206 -16 2.4
    endloop
  endfacet
  facet normal 0 0 1
    outer loop
      vertex 23.7171 -12.9751 2.4
      vertex 8.73206 -16 2.4
      vertex 8.5867 -16.2175 2.4
    endloop
  endfacet
  facet normal 0 0 1
    outer loop
      vertex 24.125 -13.2476 2.4
      vertex 8.5867 -16.2175 2.4
      vertex 8.41422 -16.4142 2.4
    endloop
  endfacet
  facet normal 0 0 1
    outer loop
      vertex 24.5649 -13.4645 2.4
      vertex 8.41422 -16.4142 2.4
      vertex 33 -29.5 2.4
    endloop
  endfacet
  facet normal -0 0 1
    outer loop
      vertex 8.21753 -16.5867 2.4
      vertex 33 -29.5 2.4
      vertex 8.41422 -16.4142 2.4
    endloop
  endfacet
  facet normal -0 0 1
    outer loop
      vertex 8 -16.7321 2.4
      vertex 33 -29.5 2.4
      vertex 8.21753 -16.5867 2.4
    endloop
  endfacet
  facet normal -0 0 1
    outer loop
      vertex 7.76537 -16.8478 2.4
      vertex 33 -29.5 2.4
      vertex 8 -16.7321 2.4
    endloop
  endfacet
  facet normal -0 0 1
    outer loop
      vertex 7.51764 -16.9319 2.4
      vertex 33 -29.5 2.4
      vertex 7.76537 -16.8478 2.4
    endloop
  endfacet
  facet normal -0 0 1
    outer loop
      vertex 7.26105 -16.9829 2.4
      vertex 33 -29.5 2.4
      vertex 7.51764 -16.9319 2.4
    endloop
  endfacet
  facet normal -0 0 1
    outer loop
      vertex 7 -17 2.4
      vertex 33 -29.5 2.4
      vertex 7.26105 -16.9829 2.4
    endloop
  endfacet
  facet normal 0 0 1
    outer loop
      vertex -33 -29.5 2.4
      vertex 7 -17 2.4
      vertex -13 -17 2.4
    endloop
  endfacet
  facet normal 0 0 1
    outer loop
      vertex -33 -29.5 2.4
      vertex -13 -17 2.4
      vertex -13.261 -16.9829 2.4
    endloop
  endfacet
  facet normal 0 0 1
    outer loop
      vertex -33 -29.5 2.4
      vertex -13.261 -16.9829 2.4
      vertex -13.5176 -16.9319 2.4
    endloop
  endfacet
  facet normal 0 0 1
    outer loop
      vertex -14.5867 -3.78247 2.4
      vertex -25.1161 4.11612 2.4
      vertex -14.7321 -4 2.4
    endloop
  endfacet
  facet normal -0 0 1
    outer loop
      vertex -25.239 4.00831 2.4
      vertex -14.7321 -4 2.4
      vertex -25.1161 4.11612 2.4
    endloop
  endfacet
  facet normal 0 0 1
    outer loop
      vertex -14.7321 -4 2.4
      vertex -25.239 4.00831 2.4
      vertex -14.8478 -4.23463 2.4
    endloop
  endfacet
  facet normal -0 0 1
    outer loop
      vertex -25.375 3.91747 2.4
      vertex -14.8478 -4.23463 2.4
      vertex -25.239 4.00831 2.4
    endloop
  endfacet
  facet normal 0 0 1
    outer loop
      vertex -14.8478 -4.23463 2.4
      vertex -25.375 3.91747 2.4
      vertex -14.9319 -4.48236 2.4
    endloop
  endfacet
  facet normal -0 0 1
    outer loop
      vertex -25.5216 3.84515 2.4
      vertex -14.9319 -4.48236 2.4
      vertex -25.375 3.91747 2.4
    endloop
  endfacet
  facet normal 0 0 1
    outer loop
      vertex -14.9319 -4.48236 2.4
      vertex -25.5216 3.84515 2.4
      vertex -14.9829 -4.73895 2.4
    endloop
  endfacet
  facet normal 0 -0 1
    outer loop
      vertex -28.25 -10 2.4
      vertex -15 -5 2.4
      vertex -28.2821 -9.51053 2.4
    endloop
  endfacet
  facet normal 0 0 1
    outer loop
      vertex -15 -5 2.4
      vertex -28.25 -10 2.4
      vertex -15 -15 2.4
    endloop
  endfacet
  facet normal -0 0 1
    outer loop
      vertex -28.2821 -10.4895 2.4
      vertex -15 -15 2.4
      vertex -28.25 -10 2.4
    endloop
  endfacet
  facet normal -0 0 1
    outer loop
      vertex -28.3778 -10.9706 2.4
      vertex -15 -15 2.4
      vertex -28.2821 -10.4895 2.4
    endloop
  endfacet
  facet normal 0 0 1
    outer loop
      vertex -28.2821 -9.51053 2.4
      vertex -14.9829 -4.73895 2.4
      vertex -25.5216 3.84515 2.4
    endloop
  endfacet
  facet normal 0 0 1
    outer loop
      vertex -14.9829 -4.73895 2.4
      vertex -28.2821 -9.51053 2.4
      vertex -15 -5 2.4
    endloop
  endfacet
  facet normal 0 0 1
    outer loop
      vertex -28.2821 -9.51053 2.4
      vertex -25.5216 3.84515 2.4
      vertex -25.6765 3.79259 2.4
    endloop
  endfacet
  facet normal 0 0 1
    outer loop
      vertex -28.2821 -9.51053 2.4
      vertex -25.6765 3.79259 2.4
      vertex -25.8368 3.76069 2.4
    endloop
  endfacet
  facet normal 0 0 1
    outer loop
      vertex -28.2821 -9.51053 2.4
      vertex -25.8368 3.76069 2.4
      vertex -26 3.75 2.4
    endloop
  endfacet
  facet normal 0 0 1
    outer loop
      vertex -28.2821 -9.51053 2.4
      vertex -26 3.75 2.4
      vertex -26.1632 3.76069 2.4
    endloop
  endfacet
  facet normal 0 0 1
    outer loop
      vertex -28.2821 -9.51053 2.4
      vertex -26.1632 3.76069 2.4
      vertex -26.3235 3.79259 2.4
    endloop
  endfacet
  facet normal 0 0 1
    outer loop
      vertex -28.2821 -9.51053 2.4
      vertex -26.3235 3.79259 2.4
      vertex -26.4784 3.84515 2.4
    endloop
  endfacet
  facet normal 0 0 1
    outer loop
      vertex -28.2821 -9.51053 2.4
      vertex -26.4784 3.84515 2.4
      vertex -26.625 3.91747 2.4
    endloop
  endfacet
  facet normal 0 0 1
    outer loop
      vertex -28.2821 -9.51053 2.4
      vertex -26.625 3.91747 2.4
      vertex -26.761 4.00831 2.4
    endloop
  endfacet
  facet normal 0 0 1
    outer loop
      vertex -28.2821 -9.51053 2.4
      vertex -26.761 4.00831 2.4
      vertex -26.8839 4.11612 2.4
    endloop
  endfacet
  facet normal 0 0 1
    outer loop
      vertex -28.2821 -9.51053 2.4
      vertex -26.8839 4.11612 2.4
      vertex -26.9917 4.23905 2.4
    endloop
  endfacet
  facet normal 0 0 1
    outer loop
      vertex -28.2821 -9.51053 2.4
      vertex -26.9917 4.23905 2.4
      vertex -27.0825 4.375 2.4
    endloop
  endfacet
  facet normal 0 0 1
    outer loop
      vertex -33.875 -6.75241 2.4
      vertex -27.2393 4.83684 2.4
      vertex -27.25 5 2.4
    endloop
  endfacet
  facet normal 0 0 1
    outer loop
      vertex -28.2821 -9.51053 2.4
      vertex -27.2074 4.67648 2.4
      vertex -27.2393 4.83684 2.4
    endloop
  endfacet
  facet normal 0 0 1
    outer loop
      vertex -28.2821 -9.51053 2.4
      vertex -27.1549 4.52165 2.4
      vertex -27.2074 4.67648 2.4
    endloop
  endfacet
  facet normal 0 0 1
    outer loop
      vertex -28.2821 -9.51053 2.4
      vertex -27.0825 4.375 2.4
      vertex -27.1549 4.52165 2.4
    endloop
  endfacet
  facet normal -0 0 1
    outer loop
      vertex -28.5354 -11.4351 2.4
      vertex -15 -15 2.4
      vertex -28.3778 -10.9706 2.4
    endloop
  endfacet
  facet normal 0 0 1
    outer loop
      vertex -15 -15 2.4
      vertex -28.7524 -11.875 2.4
      vertex -14.9829 -15.261 2.4
    endloop
  endfacet
  facet normal -0 0 1
    outer loop
      vertex -29.0249 -12.2829 2.4
      vertex -14.9829 -15.261 2.4
      vertex -28.7524 -11.875 2.4
    endloop
  endfacet
  facet normal 0 0 1
    outer loop
      vertex -14.9829 -15.261 2.4
      vertex -29.0249 -12.2829 2.4
      vertex -14.9319 -15.5176 2.4
    endloop
  endfacet
  facet normal -0 0 1
    outer loop
      vertex -29.3483 -12.6517 2.4
      vertex -14.9319 -15.5176 2.4
      vertex -29.0249 -12.2829 2.4
    endloop
  endfacet
  facet normal 0 0 1
    outer loop
      vertex -14.9319 -15.5176 2.4
      vertex -29.3483 -12.6517 2.4
      vertex -14.8478 -15.7654 2.4
    endloop
  endfacet
  facet normal -0 0 1
    outer loop
      vertex -29.7171 -12.9751 2.4
      vertex -14.8478 -15.7654 2.4
      vertex -29.3483 -12.6517 2.4
    endloop
  endfacet
  facet normal 0 0 1
    outer loop
      vertex -14.8478 -15.7654 2.4
      vertex -29.7171 -12.9751 2.4
      vertex -14.7321 -16 2.4
    endloop
  endfacet
  facet normal 0 0 1
    outer loop
      vertex -14.7321 -16 2.4
      vertex -29.7171 -12.9751 2.4
      vertex -14.5867 -16.2175 2.4
    endloop
  endfacet
  facet normal -0 0 1
    outer loop
      vertex -30.125 -13.2476 2.4
      vertex -14.5867 -16.2175 2.4
      vertex -29.7171 -12.9751 2.4
    endloop
  endfacet
  facet normal 0 0 1
    outer loop
      vertex -33 -29.5 2.4
      vertex -14.5867 -16.2175 2.4
      vertex -30.125 -13.2476 2.4
    endloop
  endfacet
  facet normal 0 0 1
    outer loop
      vertex -14.5867 -16.2175 2.4
      vertex -33 -29.5 2.4
      vertex -14.4142 -16.4142 2.4
    endloop
  endfacet
  facet normal 0 0 1
    outer loop
      vertex -14.4142 -16.4142 2.4
      vertex -33 -29.5 2.4
      vertex -14.2175 -16.5867 2.4
    endloop
  endfacet
  facet normal 0 0 1
    outer loop
      vertex -14.2175 -16.5867 2.4
      vertex -33 -29.5 2.4
      vertex -14 -16.7321 2.4
    endloop
  endfacet
  facet normal 0 0 1
    outer loop
      vertex -13.7654 -16.8478 2.4
      vertex -33 -29.5 2.4
      vertex -13.5176 -16.9319 2.4
    endloop
  endfacet
  facet normal 0 0 1
    outer loop
      vertex -14 -16.7321 2.4
      vertex -33 -29.5 2.4
      vertex -13.7654 -16.8478 2.4
    endloop
  endfacet
  facet normal 0 0 1
    outer loop
      vertex -33 -29.5 2.4
      vertex -30.125 -13.2476 2.4
      vertex -30.5649 -13.4645 2.4
    endloop
  endfacet
  facet normal 0 0 1
    outer loop
      vertex -33 -29.5 2.4
      vertex -30.5649 -13.4645 2.4
      vertex -31.0294 -13.6222 2.4
    endloop
  endfacet
  facet normal 0 0 1
    outer loop
      vertex -33 -29.5 2.4
      vertex -31.0294 -13.6222 2.4
      vertex -31.5105 -13.7179 2.4
    endloop
  endfacet
  facet normal 0 0 1
    outer loop
      vertex -33 -29.5 2.4
      vertex -31.5105 -13.7179 2.4
      vertex -32 -13.75 2.4
    endloop
  endfacet
  facet normal 0 0 1
    outer loop
      vertex -33 -29.5 2.4
      vertex -32 -13.75 2.4
      vertex -32.4895 -13.7179 2.4
    endloop
  endfacet
  facet normal 0 0 1
    outer loop
      vertex -33.3916 -29.5257 2.4
      vertex -32.4895 -13.7179 2.4
      vertex -32.9706 -13.6222 2.4
    endloop
  endfacet
  facet normal 0 0 1
    outer loop
      vertex 7 -17 2.4
      vertex -33 -29.5 2.4
      vertex 33 -29.5 2.4
    endloop
  endfacet
  facet normal 0 0 1
    outer loop
      vertex -32.4895 -13.7179 2.4
      vertex -33.3916 -29.5257 2.4
      vertex -33 -29.5 2.4
    endloop
  endfacet
  facet normal 0 0 1
    outer loop
      vertex -33.7765 -29.6022 2.4
      vertex -32.9706 -13.6222 2.4
      vertex -33.4351 -13.4645 2.4
    endloop
  endfacet
  facet normal 0 0 1
    outer loop
      vertex -32.9706 -13.6222 2.4
      vertex -33.7765 -29.6022 2.4
      vertex -33.3916 -29.5257 2.4
    endloop
  endfacet
  facet normal 0 0 1
    outer loop
      vertex -34.1481 -29.7284 2.4
      vertex -33.4351 -13.4645 2.4
      vertex -33.875 -13.2476 2.4
    endloop
  endfacet
  facet normal 0 0 1
    outer loop
      vertex -33.4351 -13.4645 2.4
      vertex -34.1481 -29.7284 2.4
      vertex -33.7765 -29.6022 2.4
    endloop
  endfacet
  facet normal 0 0 1
    outer loop
      vertex -34.5 -29.9019 2.4
      vertex -33.875 -13.2476 2.4
      vertex -34.2829 -12.9751 2.4
    endloop
  endfacet
  facet normal 0 0 1
    outer loop
      vertex -33.875 -13.2476 2.4
      vertex -34.5 -29.9019 2.4
      vertex -34.1481 -29.7284 2.4
    endloop
  endfacet
  facet normal 0 0 1
    outer loop
      vertex -34.8263 -30.1199 2.4
      vertex -34.2829 -12.9751 2.4
      vertex -34.6516 -12.6517 2.4
    endloop
  endfacet
  facet normal 0 0 1
    outer loop
      vertex -34.2829 -12.9751 2.4
      vertex -34.8263 -30.1199 2.4
      vertex -34.5 -29.9019 2.4
    endloop
  endfacet
  facet normal 0 0 1
    outer loop
      vertex -35.1213 -30.3787 2.4
      vertex -34.6516 -12.6517 2.4
      vertex -34.9751 -12.2829 2.4
    endloop
  endfacet
  facet normal 0 0 1
    outer loop
      vertex -34.6516 -12.6517 2.4
      vertex -35.1213 -30.3787 2.4
      vertex -34.8263 -30.1199 2.4
    endloop
  endfacet
  facet normal 0 0 1
    outer loop
      vertex -35.3801 -30.6737 2.4
      vertex -34.9751 -12.2829 2.4
      vertex -35.2476 -11.875 2.4
    endloop
  endfacet
  facet normal 0 0 1
    outer loop
      vertex -34.9751 -12.2829 2.4
      vertex -35.3801 -30.6737 2.4
      vertex -35.1213 -30.3787 2.4
    endloop
  endfacet
  facet normal 0 0 1
    outer loop
      vertex -35.5981 -31 2.4
      vertex -35.2476 -11.875 2.4
      vertex -35.4645 -11.4351 2.4
    endloop
  endfacet
  facet normal 0 0 1
    outer loop
      vertex -35.2476 -11.875 2.4
      vertex -35.5981 -31 2.4
      vertex -35.3801 -30.6737 2.4
    endloop
  endfacet
  facet normal 0 0 1
    outer loop
      vertex -35.7716 -31.3519 2.4
      vertex -35.4645 -11.4351 2.4
      vertex -35.6222 -10.9706 2.4
    endloop
  endfacet
  facet normal 0 0 1
    outer loop
      vertex -35.8978 -31.7235 2.4
      vertex -35.6222 -10.9706 2.4
      vertex -35.7179 -10.4895 2.4
    endloop
  endfacet
  facet normal 0 0 1
    outer loop
      vertex -35.9743 -32.1084 2.4
      vertex -35.7179 -10.4895 2.4
      vertex -35.75 -10 2.4
    endloop
  endfacet
  facet normal 0 0 1
    outer loop
      vertex -35.4645 -11.4351 2.4
      vertex -35.7716 -31.3519 2.4
      vertex -35.5981 -31 2.4
    endloop
  endfacet
  facet normal 0 0 1
    outer loop
      vertex 44.1 76.6 2.4
      vertex 41.5 -45.7 2.4
      vertex 44.1 -76.6 2.4
    endloop
  endfacet
  facet normal 0 0 1
    outer loop
      vertex 44.1 -76.6 2.4
      vertex 43.276 -73.6345 2.4
      vertex 43.3 -74 2.4
    endloop
  endfacet
  facet normal 0 0 1
    outer loop
      vertex 41.4897 -45.5434 2.4
      vertex 43.276 73.6345 2.4
      vertex 43.2046 73.2753 2.4
    endloop
  endfacet
  facet normal -0 0 1
    outer loop
      vertex 41.5 -56.3 2.4
      vertex 44.1 -76.6 2.4
      vertex 41.5 -45.7 2.4
    endloop
  endfacet
  facet normal 0 0 1
    outer loop
      vertex 41.4591 -45.3894 2.4
      vertex 43.2046 73.2753 2.4
      vertex 43.0869 72.9285 2.4
    endloop
  endfacet
  facet normal -0 -0 1
    outer loop
      vertex 43.2046 -73.2753 2.4
      vertex 44.1 -76.6 2.4
      vertex 41.5 -56.3 2.4
    endloop
  endfacet
  facet normal 0 0 1
    outer loop
      vertex 41.4086 -45.2408 2.4
      vertex 43.0869 72.9285 2.4
      vertex 42.9249 72.6 2.4
    endloop
  endfacet
  facet normal 0 0 1
    outer loop
      vertex 44.1 -76.6 2.4
      vertex 43.2046 -73.2753 2.4
      vertex 43.276 -73.6345 2.4
    endloop
  endfacet
  facet normal 0 0 1
    outer loop
      vertex 29.6222 -9.02943 2.4
      vertex 42.9249 72.6 2.4
      vertex 42.7214 72.2955 2.4
    endloop
  endfacet
  facet normal -0 0 1
    outer loop
      vertex 41.4897 -56.4566 2.4
      vertex 43.2046 -73.2753 2.4
      vertex 41.5 -56.3 2.4
    endloop
  endfacet
  facet normal 0 0 1
    outer loop
      vertex 29.4645 -8.56494 2.4
      vertex 42.7214 72.2955 2.4
      vertex 42.4799 72.0201 2.4
    endloop
  endfacet
  facet normal 0 0 1
    outer loop
      vertex 43.2046 -73.2753 2.4
      vertex 41.4897 -56.4566 2.4
      vertex 43.0869 -72.9285 2.4
    endloop
  endfacet
  facet normal 0 0 1
    outer loop
      vertex 29.2476 -8.125 2.4
      vertex 42.4799 72.0201 2.4
      vertex 42.2045 71.7786 2.4
    endloop
  endfacet
  facet normal -0 0 1
    outer loop
      vertex 41.4591 -56.6106 2.4
      vertex 43.0869 -72.9285 2.4
      vertex 41.4897 -56.4566 2.4
    endloop
  endfacet
  facet normal 0 0 1
    outer loop
      vertex 28.9751 -7.71714 2.4
      vertex 42.2045 71.7786 2.4
      vertex 41.9 71.5751 2.4
    endloop
  endfacet
  facet normal 0 0 1
    outer loop
      vertex 43.0869 -72.9285 2.4
      vertex 41.4591 -56.6106 2.4
      vertex 42.9249 -72.6 2.4
    endloop
  endfacet
  facet normal 0 0 1
    outer loop
      vertex 28.6516 -7.34835 2.4
      vertex 41.9 71.5751 2.4
      vertex 41.5715 71.4131 2.4
    endloop
  endfacet
  facet normal -0 0 1
    outer loop
      vertex 41.4086 -56.7592 2.4
      vertex 42.9249 -72.6 2.4
      vertex 41.4591 -56.6106 2.4
    endloop
  endfacet
  facet normal 0 0 1
    outer loop
      vertex 42.9249 -72.6 2.4
      vertex 41.4086 -56.7592 2.4
      vertex 42.7214 -72.2955 2.4
    endloop
  endfacet
  facet normal 0 0 1
    outer loop
      vertex 43.276 73.6345 2.4
      vertex 41.4897 -45.5434 2.4
      vertex 41.5 -45.7 2.4
    endloop
  endfacet
  facet normal 0 0 1
    outer loop
      vertex 43.2046 73.2753 2.4
      vertex 41.4591 -45.3894 2.4
      vertex 41.4897 -45.5434 2.4
    endloop
  endfacet
  facet normal 0 0 1
    outer loop
      vertex 43.0869 72.9285 2.4
      vertex 41.4086 -45.2408 2.4
      vertex 41.4591 -45.3894 2.4
    endloop
  endfacet
  facet normal 0 0 1
    outer loop
      vertex 42.9249 72.6 2.4
      vertex 35.8978 -31.7235 2.4
      vertex 41.4086 -45.2408 2.4
    endloop
  endfacet
  facet normal 0 0 1
    outer loop
      vertex 41.4086 -45.2408 2.4
      vertex 35.8978 -31.7235 2.4
      vertex 41.3392 -45.1 2.4
    endloop
  endfacet
  facet normal 0 0 1
    outer loop
      vertex 28.2829 -7.02493 2.4
      vertex 41.5715 71.4131 2.4
      vertex 41.2247 71.2954 2.4
    endloop
  endfacet
  facet normal 0 0 1
    outer loop
      vertex 41.3392 -45.1 2.4
      vertex 35.8978 -31.7235 2.4
      vertex 41.252 -44.9695 2.4
    endloop
  endfacet
  facet normal -0 -0 1
    outer loop
      vertex 35.9743 -32.1084 2.4
      vertex 41.252 -44.9695 2.4
      vertex 35.8978 -31.7235 2.4
    endloop
  endfacet
  facet normal 0 0 1
    outer loop
      vertex 41.252 -44.9695 2.4
      vertex 35.9743 -32.1084 2.4
      vertex 41.1485 -44.8515 2.4
    endloop
  endfacet
  facet normal 0 0 1
    outer loop
      vertex 27.875 -6.75241 2.4
      vertex 41.2247 71.2954 2.4
      vertex 40.8655 71.224 2.4
    endloop
  endfacet
  facet normal -0 -0 1
    outer loop
      vertex 36 -32.5 2.4
      vertex 41.1485 -44.8515 2.4
      vertex 35.9743 -32.1084 2.4
    endloop
  endfacet
  facet normal 0 0 1
    outer loop
      vertex 41.1485 -44.8515 2.4
      vertex 36 -32.5 2.4
      vertex 41.0305 -44.748 2.4
    endloop
  endfacet
  facet normal 0 0 1
    outer loop
      vertex 27.4351 -6.53545 2.4
      vertex 40.8655 71.224 2.4
      vertex 40.5 71.2 2.4
    endloop
  endfacet
  facet normal 0 0 1
    outer loop
      vertex 41.0305 -44.748 2.4
      vertex 36 -32.5 2.4
      vertex 40.9 -44.6608 2.4
    endloop
  endfacet
  facet normal 0 0 1
    outer loop
      vertex 40.9 -44.6608 2.4
      vertex 36 -32.5 2.4
      vertex 40.7592 -44.5914 2.4
    endloop
  endfacet
  facet normal 0 0 1
    outer loop
      vertex 26.9706 -6.37778 2.4
      vertex 40.5 71.2 2.4
      vertex 40.1345 71.224 2.4
    endloop
  endfacet
  facet normal 0 0 1
    outer loop
      vertex 26.4895 -6.28208 2.4
      vertex 40.1345 71.224 2.4
      vertex 39.7753 71.2954 2.4
    endloop
  endfacet
  facet normal 0 0 1
    outer loop
      vertex 26 -6.25 2.4
      vertex 39.7753 71.2954 2.4
      vertex 39.4285 71.4131 2.4
    endloop
  endfacet
  facet normal 0 0 1
    outer loop
      vertex 7.76537 -3.15224 2.4
      vertex 39.4285 71.4131 2.4
      vertex 39.1 71.5751 2.4
    endloop
  endfacet
  facet normal 0 0 1
    outer loop
      vertex 7.51764 -3.06815 2.4
      vertex 39.1 71.5751 2.4
      vertex 38.7955 71.7786 2.4
    endloop
  endfacet
  facet normal 0 0 1
    outer loop
      vertex 7.26105 -3.01711 2.4
      vertex 38.7955 71.7786 2.4
      vertex 38.5201 72.0201 2.4
    endloop
  endfacet
  facet normal 0 0 1
    outer loop
      vertex 7 -3 2.4
      vertex 38.5201 72.0201 2.4
      vertex 38.2786 72.2955 2.4
    endloop
  endfacet
  facet normal 0 0 1
    outer loop
      vertex 37.7954 73.2753 2.4
      vertex -37.7954 73.2753 2.4
      vertex 37.9131 72.9285 2.4
    endloop
  endfacet
  facet normal 0 0 1
    outer loop
      vertex -37.7954 73.2753 2.4
      vertex 37.7954 73.2753 2.4
      vertex -37.724 73.6345 2.4
    endloop
  endfacet
  facet normal 0 0 1
    outer loop
      vertex 37.724 73.6345 2.4
      vertex -37.724 73.6345 2.4
      vertex 37.7954 73.2753 2.4
    endloop
  endfacet
  facet normal 0 0 1
    outer loop
      vertex -37.724 73.6345 2.4
      vertex 37.724 73.6345 2.4
      vertex -37.7 74 2.4
    endloop
  endfacet
  facet normal -0 0 1
    outer loop
      vertex -37.7 74 2.4
      vertex 37.724 73.6345 2.4
      vertex 37.7 74 2.4
    endloop
  endfacet
  facet normal 0 0 1
    outer loop
      vertex 40.7592 -44.5914 2.4
      vertex 36 -32.5 2.4
      vertex 40.6106 -44.5409 2.4
    endloop
  endfacet
  facet normal 0 0 1
    outer loop
      vertex 42.4799 75.9799 2.4
      vertex 44.1 76.6 2.4
      vertex 44.0914 76.7305 2.4
    endloop
  endfacet
  facet normal 0 0 1
    outer loop
      vertex 43.276 73.6345 2.4
      vertex 44.1 76.6 2.4
      vertex 43.3 74 2.4
    endloop
  endfacet
  facet normal 0 0 1
    outer loop
      vertex 42.4799 75.9799 2.4
      vertex 44.0914 76.7305 2.4
      vertex 44.0659 76.8588 2.4
    endloop
  endfacet
  facet normal 0 0 1
    outer loop
      vertex 41.5 -45.7 2.4
      vertex 44.1 76.6 2.4
      vertex 43.276 73.6345 2.4
    endloop
  endfacet
  facet normal 0 0 1
    outer loop
      vertex 42.4799 75.9799 2.4
      vertex 44.0659 76.8588 2.4
      vertex 44.0239 76.9827 2.4
    endloop
  endfacet
  facet normal -0 0 1
    outer loop
      vertex 43.276 -74.3655 2.4
      vertex 44.1 -76.6 2.4
      vertex 43.3 -74 2.4
    endloop
  endfacet
  facet normal 0 0 1
    outer loop
      vertex 42.4799 75.9799 2.4
      vertex 44.0239 76.9827 2.4
      vertex 43.966 77.1 2.4
    endloop
  endfacet
  facet normal -0 0 1
    outer loop
      vertex 43.2046 -74.7247 2.4
      vertex 44.1 -76.6 2.4
      vertex 43.276 -74.3655 2.4
    endloop
  endfacet
  facet normal 0 0 1
    outer loop
      vertex 42.4799 75.9799 2.4
      vertex 43.966 77.1 2.4
      vertex 43.8933 77.2088 2.4
    endloop
  endfacet
  facet normal -0 0 1
    outer loop
      vertex 43.0869 -75.0715 2.4
      vertex 44.1 -76.6 2.4
      vertex 43.2046 -74.7247 2.4
    endloop
  endfacet
  facet normal 0 0 1
    outer loop
      vertex 42.4799 75.9799 2.4
      vertex 43.8933 77.2088 2.4
      vertex 43.8071 77.3071 2.4
    endloop
  endfacet
  facet normal -0 0 1
    outer loop
      vertex 42.9249 -75.4 2.4
      vertex 44.1 -76.6 2.4
      vertex 43.0869 -75.0715 2.4
    endloop
  endfacet
  facet normal 0 0 1
    outer loop
      vertex 42.4799 75.9799 2.4
      vertex 43.8071 77.3071 2.4
      vertex 43.7088 77.3933 2.4
    endloop
  endfacet
  facet normal -0 0 1
    outer loop
      vertex 42.7214 -75.7045 2.4
      vertex 44.1 -76.6 2.4
      vertex 42.9249 -75.4 2.4
    endloop
  endfacet
  facet normal 0 0 1
    outer loop
      vertex 42.4799 75.9799 2.4
      vertex 43.7088 77.3933 2.4
      vertex 43.6 77.466 2.4
    endloop
  endfacet
  facet normal -0 0 1
    outer loop
      vertex 42.4799 -75.9799 2.4
      vertex 44.1 -76.6 2.4
      vertex 42.7214 -75.7045 2.4
    endloop
  endfacet
  facet normal 0 0 1
    outer loop
      vertex 42.4799 75.9799 2.4
      vertex 43.6 77.466 2.4
      vertex 43.4827 77.5239 2.4
    endloop
  endfacet
  facet normal 0 0 1
    outer loop
      vertex 44.1 -76.6 2.4
      vertex 42.4799 -75.9799 2.4
      vertex 44.0914 -76.7305 2.4
    endloop
  endfacet
  facet normal 0 0 1
    outer loop
      vertex 42.4799 75.9799 2.4
      vertex 43.4827 77.5239 2.4
      vertex 43.3588 77.5659 2.4
    endloop
  endfacet
  facet normal 0 0 1
    outer loop
      vertex 44.0914 -76.7305 2.4
      vertex 42.4799 -75.9799 2.4
      vertex 44.0659 -76.8588 2.4
    endloop
  endfacet
  facet normal 0 0 1
    outer loop
      vertex 44.0659 -76.8588 2.4
      vertex 42.4799 -75.9799 2.4
      vertex 44.0239 -76.9827 2.4
    endloop
  endfacet
  facet normal 0 0 1
    outer loop
      vertex 44.1 76.6 2.4
      vertex 43.276 74.3655 2.4
      vertex 43.3 74 2.4
    endloop
  endfacet
  facet normal 0 0 1
    outer loop
      vertex 42.4799 75.9799 2.4
      vertex 43.3588 77.5659 2.4
      vertex 43.2305 77.5914 2.4
    endloop
  endfacet
  facet normal 0 0 1
    outer loop
      vertex 44.1 76.6 2.4
      vertex 43.2046 74.7247 2.4
      vertex 43.276 74.3655 2.4
    endloop
  endfacet
  facet normal 0 0 1
    outer loop
      vertex 42.4799 75.9799 2.4
      vertex 43.2305 77.5914 2.4
      vertex 43.1 77.6 2.4
    endloop
  endfacet
  facet normal 0 0 1
    outer loop
      vertex 44.1 76.6 2.4
      vertex 43.0869 75.0715 2.4
      vertex 43.2046 74.7247 2.4
    endloop
  endfacet
  facet normal 0 0 1
    outer loop
      vertex 44.1 76.6 2.4
      vertex 42.9249 75.4 2.4
      vertex 43.0869 75.0715 2.4
    endloop
  endfacet
  facet normal 0 0 1
    outer loop
      vertex 44.1 76.6 2.4
      vertex 42.7214 75.7045 2.4
      vertex 42.9249 75.4 2.4
    endloop
  endfacet
  facet normal 0 0 1
    outer loop
      vertex 44.1 76.6 2.4
      vertex 42.4799 75.9799 2.4
      vertex 42.7214 75.7045 2.4
    endloop
  endfacet
  facet normal 0 0 1
    outer loop
      vertex 43.1 77.6 2.4
      vertex 42.2045 76.2214 2.4
      vertex 42.4799 75.9799 2.4
    endloop
  endfacet
  facet normal 0 0 1
    outer loop
      vertex 43.1 77.6 2.4
      vertex 41.9 76.4249 2.4
      vertex 42.2045 76.2214 2.4
    endloop
  endfacet
  facet normal 0 0 1
    outer loop
      vertex 43.1 77.6 2.4
      vertex 41.5715 76.5869 2.4
      vertex 41.9 76.4249 2.4
    endloop
  endfacet
  facet normal 0 0 1
    outer loop
      vertex 43.1 77.6 2.4
      vertex 41.2247 76.7046 2.4
      vertex 41.5715 76.5869 2.4
    endloop
  endfacet
  facet normal 0 0 1
    outer loop
      vertex 43.1 77.6 2.4
      vertex 40.8655 76.776 2.4
      vertex 41.2247 76.7046 2.4
    endloop
  endfacet
  facet normal 0 0 1
    outer loop
      vertex 43.1 77.6 2.4
      vertex 40.5 76.8 2.4
      vertex 40.8655 76.776 2.4
    endloop
  endfacet
  facet normal 0 0 1
    outer loop
      vertex 43.1 77.6 2.4
      vertex 40.1345 76.776 2.4
      vertex 40.5 76.8 2.4
    endloop
  endfacet
  facet normal 0 0 1
    outer loop
      vertex 43.1 77.6 2.4
      vertex 39.7753 76.7046 2.4
      vertex 40.1345 76.776 2.4
    endloop
  endfacet
  facet normal 0 0 1
    outer loop
      vertex 40.3 -44.5 2.4
      vertex 36 -32.5 2.4
      vertex 36.7 -44.5 2.4
    endloop
  endfacet
  facet normal 0 0 1
    outer loop
      vertex 36.7 -44.5 2.4
      vertex 36 -32.5 2.4
      vertex 36.5434 -44.5103 2.4
    endloop
  endfacet
  facet normal 0 0 1
    outer loop
      vertex 36.5434 -44.5103 2.4
      vertex 36 -32.5 2.4
      vertex 36.3894 -44.5409 2.4
    endloop
  endfacet
  facet normal 0 0 1
    outer loop
      vertex 36.3894 -44.5409 2.4
      vertex 36 -32.5 2.4
      vertex 36.2408 -44.5914 2.4
    endloop
  endfacet
  facet normal 0 0 1
    outer loop
      vertex 36.2408 -44.5914 2.4
      vertex 36 -32.5 2.4
      vertex 36.1 -44.6608 2.4
    endloop
  endfacet
  facet normal 0 0 1
    outer loop
      vertex 40.4566 -44.5103 2.4
      vertex 36 -32.5 2.4
      vertex 40.3 -44.5 2.4
    endloop
  endfacet
  facet normal 0 0 1
    outer loop
      vertex 40.6106 -44.5409 2.4
      vertex 36 -32.5 2.4
      vertex 40.4566 -44.5103 2.4
    endloop
  endfacet
  facet normal 0 0 1
    outer loop
      vertex 42.9249 72.6 2.4
      vertex 35.7716 -31.3519 2.4
      vertex 35.8978 -31.7235 2.4
    endloop
  endfacet
  facet normal 0 0 1
    outer loop
      vertex 42.9249 72.6 2.4
      vertex 29.7179 -9.51053 2.4
      vertex 35.7716 -31.3519 2.4
    endloop
  endfacet
  facet normal 0 0 1
    outer loop
      vertex 35.7716 -31.3519 2.4
      vertex 29.7179 -9.51053 2.4
      vertex 35.5981 -31 2.4
    endloop
  endfacet
  facet normal -0 -0 1
    outer loop
      vertex 29.75 -10 2.4
      vertex 35.5981 -31 2.4
      vertex 29.7179 -9.51053 2.4
    endloop
  endfacet
  facet normal 0 0 1
    outer loop
      vertex 35.5981 -31 2.4
      vertex 29.75 -10 2.4
      vertex 35.3801 -30.6737 2.4
    endloop
  endfacet
  facet normal -0 0 1
    outer loop
      vertex 29.7179 -10.4895 2.4
      vertex 35.3801 -30.6737 2.4
      vertex 29.75 -10 2.4
    endloop
  endfacet
  facet normal 0 0 1
    outer loop
      vertex 35.3801 -30.6737 2.4
      vertex 29.7179 -10.4895 2.4
      vertex 35.1213 -30.3787 2.4
    endloop
  endfacet
  facet normal -0 0 1
    outer loop
      vertex 29.6222 -10.9706 2.4
      vertex 35.1213 -30.3787 2.4
      vertex 29.7179 -10.4895 2.4
    endloop
  endfacet
  facet normal 0 0 1
    outer loop
      vertex 35.1213 -30.3787 2.4
      vertex 29.6222 -10.9706 2.4
      vertex 34.8263 -30.1199 2.4
    endloop
  endfacet
  facet normal -0 0 1
    outer loop
      vertex 29.4645 -11.4351 2.4
      vertex 34.8263 -30.1199 2.4
      vertex 29.6222 -10.9706 2.4
    endloop
  endfacet
  facet normal 0 0 1
    outer loop
      vertex 34.8263 -30.1199 2.4
      vertex 29.4645 -11.4351 2.4
      vertex 34.5 -29.9019 2.4
    endloop
  endfacet
  facet normal 0 0 1
    outer loop
      vertex -37.7 74 2.4
      vertex 37.7 74 2.4
      vertex 37.724 74.3655 2.4
    endloop
  endfacet
  facet normal -0 0 1
    outer loop
      vertex 29.2476 -11.875 2.4
      vertex 34.5 -29.9019 2.4
      vertex 29.4645 -11.4351 2.4
    endloop
  endfacet
  facet normal 0 0 1
    outer loop
      vertex 42.9249 72.6 2.4
      vertex 29.6222 -9.02943 2.4
      vertex 29.7179 -9.51053 2.4
    endloop
  endfacet
  facet normal 0 0 1
    outer loop
      vertex 42.7214 72.2955 2.4
      vertex 29.4645 -8.56494 2.4
      vertex 29.6222 -9.02943 2.4
    endloop
  endfacet
  facet normal 0 0 1
    outer loop
      vertex 42.4799 72.0201 2.4
      vertex 29.2476 -8.125 2.4
      vertex 29.4645 -8.56494 2.4
    endloop
  endfacet
  facet normal 0 0 1
    outer loop
      vertex 42.2045 71.7786 2.4
      vertex 28.9751 -7.71714 2.4
      vertex 29.2476 -8.125 2.4
    endloop
  endfacet
  facet normal 0 0 1
    outer loop
      vertex 41.9 71.5751 2.4
      vertex 28.6516 -7.34835 2.4
      vertex 28.9751 -7.71714 2.4
    endloop
  endfacet
  facet normal 0 0 1
    outer loop
      vertex 41.5715 71.4131 2.4
      vertex 28.2829 -7.02493 2.4
      vertex 28.6516 -7.34835 2.4
    endloop
  endfacet
  facet normal 0 0 1
    outer loop
      vertex 41.2247 71.2954 2.4
      vertex 27.875 -6.75241 2.4
      vertex 28.2829 -7.02493 2.4
    endloop
  endfacet
  facet normal 0 0 1
    outer loop
      vertex 40.8655 71.224 2.4
      vertex 27.4351 -6.53545 2.4
      vertex 27.875 -6.75241 2.4
    endloop
  endfacet
  facet normal 0 0 1
    outer loop
      vertex 40.5 71.2 2.4
      vertex 26.9706 -6.37778 2.4
      vertex 27.4351 -6.53545 2.4
    endloop
  endfacet
  facet normal 0 0 1
    outer loop
      vertex 40.1345 71.224 2.4
      vertex 26.4895 -6.28208 2.4
      vertex 26.9706 -6.37778 2.4
    endloop
  endfacet
  facet normal 0 0 1
    outer loop
      vertex 39.7753 71.2954 2.4
      vertex 26 -6.25 2.4
      vertex 26.4895 -6.28208 2.4
    endloop
  endfacet
  facet normal 0 0 1
    outer loop
      vertex 39.4285 71.4131 2.4
      vertex 7.76537 -3.15224 2.4
      vertex 26 -6.25 2.4
    endloop
  endfacet
  facet normal 0 0 1
    outer loop
      vertex 26 -6.25 2.4
      vertex 7.76537 -3.15224 2.4
      vertex 25.5105 -6.28208 2.4
    endloop
  endfacet
  facet normal -0 -0 1
    outer loop
      vertex 8 -3.26794 2.4
      vertex 25.5105 -6.28208 2.4
      vertex 7.76537 -3.15224 2.4
    endloop
  endfacet
  facet normal 0 0 1
    outer loop
      vertex 25.5105 -6.28208 2.4
      vertex 8 -3.26794 2.4
      vertex 25.0294 -6.37778 2.4
    endloop
  endfacet
  facet normal -0 -0 1
    outer loop
      vertex 8.21753 -3.4133 2.4
      vertex 25.0294 -6.37778 2.4
      vertex 8 -3.26794 2.4
    endloop
  endfacet
  facet normal 0 0 1
    outer loop
      vertex 25.0294 -6.37778 2.4
      vertex 8.21753 -3.4133 2.4
      vertex 24.5649 -6.53545 2.4
    endloop
  endfacet
  facet normal 0 0 1
    outer loop
      vertex 24.5649 -6.53545 2.4
      vertex 8.41422 -3.58578 2.4
      vertex 24.125 -6.75241 2.4
    endloop
  endfacet
  facet normal -0 -0 1
    outer loop
      vertex 8.5867 -3.78247 2.4
      vertex 24.125 -6.75241 2.4
      vertex 8.41422 -3.58578 2.4
    endloop
  endfacet
  facet normal 0 0 1
    outer loop
      vertex 24.125 -6.75241 2.4
      vertex 8.5867 -3.78247 2.4
      vertex 23.7171 -7.02493 2.4
    endloop
  endfacet
  facet normal -0 -0 1
    outer loop
      vertex 8.73206 -4 2.4
      vertex 23.7171 -7.02493 2.4
      vertex 8.5867 -3.78247 2.4
    endloop
  endfacet
  facet normal -0 -0 1
    outer loop
      vertex 8.84776 -4.23463 2.4
      vertex 23.7171 -7.02493 2.4
      vertex 8.73206 -4 2.4
    endloop
  endfacet
  facet normal 0 0 1
    outer loop
      vertex 22.2821 -9.51053 2.4
      vertex 9 -5 2.4
      vertex 22.25 -10 2.4
    endloop
  endfacet
  facet normal -0 -0 1
    outer loop
      vertex 8.93185 -4.48236 2.4
      vertex 23.3483 -7.34835 2.4
      vertex 8.84776 -4.23463 2.4
    endloop
  endfacet
  facet normal 0 0 1
    outer loop
      vertex -37.724 74.3655 2.4
      vertex 37.724 74.3655 2.4
      vertex 37.7954 74.7247 2.4
    endloop
  endfacet
  facet normal 0 0 1
    outer loop
      vertex -37.7954 74.7247 2.4
      vertex 37.7954 74.7247 2.4
      vertex 37.9131 75.0715 2.4
    endloop
  endfacet
  facet normal 0 0 1
    outer loop
      vertex 22.3778 -9.02943 2.4
      vertex 9 -5 2.4
      vertex 22.2821 -9.51053 2.4
    endloop
  endfacet
  facet normal 0 0 1
    outer loop
      vertex 22.5354 -8.56494 2.4
      vertex 9 -5 2.4
      vertex 22.3778 -9.02943 2.4
    endloop
  endfacet
  facet normal 0 0 1
    outer loop
      vertex 22.7524 -8.125 2.4
      vertex 9 -5 2.4
      vertex 22.5354 -8.56494 2.4
    endloop
  endfacet
  facet normal -0 -0 1
    outer loop
      vertex 9 -5 2.4
      vertex 22.7524 -8.125 2.4
      vertex 8.98289 -4.73895 2.4
    endloop
  endfacet
  facet normal 0 0 1
    outer loop
      vertex 23.0249 -7.71714 2.4
      vertex 8.98289 -4.73895 2.4
      vertex 22.7524 -8.125 2.4
    endloop
  endfacet
  facet normal -0 -0 1
    outer loop
      vertex 8.98289 -4.73895 2.4
      vertex 23.0249 -7.71714 2.4
      vertex 8.93185 -4.48236 2.4
    endloop
  endfacet
  facet normal 0 0 1
    outer loop
      vertex 23.3483 -7.34835 2.4
      vertex 8.93185 -4.48236 2.4
      vertex 23.0249 -7.71714 2.4
    endloop
  endfacet
  facet normal 0 0 1
    outer loop
      vertex 23.7171 -7.02493 2.4
      vertex 8.84776 -4.23463 2.4
      vertex 23.3483 -7.34835 2.4
    endloop
  endfacet
  facet normal -0 -0 1
    outer loop
      vertex 8.41422 -3.58578 2.4
      vertex 24.5649 -6.53545 2.4
      vertex 8.21753 -3.4133 2.4
    endloop
  endfacet
  facet normal 0 0 1
    outer loop
      vertex 39.1 71.5751 2.4
      vertex 7.51764 -3.06815 2.4
      vertex 7.76537 -3.15224 2.4
    endloop
  endfacet
  facet normal 0 0 1
    outer loop
      vertex 38.7955 71.7786 2.4
      vertex 7.26105 -3.01711 2.4
      vertex 7.51764 -3.06815 2.4
    endloop
  endfacet
  facet normal 0 0 1
    outer loop
      vertex 38.5201 72.0201 2.4
      vertex 7 -3 2.4
      vertex 7.26105 -3.01711 2.4
    endloop
  endfacet
  facet normal 0 0 1
    outer loop
      vertex 38.2786 72.2955 2.4
      vertex -25.239 5.99169 2.4
      vertex 7 -3 2.4
    endloop
  endfacet
  facet normal 0 0 1
    outer loop
      vertex -37.9131 75.0715 2.4
      vertex 37.9131 75.0715 2.4
      vertex 38.0751 75.4 2.4
    endloop
  endfacet
  facet normal -0 -0 1
    outer loop
      vertex -25.0083 5.76095 2.4
      vertex 7 -3 2.4
      vertex -25.1161 5.88388 2.4
    endloop
  endfacet
  facet normal 0 0 1
    outer loop
      vertex 7 -3 2.4
      vertex -25.0083 5.76095 2.4
      vertex -13 -3 2.4
    endloop
  endfacet
  facet normal -0 -0 1
    outer loop
      vertex -24.9175 5.625 2.4
      vertex -13 -3 2.4
      vertex -25.0083 5.76095 2.4
    endloop
  endfacet
  facet normal -0 -0 1
    outer loop
      vertex -24.8451 5.47835 2.4
      vertex -13 -3 2.4
      vertex -24.9175 5.625 2.4
    endloop
  endfacet
  facet normal -0 -0 1
    outer loop
      vertex -24.7926 5.32352 2.4
      vertex -13 -3 2.4
      vertex -24.8451 5.47835 2.4
    endloop
  endfacet
  facet normal -0 -0 1
    outer loop
      vertex -24.7607 5.16316 2.4
      vertex -13.261 -3.01711 2.4
      vertex -24.7926 5.32352 2.4
    endloop
  endfacet
  facet normal 0 0 1
    outer loop
      vertex -13.261 -3.01711 2.4
      vertex -24.7607 5.16316 2.4
      vertex -13.5176 -3.06815 2.4
    endloop
  endfacet
  facet normal -0 -0 1
    outer loop
      vertex -24.75 5 2.4
      vertex -13.5176 -3.06815 2.4
      vertex -24.7607 5.16316 2.4
    endloop
  endfacet
  facet normal -0 0 1
    outer loop
      vertex -25.1161 4.11612 2.4
      vertex -14.5867 -3.78247 2.4
      vertex -25.0083 4.23905 2.4
    endloop
  endfacet
  facet normal -0 0 1
    outer loop
      vertex -25.0083 4.23905 2.4
      vertex -14.5867 -3.78247 2.4
      vertex -24.9175 4.375 2.4
    endloop
  endfacet
  facet normal 0 0 1
    outer loop
      vertex -14.4142 -3.58578 2.4
      vertex -24.9175 4.375 2.4
      vertex -14.5867 -3.78247 2.4
    endloop
  endfacet
  facet normal -0 0 1
    outer loop
      vertex -24.9175 4.375 2.4
      vertex -14.4142 -3.58578 2.4
      vertex -24.8451 4.52165 2.4
    endloop
  endfacet
  facet normal 0 0 1
    outer loop
      vertex -14.2175 -3.4133 2.4
      vertex -24.8451 4.52165 2.4
      vertex -14.4142 -3.58578 2.4
    endloop
  endfacet
  facet normal 0 0 1
    outer loop
      vertex -13.5176 -3.06815 2.4
      vertex -24.75 5 2.4
      vertex -13.7654 -3.15224 2.4
    endloop
  endfacet
  facet normal 0 0 1
    outer loop
      vertex -38.0751 75.4 2.4
      vertex 38.0751 75.4 2.4
      vertex 38.2786 75.7045 2.4
    endloop
  endfacet
  facet normal 0 0 1
    outer loop
      vertex -38.2786 75.7045 2.4
      vertex 38.2786 75.7045 2.4
      vertex 38.5201 75.9799 2.4
    endloop
  endfacet
  facet normal -0 0 1
    outer loop
      vertex -24.8451 4.52165 2.4
      vertex -14.2175 -3.4133 2.4
      vertex -24.7926 4.67648 2.4
    endloop
  endfacet
  facet normal 0 0 1
    outer loop
      vertex -14 -3.26794 2.4
      vertex -24.7926 4.67648 2.4
      vertex -14.2175 -3.4133 2.4
    endloop
  endfacet
  facet normal -0 0 1
    outer loop
      vertex -24.7926 4.67648 2.4
      vertex -14 -3.26794 2.4
      vertex -24.7607 4.83684 2.4
    endloop
  endfacet
  facet normal 0 0 1
    outer loop
      vertex -13.7654 -3.15224 2.4
      vertex -24.7607 4.83684 2.4
      vertex -14 -3.26794 2.4
    endloop
  endfacet
  facet normal -0 0 1
    outer loop
      vertex -24.7607 4.83684 2.4
      vertex -13.7654 -3.15224 2.4
      vertex -24.75 5 2.4
    endloop
  endfacet
  facet normal 0 0 1
    outer loop
      vertex -13 -3 2.4
      vertex -24.7926 5.32352 2.4
      vertex -13.261 -3.01711 2.4
    endloop
  endfacet
  facet normal 0 0 1
    outer loop
      vertex 7 -3 2.4
      vertex -25.239 5.99169 2.4
      vertex -25.1161 5.88388 2.4
    endloop
  endfacet
  facet normal 0 0 1
    outer loop
      vertex 38.2786 72.2955 2.4
      vertex -25.375 6.08253 2.4
      vertex -25.239 5.99169 2.4
    endloop
  endfacet
  facet normal 0 0 1
    outer loop
      vertex -37.9131 72.9285 2.4
      vertex 37.9131 72.9285 2.4
      vertex -37.7954 73.2753 2.4
    endloop
  endfacet
  facet normal 0 0 1
    outer loop
      vertex 37.9131 72.9285 2.4
      vertex -37.9131 72.9285 2.4
      vertex 38.0751 72.6 2.4
    endloop
  endfacet
  facet normal 0 0 1
    outer loop
      vertex -38.0751 72.6 2.4
      vertex 38.0751 72.6 2.4
      vertex -37.9131 72.9285 2.4
    endloop
  endfacet
  facet normal 0 0 1
    outer loop
      vertex 38.0751 72.6 2.4
      vertex -38.0751 72.6 2.4
      vertex 38.2786 72.2955 2.4
    endloop
  endfacet
  facet normal 0 0 1
    outer loop
      vertex -38.2786 72.2955 2.4
      vertex 38.2786 72.2955 2.4
      vertex -38.0751 72.6 2.4
    endloop
  endfacet
  facet normal 0 0 1
    outer loop
      vertex 38.2786 72.2955 2.4
      vertex -38.2786 72.2955 2.4
      vertex -25.375 6.08253 2.4
    endloop
  endfacet
  facet normal 0 0 1
    outer loop
      vertex -25.375 6.08253 2.4
      vertex -38.2786 72.2955 2.4
      vertex -25.5216 6.15485 2.4
    endloop
  endfacet
  facet normal -0 0 1
    outer loop
      vertex -38.5201 72.0201 2.4
      vertex -25.5216 6.15485 2.4
      vertex -38.2786 72.2955 2.4
    endloop
  endfacet
  facet normal 0 0 1
    outer loop
      vertex -25.5216 6.15485 2.4
      vertex -38.5201 72.0201 2.4
      vertex -25.6765 6.20741 2.4
    endloop
  endfacet
  facet normal -0 0 1
    outer loop
      vertex -38.7955 71.7786 2.4
      vertex -25.6765 6.20741 2.4
      vertex -38.5201 72.0201 2.4
    endloop
  endfacet
  facet normal 0 0 1
    outer loop
      vertex -33.875 -6.75241 2.4
      vertex -27.25 5 2.4
      vertex -27.2393 5.16316 2.4
    endloop
  endfacet
  facet normal -0 0 1
    outer loop
      vertex -28.7524 -11.875 2.4
      vertex -15 -15 2.4
      vertex -28.5354 -11.4351 2.4
    endloop
  endfacet
  facet normal 0 0 1
    outer loop
      vertex -27.2393 4.83684 2.4
      vertex -28.3778 -9.02943 2.4
      vertex -28.2821 -9.51053 2.4
    endloop
  endfacet
  facet normal 0 0 1
    outer loop
      vertex -27.2393 4.83684 2.4
      vertex -28.5354 -8.56494 2.4
      vertex -28.3778 -9.02943 2.4
    endloop
  endfacet
  facet normal 0 0 1
    outer loop
      vertex -27.2393 4.83684 2.4
      vertex -28.7524 -8.125 2.4
      vertex -28.5354 -8.56494 2.4
    endloop
  endfacet
  facet normal 0 0 1
    outer loop
      vertex -27.2393 4.83684 2.4
      vertex -29.0249 -7.71714 2.4
      vertex -28.7524 -8.125 2.4
    endloop
  endfacet
  facet normal 0 0 1
    outer loop
      vertex -27.2393 4.83684 2.4
      vertex -29.3483 -7.34835 2.4
      vertex -29.0249 -7.71714 2.4
    endloop
  endfacet
  facet normal 0 0 1
    outer loop
      vertex -27.2393 4.83684 2.4
      vertex -29.7171 -7.02493 2.4
      vertex -29.3483 -7.34835 2.4
    endloop
  endfacet
  facet normal 0 0 1
    outer loop
      vertex -34.2829 -7.02493 2.4
      vertex -27.2393 5.16316 2.4
      vertex -27.2074 5.32352 2.4
    endloop
  endfacet
  facet normal 0 0 1
    outer loop
      vertex -27.2393 4.83684 2.4
      vertex -30.125 -6.75241 2.4
      vertex -29.7171 -7.02493 2.4
    endloop
  endfacet
  facet normal 0 0 1
    outer loop
      vertex -27.2393 4.83684 2.4
      vertex -30.5649 -6.53545 2.4
      vertex -30.125 -6.75241 2.4
    endloop
  endfacet
  facet normal 0 0 1
    outer loop
      vertex -27.2393 4.83684 2.4
      vertex -31.0294 -6.37778 2.4
      vertex -30.5649 -6.53545 2.4
    endloop
  endfacet
  facet normal 0 0 1
    outer loop
      vertex -27.2393 4.83684 2.4
      vertex -31.5105 -6.28208 2.4
      vertex -31.0294 -6.37778 2.4
    endloop
  endfacet
  facet normal 0 0 1
    outer loop
      vertex -34.6516 -7.34835 2.4
      vertex -27.2074 5.32352 2.4
      vertex -27.1549 5.47835 2.4
    endloop
  endfacet
  facet normal 0 0 1
    outer loop
      vertex -27.2393 4.83684 2.4
      vertex -32 -6.25 2.4
      vertex -31.5105 -6.28208 2.4
    endloop
  endfacet
  facet normal 0 0 1
    outer loop
      vertex -27.2393 4.83684 2.4
      vertex -32.4895 -6.28208 2.4
      vertex -32 -6.25 2.4
    endloop
  endfacet
  facet normal 0 0 1
    outer loop
      vertex -27.2393 4.83684 2.4
      vertex -32.9706 -6.37778 2.4
      vertex -32.4895 -6.28208 2.4
    endloop
  endfacet
  facet normal 0 0 1
    outer loop
      vertex -27.2393 4.83684 2.4
      vertex -33.4351 -6.53545 2.4
      vertex -32.9706 -6.37778 2.4
    endloop
  endfacet
  facet normal -0 0 1
    outer loop
      vertex -39.4285 71.4131 2.4
      vertex -26 6.25 2.4
      vertex -39.1 71.5751 2.4
    endloop
  endfacet
  facet normal 0 0 1
    outer loop
      vertex -27.2393 4.83684 2.4
      vertex -33.875 -6.75241 2.4
      vertex -33.4351 -6.53545 2.4
    endloop
  endfacet
  facet normal 0 0 1
    outer loop
      vertex -27.2393 5.16316 2.4
      vertex -34.2829 -7.02493 2.4
      vertex -33.875 -6.75241 2.4
    endloop
  endfacet
  facet normal 0 0 1
    outer loop
      vertex -27.2074 5.32352 2.4
      vertex -34.6516 -7.34835 2.4
      vertex -34.2829 -7.02493 2.4
    endloop
  endfacet
  facet normal 0 0 1
    outer loop
      vertex -27.1549 5.47835 2.4
      vertex -34.9751 -7.71714 2.4
      vertex -34.6516 -7.34835 2.4
    endloop
  endfacet
  facet normal 0 0 1
    outer loop
      vertex -26 6.25 2.4
      vertex -39.4285 71.4131 2.4
      vertex -26.1632 6.23931 2.4
    endloop
  endfacet
  facet normal 0 0 1
    outer loop
      vertex -35.6222 -10.9706 2.4
      vertex -35.8978 -31.7235 2.4
      vertex -35.7716 -31.3519 2.4
    endloop
  endfacet
  facet normal 0 0 1
    outer loop
      vertex -35.7179 -10.4895 2.4
      vertex -35.9743 -32.1084 2.4
      vertex -35.8978 -31.7235 2.4
    endloop
  endfacet
  facet normal 0 0 1
    outer loop
      vertex -35.75 -10 2.4
      vertex -36 -32.5 2.4
      vertex -35.9743 -32.1084 2.4
    endloop
  endfacet
  facet normal 0 0 1
    outer loop
      vertex -36 -32.5 2.4
      vertex -36.1 -44.6608 2.4
      vertex -36 -44.7276 2.4
    endloop
  endfacet
  facet normal 0 0 1
    outer loop
      vertex -36 -32.5 2.4
      vertex -36.2408 -44.5914 2.4
      vertex -36.1 -44.6608 2.4
    endloop
  endfacet
  facet normal 0 0 1
    outer loop
      vertex -36.7 -44.5 2.4
      vertex -36 -32.5 2.4
      vertex -35.75 -10 2.4
    endloop
  endfacet
  facet normal 0 0 1
    outer loop
      vertex -36 -32.5 2.4
      vertex -36.3894 -44.5409 2.4
      vertex -36.2408 -44.5914 2.4
    endloop
  endfacet
  facet normal 0 0 1
    outer loop
      vertex -36 -32.5 2.4
      vertex -36.5434 -44.5103 2.4
      vertex -36.3894 -44.5409 2.4
    endloop
  endfacet
  facet normal 0 0 1
    outer loop
      vertex -36 -32.5 2.4
      vertex -36.7 -44.5 2.4
      vertex -36.5434 -44.5103 2.4
    endloop
  endfacet
  facet normal 0 0 1
    outer loop
      vertex -26.4784 6.15485 2.4
      vertex -40.5 71.2 2.4
      vertex -26.625 6.08253 2.4
    endloop
  endfacet
  facet normal -0 0 1
    outer loop
      vertex -40.5 71.2 2.4
      vertex -26.4784 6.15485 2.4
      vertex -40.1345 71.224 2.4
    endloop
  endfacet
  facet normal 0 0 1
    outer loop
      vertex -26.3235 6.20741 2.4
      vertex -40.1345 71.224 2.4
      vertex -26.4784 6.15485 2.4
    endloop
  endfacet
  facet normal -0 0 1
    outer loop
      vertex -40.1345 71.224 2.4
      vertex -26.3235 6.20741 2.4
      vertex -39.7753 71.2954 2.4
    endloop
  endfacet
  facet normal 0 0 1
    outer loop
      vertex -26.1632 6.23931 2.4
      vertex -39.7753 71.2954 2.4
      vertex -26.3235 6.20741 2.4
    endloop
  endfacet
  facet normal -0 0 1
    outer loop
      vertex -39.7753 71.2954 2.4
      vertex -26.1632 6.23931 2.4
      vertex -39.4285 71.4131 2.4
    endloop
  endfacet
  facet normal 0 0 1
    outer loop
      vertex -25.8368 6.23931 2.4
      vertex -39.1 71.5751 2.4
      vertex -26 6.25 2.4
    endloop
  endfacet
  facet normal -0 0 1
    outer loop
      vertex -39.1 71.5751 2.4
      vertex -25.8368 6.23931 2.4
      vertex -38.7955 71.7786 2.4
    endloop
  endfacet
  facet normal 0 0 1
    outer loop
      vertex -25.6765 6.20741 2.4
      vertex -38.7955 71.7786 2.4
      vertex -25.8368 6.23931 2.4
    endloop
  endfacet
  facet normal 0 0 1
    outer loop
      vertex -38.5201 75.9799 2.4
      vertex 38.5201 75.9799 2.4
      vertex 38.7955 76.2214 2.4
    endloop
  endfacet
  facet normal 0 0 1
    outer loop
      vertex -38.7955 76.2214 2.4
      vertex 38.7955 76.2214 2.4
      vertex 39.1 76.4249 2.4
    endloop
  endfacet
  facet normal 0 0 1
    outer loop
      vertex -39.1 76.4249 2.4
      vertex 39.1 76.4249 2.4
      vertex 39.4285 76.5869 2.4
    endloop
  endfacet
  facet normal 0 0 1
    outer loop
      vertex -39.4285 76.5869 2.4
      vertex 39.4285 76.5869 2.4
      vertex 39.7753 76.7046 2.4
    endloop
  endfacet
  facet normal 0 0 1
    outer loop
      vertex -39.7753 76.7046 2.4
      vertex 39.7753 76.7046 2.4
      vertex 43.1 77.6 2.4
    endloop
  endfacet
  facet normal 0 0 1
    outer loop
      vertex 37.724 74.3655 2.4
      vertex -37.724 74.3655 2.4
      vertex -37.7 74 2.4
    endloop
  endfacet
  facet normal 0 0 1
    outer loop
      vertex 37.7954 74.7247 2.4
      vertex -37.7954 74.7247 2.4
      vertex -37.724 74.3655 2.4
    endloop
  endfacet
  facet normal 0 0 1
    outer loop
      vertex 37.9131 75.0715 2.4
      vertex -37.9131 75.0715 2.4
      vertex -37.7954 74.7247 2.4
    endloop
  endfacet
  facet normal 0 0 1
    outer loop
      vertex 38.0751 75.4 2.4
      vertex -38.0751 75.4 2.4
      vertex -37.9131 75.0715 2.4
    endloop
  endfacet
  facet normal 0 0 1
    outer loop
      vertex 38.2786 75.7045 2.4
      vertex -38.2786 75.7045 2.4
      vertex -38.0751 75.4 2.4
    endloop
  endfacet
  facet normal 0 0 1
    outer loop
      vertex 38.5201 75.9799 2.4
      vertex -38.5201 75.9799 2.4
      vertex -38.2786 75.7045 2.4
    endloop
  endfacet
  facet normal 0 0 1
    outer loop
      vertex 38.7955 76.2214 2.4
      vertex -38.7955 76.2214 2.4
      vertex -38.5201 75.9799 2.4
    endloop
  endfacet
  facet normal 0 0 1
    outer loop
      vertex 39.1 76.4249 2.4
      vertex -39.1 76.4249 2.4
      vertex -38.7955 76.2214 2.4
    endloop
  endfacet
  facet normal 0 0 1
    outer loop
      vertex 39.4285 76.5869 2.4
      vertex -39.4285 76.5869 2.4
      vertex -39.1 76.4249 2.4
    endloop
  endfacet
  facet normal 0 0 1
    outer loop
      vertex 39.7753 76.7046 2.4
      vertex -39.7753 76.7046 2.4
      vertex -39.4285 76.5869 2.4
    endloop
  endfacet
  facet normal -0 0 1
    outer loop
      vertex -43.1 77.6 2.4
      vertex -39.7753 76.7046 2.4
      vertex 43.1 77.6 2.4
    endloop
  endfacet
  facet normal 0 0 1
    outer loop
      vertex -39.7753 76.7046 2.4
      vertex -43.1 77.6 2.4
      vertex -40.1345 76.776 2.4
    endloop
  endfacet
  facet normal 0 0 1
    outer loop
      vertex -40.1345 76.776 2.4
      vertex -43.1 77.6 2.4
      vertex -40.5 76.8 2.4
    endloop
  endfacet
  facet normal 0 0 1
    outer loop
      vertex -43.1 77.6 2.4
      vertex -40.8655 76.776 2.4
      vertex -40.5 76.8 2.4
    endloop
  endfacet
  facet normal 0 0 1
    outer loop
      vertex -43.1 77.6 2.4
      vertex -41.2247 76.7046 2.4
      vertex -40.8655 76.776 2.4
    endloop
  endfacet
  facet normal 0 0 1
    outer loop
      vertex -43.1 77.6 2.4
      vertex -41.5715 76.5869 2.4
      vertex -41.2247 76.7046 2.4
    endloop
  endfacet
  facet normal 0 0 1
    outer loop
      vertex -43.1 77.6 2.4
      vertex -41.9 76.4249 2.4
      vertex -41.5715 76.5869 2.4
    endloop
  endfacet
  facet normal 0 0 1
    outer loop
      vertex -43.1 77.6 2.4
      vertex -42.2045 76.2214 2.4
      vertex -41.9 76.4249 2.4
    endloop
  endfacet
  facet normal 0 0 1
    outer loop
      vertex -43.1 77.6 2.4
      vertex -42.4799 75.9799 2.4
      vertex -42.2045 76.2214 2.4
    endloop
  endfacet
  facet normal -0 0 1
    outer loop
      vertex -43.2305 77.5914 2.4
      vertex -42.4799 75.9799 2.4
      vertex -43.1 77.6 2.4
    endloop
  endfacet
  facet normal -0 0 1
    outer loop
      vertex -43.3588 77.5659 2.4
      vertex -42.4799 75.9799 2.4
      vertex -43.2305 77.5914 2.4
    endloop
  endfacet
  facet normal 0 0 1
    outer loop
      vertex -42.7214 75.7045 2.4
      vertex -44.1 76.6 2.4
      vertex -42.9249 75.4 2.4
    endloop
  endfacet
  facet normal 0 0 1
    outer loop
      vertex -42.9249 75.4 2.4
      vertex -44.1 76.6 2.4
      vertex -43.0869 75.0715 2.4
    endloop
  endfacet
  facet normal -0 0 1
    outer loop
      vertex -43.4827 77.5239 2.4
      vertex -42.4799 75.9799 2.4
      vertex -43.3588 77.5659 2.4
    endloop
  endfacet
  facet normal 0 0 1
    outer loop
      vertex -43.0869 75.0715 2.4
      vertex -44.1 76.6 2.4
      vertex -43.2046 74.7247 2.4
    endloop
  endfacet
  facet normal 0 0 1
    outer loop
      vertex -43.2046 74.7247 2.4
      vertex -44.1 76.6 2.4
      vertex -43.276 74.3655 2.4
    endloop
  endfacet
  facet normal 0 0 1
    outer loop
      vertex -43.276 74.3655 2.4
      vertex -44.1 76.6 2.4
      vertex -43.3 74 2.4
    endloop
  endfacet
  facet normal -0 0 1
    outer loop
      vertex -43.6 77.466 2.4
      vertex -42.4799 75.9799 2.4
      vertex -43.4827 77.5239 2.4
    endloop
  endfacet
  facet normal 0 0 1
    outer loop
      vertex 44.0239 -76.9827 2.4
      vertex 42.4799 -75.9799 2.4
      vertex 43.966 -77.1 2.4
    endloop
  endfacet
  facet normal 0 0 1
    outer loop
      vertex 43.966 -77.1 2.4
      vertex 42.4799 -75.9799 2.4
      vertex 43.8933 -77.2088 2.4
    endloop
  endfacet
  facet normal 0 0 1
    outer loop
      vertex 43.8933 -77.2088 2.4
      vertex 42.4799 -75.9799 2.4
      vertex 43.8071 -77.3071 2.4
    endloop
  endfacet
  facet normal 0 0 1
    outer loop
      vertex 43.8071 -77.3071 2.4
      vertex 42.4799 -75.9799 2.4
      vertex 43.7088 -77.3933 2.4
    endloop
  endfacet
  facet normal 0 0 1
    outer loop
      vertex 43.7088 -77.3933 2.4
      vertex 42.4799 -75.9799 2.4
      vertex 43.6 -77.466 2.4
    endloop
  endfacet
  facet normal 0 0 1
    outer loop
      vertex 43.6 -77.466 2.4
      vertex 42.4799 -75.9799 2.4
      vertex 43.4827 -77.5239 2.4
    endloop
  endfacet
  facet normal 0 0 1
    outer loop
      vertex 43.4827 -77.5239 2.4
      vertex 42.4799 -75.9799 2.4
      vertex 43.3588 -77.5659 2.4
    endloop
  endfacet
  facet normal 0 0 1
    outer loop
      vertex 43.3588 -77.5659 2.4
      vertex 42.4799 -75.9799 2.4
      vertex 43.2305 -77.5914 2.4
    endloop
  endfacet
  facet normal 0 0 1
    outer loop
      vertex 43.2305 -77.5914 2.4
      vertex 42.4799 -75.9799 2.4
      vertex 43.1 -77.6 2.4
    endloop
  endfacet
  facet normal -0 0 1
    outer loop
      vertex 42.2045 -76.2214 2.4
      vertex 43.1 -77.6 2.4
      vertex 42.4799 -75.9799 2.4
    endloop
  endfacet
  facet normal -0 0 1
    outer loop
      vertex 41.9 -76.4249 2.4
      vertex 43.1 -77.6 2.4
      vertex 42.2045 -76.2214 2.4
    endloop
  endfacet
  facet normal -0 0 1
    outer loop
      vertex 41.5715 -76.5869 2.4
      vertex 43.1 -77.6 2.4
      vertex 41.9 -76.4249 2.4
    endloop
  endfacet
  facet normal -0 0 1
    outer loop
      vertex 41.2247 -76.7046 2.4
      vertex 43.1 -77.6 2.4
      vertex 41.5715 -76.5869 2.4
    endloop
  endfacet
  facet normal -0 0 1
    outer loop
      vertex 40.8655 -76.776 2.4
      vertex 43.1 -77.6 2.4
      vertex 41.2247 -76.7046 2.4
    endloop
  endfacet
  facet normal -0 0 1
    outer loop
      vertex 40.5 -76.8 2.4
      vertex 43.1 -77.6 2.4
      vertex 40.8655 -76.776 2.4
    endloop
  endfacet
  facet normal 0 0 1
    outer loop
      vertex 40.1345 -76.776 2.4
      vertex 43.1 -77.6 2.4
      vertex 40.5 -76.8 2.4
    endloop
  endfacet
  facet normal 0 0 1
    outer loop
      vertex 39.7753 -76.7046 2.4
      vertex 43.1 -77.6 2.4
      vertex 40.1345 -76.776 2.4
    endloop
  endfacet
  facet normal -0 0 1
    outer loop
      vertex 35.5981 -71 2.4
      vertex 38.2786 -72.2955 2.4
      vertex 35.7716 -70.6481 2.4
    endloop
  endfacet
  facet normal 0 0 1
    outer loop
      vertex 38.2786 -72.2955 2.4
      vertex 35.5981 -71 2.4
      vertex 38.0751 -72.6 2.4
    endloop
  endfacet
  facet normal 0 0 1
    outer loop
      vertex 36 -69.5 2.4
      vertex 36.5434 -57.4897 2.4
      vertex 36.3894 -57.4591 2.4
    endloop
  endfacet
  facet normal 0 0 1
    outer loop
      vertex 36 -69.5 2.4
      vertex 36.3894 -57.4591 2.4
      vertex 36.2408 -57.4086 2.4
    endloop
  endfacet
  facet normal 0 0 1
    outer loop
      vertex 36 -69.5 2.4
      vertex 36.2408 -57.4086 2.4
      vertex 36.1 -57.3392 2.4
    endloop
  endfacet
  facet normal 0 0 1
    outer loop
      vertex 36 -69.5 2.4
      vertex 36.1 -57.3392 2.4
      vertex 36 -57.2724 2.4
    endloop
  endfacet
  facet normal -0 0 1
    outer loop
      vertex 35.3801 -71.3263 2.4
      vertex 38.0751 -72.6 2.4
      vertex 35.5981 -71 2.4
    endloop
  endfacet
  facet normal 0 0 1
    outer loop
      vertex 38.0751 -72.6 2.4
      vertex 35.3801 -71.3263 2.4
      vertex 37.9131 -72.9285 2.4
    endloop
  endfacet
  facet normal -0 0 1
    outer loop
      vertex 35.1213 -71.6213 2.4
      vertex 37.9131 -72.9285 2.4
      vertex 35.3801 -71.3263 2.4
    endloop
  endfacet
  facet normal 0 0 1
    outer loop
      vertex 37.9131 -72.9285 2.4
      vertex 35.1213 -71.6213 2.4
      vertex 37.7954 -73.2753 2.4
    endloop
  endfacet
  facet normal -0 0 1
    outer loop
      vertex 34.8263 -71.8801 2.4
      vertex 37.7954 -73.2753 2.4
      vertex 35.1213 -71.6213 2.4
    endloop
  endfacet
  facet normal 0 0 1
    outer loop
      vertex 37.7954 -73.2753 2.4
      vertex 34.8263 -71.8801 2.4
      vertex 37.724 -73.6345 2.4
    endloop
  endfacet
  facet normal -0 0 1
    outer loop
      vertex 34.5 -72.0981 2.4
      vertex 37.724 -73.6345 2.4
      vertex 34.8263 -71.8801 2.4
    endloop
  endfacet
  facet normal 0 0 1
    outer loop
      vertex 37.724 -73.6345 2.4
      vertex 34.5 -72.0981 2.4
      vertex 37.7 -74 2.4
    endloop
  endfacet
  facet normal -0 0 1
    outer loop
      vertex 34.1481 -72.2716 2.4
      vertex 37.7 -74 2.4
      vertex 34.5 -72.0981 2.4
    endloop
  endfacet
  facet normal 0 0 1
    outer loop
      vertex 37.7 -74 2.4
      vertex 34.1481 -72.2716 2.4
      vertex 37.724 -74.3655 2.4
    endloop
  endfacet
  facet normal 0 0 1
    outer loop
      vertex 37.724 -74.3655 2.4
      vertex 34.1481 -72.2716 2.4
      vertex 37.7954 -74.7247 2.4
    endloop
  endfacet
  facet normal -0 0 1
    outer loop
      vertex 33.7765 -72.3978 2.4
      vertex 37.7954 -74.7247 2.4
      vertex 34.1481 -72.2716 2.4
    endloop
  endfacet
  facet normal 0 0 1
    outer loop
      vertex 37.7954 -74.7247 2.4
      vertex 33.7765 -72.3978 2.4
      vertex 37.9131 -75.0715 2.4
    endloop
  endfacet
  facet normal -0 0 1
    outer loop
      vertex 33.3916 -72.4743 2.4
      vertex 37.9131 -75.0715 2.4
      vertex 33.7765 -72.3978 2.4
    endloop
  endfacet
  facet normal 0 0 1
    outer loop
      vertex 37.9131 -75.0715 2.4
      vertex 33.3916 -72.4743 2.4
      vertex 38.0751 -75.4 2.4
    endloop
  endfacet
  facet normal -0 0 1
    outer loop
      vertex 33 -72.5 2.4
      vertex 38.0751 -75.4 2.4
      vertex 33.3916 -72.4743 2.4
    endloop
  endfacet
  facet normal 0 0 1
    outer loop
      vertex 38.0751 -75.4 2.4
      vertex 33 -72.5 2.4
      vertex 38.2786 -75.7045 2.4
    endloop
  endfacet
  facet normal 0 0 1
    outer loop
      vertex 38.2786 -75.7045 2.4
      vertex 33 -72.5 2.4
      vertex 38.5201 -75.9799 2.4
    endloop
  endfacet
  facet normal 0 0 1
    outer loop
      vertex 38.5201 -75.9799 2.4
      vertex 33 -72.5 2.4
      vertex 38.7955 -76.2214 2.4
    endloop
  endfacet
  facet normal -0 0 1
    outer loop
      vertex -33 -72.5 2.4
      vertex 38.7955 -76.2214 2.4
      vertex 33 -72.5 2.4
    endloop
  endfacet
  facet normal 0 0 1
    outer loop
      vertex -38.7955 -76.2214 2.4
      vertex 38.7955 -76.2214 2.4
      vertex -33 -72.5 2.4
    endloop
  endfacet
  facet normal 0 0 1
    outer loop
      vertex 38.7955 -76.2214 2.4
      vertex -38.7955 -76.2214 2.4
      vertex 39.1 -76.4249 2.4
    endloop
  endfacet
  facet normal 0 0 1
    outer loop
      vertex -39.1 -76.4249 2.4
      vertex 39.1 -76.4249 2.4
      vertex -38.7955 -76.2214 2.4
    endloop
  endfacet
  facet normal 0 0 1
    outer loop
      vertex 39.1 -76.4249 2.4
      vertex -39.1 -76.4249 2.4
      vertex 39.4285 -76.5869 2.4
    endloop
  endfacet
  facet normal 0 0 1
    outer loop
      vertex -38.0751 -75.4 2.4
      vertex -33 -72.5 2.4
      vertex -33.3916 -72.4743 2.4
    endloop
  endfacet
  facet normal -0 0 1
    outer loop
      vertex -36.2408 -57.4086 2.4
      vertex -36 -69.5 2.4
      vertex -36.1 -57.3392 2.4
    endloop
  endfacet
  facet normal -0 0 1
    outer loop
      vertex -36.3894 -57.4591 2.4
      vertex -36 -69.5 2.4
      vertex -36.2408 -57.4086 2.4
    endloop
  endfacet
  facet normal -0 0 1
    outer loop
      vertex -36.5434 -57.4897 2.4
      vertex -36 -69.5 2.4
      vertex -36.3894 -57.4591 2.4
    endloop
  endfacet
  facet normal -0 0 1
    outer loop
      vertex -36.7 -57.5 2.4
      vertex -36 -69.5 2.4
      vertex -36.5434 -57.4897 2.4
    endloop
  endfacet
  facet normal -0 0 1
    outer loop
      vertex -40.3 -57.5 2.4
      vertex -36 -69.5 2.4
      vertex -36.7 -57.5 2.4
    endloop
  endfacet
  facet normal 0 0 1
    outer loop
      vertex -37.724 -73.6345 2.4
      vertex -35.9743 -69.8916 2.4
      vertex -36 -69.5 2.4
    endloop
  endfacet
  facet normal 0 0 1
    outer loop
      vertex -37.724 -73.6345 2.4
      vertex -35.8978 -70.2765 2.4
      vertex -35.9743 -69.8916 2.4
    endloop
  endfacet
  facet normal 0 0 1
    outer loop
      vertex -37.724 -73.6345 2.4
      vertex -35.7716 -70.6481 2.4
      vertex -35.8978 -70.2765 2.4
    endloop
  endfacet
  facet normal 0 0 1
    outer loop
      vertex -37.724 -73.6345 2.4
      vertex -35.5981 -71 2.4
      vertex -35.7716 -70.6481 2.4
    endloop
  endfacet
  facet normal 0 0 1
    outer loop
      vertex -37.724 -73.6345 2.4
      vertex -35.3801 -71.3263 2.4
      vertex -35.5981 -71 2.4
    endloop
  endfacet
  facet normal 0 0 1
    outer loop
      vertex -37.724 -73.6345 2.4
      vertex -35.1213 -71.6213 2.4
      vertex -35.3801 -71.3263 2.4
    endloop
  endfacet
  facet normal 0 0 1
    outer loop
      vertex -37.724 -73.6345 2.4
      vertex -34.8263 -71.8801 2.4
      vertex -35.1213 -71.6213 2.4
    endloop
  endfacet
  facet normal 0 0 1
    outer loop
      vertex -37.724 -73.6345 2.4
      vertex -34.5 -72.0981 2.4
      vertex -34.8263 -71.8801 2.4
    endloop
  endfacet
  facet normal 0 0 1
    outer loop
      vertex -37.7 -74 2.4
      vertex -34.1481 -72.2716 2.4
      vertex -34.5 -72.0981 2.4
    endloop
  endfacet
  facet normal 0 0 1
    outer loop
      vertex -37.724 -74.3655 2.4
      vertex -34.1481 -72.2716 2.4
      vertex -37.7 -74 2.4
    endloop
  endfacet
  facet normal 0 0 1
    outer loop
      vertex -34.1481 -72.2716 2.4
      vertex -37.724 -74.3655 2.4
      vertex -33.7765 -72.3978 2.4
    endloop
  endfacet
  facet normal 0 0 1
    outer loop
      vertex -37.7954 -74.7247 2.4
      vertex -33.7765 -72.3978 2.4
      vertex -37.724 -74.3655 2.4
    endloop
  endfacet
  facet normal 0 0 1
    outer loop
      vertex -33.7765 -72.3978 2.4
      vertex -37.7954 -74.7247 2.4
      vertex -33.3916 -72.4743 2.4
    endloop
  endfacet
  facet normal 0 0 1
    outer loop
      vertex -37.9131 -75.0715 2.4
      vertex -33.3916 -72.4743 2.4
      vertex -37.7954 -74.7247 2.4
    endloop
  endfacet
  facet normal 0 0 1
    outer loop
      vertex -38.0751 -75.4 2.4
      vertex -33.3916 -72.4743 2.4
      vertex -37.9131 -75.0715 2.4
    endloop
  endfacet
  facet normal 0 0 1
    outer loop
      vertex -33 -72.5 2.4
      vertex -38.0751 -75.4 2.4
      vertex -38.2786 -75.7045 2.4
    endloop
  endfacet
  facet normal 0 0 1
    outer loop
      vertex -33 -72.5 2.4
      vertex -38.2786 -75.7045 2.4
      vertex -38.5201 -75.9799 2.4
    endloop
  endfacet
  facet normal 0 0 1
    outer loop
      vertex -33 -72.5 2.4
      vertex -38.5201 -75.9799 2.4
      vertex -38.7955 -76.2214 2.4
    endloop
  endfacet
  facet normal 0 0 1
    outer loop
      vertex -39.4285 -76.5869 2.4
      vertex 39.4285 -76.5869 2.4
      vertex -39.1 -76.4249 2.4
    endloop
  endfacet
  facet normal 0 0 1
    outer loop
      vertex 39.4285 -76.5869 2.4
      vertex -39.4285 -76.5869 2.4
      vertex 39.7753 -76.7046 2.4
    endloop
  endfacet
  facet normal 0 0 1
    outer loop
      vertex -39.7753 -76.7046 2.4
      vertex 39.7753 -76.7046 2.4
      vertex -39.4285 -76.5869 2.4
    endloop
  endfacet
  facet normal 0 0 1
    outer loop
      vertex 39.7753 -76.7046 2.4
      vertex -39.7753 -76.7046 2.4
      vertex 43.1 -77.6 2.4
    endloop
  endfacet
  facet normal 0 0 1
    outer loop
      vertex -43.1 -77.6 2.4
      vertex -39.7753 -76.7046 2.4
      vertex -40.1345 -76.776 2.4
    endloop
  endfacet
  facet normal 0 0 1
    outer loop
      vertex -43.1 -77.6 2.4
      vertex -40.1345 -76.776 2.4
      vertex -40.5 -76.8 2.4
    endloop
  endfacet
  facet normal 0 0 1
    outer loop
      vertex -39.7753 -76.7046 2.4
      vertex -43.1 -77.6 2.4
      vertex 43.1 -77.6 2.4
    endloop
  endfacet
  facet normal 0 0 1
    outer loop
      vertex -40.8655 -76.776 2.4
      vertex -43.1 -77.6 2.4
      vertex -40.5 -76.8 2.4
    endloop
  endfacet
  facet normal 0 0 1
    outer loop
      vertex -41.2247 -76.7046 2.4
      vertex -43.1 -77.6 2.4
      vertex -40.8655 -76.776 2.4
    endloop
  endfacet
  facet normal 0 0 1
    outer loop
      vertex -41.5715 -76.5869 2.4
      vertex -43.1 -77.6 2.4
      vertex -41.2247 -76.7046 2.4
    endloop
  endfacet
  facet normal 0 0 1
    outer loop
      vertex -41.9 -76.4249 2.4
      vertex -43.1 -77.6 2.4
      vertex -41.5715 -76.5869 2.4
    endloop
  endfacet
  facet normal 0 0 1
    outer loop
      vertex -42.2045 -76.2214 2.4
      vertex -43.1 -77.6 2.4
      vertex -41.9 -76.4249 2.4
    endloop
  endfacet
  facet normal 0 0 1
    outer loop
      vertex -42.4799 -75.9799 2.4
      vertex -43.1 -77.6 2.4
      vertex -42.2045 -76.2214 2.4
    endloop
  endfacet
  facet normal 0 0 1
    outer loop
      vertex -44.1 -76.6 2.4
      vertex -42.4799 -75.9799 2.4
      vertex -42.7214 -75.7045 2.4
    endloop
  endfacet
  facet normal 0 0 1
    outer loop
      vertex -44.1 -76.6 2.4
      vertex -42.7214 -75.7045 2.4
      vertex -42.9249 -75.4 2.4
    endloop
  endfacet
  facet normal 0 0 1
    outer loop
      vertex -44.1 -76.6 2.4
      vertex -42.9249 -75.4 2.4
      vertex -43.0869 -75.0715 2.4
    endloop
  endfacet
  facet normal 0 0 1
    outer loop
      vertex -44.1 -76.6 2.4
      vertex -43.0869 -75.0715 2.4
      vertex -43.2046 -74.7247 2.4
    endloop
  endfacet
  facet normal 0 -0 1
    outer loop
      vertex -44.0659 -76.8588 2.4
      vertex -42.4799 -75.9799 2.4
      vertex -44.1 -76.6 2.4
    endloop
  endfacet
  facet normal 0 0 1
    outer loop
      vertex -44.1 -76.6 2.4
      vertex -43.2046 -74.7247 2.4
      vertex -43.276 -74.3655 2.4
    endloop
  endfacet
  facet normal 0 0 1
    outer loop
      vertex -44.1 -76.6 2.4
      vertex -43.276 -74.3655 2.4
      vertex -43.3 -74 2.4
    endloop
  endfacet
  facet normal 0 0 1
    outer loop
      vertex -42.4799 -75.9799 2.4
      vertex -43.2305 -77.5914 2.4
      vertex -43.1 -77.6 2.4
    endloop
  endfacet
  facet normal 0 0 1
    outer loop
      vertex -43.2046 -73.2753 2.4
      vertex -44.1 -76.6 2.4
      vertex -43.276 -73.6345 2.4
    endloop
  endfacet
  facet normal 0 0 1
    outer loop
      vertex -42.4799 75.9799 2.4
      vertex -44.1 76.6 2.4
      vertex -42.7214 75.7045 2.4
    endloop
  endfacet
  facet normal 0 0 1
    outer loop
      vertex -43.276 -73.6345 2.4
      vertex -44.1 -76.6 2.4
      vertex -43.3 -74 2.4
    endloop
  endfacet
  facet normal -0 0 1
    outer loop
      vertex -43.7088 77.3933 2.4
      vertex -42.4799 75.9799 2.4
      vertex -43.6 77.466 2.4
    endloop
  endfacet
  facet normal 0 0 1
    outer loop
      vertex -42.4799 -75.9799 2.4
      vertex -43.3588 -77.5659 2.4
      vertex -43.2305 -77.5914 2.4
    endloop
  endfacet
  facet normal -0 0 1
    outer loop
      vertex -43.8071 77.3071 2.4
      vertex -42.4799 75.9799 2.4
      vertex -43.7088 77.3933 2.4
    endloop
  endfacet
  facet normal 0 0 1
    outer loop
      vertex -42.4799 -75.9799 2.4
      vertex -43.4827 -77.5239 2.4
      vertex -43.3588 -77.5659 2.4
    endloop
  endfacet
  facet normal -0 0 1
    outer loop
      vertex -43.8933 77.2088 2.4
      vertex -42.4799 75.9799 2.4
      vertex -43.8071 77.3071 2.4
    endloop
  endfacet
  facet normal 0 0 1
    outer loop
      vertex -42.4799 -75.9799 2.4
      vertex -43.6 -77.466 2.4
      vertex -43.4827 -77.5239 2.4
    endloop
  endfacet
  facet normal -0 0 1
    outer loop
      vertex -43.966 77.1 2.4
      vertex -42.4799 75.9799 2.4
      vertex -43.8933 77.2088 2.4
    endloop
  endfacet
  facet normal 0 0 1
    outer loop
      vertex -42.4799 -75.9799 2.4
      vertex -43.7088 -77.3933 2.4
      vertex -43.6 -77.466 2.4
    endloop
  endfacet
  facet normal -0 0 1
    outer loop
      vertex -44.0239 76.9827 2.4
      vertex -42.4799 75.9799 2.4
      vertex -43.966 77.1 2.4
    endloop
  endfacet
  facet normal 0 0 1
    outer loop
      vertex -42.4799 -75.9799 2.4
      vertex -43.8071 -77.3071 2.4
      vertex -43.7088 -77.3933 2.4
    endloop
  endfacet
  facet normal -0 0 1
    outer loop
      vertex -44.0659 76.8588 2.4
      vertex -42.4799 75.9799 2.4
      vertex -44.0239 76.9827 2.4
    endloop
  endfacet
  facet normal 0 0 1
    outer loop
      vertex -42.4799 -75.9799 2.4
      vertex -43.8933 -77.2088 2.4
      vertex -43.8071 -77.3071 2.4
    endloop
  endfacet
  facet normal 0 0 1
    outer loop
      vertex -42.4799 75.9799 2.4
      vertex -44.0659 76.8588 2.4
      vertex -44.1 76.6 2.4
    endloop
  endfacet
  facet normal 0 0 1
    outer loop
      vertex -42.4799 -75.9799 2.4
      vertex -43.966 -77.1 2.4
      vertex -43.8933 -77.2088 2.4
    endloop
  endfacet
  facet normal 0 0 1
    outer loop
      vertex -44.1 76.6 2.4
      vertex -44.0659 76.8588 2.4
      vertex -44.0914 76.7305 2.4
    endloop
  endfacet
  facet normal 0 0 1
    outer loop
      vertex -42.4799 -75.9799 2.4
      vertex -44.0239 -76.9827 2.4
      vertex -43.966 -77.1 2.4
    endloop
  endfacet
  facet normal 0 0 1
    outer loop
      vertex -42.4799 -75.9799 2.4
      vertex -44.0659 -76.8588 2.4
      vertex -44.0239 -76.9827 2.4
    endloop
  endfacet
  facet normal 0 0 1
    outer loop
      vertex -44.0659 -76.8588 2.4
      vertex -44.1 -76.6 2.4
      vertex -44.0914 -76.7305 2.4
    endloop
  endfacet
  facet normal -0 0 1
    outer loop
      vertex 41.3392 -56.9 2.4
      vertex 42.7214 -72.2955 2.4
      vertex 41.4086 -56.7592 2.4
    endloop
  endfacet
  facet normal 0 0 1
    outer loop
      vertex 42.7214 -72.2955 2.4
      vertex 41.3392 -56.9 2.4
      vertex 42.4799 -72.0201 2.4
    endloop
  endfacet
  facet normal -0 0 1
    outer loop
      vertex 41.252 -57.0305 2.4
      vertex 42.4799 -72.0201 2.4
      vertex 41.3392 -56.9 2.4
    endloop
  endfacet
  facet normal 0 0 1
    outer loop
      vertex 42.4799 -72.0201 2.4
      vertex 41.252 -57.0305 2.4
      vertex 42.2045 -71.7786 2.4
    endloop
  endfacet
  facet normal -0 0 1
    outer loop
      vertex 41.1485 -57.1485 2.4
      vertex 42.2045 -71.7786 2.4
      vertex 41.252 -57.0305 2.4
    endloop
  endfacet
  facet normal 0 0 1
    outer loop
      vertex 42.2045 -71.7786 2.4
      vertex 41.1485 -57.1485 2.4
      vertex 41.9 -71.5751 2.4
    endloop
  endfacet
  facet normal -0 0 1
    outer loop
      vertex 41.0305 -57.252 2.4
      vertex 41.9 -71.5751 2.4
      vertex 41.1485 -57.1485 2.4
    endloop
  endfacet
  facet normal -0 0 1
    outer loop
      vertex 40.9 -57.3392 2.4
      vertex 41.9 -71.5751 2.4
      vertex 41.0305 -57.252 2.4
    endloop
  endfacet
  facet normal 0 0 1
    outer loop
      vertex 41.9 -71.5751 2.4
      vertex 40.9 -57.3392 2.4
      vertex 41.5715 -71.4131 2.4
    endloop
  endfacet
  facet normal -0 0 1
    outer loop
      vertex 40.7592 -57.4086 2.4
      vertex 41.5715 -71.4131 2.4
      vertex 40.9 -57.3392 2.4
    endloop
  endfacet
  facet normal 0 0 1
    outer loop
      vertex 41.5715 -71.4131 2.4
      vertex 40.7592 -57.4086 2.4
      vertex 41.2247 -71.2954 2.4
    endloop
  endfacet
  facet normal -0 0 1
    outer loop
      vertex 40.6106 -57.4591 2.4
      vertex 41.2247 -71.2954 2.4
      vertex 40.7592 -57.4086 2.4
    endloop
  endfacet
  facet normal 0 0 1
    outer loop
      vertex 41.2247 -71.2954 2.4
      vertex 40.6106 -57.4591 2.4
      vertex 40.8655 -71.224 2.4
    endloop
  endfacet
  facet normal -0 0 1
    outer loop
      vertex 40.4566 -57.4897 2.4
      vertex 40.8655 -71.224 2.4
      vertex 40.6106 -57.4591 2.4
    endloop
  endfacet
  facet normal 0 0 1
    outer loop
      vertex 40.8655 -71.224 2.4
      vertex 40.4566 -57.4897 2.4
      vertex 40.5 -71.2 2.4
    endloop
  endfacet
  facet normal -0 0 1
    outer loop
      vertex 40.3 -57.5 2.4
      vertex 40.5 -71.2 2.4
      vertex 40.4566 -57.4897 2.4
    endloop
  endfacet
  facet normal -0 0 1
    outer loop
      vertex 36 -69.5 2.4
      vertex 40.5 -71.2 2.4
      vertex 40.3 -57.5 2.4
    endloop
  endfacet
  facet normal 0 0 1
    outer loop
      vertex 40.5 -71.2 2.4
      vertex 36 -69.5 2.4
      vertex 40.1345 -71.224 2.4
    endloop
  endfacet
  facet normal 0 0 1
    outer loop
      vertex 36 -69.5 2.4
      vertex 40.3 -57.5 2.4
      vertex 36.7 -57.5 2.4
    endloop
  endfacet
  facet normal 0 0 1
    outer loop
      vertex 40.1345 -71.224 2.4
      vertex 36 -69.5 2.4
      vertex 39.7753 -71.2954 2.4
    endloop
  endfacet
  facet normal 0 0 1
    outer loop
      vertex 36 -69.5 2.4
      vertex 36.7 -57.5 2.4
      vertex 36.5434 -57.4897 2.4
    endloop
  endfacet
  facet normal 0 0 1
    outer loop
      vertex 39.7753 -71.2954 2.4
      vertex 36 -69.5 2.4
      vertex 39.4285 -71.4131 2.4
    endloop
  endfacet
  facet normal 0 0 1
    outer loop
      vertex 39.4285 -71.4131 2.4
      vertex 36 -69.5 2.4
      vertex 39.1 -71.5751 2.4
    endloop
  endfacet
  facet normal -0 0 1
    outer loop
      vertex 35.9743 -69.8916 2.4
      vertex 39.1 -71.5751 2.4
      vertex 36 -69.5 2.4
    endloop
  endfacet
  facet normal 0 0 1
    outer loop
      vertex 39.1 -71.5751 2.4
      vertex 35.9743 -69.8916 2.4
      vertex 38.7955 -71.7786 2.4
    endloop
  endfacet
  facet normal -0 0 1
    outer loop
      vertex 35.8978 -70.2765 2.4
      vertex 38.7955 -71.7786 2.4
      vertex 35.9743 -69.8916 2.4
    endloop
  endfacet
  facet normal 0 0 1
    outer loop
      vertex 38.7955 -71.7786 2.4
      vertex 35.8978 -70.2765 2.4
      vertex 38.5201 -72.0201 2.4
    endloop
  endfacet
  facet normal 0 0 1
    outer loop
      vertex 38.5201 -72.0201 2.4
      vertex 35.7716 -70.6481 2.4
      vertex 38.2786 -72.2955 2.4
    endloop
  endfacet
  facet normal -0 0 1
    outer loop
      vertex 35.7716 -70.6481 2.4
      vertex 38.5201 -72.0201 2.4
      vertex 35.8978 -70.2765 2.4
    endloop
  endfacet
  facet normal 0.321039 0.947066 -0
    outer loop
      vertex -43.3588 -77.5659 2.4
      vertex -43.4827 -77.5239 36.4
      vertex -43.3588 -77.5659 36.4
    endloop
  endfacet
  facet normal 0.321039 0.947066 0
    outer loop
      vertex -43.4827 -77.5239 36.4
      vertex -43.3588 -77.5659 2.4
      vertex -43.4827 -77.5239 2.4
    endloop
  endfacet
  facet normal 0.19494 0.980815 -0
    outer loop
      vertex -43.2305 -77.5914 2.4
      vertex -43.3588 -77.5659 36.4
      vertex -43.2305 -77.5914 36.4
    endloop
  endfacet
  facet normal 0.19494 0.980815 0
    outer loop
      vertex -43.3588 -77.5659 36.4
      vertex -43.2305 -77.5914 2.4
      vertex -43.3588 -77.5659 2.4
    endloop
  endfacet
  facet normal 0.751866 -0.659316 1.13706e-19
    outer loop
      vertex -43.8933 77.2088 36.4
      vertex -43.8071 77.3071 2.4
      vertex -43.8071 77.3071 36.4
    endloop
  endfacet
  facet normal 0.751866 -0.659316 1.13706e-19
    outer loop
      vertex -43.8071 77.3071 2.4
      vertex -43.8933 77.2088 36.4
      vertex -43.8933 77.2088 2.4
    endloop
  endfacet
  facet normal 0.980815 0.19494 -3.67751e-20
    outer loop
      vertex -44.0659 -76.8588 36.4
      vertex -44.0914 -76.7305 2.4
      vertex -44.0914 -76.7305 36.4
    endloop
  endfacet
  facet normal 0.980815 0.19494 -3.67751e-20
    outer loop
      vertex -44.0914 -76.7305 2.4
      vertex -44.0659 -76.8588 36.4
      vertex -44.0659 -76.8588 2.4
    endloop
  endfacet
  facet normal -0.0657577 -0.997836 0
    outer loop
      vertex 43.1 77.6 2.4
      vertex 43.2305 77.5914 36.4
      vertex 43.1 77.6 36.4
    endloop
  endfacet
  facet normal -0.0657577 -0.997836 -0
    outer loop
      vertex 43.2305 77.5914 36.4
      vertex 43.1 77.6 2.4
      vertex 43.2305 77.5914 2.4
    endloop
  endfacet
  facet normal 0.19494 -0.980815 0
    outer loop
      vertex -43.3588 77.5659 2.4
      vertex -43.2305 77.5914 36.4
      vertex -43.3588 77.5659 36.4
    endloop
  endfacet
  facet normal 0.19494 -0.980815 0
    outer loop
      vertex -43.2305 77.5914 36.4
      vertex -43.3588 77.5659 2.4
      vertex -43.2305 77.5914 2.4
    endloop
  endfacet
  facet normal -0.947066 0.321039 -5.97686e-20
    outer loop
      vertex 44.0239 -76.9827 2.4
      vertex 44.0659 -76.8588 36.4
      vertex 44.0659 -76.8588 2.4
    endloop
  endfacet
  facet normal -0.947066 0.321039 -5.97686e-20
    outer loop
      vertex 44.0659 -76.8588 36.4
      vertex 44.0239 -76.9827 2.4
      vertex 44.0239 -76.9827 36.4
    endloop
  endfacet
  facet normal -0.980815 -0.19494 -3.67751e-20
    outer loop
      vertex 44.0914 76.7305 2.4
      vertex 44.0659 76.8588 36.4
      vertex 44.0659 76.8588 2.4
    endloop
  endfacet
  facet normal -0.980815 -0.19494 -3.67751e-20
    outer loop
      vertex 44.0659 76.8588 36.4
      vertex 44.0914 76.7305 2.4
      vertex 44.0914 76.7305 36.4
    endloop
  endfacet
  facet normal 0.947066 0.321039 5.97686e-20
    outer loop
      vertex -44.0239 -76.9827 36.4
      vertex -44.0659 -76.8588 2.4
      vertex -44.0659 -76.8588 36.4
    endloop
  endfacet
  facet normal 0.947066 0.321039 5.97686e-20
    outer loop
      vertex -44.0659 -76.8588 2.4
      vertex -44.0239 -76.9827 36.4
      vertex -44.0239 -76.9827 2.4
    endloop
  endfacet
  facet normal -0.659316 -0.751866 0
    outer loop
      vertex 43.7088 77.3933 2.4
      vertex 43.8071 77.3071 36.4
      vertex 43.7088 77.3933 36.4
    endloop
  endfacet
  facet normal -0.659316 -0.751866 -0
    outer loop
      vertex 43.8071 77.3071 36.4
      vertex 43.7088 77.3933 2.4
      vertex 43.8071 77.3071 2.4
    endloop
  endfacet
  facet normal -0.442621 -0.896709 0
    outer loop
      vertex 43.4827 77.5239 2.4
      vertex 43.6 77.466 36.4
      vertex 43.4827 77.5239 36.4
    endloop
  endfacet
  facet normal -0.442621 -0.896709 -0
    outer loop
      vertex 43.6 77.466 36.4
      vertex 43.4827 77.5239 2.4
      vertex 43.6 77.466 2.4
    endloop
  endfacet
  facet normal 0.659316 0.751866 -0
    outer loop
      vertex -43.7088 -77.3933 2.4
      vertex -43.8071 -77.3071 36.4
      vertex -43.7088 -77.3933 36.4
    endloop
  endfacet
  facet normal 0.659316 0.751866 0
    outer loop
      vertex -43.8071 -77.3071 36.4
      vertex -43.7088 -77.3933 2.4
      vertex -43.8071 -77.3071 2.4
    endloop
  endfacet
  facet normal 0.555582 0.831462 -0
    outer loop
      vertex -43.6 -77.466 2.4
      vertex -43.7088 -77.3933 36.4
      vertex -43.6 -77.466 36.4
    endloop
  endfacet
  facet normal 0.555582 0.831462 0
    outer loop
      vertex -43.7088 -77.3933 36.4
      vertex -43.6 -77.466 2.4
      vertex -43.7088 -77.3933 2.4
    endloop
  endfacet
  facet normal 0.0657577 0.997836 -0
    outer loop
      vertex -43.1 -77.6 2.4
      vertex -43.2305 -77.5914 36.4
      vertex -43.1 -77.6 36.4
    endloop
  endfacet
  facet normal 0.0657577 0.997836 0
    outer loop
      vertex -43.2305 -77.5914 36.4
      vertex -43.1 -77.6 2.4
      vertex -43.2305 -77.5914 2.4
    endloop
  endfacet
  facet normal -0.831462 -0.555582 -1.31461e-19
    outer loop
      vertex 43.966 77.1 2.4
      vertex 43.8933 77.2088 36.4
      vertex 43.8933 77.2088 2.4
    endloop
  endfacet
  facet normal -0.831462 -0.555582 -1.31461e-19
    outer loop
      vertex 43.8933 77.2088 36.4
      vertex 43.966 77.1 2.4
      vertex 43.966 77.1 36.4
    endloop
  endfacet
  facet normal 0.997836 -0.0657577 -1.53639e-20
    outer loop
      vertex -44.1 76.6 36.4
      vertex -44.0914 76.7305 2.4
      vertex -44.0914 76.7305 36.4
    endloop
  endfacet
  facet normal 0.997836 -0.0657577 -1.53639e-20
    outer loop
      vertex -44.0914 76.7305 2.4
      vertex -44.1 76.6 36.4
      vertex -44.1 76.6 2.4
    endloop
  endfacet
  facet normal -0.896709 -0.442621 8.98428e-20
    outer loop
      vertex 44.0239 76.9827 2.4
      vertex 43.966 77.1 36.4
      vertex 43.966 77.1 2.4
    endloop
  endfacet
  facet normal -0.896709 -0.442621 8.98428e-20
    outer loop
      vertex 43.966 77.1 36.4
      vertex 44.0239 76.9827 2.4
      vertex 44.0239 76.9827 36.4
    endloop
  endfacet
  facet normal -0.947066 -0.321039 5.97686e-20
    outer loop
      vertex 44.0659 76.8588 2.4
      vertex 44.0239 76.9827 36.4
      vertex 44.0239 76.9827 2.4
    endloop
  endfacet
  facet normal -0.947066 -0.321039 5.97686e-20
    outer loop
      vertex 44.0239 76.9827 36.4
      vertex 44.0659 76.8588 2.4
      vertex 44.0659 76.8588 36.4
    endloop
  endfacet
  facet normal 0.997836 0.0657577 1.53639e-20
    outer loop
      vertex -44.0914 -76.7305 36.4
      vertex -44.1 -76.6 2.4
      vertex -44.1 -76.6 36.4
    endloop
  endfacet
  facet normal 0.997836 0.0657577 1.53639e-20
    outer loop
      vertex -44.1 -76.6 2.4
      vertex -44.0914 -76.7305 36.4
      vertex -44.0914 -76.7305 2.4
    endloop
  endfacet
  facet normal -0.751866 -0.659316 -1.13706e-19
    outer loop
      vertex 43.8933 77.2088 2.4
      vertex 43.8071 77.3071 36.4
      vertex 43.8071 77.3071 2.4
    endloop
  endfacet
  facet normal -0.751866 -0.659316 -1.13706e-19
    outer loop
      vertex 43.8071 77.3071 36.4
      vertex 43.8933 77.2088 2.4
      vertex 43.8933 77.2088 36.4
    endloop
  endfacet
  facet normal -0.751866 0.659316 1.13706e-19
    outer loop
      vertex 43.8071 -77.3071 2.4
      vertex 43.8933 -77.2088 36.4
      vertex 43.8933 -77.2088 2.4
    endloop
  endfacet
  facet normal -0.751866 0.659316 1.13706e-19
    outer loop
      vertex 43.8933 -77.2088 36.4
      vertex 43.8071 -77.3071 2.4
      vertex 43.8071 -77.3071 36.4
    endloop
  endfacet
  facet normal -0.19494 -0.980815 0
    outer loop
      vertex 43.2305 77.5914 2.4
      vertex 43.3588 77.5659 36.4
      vertex 43.2305 77.5914 36.4
    endloop
  endfacet
  facet normal -0.19494 -0.980815 -0
    outer loop
      vertex 43.3588 77.5659 36.4
      vertex 43.2305 77.5914 2.4
      vertex 43.3588 77.5659 2.4
    endloop
  endfacet
  facet normal -0.555582 -0.831462 0
    outer loop
      vertex 43.6 77.466 2.4
      vertex 43.7088 77.3933 36.4
      vertex 43.6 77.466 36.4
    endloop
  endfacet
  facet normal -0.555582 -0.831462 -0
    outer loop
      vertex 43.7088 77.3933 36.4
      vertex 43.6 77.466 2.4
      vertex 43.7088 77.3933 2.4
    endloop
  endfacet
  facet normal 0.896709 0.442621 8.98428e-20
    outer loop
      vertex -43.966 -77.1 36.4
      vertex -44.0239 -76.9827 2.4
      vertex -44.0239 -76.9827 36.4
    endloop
  endfacet
  facet normal 0.896709 0.442621 8.98428e-20
    outer loop
      vertex -44.0239 -76.9827 2.4
      vertex -43.966 -77.1 36.4
      vertex -43.966 -77.1 2.4
    endloop
  endfacet
  facet normal -0.997836 0.0657577 -1.53639e-20
    outer loop
      vertex 44.0914 -76.7305 2.4
      vertex 44.1 -76.6 36.4
      vertex 44.1 -76.6 2.4
    endloop
  endfacet
  facet normal -0.997836 0.0657577 -1.53639e-20
    outer loop
      vertex 44.1 -76.6 36.4
      vertex 44.0914 -76.7305 2.4
      vertex 44.0914 -76.7305 36.4
    endloop
  endfacet
  facet normal -0.442621 0.896709 0
    outer loop
      vertex 43.6 -77.466 2.4
      vertex 43.4827 -77.5239 36.4
      vertex 43.6 -77.466 36.4
    endloop
  endfacet
  facet normal -0.442621 0.896709 0
    outer loop
      vertex 43.4827 -77.5239 36.4
      vertex 43.6 -77.466 2.4
      vertex 43.4827 -77.5239 2.4
    endloop
  endfacet
  facet normal -0.555582 0.831462 0
    outer loop
      vertex 43.7088 -77.3933 2.4
      vertex 43.6 -77.466 36.4
      vertex 43.7088 -77.3933 36.4
    endloop
  endfacet
  facet normal -0.555582 0.831462 0
    outer loop
      vertex 43.6 -77.466 36.4
      vertex 43.7088 -77.3933 2.4
      vertex 43.6 -77.466 2.4
    endloop
  endfacet
  facet normal -0.751866 0.659316 4.91731e-19
    outer loop
      vertex -42.7214 75.7045 2.4
      vertex -42.4799 75.9799 17.3
      vertex -42.4799 75.9799 2.4
    endloop
  endfacet
  facet normal -0.751866 0.659316 4.91731e-19
    outer loop
      vertex -42.4799 75.9799 17.3
      vertex -42.7214 75.7045 2.4
      vertex -42.7214 75.7045 17.3
    endloop
  endfacet
  facet normal 0.980811 0.194961 1.10985e-19
    outer loop
      vertex -37.724 74.3655 17.3
      vertex -37.7954 74.7247 2.4
      vertex -37.7954 74.7247 17.3
    endloop
  endfacet
  facet normal 0.980811 0.194961 1.10985e-19
    outer loop
      vertex -37.7954 74.7247 2.4
      vertex -37.724 74.3655 17.3
      vertex -37.724 74.3655 2.4
    endloop
  endfacet
  facet normal 0.997851 0.0655224 1.18474e-19
    outer loop
      vertex -37.7 74 17.3
      vertex -37.724 74.3655 2.4
      vertex -37.724 74.3655 17.3
    endloop
  endfacet
  facet normal 0.997851 0.0655224 1.18474e-19
    outer loop
      vertex -37.724 74.3655 2.4
      vertex -37.7 74 17.3
      vertex -37.7 74 2.4
    endloop
  endfacet
  facet normal 0.946949 0.321384 1.60998e-19
    outer loop
      vertex -37.7954 74.7247 17.3
      vertex -37.9131 75.0715 2.4
      vertex -37.9131 75.0715 17.3
    endloop
  endfacet
  facet normal 0.946949 0.321384 1.60998e-19
    outer loop
      vertex -37.9131 75.0715 2.4
      vertex -37.7954 74.7247 17.3
      vertex -37.7954 74.7247 2.4
    endloop
  endfacet
  facet normal 0.321384 0.946949 -0
    outer loop
      vertex -39.4285 76.5869 2.4
      vertex -39.7753 76.7046 17.3
      vertex -39.4285 76.5869 17.3
    endloop
  endfacet
  facet normal 0.321384 0.946949 0
    outer loop
      vertex -39.7753 76.7046 17.3
      vertex -39.4285 76.5869 2.4
      vertex -39.7753 76.7046 2.4
    endloop
  endfacet
  facet normal 0.896871 0.442292 7.65717e-20
    outer loop
      vertex -37.9131 75.0715 17.3
      vertex -38.0751 75.4 2.4
      vertex -38.0751 75.4 17.3
    endloop
  endfacet
  facet normal 0.896871 0.442292 7.65717e-20
    outer loop
      vertex -38.0751 75.4 2.4
      vertex -37.9131 75.0715 17.3
      vertex -37.9131 75.0715 2.4
    endloop
  endfacet
  facet normal 0.83142 0.555645 8.18681e-20
    outer loop
      vertex -38.0751 75.4 17.3
      vertex -38.2786 75.7045 2.4
      vertex -38.2786 75.7045 17.3
    endloop
  endfacet
  facet normal 0.83142 0.555645 8.18681e-20
    outer loop
      vertex -38.2786 75.7045 2.4
      vertex -38.0751 75.4 17.3
      vertex -38.0751 75.4 2.4
    endloop
  endfacet
  facet normal -0.659316 0.751866 0
    outer loop
      vertex -42.2045 76.2214 2.4
      vertex -42.4799 75.9799 17.3
      vertex -42.2045 76.2214 17.3
    endloop
  endfacet
  facet normal -0.659316 0.751866 0
    outer loop
      vertex -42.4799 75.9799 17.3
      vertex -42.2045 76.2214 2.4
      vertex -42.4799 75.9799 2.4
    endloop
  endfacet
  facet normal -0.555645 0.83142 0
    outer loop
      vertex -41.9 76.4249 2.4
      vertex -42.2045 76.2214 17.3
      vertex -41.9 76.4249 17.3
    endloop
  endfacet
  facet normal -0.555645 0.83142 0
    outer loop
      vertex -42.2045 76.2214 17.3
      vertex -41.9 76.4249 2.4
      vertex -42.2045 76.2214 2.4
    endloop
  endfacet
  facet normal -0.0655224 0.997851 0
    outer loop
      vertex -40.5 76.8 2.4
      vertex -40.8655 76.776 17.3
      vertex -40.5 76.8 17.3
    endloop
  endfacet
  facet normal -0.0655224 0.997851 0
    outer loop
      vertex -40.8655 76.776 17.3
      vertex -40.5 76.8 2.4
      vertex -40.8655 76.776 2.4
    endloop
  endfacet
  facet normal 0.321384 -0.946949 0
    outer loop
      vertex -39.7753 71.2954 2.4
      vertex -39.4285 71.4131 17.3
      vertex -39.7753 71.2954 17.3
    endloop
  endfacet
  facet normal 0.321384 -0.946949 0
    outer loop
      vertex -39.4285 71.4131 17.3
      vertex -39.7753 71.2954 2.4
      vertex -39.4285 71.4131 2.4
    endloop
  endfacet
  facet normal 0.751866 0.659316 -4.91731e-19
    outer loop
      vertex -38.2786 75.7045 17.3
      vertex -38.5201 75.9799 2.4
      vertex -38.5201 75.9799 17.3
    endloop
  endfacet
  facet normal 0.751866 0.659316 -4.91731e-19
    outer loop
      vertex -38.5201 75.9799 2.4
      vertex -38.2786 75.7045 17.3
      vertex -38.2786 75.7045 2.4
    endloop
  endfacet
  facet normal 0.946949 -0.321384 -1.60998e-19
    outer loop
      vertex -37.9131 72.9285 17.3
      vertex -37.7954 73.2753 2.4
      vertex -37.7954 73.2753 17.3
    endloop
  endfacet
  facet normal 0.946949 -0.321384 -1.60998e-19
    outer loop
      vertex -37.7954 73.2753 2.4
      vertex -37.9131 72.9285 17.3
      vertex -37.9131 72.9285 2.4
    endloop
  endfacet
  facet normal -0.980811 -0.194961 1.10985e-19
    outer loop
      vertex -43.2046 73.2753 2.4
      vertex -43.276 73.6345 17.3
      vertex -43.276 73.6345 2.4
    endloop
  endfacet
  facet normal -0.980811 -0.194961 1.10985e-19
    outer loop
      vertex -43.276 73.6345 17.3
      vertex -43.2046 73.2753 2.4
      vertex -43.2046 73.2753 17.3
    endloop
  endfacet
  facet normal -0.946949 -0.321384 1.60998e-19
    outer loop
      vertex -43.0869 72.9285 2.4
      vertex -43.2046 73.2753 17.3
      vertex -43.2046 73.2753 2.4
    endloop
  endfacet
  facet normal -0.946949 -0.321384 1.60998e-19
    outer loop
      vertex -43.2046 73.2753 17.3
      vertex -43.0869 72.9285 2.4
      vertex -43.0869 72.9285 17.3
    endloop
  endfacet
  facet normal -0.946949 0.321384 -1.60998e-19
    outer loop
      vertex -43.2046 74.7247 2.4
      vertex -43.0869 75.0715 17.3
      vertex -43.0869 75.0715 2.4
    endloop
  endfacet
  facet normal -0.946949 0.321384 -1.60998e-19
    outer loop
      vertex -43.0869 75.0715 17.3
      vertex -43.2046 74.7247 2.4
      vertex -43.2046 74.7247 17.3
    endloop
  endfacet
  facet normal 0.194961 -0.980811 0
    outer loop
      vertex -40.1345 71.224 2.4
      vertex -39.7753 71.2954 17.3
      vertex -40.1345 71.224 17.3
    endloop
  endfacet
  facet normal 0.194961 -0.980811 0
    outer loop
      vertex -39.7753 71.2954 17.3
      vertex -40.1345 71.224 2.4
      vertex -39.7753 71.2954 2.4
    endloop
  endfacet
  facet normal 0.442292 -0.896871 0
    outer loop
      vertex -39.4285 71.4131 2.4
      vertex -39.1 71.5751 17.3
      vertex -39.4285 71.4131 17.3
    endloop
  endfacet
  facet normal 0.442292 -0.896871 0
    outer loop
      vertex -39.1 71.5751 17.3
      vertex -39.4285 71.4131 2.4
      vertex -39.1 71.5751 2.4
    endloop
  endfacet
  facet normal 0.659316 0.751866 -0
    outer loop
      vertex -38.5201 75.9799 2.4
      vertex -38.7955 76.2214 17.3
      vertex -38.5201 75.9799 17.3
    endloop
  endfacet
  facet normal 0.659316 0.751866 0
    outer loop
      vertex -38.7955 76.2214 17.3
      vertex -38.5201 75.9799 2.4
      vertex -38.7955 76.2214 2.4
    endloop
  endfacet
  facet normal 0.83142 -0.555645 -8.18681e-20
    outer loop
      vertex -38.2786 72.2955 17.3
      vertex -38.0751 72.6 2.4
      vertex -38.0751 72.6 17.3
    endloop
  endfacet
  facet normal 0.83142 -0.555645 -8.18681e-20
    outer loop
      vertex -38.0751 72.6 2.4
      vertex -38.2786 72.2955 17.3
      vertex -38.2786 72.2955 2.4
    endloop
  endfacet
  facet normal 0.997851 -0.0655224 -1.18474e-19
    outer loop
      vertex -37.724 73.6345 17.3
      vertex -37.7 74 2.4
      vertex -37.7 74 17.3
    endloop
  endfacet
  facet normal 0.997851 -0.0655224 -1.18474e-19
    outer loop
      vertex -37.7 74 2.4
      vertex -37.724 73.6345 17.3
      vertex -37.724 73.6345 2.4
    endloop
  endfacet
  facet normal -0.896871 0.442292 -7.65717e-20
    outer loop
      vertex -43.0869 75.0715 2.4
      vertex -42.9249 75.4 17.3
      vertex -42.9249 75.4 2.4
    endloop
  endfacet
  facet normal -0.896871 0.442292 -7.65717e-20
    outer loop
      vertex -42.9249 75.4 17.3
      vertex -43.0869 75.0715 2.4
      vertex -43.0869 75.0715 17.3
    endloop
  endfacet
  facet normal 0.555645 0.83142 -0
    outer loop
      vertex -38.7955 76.2214 2.4
      vertex -39.1 76.4249 17.3
      vertex -38.7955 76.2214 17.3
    endloop
  endfacet
  facet normal 0.555645 0.83142 0
    outer loop
      vertex -39.1 76.4249 17.3
      vertex -38.7955 76.2214 2.4
      vertex -39.1 76.4249 2.4
    endloop
  endfacet
  facet normal -0.321384 0.946949 0
    outer loop
      vertex -41.2247 76.7046 2.4
      vertex -41.5715 76.5869 17.3
      vertex -41.2247 76.7046 17.3
    endloop
  endfacet
  facet normal -0.321384 0.946949 0
    outer loop
      vertex -41.5715 76.5869 17.3
      vertex -41.2247 76.7046 2.4
      vertex -41.5715 76.5869 2.4
    endloop
  endfacet
  facet normal 0.896871 -0.442292 -7.65717e-20
    outer loop
      vertex -38.0751 72.6 17.3
      vertex -37.9131 72.9285 2.4
      vertex -37.9131 72.9285 17.3
    endloop
  endfacet
  facet normal 0.896871 -0.442292 -7.65717e-20
    outer loop
      vertex -37.9131 72.9285 2.4
      vertex -38.0751 72.6 17.3
      vertex -38.0751 72.6 2.4
    endloop
  endfacet
  facet normal 0.0655224 -0.997851 0
    outer loop
      vertex -40.5 71.2 2.4
      vertex -40.1345 71.224 17.3
      vertex -40.5 71.2 17.3
    endloop
  endfacet
  facet normal 0.0655224 -0.997851 0
    outer loop
      vertex -40.1345 71.224 17.3
      vertex -40.5 71.2 2.4
      vertex -40.1345 71.224 2.4
    endloop
  endfacet
  facet normal -0.83142 0.555645 -8.18681e-20
    outer loop
      vertex -42.9249 75.4 2.4
      vertex -42.7214 75.7045 17.3
      vertex -42.7214 75.7045 2.4
    endloop
  endfacet
  facet normal -0.83142 0.555645 -8.18681e-20
    outer loop
      vertex -42.7214 75.7045 17.3
      vertex -42.9249 75.4 2.4
      vertex -42.9249 75.4 17.3
    endloop
  endfacet
  facet normal -0.442292 0.896871 0
    outer loop
      vertex -41.5715 76.5869 2.4
      vertex -41.9 76.4249 17.3
      vertex -41.5715 76.5869 17.3
    endloop
  endfacet
  facet normal -0.442292 0.896871 0
    outer loop
      vertex -41.9 76.4249 17.3
      vertex -41.5715 76.5869 2.4
      vertex -41.9 76.4249 2.4
    endloop
  endfacet
  facet normal -0.194961 -0.980811 0
    outer loop
      vertex -41.2247 71.2954 2.4
      vertex -40.8655 71.224 17.3
      vertex -41.2247 71.2954 17.3
    endloop
  endfacet
  facet normal -0.194961 -0.980811 -0
    outer loop
      vertex -40.8655 71.224 17.3
      vertex -41.2247 71.2954 2.4
      vertex -40.8655 71.224 2.4
    endloop
  endfacet
  facet normal -0.83142 -0.555645 8.18681e-20
    outer loop
      vertex -42.7214 72.2955 2.4
      vertex -42.9249 72.6 17.3
      vertex -42.9249 72.6 2.4
    endloop
  endfacet
  facet normal -0.83142 -0.555645 8.18681e-20
    outer loop
      vertex -42.9249 72.6 17.3
      vertex -42.7214 72.2955 2.4
      vertex -42.7214 72.2955 17.3
    endloop
  endfacet
  facet normal -0.442292 -0.896871 0
    outer loop
      vertex -41.9 71.5751 2.4
      vertex -41.5715 71.4131 17.3
      vertex -41.9 71.5751 17.3
    endloop
  endfacet
  facet normal -0.442292 -0.896871 -0
    outer loop
      vertex -41.5715 71.4131 17.3
      vertex -41.9 71.5751 2.4
      vertex -41.5715 71.4131 2.4
    endloop
  endfacet
  facet normal 0.980811 -0.194961 -1.10985e-19
    outer loop
      vertex -37.7954 73.2753 17.3
      vertex -37.724 73.6345 2.4
      vertex -37.724 73.6345 17.3
    endloop
  endfacet
  facet normal 0.980811 -0.194961 -1.10985e-19
    outer loop
      vertex -37.724 73.6345 2.4
      vertex -37.7954 73.2753 17.3
      vertex -37.7954 73.2753 2.4
    endloop
  endfacet
  facet normal -0.896871 -0.442292 7.65717e-20
    outer loop
      vertex -42.9249 72.6 2.4
      vertex -43.0869 72.9285 17.3
      vertex -43.0869 72.9285 2.4
    endloop
  endfacet
  facet normal -0.896871 -0.442292 7.65717e-20
    outer loop
      vertex -43.0869 72.9285 17.3
      vertex -42.9249 72.6 2.4
      vertex -42.9249 72.6 17.3
    endloop
  endfacet
  facet normal 0.555645 -0.83142 0
    outer loop
      vertex -39.1 71.5751 2.4
      vertex -38.7955 71.7786 17.3
      vertex -39.1 71.5751 17.3
    endloop
  endfacet
  facet normal 0.555645 -0.83142 0
    outer loop
      vertex -38.7955 71.7786 17.3
      vertex -39.1 71.5751 2.4
      vertex -38.7955 71.7786 2.4
    endloop
  endfacet
  facet normal 0.0655224 0.997851 -0
    outer loop
      vertex -40.1345 76.776 2.4
      vertex -40.5 76.8 17.3
      vertex -40.1345 76.776 17.3
    endloop
  endfacet
  facet normal 0.0655224 0.997851 0
    outer loop
      vertex -40.5 76.8 17.3
      vertex -40.1345 76.776 2.4
      vertex -40.5 76.8 2.4
    endloop
  endfacet
  facet normal 0.442292 0.896871 -0
    outer loop
      vertex -39.1 76.4249 2.4
      vertex -39.4285 76.5869 17.3
      vertex -39.1 76.4249 17.3
    endloop
  endfacet
  facet normal 0.442292 0.896871 0
    outer loop
      vertex -39.4285 76.5869 17.3
      vertex -39.1 76.4249 2.4
      vertex -39.4285 76.5869 2.4
    endloop
  endfacet
  facet normal -0.997851 0.0655224 -1.18474e-19
    outer loop
      vertex -43.3 74 2.4
      vertex -43.276 74.3655 17.3
      vertex -43.276 74.3655 2.4
    endloop
  endfacet
  facet normal -0.997851 0.0655224 -1.18474e-19
    outer loop
      vertex -43.276 74.3655 17.3
      vertex -43.3 74 2.4
      vertex -43.3 74 17.3
    endloop
  endfacet
  facet normal -0.0655224 -0.997851 0
    outer loop
      vertex -40.8655 71.224 2.4
      vertex -40.5 71.2 17.3
      vertex -40.8655 71.224 17.3
    endloop
  endfacet
  facet normal -0.0655224 -0.997851 -0
    outer loop
      vertex -40.5 71.2 17.3
      vertex -40.8655 71.224 2.4
      vertex -40.5 71.2 2.4
    endloop
  endfacet
  facet normal -0.321384 -0.946949 0
    outer loop
      vertex -41.5715 71.4131 2.4
      vertex -41.2247 71.2954 17.3
      vertex -41.5715 71.4131 17.3
    endloop
  endfacet
  facet normal -0.321384 -0.946949 -0
    outer loop
      vertex -41.2247 71.2954 17.3
      vertex -41.5715 71.4131 2.4
      vertex -41.2247 71.2954 2.4
    endloop
  endfacet
  facet normal -0.194961 0.980811 0
    outer loop
      vertex -40.8655 76.776 2.4
      vertex -41.2247 76.7046 17.3
      vertex -40.8655 76.776 17.3
    endloop
  endfacet
  facet normal -0.194961 0.980811 0
    outer loop
      vertex -41.2247 76.7046 17.3
      vertex -40.8655 76.776 2.4
      vertex -41.2247 76.7046 2.4
    endloop
  endfacet
  facet normal -0.997851 -0.0655224 1.18474e-19
    outer loop
      vertex -43.276 73.6345 2.4
      vertex -43.3 74 17.3
      vertex -43.3 74 2.4
    endloop
  endfacet
  facet normal -0.997851 -0.0655224 1.18474e-19
    outer loop
      vertex -43.3 74 17.3
      vertex -43.276 73.6345 2.4
      vertex -43.276 73.6345 17.3
    endloop
  endfacet
  facet normal 0.659316 -0.751866 0
    outer loop
      vertex -38.7955 71.7786 2.4
      vertex -38.5201 72.0201 17.3
      vertex -38.7955 71.7786 17.3
    endloop
  endfacet
  facet normal 0.659316 -0.751866 0
    outer loop
      vertex -38.5201 72.0201 17.3
      vertex -38.7955 71.7786 2.4
      vertex -38.5201 72.0201 2.4
    endloop
  endfacet
  facet normal -0.751866 -0.659316 -4.91731e-19
    outer loop
      vertex -42.4799 72.0201 2.4
      vertex -42.7214 72.2955 17.3
      vertex -42.7214 72.2955 2.4
    endloop
  endfacet
  facet normal -0.751866 -0.659316 -4.91731e-19
    outer loop
      vertex -42.7214 72.2955 17.3
      vertex -42.4799 72.0201 2.4
      vertex -42.4799 72.0201 17.3
    endloop
  endfacet
  facet normal -0.659316 -0.751866 0
    outer loop
      vertex -42.4799 72.0201 2.4
      vertex -42.2045 71.7786 17.3
      vertex -42.4799 72.0201 17.3
    endloop
  endfacet
  facet normal -0.659316 -0.751866 -0
    outer loop
      vertex -42.2045 71.7786 17.3
      vertex -42.4799 72.0201 2.4
      vertex -42.2045 71.7786 2.4
    endloop
  endfacet
  facet normal 0.751866 -0.659316 4.91731e-19
    outer loop
      vertex -38.5201 72.0201 17.3
      vertex -38.2786 72.2955 2.4
      vertex -38.2786 72.2955 17.3
    endloop
  endfacet
  facet normal 0.751866 -0.659316 4.91731e-19
    outer loop
      vertex -38.2786 72.2955 2.4
      vertex -38.5201 72.0201 17.3
      vertex -38.5201 72.0201 2.4
    endloop
  endfacet
  facet normal 0.194961 0.980811 -0
    outer loop
      vertex -39.7753 76.7046 2.4
      vertex -40.1345 76.776 17.3
      vertex -39.7753 76.7046 17.3
    endloop
  endfacet
  facet normal 0.194961 0.980811 0
    outer loop
      vertex -40.1345 76.776 17.3
      vertex -39.7753 76.7046 2.4
      vertex -40.1345 76.776 2.4
    endloop
  endfacet
  facet normal -0.980811 0.194961 -1.10985e-19
    outer loop
      vertex -43.276 74.3655 2.4
      vertex -43.2046 74.7247 17.3
      vertex -43.2046 74.7247 2.4
    endloop
  endfacet
  facet normal -0.980811 0.194961 -1.10985e-19
    outer loop
      vertex -43.2046 74.7247 17.3
      vertex -43.276 74.3655 2.4
      vertex -43.276 74.3655 17.3
    endloop
  endfacet
  facet normal 0 0 1
    outer loop
      vertex -39.65 74 17.3
      vertex -37.7 74 17.3
      vertex -37.724 74.3655 17.3
    endloop
  endfacet
  facet normal 0 0 1
    outer loop
      vertex -39.6573 74.1109 17.3
      vertex -37.724 74.3655 17.3
      vertex -37.7954 74.7247 17.3
    endloop
  endfacet
  facet normal 0 0 1
    outer loop
      vertex -37.7 74 17.3
      vertex -39.65 74 17.3
      vertex -37.724 73.6345 17.3
    endloop
  endfacet
  facet normal 0 0 1
    outer loop
      vertex -39.679 74.22 17.3
      vertex -37.7954 74.7247 17.3
      vertex -37.9131 75.0715 17.3
    endloop
  endfacet
  facet normal -0 0 1
    outer loop
      vertex -39.6573 73.8891 17.3
      vertex -37.724 73.6345 17.3
      vertex -39.65 74 17.3
    endloop
  endfacet
  facet normal 0 0 1
    outer loop
      vertex -39.7147 74.3253 17.3
      vertex -37.9131 75.0715 17.3
      vertex -38.0751 75.4 17.3
    endloop
  endfacet
  facet normal 0 0 1
    outer loop
      vertex -37.724 73.6345 17.3
      vertex -39.6573 73.8891 17.3
      vertex -37.7954 73.2753 17.3
    endloop
  endfacet
  facet normal 0 0 1
    outer loop
      vertex -39.7639 74.425 17.3
      vertex -38.0751 75.4 17.3
      vertex -38.2786 75.7045 17.3
    endloop
  endfacet
  facet normal -0 0 1
    outer loop
      vertex -39.679 73.78 17.3
      vertex -37.7954 73.2753 17.3
      vertex -39.6573 73.8891 17.3
    endloop
  endfacet
  facet normal 0 0 1
    outer loop
      vertex -39.8256 74.5174 17.3
      vertex -38.2786 75.7045 17.3
      vertex -38.5201 75.9799 17.3
    endloop
  endfacet
  facet normal 0 0 1
    outer loop
      vertex -37.7954 73.2753 17.3
      vertex -39.679 73.78 17.3
      vertex -37.9131 72.9285 17.3
    endloop
  endfacet
  facet normal 0 0 1
    outer loop
      vertex -39.899 74.601 17.3
      vertex -38.5201 75.9799 17.3
      vertex -38.7955 76.2214 17.3
    endloop
  endfacet
  facet normal -0 0 1
    outer loop
      vertex -39.7147 73.6747 17.3
      vertex -37.9131 72.9285 17.3
      vertex -39.679 73.78 17.3
    endloop
  endfacet
  facet normal 0 0 1
    outer loop
      vertex -39.9826 74.6743 17.3
      vertex -38.7955 76.2214 17.3
      vertex -39.1 76.4249 17.3
    endloop
  endfacet
  facet normal 0 0 1
    outer loop
      vertex -37.9131 72.9285 17.3
      vertex -39.7147 73.6747 17.3
      vertex -38.0751 72.6 17.3
    endloop
  endfacet
  facet normal 0 0 1
    outer loop
      vertex -40.075 74.7361 17.3
      vertex -39.1 76.4249 17.3
      vertex -39.4285 76.5869 17.3
    endloop
  endfacet
  facet normal -0 0 1
    outer loop
      vertex -39.7639 73.575 17.3
      vertex -38.0751 72.6 17.3
      vertex -39.7147 73.6747 17.3
    endloop
  endfacet
  facet normal 0 0 1
    outer loop
      vertex -38.0751 72.6 17.3
      vertex -39.7639 73.575 17.3
      vertex -38.2786 72.2955 17.3
    endloop
  endfacet
  facet normal 0 0 1
    outer loop
      vertex -37.724 74.3655 17.3
      vertex -39.6573 74.1109 17.3
      vertex -39.65 74 17.3
    endloop
  endfacet
  facet normal 0 0 1
    outer loop
      vertex -37.7954 74.7247 17.3
      vertex -39.679 74.22 17.3
      vertex -39.6573 74.1109 17.3
    endloop
  endfacet
  facet normal 0 0 1
    outer loop
      vertex -37.9131 75.0715 17.3
      vertex -39.7147 74.3253 17.3
      vertex -39.679 74.22 17.3
    endloop
  endfacet
  facet normal 0 0 1
    outer loop
      vertex -38.0751 75.4 17.3
      vertex -39.7639 74.425 17.3
      vertex -39.7147 74.3253 17.3
    endloop
  endfacet
  facet normal 0 0 1
    outer loop
      vertex -40.1747 74.7853 17.3
      vertex -39.4285 76.5869 17.3
      vertex -39.7753 76.7046 17.3
    endloop
  endfacet
  facet normal 0 0 1
    outer loop
      vertex -38.2786 75.7045 17.3
      vertex -39.8256 74.5174 17.3
      vertex -39.7639 74.425 17.3
    endloop
  endfacet
  facet normal 0 0 1
    outer loop
      vertex -38.5201 75.9799 17.3
      vertex -39.899 74.601 17.3
      vertex -39.8256 74.5174 17.3
    endloop
  endfacet
  facet normal 0 0 1
    outer loop
      vertex -38.7955 76.2214 17.3
      vertex -39.9826 74.6743 17.3
      vertex -39.899 74.601 17.3
    endloop
  endfacet
  facet normal 0 0 1
    outer loop
      vertex -39.1 76.4249 17.3
      vertex -40.075 74.7361 17.3
      vertex -39.9826 74.6743 17.3
    endloop
  endfacet
  facet normal 0 0 1
    outer loop
      vertex -40.28 74.821 17.3
      vertex -39.7753 76.7046 17.3
      vertex -40.1345 76.776 17.3
    endloop
  endfacet
  facet normal 0 0 1
    outer loop
      vertex -39.4285 76.5869 17.3
      vertex -40.1747 74.7853 17.3
      vertex -40.075 74.7361 17.3
    endloop
  endfacet
  facet normal 0 0 1
    outer loop
      vertex -39.7753 76.7046 17.3
      vertex -40.28 74.821 17.3
      vertex -40.1747 74.7853 17.3
    endloop
  endfacet
  facet normal 0 0 1
    outer loop
      vertex -40.1345 76.776 17.3
      vertex -40.3891 74.8427 17.3
      vertex -40.28 74.821 17.3
    endloop
  endfacet
  facet normal 0 0 1
    outer loop
      vertex -40.5 76.8 17.3
      vertex -40.3891 74.8427 17.3
      vertex -40.1345 76.776 17.3
    endloop
  endfacet
  facet normal 0 0 1
    outer loop
      vertex -40.5 76.8 17.3
      vertex -40.5 74.85 17.3
      vertex -40.3891 74.8427 17.3
    endloop
  endfacet
  facet normal 0 0 1
    outer loop
      vertex -40.5 76.8 17.3
      vertex -40.6109 74.8427 17.3
      vertex -40.5 74.85 17.3
    endloop
  endfacet
  facet normal -0 0 1
    outer loop
      vertex -40.8655 76.776 17.3
      vertex -40.6109 74.8427 17.3
      vertex -40.5 76.8 17.3
    endloop
  endfacet
  facet normal 0 0 1
    outer loop
      vertex -40.6109 74.8427 17.3
      vertex -40.8655 76.776 17.3
      vertex -40.72 74.821 17.3
    endloop
  endfacet
  facet normal -0 0 1
    outer loop
      vertex -41.2247 76.7046 17.3
      vertex -40.72 74.821 17.3
      vertex -40.8655 76.776 17.3
    endloop
  endfacet
  facet normal 0 0 1
    outer loop
      vertex -40.72 74.821 17.3
      vertex -41.2247 76.7046 17.3
      vertex -40.8253 74.7853 17.3
    endloop
  endfacet
  facet normal -0 0 1
    outer loop
      vertex -41.5715 76.5869 17.3
      vertex -40.8253 74.7853 17.3
      vertex -41.2247 76.7046 17.3
    endloop
  endfacet
  facet normal 0 0 1
    outer loop
      vertex -40.8253 74.7853 17.3
      vertex -41.5715 76.5869 17.3
      vertex -40.925 74.7361 17.3
    endloop
  endfacet
  facet normal -0 0 1
    outer loop
      vertex -41.9 76.4249 17.3
      vertex -40.925 74.7361 17.3
      vertex -41.5715 76.5869 17.3
    endloop
  endfacet
  facet normal 0 0 1
    outer loop
      vertex -40.925 74.7361 17.3
      vertex -41.9 76.4249 17.3
      vertex -41.0174 74.6743 17.3
    endloop
  endfacet
  facet normal -0 0 1
    outer loop
      vertex -42.2045 76.2214 17.3
      vertex -41.0174 74.6743 17.3
      vertex -41.9 76.4249 17.3
    endloop
  endfacet
  facet normal 0 0 1
    outer loop
      vertex -41.0174 74.6743 17.3
      vertex -42.2045 76.2214 17.3
      vertex -41.101 74.601 17.3
    endloop
  endfacet
  facet normal -0 0 1
    outer loop
      vertex -42.4799 75.9799 17.3
      vertex -41.101 74.601 17.3
      vertex -42.2045 76.2214 17.3
    endloop
  endfacet
  facet normal 0 0 1
    outer loop
      vertex -41.101 74.601 17.3
      vertex -42.4799 75.9799 17.3
      vertex -41.1744 74.5174 17.3
    endloop
  endfacet
  facet normal -0 0 1
    outer loop
      vertex -42.7214 75.7045 17.3
      vertex -41.1744 74.5174 17.3
      vertex -42.4799 75.9799 17.3
    endloop
  endfacet
  facet normal 0 0 1
    outer loop
      vertex -41.1744 74.5174 17.3
      vertex -42.7214 75.7045 17.3
      vertex -41.2361 74.425 17.3
    endloop
  endfacet
  facet normal -0 0 1
    outer loop
      vertex -39.8256 73.4826 17.3
      vertex -38.2786 72.2955 17.3
      vertex -39.7639 73.575 17.3
    endloop
  endfacet
  facet normal 0 0 1
    outer loop
      vertex -38.2786 72.2955 17.3
      vertex -39.8256 73.4826 17.3
      vertex -38.5201 72.0201 17.3
    endloop
  endfacet
  facet normal -0 0 1
    outer loop
      vertex -39.899 73.399 17.3
      vertex -38.5201 72.0201 17.3
      vertex -39.8256 73.4826 17.3
    endloop
  endfacet
  facet normal 0 0 1
    outer loop
      vertex -38.5201 72.0201 17.3
      vertex -39.899 73.399 17.3
      vertex -38.7955 71.7786 17.3
    endloop
  endfacet
  facet normal -0 0 1
    outer loop
      vertex -39.9826 73.3257 17.3
      vertex -38.7955 71.7786 17.3
      vertex -39.899 73.399 17.3
    endloop
  endfacet
  facet normal 0 0 1
    outer loop
      vertex -38.7955 71.7786 17.3
      vertex -39.9826 73.3257 17.3
      vertex -39.1 71.5751 17.3
    endloop
  endfacet
  facet normal -0 0 1
    outer loop
      vertex -40.075 73.2639 17.3
      vertex -39.1 71.5751 17.3
      vertex -39.9826 73.3257 17.3
    endloop
  endfacet
  facet normal 0 0 1
    outer loop
      vertex -39.1 71.5751 17.3
      vertex -40.075 73.2639 17.3
      vertex -39.4285 71.4131 17.3
    endloop
  endfacet
  facet normal -0 0 1
    outer loop
      vertex -40.1747 73.2147 17.3
      vertex -39.4285 71.4131 17.3
      vertex -40.075 73.2639 17.3
    endloop
  endfacet
  facet normal 0 0 1
    outer loop
      vertex -39.4285 71.4131 17.3
      vertex -40.1747 73.2147 17.3
      vertex -39.7753 71.2954 17.3
    endloop
  endfacet
  facet normal -0 0 1
    outer loop
      vertex -40.28 73.179 17.3
      vertex -39.7753 71.2954 17.3
      vertex -40.1747 73.2147 17.3
    endloop
  endfacet
  facet normal 0 0 1
    outer loop
      vertex -39.7753 71.2954 17.3
      vertex -40.28 73.179 17.3
      vertex -40.1345 71.224 17.3
    endloop
  endfacet
  facet normal -0 0 1
    outer loop
      vertex -40.3891 73.1573 17.3
      vertex -40.1345 71.224 17.3
      vertex -40.28 73.179 17.3
    endloop
  endfacet
  facet normal -0 0 1
    outer loop
      vertex -40.5 73.15 17.3
      vertex -40.1345 71.224 17.3
      vertex -40.3891 73.1573 17.3
    endloop
  endfacet
  facet normal 0 0 1
    outer loop
      vertex -40.5 73.15 17.3
      vertex -40.5 71.2 17.3
      vertex -40.1345 71.224 17.3
    endloop
  endfacet
  facet normal 0 0 1
    outer loop
      vertex -40.6109 73.1573 17.3
      vertex -40.5 71.2 17.3
      vertex -40.5 73.15 17.3
    endloop
  endfacet
  facet normal 0 0 1
    outer loop
      vertex -40.8655 71.224 17.3
      vertex -40.6109 73.1573 17.3
      vertex -40.72 73.179 17.3
    endloop
  endfacet
  facet normal 0 0 1
    outer loop
      vertex -41.2247 71.2954 17.3
      vertex -40.72 73.179 17.3
      vertex -40.8253 73.2147 17.3
    endloop
  endfacet
  facet normal 0 0 1
    outer loop
      vertex -40.6109 73.1573 17.3
      vertex -40.8655 71.224 17.3
      vertex -40.5 71.2 17.3
    endloop
  endfacet
  facet normal 0 0 1
    outer loop
      vertex -41.5715 71.4131 17.3
      vertex -40.8253 73.2147 17.3
      vertex -40.925 73.2639 17.3
    endloop
  endfacet
  facet normal 0 0 1
    outer loop
      vertex -41.9 71.5751 17.3
      vertex -40.925 73.2639 17.3
      vertex -41.0174 73.3257 17.3
    endloop
  endfacet
  facet normal 0 0 1
    outer loop
      vertex -42.2045 71.7786 17.3
      vertex -41.0174 73.3257 17.3
      vertex -41.101 73.399 17.3
    endloop
  endfacet
  facet normal 0 0 1
    outer loop
      vertex -42.4799 72.0201 17.3
      vertex -41.101 73.399 17.3
      vertex -41.1744 73.4826 17.3
    endloop
  endfacet
  facet normal 0 0 1
    outer loop
      vertex -40.72 73.179 17.3
      vertex -41.2247 71.2954 17.3
      vertex -40.8655 71.224 17.3
    endloop
  endfacet
  facet normal 0 0 1
    outer loop
      vertex -42.7214 72.2955 17.3
      vertex -41.1744 73.4826 17.3
      vertex -41.2361 73.575 17.3
    endloop
  endfacet
  facet normal 0 0 1
    outer loop
      vertex -42.9249 72.6 17.3
      vertex -41.2361 73.575 17.3
      vertex -41.2853 73.6747 17.3
    endloop
  endfacet
  facet normal 0 0 1
    outer loop
      vertex -43.0869 72.9285 17.3
      vertex -41.2853 73.6747 17.3
      vertex -41.321 73.78 17.3
    endloop
  endfacet
  facet normal 0 0 1
    outer loop
      vertex -43.2046 73.2753 17.3
      vertex -41.321 73.78 17.3
      vertex -41.3427 73.8891 17.3
    endloop
  endfacet
  facet normal 0 0 1
    outer loop
      vertex -43.276 73.6345 17.3
      vertex -41.3427 73.8891 17.3
      vertex -41.35 74 17.3
    endloop
  endfacet
  facet normal -0 0 1
    outer loop
      vertex -42.9249 75.4 17.3
      vertex -41.2361 74.425 17.3
      vertex -42.7214 75.7045 17.3
    endloop
  endfacet
  facet normal 0 0 1
    outer loop
      vertex -40.8253 73.2147 17.3
      vertex -41.5715 71.4131 17.3
      vertex -41.2247 71.2954 17.3
    endloop
  endfacet
  facet normal 0 0 1
    outer loop
      vertex -41.2361 74.425 17.3
      vertex -42.9249 75.4 17.3
      vertex -41.2853 74.3253 17.3
    endloop
  endfacet
  facet normal 0 0 1
    outer loop
      vertex -40.925 73.2639 17.3
      vertex -41.9 71.5751 17.3
      vertex -41.5715 71.4131 17.3
    endloop
  endfacet
  facet normal -0 0 1
    outer loop
      vertex -43.0869 75.0715 17.3
      vertex -41.2853 74.3253 17.3
      vertex -42.9249 75.4 17.3
    endloop
  endfacet
  facet normal 0 0 1
    outer loop
      vertex -41.0174 73.3257 17.3
      vertex -42.2045 71.7786 17.3
      vertex -41.9 71.5751 17.3
    endloop
  endfacet
  facet normal 0 0 1
    outer loop
      vertex -41.2853 74.3253 17.3
      vertex -43.0869 75.0715 17.3
      vertex -41.321 74.22 17.3
    endloop
  endfacet
  facet normal 0 0 1
    outer loop
      vertex -41.101 73.399 17.3
      vertex -42.4799 72.0201 17.3
      vertex -42.2045 71.7786 17.3
    endloop
  endfacet
  facet normal -0 0 1
    outer loop
      vertex -43.2046 74.7247 17.3
      vertex -41.321 74.22 17.3
      vertex -43.0869 75.0715 17.3
    endloop
  endfacet
  facet normal 0 0 1
    outer loop
      vertex -41.1744 73.4826 17.3
      vertex -42.7214 72.2955 17.3
      vertex -42.4799 72.0201 17.3
    endloop
  endfacet
  facet normal 0 0 1
    outer loop
      vertex -41.321 74.22 17.3
      vertex -43.2046 74.7247 17.3
      vertex -41.3427 74.1109 17.3
    endloop
  endfacet
  facet normal 0 0 1
    outer loop
      vertex -41.2361 73.575 17.3
      vertex -42.9249 72.6 17.3
      vertex -42.7214 72.2955 17.3
    endloop
  endfacet
  facet normal -0 0 1
    outer loop
      vertex -43.276 74.3655 17.3
      vertex -41.3427 74.1109 17.3
      vertex -43.2046 74.7247 17.3
    endloop
  endfacet
  facet normal 0 0 1
    outer loop
      vertex -41.2853 73.6747 17.3
      vertex -43.0869 72.9285 17.3
      vertex -42.9249 72.6 17.3
    endloop
  endfacet
  facet normal 0 0 1
    outer loop
      vertex -41.3427 74.1109 17.3
      vertex -43.276 74.3655 17.3
      vertex -41.35 74 17.3
    endloop
  endfacet
  facet normal 0 0 1
    outer loop
      vertex -41.321 73.78 17.3
      vertex -43.2046 73.2753 17.3
      vertex -43.0869 72.9285 17.3
    endloop
  endfacet
  facet normal 0 0 1
    outer loop
      vertex -43.3 74 17.3
      vertex -41.35 74 17.3
      vertex -43.276 74.3655 17.3
    endloop
  endfacet
  facet normal 0 0 1
    outer loop
      vertex -41.3427 73.8891 17.3
      vertex -43.276 73.6345 17.3
      vertex -43.2046 73.2753 17.3
    endloop
  endfacet
  facet normal 0 0 1
    outer loop
      vertex -41.35 74 17.3
      vertex -43.3 74 17.3
      vertex -43.276 73.6345 17.3
    endloop
  endfacet
  facet normal -0.555645 -0.83142 0
    outer loop
      vertex -42.2045 71.7786 2.4
      vertex -41.9 71.5751 17.3
      vertex -42.2045 71.7786 17.3
    endloop
  endfacet
  facet normal -0.555645 -0.83142 -0
    outer loop
      vertex -41.9 71.5751 17.3
      vertex -42.2045 71.7786 2.4
      vertex -41.9 71.5751 2.4
    endloop
  endfacet
  facet normal 0.321384 -0.946949 0
    outer loop
      vertex 41.2247 71.2954 2.4
      vertex 41.5715 71.4131 17.3
      vertex 41.2247 71.2954 17.3
    endloop
  endfacet
  facet normal 0.321384 -0.946949 0
    outer loop
      vertex 41.5715 71.4131 17.3
      vertex 41.2247 71.2954 2.4
      vertex 41.5715 71.4131 2.4
    endloop
  endfacet
  facet normal 0.980811 0.194961 1.10985e-19
    outer loop
      vertex 43.276 74.3655 17.3
      vertex 43.2046 74.7247 2.4
      vertex 43.2046 74.7247 17.3
    endloop
  endfacet
  facet normal 0.980811 0.194961 1.10985e-19
    outer loop
      vertex 43.2046 74.7247 2.4
      vertex 43.276 74.3655 17.3
      vertex 43.276 74.3655 2.4
    endloop
  endfacet
  facet normal 0.997851 0.0655224 1.18474e-19
    outer loop
      vertex 43.3 74 17.3
      vertex 43.276 74.3655 2.4
      vertex 43.276 74.3655 17.3
    endloop
  endfacet
  facet normal 0.997851 0.0655224 1.18474e-19
    outer loop
      vertex 43.276 74.3655 2.4
      vertex 43.3 74 17.3
      vertex 43.3 74 2.4
    endloop
  endfacet
  facet normal 0.946949 0.321384 1.60998e-19
    outer loop
      vertex 43.2046 74.7247 17.3
      vertex 43.0869 75.0715 2.4
      vertex 43.0869 75.0715 17.3
    endloop
  endfacet
  facet normal 0.946949 0.321384 1.60998e-19
    outer loop
      vertex 43.0869 75.0715 2.4
      vertex 43.2046 74.7247 17.3
      vertex 43.2046 74.7247 2.4
    endloop
  endfacet
  facet normal -0.946949 0.321384 -1.60998e-19
    outer loop
      vertex 37.7954 74.7247 2.4
      vertex 37.9131 75.0715 17.3
      vertex 37.9131 75.0715 2.4
    endloop
  endfacet
  facet normal -0.946949 0.321384 -1.60998e-19
    outer loop
      vertex 37.9131 75.0715 17.3
      vertex 37.7954 74.7247 2.4
      vertex 37.7954 74.7247 17.3
    endloop
  endfacet
  facet normal 0.321384 0.946949 -0
    outer loop
      vertex 41.5715 76.5869 2.4
      vertex 41.2247 76.7046 17.3
      vertex 41.5715 76.5869 17.3
    endloop
  endfacet
  facet normal 0.321384 0.946949 0
    outer loop
      vertex 41.2247 76.7046 17.3
      vertex 41.5715 76.5869 2.4
      vertex 41.2247 76.7046 2.4
    endloop
  endfacet
  facet normal -0.751866 0.659316 4.91731e-19
    outer loop
      vertex 38.2786 75.7045 2.4
      vertex 38.5201 75.9799 17.3
      vertex 38.5201 75.9799 2.4
    endloop
  endfacet
  facet normal -0.751866 0.659316 4.91731e-19
    outer loop
      vertex 38.5201 75.9799 17.3
      vertex 38.2786 75.7045 2.4
      vertex 38.2786 75.7045 17.3
    endloop
  endfacet
  facet normal 0.659316 0.751866 -0
    outer loop
      vertex 42.4799 75.9799 2.4
      vertex 42.2045 76.2214 17.3
      vertex 42.4799 75.9799 17.3
    endloop
  endfacet
  facet normal 0.659316 0.751866 0
    outer loop
      vertex 42.2045 76.2214 17.3
      vertex 42.4799 75.9799 2.4
      vertex 42.2045 76.2214 2.4
    endloop
  endfacet
  facet normal -0.321384 -0.946949 0
    outer loop
      vertex 39.4285 71.4131 2.4
      vertex 39.7753 71.2954 17.3
      vertex 39.4285 71.4131 17.3
    endloop
  endfacet
  facet normal -0.321384 -0.946949 -0
    outer loop
      vertex 39.7753 71.2954 17.3
      vertex 39.4285 71.4131 2.4
      vertex 39.7753 71.2954 2.4
    endloop
  endfacet
  facet normal 0.83142 0.555645 8.18681e-20
    outer loop
      vertex 42.9249 75.4 17.3
      vertex 42.7214 75.7045 2.4
      vertex 42.7214 75.7045 17.3
    endloop
  endfacet
  facet normal 0.83142 0.555645 8.18681e-20
    outer loop
      vertex 42.7214 75.7045 2.4
      vertex 42.9249 75.4 17.3
      vertex 42.9249 75.4 2.4
    endloop
  endfacet
  facet normal 0.896871 0.442292 7.65717e-20
    outer loop
      vertex 43.0869 75.0715 17.3
      vertex 42.9249 75.4 2.4
      vertex 42.9249 75.4 17.3
    endloop
  endfacet
  facet normal 0.896871 0.442292 7.65717e-20
    outer loop
      vertex 42.9249 75.4 2.4
      vertex 43.0869 75.0715 17.3
      vertex 43.0869 75.0715 2.4
    endloop
  endfacet
  facet normal 0.442292 -0.896871 0
    outer loop
      vertex 41.5715 71.4131 2.4
      vertex 41.9 71.5751 17.3
      vertex 41.5715 71.4131 17.3
    endloop
  endfacet
  facet normal 0.442292 -0.896871 0
    outer loop
      vertex 41.9 71.5751 17.3
      vertex 41.5715 71.4131 2.4
      vertex 41.9 71.5751 2.4
    endloop
  endfacet
  facet normal -0.997851 0.0655224 -1.18474e-19
    outer loop
      vertex 37.7 74 2.4
      vertex 37.724 74.3655 17.3
      vertex 37.724 74.3655 2.4
    endloop
  endfacet
  facet normal -0.997851 0.0655224 -1.18474e-19
    outer loop
      vertex 37.724 74.3655 17.3
      vertex 37.7 74 2.4
      vertex 37.7 74 17.3
    endloop
  endfacet
  facet normal 0 0 1
    outer loop
      vertex 41.35 74 17.3
      vertex 43.3 74 17.3
      vertex 43.276 74.3655 17.3
    endloop
  endfacet
  facet normal 0 0 1
    outer loop
      vertex 41.3427 74.1109 17.3
      vertex 43.276 74.3655 17.3
      vertex 43.2046 74.7247 17.3
    endloop
  endfacet
  facet normal 0 0 1
    outer loop
      vertex 43.3 74 17.3
      vertex 41.35 74 17.3
      vertex 43.276 73.6345 17.3
    endloop
  endfacet
  facet normal 0 0 1
    outer loop
      vertex 41.321 74.22 17.3
      vertex 43.2046 74.7247 17.3
      vertex 43.0869 75.0715 17.3
    endloop
  endfacet
  facet normal -0 0 1
    outer loop
      vertex 41.3427 73.8891 17.3
      vertex 43.276 73.6345 17.3
      vertex 41.35 74 17.3
    endloop
  endfacet
  facet normal 0 0 1
    outer loop
      vertex 41.2853 74.3253 17.3
      vertex 43.0869 75.0715 17.3
      vertex 42.9249 75.4 17.3
    endloop
  endfacet
  facet normal 0 0 1
    outer loop
      vertex 43.276 73.6345 17.3
      vertex 41.3427 73.8891 17.3
      vertex 43.2046 73.2753 17.3
    endloop
  endfacet
  facet normal 0 0 1
    outer loop
      vertex 41.2361 74.425 17.3
      vertex 42.9249 75.4 17.3
      vertex 42.7214 75.7045 17.3
    endloop
  endfacet
  facet normal -0 0 1
    outer loop
      vertex 41.321 73.78 17.3
      vertex 43.2046 73.2753 17.3
      vertex 41.3427 73.8891 17.3
    endloop
  endfacet
  facet normal 0 0 1
    outer loop
      vertex 41.1744 74.5174 17.3
      vertex 42.7214 75.7045 17.3
      vertex 42.4799 75.9799 17.3
    endloop
  endfacet
  facet normal 0 0 1
    outer loop
      vertex 43.2046 73.2753 17.3
      vertex 41.321 73.78 17.3
      vertex 43.0869 72.9285 17.3
    endloop
  endfacet
  facet normal 0 0 1
    outer loop
      vertex 41.101 74.601 17.3
      vertex 42.4799 75.9799 17.3
      vertex 42.2045 76.2214 17.3
    endloop
  endfacet
  facet normal -0 0 1
    outer loop
      vertex 41.2853 73.6747 17.3
      vertex 43.0869 72.9285 17.3
      vertex 41.321 73.78 17.3
    endloop
  endfacet
  facet normal 0 0 1
    outer loop
      vertex 41.0174 74.6743 17.3
      vertex 42.2045 76.2214 17.3
      vertex 41.9 76.4249 17.3
    endloop
  endfacet
  facet normal 0 0 1
    outer loop
      vertex 43.0869 72.9285 17.3
      vertex 41.2853 73.6747 17.3
      vertex 42.9249 72.6 17.3
    endloop
  endfacet
  facet normal 0 0 1
    outer loop
      vertex 40.925 74.7361 17.3
      vertex 41.9 76.4249 17.3
      vertex 41.5715 76.5869 17.3
    endloop
  endfacet
  facet normal -0 0 1
    outer loop
      vertex 41.2361 73.575 17.3
      vertex 42.9249 72.6 17.3
      vertex 41.2853 73.6747 17.3
    endloop
  endfacet
  facet normal 0 0 1
    outer loop
      vertex 42.9249 72.6 17.3
      vertex 41.2361 73.575 17.3
      vertex 42.7214 72.2955 17.3
    endloop
  endfacet
  facet normal 0 0 1
    outer loop
      vertex 43.276 74.3655 17.3
      vertex 41.3427 74.1109 17.3
      vertex 41.35 74 17.3
    endloop
  endfacet
  facet normal 0 0 1
    outer loop
      vertex 43.2046 74.7247 17.3
      vertex 41.321 74.22 17.3
      vertex 41.3427 74.1109 17.3
    endloop
  endfacet
  facet normal 0 0 1
    outer loop
      vertex 43.0869 75.0715 17.3
      vertex 41.2853 74.3253 17.3
      vertex 41.321 74.22 17.3
    endloop
  endfacet
  facet normal 0 0 1
    outer loop
      vertex 42.9249 75.4 17.3
      vertex 41.2361 74.425 17.3
      vertex 41.2853 74.3253 17.3
    endloop
  endfacet
  facet normal 0 0 1
    outer loop
      vertex 40.8253 74.7853 17.3
      vertex 41.5715 76.5869 17.3
      vertex 41.2247 76.7046 17.3
    endloop
  endfacet
  facet normal 0 0 1
    outer loop
      vertex 42.7214 75.7045 17.3
      vertex 41.1744 74.5174 17.3
      vertex 41.2361 74.425 17.3
    endloop
  endfacet
  facet normal 0 0 1
    outer loop
      vertex 42.4799 75.9799 17.3
      vertex 41.101 74.601 17.3
      vertex 41.1744 74.5174 17.3
    endloop
  endfacet
  facet normal 0 0 1
    outer loop
      vertex 42.2045 76.2214 17.3
      vertex 41.0174 74.6743 17.3
      vertex 41.101 74.601 17.3
    endloop
  endfacet
  facet normal 0 0 1
    outer loop
      vertex 41.9 76.4249 17.3
      vertex 40.925 74.7361 17.3
      vertex 41.0174 74.6743 17.3
    endloop
  endfacet
  facet normal 0 0 1
    outer loop
      vertex 40.72 74.821 17.3
      vertex 41.2247 76.7046 17.3
      vertex 40.8655 76.776 17.3
    endloop
  endfacet
  facet normal 0 0 1
    outer loop
      vertex 41.5715 76.5869 17.3
      vertex 40.8253 74.7853 17.3
      vertex 40.925 74.7361 17.3
    endloop
  endfacet
  facet normal 0 0 1
    outer loop
      vertex 41.2247 76.7046 17.3
      vertex 40.72 74.821 17.3
      vertex 40.8253 74.7853 17.3
    endloop
  endfacet
  facet normal 0 0 1
    outer loop
      vertex 40.8655 76.776 17.3
      vertex 40.6109 74.8427 17.3
      vertex 40.72 74.821 17.3
    endloop
  endfacet
  facet normal 0 0 1
    outer loop
      vertex 40.5 76.8 17.3
      vertex 40.6109 74.8427 17.3
      vertex 40.8655 76.776 17.3
    endloop
  endfacet
  facet normal 0 0 1
    outer loop
      vertex 40.5 76.8 17.3
      vertex 40.5 74.85 17.3
      vertex 40.6109 74.8427 17.3
    endloop
  endfacet
  facet normal 0 0 1
    outer loop
      vertex 40.5 76.8 17.3
      vertex 40.3891 74.8427 17.3
      vertex 40.5 74.85 17.3
    endloop
  endfacet
  facet normal -0 0 1
    outer loop
      vertex 40.1345 76.776 17.3
      vertex 40.3891 74.8427 17.3
      vertex 40.5 76.8 17.3
    endloop
  endfacet
  facet normal 0 0 1
    outer loop
      vertex 40.3891 74.8427 17.3
      vertex 40.1345 76.776 17.3
      vertex 40.28 74.821 17.3
    endloop
  endfacet
  facet normal -0 0 1
    outer loop
      vertex 39.7753 76.7046 17.3
      vertex 40.28 74.821 17.3
      vertex 40.1345 76.776 17.3
    endloop
  endfacet
  facet normal 0 0 1
    outer loop
      vertex 40.28 74.821 17.3
      vertex 39.7753 76.7046 17.3
      vertex 40.1747 74.7853 17.3
    endloop
  endfacet
  facet normal -0 0 1
    outer loop
      vertex 39.4285 76.5869 17.3
      vertex 40.1747 74.7853 17.3
      vertex 39.7753 76.7046 17.3
    endloop
  endfacet
  facet normal 0 0 1
    outer loop
      vertex 40.1747 74.7853 17.3
      vertex 39.4285 76.5869 17.3
      vertex 40.075 74.7361 17.3
    endloop
  endfacet
  facet normal -0 0 1
    outer loop
      vertex 39.1 76.4249 17.3
      vertex 40.075 74.7361 17.3
      vertex 39.4285 76.5869 17.3
    endloop
  endfacet
  facet normal 0 0 1
    outer loop
      vertex 40.075 74.7361 17.3
      vertex 39.1 76.4249 17.3
      vertex 39.9826 74.6743 17.3
    endloop
  endfacet
  facet normal -0 0 1
    outer loop
      vertex 38.7955 76.2214 17.3
      vertex 39.9826 74.6743 17.3
      vertex 39.1 76.4249 17.3
    endloop
  endfacet
  facet normal 0 0 1
    outer loop
      vertex 39.9826 74.6743 17.3
      vertex 38.7955 76.2214 17.3
      vertex 39.899 74.601 17.3
    endloop
  endfacet
  facet normal -0 0 1
    outer loop
      vertex 38.5201 75.9799 17.3
      vertex 39.899 74.601 17.3
      vertex 38.7955 76.2214 17.3
    endloop
  endfacet
  facet normal 0 0 1
    outer loop
      vertex 39.899 74.601 17.3
      vertex 38.5201 75.9799 17.3
      vertex 39.8256 74.5174 17.3
    endloop
  endfacet
  facet normal -0 0 1
    outer loop
      vertex 38.2786 75.7045 17.3
      vertex 39.8256 74.5174 17.3
      vertex 38.5201 75.9799 17.3
    endloop
  endfacet
  facet normal 0 0 1
    outer loop
      vertex 39.8256 74.5174 17.3
      vertex 38.2786 75.7045 17.3
      vertex 39.7639 74.425 17.3
    endloop
  endfacet
  facet normal -0 0 1
    outer loop
      vertex 41.1744 73.4826 17.3
      vertex 42.7214 72.2955 17.3
      vertex 41.2361 73.575 17.3
    endloop
  endfacet
  facet normal 0 0 1
    outer loop
      vertex 42.7214 72.2955 17.3
      vertex 41.1744 73.4826 17.3
      vertex 42.4799 72.0201 17.3
    endloop
  endfacet
  facet normal -0 0 1
    outer loop
      vertex 41.101 73.399 17.3
      vertex 42.4799 72.0201 17.3
      vertex 41.1744 73.4826 17.3
    endloop
  endfacet
  facet normal 0 0 1
    outer loop
      vertex 42.4799 72.0201 17.3
      vertex 41.101 73.399 17.3
      vertex 42.2045 71.7786 17.3
    endloop
  endfacet
  facet normal -0 0 1
    outer loop
      vertex 41.0174 73.3257 17.3
      vertex 42.2045 71.7786 17.3
      vertex 41.101 73.399 17.3
    endloop
  endfacet
  facet normal 0 0 1
    outer loop
      vertex 42.2045 71.7786 17.3
      vertex 41.0174 73.3257 17.3
      vertex 41.9 71.5751 17.3
    endloop
  endfacet
  facet normal -0 0 1
    outer loop
      vertex 40.925 73.2639 17.3
      vertex 41.9 71.5751 17.3
      vertex 41.0174 73.3257 17.3
    endloop
  endfacet
  facet normal 0 0 1
    outer loop
      vertex 41.9 71.5751 17.3
      vertex 40.925 73.2639 17.3
      vertex 41.5715 71.4131 17.3
    endloop
  endfacet
  facet normal -0 0 1
    outer loop
      vertex 40.8253 73.2147 17.3
      vertex 41.5715 71.4131 17.3
      vertex 40.925 73.2639 17.3
    endloop
  endfacet
  facet normal 0 0 1
    outer loop
      vertex 41.5715 71.4131 17.3
      vertex 40.8253 73.2147 17.3
      vertex 41.2247 71.2954 17.3
    endloop
  endfacet
  facet normal -0 0 1
    outer loop
      vertex 40.72 73.179 17.3
      vertex 41.2247 71.2954 17.3
      vertex 40.8253 73.2147 17.3
    endloop
  endfacet
  facet normal 0 0 1
    outer loop
      vertex 41.2247 71.2954 17.3
      vertex 40.72 73.179 17.3
      vertex 40.8655 71.224 17.3
    endloop
  endfacet
  facet normal -0 0 1
    outer loop
      vertex 40.6109 73.1573 17.3
      vertex 40.8655 71.224 17.3
      vertex 40.72 73.179 17.3
    endloop
  endfacet
  facet normal -0 0 1
    outer loop
      vertex 40.5 73.15 17.3
      vertex 40.8655 71.224 17.3
      vertex 40.6109 73.1573 17.3
    endloop
  endfacet
  facet normal 0 0 1
    outer loop
      vertex 40.5 73.15 17.3
      vertex 40.5 71.2 17.3
      vertex 40.8655 71.224 17.3
    endloop
  endfacet
  facet normal 0 0 1
    outer loop
      vertex 40.3891 73.1573 17.3
      vertex 40.5 71.2 17.3
      vertex 40.5 73.15 17.3
    endloop
  endfacet
  facet normal 0 0 1
    outer loop
      vertex 40.1345 71.224 17.3
      vertex 40.3891 73.1573 17.3
      vertex 40.28 73.179 17.3
    endloop
  endfacet
  facet normal 0 0 1
    outer loop
      vertex 39.7753 71.2954 17.3
      vertex 40.28 73.179 17.3
      vertex 40.1747 73.2147 17.3
    endloop
  endfacet
  facet normal 0 0 1
    outer loop
      vertex 40.3891 73.1573 17.3
      vertex 40.1345 71.224 17.3
      vertex 40.5 71.2 17.3
    endloop
  endfacet
  facet normal 0 0 1
    outer loop
      vertex 39.4285 71.4131 17.3
      vertex 40.1747 73.2147 17.3
      vertex 40.075 73.2639 17.3
    endloop
  endfacet
  facet normal 0 0 1
    outer loop
      vertex 39.1 71.5751 17.3
      vertex 40.075 73.2639 17.3
      vertex 39.9826 73.3257 17.3
    endloop
  endfacet
  facet normal 0 0 1
    outer loop
      vertex 38.7955 71.7786 17.3
      vertex 39.9826 73.3257 17.3
      vertex 39.899 73.399 17.3
    endloop
  endfacet
  facet normal 0 0 1
    outer loop
      vertex 38.5201 72.0201 17.3
      vertex 39.899 73.399 17.3
      vertex 39.8256 73.4826 17.3
    endloop
  endfacet
  facet normal 0 0 1
    outer loop
      vertex 40.28 73.179 17.3
      vertex 39.7753 71.2954 17.3
      vertex 40.1345 71.224 17.3
    endloop
  endfacet
  facet normal 0 0 1
    outer loop
      vertex 38.2786 72.2955 17.3
      vertex 39.8256 73.4826 17.3
      vertex 39.7639 73.575 17.3
    endloop
  endfacet
  facet normal 0 0 1
    outer loop
      vertex 38.0751 72.6 17.3
      vertex 39.7639 73.575 17.3
      vertex 39.7147 73.6747 17.3
    endloop
  endfacet
  facet normal 0 0 1
    outer loop
      vertex 37.9131 72.9285 17.3
      vertex 39.7147 73.6747 17.3
      vertex 39.679 73.78 17.3
    endloop
  endfacet
  facet normal 0 0 1
    outer loop
      vertex 37.7954 73.2753 17.3
      vertex 39.679 73.78 17.3
      vertex 39.6573 73.8891 17.3
    endloop
  endfacet
  facet normal 0 0 1
    outer loop
      vertex 37.724 73.6345 17.3
      vertex 39.6573 73.8891 17.3
      vertex 39.65 74 17.3
    endloop
  endfacet
  facet normal -0 0 1
    outer loop
      vertex 38.0751 75.4 17.3
      vertex 39.7639 74.425 17.3
      vertex 38.2786 75.7045 17.3
    endloop
  endfacet
  facet normal 0 0 1
    outer loop
      vertex 40.1747 73.2147 17.3
      vertex 39.4285 71.4131 17.3
      vertex 39.7753 71.2954 17.3
    endloop
  endfacet
  facet normal 0 0 1
    outer loop
      vertex 39.7639 74.425 17.3
      vertex 38.0751 75.4 17.3
      vertex 39.7147 74.3253 17.3
    endloop
  endfacet
  facet normal 0 0 1
    outer loop
      vertex 40.075 73.2639 17.3
      vertex 39.1 71.5751 17.3
      vertex 39.4285 71.4131 17.3
    endloop
  endfacet
  facet normal -0 0 1
    outer loop
      vertex 37.9131 75.0715 17.3
      vertex 39.7147 74.3253 17.3
      vertex 38.0751 75.4 17.3
    endloop
  endfacet
  facet normal 0 0 1
    outer loop
      vertex 39.9826 73.3257 17.3
      vertex 38.7955 71.7786 17.3
      vertex 39.1 71.5751 17.3
    endloop
  endfacet
  facet normal 0 0 1
    outer loop
      vertex 39.7147 74.3253 17.3
      vertex 37.9131 75.0715 17.3
      vertex 39.679 74.22 17.3
    endloop
  endfacet
  facet normal 0 0 1
    outer loop
      vertex 39.899 73.399 17.3
      vertex 38.5201 72.0201 17.3
      vertex 38.7955 71.7786 17.3
    endloop
  endfacet
  facet normal -0 0 1
    outer loop
      vertex 37.7954 74.7247 17.3
      vertex 39.679 74.22 17.3
      vertex 37.9131 75.0715 17.3
    endloop
  endfacet
  facet normal 0 0 1
    outer loop
      vertex 39.8256 73.4826 17.3
      vertex 38.2786 72.2955 17.3
      vertex 38.5201 72.0201 17.3
    endloop
  endfacet
  facet normal 0 0 1
    outer loop
      vertex 39.679 74.22 17.3
      vertex 37.7954 74.7247 17.3
      vertex 39.6573 74.1109 17.3
    endloop
  endfacet
  facet normal 0 0 1
    outer loop
      vertex 39.7639 73.575 17.3
      vertex 38.0751 72.6 17.3
      vertex 38.2786 72.2955 17.3
    endloop
  endfacet
  facet normal -0 0 1
    outer loop
      vertex 37.724 74.3655 17.3
      vertex 39.6573 74.1109 17.3
      vertex 37.7954 74.7247 17.3
    endloop
  endfacet
  facet normal 0 0 1
    outer loop
      vertex 39.7147 73.6747 17.3
      vertex 37.9131 72.9285 17.3
      vertex 38.0751 72.6 17.3
    endloop
  endfacet
  facet normal 0 0 1
    outer loop
      vertex 39.6573 74.1109 17.3
      vertex 37.724 74.3655 17.3
      vertex 39.65 74 17.3
    endloop
  endfacet
  facet normal 0 0 1
    outer loop
      vertex 39.679 73.78 17.3
      vertex 37.7954 73.2753 17.3
      vertex 37.9131 72.9285 17.3
    endloop
  endfacet
  facet normal 0 0 1
    outer loop
      vertex 37.7 74 17.3
      vertex 39.65 74 17.3
      vertex 37.724 74.3655 17.3
    endloop
  endfacet
  facet normal 0 0 1
    outer loop
      vertex 39.6573 73.8891 17.3
      vertex 37.724 73.6345 17.3
      vertex 37.7954 73.2753 17.3
    endloop
  endfacet
  facet normal 0 0 1
    outer loop
      vertex 39.65 74 17.3
      vertex 37.7 74 17.3
      vertex 37.724 73.6345 17.3
    endloop
  endfacet
  facet normal 0.896871 -0.442292 -7.65717e-20
    outer loop
      vertex 42.9249 72.6 17.3
      vertex 43.0869 72.9285 2.4
      vertex 43.0869 72.9285 17.3
    endloop
  endfacet
  facet normal 0.896871 -0.442292 -7.65717e-20
    outer loop
      vertex 43.0869 72.9285 2.4
      vertex 42.9249 72.6 17.3
      vertex 42.9249 72.6 2.4
    endloop
  endfacet
  facet normal -0.442292 0.896871 0
    outer loop
      vertex 39.4285 76.5869 2.4
      vertex 39.1 76.4249 17.3
      vertex 39.4285 76.5869 17.3
    endloop
  endfacet
  facet normal -0.442292 0.896871 0
    outer loop
      vertex 39.1 76.4249 17.3
      vertex 39.4285 76.5869 2.4
      vertex 39.1 76.4249 2.4
    endloop
  endfacet
  facet normal -0.896871 0.442292 -7.65717e-20
    outer loop
      vertex 37.9131 75.0715 2.4
      vertex 38.0751 75.4 17.3
      vertex 38.0751 75.4 2.4
    endloop
  endfacet
  facet normal -0.896871 0.442292 -7.65717e-20
    outer loop
      vertex 38.0751 75.4 17.3
      vertex 37.9131 75.0715 2.4
      vertex 37.9131 75.0715 17.3
    endloop
  endfacet
  facet normal 0.946949 -0.321384 -1.60998e-19
    outer loop
      vertex 43.0869 72.9285 17.3
      vertex 43.2046 73.2753 2.4
      vertex 43.2046 73.2753 17.3
    endloop
  endfacet
  facet normal 0.946949 -0.321384 -1.60998e-19
    outer loop
      vertex 43.2046 73.2753 2.4
      vertex 43.0869 72.9285 17.3
      vertex 43.0869 72.9285 2.4
    endloop
  endfacet
  facet normal 0.194961 -0.980811 0
    outer loop
      vertex 40.8655 71.224 2.4
      vertex 41.2247 71.2954 17.3
      vertex 40.8655 71.224 17.3
    endloop
  endfacet
  facet normal 0.194961 -0.980811 0
    outer loop
      vertex 41.2247 71.2954 17.3
      vertex 40.8655 71.224 2.4
      vertex 41.2247 71.2954 2.4
    endloop
  endfacet
  facet normal -0.659316 -0.751866 0
    outer loop
      vertex 38.5201 72.0201 2.4
      vertex 38.7955 71.7786 17.3
      vertex 38.5201 72.0201 17.3
    endloop
  endfacet
  facet normal -0.659316 -0.751866 -0
    outer loop
      vertex 38.7955 71.7786 17.3
      vertex 38.5201 72.0201 2.4
      vertex 38.7955 71.7786 2.4
    endloop
  endfacet
  facet normal 0.555645 0.83142 -0
    outer loop
      vertex 42.2045 76.2214 2.4
      vertex 41.9 76.4249 17.3
      vertex 42.2045 76.2214 17.3
    endloop
  endfacet
  facet normal 0.555645 0.83142 0
    outer loop
      vertex 41.9 76.4249 17.3
      vertex 42.2045 76.2214 2.4
      vertex 41.9 76.4249 2.4
    endloop
  endfacet
  facet normal 0.0655224 0.997851 -0
    outer loop
      vertex 40.8655 76.776 2.4
      vertex 40.5 76.8 17.3
      vertex 40.8655 76.776 17.3
    endloop
  endfacet
  facet normal 0.0655224 0.997851 0
    outer loop
      vertex 40.5 76.8 17.3
      vertex 40.8655 76.776 2.4
      vertex 40.5 76.8 2.4
    endloop
  endfacet
  facet normal 0.997851 -0.0655224 -1.18474e-19
    outer loop
      vertex 43.276 73.6345 17.3
      vertex 43.3 74 2.4
      vertex 43.3 74 17.3
    endloop
  endfacet
  facet normal 0.997851 -0.0655224 -1.18474e-19
    outer loop
      vertex 43.3 74 2.4
      vertex 43.276 73.6345 17.3
      vertex 43.276 73.6345 2.4
    endloop
  endfacet
  facet normal -0.555645 0.83142 0
    outer loop
      vertex 39.1 76.4249 2.4
      vertex 38.7955 76.2214 17.3
      vertex 39.1 76.4249 17.3
    endloop
  endfacet
  facet normal -0.555645 0.83142 0
    outer loop
      vertex 38.7955 76.2214 17.3
      vertex 39.1 76.4249 2.4
      vertex 38.7955 76.2214 2.4
    endloop
  endfacet
  facet normal -0.997851 -0.0655224 1.18474e-19
    outer loop
      vertex 37.724 73.6345 2.4
      vertex 37.7 74 17.3
      vertex 37.7 74 2.4
    endloop
  endfacet
  facet normal -0.997851 -0.0655224 1.18474e-19
    outer loop
      vertex 37.7 74 17.3
      vertex 37.724 73.6345 2.4
      vertex 37.724 73.6345 17.3
    endloop
  endfacet
  facet normal 0.555645 -0.83142 0
    outer loop
      vertex 41.9 71.5751 2.4
      vertex 42.2045 71.7786 17.3
      vertex 41.9 71.5751 17.3
    endloop
  endfacet
  facet normal 0.555645 -0.83142 0
    outer loop
      vertex 42.2045 71.7786 17.3
      vertex 41.9 71.5751 2.4
      vertex 42.2045 71.7786 2.4
    endloop
  endfacet
  facet normal 0.194961 0.980811 -0
    outer loop
      vertex 41.2247 76.7046 2.4
      vertex 40.8655 76.776 17.3
      vertex 41.2247 76.7046 17.3
    endloop
  endfacet
  facet normal 0.194961 0.980811 0
    outer loop
      vertex 40.8655 76.776 17.3
      vertex 41.2247 76.7046 2.4
      vertex 40.8655 76.776 2.4
    endloop
  endfacet
  facet normal -0.659316 0.751866 0
    outer loop
      vertex 38.7955 76.2214 2.4
      vertex 38.5201 75.9799 17.3
      vertex 38.7955 76.2214 17.3
    endloop
  endfacet
  facet normal -0.659316 0.751866 0
    outer loop
      vertex 38.5201 75.9799 17.3
      vertex 38.7955 76.2214 2.4
      vertex 38.5201 75.9799 2.4
    endloop
  endfacet
  facet normal -0.321384 0.946949 0
    outer loop
      vertex 39.7753 76.7046 2.4
      vertex 39.4285 76.5869 17.3
      vertex 39.7753 76.7046 17.3
    endloop
  endfacet
  facet normal -0.321384 0.946949 0
    outer loop
      vertex 39.4285 76.5869 17.3
      vertex 39.7753 76.7046 2.4
      vertex 39.4285 76.5869 2.4
    endloop
  endfacet
  facet normal -0.980811 -0.194961 1.10985e-19
    outer loop
      vertex 37.7954 73.2753 2.4
      vertex 37.724 73.6345 17.3
      vertex 37.724 73.6345 2.4
    endloop
  endfacet
  facet normal -0.980811 -0.194961 1.10985e-19
    outer loop
      vertex 37.724 73.6345 17.3
      vertex 37.7954 73.2753 2.4
      vertex 37.7954 73.2753 17.3
    endloop
  endfacet
  facet normal 0.980811 -0.194961 -1.10985e-19
    outer loop
      vertex 43.2046 73.2753 17.3
      vertex 43.276 73.6345 2.4
      vertex 43.276 73.6345 17.3
    endloop
  endfacet
  facet normal 0.980811 -0.194961 -1.10985e-19
    outer loop
      vertex 43.276 73.6345 2.4
      vertex 43.2046 73.2753 17.3
      vertex 43.2046 73.2753 2.4
    endloop
  endfacet
  facet normal 0.0655224 -0.997851 0
    outer loop
      vertex 40.5 71.2 2.4
      vertex 40.8655 71.224 17.3
      vertex 40.5 71.2 17.3
    endloop
  endfacet
  facet normal 0.0655224 -0.997851 0
    outer loop
      vertex 40.8655 71.224 17.3
      vertex 40.5 71.2 2.4
      vertex 40.8655 71.224 2.4
    endloop
  endfacet
  facet normal -0.896871 -0.442292 7.65717e-20
    outer loop
      vertex 38.0751 72.6 2.4
      vertex 37.9131 72.9285 17.3
      vertex 37.9131 72.9285 2.4
    endloop
  endfacet
  facet normal -0.896871 -0.442292 7.65717e-20
    outer loop
      vertex 37.9131 72.9285 17.3
      vertex 38.0751 72.6 2.4
      vertex 38.0751 72.6 17.3
    endloop
  endfacet
  facet normal -0.83142 -0.555645 8.18681e-20
    outer loop
      vertex 38.2786 72.2955 2.4
      vertex 38.0751 72.6 17.3
      vertex 38.0751 72.6 2.4
    endloop
  endfacet
  facet normal -0.83142 -0.555645 8.18681e-20
    outer loop
      vertex 38.0751 72.6 17.3
      vertex 38.2786 72.2955 2.4
      vertex 38.2786 72.2955 17.3
    endloop
  endfacet
  facet normal -0.442292 -0.896871 0
    outer loop
      vertex 39.1 71.5751 2.4
      vertex 39.4285 71.4131 17.3
      vertex 39.1 71.5751 17.3
    endloop
  endfacet
  facet normal -0.442292 -0.896871 -0
    outer loop
      vertex 39.4285 71.4131 17.3
      vertex 39.1 71.5751 2.4
      vertex 39.4285 71.4131 2.4
    endloop
  endfacet
  facet normal 0.751866 -0.659316 4.91731e-19
    outer loop
      vertex 42.4799 72.0201 17.3
      vertex 42.7214 72.2955 2.4
      vertex 42.7214 72.2955 17.3
    endloop
  endfacet
  facet normal 0.751866 -0.659316 4.91731e-19
    outer loop
      vertex 42.7214 72.2955 2.4
      vertex 42.4799 72.0201 17.3
      vertex 42.4799 72.0201 2.4
    endloop
  endfacet
  facet normal -0.0655224 0.997851 0
    outer loop
      vertex 40.5 76.8 2.4
      vertex 40.1345 76.776 17.3
      vertex 40.5 76.8 17.3
    endloop
  endfacet
  facet normal -0.0655224 0.997851 0
    outer loop
      vertex 40.1345 76.776 17.3
      vertex 40.5 76.8 2.4
      vertex 40.1345 76.776 2.4
    endloop
  endfacet
  facet normal -0.751866 -0.659316 -4.91731e-19
    outer loop
      vertex 38.5201 72.0201 2.4
      vertex 38.2786 72.2955 17.3
      vertex 38.2786 72.2955 2.4
    endloop
  endfacet
  facet normal -0.751866 -0.659316 -4.91731e-19
    outer loop
      vertex 38.2786 72.2955 17.3
      vertex 38.5201 72.0201 2.4
      vertex 38.5201 72.0201 17.3
    endloop
  endfacet
  facet normal 0.442292 0.896871 -0
    outer loop
      vertex 41.9 76.4249 2.4
      vertex 41.5715 76.5869 17.3
      vertex 41.9 76.4249 17.3
    endloop
  endfacet
  facet normal 0.442292 0.896871 0
    outer loop
      vertex 41.5715 76.5869 17.3
      vertex 41.9 76.4249 2.4
      vertex 41.5715 76.5869 2.4
    endloop
  endfacet
  facet normal -0.946949 -0.321384 1.60998e-19
    outer loop
      vertex 37.9131 72.9285 2.4
      vertex 37.7954 73.2753 17.3
      vertex 37.7954 73.2753 2.4
    endloop
  endfacet
  facet normal -0.946949 -0.321384 1.60998e-19
    outer loop
      vertex 37.7954 73.2753 17.3
      vertex 37.9131 72.9285 2.4
      vertex 37.9131 72.9285 17.3
    endloop
  endfacet
  facet normal 0.83142 -0.555645 -8.18681e-20
    outer loop
      vertex 42.7214 72.2955 17.3
      vertex 42.9249 72.6 2.4
      vertex 42.9249 72.6 17.3
    endloop
  endfacet
  facet normal 0.83142 -0.555645 -8.18681e-20
    outer loop
      vertex 42.9249 72.6 2.4
      vertex 42.7214 72.2955 17.3
      vertex 42.7214 72.2955 2.4
    endloop
  endfacet
  facet normal -0.194961 0.980811 0
    outer loop
      vertex 40.1345 76.776 2.4
      vertex 39.7753 76.7046 17.3
      vertex 40.1345 76.776 17.3
    endloop
  endfacet
  facet normal -0.194961 0.980811 0
    outer loop
      vertex 39.7753 76.7046 17.3
      vertex 40.1345 76.776 2.4
      vertex 39.7753 76.7046 2.4
    endloop
  endfacet
  facet normal -0.194961 -0.980811 0
    outer loop
      vertex 39.7753 71.2954 2.4
      vertex 40.1345 71.224 17.3
      vertex 39.7753 71.2954 17.3
    endloop
  endfacet
  facet normal -0.194961 -0.980811 -0
    outer loop
      vertex 40.1345 71.224 17.3
      vertex 39.7753 71.2954 2.4
      vertex 40.1345 71.224 2.4
    endloop
  endfacet
  facet normal 0.751866 0.659316 -4.91731e-19
    outer loop
      vertex 42.7214 75.7045 17.3
      vertex 42.4799 75.9799 2.4
      vertex 42.4799 75.9799 17.3
    endloop
  endfacet
  facet normal 0.751866 0.659316 -4.91731e-19
    outer loop
      vertex 42.4799 75.9799 2.4
      vertex 42.7214 75.7045 17.3
      vertex 42.7214 75.7045 2.4
    endloop
  endfacet
  facet normal -0.83142 0.555645 -8.18681e-20
    outer loop
      vertex 38.0751 75.4 2.4
      vertex 38.2786 75.7045 17.3
      vertex 38.2786 75.7045 2.4
    endloop
  endfacet
  facet normal -0.83142 0.555645 -8.18681e-20
    outer loop
      vertex 38.2786 75.7045 17.3
      vertex 38.0751 75.4 2.4
      vertex 38.0751 75.4 17.3
    endloop
  endfacet
  facet normal -0.555645 -0.83142 0
    outer loop
      vertex 38.7955 71.7786 2.4
      vertex 39.1 71.5751 17.3
      vertex 38.7955 71.7786 17.3
    endloop
  endfacet
  facet normal -0.555645 -0.83142 -0
    outer loop
      vertex 39.1 71.5751 17.3
      vertex 38.7955 71.7786 2.4
      vertex 39.1 71.5751 2.4
    endloop
  endfacet
  facet normal -0.980811 0.194961 -1.10985e-19
    outer loop
      vertex 37.724 74.3655 2.4
      vertex 37.7954 74.7247 17.3
      vertex 37.7954 74.7247 2.4
    endloop
  endfacet
  facet normal -0.980811 0.194961 -1.10985e-19
    outer loop
      vertex 37.7954 74.7247 17.3
      vertex 37.724 74.3655 2.4
      vertex 37.724 74.3655 17.3
    endloop
  endfacet
  facet normal -0.0655224 -0.997851 0
    outer loop
      vertex 40.1345 71.224 2.4
      vertex 40.5 71.2 17.3
      vertex 40.1345 71.224 17.3
    endloop
  endfacet
  facet normal -0.0655224 -0.997851 -0
    outer loop
      vertex 40.5 71.2 17.3
      vertex 40.1345 71.224 2.4
      vertex 40.5 71.2 2.4
    endloop
  endfacet
  facet normal 0.659316 -0.751866 0
    outer loop
      vertex 42.2045 71.7786 2.4
      vertex 42.4799 72.0201 17.3
      vertex 42.2045 71.7786 17.3
    endloop
  endfacet
  facet normal 0.659316 -0.751866 0
    outer loop
      vertex 42.4799 72.0201 17.3
      vertex 42.2045 71.7786 2.4
      vertex 42.4799 72.0201 2.4
    endloop
  endfacet
  facet normal 0.980811 0.194961 1.10985e-19
    outer loop
      vertex -37.724 -73.6345 17.3
      vertex -37.7954 -73.2753 2.4
      vertex -37.7954 -73.2753 17.3
    endloop
  endfacet
  facet normal 0.980811 0.194961 1.10985e-19
    outer loop
      vertex -37.7954 -73.2753 2.4
      vertex -37.724 -73.6345 17.3
      vertex -37.724 -73.6345 2.4
    endloop
  endfacet
  facet normal 0.997851 0.0655224 1.18474e-19
    outer loop
      vertex -37.7 -74 17.3
      vertex -37.724 -73.6345 2.4
      vertex -37.724 -73.6345 17.3
    endloop
  endfacet
  facet normal 0.997851 0.0655224 1.18474e-19
    outer loop
      vertex -37.724 -73.6345 2.4
      vertex -37.7 -74 17.3
      vertex -37.7 -74 2.4
    endloop
  endfacet
  facet normal 0.946949 0.321384 1.60998e-19
    outer loop
      vertex -37.7954 -73.2753 17.3
      vertex -37.9131 -72.9285 2.4
      vertex -37.9131 -72.9285 17.3
    endloop
  endfacet
  facet normal 0.946949 0.321384 1.60998e-19
    outer loop
      vertex -37.9131 -72.9285 2.4
      vertex -37.7954 -73.2753 17.3
      vertex -37.7954 -73.2753 2.4
    endloop
  endfacet
  facet normal -0.997851 0.0655224 -1.18474e-19
    outer loop
      vertex -43.3 -74 2.4
      vertex -43.276 -73.6345 17.3
      vertex -43.276 -73.6345 2.4
    endloop
  endfacet
  facet normal -0.997851 0.0655224 -1.18474e-19
    outer loop
      vertex -43.276 -73.6345 17.3
      vertex -43.3 -74 2.4
      vertex -43.3 -74 17.3
    endloop
  endfacet
  facet normal 0.83142 0.555645 8.18681e-20
    outer loop
      vertex -38.0751 -72.6 17.3
      vertex -38.2786 -72.2955 2.4
      vertex -38.2786 -72.2955 17.3
    endloop
  endfacet
  facet normal 0.83142 0.555645 8.18681e-20
    outer loop
      vertex -38.2786 -72.2955 2.4
      vertex -38.0751 -72.6 17.3
      vertex -38.0751 -72.6 2.4
    endloop
  endfacet
  facet normal 0.442292 0.896871 -0
    outer loop
      vertex -39.1 -71.5751 2.4
      vertex -39.4285 -71.4131 17.3
      vertex -39.1 -71.5751 17.3
    endloop
  endfacet
  facet normal 0.442292 0.896871 0
    outer loop
      vertex -39.4285 -71.4131 17.3
      vertex -39.1 -71.5751 2.4
      vertex -39.4285 -71.4131 2.4
    endloop
  endfacet
  facet normal -0.442292 0.896871 0
    outer loop
      vertex -41.5715 -71.4131 2.4
      vertex -41.9 -71.5751 17.3
      vertex -41.5715 -71.4131 17.3
    endloop
  endfacet
  facet normal -0.442292 0.896871 0
    outer loop
      vertex -41.9 -71.5751 17.3
      vertex -41.5715 -71.4131 2.4
      vertex -41.9 -71.5751 2.4
    endloop
  endfacet
  facet normal -0.896871 0.442292 -7.65717e-20
    outer loop
      vertex -43.0869 -72.9285 2.4
      vertex -42.9249 -72.6 17.3
      vertex -42.9249 -72.6 2.4
    endloop
  endfacet
  facet normal -0.896871 0.442292 -7.65717e-20
    outer loop
      vertex -42.9249 -72.6 17.3
      vertex -43.0869 -72.9285 2.4
      vertex -43.0869 -72.9285 17.3
    endloop
  endfacet
  facet normal 0.442292 -0.896871 0
    outer loop
      vertex -39.4285 -76.5869 2.4
      vertex -39.1 -76.4249 17.3
      vertex -39.4285 -76.5869 17.3
    endloop
  endfacet
  facet normal 0.442292 -0.896871 0
    outer loop
      vertex -39.1 -76.4249 17.3
      vertex -39.4285 -76.5869 2.4
      vertex -39.1 -76.4249 2.4
    endloop
  endfacet
  facet normal 0.896871 0.442292 7.65717e-20
    outer loop
      vertex -37.9131 -72.9285 17.3
      vertex -38.0751 -72.6 2.4
      vertex -38.0751 -72.6 17.3
    endloop
  endfacet
  facet normal 0.896871 0.442292 7.65717e-20
    outer loop
      vertex -38.0751 -72.6 2.4
      vertex -37.9131 -72.9285 17.3
      vertex -37.9131 -72.9285 2.4
    endloop
  endfacet
  facet normal 0.980811 -0.194961 -1.10985e-19
    outer loop
      vertex -37.7954 -74.7247 17.3
      vertex -37.724 -74.3655 2.4
      vertex -37.724 -74.3655 17.3
    endloop
  endfacet
  facet normal 0.980811 -0.194961 -1.10985e-19
    outer loop
      vertex -37.724 -74.3655 2.4
      vertex -37.7954 -74.7247 17.3
      vertex -37.7954 -74.7247 2.4
    endloop
  endfacet
  facet normal 0.946949 -0.321384 -1.60998e-19
    outer loop
      vertex -37.9131 -75.0715 17.3
      vertex -37.7954 -74.7247 2.4
      vertex -37.7954 -74.7247 17.3
    endloop
  endfacet
  facet normal 0.946949 -0.321384 -1.60998e-19
    outer loop
      vertex -37.7954 -74.7247 2.4
      vertex -37.9131 -75.0715 17.3
      vertex -37.9131 -75.0715 2.4
    endloop
  endfacet
  facet normal -0.751866 0.659316 4.91731e-19
    outer loop
      vertex -42.7214 -72.2955 2.4
      vertex -42.4799 -72.0201 17.3
      vertex -42.4799 -72.0201 2.4
    endloop
  endfacet
  facet normal -0.751866 0.659316 4.91731e-19
    outer loop
      vertex -42.4799 -72.0201 17.3
      vertex -42.7214 -72.2955 2.4
      vertex -42.7214 -72.2955 17.3
    endloop
  endfacet
  facet normal 0.321384 -0.946949 0
    outer loop
      vertex -39.7753 -76.7046 2.4
      vertex -39.4285 -76.5869 17.3
      vertex -39.7753 -76.7046 17.3
    endloop
  endfacet
  facet normal 0.321384 -0.946949 0
    outer loop
      vertex -39.4285 -76.5869 17.3
      vertex -39.7753 -76.7046 2.4
      vertex -39.4285 -76.5869 2.4
    endloop
  endfacet
  facet normal -0.659316 0.751866 0
    outer loop
      vertex -42.2045 -71.7786 2.4
      vertex -42.4799 -72.0201 17.3
      vertex -42.2045 -71.7786 17.3
    endloop
  endfacet
  facet normal -0.659316 0.751866 0
    outer loop
      vertex -42.4799 -72.0201 17.3
      vertex -42.2045 -71.7786 2.4
      vertex -42.4799 -72.0201 2.4
    endloop
  endfacet
  facet normal -0.896871 -0.442292 7.65717e-20
    outer loop
      vertex -42.9249 -75.4 2.4
      vertex -43.0869 -75.0715 17.3
      vertex -43.0869 -75.0715 2.4
    endloop
  endfacet
  facet normal -0.896871 -0.442292 7.65717e-20
    outer loop
      vertex -43.0869 -75.0715 17.3
      vertex -42.9249 -75.4 2.4
      vertex -42.9249 -75.4 17.3
    endloop
  endfacet
  facet normal 0.555645 0.83142 -0
    outer loop
      vertex -38.7955 -71.7786 2.4
      vertex -39.1 -71.5751 17.3
      vertex -38.7955 -71.7786 17.3
    endloop
  endfacet
  facet normal 0.555645 0.83142 0
    outer loop
      vertex -39.1 -71.5751 17.3
      vertex -38.7955 -71.7786 2.4
      vertex -39.1 -71.5751 2.4
    endloop
  endfacet
  facet normal -0.321384 0.946949 0
    outer loop
      vertex -41.2247 -71.2954 2.4
      vertex -41.5715 -71.4131 17.3
      vertex -41.2247 -71.2954 17.3
    endloop
  endfacet
  facet normal -0.321384 0.946949 0
    outer loop
      vertex -41.5715 -71.4131 17.3
      vertex -41.2247 -71.2954 2.4
      vertex -41.5715 -71.4131 2.4
    endloop
  endfacet
  facet normal -0.0655224 -0.997851 0
    outer loop
      vertex -40.8655 -76.776 2.4
      vertex -40.5 -76.8 17.3
      vertex -40.8655 -76.776 17.3
    endloop
  endfacet
  facet normal -0.0655224 -0.997851 -0
    outer loop
      vertex -40.5 -76.8 17.3
      vertex -40.8655 -76.776 2.4
      vertex -40.5 -76.8 2.4
    endloop
  endfacet
  facet normal -0.946949 -0.321384 1.60998e-19
    outer loop
      vertex -43.0869 -75.0715 2.4
      vertex -43.2046 -74.7247 17.3
      vertex -43.2046 -74.7247 2.4
    endloop
  endfacet
  facet normal -0.946949 -0.321384 1.60998e-19
    outer loop
      vertex -43.2046 -74.7247 17.3
      vertex -43.0869 -75.0715 2.4
      vertex -43.0869 -75.0715 17.3
    endloop
  endfacet
  facet normal -0.555645 0.83142 0
    outer loop
      vertex -41.9 -71.5751 2.4
      vertex -42.2045 -71.7786 17.3
      vertex -41.9 -71.5751 17.3
    endloop
  endfacet
  facet normal -0.555645 0.83142 0
    outer loop
      vertex -42.2045 -71.7786 17.3
      vertex -41.9 -71.5751 2.4
      vertex -42.2045 -71.7786 2.4
    endloop
  endfacet
  facet normal 0.997851 -0.0655224 -1.18474e-19
    outer loop
      vertex -37.724 -74.3655 17.3
      vertex -37.7 -74 2.4
      vertex -37.7 -74 17.3
    endloop
  endfacet
  facet normal 0.997851 -0.0655224 -1.18474e-19
    outer loop
      vertex -37.7 -74 2.4
      vertex -37.724 -74.3655 17.3
      vertex -37.724 -74.3655 2.4
    endloop
  endfacet
  facet normal -0.751866 -0.659316 -4.91731e-19
    outer loop
      vertex -42.4799 -75.9799 2.4
      vertex -42.7214 -75.7045 17.3
      vertex -42.7214 -75.7045 2.4
    endloop
  endfacet
  facet normal -0.751866 -0.659316 -4.91731e-19
    outer loop
      vertex -42.7214 -75.7045 17.3
      vertex -42.4799 -75.9799 2.4
      vertex -42.4799 -75.9799 17.3
    endloop
  endfacet
  facet normal 0.555645 -0.83142 0
    outer loop
      vertex -39.1 -76.4249 2.4
      vertex -38.7955 -76.2214 17.3
      vertex -39.1 -76.4249 17.3
    endloop
  endfacet
  facet normal 0.555645 -0.83142 0
    outer loop
      vertex -38.7955 -76.2214 17.3
      vertex -39.1 -76.4249 2.4
      vertex -38.7955 -76.2214 2.4
    endloop
  endfacet
  facet normal 0 0 1
    outer loop
      vertex -39.65 -74 17.3
      vertex -37.7 -74 17.3
      vertex -37.724 -73.6345 17.3
    endloop
  endfacet
  facet normal 0 0 1
    outer loop
      vertex -39.6573 -73.8891 17.3
      vertex -37.724 -73.6345 17.3
      vertex -37.7954 -73.2753 17.3
    endloop
  endfacet
  facet normal 0 0 1
    outer loop
      vertex -37.7 -74 17.3
      vertex -39.65 -74 17.3
      vertex -37.724 -74.3655 17.3
    endloop
  endfacet
  facet normal 0 0 1
    outer loop
      vertex -39.679 -73.78 17.3
      vertex -37.7954 -73.2753 17.3
      vertex -37.9131 -72.9285 17.3
    endloop
  endfacet
  facet normal -0 0 1
    outer loop
      vertex -39.6573 -74.1109 17.3
      vertex -37.724 -74.3655 17.3
      vertex -39.65 -74 17.3
    endloop
  endfacet
  facet normal 0 0 1
    outer loop
      vertex -39.7147 -73.6747 17.3
      vertex -37.9131 -72.9285 17.3
      vertex -38.0751 -72.6 17.3
    endloop
  endfacet
  facet normal 0 0 1
    outer loop
      vertex -37.724 -74.3655 17.3
      vertex -39.6573 -74.1109 17.3
      vertex -37.7954 -74.7247 17.3
    endloop
  endfacet
  facet normal 0 0 1
    outer loop
      vertex -39.7639 -73.575 17.3
      vertex -38.0751 -72.6 17.3
      vertex -38.2786 -72.2955 17.3
    endloop
  endfacet
  facet normal -0 0 1
    outer loop
      vertex -39.679 -74.22 17.3
      vertex -37.7954 -74.7247 17.3
      vertex -39.6573 -74.1109 17.3
    endloop
  endfacet
  facet normal 0 0 1
    outer loop
      vertex -39.8256 -73.4826 17.3
      vertex -38.2786 -72.2955 17.3
      vertex -38.5201 -72.0201 17.3
    endloop
  endfacet
  facet normal 0 0 1
    outer loop
      vertex -37.7954 -74.7247 17.3
      vertex -39.679 -74.22 17.3
      vertex -37.9131 -75.0715 17.3
    endloop
  endfacet
  facet normal 0 0 1
    outer loop
      vertex -39.899 -73.399 17.3
      vertex -38.5201 -72.0201 17.3
      vertex -38.7955 -71.7786 17.3
    endloop
  endfacet
  facet normal -0 0 1
    outer loop
      vertex -39.7147 -74.3253 17.3
      vertex -37.9131 -75.0715 17.3
      vertex -39.679 -74.22 17.3
    endloop
  endfacet
  facet normal 0 0 1
    outer loop
      vertex -39.9826 -73.3257 17.3
      vertex -38.7955 -71.7786 17.3
      vertex -39.1 -71.5751 17.3
    endloop
  endfacet
  facet normal 0 0 1
    outer loop
      vertex -37.9131 -75.0715 17.3
      vertex -39.7147 -74.3253 17.3
      vertex -38.0751 -75.4 17.3
    endloop
  endfacet
  facet normal 0 0 1
    outer loop
      vertex -40.075 -73.2639 17.3
      vertex -39.1 -71.5751 17.3
      vertex -39.4285 -71.4131 17.3
    endloop
  endfacet
  facet normal -0 0 1
    outer loop
      vertex -39.7639 -74.425 17.3
      vertex -38.0751 -75.4 17.3
      vertex -39.7147 -74.3253 17.3
    endloop
  endfacet
  facet normal 0 0 1
    outer loop
      vertex -38.0751 -75.4 17.3
      vertex -39.7639 -74.425 17.3
      vertex -38.2786 -75.7045 17.3
    endloop
  endfacet
  facet normal 0 0 1
    outer loop
      vertex -37.724 -73.6345 17.3
      vertex -39.6573 -73.8891 17.3
      vertex -39.65 -74 17.3
    endloop
  endfacet
  facet normal 0 0 1
    outer loop
      vertex -37.7954 -73.2753 17.3
      vertex -39.679 -73.78 17.3
      vertex -39.6573 -73.8891 17.3
    endloop
  endfacet
  facet normal 0 0 1
    outer loop
      vertex -37.9131 -72.9285 17.3
      vertex -39.7147 -73.6747 17.3
      vertex -39.679 -73.78 17.3
    endloop
  endfacet
  facet normal 0 0 1
    outer loop
      vertex -38.0751 -72.6 17.3
      vertex -39.7639 -73.575 17.3
      vertex -39.7147 -73.6747 17.3
    endloop
  endfacet
  facet normal 0 0 1
    outer loop
      vertex -40.1747 -73.2147 17.3
      vertex -39.4285 -71.4131 17.3
      vertex -39.7753 -71.2954 17.3
    endloop
  endfacet
  facet normal 0 0 1
    outer loop
      vertex -38.2786 -72.2955 17.3
      vertex -39.8256 -73.4826 17.3
      vertex -39.7639 -73.575 17.3
    endloop
  endfacet
  facet normal 0 0 1
    outer loop
      vertex -38.5201 -72.0201 17.3
      vertex -39.899 -73.399 17.3
      vertex -39.8256 -73.4826 17.3
    endloop
  endfacet
  facet normal 0 0 1
    outer loop
      vertex -38.7955 -71.7786 17.3
      vertex -39.9826 -73.3257 17.3
      vertex -39.899 -73.399 17.3
    endloop
  endfacet
  facet normal 0 0 1
    outer loop
      vertex -39.1 -71.5751 17.3
      vertex -40.075 -73.2639 17.3
      vertex -39.9826 -73.3257 17.3
    endloop
  endfacet
  facet normal 0 0 1
    outer loop
      vertex -40.28 -73.179 17.3
      vertex -39.7753 -71.2954 17.3
      vertex -40.1345 -71.224 17.3
    endloop
  endfacet
  facet normal 0 0 1
    outer loop
      vertex -39.4285 -71.4131 17.3
      vertex -40.1747 -73.2147 17.3
      vertex -40.075 -73.2639 17.3
    endloop
  endfacet
  facet normal 0 0 1
    outer loop
      vertex -39.7753 -71.2954 17.3
      vertex -40.28 -73.179 17.3
      vertex -40.1747 -73.2147 17.3
    endloop
  endfacet
  facet normal 0 0 1
    outer loop
      vertex -40.1345 -71.224 17.3
      vertex -40.3891 -73.1573 17.3
      vertex -40.28 -73.179 17.3
    endloop
  endfacet
  facet normal 0 0 1
    outer loop
      vertex -40.5 -71.2 17.3
      vertex -40.3891 -73.1573 17.3
      vertex -40.1345 -71.224 17.3
    endloop
  endfacet
  facet normal 0 0 1
    outer loop
      vertex -40.5 -71.2 17.3
      vertex -40.5 -73.15 17.3
      vertex -40.3891 -73.1573 17.3
    endloop
  endfacet
  facet normal 0 0 1
    outer loop
      vertex -40.5 -71.2 17.3
      vertex -40.6109 -73.1573 17.3
      vertex -40.5 -73.15 17.3
    endloop
  endfacet
  facet normal -0 0 1
    outer loop
      vertex -40.8655 -71.224 17.3
      vertex -40.6109 -73.1573 17.3
      vertex -40.5 -71.2 17.3
    endloop
  endfacet
  facet normal 0 0 1
    outer loop
      vertex -40.6109 -73.1573 17.3
      vertex -40.8655 -71.224 17.3
      vertex -40.72 -73.179 17.3
    endloop
  endfacet
  facet normal -0 0 1
    outer loop
      vertex -41.2247 -71.2954 17.3
      vertex -40.72 -73.179 17.3
      vertex -40.8655 -71.224 17.3
    endloop
  endfacet
  facet normal 0 0 1
    outer loop
      vertex -40.72 -73.179 17.3
      vertex -41.2247 -71.2954 17.3
      vertex -40.8253 -73.2147 17.3
    endloop
  endfacet
  facet normal -0 0 1
    outer loop
      vertex -41.5715 -71.4131 17.3
      vertex -40.8253 -73.2147 17.3
      vertex -41.2247 -71.2954 17.3
    endloop
  endfacet
  facet normal 0 0 1
    outer loop
      vertex -40.8253 -73.2147 17.3
      vertex -41.5715 -71.4131 17.3
      vertex -40.925 -73.2639 17.3
    endloop
  endfacet
  facet normal -0 0 1
    outer loop
      vertex -41.9 -71.5751 17.3
      vertex -40.925 -73.2639 17.3
      vertex -41.5715 -71.4131 17.3
    endloop
  endfacet
  facet normal 0 0 1
    outer loop
      vertex -40.925 -73.2639 17.3
      vertex -41.9 -71.5751 17.3
      vertex -41.0174 -73.3257 17.3
    endloop
  endfacet
  facet normal -0 0 1
    outer loop
      vertex -42.2045 -71.7786 17.3
      vertex -41.0174 -73.3257 17.3
      vertex -41.9 -71.5751 17.3
    endloop
  endfacet
  facet normal 0 0 1
    outer loop
      vertex -41.0174 -73.3257 17.3
      vertex -42.2045 -71.7786 17.3
      vertex -41.101 -73.399 17.3
    endloop
  endfacet
  facet normal -0 0 1
    outer loop
      vertex -42.4799 -72.0201 17.3
      vertex -41.101 -73.399 17.3
      vertex -42.2045 -71.7786 17.3
    endloop
  endfacet
  facet normal 0 0 1
    outer loop
      vertex -41.101 -73.399 17.3
      vertex -42.4799 -72.0201 17.3
      vertex -41.1744 -73.4826 17.3
    endloop
  endfacet
  facet normal -0 0 1
    outer loop
      vertex -42.7214 -72.2955 17.3
      vertex -41.1744 -73.4826 17.3
      vertex -42.4799 -72.0201 17.3
    endloop
  endfacet
  facet normal 0 0 1
    outer loop
      vertex -41.1744 -73.4826 17.3
      vertex -42.7214 -72.2955 17.3
      vertex -41.2361 -73.575 17.3
    endloop
  endfacet
  facet normal -0 0 1
    outer loop
      vertex -39.8256 -74.5174 17.3
      vertex -38.2786 -75.7045 17.3
      vertex -39.7639 -74.425 17.3
    endloop
  endfacet
  facet normal 0 0 1
    outer loop
      vertex -38.2786 -75.7045 17.3
      vertex -39.8256 -74.5174 17.3
      vertex -38.5201 -75.9799 17.3
    endloop
  endfacet
  facet normal -0 0 1
    outer loop
      vertex -39.899 -74.601 17.3
      vertex -38.5201 -75.9799 17.3
      vertex -39.8256 -74.5174 17.3
    endloop
  endfacet
  facet normal 0 0 1
    outer loop
      vertex -38.5201 -75.9799 17.3
      vertex -39.899 -74.601 17.3
      vertex -38.7955 -76.2214 17.3
    endloop
  endfacet
  facet normal -0 0 1
    outer loop
      vertex -39.9826 -74.6743 17.3
      vertex -38.7955 -76.2214 17.3
      vertex -39.899 -74.601 17.3
    endloop
  endfacet
  facet normal 0 0 1
    outer loop
      vertex -38.7955 -76.2214 17.3
      vertex -39.9826 -74.6743 17.3
      vertex -39.1 -76.4249 17.3
    endloop
  endfacet
  facet normal -0 0 1
    outer loop
      vertex -40.075 -74.7361 17.3
      vertex -39.1 -76.4249 17.3
      vertex -39.9826 -74.6743 17.3
    endloop
  endfacet
  facet normal 0 0 1
    outer loop
      vertex -39.1 -76.4249 17.3
      vertex -40.075 -74.7361 17.3
      vertex -39.4285 -76.5869 17.3
    endloop
  endfacet
  facet normal -0 0 1
    outer loop
      vertex -40.1747 -74.7853 17.3
      vertex -39.4285 -76.5869 17.3
      vertex -40.075 -74.7361 17.3
    endloop
  endfacet
  facet normal 0 0 1
    outer loop
      vertex -39.4285 -76.5869 17.3
      vertex -40.1747 -74.7853 17.3
      vertex -39.7753 -76.7046 17.3
    endloop
  endfacet
  facet normal -0 0 1
    outer loop
      vertex -40.28 -74.821 17.3
      vertex -39.7753 -76.7046 17.3
      vertex -40.1747 -74.7853 17.3
    endloop
  endfacet
  facet normal 0 0 1
    outer loop
      vertex -39.7753 -76.7046 17.3
      vertex -40.28 -74.821 17.3
      vertex -40.1345 -76.776 17.3
    endloop
  endfacet
  facet normal -0 0 1
    outer loop
      vertex -40.3891 -74.8427 17.3
      vertex -40.1345 -76.776 17.3
      vertex -40.28 -74.821 17.3
    endloop
  endfacet
  facet normal -0 0 1
    outer loop
      vertex -40.5 -74.85 17.3
      vertex -40.1345 -76.776 17.3
      vertex -40.3891 -74.8427 17.3
    endloop
  endfacet
  facet normal 0 0 1
    outer loop
      vertex -40.5 -74.85 17.3
      vertex -40.5 -76.8 17.3
      vertex -40.1345 -76.776 17.3
    endloop
  endfacet
  facet normal 0 0 1
    outer loop
      vertex -40.6109 -74.8427 17.3
      vertex -40.5 -76.8 17.3
      vertex -40.5 -74.85 17.3
    endloop
  endfacet
  facet normal 0 0 1
    outer loop
      vertex -40.8655 -76.776 17.3
      vertex -40.6109 -74.8427 17.3
      vertex -40.72 -74.821 17.3
    endloop
  endfacet
  facet normal 0 0 1
    outer loop
      vertex -41.2247 -76.7046 17.3
      vertex -40.72 -74.821 17.3
      vertex -40.8253 -74.7853 17.3
    endloop
  endfacet
  facet normal 0 0 1
    outer loop
      vertex -40.6109 -74.8427 17.3
      vertex -40.8655 -76.776 17.3
      vertex -40.5 -76.8 17.3
    endloop
  endfacet
  facet normal 0 0 1
    outer loop
      vertex -41.5715 -76.5869 17.3
      vertex -40.8253 -74.7853 17.3
      vertex -40.925 -74.7361 17.3
    endloop
  endfacet
  facet normal 0 0 1
    outer loop
      vertex -41.9 -76.4249 17.3
      vertex -40.925 -74.7361 17.3
      vertex -41.0174 -74.6743 17.3
    endloop
  endfacet
  facet normal 0 0 1
    outer loop
      vertex -42.2045 -76.2214 17.3
      vertex -41.0174 -74.6743 17.3
      vertex -41.101 -74.601 17.3
    endloop
  endfacet
  facet normal 0 0 1
    outer loop
      vertex -42.4799 -75.9799 17.3
      vertex -41.101 -74.601 17.3
      vertex -41.1744 -74.5174 17.3
    endloop
  endfacet
  facet normal 0 0 1
    outer loop
      vertex -40.72 -74.821 17.3
      vertex -41.2247 -76.7046 17.3
      vertex -40.8655 -76.776 17.3
    endloop
  endfacet
  facet normal 0 0 1
    outer loop
      vertex -42.7214 -75.7045 17.3
      vertex -41.1744 -74.5174 17.3
      vertex -41.2361 -74.425 17.3
    endloop
  endfacet
  facet normal 0 0 1
    outer loop
      vertex -42.9249 -75.4 17.3
      vertex -41.2361 -74.425 17.3
      vertex -41.2853 -74.3253 17.3
    endloop
  endfacet
  facet normal 0 0 1
    outer loop
      vertex -43.0869 -75.0715 17.3
      vertex -41.2853 -74.3253 17.3
      vertex -41.321 -74.22 17.3
    endloop
  endfacet
  facet normal 0 0 1
    outer loop
      vertex -43.2046 -74.7247 17.3
      vertex -41.321 -74.22 17.3
      vertex -41.3427 -74.1109 17.3
    endloop
  endfacet
  facet normal 0 0 1
    outer loop
      vertex -43.276 -74.3655 17.3
      vertex -41.3427 -74.1109 17.3
      vertex -41.35 -74 17.3
    endloop
  endfacet
  facet normal -0 0 1
    outer loop
      vertex -42.9249 -72.6 17.3
      vertex -41.2361 -73.575 17.3
      vertex -42.7214 -72.2955 17.3
    endloop
  endfacet
  facet normal 0 0 1
    outer loop
      vertex -40.8253 -74.7853 17.3
      vertex -41.5715 -76.5869 17.3
      vertex -41.2247 -76.7046 17.3
    endloop
  endfacet
  facet normal 0 0 1
    outer loop
      vertex -41.2361 -73.575 17.3
      vertex -42.9249 -72.6 17.3
      vertex -41.2853 -73.6747 17.3
    endloop
  endfacet
  facet normal 0 0 1
    outer loop
      vertex -40.925 -74.7361 17.3
      vertex -41.9 -76.4249 17.3
      vertex -41.5715 -76.5869 17.3
    endloop
  endfacet
  facet normal -0 0 1
    outer loop
      vertex -43.0869 -72.9285 17.3
      vertex -41.2853 -73.6747 17.3
      vertex -42.9249 -72.6 17.3
    endloop
  endfacet
  facet normal 0 0 1
    outer loop
      vertex -41.0174 -74.6743 17.3
      vertex -42.2045 -76.2214 17.3
      vertex -41.9 -76.4249 17.3
    endloop
  endfacet
  facet normal 0 0 1
    outer loop
      vertex -41.2853 -73.6747 17.3
      vertex -43.0869 -72.9285 17.3
      vertex -41.321 -73.78 17.3
    endloop
  endfacet
  facet normal 0 0 1
    outer loop
      vertex -41.101 -74.601 17.3
      vertex -42.4799 -75.9799 17.3
      vertex -42.2045 -76.2214 17.3
    endloop
  endfacet
  facet normal -0 0 1
    outer loop
      vertex -43.2046 -73.2753 17.3
      vertex -41.321 -73.78 17.3
      vertex -43.0869 -72.9285 17.3
    endloop
  endfacet
  facet normal 0 0 1
    outer loop
      vertex -41.1744 -74.5174 17.3
      vertex -42.7214 -75.7045 17.3
      vertex -42.4799 -75.9799 17.3
    endloop
  endfacet
  facet normal 0 0 1
    outer loop
      vertex -41.321 -73.78 17.3
      vertex -43.2046 -73.2753 17.3
      vertex -41.3427 -73.8891 17.3
    endloop
  endfacet
  facet normal 0 0 1
    outer loop
      vertex -41.2361 -74.425 17.3
      vertex -42.9249 -75.4 17.3
      vertex -42.7214 -75.7045 17.3
    endloop
  endfacet
  facet normal -0 0 1
    outer loop
      vertex -43.276 -73.6345 17.3
      vertex -41.3427 -73.8891 17.3
      vertex -43.2046 -73.2753 17.3
    endloop
  endfacet
  facet normal 0 0 1
    outer loop
      vertex -41.2853 -74.3253 17.3
      vertex -43.0869 -75.0715 17.3
      vertex -42.9249 -75.4 17.3
    endloop
  endfacet
  facet normal 0 0 1
    outer loop
      vertex -41.3427 -73.8891 17.3
      vertex -43.276 -73.6345 17.3
      vertex -41.35 -74 17.3
    endloop
  endfacet
  facet normal 0 0 1
    outer loop
      vertex -41.321 -74.22 17.3
      vertex -43.2046 -74.7247 17.3
      vertex -43.0869 -75.0715 17.3
    endloop
  endfacet
  facet normal 0 0 1
    outer loop
      vertex -43.3 -74 17.3
      vertex -41.35 -74 17.3
      vertex -43.276 -73.6345 17.3
    endloop
  endfacet
  facet normal 0 0 1
    outer loop
      vertex -41.3427 -74.1109 17.3
      vertex -43.276 -74.3655 17.3
      vertex -43.2046 -74.7247 17.3
    endloop
  endfacet
  facet normal 0 0 1
    outer loop
      vertex -41.35 -74 17.3
      vertex -43.3 -74 17.3
      vertex -43.276 -74.3655 17.3
    endloop
  endfacet
  facet normal -0.194961 -0.980811 0
    outer loop
      vertex -41.2247 -76.7046 2.4
      vertex -40.8655 -76.776 17.3
      vertex -41.2247 -76.7046 17.3
    endloop
  endfacet
  facet normal -0.194961 -0.980811 -0
    outer loop
      vertex -40.8655 -76.776 17.3
      vertex -41.2247 -76.7046 2.4
      vertex -40.8655 -76.776 2.4
    endloop
  endfacet
  facet normal 0.83142 -0.555645 -8.18681e-20
    outer loop
      vertex -38.2786 -75.7045 17.3
      vertex -38.0751 -75.4 2.4
      vertex -38.0751 -75.4 17.3
    endloop
  endfacet
  facet normal 0.83142 -0.555645 -8.18681e-20
    outer loop
      vertex -38.0751 -75.4 2.4
      vertex -38.2786 -75.7045 17.3
      vertex -38.2786 -75.7045 2.4
    endloop
  endfacet
  facet normal -0.980811 -0.194961 1.10985e-19
    outer loop
      vertex -43.2046 -74.7247 2.4
      vertex -43.276 -74.3655 17.3
      vertex -43.276 -74.3655 2.4
    endloop
  endfacet
  facet normal -0.980811 -0.194961 1.10985e-19
    outer loop
      vertex -43.276 -74.3655 17.3
      vertex -43.2046 -74.7247 2.4
      vertex -43.2046 -74.7247 17.3
    endloop
  endfacet
  facet normal -0.442292 -0.896871 0
    outer loop
      vertex -41.9 -76.4249 2.4
      vertex -41.5715 -76.5869 17.3
      vertex -41.9 -76.4249 17.3
    endloop
  endfacet
  facet normal -0.442292 -0.896871 -0
    outer loop
      vertex -41.5715 -76.5869 17.3
      vertex -41.9 -76.4249 2.4
      vertex -41.5715 -76.5869 2.4
    endloop
  endfacet
  facet normal -0.997851 -0.0655224 1.18474e-19
    outer loop
      vertex -43.276 -74.3655 2.4
      vertex -43.3 -74 17.3
      vertex -43.3 -74 2.4
    endloop
  endfacet
  facet normal -0.997851 -0.0655224 1.18474e-19
    outer loop
      vertex -43.3 -74 17.3
      vertex -43.276 -74.3655 2.4
      vertex -43.276 -74.3655 17.3
    endloop
  endfacet
  facet normal 0.0655224 -0.997851 0
    outer loop
      vertex -40.5 -76.8 2.4
      vertex -40.1345 -76.776 17.3
      vertex -40.5 -76.8 17.3
    endloop
  endfacet
  facet normal 0.0655224 -0.997851 0
    outer loop
      vertex -40.1345 -76.776 17.3
      vertex -40.5 -76.8 2.4
      vertex -40.1345 -76.776 2.4
    endloop
  endfacet
  facet normal 0.194961 -0.980811 0
    outer loop
      vertex -40.1345 -76.776 2.4
      vertex -39.7753 -76.7046 17.3
      vertex -40.1345 -76.776 17.3
    endloop
  endfacet
  facet normal 0.194961 -0.980811 0
    outer loop
      vertex -39.7753 -76.7046 17.3
      vertex -40.1345 -76.776 2.4
      vertex -39.7753 -76.7046 2.4
    endloop
  endfacet
  facet normal -0.659316 -0.751866 0
    outer loop
      vertex -42.4799 -75.9799 2.4
      vertex -42.2045 -76.2214 17.3
      vertex -42.4799 -75.9799 17.3
    endloop
  endfacet
  facet normal -0.659316 -0.751866 -0
    outer loop
      vertex -42.2045 -76.2214 17.3
      vertex -42.4799 -75.9799 2.4
      vertex -42.2045 -76.2214 2.4
    endloop
  endfacet
  facet normal 0.659316 -0.751866 0
    outer loop
      vertex -38.7955 -76.2214 2.4
      vertex -38.5201 -75.9799 17.3
      vertex -38.7955 -76.2214 17.3
    endloop
  endfacet
  facet normal 0.659316 -0.751866 0
    outer loop
      vertex -38.5201 -75.9799 17.3
      vertex -38.7955 -76.2214 2.4
      vertex -38.5201 -75.9799 2.4
    endloop
  endfacet
  facet normal -0.946949 0.321384 -1.60998e-19
    outer loop
      vertex -43.2046 -73.2753 2.4
      vertex -43.0869 -72.9285 17.3
      vertex -43.0869 -72.9285 2.4
    endloop
  endfacet
  facet normal -0.946949 0.321384 -1.60998e-19
    outer loop
      vertex -43.0869 -72.9285 17.3
      vertex -43.2046 -73.2753 2.4
      vertex -43.2046 -73.2753 17.3
    endloop
  endfacet
  facet normal 0.321384 0.946949 -0
    outer loop
      vertex -39.4285 -71.4131 2.4
      vertex -39.7753 -71.2954 17.3
      vertex -39.4285 -71.4131 17.3
    endloop
  endfacet
  facet normal 0.321384 0.946949 0
    outer loop
      vertex -39.7753 -71.2954 17.3
      vertex -39.4285 -71.4131 2.4
      vertex -39.7753 -71.2954 2.4
    endloop
  endfacet
  facet normal -0.555645 -0.83142 0
    outer loop
      vertex -42.2045 -76.2214 2.4
      vertex -41.9 -76.4249 17.3
      vertex -42.2045 -76.2214 17.3
    endloop
  endfacet
  facet normal -0.555645 -0.83142 -0
    outer loop
      vertex -41.9 -76.4249 17.3
      vertex -42.2045 -76.2214 2.4
      vertex -41.9 -76.4249 2.4
    endloop
  endfacet
  facet normal 0.659316 0.751866 -0
    outer loop
      vertex -38.5201 -72.0201 2.4
      vertex -38.7955 -71.7786 17.3
      vertex -38.5201 -72.0201 17.3
    endloop
  endfacet
  facet normal 0.659316 0.751866 0
    outer loop
      vertex -38.7955 -71.7786 17.3
      vertex -38.5201 -72.0201 2.4
      vertex -38.7955 -71.7786 2.4
    endloop
  endfacet
  facet normal -0.0655224 0.997851 0
    outer loop
      vertex -40.5 -71.2 2.4
      vertex -40.8655 -71.224 17.3
      vertex -40.5 -71.2 17.3
    endloop
  endfacet
  facet normal -0.0655224 0.997851 0
    outer loop
      vertex -40.8655 -71.224 17.3
      vertex -40.5 -71.2 2.4
      vertex -40.8655 -71.224 2.4
    endloop
  endfacet
  facet normal -0.194961 0.980811 0
    outer loop
      vertex -40.8655 -71.224 2.4
      vertex -41.2247 -71.2954 17.3
      vertex -40.8655 -71.224 17.3
    endloop
  endfacet
  facet normal -0.194961 0.980811 0
    outer loop
      vertex -41.2247 -71.2954 17.3
      vertex -40.8655 -71.224 2.4
      vertex -41.2247 -71.2954 2.4
    endloop
  endfacet
  facet normal 0.896871 -0.442292 -7.65717e-20
    outer loop
      vertex -38.0751 -75.4 17.3
      vertex -37.9131 -75.0715 2.4
      vertex -37.9131 -75.0715 17.3
    endloop
  endfacet
  facet normal 0.896871 -0.442292 -7.65717e-20
    outer loop
      vertex -37.9131 -75.0715 2.4
      vertex -38.0751 -75.4 17.3
      vertex -38.0751 -75.4 2.4
    endloop
  endfacet
  facet normal 0.751866 0.659316 -4.91731e-19
    outer loop
      vertex -38.2786 -72.2955 17.3
      vertex -38.5201 -72.0201 2.4
      vertex -38.5201 -72.0201 17.3
    endloop
  endfacet
  facet normal 0.751866 0.659316 -4.91731e-19
    outer loop
      vertex -38.5201 -72.0201 2.4
      vertex -38.2786 -72.2955 17.3
      vertex -38.2786 -72.2955 2.4
    endloop
  endfacet
  facet normal -0.980811 0.194961 -1.10985e-19
    outer loop
      vertex -43.276 -73.6345 2.4
      vertex -43.2046 -73.2753 17.3
      vertex -43.2046 -73.2753 2.4
    endloop
  endfacet
  facet normal -0.980811 0.194961 -1.10985e-19
    outer loop
      vertex -43.2046 -73.2753 17.3
      vertex -43.276 -73.6345 2.4
      vertex -43.276 -73.6345 17.3
    endloop
  endfacet
  facet normal -0.321384 -0.946949 0
    outer loop
      vertex -41.5715 -76.5869 2.4
      vertex -41.2247 -76.7046 17.3
      vertex -41.5715 -76.5869 17.3
    endloop
  endfacet
  facet normal -0.321384 -0.946949 -0
    outer loop
      vertex -41.2247 -76.7046 17.3
      vertex -41.5715 -76.5869 2.4
      vertex -41.2247 -76.7046 2.4
    endloop
  endfacet
  facet normal 0.0655224 0.997851 -0
    outer loop
      vertex -40.1345 -71.224 2.4
      vertex -40.5 -71.2 17.3
      vertex -40.1345 -71.224 17.3
    endloop
  endfacet
  facet normal 0.0655224 0.997851 0
    outer loop
      vertex -40.5 -71.2 17.3
      vertex -40.1345 -71.224 2.4
      vertex -40.5 -71.2 2.4
    endloop
  endfacet
  facet normal -0.83142 0.555645 -8.18681e-20
    outer loop
      vertex -42.9249 -72.6 2.4
      vertex -42.7214 -72.2955 17.3
      vertex -42.7214 -72.2955 2.4
    endloop
  endfacet
  facet normal -0.83142 0.555645 -8.18681e-20
    outer loop
      vertex -42.7214 -72.2955 17.3
      vertex -42.9249 -72.6 2.4
      vertex -42.9249 -72.6 17.3
    endloop
  endfacet
  facet normal 0.194961 0.980811 -0
    outer loop
      vertex -39.7753 -71.2954 2.4
      vertex -40.1345 -71.224 17.3
      vertex -39.7753 -71.2954 17.3
    endloop
  endfacet
  facet normal 0.194961 0.980811 0
    outer loop
      vertex -40.1345 -71.224 17.3
      vertex -39.7753 -71.2954 2.4
      vertex -40.1345 -71.224 2.4
    endloop
  endfacet
  facet normal 0.751866 -0.659316 4.91731e-19
    outer loop
      vertex -38.5201 -75.9799 17.3
      vertex -38.2786 -75.7045 2.4
      vertex -38.2786 -75.7045 17.3
    endloop
  endfacet
  facet normal 0.751866 -0.659316 4.91731e-19
    outer loop
      vertex -38.2786 -75.7045 2.4
      vertex -38.5201 -75.9799 17.3
      vertex -38.5201 -75.9799 2.4
    endloop
  endfacet
  facet normal -0.83142 -0.555645 8.18681e-20
    outer loop
      vertex -42.7214 -75.7045 2.4
      vertex -42.9249 -75.4 17.3
      vertex -42.9249 -75.4 2.4
    endloop
  endfacet
  facet normal -0.83142 -0.555645 8.18681e-20
    outer loop
      vertex -42.9249 -75.4 17.3
      vertex -42.7214 -75.7045 2.4
      vertex -42.7214 -75.7045 17.3
    endloop
  endfacet
  facet normal -0.659316 0.751866 0
    outer loop
      vertex 38.7955 -71.7786 2.4
      vertex 38.5201 -72.0201 17.3
      vertex 38.7955 -71.7786 17.3
    endloop
  endfacet
  facet normal -0.659316 0.751866 0
    outer loop
      vertex 38.5201 -72.0201 17.3
      vertex 38.7955 -71.7786 2.4
      vertex 38.5201 -72.0201 2.4
    endloop
  endfacet
  facet normal 0.980811 0.194961 1.10985e-19
    outer loop
      vertex 43.276 -73.6345 17.3
      vertex 43.2046 -73.2753 2.4
      vertex 43.2046 -73.2753 17.3
    endloop
  endfacet
  facet normal 0.980811 0.194961 1.10985e-19
    outer loop
      vertex 43.2046 -73.2753 2.4
      vertex 43.276 -73.6345 17.3
      vertex 43.276 -73.6345 2.4
    endloop
  endfacet
  facet normal 0.997851 0.0655224 1.18474e-19
    outer loop
      vertex 43.3 -74 17.3
      vertex 43.276 -73.6345 2.4
      vertex 43.276 -73.6345 17.3
    endloop
  endfacet
  facet normal 0.997851 0.0655224 1.18474e-19
    outer loop
      vertex 43.276 -73.6345 2.4
      vertex 43.3 -74 17.3
      vertex 43.3 -74 2.4
    endloop
  endfacet
  facet normal 0.946949 0.321384 1.60998e-19
    outer loop
      vertex 43.2046 -73.2753 17.3
      vertex 43.0869 -72.9285 2.4
      vertex 43.0869 -72.9285 17.3
    endloop
  endfacet
  facet normal 0.946949 0.321384 1.60998e-19
    outer loop
      vertex 43.0869 -72.9285 2.4
      vertex 43.2046 -73.2753 17.3
      vertex 43.2046 -73.2753 2.4
    endloop
  endfacet
  facet normal -0.194961 -0.980811 0
    outer loop
      vertex 39.7753 -76.7046 2.4
      vertex 40.1345 -76.776 17.3
      vertex 39.7753 -76.7046 17.3
    endloop
  endfacet
  facet normal -0.194961 -0.980811 -0
    outer loop
      vertex 40.1345 -76.776 17.3
      vertex 39.7753 -76.7046 2.4
      vertex 40.1345 -76.776 2.4
    endloop
  endfacet
  facet normal -0.751866 0.659316 4.91731e-19
    outer loop
      vertex 38.2786 -72.2955 2.4
      vertex 38.5201 -72.0201 17.3
      vertex 38.5201 -72.0201 2.4
    endloop
  endfacet
  facet normal -0.751866 0.659316 4.91731e-19
    outer loop
      vertex 38.5201 -72.0201 17.3
      vertex 38.2786 -72.2955 2.4
      vertex 38.2786 -72.2955 17.3
    endloop
  endfacet
  facet normal 0.321384 0.946949 -0
    outer loop
      vertex 41.5715 -71.4131 2.4
      vertex 41.2247 -71.2954 17.3
      vertex 41.5715 -71.4131 17.3
    endloop
  endfacet
  facet normal 0.321384 0.946949 0
    outer loop
      vertex 41.2247 -71.2954 17.3
      vertex 41.5715 -71.4131 2.4
      vertex 41.2247 -71.2954 2.4
    endloop
  endfacet
  facet normal 0.946949 -0.321384 -1.60998e-19
    outer loop
      vertex 43.0869 -75.0715 17.3
      vertex 43.2046 -74.7247 2.4
      vertex 43.2046 -74.7247 17.3
    endloop
  endfacet
  facet normal 0.946949 -0.321384 -1.60998e-19
    outer loop
      vertex 43.2046 -74.7247 2.4
      vertex 43.0869 -75.0715 17.3
      vertex 43.0869 -75.0715 2.4
    endloop
  endfacet
  facet normal -0.321384 0.946949 0
    outer loop
      vertex 39.7753 -71.2954 2.4
      vertex 39.4285 -71.4131 17.3
      vertex 39.7753 -71.2954 17.3
    endloop
  endfacet
  facet normal -0.321384 0.946949 0
    outer loop
      vertex 39.4285 -71.4131 17.3
      vertex 39.7753 -71.2954 2.4
      vertex 39.4285 -71.4131 2.4
    endloop
  endfacet
  facet normal 0.896871 0.442292 7.65717e-20
    outer loop
      vertex 43.0869 -72.9285 17.3
      vertex 42.9249 -72.6 2.4
      vertex 42.9249 -72.6 17.3
    endloop
  endfacet
  facet normal 0.896871 0.442292 7.65717e-20
    outer loop
      vertex 42.9249 -72.6 2.4
      vertex 43.0869 -72.9285 17.3
      vertex 43.0869 -72.9285 2.4
    endloop
  endfacet
  facet normal 0.83142 0.555645 8.18681e-20
    outer loop
      vertex 42.9249 -72.6 17.3
      vertex 42.7214 -72.2955 2.4
      vertex 42.7214 -72.2955 17.3
    endloop
  endfacet
  facet normal 0.83142 0.555645 8.18681e-20
    outer loop
      vertex 42.7214 -72.2955 2.4
      vertex 42.9249 -72.6 17.3
      vertex 42.9249 -72.6 2.4
    endloop
  endfacet
  facet normal -0.555645 0.83142 0
    outer loop
      vertex 39.1 -71.5751 2.4
      vertex 38.7955 -71.7786 17.3
      vertex 39.1 -71.5751 17.3
    endloop
  endfacet
  facet normal -0.555645 0.83142 0
    outer loop
      vertex 38.7955 -71.7786 17.3
      vertex 39.1 -71.5751 2.4
      vertex 38.7955 -71.7786 2.4
    endloop
  endfacet
  facet normal 0.194961 -0.980811 0
    outer loop
      vertex 40.8655 -76.776 2.4
      vertex 41.2247 -76.7046 17.3
      vertex 40.8655 -76.776 17.3
    endloop
  endfacet
  facet normal 0.194961 -0.980811 0
    outer loop
      vertex 41.2247 -76.7046 17.3
      vertex 40.8655 -76.776 2.4
      vertex 41.2247 -76.7046 2.4
    endloop
  endfacet
  facet normal 0.980811 -0.194961 -1.10985e-19
    outer loop
      vertex 43.2046 -74.7247 17.3
      vertex 43.276 -74.3655 2.4
      vertex 43.276 -74.3655 17.3
    endloop
  endfacet
  facet normal 0.980811 -0.194961 -1.10985e-19
    outer loop
      vertex 43.276 -74.3655 2.4
      vertex 43.2046 -74.7247 17.3
      vertex 43.2046 -74.7247 2.4
    endloop
  endfacet
  facet normal -0.896871 0.442292 -7.65717e-20
    outer loop
      vertex 37.9131 -72.9285 2.4
      vertex 38.0751 -72.6 17.3
      vertex 38.0751 -72.6 2.4
    endloop
  endfacet
  facet normal -0.896871 0.442292 -7.65717e-20
    outer loop
      vertex 38.0751 -72.6 17.3
      vertex 37.9131 -72.9285 2.4
      vertex 37.9131 -72.9285 17.3
    endloop
  endfacet
  facet normal 0.751866 0.659316 -4.91731e-19
    outer loop
      vertex 42.7214 -72.2955 17.3
      vertex 42.4799 -72.0201 2.4
      vertex 42.4799 -72.0201 17.3
    endloop
  endfacet
  facet normal 0.751866 0.659316 -4.91731e-19
    outer loop
      vertex 42.4799 -72.0201 2.4
      vertex 42.7214 -72.2955 17.3
      vertex 42.7214 -72.2955 2.4
    endloop
  endfacet
  facet normal 0.194961 0.980811 -0
    outer loop
      vertex 41.2247 -71.2954 2.4
      vertex 40.8655 -71.224 17.3
      vertex 41.2247 -71.2954 17.3
    endloop
  endfacet
  facet normal 0.194961 0.980811 0
    outer loop
      vertex 40.8655 -71.224 17.3
      vertex 41.2247 -71.2954 2.4
      vertex 40.8655 -71.224 2.4
    endloop
  endfacet
  facet normal 0.997851 -0.0655224 -1.18474e-19
    outer loop
      vertex 43.276 -74.3655 17.3
      vertex 43.3 -74 2.4
      vertex 43.3 -74 17.3
    endloop
  endfacet
  facet normal 0.997851 -0.0655224 -1.18474e-19
    outer loop
      vertex 43.3 -74 2.4
      vertex 43.276 -74.3655 17.3
      vertex 43.276 -74.3655 2.4
    endloop
  endfacet
  facet normal 0.896871 -0.442292 -7.65717e-20
    outer loop
      vertex 42.9249 -75.4 17.3
      vertex 43.0869 -75.0715 2.4
      vertex 43.0869 -75.0715 17.3
    endloop
  endfacet
  facet normal 0.896871 -0.442292 -7.65717e-20
    outer loop
      vertex 43.0869 -75.0715 2.4
      vertex 42.9249 -75.4 17.3
      vertex 42.9249 -75.4 2.4
    endloop
  endfacet
  facet normal -0.751866 -0.659316 -4.91731e-19
    outer loop
      vertex 38.5201 -75.9799 2.4
      vertex 38.2786 -75.7045 17.3
      vertex 38.2786 -75.7045 2.4
    endloop
  endfacet
  facet normal -0.751866 -0.659316 -4.91731e-19
    outer loop
      vertex 38.2786 -75.7045 17.3
      vertex 38.5201 -75.9799 2.4
      vertex 38.5201 -75.9799 17.3
    endloop
  endfacet
  facet normal -0.194961 0.980811 0
    outer loop
      vertex 40.1345 -71.224 2.4
      vertex 39.7753 -71.2954 17.3
      vertex 40.1345 -71.224 17.3
    endloop
  endfacet
  facet normal -0.194961 0.980811 0
    outer loop
      vertex 39.7753 -71.2954 17.3
      vertex 40.1345 -71.224 2.4
      vertex 39.7753 -71.2954 2.4
    endloop
  endfacet
  facet normal 0.0655224 0.997851 -0
    outer loop
      vertex 40.8655 -71.224 2.4
      vertex 40.5 -71.2 17.3
      vertex 40.8655 -71.224 17.3
    endloop
  endfacet
  facet normal 0.0655224 0.997851 0
    outer loop
      vertex 40.5 -71.2 17.3
      vertex 40.8655 -71.224 2.4
      vertex 40.5 -71.2 2.4
    endloop
  endfacet
  facet normal -0.0655224 -0.997851 0
    outer loop
      vertex 40.1345 -76.776 2.4
      vertex 40.5 -76.8 17.3
      vertex 40.1345 -76.776 17.3
    endloop
  endfacet
  facet normal -0.0655224 -0.997851 -0
    outer loop
      vertex 40.5 -76.8 17.3
      vertex 40.1345 -76.776 2.4
      vertex 40.5 -76.8 2.4
    endloop
  endfacet
  facet normal 0.321384 -0.946949 0
    outer loop
      vertex 41.2247 -76.7046 2.4
      vertex 41.5715 -76.5869 17.3
      vertex 41.2247 -76.7046 17.3
    endloop
  endfacet
  facet normal 0.321384 -0.946949 0
    outer loop
      vertex 41.5715 -76.5869 17.3
      vertex 41.2247 -76.7046 2.4
      vertex 41.5715 -76.5869 2.4
    endloop
  endfacet
  facet normal 0.659316 0.751866 -0
    outer loop
      vertex 42.4799 -72.0201 2.4
      vertex 42.2045 -71.7786 17.3
      vertex 42.4799 -72.0201 17.3
    endloop
  endfacet
  facet normal 0.659316 0.751866 0
    outer loop
      vertex 42.2045 -71.7786 17.3
      vertex 42.4799 -72.0201 2.4
      vertex 42.2045 -71.7786 2.4
    endloop
  endfacet
  facet normal 0.0655224 -0.997851 0
    outer loop
      vertex 40.5 -76.8 2.4
      vertex 40.8655 -76.776 17.3
      vertex 40.5 -76.8 17.3
    endloop
  endfacet
  facet normal 0.0655224 -0.997851 0
    outer loop
      vertex 40.8655 -76.776 17.3
      vertex 40.5 -76.8 2.4
      vertex 40.8655 -76.776 2.4
    endloop
  endfacet
  facet normal -0.946949 0.321384 -1.60998e-19
    outer loop
      vertex 37.7954 -73.2753 2.4
      vertex 37.9131 -72.9285 17.3
      vertex 37.9131 -72.9285 2.4
    endloop
  endfacet
  facet normal -0.946949 0.321384 -1.60998e-19
    outer loop
      vertex 37.9131 -72.9285 17.3
      vertex 37.7954 -73.2753 2.4
      vertex 37.7954 -73.2753 17.3
    endloop
  endfacet
  facet normal -0.980811 -0.194961 1.10985e-19
    outer loop
      vertex 37.7954 -74.7247 2.4
      vertex 37.724 -74.3655 17.3
      vertex 37.724 -74.3655 2.4
    endloop
  endfacet
  facet normal -0.980811 -0.194961 1.10985e-19
    outer loop
      vertex 37.724 -74.3655 17.3
      vertex 37.7954 -74.7247 2.4
      vertex 37.7954 -74.7247 17.3
    endloop
  endfacet
  facet normal -0.896871 -0.442292 7.65717e-20
    outer loop
      vertex 38.0751 -75.4 2.4
      vertex 37.9131 -75.0715 17.3
      vertex 37.9131 -75.0715 2.4
    endloop
  endfacet
  facet normal -0.896871 -0.442292 7.65717e-20
    outer loop
      vertex 37.9131 -75.0715 17.3
      vertex 38.0751 -75.4 2.4
      vertex 38.0751 -75.4 17.3
    endloop
  endfacet
  facet normal -0.997851 0.0655224 -1.18474e-19
    outer loop
      vertex 37.7 -74 2.4
      vertex 37.724 -73.6345 17.3
      vertex 37.724 -73.6345 2.4
    endloop
  endfacet
  facet normal -0.997851 0.0655224 -1.18474e-19
    outer loop
      vertex 37.724 -73.6345 17.3
      vertex 37.7 -74 2.4
      vertex 37.7 -74 17.3
    endloop
  endfacet
  facet normal 0.555645 0.83142 -0
    outer loop
      vertex 42.2045 -71.7786 2.4
      vertex 41.9 -71.5751 17.3
      vertex 42.2045 -71.7786 17.3
    endloop
  endfacet
  facet normal 0.555645 0.83142 0
    outer loop
      vertex 41.9 -71.5751 17.3
      vertex 42.2045 -71.7786 2.4
      vertex 41.9 -71.5751 2.4
    endloop
  endfacet
  facet normal -0.442292 -0.896871 0
    outer loop
      vertex 39.1 -76.4249 2.4
      vertex 39.4285 -76.5869 17.3
      vertex 39.1 -76.4249 17.3
    endloop
  endfacet
  facet normal -0.442292 -0.896871 -0
    outer loop
      vertex 39.4285 -76.5869 17.3
      vertex 39.1 -76.4249 2.4
      vertex 39.4285 -76.5869 2.4
    endloop
  endfacet
  facet normal -0.321384 -0.946949 0
    outer loop
      vertex 39.4285 -76.5869 2.4
      vertex 39.7753 -76.7046 17.3
      vertex 39.4285 -76.5869 17.3
    endloop
  endfacet
  facet normal -0.321384 -0.946949 -0
    outer loop
      vertex 39.7753 -76.7046 17.3
      vertex 39.4285 -76.5869 2.4
      vertex 39.7753 -76.7046 2.4
    endloop
  endfacet
  facet normal -0.997851 -0.0655224 1.18474e-19
    outer loop
      vertex 37.724 -74.3655 2.4
      vertex 37.7 -74 17.3
      vertex 37.7 -74 2.4
    endloop
  endfacet
  facet normal -0.997851 -0.0655224 1.18474e-19
    outer loop
      vertex 37.7 -74 17.3
      vertex 37.724 -74.3655 2.4
      vertex 37.724 -74.3655 17.3
    endloop
  endfacet
  facet normal -0.442292 0.896871 0
    outer loop
      vertex 39.4285 -71.4131 2.4
      vertex 39.1 -71.5751 17.3
      vertex 39.4285 -71.4131 17.3
    endloop
  endfacet
  facet normal -0.442292 0.896871 0
    outer loop
      vertex 39.1 -71.5751 17.3
      vertex 39.4285 -71.4131 2.4
      vertex 39.1 -71.5751 2.4
    endloop
  endfacet
  facet normal 0.83142 -0.555645 -8.18681e-20
    outer loop
      vertex 42.7214 -75.7045 17.3
      vertex 42.9249 -75.4 2.4
      vertex 42.9249 -75.4 17.3
    endloop
  endfacet
  facet normal 0.83142 -0.555645 -8.18681e-20
    outer loop
      vertex 42.9249 -75.4 2.4
      vertex 42.7214 -75.7045 17.3
      vertex 42.7214 -75.7045 2.4
    endloop
  endfacet
  facet normal 0 0 1
    outer loop
      vertex 41.35 -74 17.3
      vertex 43.3 -74 17.3
      vertex 43.276 -73.6345 17.3
    endloop
  endfacet
  facet normal 0 0 1
    outer loop
      vertex 41.3427 -73.8891 17.3
      vertex 43.276 -73.6345 17.3
      vertex 43.2046 -73.2753 17.3
    endloop
  endfacet
  facet normal 0 0 1
    outer loop
      vertex 43.3 -74 17.3
      vertex 41.35 -74 17.3
      vertex 43.276 -74.3655 17.3
    endloop
  endfacet
  facet normal 0 0 1
    outer loop
      vertex 41.321 -73.78 17.3
      vertex 43.2046 -73.2753 17.3
      vertex 43.0869 -72.9285 17.3
    endloop
  endfacet
  facet normal -0 0 1
    outer loop
      vertex 41.3427 -74.1109 17.3
      vertex 43.276 -74.3655 17.3
      vertex 41.35 -74 17.3
    endloop
  endfacet
  facet normal 0 0 1
    outer loop
      vertex 41.2853 -73.6747 17.3
      vertex 43.0869 -72.9285 17.3
      vertex 42.9249 -72.6 17.3
    endloop
  endfacet
  facet normal 0 0 1
    outer loop
      vertex 43.276 -74.3655 17.3
      vertex 41.3427 -74.1109 17.3
      vertex 43.2046 -74.7247 17.3
    endloop
  endfacet
  facet normal 0 0 1
    outer loop
      vertex 41.2361 -73.575 17.3
      vertex 42.9249 -72.6 17.3
      vertex 42.7214 -72.2955 17.3
    endloop
  endfacet
  facet normal -0 0 1
    outer loop
      vertex 41.321 -74.22 17.3
      vertex 43.2046 -74.7247 17.3
      vertex 41.3427 -74.1109 17.3
    endloop
  endfacet
  facet normal 0 0 1
    outer loop
      vertex 41.1744 -73.4826 17.3
      vertex 42.7214 -72.2955 17.3
      vertex 42.4799 -72.0201 17.3
    endloop
  endfacet
  facet normal 0 0 1
    outer loop
      vertex 43.2046 -74.7247 17.3
      vertex 41.321 -74.22 17.3
      vertex 43.0869 -75.0715 17.3
    endloop
  endfacet
  facet normal 0 0 1
    outer loop
      vertex 41.101 -73.399 17.3
      vertex 42.4799 -72.0201 17.3
      vertex 42.2045 -71.7786 17.3
    endloop
  endfacet
  facet normal -0 0 1
    outer loop
      vertex 41.2853 -74.3253 17.3
      vertex 43.0869 -75.0715 17.3
      vertex 41.321 -74.22 17.3
    endloop
  endfacet
  facet normal 0 0 1
    outer loop
      vertex 41.0174 -73.3257 17.3
      vertex 42.2045 -71.7786 17.3
      vertex 41.9 -71.5751 17.3
    endloop
  endfacet
  facet normal 0 0 1
    outer loop
      vertex 43.0869 -75.0715 17.3
      vertex 41.2853 -74.3253 17.3
      vertex 42.9249 -75.4 17.3
    endloop
  endfacet
  facet normal 0 0 1
    outer loop
      vertex 40.925 -73.2639 17.3
      vertex 41.9 -71.5751 17.3
      vertex 41.5715 -71.4131 17.3
    endloop
  endfacet
  facet normal -0 0 1
    outer loop
      vertex 41.2361 -74.425 17.3
      vertex 42.9249 -75.4 17.3
      vertex 41.2853 -74.3253 17.3
    endloop
  endfacet
  facet normal 0 0 1
    outer loop
      vertex 42.9249 -75.4 17.3
      vertex 41.2361 -74.425 17.3
      vertex 42.7214 -75.7045 17.3
    endloop
  endfacet
  facet normal 0 0 1
    outer loop
      vertex 43.276 -73.6345 17.3
      vertex 41.3427 -73.8891 17.3
      vertex 41.35 -74 17.3
    endloop
  endfacet
  facet normal 0 0 1
    outer loop
      vertex 43.2046 -73.2753 17.3
      vertex 41.321 -73.78 17.3
      vertex 41.3427 -73.8891 17.3
    endloop
  endfacet
  facet normal 0 0 1
    outer loop
      vertex 43.0869 -72.9285 17.3
      vertex 41.2853 -73.6747 17.3
      vertex 41.321 -73.78 17.3
    endloop
  endfacet
  facet normal 0 0 1
    outer loop
      vertex 42.9249 -72.6 17.3
      vertex 41.2361 -73.575 17.3
      vertex 41.2853 -73.6747 17.3
    endloop
  endfacet
  facet normal 0 0 1
    outer loop
      vertex 40.8253 -73.2147 17.3
      vertex 41.5715 -71.4131 17.3
      vertex 41.2247 -71.2954 17.3
    endloop
  endfacet
  facet normal 0 0 1
    outer loop
      vertex 42.7214 -72.2955 17.3
      vertex 41.1744 -73.4826 17.3
      vertex 41.2361 -73.575 17.3
    endloop
  endfacet
  facet normal 0 0 1
    outer loop
      vertex 42.4799 -72.0201 17.3
      vertex 41.101 -73.399 17.3
      vertex 41.1744 -73.4826 17.3
    endloop
  endfacet
  facet normal 0 0 1
    outer loop
      vertex 42.2045 -71.7786 17.3
      vertex 41.0174 -73.3257 17.3
      vertex 41.101 -73.399 17.3
    endloop
  endfacet
  facet normal 0 0 1
    outer loop
      vertex 41.9 -71.5751 17.3
      vertex 40.925 -73.2639 17.3
      vertex 41.0174 -73.3257 17.3
    endloop
  endfacet
  facet normal 0 0 1
    outer loop
      vertex 40.72 -73.179 17.3
      vertex 41.2247 -71.2954 17.3
      vertex 40.8655 -71.224 17.3
    endloop
  endfacet
  facet normal 0 0 1
    outer loop
      vertex 41.5715 -71.4131 17.3
      vertex 40.8253 -73.2147 17.3
      vertex 40.925 -73.2639 17.3
    endloop
  endfacet
  facet normal 0 0 1
    outer loop
      vertex 41.2247 -71.2954 17.3
      vertex 40.72 -73.179 17.3
      vertex 40.8253 -73.2147 17.3
    endloop
  endfacet
  facet normal 0 0 1
    outer loop
      vertex 40.8655 -71.224 17.3
      vertex 40.6109 -73.1573 17.3
      vertex 40.72 -73.179 17.3
    endloop
  endfacet
  facet normal 0 0 1
    outer loop
      vertex 40.5 -71.2 17.3
      vertex 40.6109 -73.1573 17.3
      vertex 40.8655 -71.224 17.3
    endloop
  endfacet
  facet normal 0 0 1
    outer loop
      vertex 40.5 -71.2 17.3
      vertex 40.5 -73.15 17.3
      vertex 40.6109 -73.1573 17.3
    endloop
  endfacet
  facet normal 0 0 1
    outer loop
      vertex 40.5 -71.2 17.3
      vertex 40.3891 -73.1573 17.3
      vertex 40.5 -73.15 17.3
    endloop
  endfacet
  facet normal -0 0 1
    outer loop
      vertex 40.1345 -71.224 17.3
      vertex 40.3891 -73.1573 17.3
      vertex 40.5 -71.2 17.3
    endloop
  endfacet
  facet normal 0 0 1
    outer loop
      vertex 40.3891 -73.1573 17.3
      vertex 40.1345 -71.224 17.3
      vertex 40.28 -73.179 17.3
    endloop
  endfacet
  facet normal -0 0 1
    outer loop
      vertex 39.7753 -71.2954 17.3
      vertex 40.28 -73.179 17.3
      vertex 40.1345 -71.224 17.3
    endloop
  endfacet
  facet normal 0 0 1
    outer loop
      vertex 40.28 -73.179 17.3
      vertex 39.7753 -71.2954 17.3
      vertex 40.1747 -73.2147 17.3
    endloop
  endfacet
  facet normal -0 0 1
    outer loop
      vertex 39.4285 -71.4131 17.3
      vertex 40.1747 -73.2147 17.3
      vertex 39.7753 -71.2954 17.3
    endloop
  endfacet
  facet normal 0 0 1
    outer loop
      vertex 40.1747 -73.2147 17.3
      vertex 39.4285 -71.4131 17.3
      vertex 40.075 -73.2639 17.3
    endloop
  endfacet
  facet normal -0 0 1
    outer loop
      vertex 39.1 -71.5751 17.3
      vertex 40.075 -73.2639 17.3
      vertex 39.4285 -71.4131 17.3
    endloop
  endfacet
  facet normal 0 0 1
    outer loop
      vertex 40.075 -73.2639 17.3
      vertex 39.1 -71.5751 17.3
      vertex 39.9826 -73.3257 17.3
    endloop
  endfacet
  facet normal -0 0 1
    outer loop
      vertex 38.7955 -71.7786 17.3
      vertex 39.9826 -73.3257 17.3
      vertex 39.1 -71.5751 17.3
    endloop
  endfacet
  facet normal 0 0 1
    outer loop
      vertex 39.9826 -73.3257 17.3
      vertex 38.7955 -71.7786 17.3
      vertex 39.899 -73.399 17.3
    endloop
  endfacet
  facet normal -0 0 1
    outer loop
      vertex 38.5201 -72.0201 17.3
      vertex 39.899 -73.399 17.3
      vertex 38.7955 -71.7786 17.3
    endloop
  endfacet
  facet normal 0 0 1
    outer loop
      vertex 39.899 -73.399 17.3
      vertex 38.5201 -72.0201 17.3
      vertex 39.8256 -73.4826 17.3
    endloop
  endfacet
  facet normal -0 0 1
    outer loop
      vertex 38.2786 -72.2955 17.3
      vertex 39.8256 -73.4826 17.3
      vertex 38.5201 -72.0201 17.3
    endloop
  endfacet
  facet normal 0 0 1
    outer loop
      vertex 39.8256 -73.4826 17.3
      vertex 38.2786 -72.2955 17.3
      vertex 39.7639 -73.575 17.3
    endloop
  endfacet
  facet normal -0 0 1
    outer loop
      vertex 41.1744 -74.5174 17.3
      vertex 42.7214 -75.7045 17.3
      vertex 41.2361 -74.425 17.3
    endloop
  endfacet
  facet normal 0 0 1
    outer loop
      vertex 42.7214 -75.7045 17.3
      vertex 41.1744 -74.5174 17.3
      vertex 42.4799 -75.9799 17.3
    endloop
  endfacet
  facet normal -0 0 1
    outer loop
      vertex 41.101 -74.601 17.3
      vertex 42.4799 -75.9799 17.3
      vertex 41.1744 -74.5174 17.3
    endloop
  endfacet
  facet normal 0 0 1
    outer loop
      vertex 42.4799 -75.9799 17.3
      vertex 41.101 -74.601 17.3
      vertex 42.2045 -76.2214 17.3
    endloop
  endfacet
  facet normal -0 0 1
    outer loop
      vertex 41.0174 -74.6743 17.3
      vertex 42.2045 -76.2214 17.3
      vertex 41.101 -74.601 17.3
    endloop
  endfacet
  facet normal 0 0 1
    outer loop
      vertex 42.2045 -76.2214 17.3
      vertex 41.0174 -74.6743 17.3
      vertex 41.9 -76.4249 17.3
    endloop
  endfacet
  facet normal -0 0 1
    outer loop
      vertex 40.925 -74.7361 17.3
      vertex 41.9 -76.4249 17.3
      vertex 41.0174 -74.6743 17.3
    endloop
  endfacet
  facet normal 0 0 1
    outer loop
      vertex 41.9 -76.4249 17.3
      vertex 40.925 -74.7361 17.3
      vertex 41.5715 -76.5869 17.3
    endloop
  endfacet
  facet normal -0 0 1
    outer loop
      vertex 40.8253 -74.7853 17.3
      vertex 41.5715 -76.5869 17.3
      vertex 40.925 -74.7361 17.3
    endloop
  endfacet
  facet normal 0 0 1
    outer loop
      vertex 41.5715 -76.5869 17.3
      vertex 40.8253 -74.7853 17.3
      vertex 41.2247 -76.7046 17.3
    endloop
  endfacet
  facet normal -0 0 1
    outer loop
      vertex 40.72 -74.821 17.3
      vertex 41.2247 -76.7046 17.3
      vertex 40.8253 -74.7853 17.3
    endloop
  endfacet
  facet normal 0 0 1
    outer loop
      vertex 41.2247 -76.7046 17.3
      vertex 40.72 -74.821 17.3
      vertex 40.8655 -76.776 17.3
    endloop
  endfacet
  facet normal -0 0 1
    outer loop
      vertex 40.6109 -74.8427 17.3
      vertex 40.8655 -76.776 17.3
      vertex 40.72 -74.821 17.3
    endloop
  endfacet
  facet normal -0 0 1
    outer loop
      vertex 40.5 -74.85 17.3
      vertex 40.8655 -76.776 17.3
      vertex 40.6109 -74.8427 17.3
    endloop
  endfacet
  facet normal 0 0 1
    outer loop
      vertex 40.5 -74.85 17.3
      vertex 40.5 -76.8 17.3
      vertex 40.8655 -76.776 17.3
    endloop
  endfacet
  facet normal 0 0 1
    outer loop
      vertex 40.3891 -74.8427 17.3
      vertex 40.5 -76.8 17.3
      vertex 40.5 -74.85 17.3
    endloop
  endfacet
  facet normal 0 0 1
    outer loop
      vertex 40.1345 -76.776 17.3
      vertex 40.3891 -74.8427 17.3
      vertex 40.28 -74.821 17.3
    endloop
  endfacet
  facet normal 0 0 1
    outer loop
      vertex 39.7753 -76.7046 17.3
      vertex 40.28 -74.821 17.3
      vertex 40.1747 -74.7853 17.3
    endloop
  endfacet
  facet normal 0 0 1
    outer loop
      vertex 40.3891 -74.8427 17.3
      vertex 40.1345 -76.776 17.3
      vertex 40.5 -76.8 17.3
    endloop
  endfacet
  facet normal 0 0 1
    outer loop
      vertex 39.4285 -76.5869 17.3
      vertex 40.1747 -74.7853 17.3
      vertex 40.075 -74.7361 17.3
    endloop
  endfacet
  facet normal 0 0 1
    outer loop
      vertex 39.1 -76.4249 17.3
      vertex 40.075 -74.7361 17.3
      vertex 39.9826 -74.6743 17.3
    endloop
  endfacet
  facet normal 0 0 1
    outer loop
      vertex 38.7955 -76.2214 17.3
      vertex 39.9826 -74.6743 17.3
      vertex 39.899 -74.601 17.3
    endloop
  endfacet
  facet normal 0 0 1
    outer loop
      vertex 38.5201 -75.9799 17.3
      vertex 39.899 -74.601 17.3
      vertex 39.8256 -74.5174 17.3
    endloop
  endfacet
  facet normal 0 0 1
    outer loop
      vertex 40.28 -74.821 17.3
      vertex 39.7753 -76.7046 17.3
      vertex 40.1345 -76.776 17.3
    endloop
  endfacet
  facet normal 0 0 1
    outer loop
      vertex 38.2786 -75.7045 17.3
      vertex 39.8256 -74.5174 17.3
      vertex 39.7639 -74.425 17.3
    endloop
  endfacet
  facet normal 0 0 1
    outer loop
      vertex 38.0751 -75.4 17.3
      vertex 39.7639 -74.425 17.3
      vertex 39.7147 -74.3253 17.3
    endloop
  endfacet
  facet normal 0 0 1
    outer loop
      vertex 37.9131 -75.0715 17.3
      vertex 39.7147 -74.3253 17.3
      vertex 39.679 -74.22 17.3
    endloop
  endfacet
  facet normal 0 0 1
    outer loop
      vertex 37.7954 -74.7247 17.3
      vertex 39.679 -74.22 17.3
      vertex 39.6573 -74.1109 17.3
    endloop
  endfacet
  facet normal 0 0 1
    outer loop
      vertex 37.724 -74.3655 17.3
      vertex 39.6573 -74.1109 17.3
      vertex 39.65 -74 17.3
    endloop
  endfacet
  facet normal -0 0 1
    outer loop
      vertex 38.0751 -72.6 17.3
      vertex 39.7639 -73.575 17.3
      vertex 38.2786 -72.2955 17.3
    endloop
  endfacet
  facet normal 0 0 1
    outer loop
      vertex 40.1747 -74.7853 17.3
      vertex 39.4285 -76.5869 17.3
      vertex 39.7753 -76.7046 17.3
    endloop
  endfacet
  facet normal 0 0 1
    outer loop
      vertex 39.7639 -73.575 17.3
      vertex 38.0751 -72.6 17.3
      vertex 39.7147 -73.6747 17.3
    endloop
  endfacet
  facet normal 0 0 1
    outer loop
      vertex 40.075 -74.7361 17.3
      vertex 39.1 -76.4249 17.3
      vertex 39.4285 -76.5869 17.3
    endloop
  endfacet
  facet normal -0 0 1
    outer loop
      vertex 37.9131 -72.9285 17.3
      vertex 39.7147 -73.6747 17.3
      vertex 38.0751 -72.6 17.3
    endloop
  endfacet
  facet normal 0 0 1
    outer loop
      vertex 39.9826 -74.6743 17.3
      vertex 38.7955 -76.2214 17.3
      vertex 39.1 -76.4249 17.3
    endloop
  endfacet
  facet normal 0 0 1
    outer loop
      vertex 39.7147 -73.6747 17.3
      vertex 37.9131 -72.9285 17.3
      vertex 39.679 -73.78 17.3
    endloop
  endfacet
  facet normal 0 0 1
    outer loop
      vertex 39.899 -74.601 17.3
      vertex 38.5201 -75.9799 17.3
      vertex 38.7955 -76.2214 17.3
    endloop
  endfacet
  facet normal -0 0 1
    outer loop
      vertex 37.7954 -73.2753 17.3
      vertex 39.679 -73.78 17.3
      vertex 37.9131 -72.9285 17.3
    endloop
  endfacet
  facet normal 0 0 1
    outer loop
      vertex 39.8256 -74.5174 17.3
      vertex 38.2786 -75.7045 17.3
      vertex 38.5201 -75.9799 17.3
    endloop
  endfacet
  facet normal 0 0 1
    outer loop
      vertex 39.679 -73.78 17.3
      vertex 37.7954 -73.2753 17.3
      vertex 39.6573 -73.8891 17.3
    endloop
  endfacet
  facet normal 0 0 1
    outer loop
      vertex 39.7639 -74.425 17.3
      vertex 38.0751 -75.4 17.3
      vertex 38.2786 -75.7045 17.3
    endloop
  endfacet
  facet normal -0 0 1
    outer loop
      vertex 37.724 -73.6345 17.3
      vertex 39.6573 -73.8891 17.3
      vertex 37.7954 -73.2753 17.3
    endloop
  endfacet
  facet normal 0 0 1
    outer loop
      vertex 39.7147 -74.3253 17.3
      vertex 37.9131 -75.0715 17.3
      vertex 38.0751 -75.4 17.3
    endloop
  endfacet
  facet normal 0 0 1
    outer loop
      vertex 39.6573 -73.8891 17.3
      vertex 37.724 -73.6345 17.3
      vertex 39.65 -74 17.3
    endloop
  endfacet
  facet normal 0 0 1
    outer loop
      vertex 39.679 -74.22 17.3
      vertex 37.7954 -74.7247 17.3
      vertex 37.9131 -75.0715 17.3
    endloop
  endfacet
  facet normal 0 0 1
    outer loop
      vertex 37.7 -74 17.3
      vertex 39.65 -74 17.3
      vertex 37.724 -73.6345 17.3
    endloop
  endfacet
  facet normal 0 0 1
    outer loop
      vertex 39.6573 -74.1109 17.3
      vertex 37.724 -74.3655 17.3
      vertex 37.7954 -74.7247 17.3
    endloop
  endfacet
  facet normal 0 0 1
    outer loop
      vertex 39.65 -74 17.3
      vertex 37.7 -74 17.3
      vertex 37.724 -74.3655 17.3
    endloop
  endfacet
  facet normal -0.0655224 0.997851 0
    outer loop
      vertex 40.5 -71.2 2.4
      vertex 40.1345 -71.224 17.3
      vertex 40.5 -71.2 17.3
    endloop
  endfacet
  facet normal -0.0655224 0.997851 0
    outer loop
      vertex 40.1345 -71.224 17.3
      vertex 40.5 -71.2 2.4
      vertex 40.1345 -71.224 2.4
    endloop
  endfacet
  facet normal -0.946949 -0.321384 1.60998e-19
    outer loop
      vertex 37.9131 -75.0715 2.4
      vertex 37.7954 -74.7247 17.3
      vertex 37.7954 -74.7247 2.4
    endloop
  endfacet
  facet normal -0.946949 -0.321384 1.60998e-19
    outer loop
      vertex 37.7954 -74.7247 17.3
      vertex 37.9131 -75.0715 2.4
      vertex 37.9131 -75.0715 17.3
    endloop
  endfacet
  facet normal -0.83142 0.555645 -8.18681e-20
    outer loop
      vertex 38.0751 -72.6 2.4
      vertex 38.2786 -72.2955 17.3
      vertex 38.2786 -72.2955 2.4
    endloop
  endfacet
  facet normal -0.83142 0.555645 -8.18681e-20
    outer loop
      vertex 38.2786 -72.2955 17.3
      vertex 38.0751 -72.6 2.4
      vertex 38.0751 -72.6 17.3
    endloop
  endfacet
  facet normal 0.442292 0.896871 -0
    outer loop
      vertex 41.9 -71.5751 2.4
      vertex 41.5715 -71.4131 17.3
      vertex 41.9 -71.5751 17.3
    endloop
  endfacet
  facet normal 0.442292 0.896871 0
    outer loop
      vertex 41.5715 -71.4131 17.3
      vertex 41.9 -71.5751 2.4
      vertex 41.5715 -71.4131 2.4
    endloop
  endfacet
  facet normal -0.980811 0.194961 -1.10985e-19
    outer loop
      vertex 37.724 -73.6345 2.4
      vertex 37.7954 -73.2753 17.3
      vertex 37.7954 -73.2753 2.4
    endloop
  endfacet
  facet normal -0.980811 0.194961 -1.10985e-19
    outer loop
      vertex 37.7954 -73.2753 17.3
      vertex 37.724 -73.6345 2.4
      vertex 37.724 -73.6345 17.3
    endloop
  endfacet
  facet normal -0.555645 -0.83142 0
    outer loop
      vertex 38.7955 -76.2214 2.4
      vertex 39.1 -76.4249 17.3
      vertex 38.7955 -76.2214 17.3
    endloop
  endfacet
  facet normal -0.555645 -0.83142 -0
    outer loop
      vertex 39.1 -76.4249 17.3
      vertex 38.7955 -76.2214 2.4
      vertex 39.1 -76.4249 2.4
    endloop
  endfacet
  facet normal 0.555645 -0.83142 0
    outer loop
      vertex 41.9 -76.4249 2.4
      vertex 42.2045 -76.2214 17.3
      vertex 41.9 -76.4249 17.3
    endloop
  endfacet
  facet normal 0.555645 -0.83142 0
    outer loop
      vertex 42.2045 -76.2214 17.3
      vertex 41.9 -76.4249 2.4
      vertex 42.2045 -76.2214 2.4
    endloop
  endfacet
  facet normal -0.659316 -0.751866 0
    outer loop
      vertex 38.5201 -75.9799 2.4
      vertex 38.7955 -76.2214 17.3
      vertex 38.5201 -75.9799 17.3
    endloop
  endfacet
  facet normal -0.659316 -0.751866 -0
    outer loop
      vertex 38.7955 -76.2214 17.3
      vertex 38.5201 -75.9799 2.4
      vertex 38.7955 -76.2214 2.4
    endloop
  endfacet
  facet normal 0.442292 -0.896871 0
    outer loop
      vertex 41.5715 -76.5869 2.4
      vertex 41.9 -76.4249 17.3
      vertex 41.5715 -76.5869 17.3
    endloop
  endfacet
  facet normal 0.442292 -0.896871 0
    outer loop
      vertex 41.9 -76.4249 17.3
      vertex 41.5715 -76.5869 2.4
      vertex 41.9 -76.4249 2.4
    endloop
  endfacet
  facet normal -0.83142 -0.555645 8.18681e-20
    outer loop
      vertex 38.2786 -75.7045 2.4
      vertex 38.0751 -75.4 17.3
      vertex 38.0751 -75.4 2.4
    endloop
  endfacet
  facet normal -0.83142 -0.555645 8.18681e-20
    outer loop
      vertex 38.0751 -75.4 17.3
      vertex 38.2786 -75.7045 2.4
      vertex 38.2786 -75.7045 17.3
    endloop
  endfacet
  facet normal 0.659316 -0.751866 0
    outer loop
      vertex 42.2045 -76.2214 2.4
      vertex 42.4799 -75.9799 17.3
      vertex 42.2045 -76.2214 17.3
    endloop
  endfacet
  facet normal 0.659316 -0.751866 0
    outer loop
      vertex 42.4799 -75.9799 17.3
      vertex 42.2045 -76.2214 2.4
      vertex 42.4799 -75.9799 2.4
    endloop
  endfacet
  facet normal 0.751866 -0.659316 4.91731e-19
    outer loop
      vertex 42.4799 -75.9799 17.3
      vertex 42.7214 -75.7045 2.4
      vertex 42.7214 -75.7045 17.3
    endloop
  endfacet
  facet normal 0.751866 -0.659316 4.91731e-19
    outer loop
      vertex 42.7214 -75.7045 2.4
      vertex 42.4799 -75.9799 17.3
      vertex 42.4799 -75.9799 2.4
    endloop
  endfacet
  facet normal 0.321574 -0.946885 0
    outer loop
      vertex 33.7765 -72.3978 2.4
      vertex 34.1481 -72.2716 5.55
      vertex 33.7765 -72.3978 5.55
    endloop
  endfacet
  facet normal 0.321574 -0.946885 0
    outer loop
      vertex 34.1481 -72.2716 5.55
      vertex 33.7765 -72.3978 2.4
      vertex 34.1481 -72.2716 2.4
    endloop
  endfacet
  facet normal 0 -1 0
    outer loop
      vertex -33 -72.5 2.4
      vertex 33 -72.5 5.55
      vertex -33 -72.5 5.55
    endloop
  endfacet
  facet normal 0 -1 -0
    outer loop
      vertex 33 -72.5 5.55
      vertex -33 -72.5 2.4
      vertex 33 -72.5 2.4
    endloop
  endfacet
  facet normal 0.19494 -0.980815 0
    outer loop
      vertex 33.3916 -72.4743 2.4
      vertex 33.7765 -72.3978 5.55
      vertex 33.3916 -72.4743 5.55
    endloop
  endfacet
  facet normal 0.19494 -0.980815 0
    outer loop
      vertex 33.7765 -72.3978 5.55
      vertex 33.3916 -72.4743 2.4
      vertex 33.7765 -72.3978 2.4
    endloop
  endfacet
  facet normal 0.751724 0.659478 -1.81133e-18
    outer loop
      vertex 35.3801 -30.6737 5.55
      vertex 35.1213 -30.3787 2.4
      vertex 35.1213 -30.3787 5.55
    endloop
  endfacet
  facet normal 0.751724 0.659478 -1.81133e-18
    outer loop
      vertex 35.1213 -30.3787 2.4
      vertex 35.3801 -30.6737 5.55
      vertex 35.3801 -30.6737 2.4
    endloop
  endfacet
  facet normal 0.0654873 0.997853 -0
    outer loop
      vertex 33.3916 -29.5257 2.4
      vertex 33 -29.5 5.55
      vertex 33.3916 -29.5257 5.55
    endloop
  endfacet
  facet normal 0.0654873 0.997853 0
    outer loop
      vertex 33 -29.5 5.55
      vertex 33.3916 -29.5257 2.4
      vertex 33 -29.5 2.4
    endloop
  endfacet
  facet normal 0.0654873 -0.997853 0
    outer loop
      vertex 33 -72.5 2.4
      vertex 33.3916 -72.4743 5.55
      vertex 33 -72.5 5.55
    endloop
  endfacet
  facet normal 0.0654873 -0.997853 0
    outer loop
      vertex 33.3916 -72.4743 5.55
      vertex 33 -72.5 2.4
      vertex 33.3916 -72.4743 2.4
    endloop
  endfacet
  facet normal -0.896911 -0.442211 -1.90328e-18
    outer loop
      vertex -35.5981 -71 2.4
      vertex -35.7716 -70.6481 5.55
      vertex -35.7716 -70.6481 2.4
    endloop
  endfacet
  facet normal -0.896911 -0.442211 -1.90328e-18
    outer loop
      vertex -35.7716 -70.6481 5.55
      vertex -35.5981 -71 2.4
      vertex -35.5981 -71 5.55
    endloop
  endfacet
  facet normal -0.0654873 -0.997853 0
    outer loop
      vertex -33.3916 -72.4743 2.4
      vertex -33 -72.5 5.55
      vertex -33.3916 -72.4743 5.55
    endloop
  endfacet
  facet normal -0.0654873 -0.997853 -0
    outer loop
      vertex -33 -72.5 5.55
      vertex -33.3916 -72.4743 2.4
      vertex -33 -72.5 2.4
    endloop
  endfacet
  facet normal -0.321574 -0.946885 0
    outer loop
      vertex -34.1481 -72.2716 2.4
      vertex -33.7765 -72.3978 5.55
      vertex -34.1481 -72.2716 5.55
    endloop
  endfacet
  facet normal -0.321574 -0.946885 -0
    outer loop
      vertex -33.7765 -72.3978 5.55
      vertex -34.1481 -72.2716 2.4
      vertex -33.7765 -72.3978 2.4
    endloop
  endfacet
  facet normal -0.659478 0.751724 0
    outer loop
      vertex -34.8263 -30.1199 2.4
      vertex -35.1213 -30.3787 5.55
      vertex -34.8263 -30.1199 5.55
    endloop
  endfacet
  facet normal -0.659478 0.751724 0
    outer loop
      vertex -35.1213 -30.3787 5.55
      vertex -34.8263 -30.1199 2.4
      vertex -35.1213 -30.3787 2.4
    endloop
  endfacet
  facet normal -0.896911 0.442211 1.90328e-18
    outer loop
      vertex -35.7716 -31.3519 2.4
      vertex -35.5981 -31 5.55
      vertex -35.5981 -31 2.4
    endloop
  endfacet
  facet normal -0.896911 0.442211 1.90328e-18
    outer loop
      vertex -35.5981 -31 5.55
      vertex -35.7716 -31.3519 2.4
      vertex -35.7716 -31.3519 5.55
    endloop
  endfacet
  facet normal -0.442211 0.896911 0
    outer loop
      vertex -34.1481 -29.7284 2.4
      vertex -34.5 -29.9019 5.55
      vertex -34.1481 -29.7284 5.55
    endloop
  endfacet
  facet normal -0.442211 0.896911 0
    outer loop
      vertex -34.5 -29.9019 5.55
      vertex -34.1481 -29.7284 2.4
      vertex -34.5 -29.9019 2.4
    endloop
  endfacet
  facet normal 1 -0 0
    outer loop
      vertex 36 -69.5 5.55
      vertex 36 -57.2724 2.4
      vertex 36 -57.2724 5.55
    endloop
  endfacet
  facet normal 1 0 0
    outer loop
      vertex 36 -57.2724 2.4
      vertex 36 -69.5 5.55
      vertex 36 -69.5 2.4
    endloop
  endfacet
  facet normal 1 -0 0
    outer loop
      vertex 36 -44.7276 5.55
      vertex 36 -32.5 2.4
      vertex 36 -32.5 5.55
    endloop
  endfacet
  facet normal 1 0 0
    outer loop
      vertex 36 -32.5 2.4
      vertex 36 -44.7276 5.55
      vertex 36 -44.7276 2.4
    endloop
  endfacet
  facet normal -1 0 0
    outer loop
      vertex -36 -44.7276 2.4
      vertex -36 -32.5 5.55
      vertex -36 -32.5 2.4
    endloop
  endfacet
  facet normal -1 -0 0
    outer loop
      vertex -36 -32.5 5.55
      vertex -36 -44.7276 2.4
      vertex -36 -44.7276 5.55
    endloop
  endfacet
  facet normal -1 0 0
    outer loop
      vertex -36 -69.5 2.4
      vertex -36 -57.2724 5.55
      vertex -36 -57.2724 2.4
    endloop
  endfacet
  facet normal -1 -0 0
    outer loop
      vertex -36 -57.2724 5.55
      vertex -36 -69.5 2.4
      vertex -36 -69.5 5.55
    endloop
  endfacet
  facet normal -0.0654873 0.997853 0
    outer loop
      vertex -33 -29.5 2.4
      vertex -33.3916 -29.5257 5.55
      vertex -33 -29.5 5.55
    endloop
  endfacet
  facet normal -0.0654873 0.997853 0
    outer loop
      vertex -33.3916 -29.5257 5.55
      vertex -33 -29.5 2.4
      vertex -33.3916 -29.5257 2.4
    endloop
  endfacet
  facet normal 0.321574 0.946885 -0
    outer loop
      vertex 34.1481 -29.7284 2.4
      vertex 33.7765 -29.6022 5.55
      vertex 34.1481 -29.7284 5.55
    endloop
  endfacet
  facet normal 0.321574 0.946885 0
    outer loop
      vertex 33.7765 -29.6022 5.55
      vertex 34.1481 -29.7284 2.4
      vertex 33.7765 -29.6022 2.4
    endloop
  endfacet
  facet normal -0.659478 -0.751724 0
    outer loop
      vertex -35.1213 -71.6213 2.4
      vertex -34.8263 -71.8801 5.55
      vertex -35.1213 -71.6213 5.55
    endloop
  endfacet
  facet normal -0.659478 -0.751724 -0
    outer loop
      vertex -34.8263 -71.8801 5.55
      vertex -35.1213 -71.6213 2.4
      vertex -34.8263 -71.8801 2.4
    endloop
  endfacet
  facet normal -0.946885 0.321574 1.12024e-19
    outer loop
      vertex -35.8978 -31.7235 2.4
      vertex -35.7716 -31.3519 5.55
      vertex -35.7716 -31.3519 2.4
    endloop
  endfacet
  facet normal -0.946885 0.321574 1.12024e-19
    outer loop
      vertex -35.7716 -31.3519 5.55
      vertex -35.8978 -31.7235 2.4
      vertex -35.8978 -31.7235 5.55
    endloop
  endfacet
  facet normal -0.19494 -0.980815 0
    outer loop
      vertex -33.7765 -72.3978 2.4
      vertex -33.3916 -72.4743 5.55
      vertex -33.7765 -72.3978 5.55
    endloop
  endfacet
  facet normal -0.19494 -0.980815 -0
    outer loop
      vertex -33.3916 -72.4743 5.55
      vertex -33.7765 -72.3978 2.4
      vertex -33.3916 -72.4743 2.4
    endloop
  endfacet
  facet normal -0.751724 0.659478 1.81133e-18
    outer loop
      vertex -35.3801 -30.6737 2.4
      vertex -35.1213 -30.3787 5.55
      vertex -35.1213 -30.3787 2.4
    endloop
  endfacet
  facet normal -0.751724 0.659478 1.81133e-18
    outer loop
      vertex -35.1213 -30.3787 5.55
      vertex -35.3801 -30.6737 2.4
      vertex -35.3801 -30.6737 5.55
    endloop
  endfacet
  facet normal 0.980815 -0.19494 -6.50354e-19
    outer loop
      vertex 35.8978 -70.2765 5.55
      vertex 35.9743 -69.8916 2.4
      vertex 35.9743 -69.8916 5.55
    endloop
  endfacet
  facet normal 0.980815 -0.19494 -6.50354e-19
    outer loop
      vertex 35.9743 -69.8916 2.4
      vertex 35.8978 -70.2765 5.55
      vertex 35.8978 -70.2765 2.4
    endloop
  endfacet
  facet normal -0.442211 -0.896911 0
    outer loop
      vertex -34.5 -72.0981 2.4
      vertex -34.1481 -72.2716 5.55
      vertex -34.5 -72.0981 5.55
    endloop
  endfacet
  facet normal -0.442211 -0.896911 -0
    outer loop
      vertex -34.1481 -72.2716 5.55
      vertex -34.5 -72.0981 2.4
      vertex -34.1481 -72.2716 2.4
    endloop
  endfacet
  facet normal 0 1 0
    outer loop
      vertex 33 -29.5 5.55
      vertex 7 -29.5 3.2
      vertex 7 -29.5 5.55
    endloop
  endfacet
  facet normal 0 1 0
    outer loop
      vertex 7 -29.5 3.2
      vertex 33 -29.5 2.4
      vertex -7 -29.5 3.2
    endloop
  endfacet
  facet normal 0 1 -0
    outer loop
      vertex 33 -29.5 2.4
      vertex 7 -29.5 3.2
      vertex 33 -29.5 5.55
    endloop
  endfacet
  facet normal 0 1 -0
    outer loop
      vertex -7 -29.5 3.2
      vertex -33 -29.5 5.55
      vertex -7 -29.5 5.55
    endloop
  endfacet
  facet normal 0 1 0
    outer loop
      vertex -7 -29.5 3.2
      vertex -33 -29.5 2.4
      vertex -33 -29.5 5.55
    endloop
  endfacet
  facet normal 0 1 0
    outer loop
      vertex -33 -29.5 2.4
      vertex -7 -29.5 3.2
      vertex 33 -29.5 2.4
    endloop
  endfacet
  facet normal 0.831501 0.555523 4.43036e-19
    outer loop
      vertex 35.5981 -31 5.55
      vertex 35.3801 -30.6737 2.4
      vertex 35.3801 -30.6737 5.55
    endloop
  endfacet
  facet normal 0.831501 0.555523 4.43036e-19
    outer loop
      vertex 35.3801 -30.6737 2.4
      vertex 35.5981 -31 5.55
      vertex 35.5981 -31 2.4
    endloop
  endfacet
  facet normal -0.321574 0.946885 0
    outer loop
      vertex -33.7765 -29.6022 2.4
      vertex -34.1481 -29.7284 5.55
      vertex -33.7765 -29.6022 5.55
    endloop
  endfacet
  facet normal -0.321574 0.946885 0
    outer loop
      vertex -34.1481 -29.7284 5.55
      vertex -33.7765 -29.6022 2.4
      vertex -34.1481 -29.7284 2.4
    endloop
  endfacet
  facet normal -0.831501 0.555523 -4.43036e-19
    outer loop
      vertex -35.5981 -31 2.4
      vertex -35.3801 -30.6737 5.55
      vertex -35.3801 -30.6737 2.4
    endloop
  endfacet
  facet normal -0.831501 0.555523 -4.43036e-19
    outer loop
      vertex -35.3801 -30.6737 5.55
      vertex -35.5981 -31 2.4
      vertex -35.5981 -31 5.55
    endloop
  endfacet
  facet normal -0.555523 -0.831501 0
    outer loop
      vertex -34.8263 -71.8801 2.4
      vertex -34.5 -72.0981 5.55
      vertex -34.8263 -71.8801 5.55
    endloop
  endfacet
  facet normal -0.555523 -0.831501 -0
    outer loop
      vertex -34.5 -72.0981 5.55
      vertex -34.8263 -71.8801 2.4
      vertex -34.5 -72.0981 2.4
    endloop
  endfacet
  facet normal -0.19494 0.980815 0
    outer loop
      vertex -33.3916 -29.5257 2.4
      vertex -33.7765 -29.6022 5.55
      vertex -33.3916 -29.5257 5.55
    endloop
  endfacet
  facet normal -0.19494 0.980815 0
    outer loop
      vertex -33.7765 -29.6022 5.55
      vertex -33.3916 -29.5257 2.4
      vertex -33.7765 -29.6022 2.4
    endloop
  endfacet
  facet normal 0.896911 -0.442211 1.90328e-18
    outer loop
      vertex 35.5981 -71 5.55
      vertex 35.7716 -70.6481 2.4
      vertex 35.7716 -70.6481 5.55
    endloop
  endfacet
  facet normal 0.896911 -0.442211 1.90328e-18
    outer loop
      vertex 35.7716 -70.6481 2.4
      vertex 35.5981 -71 5.55
      vertex 35.5981 -71 2.4
    endloop
  endfacet
  facet normal 0.659478 -0.751724 0
    outer loop
      vertex 34.8263 -71.8801 2.4
      vertex 35.1213 -71.6213 5.55
      vertex 34.8263 -71.8801 5.55
    endloop
  endfacet
  facet normal 0.659478 -0.751724 0
    outer loop
      vertex 35.1213 -71.6213 5.55
      vertex 34.8263 -71.8801 2.4
      vertex 35.1213 -71.6213 2.4
    endloop
  endfacet
  facet normal 0.555523 0.831501 -0
    outer loop
      vertex 34.8263 -30.1199 2.4
      vertex 34.5 -29.9019 5.55
      vertex 34.8263 -30.1199 5.55
    endloop
  endfacet
  facet normal 0.555523 0.831501 0
    outer loop
      vertex 34.5 -29.9019 5.55
      vertex 34.8263 -30.1199 2.4
      vertex 34.5 -29.9019 2.4
    endloop
  endfacet
  facet normal 0.442211 0.896911 -0
    outer loop
      vertex 34.5 -29.9019 2.4
      vertex 34.1481 -29.7284 5.55
      vertex 34.5 -29.9019 5.55
    endloop
  endfacet
  facet normal 0.442211 0.896911 0
    outer loop
      vertex 34.1481 -29.7284 5.55
      vertex 34.5 -29.9019 2.4
      vertex 34.1481 -29.7284 2.4
    endloop
  endfacet
  facet normal 0.946885 0.321574 -1.12024e-19
    outer loop
      vertex 35.8978 -31.7235 5.55
      vertex 35.7716 -31.3519 2.4
      vertex 35.7716 -31.3519 5.55
    endloop
  endfacet
  facet normal 0.946885 0.321574 -1.12024e-19
    outer loop
      vertex 35.7716 -31.3519 2.4
      vertex 35.8978 -31.7235 5.55
      vertex 35.8978 -31.7235 2.4
    endloop
  endfacet
  facet normal 0.19494 0.980815 -0
    outer loop
      vertex 33.7765 -29.6022 2.4
      vertex 33.3916 -29.5257 5.55
      vertex 33.7765 -29.6022 5.55
    endloop
  endfacet
  facet normal 0.19494 0.980815 0
    outer loop
      vertex 33.3916 -29.5257 5.55
      vertex 33.7765 -29.6022 2.4
      vertex 33.3916 -29.5257 2.4
    endloop
  endfacet
  facet normal 0.997853 0.0654873 -6.90903e-19
    outer loop
      vertex 36 -32.5 5.55
      vertex 35.9743 -32.1084 2.4
      vertex 35.9743 -32.1084 5.55
    endloop
  endfacet
  facet normal 0.997853 0.0654873 -6.90903e-19
    outer loop
      vertex 35.9743 -32.1084 2.4
      vertex 36 -32.5 5.55
      vertex 36 -32.5 2.4
    endloop
  endfacet
  facet normal -0.555523 0.831501 0
    outer loop
      vertex -34.5 -29.9019 2.4
      vertex -34.8263 -30.1199 5.55
      vertex -34.5 -29.9019 5.55
    endloop
  endfacet
  facet normal -0.555523 0.831501 0
    outer loop
      vertex -34.8263 -30.1199 5.55
      vertex -34.5 -29.9019 2.4
      vertex -34.8263 -30.1199 2.4
    endloop
  endfacet
  facet normal 0.831501 -0.555523 -2.59858e-18
    outer loop
      vertex 35.3801 -71.3263 5.55
      vertex 35.5981 -71 2.4
      vertex 35.5981 -71 5.55
    endloop
  endfacet
  facet normal 0.831501 -0.555523 -2.59858e-18
    outer loop
      vertex 35.5981 -71 2.4
      vertex 35.3801 -71.3263 5.55
      vertex 35.3801 -71.3263 2.4
    endloop
  endfacet
  facet normal 0.751724 -0.659478 1.81133e-18
    outer loop
      vertex 35.1213 -71.6213 5.55
      vertex 35.3801 -71.3263 2.4
      vertex 35.3801 -71.3263 5.55
    endloop
  endfacet
  facet normal 0.751724 -0.659478 1.81133e-18
    outer loop
      vertex 35.3801 -71.3263 2.4
      vertex 35.1213 -71.6213 5.55
      vertex 35.1213 -71.6213 2.4
    endloop
  endfacet
  facet normal -0.997853 -0.0654873 -6.90903e-19
    outer loop
      vertex -35.9743 -69.8916 2.4
      vertex -36 -69.5 5.55
      vertex -36 -69.5 2.4
    endloop
  endfacet
  facet normal -0.997853 -0.0654873 -6.90903e-19
    outer loop
      vertex -36 -69.5 5.55
      vertex -35.9743 -69.8916 2.4
      vertex -35.9743 -69.8916 5.55
    endloop
  endfacet
  facet normal -0.980815 0.19494 -6.50354e-19
    outer loop
      vertex -35.9743 -32.1084 2.4
      vertex -35.8978 -31.7235 5.55
      vertex -35.8978 -31.7235 2.4
    endloop
  endfacet
  facet normal -0.980815 0.19494 -6.50354e-19
    outer loop
      vertex -35.8978 -31.7235 5.55
      vertex -35.9743 -32.1084 2.4
      vertex -35.9743 -32.1084 5.55
    endloop
  endfacet
  facet normal -0.997853 0.0654873 6.90903e-19
    outer loop
      vertex -36 -32.5 2.4
      vertex -35.9743 -32.1084 5.55
      vertex -35.9743 -32.1084 2.4
    endloop
  endfacet
  facet normal -0.997853 0.0654873 6.90903e-19
    outer loop
      vertex -35.9743 -32.1084 5.55
      vertex -36 -32.5 2.4
      vertex -36 -32.5 5.55
    endloop
  endfacet
  facet normal 0.946885 -0.321574 1.12024e-19
    outer loop
      vertex 35.7716 -70.6481 5.55
      vertex 35.8978 -70.2765 2.4
      vertex 35.8978 -70.2765 5.55
    endloop
  endfacet
  facet normal 0.946885 -0.321574 1.12024e-19
    outer loop
      vertex 35.8978 -70.2765 2.4
      vertex 35.7716 -70.6481 5.55
      vertex 35.7716 -70.6481 2.4
    endloop
  endfacet
  facet normal 0.659478 0.751724 -0
    outer loop
      vertex 35.1213 -30.3787 2.4
      vertex 34.8263 -30.1199 5.55
      vertex 35.1213 -30.3787 5.55
    endloop
  endfacet
  facet normal 0.659478 0.751724 0
    outer loop
      vertex 34.8263 -30.1199 5.55
      vertex 35.1213 -30.3787 2.4
      vertex 34.8263 -30.1199 2.4
    endloop
  endfacet
  facet normal 0.896911 0.442211 -1.90328e-18
    outer loop
      vertex 35.7716 -31.3519 5.55
      vertex 35.5981 -31 2.4
      vertex 35.5981 -31 5.55
    endloop
  endfacet
  facet normal 0.896911 0.442211 -1.90328e-18
    outer loop
      vertex 35.5981 -31 2.4
      vertex 35.7716 -31.3519 5.55
      vertex 35.7716 -31.3519 2.4
    endloop
  endfacet
  facet normal 0.980815 0.19494 6.50354e-19
    outer loop
      vertex 35.9743 -32.1084 5.55
      vertex 35.8978 -31.7235 2.4
      vertex 35.8978 -31.7235 5.55
    endloop
  endfacet
  facet normal 0.980815 0.19494 6.50354e-19
    outer loop
      vertex 35.8978 -31.7235 2.4
      vertex 35.9743 -32.1084 5.55
      vertex 35.9743 -32.1084 2.4
    endloop
  endfacet
  facet normal -0.980815 -0.19494 6.50354e-19
    outer loop
      vertex -35.8978 -70.2765 2.4
      vertex -35.9743 -69.8916 5.55
      vertex -35.9743 -69.8916 2.4
    endloop
  endfacet
  facet normal -0.980815 -0.19494 6.50354e-19
    outer loop
      vertex -35.9743 -69.8916 5.55
      vertex -35.8978 -70.2765 2.4
      vertex -35.8978 -70.2765 5.55
    endloop
  endfacet
  facet normal -0.946885 -0.321574 -1.12024e-19
    outer loop
      vertex -35.7716 -70.6481 2.4
      vertex -35.8978 -70.2765 5.55
      vertex -35.8978 -70.2765 2.4
    endloop
  endfacet
  facet normal -0.946885 -0.321574 -1.12024e-19
    outer loop
      vertex -35.8978 -70.2765 5.55
      vertex -35.7716 -70.6481 2.4
      vertex -35.7716 -70.6481 5.55
    endloop
  endfacet
  facet normal -0.831501 -0.555523 2.59858e-18
    outer loop
      vertex -35.3801 -71.3263 2.4
      vertex -35.5981 -71 5.55
      vertex -35.5981 -71 2.4
    endloop
  endfacet
  facet normal -0.831501 -0.555523 2.59858e-18
    outer loop
      vertex -35.5981 -71 5.55
      vertex -35.3801 -71.3263 2.4
      vertex -35.3801 -71.3263 5.55
    endloop
  endfacet
  facet normal -0.751724 -0.659478 -1.81133e-18
    outer loop
      vertex -35.1213 -71.6213 2.4
      vertex -35.3801 -71.3263 5.55
      vertex -35.3801 -71.3263 2.4
    endloop
  endfacet
  facet normal -0.751724 -0.659478 -1.81133e-18
    outer loop
      vertex -35.3801 -71.3263 5.55
      vertex -35.1213 -71.6213 2.4
      vertex -35.1213 -71.6213 5.55
    endloop
  endfacet
  facet normal 0.997853 -0.0654873 6.90903e-19
    outer loop
      vertex 35.9743 -69.8916 5.55
      vertex 36 -69.5 2.4
      vertex 36 -69.5 5.55
    endloop
  endfacet
  facet normal 0.997853 -0.0654873 6.90903e-19
    outer loop
      vertex 36 -69.5 2.4
      vertex 35.9743 -69.8916 5.55
      vertex 35.9743 -69.8916 2.4
    endloop
  endfacet
  facet normal 0 0 1
    outer loop
      vertex -7 -29.5 5.55
      vertex -32.3 -31.2 5.55
      vertex -7 -31.2 5.55
    endloop
  endfacet
  facet normal -0 0 1
    outer loop
      vertex -33 -29.5 5.55
      vertex -32.3 -31.2 5.55
      vertex -7 -29.5 5.55
    endloop
  endfacet
  facet normal 0 0 1
    outer loop
      vertex -32.3 -31.2 5.55
      vertex -33 -29.5 5.55
      vertex -32.561 -31.2171 5.55
    endloop
  endfacet
  facet normal 0 0 1
    outer loop
      vertex -33 -29.5 5.55
      vertex -32.8176 -31.2682 5.55
      vertex -32.561 -31.2171 5.55
    endloop
  endfacet
  facet normal -0 0 1
    outer loop
      vertex -33.3916 -29.5257 5.55
      vertex -32.8176 -31.2682 5.55
      vertex -33 -29.5 5.55
    endloop
  endfacet
  facet normal 0 0 1
    outer loop
      vertex -32.8176 -31.2682 5.55
      vertex -33.3916 -29.5257 5.55
      vertex -33.0654 -31.3522 5.55
    endloop
  endfacet
  facet normal -0 0 1
    outer loop
      vertex -33.7765 -29.6022 5.55
      vertex -33.0654 -31.3522 5.55
      vertex -33.3916 -29.5257 5.55
    endloop
  endfacet
  facet normal 0 0 1
    outer loop
      vertex -33.0654 -31.3522 5.55
      vertex -33.7765 -29.6022 5.55
      vertex -33.3 -31.468 5.55
    endloop
  endfacet
  facet normal -0 0 1
    outer loop
      vertex -34.1481 -29.7284 5.55
      vertex -33.3 -31.468 5.55
      vertex -33.7765 -29.6022 5.55
    endloop
  endfacet
  facet normal -0 0 1
    outer loop
      vertex -34.5 -29.9019 5.55
      vertex -33.3 -31.468 5.55
      vertex -34.1481 -29.7284 5.55
    endloop
  endfacet
  facet normal 0 0 1
    outer loop
      vertex -33.3 -31.468 5.55
      vertex -34.5 -29.9019 5.55
      vertex -33.5175 -31.6133 5.55
    endloop
  endfacet
  facet normal -0 0 1
    outer loop
      vertex -34.8263 -30.1199 5.55
      vertex -33.5175 -31.6133 5.55
      vertex -34.5 -29.9019 5.55
    endloop
  endfacet
  facet normal 0 0 1
    outer loop
      vertex -33.5175 -31.6133 5.55
      vertex -34.8263 -30.1199 5.55
      vertex -33.7142 -31.7858 5.55
    endloop
  endfacet
  facet normal -0 0 1
    outer loop
      vertex -35.1213 -30.3787 5.55
      vertex -33.7142 -31.7858 5.55
      vertex -34.8263 -30.1199 5.55
    endloop
  endfacet
  facet normal -0 0 1
    outer loop
      vertex -35.3801 -30.6737 5.55
      vertex -33.7142 -31.7858 5.55
      vertex -35.1213 -30.3787 5.55
    endloop
  endfacet
  facet normal 0 0 1
    outer loop
      vertex -33.7142 -31.7858 5.55
      vertex -35.3801 -30.6737 5.55
      vertex -33.8867 -31.9825 5.55
    endloop
  endfacet
  facet normal -0 0 1
    outer loop
      vertex -35.5981 -31 5.55
      vertex -33.8867 -31.9825 5.55
      vertex -35.3801 -30.6737 5.55
    endloop
  endfacet
  facet normal -0 0 1
    outer loop
      vertex -35.7716 -31.3519 5.55
      vertex -34.032 -32.2 5.55
      vertex -35.5981 -31 5.55
    endloop
  endfacet
  facet normal 0 0 1
    outer loop
      vertex -33.8867 -31.9825 5.55
      vertex -35.5981 -31 5.55
      vertex -34.032 -32.2 5.55
    endloop
  endfacet
  facet normal 0 0 1
    outer loop
      vertex 34.3 -33.2 5.55
      vertex 36 -32.5 5.55
      vertex 35.9743 -32.1084 5.55
    endloop
  endfacet
  facet normal 0 0 1
    outer loop
      vertex 36 -32.5 5.55
      vertex 34.3 -33.2 5.55
      vertex 36 -44.7276 5.55
    endloop
  endfacet
  facet normal 0 0 1
    outer loop
      vertex 34.3 -33.2 5.55
      vertex 35.9743 -32.1084 5.55
      vertex 35.8978 -31.7235 5.55
    endloop
  endfacet
  facet normal 0 0 1
    outer loop
      vertex 36 -44.7276 5.55
      vertex 34.3 -33.2 5.55
      vertex 35.9695 -44.748 5.55
    endloop
  endfacet
  facet normal 0 0 1
    outer loop
      vertex 34.3 -33.2 5.55
      vertex 35.8978 -31.7235 5.55
      vertex 35.7716 -31.3519 5.55
    endloop
  endfacet
  facet normal 0 0 1
    outer loop
      vertex 35.9695 -44.748 5.55
      vertex 34.3 -33.2 5.55
      vertex 35.8515 -44.8515 5.55
    endloop
  endfacet
  facet normal 0 0 1
    outer loop
      vertex 35.8515 -44.8515 5.55
      vertex 34.3 -33.2 5.55
      vertex 35.748 -44.9695 5.55
    endloop
  endfacet
  facet normal 0 0 1
    outer loop
      vertex 34.3 -33.2 5.55
      vertex 35.7716 -31.3519 5.55
      vertex 35.5981 -31 5.55
    endloop
  endfacet
  facet normal 0 0 1
    outer loop
      vertex 35.748 -44.9695 5.55
      vertex 34.3 -33.2 5.55
      vertex 35.6608 -45.1 5.55
    endloop
  endfacet
  facet normal 0 0 1
    outer loop
      vertex 35.6608 -45.1 5.55
      vertex 34.3 -33.2 5.55
      vertex 35.5914 -45.2408 5.55
    endloop
  endfacet
  facet normal 0 0 1
    outer loop
      vertex 35.5914 -45.2408 5.55
      vertex 34.3 -33.2 5.55
      vertex 35.5409 -45.3894 5.55
    endloop
  endfacet
  facet normal 0 0 1
    outer loop
      vertex 35.5409 -45.3894 5.55
      vertex 34.3 -33.2 5.55
      vertex 35.5103 -45.5434 5.55
    endloop
  endfacet
  facet normal 0 0 1
    outer loop
      vertex 35.5103 -45.5434 5.55
      vertex 34.3 -33.2 5.55
      vertex 35.5 -45.7 5.55
    endloop
  endfacet
  facet normal 0 0 1
    outer loop
      vertex 34.3 -33.2 5.55
      vertex 35.5981 -31 5.55
      vertex 35.3801 -30.6737 5.55
    endloop
  endfacet
  facet normal -0 0 1
    outer loop
      vertex 34.3 -68.8 5.55
      vertex 36 -69.5 5.55
      vertex 36 -57.2724 5.55
    endloop
  endfacet
  facet normal 0 0 1
    outer loop
      vertex 34.3 -68.8 5.55
      vertex 36 -57.2724 5.55
      vertex 35.9695 -57.252 5.55
    endloop
  endfacet
  facet normal -0 0 1
    outer loop
      vertex 34.2829 -69.061 5.55
      vertex 36 -69.5 5.55
      vertex 34.3 -68.8 5.55
    endloop
  endfacet
  facet normal 0 0 1
    outer loop
      vertex 34.3 -68.8 5.55
      vertex 35.9695 -57.252 5.55
      vertex 35.8515 -57.1485 5.55
    endloop
  endfacet
  facet normal -0 0 1
    outer loop
      vertex 34.2318 -69.3176 5.55
      vertex 36 -69.5 5.55
      vertex 34.2829 -69.061 5.55
    endloop
  endfacet
  facet normal 0 0 1
    outer loop
      vertex 34.3 -68.8 5.55
      vertex 35.8515 -57.1485 5.55
      vertex 35.748 -57.0305 5.55
    endloop
  endfacet
  facet normal 0 0 1
    outer loop
      vertex 34.3 -68.8 5.55
      vertex 35.748 -57.0305 5.55
      vertex 35.6608 -56.9 5.55
    endloop
  endfacet
  facet normal 0 0 1
    outer loop
      vertex 36 -69.5 5.55
      vertex 34.2318 -69.3176 5.55
      vertex 35.9743 -69.8916 5.55
    endloop
  endfacet
  facet normal 0 0 1
    outer loop
      vertex 34.3 -68.8 5.55
      vertex 35.6608 -56.9 5.55
      vertex 35.5914 -56.7592 5.55
    endloop
  endfacet
  facet normal 0 0 1
    outer loop
      vertex 34.3 -68.8 5.55
      vertex 35.5914 -56.7592 5.55
      vertex 35.5409 -56.6106 5.55
    endloop
  endfacet
  facet normal 0 0 1
    outer loop
      vertex 34.3 -68.8 5.55
      vertex 35.5409 -56.6106 5.55
      vertex 35.5103 -56.4566 5.55
    endloop
  endfacet
  facet normal 0 0 1
    outer loop
      vertex 34.3 -68.8 5.55
      vertex 35.5103 -56.4566 5.55
      vertex 35.5 -56.3 5.55
    endloop
  endfacet
  facet normal -0 0 1
    outer loop
      vertex 34.1478 -69.5654 5.55
      vertex 35.9743 -69.8916 5.55
      vertex 34.2318 -69.3176 5.55
    endloop
  endfacet
  facet normal 0 0 1
    outer loop
      vertex 35.5 -45.7 5.55
      vertex 34.3 -33.2 5.55
      vertex 35.5 -56.3 5.55
    endloop
  endfacet
  facet normal 0 0 1
    outer loop
      vertex 33.7142 -31.7858 5.55
      vertex 35.3801 -30.6737 5.55
      vertex 35.1213 -30.3787 5.55
    endloop
  endfacet
  facet normal 0 0 1
    outer loop
      vertex 34.3 -68.8 5.55
      vertex 35.5 -56.3 5.55
      vertex 34.3 -33.2 5.55
    endloop
  endfacet
  facet normal 0 0 1
    outer loop
      vertex 33.7142 -31.7858 5.55
      vertex 35.1213 -30.3787 5.55
      vertex 34.8263 -30.1199 5.55
    endloop
  endfacet
  facet normal 0 0 1
    outer loop
      vertex 35.9743 -69.8916 5.55
      vertex 34.1478 -69.5654 5.55
      vertex 35.8978 -70.2765 5.55
    endloop
  endfacet
  facet normal 0 0 1
    outer loop
      vertex 33.5175 -31.6133 5.55
      vertex 34.8263 -30.1199 5.55
      vertex 34.5 -29.9019 5.55
    endloop
  endfacet
  facet normal -0 0 1
    outer loop
      vertex 34.032 -69.8 5.55
      vertex 35.8978 -70.2765 5.55
      vertex 34.1478 -69.5654 5.55
    endloop
  endfacet
  facet normal 0 0 1
    outer loop
      vertex 35.8978 -70.2765 5.55
      vertex 34.032 -69.8 5.55
      vertex 35.7716 -70.6481 5.55
    endloop
  endfacet
  facet normal 0 0 1
    outer loop
      vertex 35.3801 -30.6737 5.55
      vertex 34.2829 -32.939 5.55
      vertex 34.3 -33.2 5.55
    endloop
  endfacet
  facet normal 0 0 1
    outer loop
      vertex 35.3801 -30.6737 5.55
      vertex 34.2318 -32.6824 5.55
      vertex 34.2829 -32.939 5.55
    endloop
  endfacet
  facet normal 0 0 1
    outer loop
      vertex 33.3 -31.468 5.55
      vertex 34.5 -29.9019 5.55
      vertex 34.1481 -29.7284 5.55
    endloop
  endfacet
  facet normal 0 0 1
    outer loop
      vertex 35.3801 -30.6737 5.55
      vertex 34.1478 -32.4346 5.55
      vertex 34.2318 -32.6824 5.55
    endloop
  endfacet
  facet normal 0 0 1
    outer loop
      vertex 35.3801 -30.6737 5.55
      vertex 34.032 -32.2 5.55
      vertex 34.1478 -32.4346 5.55
    endloop
  endfacet
  facet normal 0 0 1
    outer loop
      vertex 35.3801 -30.6737 5.55
      vertex 33.8867 -31.9825 5.55
      vertex 34.032 -32.2 5.55
    endloop
  endfacet
  facet normal 0 0 1
    outer loop
      vertex 33.3 -31.468 5.55
      vertex 34.1481 -29.7284 5.55
      vertex 33.7765 -29.6022 5.55
    endloop
  endfacet
  facet normal 0 0 1
    outer loop
      vertex 35.3801 -30.6737 5.55
      vertex 33.7142 -31.7858 5.55
      vertex 33.8867 -31.9825 5.55
    endloop
  endfacet
  facet normal 0 0 1
    outer loop
      vertex 34.8263 -30.1199 5.55
      vertex 33.5175 -31.6133 5.55
      vertex 33.7142 -31.7858 5.55
    endloop
  endfacet
  facet normal 0 0 1
    outer loop
      vertex 33.0654 -31.3522 5.55
      vertex 33.7765 -29.6022 5.55
      vertex 33.3916 -29.5257 5.55
    endloop
  endfacet
  facet normal 0 0 1
    outer loop
      vertex 34.5 -29.9019 5.55
      vertex 33.3 -31.468 5.55
      vertex 33.5175 -31.6133 5.55
    endloop
  endfacet
  facet normal 0 0 1
    outer loop
      vertex 33.7765 -29.6022 5.55
      vertex 33.0654 -31.3522 5.55
      vertex 33.3 -31.468 5.55
    endloop
  endfacet
  facet normal 0 0 1
    outer loop
      vertex 32.8176 -31.2682 5.55
      vertex 33.3916 -29.5257 5.55
      vertex 33 -29.5 5.55
    endloop
  endfacet
  facet normal 0 0 1
    outer loop
      vertex 33.3916 -29.5257 5.55
      vertex 32.8176 -31.2682 5.55
      vertex 33.0654 -31.3522 5.55
    endloop
  endfacet
  facet normal 0 0 1
    outer loop
      vertex 33 -29.5 5.55
      vertex 32.561 -31.2171 5.55
      vertex 32.8176 -31.2682 5.55
    endloop
  endfacet
  facet normal 0 0 1
    outer loop
      vertex 33 -29.5 5.55
      vertex 32.3 -31.2 5.55
      vertex 32.561 -31.2171 5.55
    endloop
  endfacet
  facet normal -0 0 1
    outer loop
      vertex 7 -29.5 5.55
      vertex 32.3 -31.2 5.55
      vertex 33 -29.5 5.55
    endloop
  endfacet
  facet normal 0 0 1
    outer loop
      vertex 32.3 -31.2 5.55
      vertex 7 -29.5 5.55
      vertex 7 -31.2 5.55
    endloop
  endfacet
  facet normal 0 0 1
    outer loop
      vertex 35.7716 -70.6481 5.55
      vertex 34.032 -69.8 5.55
      vertex 35.5981 -71 5.55
    endloop
  endfacet
  facet normal -0 0 1
    outer loop
      vertex 33.8867 -70.0175 5.55
      vertex 35.5981 -71 5.55
      vertex 34.032 -69.8 5.55
    endloop
  endfacet
  facet normal 0 0 1
    outer loop
      vertex 35.5981 -71 5.55
      vertex 33.8867 -70.0175 5.55
      vertex 35.3801 -71.3263 5.55
    endloop
  endfacet
  facet normal -0 0 1
    outer loop
      vertex 33.7142 -70.2142 5.55
      vertex 35.3801 -71.3263 5.55
      vertex 33.8867 -70.0175 5.55
    endloop
  endfacet
  facet normal 0 0 1
    outer loop
      vertex 35.3801 -71.3263 5.55
      vertex 33.7142 -70.2142 5.55
      vertex 35.1213 -71.6213 5.55
    endloop
  endfacet
  facet normal 0 0 1
    outer loop
      vertex 35.1213 -71.6213 5.55
      vertex 33.7142 -70.2142 5.55
      vertex 34.8263 -71.8801 5.55
    endloop
  endfacet
  facet normal -0 0 1
    outer loop
      vertex 33.5175 -70.3867 5.55
      vertex 34.8263 -71.8801 5.55
      vertex 33.7142 -70.2142 5.55
    endloop
  endfacet
  facet normal 0 0 1
    outer loop
      vertex 34.8263 -71.8801 5.55
      vertex 33.5175 -70.3867 5.55
      vertex 34.5 -72.0981 5.55
    endloop
  endfacet
  facet normal -0 0 1
    outer loop
      vertex 33.3 -70.532 5.55
      vertex 34.5 -72.0981 5.55
      vertex 33.5175 -70.3867 5.55
    endloop
  endfacet
  facet normal 0 0 1
    outer loop
      vertex 34.5 -72.0981 5.55
      vertex 33.3 -70.532 5.55
      vertex 34.1481 -72.2716 5.55
    endloop
  endfacet
  facet normal 0 0 1
    outer loop
      vertex 34.1481 -72.2716 5.55
      vertex 33.3 -70.532 5.55
      vertex 33.7765 -72.3978 5.55
    endloop
  endfacet
  facet normal -0 0 1
    outer loop
      vertex 33.0654 -70.6478 5.55
      vertex 33.7765 -72.3978 5.55
      vertex 33.3 -70.532 5.55
    endloop
  endfacet
  facet normal 0 0 1
    outer loop
      vertex 33.7765 -72.3978 5.55
      vertex 33.0654 -70.6478 5.55
      vertex 33.3916 -72.4743 5.55
    endloop
  endfacet
  facet normal -0 0 1
    outer loop
      vertex 32.8176 -70.7318 5.55
      vertex 33.3916 -72.4743 5.55
      vertex 33.0654 -70.6478 5.55
    endloop
  endfacet
  facet normal 0 0 1
    outer loop
      vertex 33.3916 -72.4743 5.55
      vertex 32.8176 -70.7318 5.55
      vertex 33 -72.5 5.55
    endloop
  endfacet
  facet normal -0 0 1
    outer loop
      vertex 32.561 -70.7829 5.55
      vertex 33 -72.5 5.55
      vertex 32.8176 -70.7318 5.55
    endloop
  endfacet
  facet normal -0 0 1
    outer loop
      vertex 32.3 -70.8 5.55
      vertex 33 -72.5 5.55
      vertex 32.561 -70.7829 5.55
    endloop
  endfacet
  facet normal -0 0 1
    outer loop
      vertex -32.3 -70.8 5.55
      vertex 33 -72.5 5.55
      vertex 32.3 -70.8 5.55
    endloop
  endfacet
  facet normal 0 0 1
    outer loop
      vertex -32.3 -70.8 5.55
      vertex -33 -72.5 5.55
      vertex 33 -72.5 5.55
    endloop
  endfacet
  facet normal 0 0 1
    outer loop
      vertex -32.561 -70.7829 5.55
      vertex -33 -72.5 5.55
      vertex -32.3 -70.8 5.55
    endloop
  endfacet
  facet normal 0 0 1
    outer loop
      vertex -32.8176 -70.7318 5.55
      vertex -33 -72.5 5.55
      vertex -32.561 -70.7829 5.55
    endloop
  endfacet
  facet normal 0 0 1
    outer loop
      vertex -33.3916 -72.4743 5.55
      vertex -32.8176 -70.7318 5.55
      vertex -33.0654 -70.6478 5.55
    endloop
  endfacet
  facet normal 0 0 1
    outer loop
      vertex -33.7765 -72.3978 5.55
      vertex -33.0654 -70.6478 5.55
      vertex -33.3 -70.532 5.55
    endloop
  endfacet
  facet normal 0 0 1
    outer loop
      vertex -32.8176 -70.7318 5.55
      vertex -33.3916 -72.4743 5.55
      vertex -33 -72.5 5.55
    endloop
  endfacet
  facet normal 0 0 1
    outer loop
      vertex -34.5 -72.0981 5.55
      vertex -33.3 -70.532 5.55
      vertex -33.5175 -70.3867 5.55
    endloop
  endfacet
  facet normal 0 0 1
    outer loop
      vertex -34.8263 -71.8801 5.55
      vertex -33.5175 -70.3867 5.55
      vertex -33.7142 -70.2142 5.55
    endloop
  endfacet
  facet normal 0 0 1
    outer loop
      vertex -33.0654 -70.6478 5.55
      vertex -33.7765 -72.3978 5.55
      vertex -33.3916 -72.4743 5.55
    endloop
  endfacet
  facet normal 0 0 1
    outer loop
      vertex -35.3801 -71.3263 5.55
      vertex -33.7142 -70.2142 5.55
      vertex -33.8867 -70.0175 5.55
    endloop
  endfacet
  facet normal 0 0 1
    outer loop
      vertex -35.5981 -71 5.55
      vertex -33.8867 -70.0175 5.55
      vertex -34.032 -69.8 5.55
    endloop
  endfacet
  facet normal 0 0 1
    outer loop
      vertex -35.8978 -70.2765 5.55
      vertex -34.032 -69.8 5.55
      vertex -34.1478 -69.5654 5.55
    endloop
  endfacet
  facet normal 0 0 1
    outer loop
      vertex -33.3 -70.532 5.55
      vertex -34.1481 -72.2716 5.55
      vertex -33.7765 -72.3978 5.55
    endloop
  endfacet
  facet normal 0 0 1
    outer loop
      vertex -35.9743 -69.8916 5.55
      vertex -34.1478 -69.5654 5.55
      vertex -34.2318 -69.3176 5.55
    endloop
  endfacet
  facet normal 0 0 1
    outer loop
      vertex -36 -69.5 5.55
      vertex -34.2318 -69.3176 5.55
      vertex -34.2829 -69.061 5.55
    endloop
  endfacet
  facet normal 0 0 1
    outer loop
      vertex -36 -69.5 5.55
      vertex -34.2829 -69.061 5.55
      vertex -34.3 -68.8 5.55
    endloop
  endfacet
  facet normal 0 0 1
    outer loop
      vertex -33.3 -70.532 5.55
      vertex -34.5 -72.0981 5.55
      vertex -34.1481 -72.2716 5.55
    endloop
  endfacet
  facet normal 0 0 1
    outer loop
      vertex -34.3 -33.2 5.55
      vertex -35.5 -45.7 5.55
      vertex -34.3 -68.8 5.55
    endloop
  endfacet
  facet normal -0 0 1
    outer loop
      vertex -35.8978 -31.7235 5.55
      vertex -34.032 -32.2 5.55
      vertex -35.7716 -31.3519 5.55
    endloop
  endfacet
  facet normal -0 0 1
    outer loop
      vertex -35.5 -56.3 5.55
      vertex -34.3 -68.8 5.55
      vertex -35.5 -45.7 5.55
    endloop
  endfacet
  facet normal 0 0 1
    outer loop
      vertex -34.032 -32.2 5.55
      vertex -35.8978 -31.7235 5.55
      vertex -34.1478 -32.4346 5.55
    endloop
  endfacet
  facet normal -0 0 1
    outer loop
      vertex -35.5103 -56.4566 5.55
      vertex -34.3 -68.8 5.55
      vertex -35.5 -56.3 5.55
    endloop
  endfacet
  facet normal -0 0 1
    outer loop
      vertex -35.9743 -32.1084 5.55
      vertex -34.1478 -32.4346 5.55
      vertex -35.8978 -31.7235 5.55
    endloop
  endfacet
  facet normal -0 0 1
    outer loop
      vertex -35.5409 -56.6106 5.55
      vertex -34.3 -68.8 5.55
      vertex -35.5103 -56.4566 5.55
    endloop
  endfacet
  facet normal -0 0 1
    outer loop
      vertex -35.5914 -56.7592 5.55
      vertex -34.3 -68.8 5.55
      vertex -35.5409 -56.6106 5.55
    endloop
  endfacet
  facet normal 0 0 1
    outer loop
      vertex -34.3 -33.2 5.55
      vertex -35.5103 -45.5434 5.55
      vertex -35.5 -45.7 5.55
    endloop
  endfacet
  facet normal 0 0 1
    outer loop
      vertex -34.3 -33.2 5.55
      vertex -35.5409 -45.3894 5.55
      vertex -35.5103 -45.5434 5.55
    endloop
  endfacet
  facet normal 0 0 1
    outer loop
      vertex -34.3 -33.2 5.55
      vertex -35.5914 -45.2408 5.55
      vertex -35.5409 -45.3894 5.55
    endloop
  endfacet
  facet normal 0 0 1
    outer loop
      vertex -34.1478 -32.4346 5.55
      vertex -35.9743 -32.1084 5.55
      vertex -34.2318 -32.6824 5.55
    endloop
  endfacet
  facet normal 0 0 1
    outer loop
      vertex -36 -44.7276 5.55
      vertex -34.3 -33.2 5.55
      vertex -36 -32.5 5.55
    endloop
  endfacet
  facet normal 0 0 1
    outer loop
      vertex -34.3 -33.2 5.55
      vertex -35.6608 -45.1 5.55
      vertex -35.5914 -45.2408 5.55
    endloop
  endfacet
  facet normal -0 0 1
    outer loop
      vertex -36 -32.5 5.55
      vertex -34.2318 -32.6824 5.55
      vertex -35.9743 -32.1084 5.55
    endloop
  endfacet
  facet normal 0 0 1
    outer loop
      vertex -34.3 -33.2 5.55
      vertex -35.748 -44.9695 5.55
      vertex -35.6608 -45.1 5.55
    endloop
  endfacet
  facet normal 0 0 1
    outer loop
      vertex -34.2318 -32.6824 5.55
      vertex -36 -32.5 5.55
      vertex -34.2829 -32.939 5.55
    endloop
  endfacet
  facet normal 0 0 1
    outer loop
      vertex -34.3 -33.2 5.55
      vertex -35.8515 -44.8515 5.55
      vertex -35.748 -44.9695 5.55
    endloop
  endfacet
  facet normal 0 0 1
    outer loop
      vertex -34.2829 -32.939 5.55
      vertex -36 -32.5 5.55
      vertex -34.3 -33.2 5.55
    endloop
  endfacet
  facet normal 0 0 1
    outer loop
      vertex -34.3 -33.2 5.55
      vertex -35.9695 -44.748 5.55
      vertex -35.8515 -44.8515 5.55
    endloop
  endfacet
  facet normal 0 0 1
    outer loop
      vertex -34.3 -33.2 5.55
      vertex -36 -44.7276 5.55
      vertex -35.9695 -44.748 5.55
    endloop
  endfacet
  facet normal -0 0 1
    outer loop
      vertex -35.6608 -56.9 5.55
      vertex -34.3 -68.8 5.55
      vertex -35.5914 -56.7592 5.55
    endloop
  endfacet
  facet normal -0 0 1
    outer loop
      vertex -35.748 -57.0305 5.55
      vertex -34.3 -68.8 5.55
      vertex -35.6608 -56.9 5.55
    endloop
  endfacet
  facet normal 0 0 1
    outer loop
      vertex -33.5175 -70.3867 5.55
      vertex -34.8263 -71.8801 5.55
      vertex -34.5 -72.0981 5.55
    endloop
  endfacet
  facet normal 0 0 1
    outer loop
      vertex -33.7142 -70.2142 5.55
      vertex -35.1213 -71.6213 5.55
      vertex -34.8263 -71.8801 5.55
    endloop
  endfacet
  facet normal 0 0 1
    outer loop
      vertex -33.7142 -70.2142 5.55
      vertex -35.3801 -71.3263 5.55
      vertex -35.1213 -71.6213 5.55
    endloop
  endfacet
  facet normal 0 0 1
    outer loop
      vertex -34.2318 -69.3176 5.55
      vertex -36 -69.5 5.55
      vertex -35.9743 -69.8916 5.55
    endloop
  endfacet
  facet normal -0 0 1
    outer loop
      vertex -35.8515 -57.1485 5.55
      vertex -34.3 -68.8 5.55
      vertex -35.748 -57.0305 5.55
    endloop
  endfacet
  facet normal 0 0 1
    outer loop
      vertex -33.8867 -70.0175 5.55
      vertex -35.5981 -71 5.55
      vertex -35.3801 -71.3263 5.55
    endloop
  endfacet
  facet normal -0 0 1
    outer loop
      vertex -35.9695 -57.252 5.55
      vertex -34.3 -68.8 5.55
      vertex -35.8515 -57.1485 5.55
    endloop
  endfacet
  facet normal 0 0 1
    outer loop
      vertex -34.032 -69.8 5.55
      vertex -35.7716 -70.6481 5.55
      vertex -35.5981 -71 5.55
    endloop
  endfacet
  facet normal -0 0 1
    outer loop
      vertex -36 -57.2724 5.55
      vertex -34.3 -68.8 5.55
      vertex -35.9695 -57.252 5.55
    endloop
  endfacet
  facet normal 0 0 1
    outer loop
      vertex -34.032 -69.8 5.55
      vertex -35.8978 -70.2765 5.55
      vertex -35.7716 -70.6481 5.55
    endloop
  endfacet
  facet normal 0 0 1
    outer loop
      vertex -34.3 -68.8 5.55
      vertex -36 -57.2724 5.55
      vertex -36 -69.5 5.55
    endloop
  endfacet
  facet normal 0 0 1
    outer loop
      vertex -34.1478 -69.5654 5.55
      vertex -35.9743 -69.8916 5.55
      vertex -35.8978 -70.2765 5.55
    endloop
  endfacet
  facet normal 0.442211 -0.896911 0
    outer loop
      vertex 34.1481 -72.2716 2.4
      vertex 34.5 -72.0981 5.55
      vertex 34.1481 -72.2716 5.55
    endloop
  endfacet
  facet normal 0.442211 -0.896911 0
    outer loop
      vertex 34.5 -72.0981 5.55
      vertex 34.1481 -72.2716 2.4
      vertex 34.5 -72.0981 2.4
    endloop
  endfacet
  facet normal 0.555523 -0.831501 0
    outer loop
      vertex 34.5 -72.0981 2.4
      vertex 34.8263 -71.8801 5.55
      vertex 34.5 -72.0981 5.55
    endloop
  endfacet
  facet normal 0.555523 -0.831501 0
    outer loop
      vertex 34.8263 -71.8801 5.55
      vertex 34.5 -72.0981 2.4
      vertex 34.8263 -71.8801 2.4
    endloop
  endfacet
  facet normal -0.0653771 0.997861 0
    outer loop
      vertex 32.561 -70.7829 3.2
      vertex 32.3 -70.8 5.55
      vertex 32.561 -70.7829 5.55
    endloop
  endfacet
  facet normal -0.0653771 0.997861 0
    outer loop
      vertex 32.3 -70.8 5.55
      vertex 32.561 -70.7829 3.2
      vertex 32.3 -70.8 3.2
    endloop
  endfacet
  facet normal -0.947066 -0.321039 1.36835e-18
    outer loop
      vertex 34.2318 -32.6824 3.2
      vertex 34.1478 -32.4346 5.55
      vertex 34.1478 -32.4346 3.2
    endloop
  endfacet
  facet normal -0.947066 -0.321039 1.36835e-18
    outer loop
      vertex 34.1478 -32.4346 5.55
      vertex 34.2318 -32.6824 3.2
      vertex 34.2318 -32.6824 5.55
    endloop
  endfacet
  facet normal 1 0 0
    outer loop
      vertex -34.3 -33.2 5.55
      vertex -34.3 -46.5 4.8
      vertex -34.3 -33.2 3.2
    endloop
  endfacet
  facet normal 1 0 0
    outer loop
      vertex -34.3 -33.2 5.55
      vertex -34.3 -55.5 4.8
      vertex -34.3 -46.5 4.8
    endloop
  endfacet
  facet normal 1 -0 0
    outer loop
      vertex -34.3 -68.8 5.55
      vertex -34.3 -55.5 4.8
      vertex -34.3 -33.2 5.55
    endloop
  endfacet
  facet normal 1 0 0
    outer loop
      vertex -34.3 -68.8 3.2
      vertex -34.3 -55.5 4.8
      vertex -34.3 -68.8 5.55
    endloop
  endfacet
  facet normal 1 0 0
    outer loop
      vertex -34.3 -55.5 4.8
      vertex -34.3 -68.8 3.2
      vertex -34.3 -55.5 3.2
    endloop
  endfacet
  facet normal 1 0 0
    outer loop
      vertex -34.3 -33.2 3.2
      vertex -34.3 -46.5 4.8
      vertex -34.3 -46.5 3.2
    endloop
  endfacet
  facet normal -0.997861 -0.0653771 -3.47337e-20
    outer loop
      vertex 34.3 -33.2 3.2
      vertex 34.2829 -32.939 5.55
      vertex 34.2829 -32.939 3.2
    endloop
  endfacet
  facet normal -0.997861 -0.0653771 -3.47337e-20
    outer loop
      vertex 34.2829 -32.939 5.55
      vertex 34.3 -33.2 3.2
      vertex 34.3 -33.2 5.55
    endloop
  endfacet
  facet normal 0.0653771 0.997861 -0
    outer loop
      vertex -32.3 -70.8 3.2
      vertex -32.561 -70.7829 5.55
      vertex -32.3 -70.8 5.55
    endloop
  endfacet
  facet normal 0.0653771 0.997861 0
    outer loop
      vertex -32.561 -70.7829 5.55
      vertex -32.3 -70.8 3.2
      vertex -32.561 -70.7829 3.2
    endloop
  endfacet
  facet normal 0.997861 -0.0653771 3.47337e-20
    outer loop
      vertex -34.3 -33.2 5.55
      vertex -34.2829 -32.939 3.2
      vertex -34.2829 -32.939 5.55
    endloop
  endfacet
  facet normal 0.997861 -0.0653771 3.47337e-20
    outer loop
      vertex -34.2829 -32.939 3.2
      vertex -34.3 -33.2 5.55
      vertex -34.3 -33.2 3.2
    endloop
  endfacet
  facet normal 0.751842 0.659343 -5.22954e-19
    outer loop
      vertex -33.7142 -70.2142 5.55
      vertex -33.8867 -70.0175 3.2
      vertex -33.8867 -70.0175 5.55
    endloop
  endfacet
  facet normal 0.751842 0.659343 -5.22954e-19
    outer loop
      vertex -33.8867 -70.0175 3.2
      vertex -33.7142 -70.2142 5.55
      vertex -33.7142 -70.2142 3.2
    endloop
  endfacet
  facet normal 0.947066 -0.321039 -1.36835e-18
    outer loop
      vertex -34.2318 -32.6824 5.55
      vertex -34.1478 -32.4346 3.2
      vertex -34.1478 -32.4346 5.55
    endloop
  endfacet
  facet normal 0.947066 -0.321039 -1.36835e-18
    outer loop
      vertex -34.1478 -32.4346 3.2
      vertex -34.2318 -32.6824 5.55
      vertex -34.2318 -32.6824 3.2
    endloop
  endfacet
  facet normal 0 1 -0
    outer loop
      vertex 32.3 -70.8 3.2
      vertex -32.3 -70.8 5.55
      vertex 32.3 -70.8 5.55
    endloop
  endfacet
  facet normal 0 1 0
    outer loop
      vertex -32.3 -70.8 5.55
      vertex 32.3 -70.8 3.2
      vertex -32.3 -70.8 3.2
    endloop
  endfacet
  facet normal 0.442621 -0.896709 0
    outer loop
      vertex -33.3 -31.468 3.2
      vertex -33.0654 -31.3522 5.55
      vertex -33.3 -31.468 5.55
    endloop
  endfacet
  facet normal 0.442621 -0.896709 0
    outer loop
      vertex -33.0654 -31.3522 5.55
      vertex -33.3 -31.468 3.2
      vertex -33.0654 -31.3522 3.2
    endloop
  endfacet
  facet normal 0.831521 0.555494 3.54513e-18
    outer loop
      vertex -33.8867 -70.0175 5.55
      vertex -34.032 -69.8 3.2
      vertex -34.032 -69.8 5.55
    endloop
  endfacet
  facet normal 0.831521 0.555494 3.54513e-18
    outer loop
      vertex -34.032 -69.8 3.2
      vertex -33.8867 -70.0175 5.55
      vertex -33.8867 -70.0175 3.2
    endloop
  endfacet
  facet normal -0.980742 -0.195308 -1.73901e-19
    outer loop
      vertex 34.2829 -32.939 3.2
      vertex 34.2318 -32.6824 5.55
      vertex 34.2318 -32.6824 3.2
    endloop
  endfacet
  facet normal -0.980742 -0.195308 -1.73901e-19
    outer loop
      vertex 34.2318 -32.6824 5.55
      vertex 34.2829 -32.939 3.2
      vertex 34.2829 -32.939 5.55
    endloop
  endfacet
  facet normal 0 -1 0
    outer loop
      vertex -32.3 -31.2 3.2
      vertex -7 -31.2 5.55
      vertex -32.3 -31.2 5.55
    endloop
  endfacet
  facet normal 0 -1 -0
    outer loop
      vertex -7 -31.2 5.55
      vertex -32.3 -31.2 3.2
      vertex -7 -31.2 3.2
    endloop
  endfacet
  facet normal 0 -1 0
    outer loop
      vertex 7 -31.2 3.2
      vertex 32.3 -31.2 5.55
      vertex 7 -31.2 5.55
    endloop
  endfacet
  facet normal 0 -1 -0
    outer loop
      vertex 32.3 -31.2 5.55
      vertex 7 -31.2 3.2
      vertex 32.3 -31.2 3.2
    endloop
  endfacet
  facet normal 0.195308 0.980742 -0
    outer loop
      vertex -32.561 -70.7829 3.2
      vertex -32.8176 -70.7318 5.55
      vertex -32.561 -70.7829 5.55
    endloop
  endfacet
  facet normal 0.195308 0.980742 0
    outer loop
      vertex -32.8176 -70.7318 5.55
      vertex -32.561 -70.7829 3.2
      vertex -32.8176 -70.7318 3.2
    endloop
  endfacet
  facet normal -0.0653771 -0.997861 0
    outer loop
      vertex 32.3 -31.2 3.2
      vertex 32.561 -31.2171 5.55
      vertex 32.3 -31.2 5.55
    endloop
  endfacet
  facet normal -0.0653771 -0.997861 -0
    outer loop
      vertex 32.561 -31.2171 5.55
      vertex 32.3 -31.2 3.2
      vertex 32.561 -31.2171 3.2
    endloop
  endfacet
  facet normal 0.195308 -0.980742 0
    outer loop
      vertex -32.8176 -31.2682 3.2
      vertex -32.561 -31.2171 5.55
      vertex -32.8176 -31.2682 5.55
    endloop
  endfacet
  facet normal 0.195308 -0.980742 0
    outer loop
      vertex -32.561 -31.2171 5.55
      vertex -32.8176 -31.2682 3.2
      vertex -32.561 -31.2171 3.2
    endloop
  endfacet
  facet normal -0.195308 -0.980742 0
    outer loop
      vertex 32.561 -31.2171 3.2
      vertex 32.8176 -31.2682 5.55
      vertex 32.561 -31.2171 5.55
    endloop
  endfacet
  facet normal -0.195308 -0.980742 -0
    outer loop
      vertex 32.8176 -31.2682 5.55
      vertex 32.561 -31.2171 3.2
      vertex 32.8176 -31.2682 3.2
    endloop
  endfacet
  facet normal 0.442621 0.896709 -0
    outer loop
      vertex -33.0654 -70.6478 3.2
      vertex -33.3 -70.532 5.55
      vertex -33.0654 -70.6478 5.55
    endloop
  endfacet
  facet normal 0.442621 0.896709 0
    outer loop
      vertex -33.3 -70.532 5.55
      vertex -33.0654 -70.6478 3.2
      vertex -33.3 -70.532 3.2
    endloop
  endfacet
  facet normal 0.0653771 -0.997861 0
    outer loop
      vertex -32.561 -31.2171 3.2
      vertex -32.3 -31.2 5.55
      vertex -32.561 -31.2171 5.55
    endloop
  endfacet
  facet normal 0.0653771 -0.997861 0
    outer loop
      vertex -32.3 -31.2 5.55
      vertex -32.561 -31.2171 3.2
      vertex -32.3 -31.2 3.2
    endloop
  endfacet
  facet normal 0.980742 -0.195308 1.73901e-19
    outer loop
      vertex -34.2829 -32.939 5.55
      vertex -34.2318 -32.6824 3.2
      vertex -34.2318 -32.6824 5.55
    endloop
  endfacet
  facet normal 0.980742 -0.195308 1.73901e-19
    outer loop
      vertex -34.2318 -32.6824 3.2
      vertex -34.2829 -32.939 5.55
      vertex -34.2829 -32.939 3.2
    endloop
  endfacet
  facet normal -0.321039 -0.947066 0
    outer loop
      vertex 32.8176 -31.2682 3.2
      vertex 33.0654 -31.3522 5.55
      vertex 32.8176 -31.2682 5.55
    endloop
  endfacet
  facet normal -0.321039 -0.947066 -0
    outer loop
      vertex 33.0654 -31.3522 5.55
      vertex 32.8176 -31.2682 3.2
      vertex 33.0654 -31.3522 3.2
    endloop
  endfacet
  facet normal -0.659343 -0.751842 0
    outer loop
      vertex 33.5175 -31.6133 3.2
      vertex 33.7142 -31.7858 5.55
      vertex 33.5175 -31.6133 5.55
    endloop
  endfacet
  facet normal -0.659343 -0.751842 -0
    outer loop
      vertex 33.7142 -31.7858 5.55
      vertex 33.5175 -31.6133 3.2
      vertex 33.7142 -31.7858 3.2
    endloop
  endfacet
  facet normal -0.442621 -0.896709 0
    outer loop
      vertex 33.0654 -31.3522 3.2
      vertex 33.3 -31.468 5.55
      vertex 33.0654 -31.3522 5.55
    endloop
  endfacet
  facet normal -0.442621 -0.896709 -0
    outer loop
      vertex 33.3 -31.468 5.55
      vertex 33.0654 -31.3522 3.2
      vertex 33.3 -31.468 3.2
    endloop
  endfacet
  facet normal 0.321039 0.947066 -0
    outer loop
      vertex -32.8176 -70.7318 3.2
      vertex -33.0654 -70.6478 5.55
      vertex -32.8176 -70.7318 5.55
    endloop
  endfacet
  facet normal 0.321039 0.947066 0
    outer loop
      vertex -33.0654 -70.6478 5.55
      vertex -32.8176 -70.7318 3.2
      vertex -33.0654 -70.6478 3.2
    endloop
  endfacet
  facet normal 0.997861 0.0653771 -1.52138e-19
    outer loop
      vertex -34.2829 -69.061 5.55
      vertex -34.3 -68.8 3.2
      vertex -34.3 -68.8 5.55
    endloop
  endfacet
  facet normal 0.997861 0.0653771 -1.52138e-19
    outer loop
      vertex -34.3 -68.8 3.2
      vertex -34.2829 -69.061 5.55
      vertex -34.2829 -69.061 3.2
    endloop
  endfacet
  facet normal 0.659343 -0.751842 0
    outer loop
      vertex -33.7142 -31.7858 3.2
      vertex -33.5175 -31.6133 5.55
      vertex -33.7142 -31.7858 5.55
    endloop
  endfacet
  facet normal 0.659343 -0.751842 0
    outer loop
      vertex -33.5175 -31.6133 5.55
      vertex -33.7142 -31.7858 3.2
      vertex -33.5175 -31.6133 3.2
    endloop
  endfacet
  facet normal 0.980742 0.195308 6.8831e-19
    outer loop
      vertex -34.2318 -69.3176 5.55
      vertex -34.2829 -69.061 3.2
      vertex -34.2829 -69.061 5.55
    endloop
  endfacet
  facet normal 0.980742 0.195308 6.8831e-19
    outer loop
      vertex -34.2829 -69.061 3.2
      vertex -34.2318 -69.3176 5.55
      vertex -34.2318 -69.3176 3.2
    endloop
  endfacet
  facet normal -0.831521 -0.555494 3.54513e-18
    outer loop
      vertex 34.032 -32.2 3.2
      vertex 33.8867 -31.9825 5.55
      vertex 33.8867 -31.9825 3.2
    endloop
  endfacet
  facet normal -0.831521 -0.555494 3.54513e-18
    outer loop
      vertex 33.8867 -31.9825 5.55
      vertex 34.032 -32.2 3.2
      vertex 34.032 -32.2 5.55
    endloop
  endfacet
  facet normal -0.831521 0.555494 -3.54513e-18
    outer loop
      vertex 33.8867 -70.0175 3.2
      vertex 34.032 -69.8 5.55
      vertex 34.032 -69.8 3.2
    endloop
  endfacet
  facet normal -0.831521 0.555494 -3.54513e-18
    outer loop
      vertex 34.032 -69.8 5.55
      vertex 33.8867 -70.0175 3.2
      vertex 33.8867 -70.0175 5.55
    endloop
  endfacet
  facet normal 0.896709 0.442621 -6.2119e-22
    outer loop
      vertex -34.032 -69.8 5.55
      vertex -34.1478 -69.5654 3.2
      vertex -34.1478 -69.5654 5.55
    endloop
  endfacet
  facet normal 0.896709 0.442621 -6.2119e-22
    outer loop
      vertex -34.1478 -69.5654 3.2
      vertex -34.032 -69.8 5.55
      vertex -34.032 -69.8 3.2
    endloop
  endfacet
  facet normal -1 0 0
    outer loop
      vertex 34.3 -55.5 3.2
      vertex 34.3 -68.8 3.2
      vertex 34.3 -55.5 4.8
    endloop
  endfacet
  facet normal -1 0 0
    outer loop
      vertex 34.3 -46.5 4.8
      vertex 34.3 -33.2 3.2
      vertex 34.3 -46.5 3.2
    endloop
  endfacet
  facet normal -1 0 0
    outer loop
      vertex 34.3 -33.2 3.2
      vertex 34.3 -46.5 4.8
      vertex 34.3 -33.2 5.55
    endloop
  endfacet
  facet normal -1 0 0
    outer loop
      vertex 34.3 -55.5 4.8
      vertex 34.3 -33.2 5.55
      vertex 34.3 -46.5 4.8
    endloop
  endfacet
  facet normal -1 0 0
    outer loop
      vertex 34.3 -55.5 4.8
      vertex 34.3 -68.8 5.55
      vertex 34.3 -33.2 5.55
    endloop
  endfacet
  facet normal -1 0 0
    outer loop
      vertex 34.3 -68.8 5.55
      vertex 34.3 -55.5 4.8
      vertex 34.3 -68.8 3.2
    endloop
  endfacet
  facet normal -0.997861 0.0653771 1.52138e-19
    outer loop
      vertex 34.2829 -69.061 3.2
      vertex 34.3 -68.8 5.55
      vertex 34.3 -68.8 3.2
    endloop
  endfacet
  facet normal -0.997861 0.0653771 1.52138e-19
    outer loop
      vertex 34.3 -68.8 5.55
      vertex 34.2829 -69.061 3.2
      vertex 34.2829 -69.061 5.55
    endloop
  endfacet
  facet normal 0.555494 -0.831521 0
    outer loop
      vertex -33.5175 -31.6133 3.2
      vertex -33.3 -31.468 5.55
      vertex -33.5175 -31.6133 5.55
    endloop
  endfacet
  facet normal 0.555494 -0.831521 0
    outer loop
      vertex -33.3 -31.468 5.55
      vertex -33.5175 -31.6133 3.2
      vertex -33.3 -31.468 3.2
    endloop
  endfacet
  facet normal 0.831521 -0.555494 -3.54513e-18
    outer loop
      vertex -34.032 -32.2 5.55
      vertex -33.8867 -31.9825 3.2
      vertex -33.8867 -31.9825 5.55
    endloop
  endfacet
  facet normal 0.831521 -0.555494 -3.54513e-18
    outer loop
      vertex -33.8867 -31.9825 3.2
      vertex -34.032 -32.2 5.55
      vertex -34.032 -32.2 3.2
    endloop
  endfacet
  facet normal -0.321039 0.947066 0
    outer loop
      vertex 33.0654 -70.6478 3.2
      vertex 32.8176 -70.7318 5.55
      vertex 33.0654 -70.6478 5.55
    endloop
  endfacet
  facet normal -0.321039 0.947066 0
    outer loop
      vertex 32.8176 -70.7318 5.55
      vertex 33.0654 -70.6478 3.2
      vertex 32.8176 -70.7318 3.2
    endloop
  endfacet
  facet normal -0.980742 0.195308 -6.8831e-19
    outer loop
      vertex 34.2318 -69.3176 3.2
      vertex 34.2829 -69.061 5.55
      vertex 34.2829 -69.061 3.2
    endloop
  endfacet
  facet normal -0.980742 0.195308 -6.8831e-19
    outer loop
      vertex 34.2829 -69.061 5.55
      vertex 34.2318 -69.3176 3.2
      vertex 34.2318 -69.3176 5.55
    endloop
  endfacet
  facet normal 0.659343 0.751842 -0
    outer loop
      vertex -33.5175 -70.3867 3.2
      vertex -33.7142 -70.2142 5.55
      vertex -33.5175 -70.3867 5.55
    endloop
  endfacet
  facet normal 0.659343 0.751842 0
    outer loop
      vertex -33.7142 -70.2142 5.55
      vertex -33.5175 -70.3867 3.2
      vertex -33.7142 -70.2142 3.2
    endloop
  endfacet
  facet normal 0.321039 -0.947066 0
    outer loop
      vertex -33.0654 -31.3522 3.2
      vertex -32.8176 -31.2682 5.55
      vertex -33.0654 -31.3522 5.55
    endloop
  endfacet
  facet normal 0.321039 -0.947066 0
    outer loop
      vertex -32.8176 -31.2682 5.55
      vertex -33.0654 -31.3522 3.2
      vertex -32.8176 -31.2682 3.2
    endloop
  endfacet
  facet normal 0.896709 -0.442621 6.2119e-22
    outer loop
      vertex -34.1478 -32.4346 5.55
      vertex -34.032 -32.2 3.2
      vertex -34.032 -32.2 5.55
    endloop
  endfacet
  facet normal 0.896709 -0.442621 6.2119e-22
    outer loop
      vertex -34.032 -32.2 3.2
      vertex -34.1478 -32.4346 5.55
      vertex -34.1478 -32.4346 3.2
    endloop
  endfacet
  facet normal -0.896709 -0.442621 -6.2119e-22
    outer loop
      vertex 34.1478 -32.4346 3.2
      vertex 34.032 -32.2 5.55
      vertex 34.032 -32.2 3.2
    endloop
  endfacet
  facet normal -0.896709 -0.442621 -6.2119e-22
    outer loop
      vertex 34.032 -32.2 5.55
      vertex 34.1478 -32.4346 3.2
      vertex 34.1478 -32.4346 5.55
    endloop
  endfacet
  facet normal 0.947066 0.321039 1.36835e-18
    outer loop
      vertex -34.1478 -69.5654 5.55
      vertex -34.2318 -69.3176 3.2
      vertex -34.2318 -69.3176 5.55
    endloop
  endfacet
  facet normal 0.947066 0.321039 1.36835e-18
    outer loop
      vertex -34.2318 -69.3176 3.2
      vertex -34.1478 -69.5654 5.55
      vertex -34.1478 -69.5654 3.2
    endloop
  endfacet
  facet normal 0.555494 0.831521 -0
    outer loop
      vertex -33.3 -70.532 3.2
      vertex -33.5175 -70.3867 5.55
      vertex -33.3 -70.532 5.55
    endloop
  endfacet
  facet normal 0.555494 0.831521 0
    outer loop
      vertex -33.5175 -70.3867 5.55
      vertex -33.3 -70.532 3.2
      vertex -33.5175 -70.3867 3.2
    endloop
  endfacet
  facet normal -0.659343 0.751842 0
    outer loop
      vertex 33.7142 -70.2142 3.2
      vertex 33.5175 -70.3867 5.55
      vertex 33.7142 -70.2142 5.55
    endloop
  endfacet
  facet normal -0.659343 0.751842 0
    outer loop
      vertex 33.5175 -70.3867 5.55
      vertex 33.7142 -70.2142 3.2
      vertex 33.5175 -70.3867 3.2
    endloop
  endfacet
  facet normal -0.751842 -0.659343 3.08861e-18
    outer loop
      vertex 33.8867 -31.9825 3.2
      vertex 33.7142 -31.7858 5.55
      vertex 33.7142 -31.7858 3.2
    endloop
  endfacet
  facet normal -0.751842 -0.659343 3.08861e-18
    outer loop
      vertex 33.7142 -31.7858 5.55
      vertex 33.8867 -31.9825 3.2
      vertex 33.8867 -31.9825 5.55
    endloop
  endfacet
  facet normal -0.442621 0.896709 0
    outer loop
      vertex 33.3 -70.532 3.2
      vertex 33.0654 -70.6478 5.55
      vertex 33.3 -70.532 5.55
    endloop
  endfacet
  facet normal -0.442621 0.896709 0
    outer loop
      vertex 33.0654 -70.6478 5.55
      vertex 33.3 -70.532 3.2
      vertex 33.0654 -70.6478 3.2
    endloop
  endfacet
  facet normal -0.195308 0.980742 0
    outer loop
      vertex 32.8176 -70.7318 3.2
      vertex 32.561 -70.7829 5.55
      vertex 32.8176 -70.7318 5.55
    endloop
  endfacet
  facet normal -0.195308 0.980742 0
    outer loop
      vertex 32.561 -70.7829 5.55
      vertex 32.8176 -70.7318 3.2
      vertex 32.561 -70.7829 3.2
    endloop
  endfacet
  facet normal -0.555494 0.831521 0
    outer loop
      vertex 33.5175 -70.3867 3.2
      vertex 33.3 -70.532 5.55
      vertex 33.5175 -70.3867 5.55
    endloop
  endfacet
  facet normal -0.555494 0.831521 0
    outer loop
      vertex 33.3 -70.532 5.55
      vertex 33.5175 -70.3867 3.2
      vertex 33.3 -70.532 3.2
    endloop
  endfacet
  facet normal -0.896709 0.442621 6.2119e-22
    outer loop
      vertex 34.032 -69.8 3.2
      vertex 34.1478 -69.5654 5.55
      vertex 34.1478 -69.5654 3.2
    endloop
  endfacet
  facet normal -0.896709 0.442621 6.2119e-22
    outer loop
      vertex 34.1478 -69.5654 5.55
      vertex 34.032 -69.8 3.2
      vertex 34.032 -69.8 5.55
    endloop
  endfacet
  facet normal 0.751842 -0.659343 -3.08861e-18
    outer loop
      vertex -33.8867 -31.9825 5.55
      vertex -33.7142 -31.7858 3.2
      vertex -33.7142 -31.7858 5.55
    endloop
  endfacet
  facet normal 0.751842 -0.659343 -3.08861e-18
    outer loop
      vertex -33.7142 -31.7858 3.2
      vertex -33.8867 -31.9825 5.55
      vertex -33.8867 -31.9825 3.2
    endloop
  endfacet
  facet normal -0.751842 0.659343 5.22954e-19
    outer loop
      vertex 33.7142 -70.2142 3.2
      vertex 33.8867 -70.0175 5.55
      vertex 33.8867 -70.0175 3.2
    endloop
  endfacet
  facet normal -0.751842 0.659343 5.22954e-19
    outer loop
      vertex 33.8867 -70.0175 5.55
      vertex 33.7142 -70.2142 3.2
      vertex 33.7142 -70.2142 5.55
    endloop
  endfacet
  facet normal -0.555494 -0.831521 0
    outer loop
      vertex 33.3 -31.468 3.2
      vertex 33.5175 -31.6133 5.55
      vertex 33.3 -31.468 5.55
    endloop
  endfacet
  facet normal -0.555494 -0.831521 -0
    outer loop
      vertex 33.5175 -31.6133 5.55
      vertex 33.3 -31.468 3.2
      vertex 33.5175 -31.6133 3.2
    endloop
  endfacet
  facet normal -0.947066 0.321039 -1.36835e-18
    outer loop
      vertex 34.1478 -69.5654 3.2
      vertex 34.2318 -69.3176 5.55
      vertex 34.2318 -69.3176 3.2
    endloop
  endfacet
  facet normal -0.947066 0.321039 -1.36835e-18
    outer loop
      vertex 34.2318 -69.3176 5.55
      vertex 34.1478 -69.5654 3.2
      vertex 34.1478 -69.5654 5.55
    endloop
  endfacet
  facet normal -1 0 0
    outer loop
      vertex 7 -31.2 3.2
      vertex 7 -29.5 5.55
      vertex 7 -29.5 3.2
    endloop
  endfacet
  facet normal -1 -0 0
    outer loop
      vertex 7 -29.5 5.55
      vertex 7 -31.2 3.2
      vertex 7 -31.2 5.55
    endloop
  endfacet
  facet normal 1 -0 0
    outer loop
      vertex -7 -31.2 5.55
      vertex -7 -29.5 3.2
      vertex -7 -29.5 5.55
    endloop
  endfacet
  facet normal 1 0 0
    outer loop
      vertex -7 -29.5 3.2
      vertex -7 -31.2 5.55
      vertex -7 -31.2 3.2
    endloop
  endfacet
  facet normal 0 0 1
    outer loop
      vertex 7 -29.5 3.2
      vertex -7 -29.5 3.2
      vertex 7 -31.2 3.2
    endloop
  endfacet
  facet normal 0 0 1
    outer loop
      vertex 32.3 -31.2 3.2
      vertex 34.3 -33.2 3.2
      vertex 34.2829 -32.939 3.2
    endloop
  endfacet
  facet normal 0 0 1
    outer loop
      vertex 32.3 -31.2 3.2
      vertex 34.2829 -32.939 3.2
      vertex 34.2318 -32.6824 3.2
    endloop
  endfacet
  facet normal 0 0 1
    outer loop
      vertex 32.3 -31.2 3.2
      vertex 34.2318 -32.6824 3.2
      vertex 34.1478 -32.4346 3.2
    endloop
  endfacet
  facet normal 0 0 1
    outer loop
      vertex 32.3 -31.2 3.2
      vertex 34.1478 -32.4346 3.2
      vertex 34.032 -32.2 3.2
    endloop
  endfacet
  facet normal 0 0 1
    outer loop
      vertex 34.3 -33.2 3.2
      vertex 34 -46.5 3.2
      vertex 34.3 -46.5 3.2
    endloop
  endfacet
  facet normal 0 0 1
    outer loop
      vertex 34.3 -33.2 3.2
      vertex 32.3 -31.2 3.2
      vertex 34 -46.5 3.2
    endloop
  endfacet
  facet normal 0 0 1
    outer loop
      vertex 32.3 -31.2 3.2
      vertex 34.032 -32.2 3.2
      vertex 33.8867 -31.9825 3.2
    endloop
  endfacet
  facet normal -0 0 1
    outer loop
      vertex 34 -55.5 3.2
      vertex 34.3 -68.8 3.2
      vertex 34.3 -55.5 3.2
    endloop
  endfacet
  facet normal 0 0 1
    outer loop
      vertex 32.3 -70.8 3.2
      vertex 34.3 -68.8 3.2
      vertex 34 -55.5 3.2
    endloop
  endfacet
  facet normal 0 0 1
    outer loop
      vertex 34.3 -68.8 3.2
      vertex 32.3 -70.8 3.2
      vertex 34.2829 -69.061 3.2
    endloop
  endfacet
  facet normal 0 0 1
    outer loop
      vertex 34.2829 -69.061 3.2
      vertex 32.3 -70.8 3.2
      vertex 34.2318 -69.3176 3.2
    endloop
  endfacet
  facet normal 0 0 1
    outer loop
      vertex 34.2318 -69.3176 3.2
      vertex 32.3 -70.8 3.2
      vertex 34.1478 -69.5654 3.2
    endloop
  endfacet
  facet normal -0 0 1
    outer loop
      vertex 7 -31.2 3.2
      vertex 34 -46.5 3.2
      vertex 32.3 -31.2 3.2
    endloop
  endfacet
  facet normal 0 0 1
    outer loop
      vertex 34 -46.5 3.2
      vertex 7 -31.2 3.2
      vertex 34 -55.5 3.2
    endloop
  endfacet
  facet normal 0 0 1
    outer loop
      vertex 32.3 -31.2 3.2
      vertex 33.8867 -31.9825 3.2
      vertex 33.7142 -31.7858 3.2
    endloop
  endfacet
  facet normal 0 0 1
    outer loop
      vertex 34.1478 -69.5654 3.2
      vertex 32.3 -70.8 3.2
      vertex 34.032 -69.8 3.2
    endloop
  endfacet
  facet normal 0 0 1
    outer loop
      vertex 32.3 -31.2 3.2
      vertex 33.7142 -31.7858 3.2
      vertex 33.5175 -31.6133 3.2
    endloop
  endfacet
  facet normal 0 0 1
    outer loop
      vertex 34.032 -69.8 3.2
      vertex 32.3 -70.8 3.2
      vertex 33.8867 -70.0175 3.2
    endloop
  endfacet
  facet normal 0 0 1
    outer loop
      vertex 32.3 -31.2 3.2
      vertex 33.5175 -31.6133 3.2
      vertex 33.3 -31.468 3.2
    endloop
  endfacet
  facet normal 0 0 1
    outer loop
      vertex 33.8867 -70.0175 3.2
      vertex 32.3 -70.8 3.2
      vertex 33.7142 -70.2142 3.2
    endloop
  endfacet
  facet normal 0 0 1
    outer loop
      vertex 32.3 -31.2 3.2
      vertex 33.3 -31.468 3.2
      vertex 33.0654 -31.3522 3.2
    endloop
  endfacet
  facet normal 0 0 1
    outer loop
      vertex 33.7142 -70.2142 3.2
      vertex 32.3 -70.8 3.2
      vertex 33.5175 -70.3867 3.2
    endloop
  endfacet
  facet normal 0 0 1
    outer loop
      vertex 32.3 -31.2 3.2
      vertex 33.0654 -31.3522 3.2
      vertex 32.8176 -31.2682 3.2
    endloop
  endfacet
  facet normal 0 0 1
    outer loop
      vertex 33.5175 -70.3867 3.2
      vertex 32.3 -70.8 3.2
      vertex 33.3 -70.532 3.2
    endloop
  endfacet
  facet normal 0 0 1
    outer loop
      vertex 32.3 -31.2 3.2
      vertex 32.8176 -31.2682 3.2
      vertex 32.561 -31.2171 3.2
    endloop
  endfacet
  facet normal 0 0 1
    outer loop
      vertex 33.3 -70.532 3.2
      vertex 32.3 -70.8 3.2
      vertex 33.0654 -70.6478 3.2
    endloop
  endfacet
  facet normal 0 0 1
    outer loop
      vertex 33.0654 -70.6478 3.2
      vertex 32.3 -70.8 3.2
      vertex 32.8176 -70.7318 3.2
    endloop
  endfacet
  facet normal 0 0 1
    outer loop
      vertex 32.8176 -70.7318 3.2
      vertex 32.3 -70.8 3.2
      vertex 32.561 -70.7829 3.2
    endloop
  endfacet
  facet normal 0 0 1
    outer loop
      vertex 34 -55.5 3.2
      vertex 7 -31.2 3.2
      vertex 32.3 -70.8 3.2
    endloop
  endfacet
  facet normal 0 0 1
    outer loop
      vertex -7 -31.2 3.2
      vertex 7 -31.2 3.2
      vertex -7 -29.5 3.2
    endloop
  endfacet
  facet normal 0 0 1
    outer loop
      vertex 7 -31.2 3.2
      vertex -7 -31.2 3.2
      vertex 32.3 -70.8 3.2
    endloop
  endfacet
  facet normal 0 0 1
    outer loop
      vertex -34 -46.5 3.2
      vertex -7 -31.2 3.2
      vertex -32.3 -31.2 3.2
    endloop
  endfacet
  facet normal 0 0 1
    outer loop
      vertex -34 -55.5 3.2
      vertex -7 -31.2 3.2
      vertex -34 -46.5 3.2
    endloop
  endfacet
  facet normal 0 0 1
    outer loop
      vertex -34.3 -33.2 3.2
      vertex -32.3 -31.2 3.2
      vertex -32.561 -31.2171 3.2
    endloop
  endfacet
  facet normal 0 -0 1
    outer loop
      vertex -32.3 -70.8 3.2
      vertex -7 -31.2 3.2
      vertex -34 -55.5 3.2
    endloop
  endfacet
  facet normal 0 0 1
    outer loop
      vertex -34.3 -33.2 3.2
      vertex -32.561 -31.2171 3.2
      vertex -32.8176 -31.2682 3.2
    endloop
  endfacet
  facet normal 0 0 1
    outer loop
      vertex -7 -31.2 3.2
      vertex -32.3 -70.8 3.2
      vertex 32.3 -70.8 3.2
    endloop
  endfacet
  facet normal 0 0 1
    outer loop
      vertex -34.3 -33.2 3.2
      vertex -32.8176 -31.2682 3.2
      vertex -33.0654 -31.3522 3.2
    endloop
  endfacet
  facet normal -0 0 1
    outer loop
      vertex -34.3 -68.8 3.2
      vertex -32.3 -70.8 3.2
      vertex -34 -55.5 3.2
    endloop
  endfacet
  facet normal 0 0 1
    outer loop
      vertex -34.3 -33.2 3.2
      vertex -33.0654 -31.3522 3.2
      vertex -33.3 -31.468 3.2
    endloop
  endfacet
  facet normal 0 0 1
    outer loop
      vertex -32.3 -70.8 3.2
      vertex -34.3 -68.8 3.2
      vertex -32.561 -70.7829 3.2
    endloop
  endfacet
  facet normal 0 0 1
    outer loop
      vertex -34.3 -33.2 3.2
      vertex -33.3 -31.468 3.2
      vertex -33.5175 -31.6133 3.2
    endloop
  endfacet
  facet normal 0 0 1
    outer loop
      vertex -32.561 -70.7829 3.2
      vertex -34.3 -68.8 3.2
      vertex -32.8176 -70.7318 3.2
    endloop
  endfacet
  facet normal 0 0 1
    outer loop
      vertex -34.3 -33.2 3.2
      vertex -33.5175 -31.6133 3.2
      vertex -33.7142 -31.7858 3.2
    endloop
  endfacet
  facet normal 0 0 1
    outer loop
      vertex -32.8176 -70.7318 3.2
      vertex -34.3 -68.8 3.2
      vertex -33.0654 -70.6478 3.2
    endloop
  endfacet
  facet normal 0 0 1
    outer loop
      vertex -34.3 -33.2 3.2
      vertex -33.7142 -31.7858 3.2
      vertex -33.8867 -31.9825 3.2
    endloop
  endfacet
  facet normal 0 0 1
    outer loop
      vertex -33.0654 -70.6478 3.2
      vertex -34.3 -68.8 3.2
      vertex -33.3 -70.532 3.2
    endloop
  endfacet
  facet normal 0 0 1
    outer loop
      vertex -33.3 -70.532 3.2
      vertex -34.3 -68.8 3.2
      vertex -33.5175 -70.3867 3.2
    endloop
  endfacet
  facet normal 0 0 1
    outer loop
      vertex -34.3 -33.2 3.2
      vertex -33.8867 -31.9825 3.2
      vertex -34.032 -32.2 3.2
    endloop
  endfacet
  facet normal 0 0 1
    outer loop
      vertex -34.3 -33.2 3.2
      vertex -34.032 -32.2 3.2
      vertex -34.1478 -32.4346 3.2
    endloop
  endfacet
  facet normal 0 0 1
    outer loop
      vertex -34.3 -33.2 3.2
      vertex -34.1478 -32.4346 3.2
      vertex -34.2318 -32.6824 3.2
    endloop
  endfacet
  facet normal 0 0 1
    outer loop
      vertex -34.3 -33.2 3.2
      vertex -34.2318 -32.6824 3.2
      vertex -34.2829 -32.939 3.2
    endloop
  endfacet
  facet normal 0 0 1
    outer loop
      vertex -32.3 -31.2 3.2
      vertex -34.3 -33.2 3.2
      vertex -34 -46.5 3.2
    endloop
  endfacet
  facet normal 0 0 1
    outer loop
      vertex -34 -46.5 3.2
      vertex -34.3 -33.2 3.2
      vertex -34.3 -46.5 3.2
    endloop
  endfacet
  facet normal 0 0 1
    outer loop
      vertex -33.5175 -70.3867 3.2
      vertex -34.3 -68.8 3.2
      vertex -33.7142 -70.2142 3.2
    endloop
  endfacet
  facet normal 0 0 1
    outer loop
      vertex -33.7142 -70.2142 3.2
      vertex -34.3 -68.8 3.2
      vertex -33.8867 -70.0175 3.2
    endloop
  endfacet
  facet normal 0 0 1
    outer loop
      vertex -33.8867 -70.0175 3.2
      vertex -34.3 -68.8 3.2
      vertex -34.032 -69.8 3.2
    endloop
  endfacet
  facet normal 0 0 1
    outer loop
      vertex -34.032 -69.8 3.2
      vertex -34.3 -68.8 3.2
      vertex -34.1478 -69.5654 3.2
    endloop
  endfacet
  facet normal 0 0 1
    outer loop
      vertex -34.1478 -69.5654 3.2
      vertex -34.3 -68.8 3.2
      vertex -34.2318 -69.3176 3.2
    endloop
  endfacet
  facet normal 0 0 1
    outer loop
      vertex -34.3 -68.8 3.2
      vertex -34 -55.5 3.2
      vertex -34.3 -55.5 3.2
    endloop
  endfacet
  facet normal 0 0 1
    outer loop
      vertex -34.2318 -69.3176 3.2
      vertex -34.3 -68.8 3.2
      vertex -34.2829 -69.061 3.2
    endloop
  endfacet
  facet normal -0.194891 -0.980825 0
    outer loop
      vertex -40.6106 -57.4591 2.4
      vertex -40.4566 -57.4897 6.4
      vertex -40.6106 -57.4591 6.4
    endloop
  endfacet
  facet normal -0.194891 -0.980825 -0
    outer loop
      vertex -40.4566 -57.4897 6.4
      vertex -40.6106 -57.4591 2.4
      vertex -40.4566 -57.4897 2.4
    endloop
  endfacet
  facet normal 0.0656309 -0.997844 0
    outer loop
      vertex -36.7 -57.5 2.4
      vertex -36.5434 -57.4897 6.4
      vertex -36.7 -57.5 6.4
    endloop
  endfacet
  facet normal 0.0656309 -0.997844 0
    outer loop
      vertex -36.5434 -57.4897 6.4
      vertex -36.7 -57.5 2.4
      vertex -36.5434 -57.4897 2.4
    endloop
  endfacet
  facet normal 0.980825 -0.194891 -5.30991e-19
    outer loop
      vertex -35.5409 -56.6106 6.4
      vertex -35.5103 -56.4566 5.55
      vertex -35.5103 -56.4566 6.4
    endloop
  endfacet
  facet normal 0.980825 -0.194891 -5.30991e-19
    outer loop
      vertex -35.5103 -56.4566 5.55
      vertex -35.5409 -56.6106 6.4
      vertex -35.5409 -56.6106 5.55
    endloop
  endfacet
  facet normal 1 -0 0
    outer loop
      vertex -35.5 -56.3 6.4
      vertex -35.5 -45.7 5.55
      vertex -35.5 -45.7 6.4
    endloop
  endfacet
  facet normal 1 0 0
    outer loop
      vertex -35.5 -45.7 5.55
      vertex -35.5 -56.3 6.4
      vertex -35.5 -56.3 5.55
    endloop
  endfacet
  facet normal 0.831462 -0.555582 -7.39152e-19
    outer loop
      vertex -35.748 -57.0305 6.4
      vertex -35.6608 -56.9 5.55
      vertex -35.6608 -56.9 6.4
    endloop
  endfacet
  facet normal 0.831462 -0.555582 -7.39152e-19
    outer loop
      vertex -35.6608 -56.9 5.55
      vertex -35.748 -57.0305 6.4
      vertex -35.748 -57.0305 5.55
    endloop
  endfacet
  facet normal -0.997844 -0.0656309 1.67666e-19
    outer loop
      vertex -41.4897 -56.4566 2.4
      vertex -41.5 -56.3 6.4
      vertex -41.5 -56.3 2.4
    endloop
  endfacet
  facet normal -0.997844 -0.0656309 1.67666e-19
    outer loop
      vertex -41.5 -56.3 6.4
      vertex -41.4897 -56.4566 2.4
      vertex -41.4897 -56.4566 6.4
    endloop
  endfacet
  facet normal -1 0 0
    outer loop
      vertex -41.5 -46.5 4.8
      vertex -41.5 -45.7 2.4
      vertex -41.5 -46.5 3
    endloop
  endfacet
  facet normal -1 0 0
    outer loop
      vertex -41.5 -45.7 2.4
      vertex -41.5 -55.5 3
      vertex -41.5 -46.5 3
    endloop
  endfacet
  facet normal -1 -0 0
    outer loop
      vertex -41.5 -55.5 3
      vertex -41.5 -56.3 2.4
      vertex -41.5 -55.5 4.8
    endloop
  endfacet
  facet normal -1 0 0
    outer loop
      vertex -41.5 -56.3 2.4
      vertex -41.5 -55.5 3
      vertex -41.5 -45.7 2.4
    endloop
  endfacet
  facet normal -1 0 0
    outer loop
      vertex -41.5 -45.7 2.4
      vertex -41.5 -46.5 4.8
      vertex -41.5 -45.7 6.4
    endloop
  endfacet
  facet normal -1 0 0
    outer loop
      vertex -41.5 -55.5 4.8
      vertex -41.5 -45.7 6.4
      vertex -41.5 -46.5 4.8
    endloop
  endfacet
  facet normal -1 0 0
    outer loop
      vertex -41.5 -55.5 4.8
      vertex -41.5 -56.3 6.4
      vertex -41.5 -45.7 6.4
    endloop
  endfacet
  facet normal -1 0 0
    outer loop
      vertex -41.5 -56.3 6.4
      vertex -41.5 -55.5 4.8
      vertex -41.5 -56.3 2.4
    endloop
  endfacet
  facet normal -0.0656309 -0.997844 0
    outer loop
      vertex -40.4566 -57.4897 2.4
      vertex -40.3 -57.5 6.4
      vertex -40.4566 -57.4897 6.4
    endloop
  endfacet
  facet normal -0.0656309 -0.997844 -0
    outer loop
      vertex -40.3 -57.5 6.4
      vertex -40.4566 -57.4897 2.4
      vertex -40.3 -57.5 2.4
    endloop
  endfacet
  facet normal -0.831462 0.555582 -1.5707e-19
    outer loop
      vertex -41.3392 -45.1 2.4
      vertex -41.252 -44.9695 6.4
      vertex -41.252 -44.9695 2.4
    endloop
  endfacet
  facet normal -0.831462 0.555582 -1.5707e-19
    outer loop
      vertex -41.252 -44.9695 6.4
      vertex -41.3392 -45.1 2.4
      vertex -41.3392 -45.1 6.4
    endloop
  endfacet
  facet normal -0.321766 -0.946819 0
    outer loop
      vertex -40.7592 -57.4086 2.4
      vertex -40.6106 -57.4591 6.4
      vertex -40.7592 -57.4086 6.4
    endloop
  endfacet
  facet normal -0.321766 -0.946819 -0
    outer loop
      vertex -40.6106 -57.4591 6.4
      vertex -40.7592 -57.4086 2.4
      vertex -40.6106 -57.4591 2.4
    endloop
  endfacet
  facet normal -0.194891 0.980825 0
    outer loop
      vertex -40.4566 -44.5103 2.4
      vertex -40.6106 -44.5409 6.4
      vertex -40.4566 -44.5103 6.4
    endloop
  endfacet
  facet normal -0.194891 0.980825 0
    outer loop
      vertex -40.6106 -44.5409 6.4
      vertex -40.4566 -44.5103 2.4
      vertex -40.6106 -44.5409 2.4
    endloop
  endfacet
  facet normal 0.946819 0.321766 -5.38365e-19
    outer loop
      vertex -35.5409 -45.3894 6.4
      vertex -35.5914 -45.2408 5.55
      vertex -35.5914 -45.2408 6.4
    endloop
  endfacet
  facet normal 0.946819 0.321766 -5.38365e-19
    outer loop
      vertex -35.5914 -45.2408 5.55
      vertex -35.5409 -45.3894 6.4
      vertex -35.5409 -45.3894 5.55
    endloop
  endfacet
  facet normal -0.946819 -0.321766 -1.14403e-19
    outer loop
      vertex -41.4086 -56.7592 2.4
      vertex -41.4591 -56.6106 6.4
      vertex -41.4591 -56.6106 2.4
    endloop
  endfacet
  facet normal -0.946819 -0.321766 -1.14403e-19
    outer loop
      vertex -41.4591 -56.6106 6.4
      vertex -41.4086 -56.7592 2.4
      vertex -41.4086 -56.7592 6.4
    endloop
  endfacet
  facet normal -0.0656309 0.997844 0
    outer loop
      vertex -40.3 -44.5 2.4
      vertex -40.4566 -44.5103 6.4
      vertex -40.3 -44.5 6.4
    endloop
  endfacet
  facet normal -0.0656309 0.997844 0
    outer loop
      vertex -40.4566 -44.5103 6.4
      vertex -40.3 -44.5 2.4
      vertex -40.4566 -44.5103 2.4
    endloop
  endfacet
  facet normal -0.44211 0.896961 0
    outer loop
      vertex -40.7592 -44.5914 2.4
      vertex -40.9 -44.6608 6.4
      vertex -40.7592 -44.5914 6.4
    endloop
  endfacet
  facet normal -0.44211 0.896961 0
    outer loop
      vertex -40.9 -44.6608 6.4
      vertex -40.7592 -44.5914 2.4
      vertex -40.9 -44.6608 2.4
    endloop
  endfacet
  facet normal 0 1 -0
    outer loop
      vertex -36.7 -44.5 2.4
      vertex -40.3 -44.5 6.4
      vertex -36.7 -44.5 6.4
    endloop
  endfacet
  facet normal 0 1 0
    outer loop
      vertex -40.3 -44.5 6.4
      vertex -36.7 -44.5 2.4
      vertex -40.3 -44.5 2.4
    endloop
  endfacet
  facet normal -0.321766 0.946819 0
    outer loop
      vertex -40.6106 -44.5409 2.4
      vertex -40.7592 -44.5914 6.4
      vertex -40.6106 -44.5409 6.4
    endloop
  endfacet
  facet normal -0.321766 0.946819 0
    outer loop
      vertex -40.7592 -44.5914 6.4
      vertex -40.6106 -44.5409 2.4
      vertex -40.7592 -44.5914 2.4
    endloop
  endfacet
  facet normal 0 -1 0
    outer loop
      vertex -40.3 -57.5 2.4
      vertex -36.7 -57.5 6.4
      vertex -40.3 -57.5 6.4
    endloop
  endfacet
  facet normal 0 -1 -0
    outer loop
      vertex -36.7 -57.5 6.4
      vertex -40.3 -57.5 2.4
      vertex -36.7 -57.5 2.4
    endloop
  endfacet
  facet normal -0.831462 -0.555582 1.5707e-19
    outer loop
      vertex -41.252 -57.0305 2.4
      vertex -41.3392 -56.9 6.4
      vertex -41.3392 -56.9 2.4
    endloop
  endfacet
  facet normal -0.831462 -0.555582 1.5707e-19
    outer loop
      vertex -41.3392 -56.9 6.4
      vertex -41.252 -57.0305 2.4
      vertex -41.252 -57.0305 6.4
    endloop
  endfacet
  facet normal 0.44211 0.896961 -0
    outer loop
      vertex -36.1 -44.6608 2.4
      vertex -36.2408 -44.5914 6.4
      vertex -36.1 -44.6608 6.4
    endloop
  endfacet
  facet normal 0.44211 0.896961 0
    outer loop
      vertex -36.2408 -44.5914 6.4
      vertex -36.1 -44.6608 2.4
      vertex -36.2408 -44.5914 2.4
    endloop
  endfacet
  facet normal -0.997844 0.0656309 -1.67666e-19
    outer loop
      vertex -41.5 -45.7 2.4
      vertex -41.4897 -45.5434 6.4
      vertex -41.4897 -45.5434 2.4
    endloop
  endfacet
  facet normal -0.997844 0.0656309 -1.67666e-19
    outer loop
      vertex -41.4897 -45.5434 6.4
      vertex -41.5 -45.7 2.4
      vertex -41.5 -45.7 6.4
    endloop
  endfacet
  facet normal 0.751787 0.659406 -5.26671e-18
    outer loop
      vertex -35.748 -44.9695 6.4
      vertex -35.8515 -44.8515 5.55
      vertex -35.8515 -44.8515 6.4
    endloop
  endfacet
  facet normal 0.751787 0.659406 -5.26671e-18
    outer loop
      vertex -35.8515 -44.8515 5.55
      vertex -35.748 -44.9695 6.4
      vertex -35.748 -44.9695 5.55
    endloop
  endfacet
  facet normal 0.555957 0.831211 -8.15596e-20
    outer loop
      vertex -36 -44.7276 5.55
      vertex -35.9695 -44.748 6.4
      vertex -35.9695 -44.748 5.55
    endloop
  endfacet
  facet normal 0.555582 0.831462 1.94888e-05
    outer loop
      vertex -35.9695 -44.748 6.4
      vertex -36 -44.7276 5.55
      vertex -36.1 -44.6608 6.4
    endloop
  endfacet
  facet normal 0.555468 0.831538 8.12556e-19
    outer loop
      vertex -36.1 -44.6608 2.4
      vertex -36 -44.7276 5.55
      vertex -36 -44.7276 2.4
    endloop
  endfacet
  facet normal 0.555468 0.831538 6.39888e-19
    outer loop
      vertex -36 -44.7276 5.55
      vertex -36.1 -44.6608 2.4
      vertex -36.1 -44.6608 6.4
    endloop
  endfacet
  facet normal 0.194891 0.980825 -0
    outer loop
      vertex -36.3894 -44.5409 2.4
      vertex -36.5434 -44.5103 6.4
      vertex -36.3894 -44.5409 6.4
    endloop
  endfacet
  facet normal 0.194891 0.980825 0
    outer loop
      vertex -36.5434 -44.5103 6.4
      vertex -36.3894 -44.5409 2.4
      vertex -36.5434 -44.5103 2.4
    endloop
  endfacet
  facet normal -0.980825 0.194891 -1.12836e-19
    outer loop
      vertex -41.4897 -45.5434 2.4
      vertex -41.4591 -45.3894 6.4
      vertex -41.4591 -45.3894 2.4
    endloop
  endfacet
  facet normal -0.980825 0.194891 -1.12836e-19
    outer loop
      vertex -41.4591 -45.3894 6.4
      vertex -41.4897 -45.5434 2.4
      vertex -41.4897 -45.5434 6.4
    endloop
  endfacet
  facet normal -0.896961 -0.44211 -1.10106e-18
    outer loop
      vertex -41.3392 -56.9 2.4
      vertex -41.4086 -56.7592 6.4
      vertex -41.4086 -56.7592 2.4
    endloop
  endfacet
  facet normal -0.896961 -0.44211 -1.10106e-18
    outer loop
      vertex -41.4086 -56.7592 6.4
      vertex -41.3392 -56.9 2.4
      vertex -41.3392 -56.9 6.4
    endloop
  endfacet
  facet normal -0.980825 -0.194891 1.12836e-19
    outer loop
      vertex -41.4591 -56.6106 2.4
      vertex -41.4897 -56.4566 6.4
      vertex -41.4897 -56.4566 2.4
    endloop
  endfacet
  facet normal -0.980825 -0.194891 1.12836e-19
    outer loop
      vertex -41.4897 -56.4566 6.4
      vertex -41.4591 -56.6106 2.4
      vertex -41.4591 -56.6106 6.4
    endloop
  endfacet
  facet normal -0.555582 0.831462 0
    outer loop
      vertex -40.9 -44.6608 2.4
      vertex -41.0305 -44.748 6.4
      vertex -40.9 -44.6608 6.4
    endloop
  endfacet
  facet normal -0.555582 0.831462 0
    outer loop
      vertex -41.0305 -44.748 6.4
      vertex -40.9 -44.6608 2.4
      vertex -41.0305 -44.748 2.4
    endloop
  endfacet
  facet normal -0.896961 0.44211 1.10106e-18
    outer loop
      vertex -41.4086 -45.2408 2.4
      vertex -41.3392 -45.1 6.4
      vertex -41.3392 -45.1 2.4
    endloop
  endfacet
  facet normal -0.896961 0.44211 1.10106e-18
    outer loop
      vertex -41.3392 -45.1 6.4
      vertex -41.4086 -45.2408 2.4
      vertex -41.4086 -45.2408 6.4
    endloop
  endfacet
  facet normal -0.555582 -0.831462 0
    outer loop
      vertex -41.0305 -57.252 2.4
      vertex -40.9 -57.3392 6.4
      vertex -41.0305 -57.252 6.4
    endloop
  endfacet
  facet normal -0.555582 -0.831462 -0
    outer loop
      vertex -40.9 -57.3392 6.4
      vertex -41.0305 -57.252 2.4
      vertex -40.9 -57.3392 2.4
    endloop
  endfacet
  facet normal -0.751787 -0.659406 -1.11918e-18
    outer loop
      vertex -41.1485 -57.1485 2.4
      vertex -41.252 -57.0305 6.4
      vertex -41.252 -57.0305 2.4
    endloop
  endfacet
  facet normal -0.751787 -0.659406 -1.11918e-18
    outer loop
      vertex -41.252 -57.0305 6.4
      vertex -41.1485 -57.1485 2.4
      vertex -41.1485 -57.1485 6.4
    endloop
  endfacet
  facet normal 0.896961 0.44211 -5.18146e-18
    outer loop
      vertex -35.5914 -45.2408 6.4
      vertex -35.6608 -45.1 5.55
      vertex -35.6608 -45.1 6.4
    endloop
  endfacet
  facet normal 0.896961 0.44211 -5.18146e-18
    outer loop
      vertex -35.6608 -45.1 5.55
      vertex -35.5914 -45.2408 6.4
      vertex -35.5914 -45.2408 5.55
    endloop
  endfacet
  facet normal 0.980825 0.194891 5.30991e-19
    outer loop
      vertex -35.5103 -45.5434 6.4
      vertex -35.5409 -45.3894 5.55
      vertex -35.5409 -45.3894 6.4
    endloop
  endfacet
  facet normal 0.980825 0.194891 5.30991e-19
    outer loop
      vertex -35.5409 -45.3894 5.55
      vertex -35.5103 -45.5434 6.4
      vertex -35.5103 -45.5434 5.55
    endloop
  endfacet
  facet normal -0.659406 -0.751787 0
    outer loop
      vertex -41.1485 -57.1485 2.4
      vertex -41.0305 -57.252 6.4
      vertex -41.1485 -57.1485 6.4
    endloop
  endfacet
  facet normal -0.659406 -0.751787 -0
    outer loop
      vertex -41.0305 -57.252 6.4
      vertex -41.1485 -57.1485 2.4
      vertex -41.0305 -57.252 2.4
    endloop
  endfacet
  facet normal -0.44211 -0.896961 0
    outer loop
      vertex -40.9 -57.3392 2.4
      vertex -40.7592 -57.4086 6.4
      vertex -40.9 -57.3392 6.4
    endloop
  endfacet
  facet normal -0.44211 -0.896961 -0
    outer loop
      vertex -40.7592 -57.4086 6.4
      vertex -40.9 -57.3392 2.4
      vertex -40.7592 -57.4086 2.4
    endloop
  endfacet
  facet normal 0.831462 0.555582 7.39152e-19
    outer loop
      vertex -35.6608 -45.1 6.4
      vertex -35.748 -44.9695 5.55
      vertex -35.748 -44.9695 6.4
    endloop
  endfacet
  facet normal 0.831462 0.555582 7.39152e-19
    outer loop
      vertex -35.748 -44.9695 5.55
      vertex -35.6608 -45.1 6.4
      vertex -35.6608 -45.1 5.55
    endloop
  endfacet
  facet normal 0.659406 -0.751787 0
    outer loop
      vertex -35.9695 -57.252 5.55
      vertex -35.8515 -57.1485 6.4
      vertex -35.9695 -57.252 6.4
    endloop
  endfacet
  facet normal 0.659406 -0.751787 0
    outer loop
      vertex -35.8515 -57.1485 6.4
      vertex -35.9695 -57.252 5.55
      vertex -35.8515 -57.1485 5.55
    endloop
  endfacet
  facet normal 0.321766 -0.946819 0
    outer loop
      vertex -36.3894 -57.4591 2.4
      vertex -36.2408 -57.4086 6.4
      vertex -36.3894 -57.4591 6.4
    endloop
  endfacet
  facet normal 0.321766 -0.946819 0
    outer loop
      vertex -36.2408 -57.4086 6.4
      vertex -36.3894 -57.4591 2.4
      vertex -36.2408 -57.4086 2.4
    endloop
  endfacet
  facet normal -0.946819 0.321766 1.14403e-19
    outer loop
      vertex -41.4591 -45.3894 2.4
      vertex -41.4086 -45.2408 6.4
      vertex -41.4086 -45.2408 2.4
    endloop
  endfacet
  facet normal -0.946819 0.321766 1.14403e-19
    outer loop
      vertex -41.4086 -45.2408 6.4
      vertex -41.4591 -45.3894 2.4
      vertex -41.4591 -45.3894 6.4
    endloop
  endfacet
  facet normal 0.659406 0.751787 -0
    outer loop
      vertex -35.8515 -44.8515 5.55
      vertex -35.9695 -44.748 6.4
      vertex -35.8515 -44.8515 6.4
    endloop
  endfacet
  facet normal 0.659406 0.751787 0
    outer loop
      vertex -35.9695 -44.748 6.4
      vertex -35.8515 -44.8515 5.55
      vertex -35.9695 -44.748 5.55
    endloop
  endfacet
  facet normal 0.997844 -0.0656309 -7.89017e-19
    outer loop
      vertex -35.5103 -56.4566 6.4
      vertex -35.5 -56.3 5.55
      vertex -35.5 -56.3 6.4
    endloop
  endfacet
  facet normal 0.997844 -0.0656309 -7.89017e-19
    outer loop
      vertex -35.5 -56.3 5.55
      vertex -35.5103 -56.4566 6.4
      vertex -35.5103 -56.4566 5.55
    endloop
  endfacet
  facet normal 0.321766 0.946819 -0
    outer loop
      vertex -36.2408 -44.5914 2.4
      vertex -36.3894 -44.5409 6.4
      vertex -36.2408 -44.5914 6.4
    endloop
  endfacet
  facet normal 0.321766 0.946819 0
    outer loop
      vertex -36.3894 -44.5409 6.4
      vertex -36.2408 -44.5914 2.4
      vertex -36.3894 -44.5409 2.4
    endloop
  endfacet
  facet normal 0.997844 0.0656309 7.89017e-19
    outer loop
      vertex -35.5 -45.7 6.4
      vertex -35.5103 -45.5434 5.55
      vertex -35.5103 -45.5434 6.4
    endloop
  endfacet
  facet normal 0.997844 0.0656309 7.89017e-19
    outer loop
      vertex -35.5103 -45.5434 5.55
      vertex -35.5 -45.7 6.4
      vertex -35.5 -45.7 5.55
    endloop
  endfacet
  facet normal 0.0656309 0.997844 -0
    outer loop
      vertex -36.5434 -44.5103 2.4
      vertex -36.7 -44.5 6.4
      vertex -36.5434 -44.5103 6.4
    endloop
  endfacet
  facet normal 0.0656309 0.997844 0
    outer loop
      vertex -36.7 -44.5 6.4
      vertex -36.5434 -44.5103 2.4
      vertex -36.7 -44.5 2.4
    endloop
  endfacet
  facet normal 0.555582 -0.831462 1.94888e-05
    outer loop
      vertex -36.1 -57.3392 6.4
      vertex -36 -57.2724 5.55
      vertex -35.9695 -57.252 6.4
    endloop
  endfacet
  facet normal 0.555468 -0.831538 0
    outer loop
      vertex -36.1 -57.3392 2.4
      vertex -36 -57.2724 5.55
      vertex -36.1 -57.3392 6.4
    endloop
  endfacet
  facet normal 0.555468 -0.831538 0
    outer loop
      vertex -36 -57.2724 5.55
      vertex -36.1 -57.3392 2.4
      vertex -36 -57.2724 2.4
    endloop
  endfacet
  facet normal 0.555957 -0.831211 0
    outer loop
      vertex -35.9695 -57.252 6.4
      vertex -36 -57.2724 5.55
      vertex -35.9695 -57.252 5.55
    endloop
  endfacet
  facet normal 0.946819 -0.321766 5.38365e-19
    outer loop
      vertex -35.5914 -56.7592 6.4
      vertex -35.5409 -56.6106 5.55
      vertex -35.5409 -56.6106 6.4
    endloop
  endfacet
  facet normal 0.946819 -0.321766 5.38365e-19
    outer loop
      vertex -35.5409 -56.6106 5.55
      vertex -35.5914 -56.7592 6.4
      vertex -35.5914 -56.7592 5.55
    endloop
  endfacet
  facet normal -0.751787 0.659406 1.11918e-18
    outer loop
      vertex -41.252 -44.9695 2.4
      vertex -41.1485 -44.8515 6.4
      vertex -41.1485 -44.8515 2.4
    endloop
  endfacet
  facet normal -0.751787 0.659406 1.11918e-18
    outer loop
      vertex -41.1485 -44.8515 6.4
      vertex -41.252 -44.9695 2.4
      vertex -41.252 -44.9695 6.4
    endloop
  endfacet
  facet normal 0 0 1
    outer loop
      vertex -36.7 -44.5 6.4
      vertex -35.5 -45.7 6.4
      vertex -35.5103 -45.5434 6.4
    endloop
  endfacet
  facet normal 0 0 1
    outer loop
      vertex -35.5 -45.7 6.4
      vertex -41.5 -45.7 6.4
      vertex -35.5 -56.3 6.4
    endloop
  endfacet
  facet normal 0 0 1
    outer loop
      vertex -36.7 -44.5 6.4
      vertex -35.5103 -45.5434 6.4
      vertex -35.5409 -45.3894 6.4
    endloop
  endfacet
  facet normal 0 0 1
    outer loop
      vertex -41.5 -56.3 6.4
      vertex -35.5 -56.3 6.4
      vertex -41.5 -45.7 6.4
    endloop
  endfacet
  facet normal 0 0 1
    outer loop
      vertex -36.7 -44.5 6.4
      vertex -35.5409 -45.3894 6.4
      vertex -35.5914 -45.2408 6.4
    endloop
  endfacet
  facet normal 0 -0 1
    outer loop
      vertex -36.7 -57.5 6.4
      vertex -35.5 -56.3 6.4
      vertex -41.5 -56.3 6.4
    endloop
  endfacet
  facet normal 0 0 1
    outer loop
      vertex -36.7 -44.5 6.4
      vertex -35.5914 -45.2408 6.4
      vertex -35.6608 -45.1 6.4
    endloop
  endfacet
  facet normal 0 0 1
    outer loop
      vertex -35.5 -56.3 6.4
      vertex -36.7 -57.5 6.4
      vertex -35.5103 -56.4566 6.4
    endloop
  endfacet
  facet normal 0 0 1
    outer loop
      vertex -36.7 -44.5 6.4
      vertex -35.6608 -45.1 6.4
      vertex -35.748 -44.9695 6.4
    endloop
  endfacet
  facet normal 0 0 1
    outer loop
      vertex -35.5103 -56.4566 6.4
      vertex -36.7 -57.5 6.4
      vertex -35.5409 -56.6106 6.4
    endloop
  endfacet
  facet normal 0 0 1
    outer loop
      vertex -36.7 -44.5 6.4
      vertex -35.748 -44.9695 6.4
      vertex -35.8515 -44.8515 6.4
    endloop
  endfacet
  facet normal 0 0 1
    outer loop
      vertex -35.5409 -56.6106 6.4
      vertex -36.7 -57.5 6.4
      vertex -35.5914 -56.7592 6.4
    endloop
  endfacet
  facet normal 0 0 1
    outer loop
      vertex -36.7 -44.5 6.4
      vertex -35.8515 -44.8515 6.4
      vertex -35.9695 -44.748 6.4
    endloop
  endfacet
  facet normal 0 0 1
    outer loop
      vertex -35.5914 -56.7592 6.4
      vertex -36.7 -57.5 6.4
      vertex -35.6608 -56.9 6.4
    endloop
  endfacet
  facet normal 0 0 1
    outer loop
      vertex -36.7 -44.5 6.4
      vertex -35.9695 -44.748 6.4
      vertex -36.1 -44.6608 6.4
    endloop
  endfacet
  facet normal 0 0 1
    outer loop
      vertex -35.6608 -56.9 6.4
      vertex -36.7 -57.5 6.4
      vertex -35.748 -57.0305 6.4
    endloop
  endfacet
  facet normal 0 0 1
    outer loop
      vertex -36.7 -44.5 6.4
      vertex -36.1 -44.6608 6.4
      vertex -36.2408 -44.5914 6.4
    endloop
  endfacet
  facet normal 0 0 1
    outer loop
      vertex -35.748 -57.0305 6.4
      vertex -36.7 -57.5 6.4
      vertex -35.8515 -57.1485 6.4
    endloop
  endfacet
  facet normal 0 0 1
    outer loop
      vertex -36.7 -44.5 6.4
      vertex -36.2408 -44.5914 6.4
      vertex -36.3894 -44.5409 6.4
    endloop
  endfacet
  facet normal 0 0 1
    outer loop
      vertex -35.5 -45.7 6.4
      vertex -36.7 -44.5 6.4
      vertex -41.5 -45.7 6.4
    endloop
  endfacet
  facet normal 0 0 1
    outer loop
      vertex -36.7 -44.5 6.4
      vertex -36.3894 -44.5409 6.4
      vertex -36.5434 -44.5103 6.4
    endloop
  endfacet
  facet normal 0 0 1
    outer loop
      vertex -35.8515 -57.1485 6.4
      vertex -36.7 -57.5 6.4
      vertex -35.9695 -57.252 6.4
    endloop
  endfacet
  facet normal 0 0 1
    outer loop
      vertex -36.2408 -57.4086 6.4
      vertex -36.7 -57.5 6.4
      vertex -36.3894 -57.4591 6.4
    endloop
  endfacet
  facet normal 0 0 1
    outer loop
      vertex -36.3894 -57.4591 6.4
      vertex -36.7 -57.5 6.4
      vertex -36.5434 -57.4897 6.4
    endloop
  endfacet
  facet normal 0 0 1
    outer loop
      vertex -41.5 -45.7 6.4
      vertex -36.7 -44.5 6.4
      vertex -40.3 -44.5 6.4
    endloop
  endfacet
  facet normal 0 0 1
    outer loop
      vertex -35.9695 -57.252 6.4
      vertex -36.7 -57.5 6.4
      vertex -36.1 -57.3392 6.4
    endloop
  endfacet
  facet normal 0 0 1
    outer loop
      vertex -41.5 -45.7 6.4
      vertex -40.3 -44.5 6.4
      vertex -40.4566 -44.5103 6.4
    endloop
  endfacet
  facet normal 0 0 1
    outer loop
      vertex -36.1 -57.3392 6.4
      vertex -36.7 -57.5 6.4
      vertex -36.2408 -57.4086 6.4
    endloop
  endfacet
  facet normal 0 0 1
    outer loop
      vertex -41.5 -45.7 6.4
      vertex -40.4566 -44.5103 6.4
      vertex -40.6106 -44.5409 6.4
    endloop
  endfacet
  facet normal 0 0 1
    outer loop
      vertex -36.7 -57.5 6.4
      vertex -41.5 -56.3 6.4
      vertex -40.3 -57.5 6.4
    endloop
  endfacet
  facet normal 0 0 1
    outer loop
      vertex -41.5 -45.7 6.4
      vertex -40.6106 -44.5409 6.4
      vertex -40.7592 -44.5914 6.4
    endloop
  endfacet
  facet normal 0 0 1
    outer loop
      vertex -40.3 -57.5 6.4
      vertex -41.5 -56.3 6.4
      vertex -40.4566 -57.4897 6.4
    endloop
  endfacet
  facet normal 0 0 1
    outer loop
      vertex -41.5 -45.7 6.4
      vertex -40.7592 -44.5914 6.4
      vertex -40.9 -44.6608 6.4
    endloop
  endfacet
  facet normal 0 0 1
    outer loop
      vertex -40.4566 -57.4897 6.4
      vertex -41.5 -56.3 6.4
      vertex -40.6106 -57.4591 6.4
    endloop
  endfacet
  facet normal 0 0 1
    outer loop
      vertex -41.5 -45.7 6.4
      vertex -40.9 -44.6608 6.4
      vertex -41.0305 -44.748 6.4
    endloop
  endfacet
  facet normal 0 0 1
    outer loop
      vertex -40.6106 -57.4591 6.4
      vertex -41.5 -56.3 6.4
      vertex -40.7592 -57.4086 6.4
    endloop
  endfacet
  facet normal 0 0 1
    outer loop
      vertex -41.5 -45.7 6.4
      vertex -41.0305 -44.748 6.4
      vertex -41.1485 -44.8515 6.4
    endloop
  endfacet
  facet normal 0 0 1
    outer loop
      vertex -40.7592 -57.4086 6.4
      vertex -41.5 -56.3 6.4
      vertex -40.9 -57.3392 6.4
    endloop
  endfacet
  facet normal 0 0 1
    outer loop
      vertex -41.5 -45.7 6.4
      vertex -41.1485 -44.8515 6.4
      vertex -41.252 -44.9695 6.4
    endloop
  endfacet
  facet normal 0 0 1
    outer loop
      vertex -40.9 -57.3392 6.4
      vertex -41.5 -56.3 6.4
      vertex -41.0305 -57.252 6.4
    endloop
  endfacet
  facet normal 0 0 1
    outer loop
      vertex -41.5 -45.7 6.4
      vertex -41.252 -44.9695 6.4
      vertex -41.3392 -45.1 6.4
    endloop
  endfacet
  facet normal 0 0 1
    outer loop
      vertex -41.0305 -57.252 6.4
      vertex -41.5 -56.3 6.4
      vertex -41.1485 -57.1485 6.4
    endloop
  endfacet
  facet normal 0 0 1
    outer loop
      vertex -41.5 -45.7 6.4
      vertex -41.3392 -45.1 6.4
      vertex -41.4086 -45.2408 6.4
    endloop
  endfacet
  facet normal 0 0 1
    outer loop
      vertex -41.1485 -57.1485 6.4
      vertex -41.5 -56.3 6.4
      vertex -41.252 -57.0305 6.4
    endloop
  endfacet
  facet normal 0 0 1
    outer loop
      vertex -41.5 -45.7 6.4
      vertex -41.4086 -45.2408 6.4
      vertex -41.4591 -45.3894 6.4
    endloop
  endfacet
  facet normal 0 0 1
    outer loop
      vertex -41.252 -57.0305 6.4
      vertex -41.5 -56.3 6.4
      vertex -41.3392 -56.9 6.4
    endloop
  endfacet
  facet normal 0 0 1
    outer loop
      vertex -41.5 -45.7 6.4
      vertex -41.4591 -45.3894 6.4
      vertex -41.4897 -45.5434 6.4
    endloop
  endfacet
  facet normal 0 0 1
    outer loop
      vertex -41.3392 -56.9 6.4
      vertex -41.5 -56.3 6.4
      vertex -41.4086 -56.7592 6.4
    endloop
  endfacet
  facet normal 0 0 1
    outer loop
      vertex -41.4086 -56.7592 6.4
      vertex -41.5 -56.3 6.4
      vertex -41.4591 -56.6106 6.4
    endloop
  endfacet
  facet normal 0 0 1
    outer loop
      vertex -41.4591 -56.6106 6.4
      vertex -41.5 -56.3 6.4
      vertex -41.4897 -56.4566 6.4
    endloop
  endfacet
  facet normal 0.44211 -0.896961 0
    outer loop
      vertex -36.2408 -57.4086 2.4
      vertex -36.1 -57.3392 6.4
      vertex -36.2408 -57.4086 6.4
    endloop
  endfacet
  facet normal 0.44211 -0.896961 0
    outer loop
      vertex -36.1 -57.3392 6.4
      vertex -36.2408 -57.4086 2.4
      vertex -36.1 -57.3392 2.4
    endloop
  endfacet
  facet normal 0.194891 -0.980825 0
    outer loop
      vertex -36.5434 -57.4897 2.4
      vertex -36.3894 -57.4591 6.4
      vertex -36.5434 -57.4897 6.4
    endloop
  endfacet
  facet normal 0.194891 -0.980825 0
    outer loop
      vertex -36.3894 -57.4591 6.4
      vertex -36.5434 -57.4897 2.4
      vertex -36.3894 -57.4591 2.4
    endloop
  endfacet
  facet normal 0.896961 -0.44211 5.18146e-18
    outer loop
      vertex -35.6608 -56.9 6.4
      vertex -35.5914 -56.7592 5.55
      vertex -35.5914 -56.7592 6.4
    endloop
  endfacet
  facet normal 0.896961 -0.44211 5.18146e-18
    outer loop
      vertex -35.5914 -56.7592 5.55
      vertex -35.6608 -56.9 6.4
      vertex -35.6608 -56.9 5.55
    endloop
  endfacet
  facet normal 0.751787 -0.659406 5.26671e-18
    outer loop
      vertex -35.8515 -57.1485 6.4
      vertex -35.748 -57.0305 5.55
      vertex -35.748 -57.0305 6.4
    endloop
  endfacet
  facet normal 0.751787 -0.659406 5.26671e-18
    outer loop
      vertex -35.748 -57.0305 5.55
      vertex -35.8515 -57.1485 6.4
      vertex -35.8515 -57.1485 5.55
    endloop
  endfacet
  facet normal -0.659406 0.751787 0
    outer loop
      vertex -41.0305 -44.748 2.4
      vertex -41.1485 -44.8515 6.4
      vertex -41.0305 -44.748 6.4
    endloop
  endfacet
  facet normal -0.659406 0.751787 0
    outer loop
      vertex -41.1485 -44.8515 6.4
      vertex -41.0305 -44.748 2.4
      vertex -41.1485 -44.8515 2.4
    endloop
  endfacet
  facet normal -0.194891 -0.980825 0
    outer loop
      vertex 36.3894 -57.4591 2.4
      vertex 36.5434 -57.4897 6.4
      vertex 36.3894 -57.4591 6.4
    endloop
  endfacet
  facet normal -0.194891 -0.980825 -0
    outer loop
      vertex 36.5434 -57.4897 6.4
      vertex 36.3894 -57.4591 2.4
      vertex 36.5434 -57.4897 2.4
    endloop
  endfacet
  facet normal 0.0656309 -0.997844 0
    outer loop
      vertex 40.3 -57.5 2.4
      vertex 40.4566 -57.4897 6.4
      vertex 40.3 -57.5 6.4
    endloop
  endfacet
  facet normal 0.0656309 -0.997844 0
    outer loop
      vertex 40.4566 -57.4897 6.4
      vertex 40.3 -57.5 2.4
      vertex 40.4566 -57.4897 2.4
    endloop
  endfacet
  facet normal 0.980825 -0.194891 -1.12836e-19
    outer loop
      vertex 41.4591 -56.6106 6.4
      vertex 41.4897 -56.4566 2.4
      vertex 41.4897 -56.4566 6.4
    endloop
  endfacet
  facet normal 0.980825 -0.194891 -1.12836e-19
    outer loop
      vertex 41.4897 -56.4566 2.4
      vertex 41.4591 -56.6106 6.4
      vertex 41.4591 -56.6106 2.4
    endloop
  endfacet
  facet normal 1 0 0
    outer loop
      vertex 41.5 -45.7 6.4
      vertex 41.5 -46.5 4.8
      vertex 41.5 -45.7 2.4
    endloop
  endfacet
  facet normal 1 0 0
    outer loop
      vertex 41.5 -45.7 6.4
      vertex 41.5 -55.5 4.8
      vertex 41.5 -46.5 4.8
    endloop
  endfacet
  facet normal 1 0 0
    outer loop
      vertex 41.5 -56.3 2.4
      vertex 41.5 -55.5 4.8
      vertex 41.5 -56.3 6.4
    endloop
  endfacet
  facet normal 1 -0 0
    outer loop
      vertex 41.5 -56.3 6.4
      vertex 41.5 -55.5 4.8
      vertex 41.5 -45.7 6.4
    endloop
  endfacet
  facet normal 1 -0 0
    outer loop
      vertex 41.5 -46.5 3
      vertex 41.5 -45.7 2.4
      vertex 41.5 -46.5 4.8
    endloop
  endfacet
  facet normal 1 -0 0
    outer loop
      vertex 41.5 -55.5 3
      vertex 41.5 -45.7 2.4
      vertex 41.5 -46.5 3
    endloop
  endfacet
  facet normal 1 0 0
    outer loop
      vertex 41.5 -55.5 3
      vertex 41.5 -56.3 2.4
      vertex 41.5 -45.7 2.4
    endloop
  endfacet
  facet normal 1 0 0
    outer loop
      vertex 41.5 -55.5 4.8
      vertex 41.5 -56.3 2.4
      vertex 41.5 -55.5 3
    endloop
  endfacet
  facet normal 0.831462 -0.555582 -1.5707e-19
    outer loop
      vertex 41.252 -57.0305 6.4
      vertex 41.3392 -56.9 2.4
      vertex 41.3392 -56.9 6.4
    endloop
  endfacet
  facet normal 0.831462 -0.555582 -1.5707e-19
    outer loop
      vertex 41.3392 -56.9 2.4
      vertex 41.252 -57.0305 6.4
      vertex 41.252 -57.0305 2.4
    endloop
  endfacet
  facet normal -0.997844 -0.0656309 7.89017e-19
    outer loop
      vertex 35.5103 -56.4566 5.55
      vertex 35.5 -56.3 6.4
      vertex 35.5 -56.3 5.55
    endloop
  endfacet
  facet normal -0.997844 -0.0656309 7.89017e-19
    outer loop
      vertex 35.5 -56.3 6.4
      vertex 35.5103 -56.4566 5.55
      vertex 35.5103 -56.4566 6.4
    endloop
  endfacet
  facet normal -1 0 0
    outer loop
      vertex 35.5 -56.3 5.55
      vertex 35.5 -45.7 6.4
      vertex 35.5 -45.7 5.55
    endloop
  endfacet
  facet normal -1 -0 0
    outer loop
      vertex 35.5 -45.7 6.4
      vertex 35.5 -56.3 5.55
      vertex 35.5 -56.3 6.4
    endloop
  endfacet
  facet normal -0.0656309 -0.997844 0
    outer loop
      vertex 36.5434 -57.4897 2.4
      vertex 36.7 -57.5 6.4
      vertex 36.5434 -57.4897 6.4
    endloop
  endfacet
  facet normal -0.0656309 -0.997844 -0
    outer loop
      vertex 36.7 -57.5 6.4
      vertex 36.5434 -57.4897 2.4
      vertex 36.7 -57.5 2.4
    endloop
  endfacet
  facet normal -0.831462 0.555582 -7.39152e-19
    outer loop
      vertex 35.6608 -45.1 5.55
      vertex 35.748 -44.9695 6.4
      vertex 35.748 -44.9695 5.55
    endloop
  endfacet
  facet normal -0.831462 0.555582 -7.39152e-19
    outer loop
      vertex 35.748 -44.9695 6.4
      vertex 35.6608 -45.1 5.55
      vertex 35.6608 -45.1 6.4
    endloop
  endfacet
  facet normal -0.321766 -0.946819 0
    outer loop
      vertex 36.2408 -57.4086 2.4
      vertex 36.3894 -57.4591 6.4
      vertex 36.2408 -57.4086 6.4
    endloop
  endfacet
  facet normal -0.321766 -0.946819 -0
    outer loop
      vertex 36.3894 -57.4591 6.4
      vertex 36.2408 -57.4086 2.4
      vertex 36.3894 -57.4591 2.4
    endloop
  endfacet
  facet normal -0.194891 0.980825 0
    outer loop
      vertex 36.5434 -44.5103 2.4
      vertex 36.3894 -44.5409 6.4
      vertex 36.5434 -44.5103 6.4
    endloop
  endfacet
  facet normal -0.194891 0.980825 0
    outer loop
      vertex 36.3894 -44.5409 6.4
      vertex 36.5434 -44.5103 2.4
      vertex 36.3894 -44.5409 2.4
    endloop
  endfacet
  facet normal 0.946819 0.321766 -1.14403e-19
    outer loop
      vertex 41.4591 -45.3894 6.4
      vertex 41.4086 -45.2408 2.4
      vertex 41.4086 -45.2408 6.4
    endloop
  endfacet
  facet normal 0.946819 0.321766 -1.14403e-19
    outer loop
      vertex 41.4086 -45.2408 2.4
      vertex 41.4591 -45.3894 6.4
      vertex 41.4591 -45.3894 2.4
    endloop
  endfacet
  facet normal -0.946819 -0.321766 -5.38365e-19
    outer loop
      vertex 35.5914 -56.7592 5.55
      vertex 35.5409 -56.6106 6.4
      vertex 35.5409 -56.6106 5.55
    endloop
  endfacet
  facet normal -0.946819 -0.321766 -5.38365e-19
    outer loop
      vertex 35.5409 -56.6106 6.4
      vertex 35.5914 -56.7592 5.55
      vertex 35.5914 -56.7592 6.4
    endloop
  endfacet
  facet normal -0.0656309 0.997844 0
    outer loop
      vertex 36.7 -44.5 2.4
      vertex 36.5434 -44.5103 6.4
      vertex 36.7 -44.5 6.4
    endloop
  endfacet
  facet normal -0.0656309 0.997844 0
    outer loop
      vertex 36.5434 -44.5103 6.4
      vertex 36.7 -44.5 2.4
      vertex 36.5434 -44.5103 2.4
    endloop
  endfacet
  facet normal -0.44211 0.896961 0
    outer loop
      vertex 36.2408 -44.5914 2.4
      vertex 36.1 -44.6608 6.4
      vertex 36.2408 -44.5914 6.4
    endloop
  endfacet
  facet normal -0.44211 0.896961 0
    outer loop
      vertex 36.1 -44.6608 6.4
      vertex 36.2408 -44.5914 2.4
      vertex 36.1 -44.6608 2.4
    endloop
  endfacet
  facet normal 0 1 -0
    outer loop
      vertex 40.3 -44.5 2.4
      vertex 36.7 -44.5 6.4
      vertex 40.3 -44.5 6.4
    endloop
  endfacet
  facet normal 0 1 0
    outer loop
      vertex 36.7 -44.5 6.4
      vertex 40.3 -44.5 2.4
      vertex 36.7 -44.5 2.4
    endloop
  endfacet
  facet normal -0.321766 0.946819 0
    outer loop
      vertex 36.3894 -44.5409 2.4
      vertex 36.2408 -44.5914 6.4
      vertex 36.3894 -44.5409 6.4
    endloop
  endfacet
  facet normal -0.321766 0.946819 0
    outer loop
      vertex 36.2408 -44.5914 6.4
      vertex 36.3894 -44.5409 2.4
      vertex 36.2408 -44.5914 2.4
    endloop
  endfacet
  facet normal 0 -1 0
    outer loop
      vertex 36.7 -57.5 2.4
      vertex 40.3 -57.5 6.4
      vertex 36.7 -57.5 6.4
    endloop
  endfacet
  facet normal 0 -1 -0
    outer loop
      vertex 40.3 -57.5 6.4
      vertex 36.7 -57.5 2.4
      vertex 40.3 -57.5 2.4
    endloop
  endfacet
  facet normal -0.831462 -0.555582 7.39152e-19
    outer loop
      vertex 35.748 -57.0305 5.55
      vertex 35.6608 -56.9 6.4
      vertex 35.6608 -56.9 5.55
    endloop
  endfacet
  facet normal -0.831462 -0.555582 7.39152e-19
    outer loop
      vertex 35.6608 -56.9 6.4
      vertex 35.748 -57.0305 5.55
      vertex 35.748 -57.0305 6.4
    endloop
  endfacet
  facet normal 0.44211 0.896961 -0
    outer loop
      vertex 40.9 -44.6608 2.4
      vertex 40.7592 -44.5914 6.4
      vertex 40.9 -44.6608 6.4
    endloop
  endfacet
  facet normal 0.44211 0.896961 0
    outer loop
      vertex 40.7592 -44.5914 6.4
      vertex 40.9 -44.6608 2.4
      vertex 40.7592 -44.5914 2.4
    endloop
  endfacet
  facet normal -0.997844 0.0656309 -7.89017e-19
    outer loop
      vertex 35.5 -45.7 5.55
      vertex 35.5103 -45.5434 6.4
      vertex 35.5103 -45.5434 5.55
    endloop
  endfacet
  facet normal -0.997844 0.0656309 -7.89017e-19
    outer loop
      vertex 35.5103 -45.5434 6.4
      vertex 35.5 -45.7 5.55
      vertex 35.5 -45.7 6.4
    endloop
  endfacet
  facet normal 0.751787 0.659406 -1.11918e-18
    outer loop
      vertex 41.252 -44.9695 6.4
      vertex 41.1485 -44.8515 2.4
      vertex 41.1485 -44.8515 6.4
    endloop
  endfacet
  facet normal 0.751787 0.659406 -1.11918e-18
    outer loop
      vertex 41.1485 -44.8515 2.4
      vertex 41.252 -44.9695 6.4
      vertex 41.252 -44.9695 2.4
    endloop
  endfacet
  facet normal 0.555582 0.831462 -0
    outer loop
      vertex 41.0305 -44.748 2.4
      vertex 40.9 -44.6608 6.4
      vertex 41.0305 -44.748 6.4
    endloop
  endfacet
  facet normal 0.555582 0.831462 0
    outer loop
      vertex 40.9 -44.6608 6.4
      vertex 41.0305 -44.748 2.4
      vertex 40.9 -44.6608 2.4
    endloop
  endfacet
  facet normal 0.194891 0.980825 -0
    outer loop
      vertex 40.6106 -44.5409 2.4
      vertex 40.4566 -44.5103 6.4
      vertex 40.6106 -44.5409 6.4
    endloop
  endfacet
  facet normal 0.194891 0.980825 0
    outer loop
      vertex 40.4566 -44.5103 6.4
      vertex 40.6106 -44.5409 2.4
      vertex 40.4566 -44.5103 2.4
    endloop
  endfacet
  facet normal -0.896961 -0.44211 -5.18146e-18
    outer loop
      vertex 35.6608 -56.9 5.55
      vertex 35.5914 -56.7592 6.4
      vertex 35.5914 -56.7592 5.55
    endloop
  endfacet
  facet normal -0.896961 -0.44211 -5.18146e-18
    outer loop
      vertex 35.5914 -56.7592 6.4
      vertex 35.6608 -56.9 5.55
      vertex 35.6608 -56.9 6.4
    endloop
  endfacet
  facet normal 0.751787 -0.659406 1.11918e-18
    outer loop
      vertex 41.1485 -57.1485 6.4
      vertex 41.252 -57.0305 2.4
      vertex 41.252 -57.0305 6.4
    endloop
  endfacet
  facet normal 0.751787 -0.659406 1.11918e-18
    outer loop
      vertex 41.252 -57.0305 2.4
      vertex 41.1485 -57.1485 6.4
      vertex 41.1485 -57.1485 2.4
    endloop
  endfacet
  facet normal -0.980825 -0.194891 5.30991e-19
    outer loop
      vertex 35.5409 -56.6106 5.55
      vertex 35.5103 -56.4566 6.4
      vertex 35.5103 -56.4566 5.55
    endloop
  endfacet
  facet normal -0.980825 -0.194891 5.30991e-19
    outer loop
      vertex 35.5103 -56.4566 6.4
      vertex 35.5409 -56.6106 5.55
      vertex 35.5409 -56.6106 6.4
    endloop
  endfacet
  facet normal -0.555582 0.831462 1.94888e-05
    outer loop
      vertex 36.1 -44.6608 6.4
      vertex 36 -44.7276 5.55
      vertex 35.9695 -44.748 6.4
    endloop
  endfacet
  facet normal -0.555468 0.831538 0
    outer loop
      vertex 36.1 -44.6608 2.4
      vertex 36 -44.7276 5.55
      vertex 36.1 -44.6608 6.4
    endloop
  endfacet
  facet normal -0.555468 0.831538 0
    outer loop
      vertex 36 -44.7276 5.55
      vertex 36.1 -44.6608 2.4
      vertex 36 -44.7276 2.4
    endloop
  endfacet
  facet normal -0.555957 0.831211 0
    outer loop
      vertex 35.9695 -44.748 6.4
      vertex 36 -44.7276 5.55
      vertex 35.9695 -44.748 5.55
    endloop
  endfacet
  facet normal -0.896961 0.44211 5.18146e-18
    outer loop
      vertex 35.5914 -45.2408 5.55
      vertex 35.6608 -45.1 6.4
      vertex 35.6608 -45.1 5.55
    endloop
  endfacet
  facet normal -0.896961 0.44211 5.18146e-18
    outer loop
      vertex 35.6608 -45.1 6.4
      vertex 35.5914 -45.2408 5.55
      vertex 35.5914 -45.2408 6.4
    endloop
  endfacet
  facet normal -0.555957 -0.831211 -8.15596e-20
    outer loop
      vertex 36 -57.2724 5.55
      vertex 35.9695 -57.252 6.4
      vertex 35.9695 -57.252 5.55
    endloop
  endfacet
  facet normal -0.555582 -0.831462 1.94888e-05
    outer loop
      vertex 35.9695 -57.252 6.4
      vertex 36 -57.2724 5.55
      vertex 36.1 -57.3392 6.4
    endloop
  endfacet
  facet normal -0.555468 -0.831538 8.12556e-19
    outer loop
      vertex 36.1 -57.3392 2.4
      vertex 36 -57.2724 5.55
      vertex 36 -57.2724 2.4
    endloop
  endfacet
  facet normal -0.555468 -0.831538 6.39888e-19
    outer loop
      vertex 36 -57.2724 5.55
      vertex 36.1 -57.3392 2.4
      vertex 36.1 -57.3392 6.4
    endloop
  endfacet
  facet normal -0.751787 -0.659406 -5.26671e-18
    outer loop
      vertex 35.8515 -57.1485 5.55
      vertex 35.748 -57.0305 6.4
      vertex 35.748 -57.0305 5.55
    endloop
  endfacet
  facet normal -0.751787 -0.659406 -5.26671e-18
    outer loop
      vertex 35.748 -57.0305 6.4
      vertex 35.8515 -57.1485 5.55
      vertex 35.8515 -57.1485 6.4
    endloop
  endfacet
  facet normal 0.896961 0.44211 -1.10106e-18
    outer loop
      vertex 41.4086 -45.2408 6.4
      vertex 41.3392 -45.1 2.4
      vertex 41.3392 -45.1 6.4
    endloop
  endfacet
  facet normal 0.896961 0.44211 -1.10106e-18
    outer loop
      vertex 41.3392 -45.1 2.4
      vertex 41.4086 -45.2408 6.4
      vertex 41.4086 -45.2408 2.4
    endloop
  endfacet
  facet normal -0.659406 -0.751787 0
    outer loop
      vertex 35.8515 -57.1485 5.55
      vertex 35.9695 -57.252 6.4
      vertex 35.8515 -57.1485 6.4
    endloop
  endfacet
  facet normal -0.659406 -0.751787 -0
    outer loop
      vertex 35.9695 -57.252 6.4
      vertex 35.8515 -57.1485 5.55
      vertex 35.9695 -57.252 5.55
    endloop
  endfacet
  facet normal -0.44211 -0.896961 0
    outer loop
      vertex 36.1 -57.3392 2.4
      vertex 36.2408 -57.4086 6.4
      vertex 36.1 -57.3392 6.4
    endloop
  endfacet
  facet normal -0.44211 -0.896961 -0
    outer loop
      vertex 36.2408 -57.4086 6.4
      vertex 36.1 -57.3392 2.4
      vertex 36.2408 -57.4086 2.4
    endloop
  endfacet
  facet normal 0.831462 0.555582 1.5707e-19
    outer loop
      vertex 41.3392 -45.1 6.4
      vertex 41.252 -44.9695 2.4
      vertex 41.252 -44.9695 6.4
    endloop
  endfacet
  facet normal 0.831462 0.555582 1.5707e-19
    outer loop
      vertex 41.252 -44.9695 2.4
      vertex 41.3392 -45.1 6.4
      vertex 41.3392 -45.1 2.4
    endloop
  endfacet
  facet normal 0.659406 -0.751787 0
    outer loop
      vertex 41.0305 -57.252 2.4
      vertex 41.1485 -57.1485 6.4
      vertex 41.0305 -57.252 6.4
    endloop
  endfacet
  facet normal 0.659406 -0.751787 0
    outer loop
      vertex 41.1485 -57.1485 6.4
      vertex 41.0305 -57.252 2.4
      vertex 41.1485 -57.1485 2.4
    endloop
  endfacet
  facet normal 0.321766 -0.946819 0
    outer loop
      vertex 40.6106 -57.4591 2.4
      vertex 40.7592 -57.4086 6.4
      vertex 40.6106 -57.4591 6.4
    endloop
  endfacet
  facet normal 0.321766 -0.946819 0
    outer loop
      vertex 40.7592 -57.4086 6.4
      vertex 40.6106 -57.4591 2.4
      vertex 40.7592 -57.4086 2.4
    endloop
  endfacet
  facet normal -0.946819 0.321766 5.38365e-19
    outer loop
      vertex 35.5409 -45.3894 5.55
      vertex 35.5914 -45.2408 6.4
      vertex 35.5914 -45.2408 5.55
    endloop
  endfacet
  facet normal -0.946819 0.321766 5.38365e-19
    outer loop
      vertex 35.5914 -45.2408 6.4
      vertex 35.5409 -45.3894 5.55
      vertex 35.5409 -45.3894 6.4
    endloop
  endfacet
  facet normal -0.980825 0.194891 -5.30991e-19
    outer loop
      vertex 35.5103 -45.5434 5.55
      vertex 35.5409 -45.3894 6.4
      vertex 35.5409 -45.3894 5.55
    endloop
  endfacet
  facet normal -0.980825 0.194891 -5.30991e-19
    outer loop
      vertex 35.5409 -45.3894 6.4
      vertex 35.5103 -45.5434 5.55
      vertex 35.5103 -45.5434 6.4
    endloop
  endfacet
  facet normal 0.659406 0.751787 -0
    outer loop
      vertex 41.1485 -44.8515 2.4
      vertex 41.0305 -44.748 6.4
      vertex 41.1485 -44.8515 6.4
    endloop
  endfacet
  facet normal 0.659406 0.751787 0
    outer loop
      vertex 41.0305 -44.748 6.4
      vertex 41.1485 -44.8515 2.4
      vertex 41.0305 -44.748 2.4
    endloop
  endfacet
  facet normal 0.997844 -0.0656309 -1.67666e-19
    outer loop
      vertex 41.4897 -56.4566 6.4
      vertex 41.5 -56.3 2.4
      vertex 41.5 -56.3 6.4
    endloop
  endfacet
  facet normal 0.997844 -0.0656309 -1.67666e-19
    outer loop
      vertex 41.5 -56.3 2.4
      vertex 41.4897 -56.4566 6.4
      vertex 41.4897 -56.4566 2.4
    endloop
  endfacet
  facet normal 0.321766 0.946819 -0
    outer loop
      vertex 40.7592 -44.5914 2.4
      vertex 40.6106 -44.5409 6.4
      vertex 40.7592 -44.5914 6.4
    endloop
  endfacet
  facet normal 0.321766 0.946819 0
    outer loop
      vertex 40.6106 -44.5409 6.4
      vertex 40.7592 -44.5914 2.4
      vertex 40.6106 -44.5409 2.4
    endloop
  endfacet
  facet normal 0.997844 0.0656309 1.67666e-19
    outer loop
      vertex 41.5 -45.7 6.4
      vertex 41.4897 -45.5434 2.4
      vertex 41.4897 -45.5434 6.4
    endloop
  endfacet
  facet normal 0.997844 0.0656309 1.67666e-19
    outer loop
      vertex 41.4897 -45.5434 2.4
      vertex 41.5 -45.7 6.4
      vertex 41.5 -45.7 2.4
    endloop
  endfacet
  facet normal 0.0656309 0.997844 -0
    outer loop
      vertex 40.4566 -44.5103 2.4
      vertex 40.3 -44.5 6.4
      vertex 40.4566 -44.5103 6.4
    endloop
  endfacet
  facet normal 0.0656309 0.997844 0
    outer loop
      vertex 40.3 -44.5 6.4
      vertex 40.4566 -44.5103 2.4
      vertex 40.3 -44.5 2.4
    endloop
  endfacet
  facet normal 0.980825 0.194891 1.12836e-19
    outer loop
      vertex 41.4897 -45.5434 6.4
      vertex 41.4591 -45.3894 2.4
      vertex 41.4591 -45.3894 6.4
    endloop
  endfacet
  facet normal 0.980825 0.194891 1.12836e-19
    outer loop
      vertex 41.4591 -45.3894 2.4
      vertex 41.4897 -45.5434 6.4
      vertex 41.4897 -45.5434 2.4
    endloop
  endfacet
  facet normal 0.555582 -0.831462 0
    outer loop
      vertex 40.9 -57.3392 2.4
      vertex 41.0305 -57.252 6.4
      vertex 40.9 -57.3392 6.4
    endloop
  endfacet
  facet normal 0.555582 -0.831462 0
    outer loop
      vertex 41.0305 -57.252 6.4
      vertex 40.9 -57.3392 2.4
      vertex 41.0305 -57.252 2.4
    endloop
  endfacet
  facet normal 0.946819 -0.321766 1.14403e-19
    outer loop
      vertex 41.4086 -56.7592 6.4
      vertex 41.4591 -56.6106 2.4
      vertex 41.4591 -56.6106 6.4
    endloop
  endfacet
  facet normal 0.946819 -0.321766 1.14403e-19
    outer loop
      vertex 41.4591 -56.6106 2.4
      vertex 41.4086 -56.7592 6.4
      vertex 41.4086 -56.7592 2.4
    endloop
  endfacet
  facet normal -0.751787 0.659406 5.26671e-18
    outer loop
      vertex 35.748 -44.9695 5.55
      vertex 35.8515 -44.8515 6.4
      vertex 35.8515 -44.8515 5.55
    endloop
  endfacet
  facet normal -0.751787 0.659406 5.26671e-18
    outer loop
      vertex 35.8515 -44.8515 6.4
      vertex 35.748 -44.9695 5.55
      vertex 35.748 -44.9695 6.4
    endloop
  endfacet
  facet normal 0 0 1
    outer loop
      vertex 40.3 -44.5 6.4
      vertex 41.5 -45.7 6.4
      vertex 41.4897 -45.5434 6.4
    endloop
  endfacet
  facet normal 0 0 1
    outer loop
      vertex 41.5 -45.7 6.4
      vertex 35.5 -45.7 6.4
      vertex 41.5 -56.3 6.4
    endloop
  endfacet
  facet normal 0 0 1
    outer loop
      vertex 40.3 -44.5 6.4
      vertex 41.4897 -45.5434 6.4
      vertex 41.4591 -45.3894 6.4
    endloop
  endfacet
  facet normal 0 0 1
    outer loop
      vertex 35.5 -56.3 6.4
      vertex 41.5 -56.3 6.4
      vertex 35.5 -45.7 6.4
    endloop
  endfacet
  facet normal 0 0 1
    outer loop
      vertex 40.3 -44.5 6.4
      vertex 41.4591 -45.3894 6.4
      vertex 41.4086 -45.2408 6.4
    endloop
  endfacet
  facet normal 0 -0 1
    outer loop
      vertex 40.3 -57.5 6.4
      vertex 41.5 -56.3 6.4
      vertex 35.5 -56.3 6.4
    endloop
  endfacet
  facet normal 0 0 1
    outer loop
      vertex 40.3 -44.5 6.4
      vertex 41.4086 -45.2408 6.4
      vertex 41.3392 -45.1 6.4
    endloop
  endfacet
  facet normal 0 0 1
    outer loop
      vertex 41.5 -56.3 6.4
      vertex 40.3 -57.5 6.4
      vertex 41.4897 -56.4566 6.4
    endloop
  endfacet
  facet normal 0 0 1
    outer loop
      vertex 40.3 -44.5 6.4
      vertex 41.3392 -45.1 6.4
      vertex 41.252 -44.9695 6.4
    endloop
  endfacet
  facet normal 0 0 1
    outer loop
      vertex 41.4897 -56.4566 6.4
      vertex 40.3 -57.5 6.4
      vertex 41.4591 -56.6106 6.4
    endloop
  endfacet
  facet normal 0 0 1
    outer loop
      vertex 40.3 -44.5 6.4
      vertex 41.252 -44.9695 6.4
      vertex 41.1485 -44.8515 6.4
    endloop
  endfacet
  facet normal 0 0 1
    outer loop
      vertex 41.4591 -56.6106 6.4
      vertex 40.3 -57.5 6.4
      vertex 41.4086 -56.7592 6.4
    endloop
  endfacet
  facet normal 0 0 1
    outer loop
      vertex 40.3 -44.5 6.4
      vertex 41.1485 -44.8515 6.4
      vertex 41.0305 -44.748 6.4
    endloop
  endfacet
  facet normal 0 0 1
    outer loop
      vertex 41.4086 -56.7592 6.4
      vertex 40.3 -57.5 6.4
      vertex 41.3392 -56.9 6.4
    endloop
  endfacet
  facet normal 0 0 1
    outer loop
      vertex 40.3 -44.5 6.4
      vertex 41.0305 -44.748 6.4
      vertex 40.9 -44.6608 6.4
    endloop
  endfacet
  facet normal 0 0 1
    outer loop
      vertex 41.3392 -56.9 6.4
      vertex 40.3 -57.5 6.4
      vertex 41.252 -57.0305 6.4
    endloop
  endfacet
  facet normal 0 0 1
    outer loop
      vertex 40.3 -44.5 6.4
      vertex 40.9 -44.6608 6.4
      vertex 40.7592 -44.5914 6.4
    endloop
  endfacet
  facet normal 0 0 1
    outer loop
      vertex 41.252 -57.0305 6.4
      vertex 40.3 -57.5 6.4
      vertex 41.1485 -57.1485 6.4
    endloop
  endfacet
  facet normal 0 0 1
    outer loop
      vertex 40.3 -44.5 6.4
      vertex 40.7592 -44.5914 6.4
      vertex 40.6106 -44.5409 6.4
    endloop
  endfacet
  facet normal 0 0 1
    outer loop
      vertex 41.5 -45.7 6.4
      vertex 40.3 -44.5 6.4
      vertex 35.5 -45.7 6.4
    endloop
  endfacet
  facet normal 0 0 1
    outer loop
      vertex 40.3 -44.5 6.4
      vertex 40.6106 -44.5409 6.4
      vertex 40.4566 -44.5103 6.4
    endloop
  endfacet
  facet normal 0 0 1
    outer loop
      vertex 41.1485 -57.1485 6.4
      vertex 40.3 -57.5 6.4
      vertex 41.0305 -57.252 6.4
    endloop
  endfacet
  facet normal 0 0 1
    outer loop
      vertex 40.7592 -57.4086 6.4
      vertex 40.3 -57.5 6.4
      vertex 40.6106 -57.4591 6.4
    endloop
  endfacet
  facet normal 0 0 1
    outer loop
      vertex 40.6106 -57.4591 6.4
      vertex 40.3 -57.5 6.4
      vertex 40.4566 -57.4897 6.4
    endloop
  endfacet
  facet normal 0 0 1
    outer loop
      vertex 35.5 -45.7 6.4
      vertex 40.3 -44.5 6.4
      vertex 36.7 -44.5 6.4
    endloop
  endfacet
  facet normal 0 0 1
    outer loop
      vertex 41.0305 -57.252 6.4
      vertex 40.3 -57.5 6.4
      vertex 40.9 -57.3392 6.4
    endloop
  endfacet
  facet normal 0 0 1
    outer loop
      vertex 35.5 -45.7 6.4
      vertex 36.7 -44.5 6.4
      vertex 36.5434 -44.5103 6.4
    endloop
  endfacet
  facet normal 0 0 1
    outer loop
      vertex 40.9 -57.3392 6.4
      vertex 40.3 -57.5 6.4
      vertex 40.7592 -57.4086 6.4
    endloop
  endfacet
  facet normal 0 0 1
    outer loop
      vertex 35.5 -45.7 6.4
      vertex 36.5434 -44.5103 6.4
      vertex 36.3894 -44.5409 6.4
    endloop
  endfacet
  facet normal 0 0 1
    outer loop
      vertex 40.3 -57.5 6.4
      vertex 35.5 -56.3 6.4
      vertex 36.7 -57.5 6.4
    endloop
  endfacet
  facet normal 0 0 1
    outer loop
      vertex 35.5 -45.7 6.4
      vertex 36.3894 -44.5409 6.4
      vertex 36.2408 -44.5914 6.4
    endloop
  endfacet
  facet normal 0 0 1
    outer loop
      vertex 36.7 -57.5 6.4
      vertex 35.5 -56.3 6.4
      vertex 36.5434 -57.4897 6.4
    endloop
  endfacet
  facet normal 0 0 1
    outer loop
      vertex 35.5 -45.7 6.4
      vertex 36.2408 -44.5914 6.4
      vertex 36.1 -44.6608 6.4
    endloop
  endfacet
  facet normal 0 0 1
    outer loop
      vertex 36.5434 -57.4897 6.4
      vertex 35.5 -56.3 6.4
      vertex 36.3894 -57.4591 6.4
    endloop
  endfacet
  facet normal 0 0 1
    outer loop
      vertex 35.5 -45.7 6.4
      vertex 36.1 -44.6608 6.4
      vertex 35.9695 -44.748 6.4
    endloop
  endfacet
  facet normal 0 0 1
    outer loop
      vertex 36.3894 -57.4591 6.4
      vertex 35.5 -56.3 6.4
      vertex 36.2408 -57.4086 6.4
    endloop
  endfacet
  facet normal 0 0 1
    outer loop
      vertex 35.5 -45.7 6.4
      vertex 35.9695 -44.748 6.4
      vertex 35.8515 -44.8515 6.4
    endloop
  endfacet
  facet normal 0 0 1
    outer loop
      vertex 36.2408 -57.4086 6.4
      vertex 35.5 -56.3 6.4
      vertex 36.1 -57.3392 6.4
    endloop
  endfacet
  facet normal 0 0 1
    outer loop
      vertex 35.5 -45.7 6.4
      vertex 35.8515 -44.8515 6.4
      vertex 35.748 -44.9695 6.4
    endloop
  endfacet
  facet normal 0 0 1
    outer loop
      vertex 36.1 -57.3392 6.4
      vertex 35.5 -56.3 6.4
      vertex 35.9695 -57.252 6.4
    endloop
  endfacet
  facet normal 0 0 1
    outer loop
      vertex 35.5 -45.7 6.4
      vertex 35.748 -44.9695 6.4
      vertex 35.6608 -45.1 6.4
    endloop
  endfacet
  facet normal 0 0 1
    outer loop
      vertex 35.9695 -57.252 6.4
      vertex 35.5 -56.3 6.4
      vertex 35.8515 -57.1485 6.4
    endloop
  endfacet
  facet normal 0 0 1
    outer loop
      vertex 35.5 -45.7 6.4
      vertex 35.6608 -45.1 6.4
      vertex 35.5914 -45.2408 6.4
    endloop
  endfacet
  facet normal 0 0 1
    outer loop
      vertex 35.8515 -57.1485 6.4
      vertex 35.5 -56.3 6.4
      vertex 35.748 -57.0305 6.4
    endloop
  endfacet
  facet normal 0 0 1
    outer loop
      vertex 35.5 -45.7 6.4
      vertex 35.5914 -45.2408 6.4
      vertex 35.5409 -45.3894 6.4
    endloop
  endfacet
  facet normal 0 0 1
    outer loop
      vertex 35.748 -57.0305 6.4
      vertex 35.5 -56.3 6.4
      vertex 35.6608 -56.9 6.4
    endloop
  endfacet
  facet normal 0 0 1
    outer loop
      vertex 35.5 -45.7 6.4
      vertex 35.5409 -45.3894 6.4
      vertex 35.5103 -45.5434 6.4
    endloop
  endfacet
  facet normal 0 0 1
    outer loop
      vertex 35.6608 -56.9 6.4
      vertex 35.5 -56.3 6.4
      vertex 35.5914 -56.7592 6.4
    endloop
  endfacet
  facet normal 0 0 1
    outer loop
      vertex 35.5914 -56.7592 6.4
      vertex 35.5 -56.3 6.4
      vertex 35.5409 -56.6106 6.4
    endloop
  endfacet
  facet normal 0 0 1
    outer loop
      vertex 35.5409 -56.6106 6.4
      vertex 35.5 -56.3 6.4
      vertex 35.5103 -56.4566 6.4
    endloop
  endfacet
  facet normal 0.44211 -0.896961 0
    outer loop
      vertex 40.7592 -57.4086 2.4
      vertex 40.9 -57.3392 6.4
      vertex 40.7592 -57.4086 6.4
    endloop
  endfacet
  facet normal 0.44211 -0.896961 0
    outer loop
      vertex 40.9 -57.3392 6.4
      vertex 40.7592 -57.4086 2.4
      vertex 40.9 -57.3392 2.4
    endloop
  endfacet
  facet normal 0.194891 -0.980825 0
    outer loop
      vertex 40.4566 -57.4897 2.4
      vertex 40.6106 -57.4591 6.4
      vertex 40.4566 -57.4897 6.4
    endloop
  endfacet
  facet normal 0.194891 -0.980825 0
    outer loop
      vertex 40.6106 -57.4591 6.4
      vertex 40.4566 -57.4897 2.4
      vertex 40.6106 -57.4591 2.4
    endloop
  endfacet
  facet normal 0.896961 -0.44211 1.10106e-18
    outer loop
      vertex 41.3392 -56.9 6.4
      vertex 41.4086 -56.7592 2.4
      vertex 41.4086 -56.7592 6.4
    endloop
  endfacet
  facet normal 0.896961 -0.44211 1.10106e-18
    outer loop
      vertex 41.4086 -56.7592 2.4
      vertex 41.3392 -56.9 6.4
      vertex 41.3392 -56.9 2.4
    endloop
  endfacet
  facet normal -0.659406 0.751787 0
    outer loop
      vertex 35.9695 -44.748 5.55
      vertex 35.8515 -44.8515 6.4
      vertex 35.9695 -44.748 6.4
    endloop
  endfacet
  facet normal -0.659406 0.751787 0
    outer loop
      vertex 35.8515 -44.8515 6.4
      vertex 35.9695 -44.748 5.55
      vertex 35.8515 -44.8515 5.55
    endloop
  endfacet
  facet normal 0 0 1
    outer loop
      vertex -29.6 -10 6.8
      vertex -28.25 -10 6.8
      vertex -28.2821 -9.51053 6.8
    endloop
  endfacet
  facet normal 0 0 1
    outer loop
      vertex -29.6 -10 6.8
      vertex -28.2821 -9.51053 6.8
      vertex -28.3778 -9.02943 6.8
    endloop
  endfacet
  facet normal 0 0 1
    outer loop
      vertex -28.25 -10 6.8
      vertex -29.6 -10 6.8
      vertex -28.2821 -10.4895 6.8
    endloop
  endfacet
  facet normal 0 0 1
    outer loop
      vertex -29.6 -10 6.8
      vertex -28.3778 -9.02943 6.8
      vertex -28.5354 -8.56494 6.8
    endloop
  endfacet
  facet normal 0 0 1
    outer loop
      vertex -28.2821 -10.4895 6.8
      vertex -29.6 -10 6.8
      vertex -28.3778 -10.9706 6.8
    endloop
  endfacet
  facet normal 0 0 1
    outer loop
      vertex -29.6 -10 6.8
      vertex -28.5354 -8.56494 6.8
      vertex -28.7524 -8.125 6.8
    endloop
  endfacet
  facet normal 0 0 1
    outer loop
      vertex -28.3778 -10.9706 6.8
      vertex -29.6 -10 6.8
      vertex -28.5354 -11.4351 6.8
    endloop
  endfacet
  facet normal -0 0 1
    outer loop
      vertex -30.8 -7.92154 6.8
      vertex -28.7524 -8.125 6.8
      vertex -29.0249 -7.71714 6.8
    endloop
  endfacet
  facet normal 0 0 1
    outer loop
      vertex -28.5354 -11.4351 6.8
      vertex -29.6 -10 6.8
      vertex -28.7524 -11.875 6.8
    endloop
  endfacet
  facet normal 0 0 1
    outer loop
      vertex -30.8 -7.92154 6.8
      vertex -29.0249 -7.71714 6.8
      vertex -29.3483 -7.34835 6.8
    endloop
  endfacet
  facet normal 0 0 1
    outer loop
      vertex -30.8 -12.0785 6.8
      vertex -28.7524 -11.875 6.8
      vertex -29.6 -10 6.8
    endloop
  endfacet
  facet normal 0 0 1
    outer loop
      vertex -28.7524 -11.875 6.8
      vertex -30.8 -12.0785 6.8
      vertex -29.0249 -12.2829 6.8
    endloop
  endfacet
  facet normal 0 0 1
    outer loop
      vertex -30.8 -7.92154 6.8
      vertex -29.3483 -7.34835 6.8
      vertex -29.7171 -7.02493 6.8
    endloop
  endfacet
  facet normal 0 0 1
    outer loop
      vertex -30.8 -7.92154 6.8
      vertex -29.7171 -7.02493 6.8
      vertex -30.125 -6.75241 6.8
    endloop
  endfacet
  facet normal 0 0 1
    outer loop
      vertex -30.8 -7.92154 6.8
      vertex -30.125 -6.75241 6.8
      vertex -30.5649 -6.53545 6.8
    endloop
  endfacet
  facet normal 0 0 1
    outer loop
      vertex -28.7524 -8.125 6.8
      vertex -30.8 -7.92154 6.8
      vertex -29.6 -10 6.8
    endloop
  endfacet
  facet normal 0 0 1
    outer loop
      vertex -31.0294 -6.37778 6.8
      vertex -30.8 -7.92154 6.8
      vertex -30.5649 -6.53545 6.8
    endloop
  endfacet
  facet normal 0 0 1
    outer loop
      vertex -31.5105 -6.28208 6.8
      vertex -30.8 -7.92154 6.8
      vertex -31.0294 -6.37778 6.8
    endloop
  endfacet
  facet normal 0 0 1
    outer loop
      vertex -32 -6.25 6.8
      vertex -30.8 -7.92154 6.8
      vertex -31.5105 -6.28208 6.8
    endloop
  endfacet
  facet normal 0 0 1
    outer loop
      vertex -33.2 -7.92154 6.8
      vertex -32 -6.25 6.8
      vertex -32.4895 -6.28208 6.8
    endloop
  endfacet
  facet normal 0 0 1
    outer loop
      vertex -33.2 -7.92154 6.8
      vertex -32.4895 -6.28208 6.8
      vertex -32.9706 -6.37778 6.8
    endloop
  endfacet
  facet normal 0 0 1
    outer loop
      vertex -32 -6.25 6.8
      vertex -33.2 -7.92154 6.8
      vertex -30.8 -7.92154 6.8
    endloop
  endfacet
  facet normal -0 0 1
    outer loop
      vertex -33.4351 -6.53545 6.8
      vertex -33.2 -7.92154 6.8
      vertex -32.9706 -6.37778 6.8
    endloop
  endfacet
  facet normal -0 0 1
    outer loop
      vertex -33.875 -6.75241 6.8
      vertex -33.2 -7.92154 6.8
      vertex -33.4351 -6.53545 6.8
    endloop
  endfacet
  facet normal -0 0 1
    outer loop
      vertex -34.2829 -7.02493 6.8
      vertex -33.2 -7.92154 6.8
      vertex -33.875 -6.75241 6.8
    endloop
  endfacet
  facet normal -0 0 1
    outer loop
      vertex -34.6516 -7.34835 6.8
      vertex -33.2 -7.92154 6.8
      vertex -34.2829 -7.02493 6.8
    endloop
  endfacet
  facet normal -0 0 1
    outer loop
      vertex -34.9751 -7.71714 6.8
      vertex -33.2 -7.92154 6.8
      vertex -34.6516 -7.34835 6.8
    endloop
  endfacet
  facet normal 0 0 1
    outer loop
      vertex -29.0249 -12.2829 6.8
      vertex -30.8 -12.0785 6.8
      vertex -29.3483 -12.6517 6.8
    endloop
  endfacet
  facet normal 0 0 1
    outer loop
      vertex -29.3483 -12.6517 6.8
      vertex -30.8 -12.0785 6.8
      vertex -29.7171 -12.9751 6.8
    endloop
  endfacet
  facet normal 0 0 1
    outer loop
      vertex -29.7171 -12.9751 6.8
      vertex -30.8 -12.0785 6.8
      vertex -30.125 -13.2476 6.8
    endloop
  endfacet
  facet normal 0 0 1
    outer loop
      vertex -30.125 -13.2476 6.8
      vertex -30.8 -12.0785 6.8
      vertex -30.5649 -13.4645 6.8
    endloop
  endfacet
  facet normal 0 0 1
    outer loop
      vertex -30.8 -12.0785 6.8
      vertex -31.0294 -13.6222 6.8
      vertex -30.5649 -13.4645 6.8
    endloop
  endfacet
  facet normal 0 0 1
    outer loop
      vertex -30.8 -12.0785 6.8
      vertex -31.5105 -13.7179 6.8
      vertex -31.0294 -13.6222 6.8
    endloop
  endfacet
  facet normal 0 0 1
    outer loop
      vertex -30.8 -12.0785 6.8
      vertex -32 -13.75 6.8
      vertex -31.5105 -13.7179 6.8
    endloop
  endfacet
  facet normal -0 0 1
    outer loop
      vertex -33.2 -12.0785 6.8
      vertex -32 -13.75 6.8
      vertex -30.8 -12.0785 6.8
    endloop
  endfacet
  facet normal 0 0 1
    outer loop
      vertex -32 -13.75 6.8
      vertex -33.2 -12.0785 6.8
      vertex -32.4895 -13.7179 6.8
    endloop
  endfacet
  facet normal 0 0 1
    outer loop
      vertex -32.4895 -13.7179 6.8
      vertex -33.2 -12.0785 6.8
      vertex -32.9706 -13.6222 6.8
    endloop
  endfacet
  facet normal 0 0 1
    outer loop
      vertex -33.2 -12.0785 6.8
      vertex -33.4351 -13.4645 6.8
      vertex -32.9706 -13.6222 6.8
    endloop
  endfacet
  facet normal 0 0 1
    outer loop
      vertex -33.2 -12.0785 6.8
      vertex -33.875 -13.2476 6.8
      vertex -33.4351 -13.4645 6.8
    endloop
  endfacet
  facet normal 0 0 1
    outer loop
      vertex -33.2 -12.0785 6.8
      vertex -34.2829 -12.9751 6.8
      vertex -33.875 -13.2476 6.8
    endloop
  endfacet
  facet normal -0 0 1
    outer loop
      vertex -35.2476 -11.875 6.8
      vertex -33.2 -12.0785 6.8
      vertex -34.4 -10 6.8
    endloop
  endfacet
  facet normal 0 0 1
    outer loop
      vertex -35.2476 -8.125 6.8
      vertex -33.2 -7.92154 6.8
      vertex -34.9751 -7.71714 6.8
    endloop
  endfacet
  facet normal 0 0 1
    outer loop
      vertex -33.2 -12.0785 6.8
      vertex -34.6516 -12.6517 6.8
      vertex -34.2829 -12.9751 6.8
    endloop
  endfacet
  facet normal 0 0 1
    outer loop
      vertex -33.2 -7.92154 6.8
      vertex -35.2476 -8.125 6.8
      vertex -34.4 -10 6.8
    endloop
  endfacet
  facet normal 0 0 1
    outer loop
      vertex -33.2 -12.0785 6.8
      vertex -34.9751 -12.2829 6.8
      vertex -34.6516 -12.6517 6.8
    endloop
  endfacet
  facet normal -0 0 1
    outer loop
      vertex -35.4645 -8.56494 6.8
      vertex -34.4 -10 6.8
      vertex -35.2476 -8.125 6.8
    endloop
  endfacet
  facet normal 0 0 1
    outer loop
      vertex -33.2 -12.0785 6.8
      vertex -35.2476 -11.875 6.8
      vertex -34.9751 -12.2829 6.8
    endloop
  endfacet
  facet normal -0 0 1
    outer loop
      vertex -35.6222 -9.02943 6.8
      vertex -34.4 -10 6.8
      vertex -35.4645 -8.56494 6.8
    endloop
  endfacet
  facet normal 0 0 1
    outer loop
      vertex -34.4 -10 6.8
      vertex -35.4645 -11.4351 6.8
      vertex -35.2476 -11.875 6.8
    endloop
  endfacet
  facet normal -0 0 1
    outer loop
      vertex -35.7179 -9.51053 6.8
      vertex -34.4 -10 6.8
      vertex -35.6222 -9.02943 6.8
    endloop
  endfacet
  facet normal 0 0 1
    outer loop
      vertex -34.4 -10 6.8
      vertex -35.6222 -10.9706 6.8
      vertex -35.4645 -11.4351 6.8
    endloop
  endfacet
  facet normal 0 0 1
    outer loop
      vertex -35.75 -10 6.8
      vertex -34.4 -10 6.8
      vertex -35.7179 -9.51053 6.8
    endloop
  endfacet
  facet normal 0 0 1
    outer loop
      vertex -34.4 -10 6.8
      vertex -35.7179 -10.4895 6.8
      vertex -35.6222 -10.9706 6.8
    endloop
  endfacet
  facet normal 0 0 1
    outer loop
      vertex -34.4 -10 6.8
      vertex -35.75 -10 6.8
      vertex -35.7179 -10.4895 6.8
    endloop
  endfacet
  facet normal 0.0654366 -0.997857 0
    outer loop
      vertex -32 -13.75 2.4
      vertex -31.5105 -13.7179 6.8
      vertex -32 -13.75 6.8
    endloop
  endfacet
  facet normal 0.0654366 -0.997857 0
    outer loop
      vertex -31.5105 -13.7179 6.8
      vertex -32 -13.75 2.4
      vertex -31.5105 -13.7179 2.4
    endloop
  endfacet
  facet normal 0.980784 0.195097 -3.01443e-19
    outer loop
      vertex -28.2821 -9.51053 6.8
      vertex -28.3778 -9.02943 2.4
      vertex -28.3778 -9.02943 6.8
    endloop
  endfacet
  facet normal 0.980784 0.195097 -3.01443e-19
    outer loop
      vertex -28.3778 -9.02943 2.4
      vertex -28.2821 -9.51053 6.8
      vertex -28.2821 -9.51053 2.4
    endloop
  endfacet
  facet normal 0.997856 0.0654406 1.5129e-19
    outer loop
      vertex -28.25 -10 6.8
      vertex -28.2821 -9.51053 2.4
      vertex -28.2821 -9.51053 6.8
    endloop
  endfacet
  facet normal 0.997856 0.0654406 1.5129e-19
    outer loop
      vertex -28.2821 -9.51053 2.4
      vertex -28.25 -10 6.8
      vertex -28.25 -10 2.4
    endloop
  endfacet
  facet normal 0.946975 0.321306 -1.67522e-18
    outer loop
      vertex -28.3778 -9.02943 6.8
      vertex -28.5354 -8.56494 2.4
      vertex -28.5354 -8.56494 6.8
    endloop
  endfacet
  facet normal 0.946975 0.321306 -1.67522e-18
    outer loop
      vertex -28.5354 -8.56494 2.4
      vertex -28.3778 -9.02943 6.8
      vertex -28.3778 -9.02943 2.4
    endloop
  endfacet
  facet normal 0.442232 -0.896901 0
    outer loop
      vertex -30.5649 -13.4645 2.4
      vertex -30.125 -13.2476 6.8
      vertex -30.5649 -13.4645 6.8
    endloop
  endfacet
  facet normal 0.442232 -0.896901 0
    outer loop
      vertex -30.125 -13.2476 6.8
      vertex -30.5649 -13.4645 2.4
      vertex -30.125 -13.2476 2.4
    endloop
  endfacet
  facet normal 0.195097 0.980784 -0
    outer loop
      vertex -31.0294 -6.37778 2.4
      vertex -31.5105 -6.28208 6.8
      vertex -31.0294 -6.37778 6.8
    endloop
  endfacet
  facet normal 0.195097 0.980784 0
    outer loop
      vertex -31.5105 -6.28208 6.8
      vertex -31.0294 -6.37778 2.4
      vertex -31.5105 -6.28208 2.4
    endloop
  endfacet
  facet normal 0.555528 0.831498 -0
    outer loop
      vertex -29.7171 -7.02493 2.4
      vertex -30.125 -6.75241 6.8
      vertex -29.7171 -7.02493 6.8
    endloop
  endfacet
  facet normal 0.555528 0.831498 0
    outer loop
      vertex -30.125 -6.75241 6.8
      vertex -29.7171 -7.02493 2.4
      vertex -30.125 -6.75241 2.4
    endloop
  endfacet
  facet normal 0.896836 0.442363 -2.91113e-18
    outer loop
      vertex -28.5354 -8.56494 6.8
      vertex -28.7524 -8.125 2.4
      vertex -28.7524 -8.125 6.8
    endloop
  endfacet
  facet normal 0.896836 0.442363 -2.91113e-18
    outer loop
      vertex -28.7524 -8.125 2.4
      vertex -28.5354 -8.56494 6.8
      vertex -28.5354 -8.56494 2.4
    endloop
  endfacet
  facet normal -0.946913 0.321489 1.10633e-18
    outer loop
      vertex -35.6222 -9.02943 2.4
      vertex -35.4645 -8.56494 6.8
      vertex -35.4645 -8.56494 2.4
    endloop
  endfacet
  facet normal -0.946913 0.321489 1.10633e-18
    outer loop
      vertex -35.4645 -8.56494 6.8
      vertex -35.6222 -9.02943 2.4
      vertex -35.6222 -9.02943 6.8
    endloop
  endfacet
  facet normal 0.44233 0.896852 -0
    outer loop
      vertex -30.125 -6.75241 2.4
      vertex -30.5649 -6.53545 6.8
      vertex -30.125 -6.75241 6.8
    endloop
  endfacet
  facet normal 0.44233 0.896852 0
    outer loop
      vertex -30.5649 -6.53545 6.8
      vertex -30.125 -6.75241 2.4
      vertex -30.5649 -6.53545 2.4
    endloop
  endfacet
  facet normal 0.831492 0.555537 -1.07226e-18
    outer loop
      vertex -28.7524 -8.125 6.8
      vertex -29.0249 -7.71714 2.4
      vertex -29.0249 -7.71714 6.8
    endloop
  endfacet
  facet normal 0.831492 0.555537 -1.07226e-18
    outer loop
      vertex -29.0249 -7.71714 2.4
      vertex -28.7524 -8.125 6.8
      vertex -28.7524 -8.125 2.4
    endloop
  endfacet
  facet normal -0.831517 -0.5555 1.92004e-18
    outer loop
      vertex -34.9751 -12.2829 2.4
      vertex -35.2476 -11.875 6.8
      vertex -35.2476 -11.875 2.4
    endloop
  endfacet
  facet normal -0.831517 -0.5555 1.92004e-18
    outer loop
      vertex -35.2476 -11.875 6.8
      vertex -34.9751 -12.2829 2.4
      vertex -34.9751 -12.2829 6.8
    endloop
  endfacet
  facet normal 0.89682 -0.442396 8.62479e-19
    outer loop
      vertex -28.7524 -11.875 6.8
      vertex -28.5354 -11.4351 2.4
      vertex -28.5354 -11.4351 6.8
    endloop
  endfacet
  facet normal 0.89682 -0.442396 8.62479e-19
    outer loop
      vertex -28.5354 -11.4351 2.4
      vertex -28.7524 -11.875 6.8
      vertex -28.7524 -11.875 2.4
    endloop
  endfacet
  facet normal -0.555528 0.831498 0
    outer loop
      vertex -33.875 -6.75241 2.4
      vertex -34.2829 -7.02493 6.8
      vertex -33.875 -6.75241 6.8
    endloop
  endfacet
  facet normal -0.555528 0.831498 0
    outer loop
      vertex -34.2829 -7.02493 6.8
      vertex -33.875 -6.75241 2.4
      vertex -34.2829 -7.02493 2.4
    endloop
  endfacet
  facet normal -0.946916 -0.321482 8.55762e-19
    outer loop
      vertex -35.4645 -11.4351 2.4
      vertex -35.6222 -10.9706 6.8
      vertex -35.6222 -10.9706 2.4
    endloop
  endfacet
  facet normal -0.946916 -0.321482 8.55762e-19
    outer loop
      vertex -35.6222 -10.9706 6.8
      vertex -35.4645 -11.4351 2.4
      vertex -35.4645 -11.4351 6.8
    endloop
  endfacet
  facet normal -0.997857 -0.0654366 -7.94882e-19
    outer loop
      vertex -35.7179 -10.4895 2.4
      vertex -35.75 -10 6.8
      vertex -35.75 -10 2.4
    endloop
  endfacet
  facet normal -0.997857 -0.0654366 -7.94882e-19
    outer loop
      vertex -35.75 -10 6.8
      vertex -35.7179 -10.4895 2.4
      vertex -35.7179 -10.4895 6.8
    endloop
  endfacet
  facet normal -0.195097 0.980784 0
    outer loop
      vertex -32.4895 -6.28208 2.4
      vertex -32.9706 -6.37778 6.8
      vertex -32.4895 -6.28208 6.8
    endloop
  endfacet
  facet normal -0.195097 0.980784 0
    outer loop
      vertex -32.9706 -6.37778 6.8
      vertex -32.4895 -6.28208 2.4
      vertex -32.9706 -6.37778 2.4
    endloop
  endfacet
  facet normal -0.321428 0.946934 0
    outer loop
      vertex -32.9706 -6.37778 2.4
      vertex -33.4351 -6.53545 6.8
      vertex -32.9706 -6.37778 6.8
    endloop
  endfacet
  facet normal -0.321428 0.946934 0
    outer loop
      vertex -33.4351 -6.53545 6.8
      vertex -32.9706 -6.37778 2.4
      vertex -33.4351 -6.53545 2.4
    endloop
  endfacet
  facet normal 0.751869 -0.659312 1.64813e-18
    outer loop
      vertex -29.3483 -12.6517 6.8
      vertex -29.0249 -12.2829 2.4
      vertex -29.0249 -12.2829 6.8
    endloop
  endfacet
  facet normal 0.751869 -0.659312 1.64813e-18
    outer loop
      vertex -29.0249 -12.2829 2.4
      vertex -29.3483 -12.6517 6.8
      vertex -29.3483 -12.6517 2.4
    endloop
  endfacet
  facet normal -0.0654366 -0.997857 0
    outer loop
      vertex -32.4895 -13.7179 2.4
      vertex -32 -13.75 6.8
      vertex -32.4895 -13.7179 6.8
    endloop
  endfacet
  facet normal -0.0654366 -0.997857 -0
    outer loop
      vertex -32 -13.75 6.8
      vertex -32.4895 -13.7179 2.4
      vertex -32 -13.75 2.4
    endloop
  endfacet
  facet normal -0.659414 -0.75178 0
    outer loop
      vertex -34.6516 -12.6517 2.4
      vertex -34.2829 -12.9751 6.8
      vertex -34.6516 -12.6517 6.8
    endloop
  endfacet
  facet normal -0.659414 -0.75178 -0
    outer loop
      vertex -34.2829 -12.9751 6.8
      vertex -34.6516 -12.6517 2.4
      vertex -34.2829 -12.9751 2.4
    endloop
  endfacet
  facet normal 0.659312 -0.751869 0
    outer loop
      vertex -29.7171 -12.9751 2.4
      vertex -29.3483 -12.6517 6.8
      vertex -29.7171 -12.9751 6.8
    endloop
  endfacet
  facet normal 0.659312 -0.751869 0
    outer loop
      vertex -29.3483 -12.6517 6.8
      vertex -29.7171 -12.9751 2.4
      vertex -29.3483 -12.6517 2.4
    endloop
  endfacet
  facet normal -0.44233 0.896852 0
    outer loop
      vertex -33.4351 -6.53545 2.4
      vertex -33.875 -6.75241 6.8
      vertex -33.4351 -6.53545 6.8
    endloop
  endfacet
  facet normal -0.44233 0.896852 0
    outer loop
      vertex -33.875 -6.75241 6.8
      vertex -33.4351 -6.53545 2.4
      vertex -33.875 -6.75241 2.4
    endloop
  endfacet
  facet normal 0.946978 -0.3213 -5.94579e-19
    outer loop
      vertex -28.5354 -11.4351 6.8
      vertex -28.3778 -10.9706 2.4
      vertex -28.3778 -10.9706 6.8
    endloop
  endfacet
  facet normal 0.946978 -0.3213 -5.94579e-19
    outer loop
      vertex -28.3778 -10.9706 2.4
      vertex -28.5354 -11.4351 6.8
      vertex -28.5354 -11.4351 2.4
    endloop
  endfacet
  facet normal 0.659336 0.751849 -0
    outer loop
      vertex -29.3483 -7.34835 2.4
      vertex -29.7171 -7.02493 6.8
      vertex -29.3483 -7.34835 6.8
    endloop
  endfacet
  facet normal 0.659336 0.751849 0
    outer loop
      vertex -29.7171 -7.02493 6.8
      vertex -29.3483 -7.34835 2.4
      vertex -29.7171 -7.02493 2.4
    endloop
  endfacet
  facet normal 0.75186 0.659323 1.78567e-18
    outer loop
      vertex -29.0249 -7.71714 6.8
      vertex -29.3483 -7.34835 2.4
      vertex -29.3483 -7.34835 6.8
    endloop
  endfacet
  facet normal 0.75186 0.659323 1.78567e-18
    outer loop
      vertex -29.3483 -7.34835 2.4
      vertex -29.0249 -7.71714 6.8
      vertex -29.0249 -7.71714 2.4
    endloop
  endfacet
  facet normal 0.195097 -0.980784 0
    outer loop
      vertex -31.5105 -13.7179 2.4
      vertex -31.0294 -13.6222 6.8
      vertex -31.5105 -13.7179 6.8
    endloop
  endfacet
  facet normal 0.195097 -0.980784 0
    outer loop
      vertex -31.0294 -13.6222 6.8
      vertex -31.5105 -13.7179 2.4
      vertex -31.0294 -13.6222 2.4
    endloop
  endfacet
  facet normal -0.751759 0.659438 -8.92727e-19
    outer loop
      vertex -34.9751 -7.71714 2.4
      vertex -34.6516 -7.34835 6.8
      vertex -34.6516 -7.34835 2.4
    endloop
  endfacet
  facet normal -0.751759 0.659438 -8.92727e-19
    outer loop
      vertex -34.6516 -7.34835 6.8
      vertex -34.9751 -7.71714 2.4
      vertex -34.9751 -7.71714 6.8
    endloop
  endfacet
  facet normal 0.5555 -0.831517 0
    outer loop
      vertex -30.125 -13.2476 2.4
      vertex -29.7171 -12.9751 6.8
      vertex -30.125 -13.2476 6.8
    endloop
  endfacet
  facet normal 0.5555 -0.831517 0
    outer loop
      vertex -29.7171 -12.9751 6.8
      vertex -30.125 -13.2476 2.4
      vertex -29.7171 -12.9751 2.4
    endloop
  endfacet
  facet normal -0.896901 -0.442232 -4.7353e-19
    outer loop
      vertex -35.2476 -11.875 2.4
      vertex -35.4645 -11.4351 6.8
      vertex -35.4645 -11.4351 2.4
    endloop
  endfacet
  facet normal -0.896901 -0.442232 -4.7353e-19
    outer loop
      vertex -35.4645 -11.4351 6.8
      vertex -35.2476 -11.875 2.4
      vertex -35.2476 -11.875 6.8
    endloop
  endfacet
  facet normal 0.831517 -0.5555 1.79371e-18
    outer loop
      vertex -29.0249 -12.2829 6.8
      vertex -28.7524 -11.875 2.4
      vertex -28.7524 -11.875 6.8
    endloop
  endfacet
  facet normal 0.831517 -0.5555 1.79371e-18
    outer loop
      vertex -28.7524 -11.875 2.4
      vertex -29.0249 -12.2829 6.8
      vertex -29.0249 -12.2829 2.4
    endloop
  endfacet
  facet normal -0.896917 0.442199 1.53903e-18
    outer loop
      vertex -35.4645 -8.56494 2.4
      vertex -35.2476 -8.125 6.8
      vertex -35.2476 -8.125 2.4
    endloop
  endfacet
  facet normal -0.896917 0.442199 1.53903e-18
    outer loop
      vertex -35.2476 -8.125 6.8
      vertex -35.4645 -8.56494 2.4
      vertex -35.4645 -8.56494 6.8
    endloop
  endfacet
  facet normal 0.321428 0.946934 -0
    outer loop
      vertex -30.5649 -6.53545 2.4
      vertex -31.0294 -6.37778 6.8
      vertex -30.5649 -6.53545 6.8
    endloop
  endfacet
  facet normal 0.321428 0.946934 0
    outer loop
      vertex -31.0294 -6.37778 6.8
      vertex -30.5649 -6.53545 2.4
      vertex -31.0294 -6.37778 2.4
    endloop
  endfacet
  facet normal -0.065396 0.997859 0
    outer loop
      vertex -32 -6.25 2.4
      vertex -32.4895 -6.28208 6.8
      vertex -32 -6.25 6.8
    endloop
  endfacet
  facet normal -0.065396 0.997859 0
    outer loop
      vertex -32.4895 -6.28208 6.8
      vertex -32 -6.25 2.4
      vertex -32.4895 -6.28208 2.4
    endloop
  endfacet
  facet normal -0.997856 0.0654406 -1.5129e-19
    outer loop
      vertex -35.75 -10 2.4
      vertex -35.7179 -9.51053 6.8
      vertex -35.7179 -9.51053 2.4
    endloop
  endfacet
  facet normal -0.997856 0.0654406 -1.5129e-19
    outer loop
      vertex -35.7179 -9.51053 6.8
      vertex -35.75 -10 2.4
      vertex -35.75 -10 6.8
    endloop
  endfacet
  facet normal 0.980784 -0.195097 3.01443e-19
    outer loop
      vertex -28.3778 -10.9706 6.8
      vertex -28.2821 -10.4895 2.4
      vertex -28.2821 -10.4895 6.8
    endloop
  endfacet
  facet normal 0.980784 -0.195097 3.01443e-19
    outer loop
      vertex -28.2821 -10.4895 2.4
      vertex -28.3778 -10.9706 6.8
      vertex -28.3778 -10.9706 2.4
    endloop
  endfacet
  facet normal 0.997857 -0.0654366 7.94882e-19
    outer loop
      vertex -28.2821 -10.4895 6.8
      vertex -28.25 -10 2.4
      vertex -28.25 -10 6.8
    endloop
  endfacet
  facet normal 0.997857 -0.0654366 7.94882e-19
    outer loop
      vertex -28.25 -10 2.4
      vertex -28.2821 -10.4895 6.8
      vertex -28.2821 -10.4895 2.4
    endloop
  endfacet
  facet normal -0.659437 0.75176 0
    outer loop
      vertex -34.2829 -7.02493 2.4
      vertex -34.6516 -7.34835 6.8
      vertex -34.2829 -7.02493 6.8
    endloop
  endfacet
  facet normal -0.659437 0.75176 0
    outer loop
      vertex -34.6516 -7.34835 6.8
      vertex -34.2829 -7.02493 2.4
      vertex -34.6516 -7.34835 2.4
    endloop
  endfacet
  facet normal -0.442232 -0.896901 0
    outer loop
      vertex -33.875 -13.2476 2.4
      vertex -33.4351 -13.4645 6.8
      vertex -33.875 -13.2476 6.8
    endloop
  endfacet
  facet normal -0.442232 -0.896901 -0
    outer loop
      vertex -33.4351 -13.4645 6.8
      vertex -33.875 -13.2476 2.4
      vertex -33.4351 -13.4645 2.4
    endloop
  endfacet
  facet normal 0.065396 0.997859 -0
    outer loop
      vertex -31.5105 -6.28208 2.4
      vertex -32 -6.25 6.8
      vertex -31.5105 -6.28208 6.8
    endloop
  endfacet
  facet normal 0.065396 0.997859 0
    outer loop
      vertex -32 -6.25 6.8
      vertex -31.5105 -6.28208 2.4
      vertex -32 -6.25 2.4
    endloop
  endfacet
  facet normal -0.980784 -0.195097 -3.01443e-19
    outer loop
      vertex -35.6222 -10.9706 2.4
      vertex -35.7179 -10.4895 6.8
      vertex -35.7179 -10.4895 2.4
    endloop
  endfacet
  facet normal -0.980784 -0.195097 -3.01443e-19
    outer loop
      vertex -35.7179 -10.4895 6.8
      vertex -35.6222 -10.9706 2.4
      vertex -35.6222 -10.9706 6.8
    endloop
  endfacet
  facet normal 0.321482 -0.946916 0
    outer loop
      vertex -31.0294 -13.6222 2.4
      vertex -30.5649 -13.4645 6.8
      vertex -31.0294 -13.6222 6.8
    endloop
  endfacet
  facet normal 0.321482 -0.946916 0
    outer loop
      vertex -30.5649 -13.4645 6.8
      vertex -31.0294 -13.6222 2.4
      vertex -30.5649 -13.4645 2.4
    endloop
  endfacet
  facet normal -0.321482 -0.946916 0
    outer loop
      vertex -33.4351 -13.4645 2.4
      vertex -32.9706 -13.6222 6.8
      vertex -33.4351 -13.4645 6.8
    endloop
  endfacet
  facet normal -0.321482 -0.946916 -0
    outer loop
      vertex -32.9706 -13.6222 6.8
      vertex -33.4351 -13.4645 2.4
      vertex -32.9706 -13.6222 2.4
    endloop
  endfacet
  facet normal -0.751768 -0.659428 -2.79052e-18
    outer loop
      vertex -34.6516 -12.6517 2.4
      vertex -34.9751 -12.2829 6.8
      vertex -34.9751 -12.2829 2.4
    endloop
  endfacet
  facet normal -0.751768 -0.659428 -2.79052e-18
    outer loop
      vertex -34.9751 -12.2829 6.8
      vertex -34.6516 -12.6517 2.4
      vertex -34.6516 -12.6517 6.8
    endloop
  endfacet
  facet normal -0.5555 -0.831517 0
    outer loop
      vertex -34.2829 -12.9751 2.4
      vertex -33.875 -13.2476 6.8
      vertex -34.2829 -12.9751 6.8
    endloop
  endfacet
  facet normal -0.5555 -0.831517 -0
    outer loop
      vertex -33.875 -13.2476 6.8
      vertex -34.2829 -12.9751 2.4
      vertex -33.875 -13.2476 2.4
    endloop
  endfacet
  facet normal -0.195097 -0.980784 0
    outer loop
      vertex -32.9706 -13.6222 2.4
      vertex -32.4895 -13.7179 6.8
      vertex -32.9706 -13.6222 6.8
    endloop
  endfacet
  facet normal -0.195097 -0.980784 -0
    outer loop
      vertex -32.4895 -13.7179 6.8
      vertex -32.9706 -13.6222 2.4
      vertex -32.4895 -13.7179 2.4
    endloop
  endfacet
  facet normal -0.980784 0.195097 3.01443e-19
    outer loop
      vertex -35.7179 -9.51053 2.4
      vertex -35.6222 -9.02943 6.8
      vertex -35.6222 -9.02943 2.4
    endloop
  endfacet
  facet normal -0.980784 0.195097 3.01443e-19
    outer loop
      vertex -35.6222 -9.02943 6.8
      vertex -35.7179 -9.51053 2.4
      vertex -35.7179 -9.51053 6.8
    endloop
  endfacet
  facet normal -0.831492 0.555537 -2.70758e-18
    outer loop
      vertex -35.2476 -8.125 2.4
      vertex -34.9751 -7.71714 6.8
      vertex -34.9751 -7.71714 2.4
    endloop
  endfacet
  facet normal -0.831492 0.555537 -2.70758e-18
    outer loop
      vertex -34.9751 -7.71714 6.8
      vertex -35.2476 -8.125 2.4
      vertex -35.2476 -8.125 6.8
    endloop
  endfacet
  facet normal 0.659437 0.75176 -0
    outer loop
      vertex 28.6516 -7.34835 2.4
      vertex 28.2829 -7.02493 6.8
      vertex 28.6516 -7.34835 6.8
    endloop
  endfacet
  facet normal 0.659437 0.75176 0
    outer loop
      vertex 28.2829 -7.02493 6.8
      vertex 28.6516 -7.34835 2.4
      vertex 28.2829 -7.02493 2.4
    endloop
  endfacet
  facet normal 0.321482 -0.946916 0
    outer loop
      vertex 26.9706 -13.6222 2.4
      vertex 27.4351 -13.4645 6.8
      vertex 26.9706 -13.6222 6.8
    endloop
  endfacet
  facet normal 0.321482 -0.946916 0
    outer loop
      vertex 27.4351 -13.4645 6.8
      vertex 26.9706 -13.6222 2.4
      vertex 27.4351 -13.4645 2.4
    endloop
  endfacet
  facet normal 0.980784 0.195097 -3.01443e-19
    outer loop
      vertex 29.7179 -9.51053 6.8
      vertex 29.6222 -9.02943 2.4
      vertex 29.6222 -9.02943 6.8
    endloop
  endfacet
  facet normal 0.980784 0.195097 -3.01443e-19
    outer loop
      vertex 29.6222 -9.02943 2.4
      vertex 29.7179 -9.51053 6.8
      vertex 29.7179 -9.51053 2.4
    endloop
  endfacet
  facet normal 0.997856 0.0654406 1.5129e-19
    outer loop
      vertex 29.75 -10 6.8
      vertex 29.7179 -9.51053 2.4
      vertex 29.7179 -9.51053 6.8
    endloop
  endfacet
  facet normal 0.997856 0.0654406 1.5129e-19
    outer loop
      vertex 29.7179 -9.51053 2.4
      vertex 29.75 -10 6.8
      vertex 29.75 -10 2.4
    endloop
  endfacet
  facet normal 0.946913 0.321489 -1.10633e-18
    outer loop
      vertex 29.6222 -9.02943 6.8
      vertex 29.4645 -8.56494 2.4
      vertex 29.4645 -8.56494 6.8
    endloop
  endfacet
  facet normal 0.946913 0.321489 -1.10633e-18
    outer loop
      vertex 29.4645 -8.56494 2.4
      vertex 29.6222 -9.02943 6.8
      vertex 29.6222 -9.02943 2.4
    endloop
  endfacet
  facet normal 0.442232 -0.896901 0
    outer loop
      vertex 27.4351 -13.4645 2.4
      vertex 27.875 -13.2476 6.8
      vertex 27.4351 -13.4645 6.8
    endloop
  endfacet
  facet normal 0.442232 -0.896901 0
    outer loop
      vertex 27.875 -13.2476 6.8
      vertex 27.4351 -13.4645 2.4
      vertex 27.875 -13.2476 2.4
    endloop
  endfacet
  facet normal -0.659336 0.751849 0
    outer loop
      vertex 23.7171 -7.02493 2.4
      vertex 23.3483 -7.34835 6.8
      vertex 23.7171 -7.02493 6.8
    endloop
  endfacet
  facet normal -0.659336 0.751849 0
    outer loop
      vertex 23.3483 -7.34835 6.8
      vertex 23.7171 -7.02493 2.4
      vertex 23.3483 -7.34835 2.4
    endloop
  endfacet
  facet normal -0.321482 -0.946916 0
    outer loop
      vertex 24.5649 -13.4645 2.4
      vertex 25.0294 -13.6222 6.8
      vertex 24.5649 -13.4645 6.8
    endloop
  endfacet
  facet normal -0.321482 -0.946916 -0
    outer loop
      vertex 25.0294 -13.6222 6.8
      vertex 24.5649 -13.4645 2.4
      vertex 25.0294 -13.6222 2.4
    endloop
  endfacet
  facet normal 0.321428 0.946934 -0
    outer loop
      vertex 27.4351 -6.53545 2.4
      vertex 26.9706 -6.37778 6.8
      vertex 27.4351 -6.53545 6.8
    endloop
  endfacet
  facet normal 0.321428 0.946934 0
    outer loop
      vertex 26.9706 -6.37778 6.8
      vertex 27.4351 -6.53545 2.4
      vertex 26.9706 -6.37778 2.4
    endloop
  endfacet
  facet normal 0.5555 -0.831517 0
    outer loop
      vertex 27.875 -13.2476 2.4
      vertex 28.2829 -12.9751 6.8
      vertex 27.875 -13.2476 6.8
    endloop
  endfacet
  facet normal 0.5555 -0.831517 0
    outer loop
      vertex 28.2829 -12.9751 6.8
      vertex 27.875 -13.2476 2.4
      vertex 28.2829 -12.9751 2.4
    endloop
  endfacet
  facet normal -0.555528 0.831498 0
    outer loop
      vertex 24.125 -6.75241 2.4
      vertex 23.7171 -7.02493 6.8
      vertex 24.125 -6.75241 6.8
    endloop
  endfacet
  facet normal -0.555528 0.831498 0
    outer loop
      vertex 23.7171 -7.02493 6.8
      vertex 24.125 -6.75241 2.4
      vertex 23.7171 -7.02493 2.4
    endloop
  endfacet
  facet normal 0.896917 0.442199 -1.53903e-18
    outer loop
      vertex 29.4645 -8.56494 6.8
      vertex 29.2476 -8.125 2.4
      vertex 29.2476 -8.125 6.8
    endloop
  endfacet
  facet normal 0.896917 0.442199 -1.53903e-18
    outer loop
      vertex 29.2476 -8.125 2.4
      vertex 29.4645 -8.56494 6.8
      vertex 29.4645 -8.56494 2.4
    endloop
  endfacet
  facet normal 0.195097 0.980784 -0
    outer loop
      vertex 26.9706 -6.37778 2.4
      vertex 26.4895 -6.28208 6.8
      vertex 26.9706 -6.37778 6.8
    endloop
  endfacet
  facet normal 0.195097 0.980784 0
    outer loop
      vertex 26.4895 -6.28208 6.8
      vertex 26.9706 -6.37778 2.4
      vertex 26.4895 -6.28208 2.4
    endloop
  endfacet
  facet normal 0.831517 -0.5555 1.79371e-18
    outer loop
      vertex 28.9751 -12.2829 6.8
      vertex 29.2476 -11.875 2.4
      vertex 29.2476 -11.875 6.8
    endloop
  endfacet
  facet normal 0.831517 -0.5555 1.79371e-18
    outer loop
      vertex 29.2476 -11.875 2.4
      vertex 28.9751 -12.2829 6.8
      vertex 28.9751 -12.2829 2.4
    endloop
  endfacet
  facet normal -0.065396 0.997859 0
    outer loop
      vertex 26 -6.25 2.4
      vertex 25.5105 -6.28208 6.8
      vertex 26 -6.25 6.8
    endloop
  endfacet
  facet normal -0.065396 0.997859 0
    outer loop
      vertex 25.5105 -6.28208 6.8
      vertex 26 -6.25 2.4
      vertex 25.5105 -6.28208 2.4
    endloop
  endfacet
  facet normal 0.946916 -0.321482 -8.55762e-19
    outer loop
      vertex 29.4645 -11.4351 6.8
      vertex 29.6222 -10.9706 2.4
      vertex 29.6222 -10.9706 6.8
    endloop
  endfacet
  facet normal 0.946916 -0.321482 -8.55762e-19
    outer loop
      vertex 29.6222 -10.9706 2.4
      vertex 29.4645 -11.4351 6.8
      vertex 29.4645 -11.4351 2.4
    endloop
  endfacet
  facet normal 0.659414 -0.75178 0
    outer loop
      vertex 28.2829 -12.9751 2.4
      vertex 28.6516 -12.6517 6.8
      vertex 28.2829 -12.9751 6.8
    endloop
  endfacet
  facet normal 0.659414 -0.75178 0
    outer loop
      vertex 28.6516 -12.6517 6.8
      vertex 28.2829 -12.9751 2.4
      vertex 28.6516 -12.6517 2.4
    endloop
  endfacet
  facet normal -0.946975 0.321306 1.67522e-18
    outer loop
      vertex 22.3778 -9.02943 2.4
      vertex 22.5354 -8.56494 6.8
      vertex 22.5354 -8.56494 2.4
    endloop
  endfacet
  facet normal -0.946975 0.321306 1.67522e-18
    outer loop
      vertex 22.5354 -8.56494 6.8
      vertex 22.3778 -9.02943 2.4
      vertex 22.3778 -9.02943 6.8
    endloop
  endfacet
  facet normal -0.980784 0.195097 3.01443e-19
    outer loop
      vertex 22.2821 -9.51053 2.4
      vertex 22.3778 -9.02943 6.8
      vertex 22.3778 -9.02943 2.4
    endloop
  endfacet
  facet normal -0.980784 0.195097 3.01443e-19
    outer loop
      vertex 22.3778 -9.02943 6.8
      vertex 22.2821 -9.51053 2.4
      vertex 22.2821 -9.51053 6.8
    endloop
  endfacet
  facet normal 0.555528 0.831498 -0
    outer loop
      vertex 28.2829 -7.02493 2.4
      vertex 27.875 -6.75241 6.8
      vertex 28.2829 -7.02493 6.8
    endloop
  endfacet
  facet normal 0.555528 0.831498 0
    outer loop
      vertex 27.875 -6.75241 6.8
      vertex 28.2829 -7.02493 2.4
      vertex 27.875 -6.75241 2.4
    endloop
  endfacet
  facet normal -0.75186 0.659323 -1.78567e-18
    outer loop
      vertex 23.0249 -7.71714 2.4
      vertex 23.3483 -7.34835 6.8
      vertex 23.3483 -7.34835 2.4
    endloop
  endfacet
  facet normal -0.75186 0.659323 -1.78567e-18
    outer loop
      vertex 23.3483 -7.34835 6.8
      vertex 23.0249 -7.71714 2.4
      vertex 23.0249 -7.71714 6.8
    endloop
  endfacet
  facet normal 0.751768 -0.659428 1.66926e-18
    outer loop
      vertex 28.6516 -12.6517 6.8
      vertex 28.9751 -12.2829 2.4
      vertex 28.9751 -12.2829 6.8
    endloop
  endfacet
  facet normal 0.751768 -0.659428 1.66926e-18
    outer loop
      vertex 28.9751 -12.2829 2.4
      vertex 28.6516 -12.6517 6.8
      vertex 28.6516 -12.6517 2.4
    endloop
  endfacet
  facet normal 0.896901 -0.442232 4.7353e-19
    outer loop
      vertex 29.2476 -11.875 6.8
      vertex 29.4645 -11.4351 2.4
      vertex 29.4645 -11.4351 6.8
    endloop
  endfacet
  facet normal 0.896901 -0.442232 4.7353e-19
    outer loop
      vertex 29.4645 -11.4351 2.4
      vertex 29.2476 -11.875 6.8
      vertex 29.2476 -11.875 2.4
    endloop
  endfacet
  facet normal -0.44233 0.896852 0
    outer loop
      vertex 24.5649 -6.53545 2.4
      vertex 24.125 -6.75241 6.8
      vertex 24.5649 -6.53545 6.8
    endloop
  endfacet
  facet normal -0.44233 0.896852 0
    outer loop
      vertex 24.125 -6.75241 6.8
      vertex 24.5649 -6.53545 2.4
      vertex 24.125 -6.75241 2.4
    endloop
  endfacet
  facet normal -0.0654366 -0.997857 0
    outer loop
      vertex 25.5105 -13.7179 2.4
      vertex 26 -13.75 6.8
      vertex 25.5105 -13.7179 6.8
    endloop
  endfacet
  facet normal -0.0654366 -0.997857 -0
    outer loop
      vertex 26 -13.75 6.8
      vertex 25.5105 -13.7179 2.4
      vertex 26 -13.75 2.4
    endloop
  endfacet
  facet normal -0.442232 -0.896901 0
    outer loop
      vertex 24.125 -13.2476 2.4
      vertex 24.5649 -13.4645 6.8
      vertex 24.125 -13.2476 6.8
    endloop
  endfacet
  facet normal -0.442232 -0.896901 -0
    outer loop
      vertex 24.5649 -13.4645 6.8
      vertex 24.125 -13.2476 2.4
      vertex 24.5649 -13.4645 2.4
    endloop
  endfacet
  facet normal 0.831492 0.555537 -1.07226e-18
    outer loop
      vertex 29.2476 -8.125 6.8
      vertex 28.9751 -7.71714 2.4
      vertex 28.9751 -7.71714 6.8
    endloop
  endfacet
  facet normal 0.831492 0.555537 -1.07226e-18
    outer loop
      vertex 28.9751 -7.71714 2.4
      vertex 29.2476 -8.125 6.8
      vertex 29.2476 -8.125 2.4
    endloop
  endfacet
  facet normal 0.195097 -0.980784 0
    outer loop
      vertex 26.4895 -13.7179 2.4
      vertex 26.9706 -13.6222 6.8
      vertex 26.4895 -13.7179 6.8
    endloop
  endfacet
  facet normal 0.195097 -0.980784 0
    outer loop
      vertex 26.9706 -13.6222 6.8
      vertex 26.4895 -13.7179 2.4
      vertex 26.9706 -13.6222 2.4
    endloop
  endfacet
  facet normal 0.980784 -0.195097 3.01443e-19
    outer loop
      vertex 29.6222 -10.9706 6.8
      vertex 29.7179 -10.4895 2.4
      vertex 29.7179 -10.4895 6.8
    endloop
  endfacet
  facet normal 0.980784 -0.195097 3.01443e-19
    outer loop
      vertex 29.7179 -10.4895 2.4
      vertex 29.6222 -10.9706 6.8
      vertex 29.6222 -10.9706 2.4
    endloop
  endfacet
  facet normal -0.751869 -0.659312 -1.64813e-18
    outer loop
      vertex 23.3483 -12.6517 2.4
      vertex 23.0249 -12.2829 6.8
      vertex 23.0249 -12.2829 2.4
    endloop
  endfacet
  facet normal -0.751869 -0.659312 -1.64813e-18
    outer loop
      vertex 23.0249 -12.2829 6.8
      vertex 23.3483 -12.6517 2.4
      vertex 23.3483 -12.6517 6.8
    endloop
  endfacet
  facet normal -0.89682 -0.442396 -8.62479e-19
    outer loop
      vertex 22.7524 -11.875 2.4
      vertex 22.5354 -11.4351 6.8
      vertex 22.5354 -11.4351 2.4
    endloop
  endfacet
  facet normal -0.89682 -0.442396 -8.62479e-19
    outer loop
      vertex 22.5354 -11.4351 6.8
      vertex 22.7524 -11.875 2.4
      vertex 22.7524 -11.875 6.8
    endloop
  endfacet
  facet normal -0.831492 0.555537 1.07226e-18
    outer loop
      vertex 22.7524 -8.125 2.4
      vertex 23.0249 -7.71714 6.8
      vertex 23.0249 -7.71714 2.4
    endloop
  endfacet
  facet normal -0.831492 0.555537 1.07226e-18
    outer loop
      vertex 23.0249 -7.71714 6.8
      vertex 22.7524 -8.125 2.4
      vertex 22.7524 -8.125 6.8
    endloop
  endfacet
  facet normal 0.44233 0.896852 -0
    outer loop
      vertex 27.875 -6.75241 2.4
      vertex 27.4351 -6.53545 6.8
      vertex 27.875 -6.75241 6.8
    endloop
  endfacet
  facet normal 0.44233 0.896852 0
    outer loop
      vertex 27.4351 -6.53545 6.8
      vertex 27.875 -6.75241 2.4
      vertex 27.4351 -6.53545 2.4
    endloop
  endfacet
  facet normal 0.997857 -0.0654366 7.94882e-19
    outer loop
      vertex 29.7179 -10.4895 6.8
      vertex 29.75 -10 2.4
      vertex 29.75 -10 6.8
    endloop
  endfacet
  facet normal 0.997857 -0.0654366 7.94882e-19
    outer loop
      vertex 29.75 -10 2.4
      vertex 29.7179 -10.4895 6.8
      vertex 29.7179 -10.4895 2.4
    endloop
  endfacet
  facet normal -0.5555 -0.831517 0
    outer loop
      vertex 23.7171 -12.9751 2.4
      vertex 24.125 -13.2476 6.8
      vertex 23.7171 -12.9751 6.8
    endloop
  endfacet
  facet normal -0.5555 -0.831517 -0
    outer loop
      vertex 24.125 -13.2476 6.8
      vertex 23.7171 -12.9751 2.4
      vertex 24.125 -13.2476 2.4
    endloop
  endfacet
  facet normal -0.997856 0.0654406 -1.5129e-19
    outer loop
      vertex 22.25 -10 2.4
      vertex 22.2821 -9.51053 6.8
      vertex 22.2821 -9.51053 2.4
    endloop
  endfacet
  facet normal -0.997856 0.0654406 -1.5129e-19
    outer loop
      vertex 22.2821 -9.51053 6.8
      vertex 22.25 -10 2.4
      vertex 22.25 -10 6.8
    endloop
  endfacet
  facet normal -0.896836 0.442363 2.91113e-18
    outer loop
      vertex 22.5354 -8.56494 2.4
      vertex 22.7524 -8.125 6.8
      vertex 22.7524 -8.125 2.4
    endloop
  endfacet
  facet normal -0.896836 0.442363 2.91113e-18
    outer loop
      vertex 22.7524 -8.125 6.8
      vertex 22.5354 -8.56494 2.4
      vertex 22.5354 -8.56494 6.8
    endloop
  endfacet
  facet normal -0.980784 -0.195097 -3.01443e-19
    outer loop
      vertex 22.3778 -10.9706 2.4
      vertex 22.2821 -10.4895 6.8
      vertex 22.2821 -10.4895 2.4
    endloop
  endfacet
  facet normal -0.980784 -0.195097 -3.01443e-19
    outer loop
      vertex 22.2821 -10.4895 6.8
      vertex 22.3778 -10.9706 2.4
      vertex 22.3778 -10.9706 6.8
    endloop
  endfacet
  facet normal 0.0654366 -0.997857 0
    outer loop
      vertex 26 -13.75 2.4
      vertex 26.4895 -13.7179 6.8
      vertex 26 -13.75 6.8
    endloop
  endfacet
  facet normal 0.0654366 -0.997857 0
    outer loop
      vertex 26.4895 -13.7179 6.8
      vertex 26 -13.75 2.4
      vertex 26.4895 -13.7179 2.4
    endloop
  endfacet
  facet normal -0.321428 0.946934 0
    outer loop
      vertex 25.0294 -6.37778 2.4
      vertex 24.5649 -6.53545 6.8
      vertex 25.0294 -6.37778 6.8
    endloop
  endfacet
  facet normal -0.321428 0.946934 0
    outer loop
      vertex 24.5649 -6.53545 6.8
      vertex 25.0294 -6.37778 2.4
      vertex 24.5649 -6.53545 2.4
    endloop
  endfacet
  facet normal -0.946978 -0.3213 5.94579e-19
    outer loop
      vertex 22.5354 -11.4351 2.4
      vertex 22.3778 -10.9706 6.8
      vertex 22.3778 -10.9706 2.4
    endloop
  endfacet
  facet normal -0.946978 -0.3213 5.94579e-19
    outer loop
      vertex 22.3778 -10.9706 6.8
      vertex 22.5354 -11.4351 2.4
      vertex 22.5354 -11.4351 6.8
    endloop
  endfacet
  facet normal 0.751759 0.659438 2.04692e-18
    outer loop
      vertex 28.9751 -7.71714 6.8
      vertex 28.6516 -7.34835 2.4
      vertex 28.6516 -7.34835 6.8
    endloop
  endfacet
  facet normal 0.751759 0.659438 2.04692e-18
    outer loop
      vertex 28.6516 -7.34835 2.4
      vertex 28.9751 -7.71714 6.8
      vertex 28.9751 -7.71714 2.4
    endloop
  endfacet
  facet normal 0.065396 0.997859 -0
    outer loop
      vertex 26.4895 -6.28208 2.4
      vertex 26 -6.25 6.8
      vertex 26.4895 -6.28208 6.8
    endloop
  endfacet
  facet normal 0.065396 0.997859 0
    outer loop
      vertex 26 -6.25 6.8
      vertex 26.4895 -6.28208 2.4
      vertex 26 -6.25 2.4
    endloop
  endfacet
  facet normal -0.997857 -0.0654366 -7.94882e-19
    outer loop
      vertex 22.2821 -10.4895 2.4
      vertex 22.25 -10 6.8
      vertex 22.25 -10 2.4
    endloop
  endfacet
  facet normal -0.997857 -0.0654366 -7.94882e-19
    outer loop
      vertex 22.25 -10 6.8
      vertex 22.2821 -10.4895 2.4
      vertex 22.2821 -10.4895 6.8
    endloop
  endfacet
  facet normal -0.195097 0.980784 0
    outer loop
      vertex 25.5105 -6.28208 2.4
      vertex 25.0294 -6.37778 6.8
      vertex 25.5105 -6.28208 6.8
    endloop
  endfacet
  facet normal -0.195097 0.980784 0
    outer loop
      vertex 25.0294 -6.37778 6.8
      vertex 25.5105 -6.28208 2.4
      vertex 25.0294 -6.37778 2.4
    endloop
  endfacet
  facet normal -0.195097 -0.980784 0
    outer loop
      vertex 25.0294 -13.6222 2.4
      vertex 25.5105 -13.7179 6.8
      vertex 25.0294 -13.6222 6.8
    endloop
  endfacet
  facet normal -0.195097 -0.980784 -0
    outer loop
      vertex 25.5105 -13.7179 6.8
      vertex 25.0294 -13.6222 2.4
      vertex 25.5105 -13.7179 2.4
    endloop
  endfacet
  facet normal -0.659312 -0.751869 0
    outer loop
      vertex 23.3483 -12.6517 2.4
      vertex 23.7171 -12.9751 6.8
      vertex 23.3483 -12.6517 6.8
    endloop
  endfacet
  facet normal -0.659312 -0.751869 -0
    outer loop
      vertex 23.7171 -12.9751 6.8
      vertex 23.3483 -12.6517 2.4
      vertex 23.7171 -12.9751 2.4
    endloop
  endfacet
  facet normal -0.831517 -0.5555 -1.79371e-18
    outer loop
      vertex 23.0249 -12.2829 2.4
      vertex 22.7524 -11.875 6.8
      vertex 22.7524 -11.875 2.4
    endloop
  endfacet
  facet normal -0.831517 -0.5555 -1.79371e-18
    outer loop
      vertex 22.7524 -11.875 6.8
      vertex 23.0249 -12.2829 2.4
      vertex 23.0249 -12.2829 6.8
    endloop
  endfacet
  facet normal 0 0 1
    outer loop
      vertex 28.4 -10 6.8
      vertex 29.75 -10 6.8
      vertex 29.7179 -9.51053 6.8
    endloop
  endfacet
  facet normal 0 0 1
    outer loop
      vertex 28.4 -10 6.8
      vertex 29.7179 -9.51053 6.8
      vertex 29.6222 -9.02943 6.8
    endloop
  endfacet
  facet normal 0 0 1
    outer loop
      vertex 29.75 -10 6.8
      vertex 28.4 -10 6.8
      vertex 29.7179 -10.4895 6.8
    endloop
  endfacet
  facet normal 0 0 1
    outer loop
      vertex 28.4 -10 6.8
      vertex 29.6222 -9.02943 6.8
      vertex 29.4645 -8.56494 6.8
    endloop
  endfacet
  facet normal 0 0 1
    outer loop
      vertex 29.7179 -10.4895 6.8
      vertex 28.4 -10 6.8
      vertex 29.6222 -10.9706 6.8
    endloop
  endfacet
  facet normal 0 0 1
    outer loop
      vertex 28.4 -10 6.8
      vertex 29.4645 -8.56494 6.8
      vertex 29.2476 -8.125 6.8
    endloop
  endfacet
  facet normal 0 0 1
    outer loop
      vertex 29.6222 -10.9706 6.8
      vertex 28.4 -10 6.8
      vertex 29.4645 -11.4351 6.8
    endloop
  endfacet
  facet normal -0 0 1
    outer loop
      vertex 27.2 -7.92154 6.8
      vertex 29.2476 -8.125 6.8
      vertex 28.9751 -7.71714 6.8
    endloop
  endfacet
  facet normal 0 0 1
    outer loop
      vertex 29.4645 -11.4351 6.8
      vertex 28.4 -10 6.8
      vertex 29.2476 -11.875 6.8
    endloop
  endfacet
  facet normal 0 0 1
    outer loop
      vertex 27.2 -7.92154 6.8
      vertex 28.9751 -7.71714 6.8
      vertex 28.6516 -7.34835 6.8
    endloop
  endfacet
  facet normal 0 0 1
    outer loop
      vertex 27.2 -12.0785 6.8
      vertex 29.2476 -11.875 6.8
      vertex 28.4 -10 6.8
    endloop
  endfacet
  facet normal 0 0 1
    outer loop
      vertex 29.2476 -11.875 6.8
      vertex 27.2 -12.0785 6.8
      vertex 28.9751 -12.2829 6.8
    endloop
  endfacet
  facet normal 0 0 1
    outer loop
      vertex 27.2 -7.92154 6.8
      vertex 28.6516 -7.34835 6.8
      vertex 28.2829 -7.02493 6.8
    endloop
  endfacet
  facet normal 0 0 1
    outer loop
      vertex 27.2 -7.92154 6.8
      vertex 28.2829 -7.02493 6.8
      vertex 27.875 -6.75241 6.8
    endloop
  endfacet
  facet normal 0 0 1
    outer loop
      vertex 27.2 -7.92154 6.8
      vertex 27.875 -6.75241 6.8
      vertex 27.4351 -6.53545 6.8
    endloop
  endfacet
  facet normal 0 0 1
    outer loop
      vertex 29.2476 -8.125 6.8
      vertex 27.2 -7.92154 6.8
      vertex 28.4 -10 6.8
    endloop
  endfacet
  facet normal 0 0 1
    outer loop
      vertex 26.9706 -6.37778 6.8
      vertex 27.2 -7.92154 6.8
      vertex 27.4351 -6.53545 6.8
    endloop
  endfacet
  facet normal 0 0 1
    outer loop
      vertex 26.4895 -6.28208 6.8
      vertex 27.2 -7.92154 6.8
      vertex 26.9706 -6.37778 6.8
    endloop
  endfacet
  facet normal 0 0 1
    outer loop
      vertex 26 -6.25 6.8
      vertex 27.2 -7.92154 6.8
      vertex 26.4895 -6.28208 6.8
    endloop
  endfacet
  facet normal 0 0 1
    outer loop
      vertex 24.8 -7.92154 6.8
      vertex 26 -6.25 6.8
      vertex 25.5105 -6.28208 6.8
    endloop
  endfacet
  facet normal 0 0 1
    outer loop
      vertex 24.8 -7.92154 6.8
      vertex 25.5105 -6.28208 6.8
      vertex 25.0294 -6.37778 6.8
    endloop
  endfacet
  facet normal 0 0 1
    outer loop
      vertex 26 -6.25 6.8
      vertex 24.8 -7.92154 6.8
      vertex 27.2 -7.92154 6.8
    endloop
  endfacet
  facet normal -0 0 1
    outer loop
      vertex 24.5649 -6.53545 6.8
      vertex 24.8 -7.92154 6.8
      vertex 25.0294 -6.37778 6.8
    endloop
  endfacet
  facet normal -0 0 1
    outer loop
      vertex 24.125 -6.75241 6.8
      vertex 24.8 -7.92154 6.8
      vertex 24.5649 -6.53545 6.8
    endloop
  endfacet
  facet normal -0 0 1
    outer loop
      vertex 23.7171 -7.02493 6.8
      vertex 24.8 -7.92154 6.8
      vertex 24.125 -6.75241 6.8
    endloop
  endfacet
  facet normal -0 0 1
    outer loop
      vertex 23.3483 -7.34835 6.8
      vertex 24.8 -7.92154 6.8
      vertex 23.7171 -7.02493 6.8
    endloop
  endfacet
  facet normal -0 0 1
    outer loop
      vertex 23.0249 -7.71714 6.8
      vertex 24.8 -7.92154 6.8
      vertex 23.3483 -7.34835 6.8
    endloop
  endfacet
  facet normal 0 0 1
    outer loop
      vertex 28.9751 -12.2829 6.8
      vertex 27.2 -12.0785 6.8
      vertex 28.6516 -12.6517 6.8
    endloop
  endfacet
  facet normal 0 0 1
    outer loop
      vertex 28.6516 -12.6517 6.8
      vertex 27.2 -12.0785 6.8
      vertex 28.2829 -12.9751 6.8
    endloop
  endfacet
  facet normal 0 0 1
    outer loop
      vertex 28.2829 -12.9751 6.8
      vertex 27.2 -12.0785 6.8
      vertex 27.875 -13.2476 6.8
    endloop
  endfacet
  facet normal 0 0 1
    outer loop
      vertex 27.875 -13.2476 6.8
      vertex 27.2 -12.0785 6.8
      vertex 27.4351 -13.4645 6.8
    endloop
  endfacet
  facet normal 0 0 1
    outer loop
      vertex 27.2 -12.0785 6.8
      vertex 26.9706 -13.6222 6.8
      vertex 27.4351 -13.4645 6.8
    endloop
  endfacet
  facet normal 0 0 1
    outer loop
      vertex 27.2 -12.0785 6.8
      vertex 26.4895 -13.7179 6.8
      vertex 26.9706 -13.6222 6.8
    endloop
  endfacet
  facet normal 0 0 1
    outer loop
      vertex 27.2 -12.0785 6.8
      vertex 26 -13.75 6.8
      vertex 26.4895 -13.7179 6.8
    endloop
  endfacet
  facet normal -0 0 1
    outer loop
      vertex 24.8 -12.0785 6.8
      vertex 26 -13.75 6.8
      vertex 27.2 -12.0785 6.8
    endloop
  endfacet
  facet normal 0 0 1
    outer loop
      vertex 26 -13.75 6.8
      vertex 24.8 -12.0785 6.8
      vertex 25.5105 -13.7179 6.8
    endloop
  endfacet
  facet normal 0 0 1
    outer loop
      vertex 25.5105 -13.7179 6.8
      vertex 24.8 -12.0785 6.8
      vertex 25.0294 -13.6222 6.8
    endloop
  endfacet
  facet normal 0 0 1
    outer loop
      vertex 24.8 -12.0785 6.8
      vertex 24.5649 -13.4645 6.8
      vertex 25.0294 -13.6222 6.8
    endloop
  endfacet
  facet normal 0 0 1
    outer loop
      vertex 24.8 -12.0785 6.8
      vertex 24.125 -13.2476 6.8
      vertex 24.5649 -13.4645 6.8
    endloop
  endfacet
  facet normal 0 0 1
    outer loop
      vertex 24.8 -12.0785 6.8
      vertex 23.7171 -12.9751 6.8
      vertex 24.125 -13.2476 6.8
    endloop
  endfacet
  facet normal -0 0 1
    outer loop
      vertex 22.7524 -11.875 6.8
      vertex 24.8 -12.0785 6.8
      vertex 23.6 -10 6.8
    endloop
  endfacet
  facet normal 0 0 1
    outer loop
      vertex 22.7524 -8.125 6.8
      vertex 24.8 -7.92154 6.8
      vertex 23.0249 -7.71714 6.8
    endloop
  endfacet
  facet normal 0 0 1
    outer loop
      vertex 24.8 -12.0785 6.8
      vertex 23.3483 -12.6517 6.8
      vertex 23.7171 -12.9751 6.8
    endloop
  endfacet
  facet normal 0 0 1
    outer loop
      vertex 24.8 -7.92154 6.8
      vertex 22.7524 -8.125 6.8
      vertex 23.6 -10 6.8
    endloop
  endfacet
  facet normal 0 0 1
    outer loop
      vertex 24.8 -12.0785 6.8
      vertex 23.0249 -12.2829 6.8
      vertex 23.3483 -12.6517 6.8
    endloop
  endfacet
  facet normal -0 0 1
    outer loop
      vertex 22.5354 -8.56494 6.8
      vertex 23.6 -10 6.8
      vertex 22.7524 -8.125 6.8
    endloop
  endfacet
  facet normal 0 0 1
    outer loop
      vertex 24.8 -12.0785 6.8
      vertex 22.7524 -11.875 6.8
      vertex 23.0249 -12.2829 6.8
    endloop
  endfacet
  facet normal -0 0 1
    outer loop
      vertex 22.3778 -9.02943 6.8
      vertex 23.6 -10 6.8
      vertex 22.5354 -8.56494 6.8
    endloop
  endfacet
  facet normal 0 0 1
    outer loop
      vertex 23.6 -10 6.8
      vertex 22.5354 -11.4351 6.8
      vertex 22.7524 -11.875 6.8
    endloop
  endfacet
  facet normal -0 0 1
    outer loop
      vertex 22.2821 -9.51053 6.8
      vertex 23.6 -10 6.8
      vertex 22.3778 -9.02943 6.8
    endloop
  endfacet
  facet normal 0 0 1
    outer loop
      vertex 23.6 -10 6.8
      vertex 22.3778 -10.9706 6.8
      vertex 22.5354 -11.4351 6.8
    endloop
  endfacet
  facet normal 0 0 1
    outer loop
      vertex 22.25 -10 6.8
      vertex 23.6 -10 6.8
      vertex 22.2821 -9.51053 6.8
    endloop
  endfacet
  facet normal 0 0 1
    outer loop
      vertex 23.6 -10 6.8
      vertex 22.2821 -10.4895 6.8
      vertex 22.3778 -10.9706 6.8
    endloop
  endfacet
  facet normal 0 0 1
    outer loop
      vertex 23.6 -10 6.8
      vertex 22.25 -10 6.8
      vertex 22.2821 -10.4895 6.8
    endloop
  endfacet
  facet normal -0.980788 -0.195079 -1.31109e-19
    outer loop
      vertex -39.6573 74.1109 8.3
      vertex -39.679 74.22 17.3
      vertex -39.679 74.22 8.3
    endloop
  endfacet
  facet normal -0.980788 -0.195079 -1.31109e-19
    outer loop
      vertex -39.679 74.22 17.3
      vertex -39.6573 74.1109 8.3
      vertex -39.6573 74.1109 17.3
    endloop
  endfacet
  facet normal -0.997841 -0.0656829 -5.58408e-21
    outer loop
      vertex -39.65 74 8.3
      vertex -39.6573 74.1109 17.3
      vertex -39.6573 74.1109 8.3
    endloop
  endfacet
  facet normal -0.997841 -0.0656829 -5.58408e-21
    outer loop
      vertex -39.6573 74.1109 17.3
      vertex -39.65 74 8.3
      vertex -39.65 74 17.3
    endloop
  endfacet
  facet normal -0.947052 -0.32108 -1.61003e-19
    outer loop
      vertex -39.679 74.22 8.3
      vertex -39.7147 74.3253 17.3
      vertex -39.7147 74.3253 8.3
    endloop
  endfacet
  facet normal -0.947052 -0.32108 -1.61003e-19
    outer loop
      vertex -39.7147 74.3253 17.3
      vertex -39.679 74.22 8.3
      vertex -39.679 74.22 17.3
    endloop
  endfacet
  facet normal -0.831635 -0.555323 4.28437e-19
    outer loop
      vertex -39.7639 74.425 8.3
      vertex -39.8256 74.5174 17.3
      vertex -39.8256 74.5174 8.3
    endloop
  endfacet
  facet normal -0.831635 -0.555323 4.28437e-19
    outer loop
      vertex -39.8256 74.5174 17.3
      vertex -39.7639 74.425 8.3
      vertex -39.7639 74.425 17.3
    endloop
  endfacet
  facet normal 0.947052 0.32108 -1.61003e-19
    outer loop
      vertex -41.2853 73.6747 17.3
      vertex -41.321 73.78 8.3
      vertex -41.321 73.78 17.3
    endloop
  endfacet
  facet normal 0.947052 0.32108 -1.61003e-19
    outer loop
      vertex -41.321 73.78 8.3
      vertex -41.2853 73.6747 17.3
      vertex -41.2853 73.6747 8.3
    endloop
  endfacet
  facet normal -0.32108 0.947052 0
    outer loop
      vertex -40.1747 73.2147 8.3
      vertex -40.28 73.179 17.3
      vertex -40.1747 73.2147 17.3
    endloop
  endfacet
  facet normal -0.32108 0.947052 0
    outer loop
      vertex -40.28 73.179 17.3
      vertex -40.1747 73.2147 8.3
      vertex -40.28 73.179 8.3
    endloop
  endfacet
  facet normal -0.896754 -0.44253 -3.66364e-19
    outer loop
      vertex -39.7147 74.3253 8.3
      vertex -39.7639 74.425 17.3
      vertex -39.7639 74.425 8.3
    endloop
  endfacet
  facet normal -0.896754 -0.44253 -3.66364e-19
    outer loop
      vertex -39.7639 74.425 17.3
      vertex -39.7147 74.3253 8.3
      vertex -39.7147 74.3253 17.3
    endloop
  endfacet
  facet normal 0.555945 -0.831219 0
    outer loop
      vertex -41.0174 74.6743 8.3
      vertex -40.925 74.7361 17.3
      vertex -41.0174 74.6743 17.3
    endloop
  endfacet
  facet normal 0.555945 -0.831219 0
    outer loop
      vertex -40.925 74.7361 17.3
      vertex -41.0174 74.6743 8.3
      vertex -40.925 74.7361 8.3
    endloop
  endfacet
  facet normal -0.980788 0.195079 1.31109e-19
    outer loop
      vertex -39.679 73.78 8.3
      vertex -39.6573 73.8891 17.3
      vertex -39.6573 73.8891 8.3
    endloop
  endfacet
  facet normal -0.980788 0.195079 1.31109e-19
    outer loop
      vertex -39.6573 73.8891 17.3
      vertex -39.679 73.78 8.3
      vertex -39.679 73.78 17.3
    endloop
  endfacet
  facet normal 0 0 1
    outer loop
      vertex -39.6573 74.1109 8.3
      vertex -39.6573 73.8891 8.3
      vertex -39.65 74 8.3
    endloop
  endfacet
  facet normal 0 0 1
    outer loop
      vertex -39.679 74.22 8.3
      vertex -39.6573 73.8891 8.3
      vertex -39.6573 74.1109 8.3
    endloop
  endfacet
  facet normal 0 0 1
    outer loop
      vertex -39.679 74.22 8.3
      vertex -39.679 73.78 8.3
      vertex -39.6573 73.8891 8.3
    endloop
  endfacet
  facet normal 0 0 1
    outer loop
      vertex -39.7147 74.3253 8.3
      vertex -39.679 73.78 8.3
      vertex -39.679 74.22 8.3
    endloop
  endfacet
  facet normal 0 0 1
    outer loop
      vertex -39.7147 74.3253 8.3
      vertex -39.7147 73.6747 8.3
      vertex -39.679 73.78 8.3
    endloop
  endfacet
  facet normal 0 0 1
    outer loop
      vertex -39.7639 74.425 8.3
      vertex -39.7147 73.6747 8.3
      vertex -39.7147 74.3253 8.3
    endloop
  endfacet
  facet normal 0 0 1
    outer loop
      vertex -39.7639 74.425 8.3
      vertex -39.7639 73.575 8.3
      vertex -39.7147 73.6747 8.3
    endloop
  endfacet
  facet normal 0 0 1
    outer loop
      vertex -39.8256 74.5174 8.3
      vertex -39.7639 73.575 8.3
      vertex -39.7639 74.425 8.3
    endloop
  endfacet
  facet normal 0 0 1
    outer loop
      vertex -39.8256 74.5174 8.3
      vertex -39.8256 73.4826 8.3
      vertex -39.7639 73.575 8.3
    endloop
  endfacet
  facet normal 0 0 1
    outer loop
      vertex -39.899 74.601 8.3
      vertex -39.8256 73.4826 8.3
      vertex -39.8256 74.5174 8.3
    endloop
  endfacet
  facet normal 0 0 1
    outer loop
      vertex -39.899 74.601 8.3
      vertex -39.899 73.399 8.3
      vertex -39.8256 73.4826 8.3
    endloop
  endfacet
  facet normal 0 0 1
    outer loop
      vertex -39.9826 74.6743 8.3
      vertex -39.899 73.399 8.3
      vertex -39.899 74.601 8.3
    endloop
  endfacet
  facet normal 0 0 1
    outer loop
      vertex -39.9826 74.6743 8.3
      vertex -39.9826 73.3257 8.3
      vertex -39.899 73.399 8.3
    endloop
  endfacet
  facet normal 0 0 1
    outer loop
      vertex -40.075 74.7361 8.3
      vertex -39.9826 73.3257 8.3
      vertex -39.9826 74.6743 8.3
    endloop
  endfacet
  facet normal 0 0 1
    outer loop
      vertex -40.075 74.7361 8.3
      vertex -40.075 73.2639 8.3
      vertex -39.9826 73.3257 8.3
    endloop
  endfacet
  facet normal 0 0 1
    outer loop
      vertex -40.1747 74.7853 8.3
      vertex -40.075 73.2639 8.3
      vertex -40.075 74.7361 8.3
    endloop
  endfacet
  facet normal 0 0 1
    outer loop
      vertex -40.1747 74.7853 8.3
      vertex -40.1747 73.2147 8.3
      vertex -40.075 73.2639 8.3
    endloop
  endfacet
  facet normal 0 0 1
    outer loop
      vertex -40.28 74.821 8.3
      vertex -40.1747 73.2147 8.3
      vertex -40.1747 74.7853 8.3
    endloop
  endfacet
  facet normal 0 0 1
    outer loop
      vertex -40.28 74.821 8.3
      vertex -40.28 73.179 8.3
      vertex -40.1747 73.2147 8.3
    endloop
  endfacet
  facet normal 0 0 1
    outer loop
      vertex -40.3891 74.8427 8.3
      vertex -40.28 73.179 8.3
      vertex -40.28 74.821 8.3
    endloop
  endfacet
  facet normal 0 0 1
    outer loop
      vertex -40.3891 74.8427 8.3
      vertex -40.3891 73.1573 8.3
      vertex -40.28 73.179 8.3
    endloop
  endfacet
  facet normal 0 0 1
    outer loop
      vertex -40.5 74.85 8.3
      vertex -40.3891 73.1573 8.3
      vertex -40.3891 74.8427 8.3
    endloop
  endfacet
  facet normal 0 0 1
    outer loop
      vertex -40.5 74.85 8.3
      vertex -40.5 73.15 8.3
      vertex -40.3891 73.1573 8.3
    endloop
  endfacet
  facet normal -0 0 1
    outer loop
      vertex -40.6109 74.8427 8.3
      vertex -40.5 73.15 8.3
      vertex -40.5 74.85 8.3
    endloop
  endfacet
  facet normal 0 0 1
    outer loop
      vertex -40.6109 74.8427 8.3
      vertex -40.6109 73.1573 8.3
      vertex -40.5 73.15 8.3
    endloop
  endfacet
  facet normal -0 0 1
    outer loop
      vertex -40.72 74.821 8.3
      vertex -40.6109 73.1573 8.3
      vertex -40.6109 74.8427 8.3
    endloop
  endfacet
  facet normal 0 0 1
    outer loop
      vertex -40.72 74.821 8.3
      vertex -40.72 73.179 8.3
      vertex -40.6109 73.1573 8.3
    endloop
  endfacet
  facet normal -0 0 1
    outer loop
      vertex -40.8253 74.7853 8.3
      vertex -40.72 73.179 8.3
      vertex -40.72 74.821 8.3
    endloop
  endfacet
  facet normal 0 0 1
    outer loop
      vertex -40.8253 74.7853 8.3
      vertex -40.8253 73.2147 8.3
      vertex -40.72 73.179 8.3
    endloop
  endfacet
  facet normal -0 0 1
    outer loop
      vertex -40.925 74.7361 8.3
      vertex -40.8253 73.2147 8.3
      vertex -40.8253 74.7853 8.3
    endloop
  endfacet
  facet normal 0 0 1
    outer loop
      vertex -40.925 74.7361 8.3
      vertex -40.925 73.2639 8.3
      vertex -40.8253 73.2147 8.3
    endloop
  endfacet
  facet normal -0 0 1
    outer loop
      vertex -41.0174 74.6743 8.3
      vertex -40.925 73.2639 8.3
      vertex -40.925 74.7361 8.3
    endloop
  endfacet
  facet normal 0 0 1
    outer loop
      vertex -41.0174 74.6743 8.3
      vertex -41.0174 73.3257 8.3
      vertex -40.925 73.2639 8.3
    endloop
  endfacet
  facet normal -0 0 1
    outer loop
      vertex -41.101 74.601 8.3
      vertex -41.0174 73.3257 8.3
      vertex -41.0174 74.6743 8.3
    endloop
  endfacet
  facet normal 0 0 1
    outer loop
      vertex -41.101 74.601 8.3
      vertex -41.101 73.399 8.3
      vertex -41.0174 73.3257 8.3
    endloop
  endfacet
  facet normal -0 0 1
    outer loop
      vertex -41.1744 74.5174 8.3
      vertex -41.101 73.399 8.3
      vertex -41.101 74.601 8.3
    endloop
  endfacet
  facet normal 0 0 1
    outer loop
      vertex -41.1744 74.5174 8.3
      vertex -41.1744 73.4826 8.3
      vertex -41.101 73.399 8.3
    endloop
  endfacet
  facet normal -0 0 1
    outer loop
      vertex -41.2361 74.425 8.3
      vertex -41.1744 73.4826 8.3
      vertex -41.1744 74.5174 8.3
    endloop
  endfacet
  facet normal 0 0 1
    outer loop
      vertex -41.2361 74.425 8.3
      vertex -41.2361 73.575 8.3
      vertex -41.1744 73.4826 8.3
    endloop
  endfacet
  facet normal -0 0 1
    outer loop
      vertex -41.2853 74.3253 8.3
      vertex -41.2361 73.575 8.3
      vertex -41.2361 74.425 8.3
    endloop
  endfacet
  facet normal 0 0 1
    outer loop
      vertex -41.2853 74.3253 8.3
      vertex -41.2853 73.6747 8.3
      vertex -41.2361 73.575 8.3
    endloop
  endfacet
  facet normal -0 0 1
    outer loop
      vertex -41.321 74.22 8.3
      vertex -41.2853 73.6747 8.3
      vertex -41.2853 74.3253 8.3
    endloop
  endfacet
  facet normal 0 0 1
    outer loop
      vertex -41.321 74.22 8.3
      vertex -41.321 73.78 8.3
      vertex -41.2853 73.6747 8.3
    endloop
  endfacet
  facet normal -0 0 1
    outer loop
      vertex -41.3427 74.1109 8.3
      vertex -41.321 73.78 8.3
      vertex -41.321 74.22 8.3
    endloop
  endfacet
  facet normal 0 0 1
    outer loop
      vertex -41.3427 74.1109 8.3
      vertex -41.3427 73.8891 8.3
      vertex -41.321 73.78 8.3
    endloop
  endfacet
  facet normal 0 -0 1
    outer loop
      vertex -41.3427 73.8891 8.3
      vertex -41.3427 74.1109 8.3
      vertex -41.35 74 8.3
    endloop
  endfacet
  facet normal -0.32108 -0.947052 0
    outer loop
      vertex -40.28 74.821 8.3
      vertex -40.1747 74.7853 17.3
      vertex -40.28 74.821 17.3
    endloop
  endfacet
  facet normal -0.32108 -0.947052 -0
    outer loop
      vertex -40.1747 74.7853 17.3
      vertex -40.28 74.821 8.3
      vertex -40.1747 74.7853 8.3
    endloop
  endfacet
  facet normal 0.659268 -0.751908 0
    outer loop
      vertex -41.101 74.601 8.3
      vertex -41.0174 74.6743 17.3
      vertex -41.101 74.601 17.3
    endloop
  endfacet
  facet normal 0.659268 -0.751908 0
    outer loop
      vertex -41.0174 74.6743 17.3
      vertex -41.101 74.601 8.3
      vertex -41.0174 74.6743 8.3
    endloop
  endfacet
  facet normal -0.555945 0.831219 0
    outer loop
      vertex -39.9826 73.3257 8.3
      vertex -40.075 73.2639 17.3
      vertex -39.9826 73.3257 17.3
    endloop
  endfacet
  facet normal -0.555945 0.831219 0
    outer loop
      vertex -40.075 73.2639 17.3
      vertex -39.9826 73.3257 8.3
      vertex -40.075 73.2639 8.3
    endloop
  endfacet
  facet normal 0.195079 -0.980788 0
    outer loop
      vertex -40.72 74.821 8.3
      vertex -40.6109 74.8427 17.3
      vertex -40.72 74.821 17.3
    endloop
  endfacet
  facet normal 0.195079 -0.980788 0
    outer loop
      vertex -40.6109 74.8427 17.3
      vertex -40.72 74.821 8.3
      vertex -40.6109 74.8427 8.3
    endloop
  endfacet
  facet normal 0.997841 0.0656829 -5.58408e-21
    outer loop
      vertex -41.3427 73.8891 17.3
      vertex -41.35 74 8.3
      vertex -41.35 74 17.3
    endloop
  endfacet
  facet normal 0.997841 0.0656829 -5.58408e-21
    outer loop
      vertex -41.35 74 8.3
      vertex -41.3427 73.8891 17.3
      vertex -41.3427 73.8891 8.3
    endloop
  endfacet
  facet normal 0.896754 0.44253 -3.66364e-19
    outer loop
      vertex -41.2361 73.575 17.3
      vertex -41.2853 73.6747 8.3
      vertex -41.2853 73.6747 17.3
    endloop
  endfacet
  facet normal 0.896754 0.44253 -3.66364e-19
    outer loop
      vertex -41.2853 73.6747 8.3
      vertex -41.2361 73.575 17.3
      vertex -41.2361 73.575 8.3
    endloop
  endfacet
  facet normal -0.0656829 -0.997841 0
    outer loop
      vertex -40.5 74.85 8.3
      vertex -40.3891 74.8427 17.3
      vertex -40.5 74.85 17.3
    endloop
  endfacet
  facet normal -0.0656829 -0.997841 -0
    outer loop
      vertex -40.3891 74.8427 17.3
      vertex -40.5 74.85 8.3
      vertex -40.3891 74.8427 8.3
    endloop
  endfacet
  facet normal 0.32108 0.947052 -0
    outer loop
      vertex -40.72 73.179 8.3
      vertex -40.8253 73.2147 17.3
      vertex -40.72 73.179 17.3
    endloop
  endfacet
  facet normal 0.32108 0.947052 0
    outer loop
      vertex -40.8253 73.2147 17.3
      vertex -40.72 73.179 8.3
      vertex -40.8253 73.2147 8.3
    endloop
  endfacet
  facet normal -0.195079 0.980788 0
    outer loop
      vertex -40.28 73.179 8.3
      vertex -40.3891 73.1573 17.3
      vertex -40.28 73.179 17.3
    endloop
  endfacet
  facet normal -0.195079 0.980788 0
    outer loop
      vertex -40.3891 73.1573 17.3
      vertex -40.28 73.179 8.3
      vertex -40.3891 73.1573 8.3
    endloop
  endfacet
  facet normal 0.44253 -0.896754 0
    outer loop
      vertex -40.925 74.7361 8.3
      vertex -40.8253 74.7853 17.3
      vertex -40.925 74.7361 17.3
    endloop
  endfacet
  facet normal 0.44253 -0.896754 0
    outer loop
      vertex -40.8253 74.7853 17.3
      vertex -40.925 74.7361 8.3
      vertex -40.8253 74.7853 8.3
    endloop
  endfacet
  facet normal -0.44253 -0.896754 0
    outer loop
      vertex -40.1747 74.7853 8.3
      vertex -40.075 74.7361 17.3
      vertex -40.1747 74.7853 17.3
    endloop
  endfacet
  facet normal -0.44253 -0.896754 -0
    outer loop
      vertex -40.075 74.7361 17.3
      vertex -40.1747 74.7853 8.3
      vertex -40.075 74.7361 8.3
    endloop
  endfacet
  facet normal -0.44253 0.896754 0
    outer loop
      vertex -40.075 73.2639 8.3
      vertex -40.1747 73.2147 17.3
      vertex -40.075 73.2639 17.3
    endloop
  endfacet
  facet normal -0.44253 0.896754 0
    outer loop
      vertex -40.1747 73.2147 17.3
      vertex -40.075 73.2639 8.3
      vertex -40.1747 73.2147 8.3
    endloop
  endfacet
  facet normal 0.980788 0.195079 -1.31109e-19
    outer loop
      vertex -41.321 73.78 17.3
      vertex -41.3427 73.8891 8.3
      vertex -41.3427 73.8891 17.3
    endloop
  endfacet
  facet normal 0.980788 0.195079 -1.31109e-19
    outer loop
      vertex -41.3427 73.8891 8.3
      vertex -41.321 73.78 17.3
      vertex -41.321 73.78 8.3
    endloop
  endfacet
  facet normal -0.997841 0.0656829 5.58408e-21
    outer loop
      vertex -39.6573 73.8891 8.3
      vertex -39.65 74 17.3
      vertex -39.65 74 8.3
    endloop
  endfacet
  facet normal -0.997841 0.0656829 5.58408e-21
    outer loop
      vertex -39.65 74 17.3
      vertex -39.6573 73.8891 8.3
      vertex -39.6573 73.8891 17.3
    endloop
  endfacet
  facet normal 0.555945 0.831219 -0
    outer loop
      vertex -40.925 73.2639 8.3
      vertex -41.0174 73.3257 17.3
      vertex -40.925 73.2639 17.3
    endloop
  endfacet
  facet normal 0.555945 0.831219 0
    outer loop
      vertex -41.0174 73.3257 17.3
      vertex -40.925 73.2639 8.3
      vertex -41.0174 73.3257 8.3
    endloop
  endfacet
  facet normal -0.751462 0.659776 3.95015e-19
    outer loop
      vertex -39.899 73.399 8.3
      vertex -39.8256 73.4826 17.3
      vertex -39.8256 73.4826 8.3
    endloop
  endfacet
  facet normal -0.751462 0.659776 3.95015e-19
    outer loop
      vertex -39.8256 73.4826 17.3
      vertex -39.899 73.399 8.3
      vertex -39.899 73.399 17.3
    endloop
  endfacet
  facet normal -0.831635 0.555323 -4.28437e-19
    outer loop
      vertex -39.8256 73.4826 8.3
      vertex -39.7639 73.575 17.3
      vertex -39.7639 73.575 8.3
    endloop
  endfacet
  facet normal -0.831635 0.555323 -4.28437e-19
    outer loop
      vertex -39.7639 73.575 17.3
      vertex -39.8256 73.4826 8.3
      vertex -39.8256 73.4826 17.3
    endloop
  endfacet
  facet normal 0.751462 0.659776 -3.95015e-19
    outer loop
      vertex -41.101 73.399 17.3
      vertex -41.1744 73.4826 8.3
      vertex -41.1744 73.4826 17.3
    endloop
  endfacet
  facet normal 0.751462 0.659776 -3.95015e-19
    outer loop
      vertex -41.1744 73.4826 8.3
      vertex -41.101 73.399 17.3
      vertex -41.101 73.399 8.3
    endloop
  endfacet
  facet normal 0.751462 -0.659776 3.95015e-19
    outer loop
      vertex -41.1744 74.5174 17.3
      vertex -41.101 74.601 8.3
      vertex -41.101 74.601 17.3
    endloop
  endfacet
  facet normal 0.751462 -0.659776 3.95015e-19
    outer loop
      vertex -41.101 74.601 8.3
      vertex -41.1744 74.5174 17.3
      vertex -41.1744 74.5174 8.3
    endloop
  endfacet
  facet normal 0.831635 -0.555323 -4.28437e-19
    outer loop
      vertex -41.2361 74.425 17.3
      vertex -41.1744 74.5174 8.3
      vertex -41.1744 74.5174 17.3
    endloop
  endfacet
  facet normal 0.831635 -0.555323 -4.28437e-19
    outer loop
      vertex -41.1744 74.5174 8.3
      vertex -41.2361 74.425 17.3
      vertex -41.2361 74.425 8.3
    endloop
  endfacet
  facet normal 0.659268 0.751908 -0
    outer loop
      vertex -41.0174 73.3257 8.3
      vertex -41.101 73.399 17.3
      vertex -41.0174 73.3257 17.3
    endloop
  endfacet
  facet normal 0.659268 0.751908 0
    outer loop
      vertex -41.101 73.399 17.3
      vertex -41.0174 73.3257 8.3
      vertex -41.101 73.399 8.3
    endloop
  endfacet
  facet normal -0.947052 0.32108 1.61003e-19
    outer loop
      vertex -39.7147 73.6747 8.3
      vertex -39.679 73.78 17.3
      vertex -39.679 73.78 8.3
    endloop
  endfacet
  facet normal -0.947052 0.32108 1.61003e-19
    outer loop
      vertex -39.679 73.78 17.3
      vertex -39.7147 73.6747 8.3
      vertex -39.7147 73.6747 17.3
    endloop
  endfacet
  facet normal 0.831635 0.555323 4.28437e-19
    outer loop
      vertex -41.1744 73.4826 17.3
      vertex -41.2361 73.575 8.3
      vertex -41.2361 73.575 17.3
    endloop
  endfacet
  facet normal 0.831635 0.555323 4.28437e-19
    outer loop
      vertex -41.2361 73.575 8.3
      vertex -41.1744 73.4826 17.3
      vertex -41.1744 73.4826 8.3
    endloop
  endfacet
  facet normal -0.896754 0.44253 3.66364e-19
    outer loop
      vertex -39.7639 73.575 8.3
      vertex -39.7147 73.6747 17.3
      vertex -39.7147 73.6747 8.3
    endloop
  endfacet
  facet normal -0.896754 0.44253 3.66364e-19
    outer loop
      vertex -39.7147 73.6747 17.3
      vertex -39.7639 73.575 8.3
      vertex -39.7639 73.575 17.3
    endloop
  endfacet
  facet normal 0.195079 0.980788 -0
    outer loop
      vertex -40.6109 73.1573 8.3
      vertex -40.72 73.179 17.3
      vertex -40.6109 73.1573 17.3
    endloop
  endfacet
  facet normal 0.195079 0.980788 0
    outer loop
      vertex -40.72 73.179 17.3
      vertex -40.6109 73.1573 8.3
      vertex -40.72 73.179 8.3
    endloop
  endfacet
  facet normal -0.0656829 0.997841 0
    outer loop
      vertex -40.3891 73.1573 8.3
      vertex -40.5 73.15 17.3
      vertex -40.3891 73.1573 17.3
    endloop
  endfacet
  facet normal -0.0656829 0.997841 0
    outer loop
      vertex -40.5 73.15 17.3
      vertex -40.3891 73.1573 8.3
      vertex -40.5 73.15 8.3
    endloop
  endfacet
  facet normal 0.44253 0.896754 -0
    outer loop
      vertex -40.8253 73.2147 8.3
      vertex -40.925 73.2639 17.3
      vertex -40.8253 73.2147 17.3
    endloop
  endfacet
  facet normal 0.44253 0.896754 0
    outer loop
      vertex -40.925 73.2639 17.3
      vertex -40.8253 73.2147 8.3
      vertex -40.925 73.2639 8.3
    endloop
  endfacet
  facet normal -0.195079 -0.980788 0
    outer loop
      vertex -40.3891 74.8427 8.3
      vertex -40.28 74.821 17.3
      vertex -40.3891 74.8427 17.3
    endloop
  endfacet
  facet normal -0.195079 -0.980788 -0
    outer loop
      vertex -40.28 74.821 17.3
      vertex -40.3891 74.8427 8.3
      vertex -40.28 74.821 8.3
    endloop
  endfacet
  facet normal -0.659268 0.751908 0
    outer loop
      vertex -39.899 73.399 8.3
      vertex -39.9826 73.3257 17.3
      vertex -39.899 73.399 17.3
    endloop
  endfacet
  facet normal -0.659268 0.751908 0
    outer loop
      vertex -39.9826 73.3257 17.3
      vertex -39.899 73.399 8.3
      vertex -39.9826 73.3257 8.3
    endloop
  endfacet
  facet normal -0.555945 -0.831219 0
    outer loop
      vertex -40.075 74.7361 8.3
      vertex -39.9826 74.6743 17.3
      vertex -40.075 74.7361 17.3
    endloop
  endfacet
  facet normal -0.555945 -0.831219 -0
    outer loop
      vertex -39.9826 74.6743 17.3
      vertex -40.075 74.7361 8.3
      vertex -39.9826 74.6743 8.3
    endloop
  endfacet
  facet normal 0.32108 -0.947052 0
    outer loop
      vertex -40.8253 74.7853 8.3
      vertex -40.72 74.821 17.3
      vertex -40.8253 74.7853 17.3
    endloop
  endfacet
  facet normal 0.32108 -0.947052 0
    outer loop
      vertex -40.72 74.821 17.3
      vertex -40.8253 74.7853 8.3
      vertex -40.72 74.821 8.3
    endloop
  endfacet
  facet normal 0.0656829 0.997841 -0
    outer loop
      vertex -40.5 73.15 8.3
      vertex -40.6109 73.1573 17.3
      vertex -40.5 73.15 17.3
    endloop
  endfacet
  facet normal 0.0656829 0.997841 0
    outer loop
      vertex -40.6109 73.1573 17.3
      vertex -40.5 73.15 8.3
      vertex -40.6109 73.1573 8.3
    endloop
  endfacet
  facet normal 0.896754 -0.44253 3.66364e-19
    outer loop
      vertex -41.2853 74.3253 17.3
      vertex -41.2361 74.425 8.3
      vertex -41.2361 74.425 17.3
    endloop
  endfacet
  facet normal 0.896754 -0.44253 3.66364e-19
    outer loop
      vertex -41.2361 74.425 8.3
      vertex -41.2853 74.3253 17.3
      vertex -41.2853 74.3253 8.3
    endloop
  endfacet
  facet normal 0.980788 -0.195079 1.31109e-19
    outer loop
      vertex -41.3427 74.1109 17.3
      vertex -41.321 74.22 8.3
      vertex -41.321 74.22 17.3
    endloop
  endfacet
  facet normal 0.980788 -0.195079 1.31109e-19
    outer loop
      vertex -41.321 74.22 8.3
      vertex -41.3427 74.1109 17.3
      vertex -41.3427 74.1109 8.3
    endloop
  endfacet
  facet normal -0.751462 -0.659776 -3.95015e-19
    outer loop
      vertex -39.8256 74.5174 8.3
      vertex -39.899 74.601 17.3
      vertex -39.899 74.601 8.3
    endloop
  endfacet
  facet normal -0.751462 -0.659776 -3.95015e-19
    outer loop
      vertex -39.899 74.601 17.3
      vertex -39.8256 74.5174 8.3
      vertex -39.8256 74.5174 17.3
    endloop
  endfacet
  facet normal -0.659268 -0.751908 0
    outer loop
      vertex -39.9826 74.6743 8.3
      vertex -39.899 74.601 17.3
      vertex -39.9826 74.6743 17.3
    endloop
  endfacet
  facet normal -0.659268 -0.751908 -0
    outer loop
      vertex -39.899 74.601 17.3
      vertex -39.9826 74.6743 8.3
      vertex -39.899 74.601 8.3
    endloop
  endfacet
  facet normal 0.0656829 -0.997841 0
    outer loop
      vertex -40.6109 74.8427 8.3
      vertex -40.5 74.85 17.3
      vertex -40.6109 74.8427 17.3
    endloop
  endfacet
  facet normal 0.0656829 -0.997841 0
    outer loop
      vertex -40.5 74.85 17.3
      vertex -40.6109 74.8427 8.3
      vertex -40.5 74.85 8.3
    endloop
  endfacet
  facet normal 0.947052 -0.32108 1.61003e-19
    outer loop
      vertex -41.321 74.22 17.3
      vertex -41.2853 74.3253 8.3
      vertex -41.2853 74.3253 17.3
    endloop
  endfacet
  facet normal 0.947052 -0.32108 1.61003e-19
    outer loop
      vertex -41.2853 74.3253 8.3
      vertex -41.321 74.22 17.3
      vertex -41.321 74.22 8.3
    endloop
  endfacet
  facet normal 0.997841 -0.0656829 5.58408e-21
    outer loop
      vertex -41.35 74 17.3
      vertex -41.3427 74.1109 8.3
      vertex -41.3427 74.1109 17.3
    endloop
  endfacet
  facet normal 0.997841 -0.0656829 5.58408e-21
    outer loop
      vertex -41.3427 74.1109 8.3
      vertex -41.35 74 17.3
      vertex -41.35 74 8.3
    endloop
  endfacet
  facet normal -0.980788 -0.195079 -1.31109e-19
    outer loop
      vertex 41.3427 74.1109 8.3
      vertex 41.321 74.22 17.3
      vertex 41.321 74.22 8.3
    endloop
  endfacet
  facet normal -0.980788 -0.195079 -1.31109e-19
    outer loop
      vertex 41.321 74.22 17.3
      vertex 41.3427 74.1109 8.3
      vertex 41.3427 74.1109 17.3
    endloop
  endfacet
  facet normal -0.997841 -0.0656829 -5.58408e-21
    outer loop
      vertex 41.35 74 8.3
      vertex 41.3427 74.1109 17.3
      vertex 41.3427 74.1109 8.3
    endloop
  endfacet
  facet normal -0.997841 -0.0656829 -5.58408e-21
    outer loop
      vertex 41.3427 74.1109 17.3
      vertex 41.35 74 8.3
      vertex 41.35 74 17.3
    endloop
  endfacet
  facet normal -0.947052 -0.32108 -1.61003e-19
    outer loop
      vertex 41.321 74.22 8.3
      vertex 41.2853 74.3253 17.3
      vertex 41.2853 74.3253 8.3
    endloop
  endfacet
  facet normal -0.947052 -0.32108 -1.61003e-19
    outer loop
      vertex 41.2853 74.3253 17.3
      vertex 41.321 74.22 8.3
      vertex 41.321 74.22 17.3
    endloop
  endfacet
  facet normal -0.831635 -0.555323 4.28437e-19
    outer loop
      vertex 41.2361 74.425 8.3
      vertex 41.1744 74.5174 17.3
      vertex 41.1744 74.5174 8.3
    endloop
  endfacet
  facet normal -0.831635 -0.555323 4.28437e-19
    outer loop
      vertex 41.1744 74.5174 17.3
      vertex 41.2361 74.425 8.3
      vertex 41.2361 74.425 17.3
    endloop
  endfacet
  facet normal 0.947052 0.32108 -1.61003e-19
    outer loop
      vertex 39.7147 73.6747 17.3
      vertex 39.679 73.78 8.3
      vertex 39.679 73.78 17.3
    endloop
  endfacet
  facet normal 0.947052 0.32108 -1.61003e-19
    outer loop
      vertex 39.679 73.78 8.3
      vertex 39.7147 73.6747 17.3
      vertex 39.7147 73.6747 8.3
    endloop
  endfacet
  facet normal -0.32108 0.947052 0
    outer loop
      vertex 40.8253 73.2147 8.3
      vertex 40.72 73.179 17.3
      vertex 40.8253 73.2147 17.3
    endloop
  endfacet
  facet normal -0.32108 0.947052 0
    outer loop
      vertex 40.72 73.179 17.3
      vertex 40.8253 73.2147 8.3
      vertex 40.72 73.179 8.3
    endloop
  endfacet
  facet normal -0.896754 -0.44253 -3.66364e-19
    outer loop
      vertex 41.2853 74.3253 8.3
      vertex 41.2361 74.425 17.3
      vertex 41.2361 74.425 8.3
    endloop
  endfacet
  facet normal -0.896754 -0.44253 -3.66364e-19
    outer loop
      vertex 41.2361 74.425 17.3
      vertex 41.2853 74.3253 8.3
      vertex 41.2853 74.3253 17.3
    endloop
  endfacet
  facet normal 0.555945 -0.831219 0
    outer loop
      vertex 39.9826 74.6743 8.3
      vertex 40.075 74.7361 17.3
      vertex 39.9826 74.6743 17.3
    endloop
  endfacet
  facet normal 0.555945 -0.831219 0
    outer loop
      vertex 40.075 74.7361 17.3
      vertex 39.9826 74.6743 8.3
      vertex 40.075 74.7361 8.3
    endloop
  endfacet
  facet normal -0.980788 0.195079 1.31109e-19
    outer loop
      vertex 41.321 73.78 8.3
      vertex 41.3427 73.8891 17.3
      vertex 41.3427 73.8891 8.3
    endloop
  endfacet
  facet normal -0.980788 0.195079 1.31109e-19
    outer loop
      vertex 41.3427 73.8891 17.3
      vertex 41.321 73.78 8.3
      vertex 41.321 73.78 17.3
    endloop
  endfacet
  facet normal 0 0 1
    outer loop
      vertex 41.3427 74.1109 8.3
      vertex 41.3427 73.8891 8.3
      vertex 41.35 74 8.3
    endloop
  endfacet
  facet normal 0 0 1
    outer loop
      vertex 41.321 74.22 8.3
      vertex 41.3427 73.8891 8.3
      vertex 41.3427 74.1109 8.3
    endloop
  endfacet
  facet normal 0 0 1
    outer loop
      vertex 41.321 74.22 8.3
      vertex 41.321 73.78 8.3
      vertex 41.3427 73.8891 8.3
    endloop
  endfacet
  facet normal 0 0 1
    outer loop
      vertex 41.2853 74.3253 8.3
      vertex 41.321 73.78 8.3
      vertex 41.321 74.22 8.3
    endloop
  endfacet
  facet normal 0 0 1
    outer loop
      vertex 41.2853 74.3253 8.3
      vertex 41.2853 73.6747 8.3
      vertex 41.321 73.78 8.3
    endloop
  endfacet
  facet normal 0 0 1
    outer loop
      vertex 41.2361 74.425 8.3
      vertex 41.2853 73.6747 8.3
      vertex 41.2853 74.3253 8.3
    endloop
  endfacet
  facet normal 0 0 1
    outer loop
      vertex 41.2361 74.425 8.3
      vertex 41.2361 73.575 8.3
      vertex 41.2853 73.6747 8.3
    endloop
  endfacet
  facet normal 0 0 1
    outer loop
      vertex 41.1744 74.5174 8.3
      vertex 41.2361 73.575 8.3
      vertex 41.2361 74.425 8.3
    endloop
  endfacet
  facet normal 0 0 1
    outer loop
      vertex 41.1744 74.5174 8.3
      vertex 41.1744 73.4826 8.3
      vertex 41.2361 73.575 8.3
    endloop
  endfacet
  facet normal 0 0 1
    outer loop
      vertex 41.101 74.601 8.3
      vertex 41.1744 73.4826 8.3
      vertex 41.1744 74.5174 8.3
    endloop
  endfacet
  facet normal 0 0 1
    outer loop
      vertex 41.101 74.601 8.3
      vertex 41.101 73.399 8.3
      vertex 41.1744 73.4826 8.3
    endloop
  endfacet
  facet normal 0 0 1
    outer loop
      vertex 41.0174 74.6743 8.3
      vertex 41.101 73.399 8.3
      vertex 41.101 74.601 8.3
    endloop
  endfacet
  facet normal 0 0 1
    outer loop
      vertex 41.0174 74.6743 8.3
      vertex 41.0174 73.3257 8.3
      vertex 41.101 73.399 8.3
    endloop
  endfacet
  facet normal 0 0 1
    outer loop
      vertex 40.925 74.7361 8.3
      vertex 41.0174 73.3257 8.3
      vertex 41.0174 74.6743 8.3
    endloop
  endfacet
  facet normal 0 0 1
    outer loop
      vertex 40.925 74.7361 8.3
      vertex 40.925 73.2639 8.3
      vertex 41.0174 73.3257 8.3
    endloop
  endfacet
  facet normal 0 0 1
    outer loop
      vertex 40.8253 74.7853 8.3
      vertex 40.925 73.2639 8.3
      vertex 40.925 74.7361 8.3
    endloop
  endfacet
  facet normal 0 0 1
    outer loop
      vertex 40.8253 74.7853 8.3
      vertex 40.8253 73.2147 8.3
      vertex 40.925 73.2639 8.3
    endloop
  endfacet
  facet normal 0 0 1
    outer loop
      vertex 40.72 74.821 8.3
      vertex 40.8253 73.2147 8.3
      vertex 40.8253 74.7853 8.3
    endloop
  endfacet
  facet normal 0 0 1
    outer loop
      vertex 40.72 74.821 8.3
      vertex 40.72 73.179 8.3
      vertex 40.8253 73.2147 8.3
    endloop
  endfacet
  facet normal 0 0 1
    outer loop
      vertex 40.6109 74.8427 8.3
      vertex 40.72 73.179 8.3
      vertex 40.72 74.821 8.3
    endloop
  endfacet
  facet normal 0 0 1
    outer loop
      vertex 40.6109 74.8427 8.3
      vertex 40.6109 73.1573 8.3
      vertex 40.72 73.179 8.3
    endloop
  endfacet
  facet normal 0 0 1
    outer loop
      vertex 40.5 74.85 8.3
      vertex 40.6109 73.1573 8.3
      vertex 40.6109 74.8427 8.3
    endloop
  endfacet
  facet normal 0 0 1
    outer loop
      vertex 40.5 74.85 8.3
      vertex 40.5 73.15 8.3
      vertex 40.6109 73.1573 8.3
    endloop
  endfacet
  facet normal -0 0 1
    outer loop
      vertex 40.3891 74.8427 8.3
      vertex 40.5 73.15 8.3
      vertex 40.5 74.85 8.3
    endloop
  endfacet
  facet normal 0 0 1
    outer loop
      vertex 40.3891 74.8427 8.3
      vertex 40.3891 73.1573 8.3
      vertex 40.5 73.15 8.3
    endloop
  endfacet
  facet normal -0 0 1
    outer loop
      vertex 40.28 74.821 8.3
      vertex 40.3891 73.1573 8.3
      vertex 40.3891 74.8427 8.3
    endloop
  endfacet
  facet normal 0 0 1
    outer loop
      vertex 40.28 74.821 8.3
      vertex 40.28 73.179 8.3
      vertex 40.3891 73.1573 8.3
    endloop
  endfacet
  facet normal -0 0 1
    outer loop
      vertex 40.1747 74.7853 8.3
      vertex 40.28 73.179 8.3
      vertex 40.28 74.821 8.3
    endloop
  endfacet
  facet normal 0 0 1
    outer loop
      vertex 40.1747 74.7853 8.3
      vertex 40.1747 73.2147 8.3
      vertex 40.28 73.179 8.3
    endloop
  endfacet
  facet normal -0 0 1
    outer loop
      vertex 40.075 74.7361 8.3
      vertex 40.1747 73.2147 8.3
      vertex 40.1747 74.7853 8.3
    endloop
  endfacet
  facet normal 0 0 1
    outer loop
      vertex 40.075 74.7361 8.3
      vertex 40.075 73.2639 8.3
      vertex 40.1747 73.2147 8.3
    endloop
  endfacet
  facet normal -0 0 1
    outer loop
      vertex 39.9826 74.6743 8.3
      vertex 40.075 73.2639 8.3
      vertex 40.075 74.7361 8.3
    endloop
  endfacet
  facet normal 0 0 1
    outer loop
      vertex 39.9826 74.6743 8.3
      vertex 39.9826 73.3257 8.3
      vertex 40.075 73.2639 8.3
    endloop
  endfacet
  facet normal -0 0 1
    outer loop
      vertex 39.899 74.601 8.3
      vertex 39.9826 73.3257 8.3
      vertex 39.9826 74.6743 8.3
    endloop
  endfacet
  facet normal 0 0 1
    outer loop
      vertex 39.899 74.601 8.3
      vertex 39.899 73.399 8.3
      vertex 39.9826 73.3257 8.3
    endloop
  endfacet
  facet normal -0 0 1
    outer loop
      vertex 39.8256 74.5174 8.3
      vertex 39.899 73.399 8.3
      vertex 39.899 74.601 8.3
    endloop
  endfacet
  facet normal 0 0 1
    outer loop
      vertex 39.8256 74.5174 8.3
      vertex 39.8256 73.4826 8.3
      vertex 39.899 73.399 8.3
    endloop
  endfacet
  facet normal -0 0 1
    outer loop
      vertex 39.7639 74.425 8.3
      vertex 39.8256 73.4826 8.3
      vertex 39.8256 74.5174 8.3
    endloop
  endfacet
  facet normal 0 0 1
    outer loop
      vertex 39.7639 74.425 8.3
      vertex 39.7639 73.575 8.3
      vertex 39.8256 73.4826 8.3
    endloop
  endfacet
  facet normal -0 0 1
    outer loop
      vertex 39.7147 74.3253 8.3
      vertex 39.7639 73.575 8.3
      vertex 39.7639 74.425 8.3
    endloop
  endfacet
  facet normal 0 0 1
    outer loop
      vertex 39.7147 74.3253 8.3
      vertex 39.7147 73.6747 8.3
      vertex 39.7639 73.575 8.3
    endloop
  endfacet
  facet normal -0 0 1
    outer loop
      vertex 39.679 74.22 8.3
      vertex 39.7147 73.6747 8.3
      vertex 39.7147 74.3253 8.3
    endloop
  endfacet
  facet normal 0 0 1
    outer loop
      vertex 39.679 74.22 8.3
      vertex 39.679 73.78 8.3
      vertex 39.7147 73.6747 8.3
    endloop
  endfacet
  facet normal -0 0 1
    outer loop
      vertex 39.6573 74.1109 8.3
      vertex 39.679 73.78 8.3
      vertex 39.679 74.22 8.3
    endloop
  endfacet
  facet normal 0 0 1
    outer loop
      vertex 39.6573 74.1109 8.3
      vertex 39.6573 73.8891 8.3
      vertex 39.679 73.78 8.3
    endloop
  endfacet
  facet normal 0 -0 1
    outer loop
      vertex 39.6573 73.8891 8.3
      vertex 39.6573 74.1109 8.3
      vertex 39.65 74 8.3
    endloop
  endfacet
  facet normal -0.32108 -0.947052 0
    outer loop
      vertex 40.72 74.821 8.3
      vertex 40.8253 74.7853 17.3
      vertex 40.72 74.821 17.3
    endloop
  endfacet
  facet normal -0.32108 -0.947052 -0
    outer loop
      vertex 40.8253 74.7853 17.3
      vertex 40.72 74.821 8.3
      vertex 40.8253 74.7853 8.3
    endloop
  endfacet
  facet normal 0.659268 -0.751908 0
    outer loop
      vertex 39.899 74.601 8.3
      vertex 39.9826 74.6743 17.3
      vertex 39.899 74.601 17.3
    endloop
  endfacet
  facet normal 0.659268 -0.751908 0
    outer loop
      vertex 39.9826 74.6743 17.3
      vertex 39.899 74.601 8.3
      vertex 39.9826 74.6743 8.3
    endloop
  endfacet
  facet normal -0.555945 0.831219 0
    outer loop
      vertex 41.0174 73.3257 8.3
      vertex 40.925 73.2639 17.3
      vertex 41.0174 73.3257 17.3
    endloop
  endfacet
  facet normal -0.555945 0.831219 0
    outer loop
      vertex 40.925 73.2639 17.3
      vertex 41.0174 73.3257 8.3
      vertex 40.925 73.2639 8.3
    endloop
  endfacet
  facet normal 0.195079 -0.980788 0
    outer loop
      vertex 40.28 74.821 8.3
      vertex 40.3891 74.8427 17.3
      vertex 40.28 74.821 17.3
    endloop
  endfacet
  facet normal 0.195079 -0.980788 0
    outer loop
      vertex 40.3891 74.8427 17.3
      vertex 40.28 74.821 8.3
      vertex 40.3891 74.8427 8.3
    endloop
  endfacet
  facet normal 0.997841 0.0656829 -5.58408e-21
    outer loop
      vertex 39.6573 73.8891 17.3
      vertex 39.65 74 8.3
      vertex 39.65 74 17.3
    endloop
  endfacet
  facet normal 0.997841 0.0656829 -5.58408e-21
    outer loop
      vertex 39.65 74 8.3
      vertex 39.6573 73.8891 17.3
      vertex 39.6573 73.8891 8.3
    endloop
  endfacet
  facet normal 0.896754 0.44253 -3.66364e-19
    outer loop
      vertex 39.7639 73.575 17.3
      vertex 39.7147 73.6747 8.3
      vertex 39.7147 73.6747 17.3
    endloop
  endfacet
  facet normal 0.896754 0.44253 -3.66364e-19
    outer loop
      vertex 39.7147 73.6747 8.3
      vertex 39.7639 73.575 17.3
      vertex 39.7639 73.575 8.3
    endloop
  endfacet
  facet normal -0.0656829 -0.997841 0
    outer loop
      vertex 40.5 74.85 8.3
      vertex 40.6109 74.8427 17.3
      vertex 40.5 74.85 17.3
    endloop
  endfacet
  facet normal -0.0656829 -0.997841 -0
    outer loop
      vertex 40.6109 74.8427 17.3
      vertex 40.5 74.85 8.3
      vertex 40.6109 74.8427 8.3
    endloop
  endfacet
  facet normal 0.32108 0.947052 -0
    outer loop
      vertex 40.28 73.179 8.3
      vertex 40.1747 73.2147 17.3
      vertex 40.28 73.179 17.3
    endloop
  endfacet
  facet normal 0.32108 0.947052 0
    outer loop
      vertex 40.1747 73.2147 17.3
      vertex 40.28 73.179 8.3
      vertex 40.1747 73.2147 8.3
    endloop
  endfacet
  facet normal -0.195079 0.980788 0
    outer loop
      vertex 40.72 73.179 8.3
      vertex 40.6109 73.1573 17.3
      vertex 40.72 73.179 17.3
    endloop
  endfacet
  facet normal -0.195079 0.980788 0
    outer loop
      vertex 40.6109 73.1573 17.3
      vertex 40.72 73.179 8.3
      vertex 40.6109 73.1573 8.3
    endloop
  endfacet
  facet normal 0.44253 -0.896754 0
    outer loop
      vertex 40.075 74.7361 8.3
      vertex 40.1747 74.7853 17.3
      vertex 40.075 74.7361 17.3
    endloop
  endfacet
  facet normal 0.44253 -0.896754 0
    outer loop
      vertex 40.1747 74.7853 17.3
      vertex 40.075 74.7361 8.3
      vertex 40.1747 74.7853 8.3
    endloop
  endfacet
  facet normal 0.0656829 -0.997841 0
    outer loop
      vertex 40.3891 74.8427 8.3
      vertex 40.5 74.85 17.3
      vertex 40.3891 74.8427 17.3
    endloop
  endfacet
  facet normal 0.0656829 -0.997841 0
    outer loop
      vertex 40.5 74.85 17.3
      vertex 40.3891 74.8427 8.3
      vertex 40.5 74.85 8.3
    endloop
  endfacet
  facet normal -0.44253 -0.896754 0
    outer loop
      vertex 40.8253 74.7853 8.3
      vertex 40.925 74.7361 17.3
      vertex 40.8253 74.7853 17.3
    endloop
  endfacet
  facet normal -0.44253 -0.896754 -0
    outer loop
      vertex 40.925 74.7361 17.3
      vertex 40.8253 74.7853 8.3
      vertex 40.925 74.7361 8.3
    endloop
  endfacet
  facet normal -0.44253 0.896754 0
    outer loop
      vertex 40.925 73.2639 8.3
      vertex 40.8253 73.2147 17.3
      vertex 40.925 73.2639 17.3
    endloop
  endfacet
  facet normal -0.44253 0.896754 0
    outer loop
      vertex 40.8253 73.2147 17.3
      vertex 40.925 73.2639 8.3
      vertex 40.8253 73.2147 8.3
    endloop
  endfacet
  facet normal 0.980788 0.195079 -1.31109e-19
    outer loop
      vertex 39.679 73.78 17.3
      vertex 39.6573 73.8891 8.3
      vertex 39.6573 73.8891 17.3
    endloop
  endfacet
  facet normal 0.980788 0.195079 -1.31109e-19
    outer loop
      vertex 39.6573 73.8891 8.3
      vertex 39.679 73.78 17.3
      vertex 39.679 73.78 8.3
    endloop
  endfacet
  facet normal -0.997841 0.0656829 5.58408e-21
    outer loop
      vertex 41.3427 73.8891 8.3
      vertex 41.35 74 17.3
      vertex 41.35 74 8.3
    endloop
  endfacet
  facet normal -0.997841 0.0656829 5.58408e-21
    outer loop
      vertex 41.35 74 17.3
      vertex 41.3427 73.8891 8.3
      vertex 41.3427 73.8891 17.3
    endloop
  endfacet
  facet normal 0.555945 0.831219 -0
    outer loop
      vertex 40.075 73.2639 8.3
      vertex 39.9826 73.3257 17.3
      vertex 40.075 73.2639 17.3
    endloop
  endfacet
  facet normal 0.555945 0.831219 0
    outer loop
      vertex 39.9826 73.3257 17.3
      vertex 40.075 73.2639 8.3
      vertex 39.9826 73.3257 8.3
    endloop
  endfacet
  facet normal -0.751462 0.659776 3.95015e-19
    outer loop
      vertex 41.101 73.399 8.3
      vertex 41.1744 73.4826 17.3
      vertex 41.1744 73.4826 8.3
    endloop
  endfacet
  facet normal -0.751462 0.659776 3.95015e-19
    outer loop
      vertex 41.1744 73.4826 17.3
      vertex 41.101 73.399 8.3
      vertex 41.101 73.399 17.3
    endloop
  endfacet
  facet normal -0.831635 0.555323 -4.28437e-19
    outer loop
      vertex 41.1744 73.4826 8.3
      vertex 41.2361 73.575 17.3
      vertex 41.2361 73.575 8.3
    endloop
  endfacet
  facet normal -0.831635 0.555323 -4.28437e-19
    outer loop
      vertex 41.2361 73.575 17.3
      vertex 41.1744 73.4826 8.3
      vertex 41.1744 73.4826 17.3
    endloop
  endfacet
  facet normal 0.751462 0.659776 -3.95015e-19
    outer loop
      vertex 39.899 73.399 17.3
      vertex 39.8256 73.4826 8.3
      vertex 39.8256 73.4826 17.3
    endloop
  endfacet
  facet normal 0.751462 0.659776 -3.95015e-19
    outer loop
      vertex 39.8256 73.4826 8.3
      vertex 39.899 73.399 17.3
      vertex 39.899 73.399 8.3
    endloop
  endfacet
  facet normal 0.751462 -0.659776 3.95015e-19
    outer loop
      vertex 39.8256 74.5174 17.3
      vertex 39.899 74.601 8.3
      vertex 39.899 74.601 17.3
    endloop
  endfacet
  facet normal 0.751462 -0.659776 3.95015e-19
    outer loop
      vertex 39.899 74.601 8.3
      vertex 39.8256 74.5174 17.3
      vertex 39.8256 74.5174 8.3
    endloop
  endfacet
  facet normal -0.947052 0.32108 1.61003e-19
    outer loop
      vertex 41.2853 73.6747 8.3
      vertex 41.321 73.78 17.3
      vertex 41.321 73.78 8.3
    endloop
  endfacet
  facet normal -0.947052 0.32108 1.61003e-19
    outer loop
      vertex 41.321 73.78 17.3
      vertex 41.2853 73.6747 8.3
      vertex 41.2853 73.6747 17.3
    endloop
  endfacet
  facet normal 0.831635 0.555323 4.28437e-19
    outer loop
      vertex 39.8256 73.4826 17.3
      vertex 39.7639 73.575 8.3
      vertex 39.7639 73.575 17.3
    endloop
  endfacet
  facet normal 0.831635 0.555323 4.28437e-19
    outer loop
      vertex 39.7639 73.575 8.3
      vertex 39.8256 73.4826 17.3
      vertex 39.8256 73.4826 8.3
    endloop
  endfacet
  facet normal -0.896754 0.44253 3.66364e-19
    outer loop
      vertex 41.2361 73.575 8.3
      vertex 41.2853 73.6747 17.3
      vertex 41.2853 73.6747 8.3
    endloop
  endfacet
  facet normal -0.896754 0.44253 3.66364e-19
    outer loop
      vertex 41.2853 73.6747 17.3
      vertex 41.2361 73.575 8.3
      vertex 41.2361 73.575 17.3
    endloop
  endfacet
  facet normal 0.195079 0.980788 -0
    outer loop
      vertex 40.3891 73.1573 8.3
      vertex 40.28 73.179 17.3
      vertex 40.3891 73.1573 17.3
    endloop
  endfacet
  facet normal 0.195079 0.980788 0
    outer loop
      vertex 40.28 73.179 17.3
      vertex 40.3891 73.1573 8.3
      vertex 40.28 73.179 8.3
    endloop
  endfacet
  facet normal -0.0656829 0.997841 0
    outer loop
      vertex 40.6109 73.1573 8.3
      vertex 40.5 73.15 17.3
      vertex 40.6109 73.1573 17.3
    endloop
  endfacet
  facet normal -0.0656829 0.997841 0
    outer loop
      vertex 40.5 73.15 17.3
      vertex 40.6109 73.1573 8.3
      vertex 40.5 73.15 8.3
    endloop
  endfacet
  facet normal 0.44253 0.896754 -0
    outer loop
      vertex 40.1747 73.2147 8.3
      vertex 40.075 73.2639 17.3
      vertex 40.1747 73.2147 17.3
    endloop
  endfacet
  facet normal 0.44253 0.896754 0
    outer loop
      vertex 40.075 73.2639 17.3
      vertex 40.1747 73.2147 8.3
      vertex 40.075 73.2639 8.3
    endloop
  endfacet
  facet normal -0.195079 -0.980788 0
    outer loop
      vertex 40.6109 74.8427 8.3
      vertex 40.72 74.821 17.3
      vertex 40.6109 74.8427 17.3
    endloop
  endfacet
  facet normal -0.195079 -0.980788 -0
    outer loop
      vertex 40.72 74.821 17.3
      vertex 40.6109 74.8427 8.3
      vertex 40.72 74.821 8.3
    endloop
  endfacet
  facet normal -0.659268 0.751908 0
    outer loop
      vertex 41.101 73.399 8.3
      vertex 41.0174 73.3257 17.3
      vertex 41.101 73.399 17.3
    endloop
  endfacet
  facet normal -0.659268 0.751908 0
    outer loop
      vertex 41.0174 73.3257 17.3
      vertex 41.101 73.399 8.3
      vertex 41.0174 73.3257 8.3
    endloop
  endfacet
  facet normal -0.555945 -0.831219 0
    outer loop
      vertex 40.925 74.7361 8.3
      vertex 41.0174 74.6743 17.3
      vertex 40.925 74.7361 17.3
    endloop
  endfacet
  facet normal -0.555945 -0.831219 -0
    outer loop
      vertex 41.0174 74.6743 17.3
      vertex 40.925 74.7361 8.3
      vertex 41.0174 74.6743 8.3
    endloop
  endfacet
  facet normal 0.32108 -0.947052 0
    outer loop
      vertex 40.1747 74.7853 8.3
      vertex 40.28 74.821 17.3
      vertex 40.1747 74.7853 17.3
    endloop
  endfacet
  facet normal 0.32108 -0.947052 0
    outer loop
      vertex 40.28 74.821 17.3
      vertex 40.1747 74.7853 8.3
      vertex 40.28 74.821 8.3
    endloop
  endfacet
  facet normal 0.0656829 0.997841 -0
    outer loop
      vertex 40.5 73.15 8.3
      vertex 40.3891 73.1573 17.3
      vertex 40.5 73.15 17.3
    endloop
  endfacet
  facet normal 0.0656829 0.997841 0
    outer loop
      vertex 40.3891 73.1573 17.3
      vertex 40.5 73.15 8.3
      vertex 40.3891 73.1573 8.3
    endloop
  endfacet
  facet normal 0.896754 -0.44253 3.66364e-19
    outer loop
      vertex 39.7147 74.3253 17.3
      vertex 39.7639 74.425 8.3
      vertex 39.7639 74.425 17.3
    endloop
  endfacet
  facet normal 0.896754 -0.44253 3.66364e-19
    outer loop
      vertex 39.7639 74.425 8.3
      vertex 39.7147 74.3253 17.3
      vertex 39.7147 74.3253 8.3
    endloop
  endfacet
  facet normal 0.980788 -0.195079 1.31109e-19
    outer loop
      vertex 39.6573 74.1109 17.3
      vertex 39.679 74.22 8.3
      vertex 39.679 74.22 17.3
    endloop
  endfacet
  facet normal 0.980788 -0.195079 1.31109e-19
    outer loop
      vertex 39.679 74.22 8.3
      vertex 39.6573 74.1109 17.3
      vertex 39.6573 74.1109 8.3
    endloop
  endfacet
  facet normal -0.751462 -0.659776 -3.95015e-19
    outer loop
      vertex 41.1744 74.5174 8.3
      vertex 41.101 74.601 17.3
      vertex 41.101 74.601 8.3
    endloop
  endfacet
  facet normal -0.751462 -0.659776 -3.95015e-19
    outer loop
      vertex 41.101 74.601 17.3
      vertex 41.1744 74.5174 8.3
      vertex 41.1744 74.5174 17.3
    endloop
  endfacet
  facet normal 0.659268 0.751908 -0
    outer loop
      vertex 39.9826 73.3257 8.3
      vertex 39.899 73.399 17.3
      vertex 39.9826 73.3257 17.3
    endloop
  endfacet
  facet normal 0.659268 0.751908 0
    outer loop
      vertex 39.899 73.399 17.3
      vertex 39.9826 73.3257 8.3
      vertex 39.899 73.399 8.3
    endloop
  endfacet
  facet normal -0.659268 -0.751908 0
    outer loop
      vertex 41.0174 74.6743 8.3
      vertex 41.101 74.601 17.3
      vertex 41.0174 74.6743 17.3
    endloop
  endfacet
  facet normal -0.659268 -0.751908 -0
    outer loop
      vertex 41.101 74.601 17.3
      vertex 41.0174 74.6743 8.3
      vertex 41.101 74.601 8.3
    endloop
  endfacet
  facet normal 0.947052 -0.32108 1.61003e-19
    outer loop
      vertex 39.679 74.22 17.3
      vertex 39.7147 74.3253 8.3
      vertex 39.7147 74.3253 17.3
    endloop
  endfacet
  facet normal 0.947052 -0.32108 1.61003e-19
    outer loop
      vertex 39.7147 74.3253 8.3
      vertex 39.679 74.22 17.3
      vertex 39.679 74.22 8.3
    endloop
  endfacet
  facet normal 0.997841 -0.0656829 5.58408e-21
    outer loop
      vertex 39.65 74 17.3
      vertex 39.6573 74.1109 8.3
      vertex 39.6573 74.1109 17.3
    endloop
  endfacet
  facet normal 0.997841 -0.0656829 5.58408e-21
    outer loop
      vertex 39.6573 74.1109 8.3
      vertex 39.65 74 17.3
      vertex 39.65 74 8.3
    endloop
  endfacet
  facet normal 0.831635 -0.555323 -4.28437e-19
    outer loop
      vertex 39.7639 74.425 17.3
      vertex 39.8256 74.5174 8.3
      vertex 39.8256 74.5174 17.3
    endloop
  endfacet
  facet normal 0.831635 -0.555323 -4.28437e-19
    outer loop
      vertex 39.8256 74.5174 8.3
      vertex 39.7639 74.425 17.3
      vertex 39.7639 74.425 8.3
    endloop
  endfacet
  facet normal -0.195079 -0.980788 0
    outer loop
      vertex -40.3891 -73.1573 8.3
      vertex -40.28 -73.179 17.3
      vertex -40.3891 -73.1573 17.3
    endloop
  endfacet
  facet normal -0.195079 -0.980788 -0
    outer loop
      vertex -40.28 -73.179 17.3
      vertex -40.3891 -73.1573 8.3
      vertex -40.28 -73.179 8.3
    endloop
  endfacet
  facet normal -0.980788 -0.195079 -1.31109e-19
    outer loop
      vertex -39.6573 -73.8891 8.3
      vertex -39.679 -73.78 17.3
      vertex -39.679 -73.78 8.3
    endloop
  endfacet
  facet normal -0.980788 -0.195079 -1.31109e-19
    outer loop
      vertex -39.679 -73.78 17.3
      vertex -39.6573 -73.8891 8.3
      vertex -39.6573 -73.8891 17.3
    endloop
  endfacet
  facet normal -0.997841 -0.0656829 -5.58408e-21
    outer loop
      vertex -39.65 -74 8.3
      vertex -39.6573 -73.8891 17.3
      vertex -39.6573 -73.8891 8.3
    endloop
  endfacet
  facet normal -0.997841 -0.0656829 -5.58408e-21
    outer loop
      vertex -39.6573 -73.8891 17.3
      vertex -39.65 -74 8.3
      vertex -39.65 -74 17.3
    endloop
  endfacet
  facet normal -0.947052 -0.32108 -1.61003e-19
    outer loop
      vertex -39.679 -73.78 8.3
      vertex -39.7147 -73.6747 17.3
      vertex -39.7147 -73.6747 8.3
    endloop
  endfacet
  facet normal -0.947052 -0.32108 -1.61003e-19
    outer loop
      vertex -39.7147 -73.6747 17.3
      vertex -39.679 -73.78 8.3
      vertex -39.679 -73.78 17.3
    endloop
  endfacet
  facet normal -0.831635 -0.555323 4.28437e-19
    outer loop
      vertex -39.7639 -73.575 8.3
      vertex -39.8256 -73.4826 17.3
      vertex -39.8256 -73.4826 8.3
    endloop
  endfacet
  facet normal -0.831635 -0.555323 4.28437e-19
    outer loop
      vertex -39.8256 -73.4826 17.3
      vertex -39.7639 -73.575 8.3
      vertex -39.7639 -73.575 17.3
    endloop
  endfacet
  facet normal -0.32108 -0.947052 0
    outer loop
      vertex -40.28 -73.179 8.3
      vertex -40.1747 -73.2147 17.3
      vertex -40.28 -73.179 17.3
    endloop
  endfacet
  facet normal -0.32108 -0.947052 -0
    outer loop
      vertex -40.1747 -73.2147 17.3
      vertex -40.28 -73.179 8.3
      vertex -40.1747 -73.2147 8.3
    endloop
  endfacet
  facet normal 0.980788 0.195079 -1.31109e-19
    outer loop
      vertex -41.321 -74.22 17.3
      vertex -41.3427 -74.1109 8.3
      vertex -41.3427 -74.1109 17.3
    endloop
  endfacet
  facet normal 0.980788 0.195079 -1.31109e-19
    outer loop
      vertex -41.3427 -74.1109 8.3
      vertex -41.321 -74.22 17.3
      vertex -41.321 -74.22 8.3
    endloop
  endfacet
  facet normal -0.997841 0.0656829 5.58408e-21
    outer loop
      vertex -39.6573 -74.1109 8.3
      vertex -39.65 -74 17.3
      vertex -39.65 -74 8.3
    endloop
  endfacet
  facet normal -0.997841 0.0656829 5.58408e-21
    outer loop
      vertex -39.65 -74 17.3
      vertex -39.6573 -74.1109 8.3
      vertex -39.6573 -74.1109 17.3
    endloop
  endfacet
  facet normal 0.997841 0.0656829 -5.58408e-21
    outer loop
      vertex -41.3427 -74.1109 17.3
      vertex -41.35 -74 8.3
      vertex -41.35 -74 17.3
    endloop
  endfacet
  facet normal 0.997841 0.0656829 -5.58408e-21
    outer loop
      vertex -41.35 -74 8.3
      vertex -41.3427 -74.1109 17.3
      vertex -41.3427 -74.1109 8.3
    endloop
  endfacet
  facet normal 0.32108 0.947052 -0
    outer loop
      vertex -40.72 -74.821 8.3
      vertex -40.8253 -74.7853 17.3
      vertex -40.72 -74.821 17.3
    endloop
  endfacet
  facet normal 0.32108 0.947052 0
    outer loop
      vertex -40.8253 -74.7853 17.3
      vertex -40.72 -74.821 8.3
      vertex -40.8253 -74.7853 8.3
    endloop
  endfacet
  facet normal -0.896754 -0.44253 -3.66364e-19
    outer loop
      vertex -39.7147 -73.6747 8.3
      vertex -39.7639 -73.575 17.3
      vertex -39.7639 -73.575 8.3
    endloop
  endfacet
  facet normal -0.896754 -0.44253 -3.66364e-19
    outer loop
      vertex -39.7639 -73.575 17.3
      vertex -39.7147 -73.6747 8.3
      vertex -39.7147 -73.6747 17.3
    endloop
  endfacet
  facet normal -0.751462 -0.659776 -3.95015e-19
    outer loop
      vertex -39.8256 -73.4826 8.3
      vertex -39.899 -73.399 17.3
      vertex -39.899 -73.399 8.3
    endloop
  endfacet
  facet normal -0.751462 -0.659776 -3.95015e-19
    outer loop
      vertex -39.899 -73.399 17.3
      vertex -39.8256 -73.4826 8.3
      vertex -39.8256 -73.4826 17.3
    endloop
  endfacet
  facet normal -0.947052 0.32108 1.61003e-19
    outer loop
      vertex -39.7147 -74.3253 8.3
      vertex -39.679 -74.22 17.3
      vertex -39.679 -74.22 8.3
    endloop
  endfacet
  facet normal -0.947052 0.32108 1.61003e-19
    outer loop
      vertex -39.679 -74.22 17.3
      vertex -39.7147 -74.3253 8.3
      vertex -39.7147 -74.3253 17.3
    endloop
  endfacet
  facet normal 0.751462 0.659776 -3.95015e-19
    outer loop
      vertex -41.101 -74.601 17.3
      vertex -41.1744 -74.5174 8.3
      vertex -41.1744 -74.5174 17.3
    endloop
  endfacet
  facet normal 0.751462 0.659776 -3.95015e-19
    outer loop
      vertex -41.1744 -74.5174 8.3
      vertex -41.101 -74.601 17.3
      vertex -41.101 -74.601 8.3
    endloop
  endfacet
  facet normal -0.980788 0.195079 1.31109e-19
    outer loop
      vertex -39.679 -74.22 8.3
      vertex -39.6573 -74.1109 17.3
      vertex -39.6573 -74.1109 8.3
    endloop
  endfacet
  facet normal -0.980788 0.195079 1.31109e-19
    outer loop
      vertex -39.6573 -74.1109 17.3
      vertex -39.679 -74.22 8.3
      vertex -39.679 -74.22 17.3
    endloop
  endfacet
  facet normal -0.0656829 0.997841 0
    outer loop
      vertex -40.3891 -74.8427 8.3
      vertex -40.5 -74.85 17.3
      vertex -40.3891 -74.8427 17.3
    endloop
  endfacet
  facet normal -0.0656829 0.997841 0
    outer loop
      vertex -40.5 -74.85 17.3
      vertex -40.3891 -74.8427 8.3
      vertex -40.5 -74.85 8.3
    endloop
  endfacet
  facet normal 0.947052 0.32108 -1.61003e-19
    outer loop
      vertex -41.2853 -74.3253 17.3
      vertex -41.321 -74.22 8.3
      vertex -41.321 -74.22 17.3
    endloop
  endfacet
  facet normal 0.947052 0.32108 -1.61003e-19
    outer loop
      vertex -41.321 -74.22 8.3
      vertex -41.2853 -74.3253 17.3
      vertex -41.2853 -74.3253 8.3
    endloop
  endfacet
  facet normal -0.831635 0.555323 -4.28437e-19
    outer loop
      vertex -39.8256 -74.5174 8.3
      vertex -39.7639 -74.425 17.3
      vertex -39.7639 -74.425 8.3
    endloop
  endfacet
  facet normal -0.831635 0.555323 -4.28437e-19
    outer loop
      vertex -39.7639 -74.425 17.3
      vertex -39.8256 -74.5174 8.3
      vertex -39.8256 -74.5174 17.3
    endloop
  endfacet
  facet normal -0.44253 -0.896754 0
    outer loop
      vertex -40.1747 -73.2147 8.3
      vertex -40.075 -73.2639 17.3
      vertex -40.1747 -73.2147 17.3
    endloop
  endfacet
  facet normal -0.44253 -0.896754 -0
    outer loop
      vertex -40.075 -73.2639 17.3
      vertex -40.1747 -73.2147 8.3
      vertex -40.075 -73.2639 8.3
    endloop
  endfacet
  facet normal 0.44253 -0.896754 0
    outer loop
      vertex -40.925 -73.2639 8.3
      vertex -40.8253 -73.2147 17.3
      vertex -40.925 -73.2639 17.3
    endloop
  endfacet
  facet normal 0.44253 -0.896754 0
    outer loop
      vertex -40.8253 -73.2147 17.3
      vertex -40.925 -73.2639 8.3
      vertex -40.8253 -73.2147 8.3
    endloop
  endfacet
  facet normal -0.44253 0.896754 0
    outer loop
      vertex -40.075 -74.7361 8.3
      vertex -40.1747 -74.7853 17.3
      vertex -40.075 -74.7361 17.3
    endloop
  endfacet
  facet normal -0.44253 0.896754 0
    outer loop
      vertex -40.1747 -74.7853 17.3
      vertex -40.075 -74.7361 8.3
      vertex -40.1747 -74.7853 8.3
    endloop
  endfacet
  facet normal -0.32108 0.947052 0
    outer loop
      vertex -40.1747 -74.7853 8.3
      vertex -40.28 -74.821 17.3
      vertex -40.1747 -74.7853 17.3
    endloop
  endfacet
  facet normal -0.32108 0.947052 0
    outer loop
      vertex -40.28 -74.821 17.3
      vertex -40.1747 -74.7853 8.3
      vertex -40.28 -74.821 8.3
    endloop
  endfacet
  facet normal 0.195079 0.980788 -0
    outer loop
      vertex -40.6109 -74.8427 8.3
      vertex -40.72 -74.821 17.3
      vertex -40.6109 -74.8427 17.3
    endloop
  endfacet
  facet normal 0.195079 0.980788 0
    outer loop
      vertex -40.72 -74.821 17.3
      vertex -40.6109 -74.8427 8.3
      vertex -40.72 -74.821 8.3
    endloop
  endfacet
  facet normal 0.947052 -0.32108 1.61003e-19
    outer loop
      vertex -41.321 -73.78 17.3
      vertex -41.2853 -73.6747 8.3
      vertex -41.2853 -73.6747 17.3
    endloop
  endfacet
  facet normal 0.947052 -0.32108 1.61003e-19
    outer loop
      vertex -41.2853 -73.6747 8.3
      vertex -41.321 -73.78 17.3
      vertex -41.321 -73.78 8.3
    endloop
  endfacet
  facet normal 0.195079 -0.980788 0
    outer loop
      vertex -40.72 -73.179 8.3
      vertex -40.6109 -73.1573 17.3
      vertex -40.72 -73.179 17.3
    endloop
  endfacet
  facet normal 0.195079 -0.980788 0
    outer loop
      vertex -40.6109 -73.1573 17.3
      vertex -40.72 -73.179 8.3
      vertex -40.6109 -73.1573 8.3
    endloop
  endfacet
  facet normal 0.555945 -0.831219 0
    outer loop
      vertex -41.0174 -73.3257 8.3
      vertex -40.925 -73.2639 17.3
      vertex -41.0174 -73.3257 17.3
    endloop
  endfacet
  facet normal 0.555945 -0.831219 0
    outer loop
      vertex -40.925 -73.2639 17.3
      vertex -41.0174 -73.3257 8.3
      vertex -40.925 -73.2639 8.3
    endloop
  endfacet
  facet normal -0.555945 0.831219 0
    outer loop
      vertex -39.9826 -74.6743 8.3
      vertex -40.075 -74.7361 17.3
      vertex -39.9826 -74.6743 17.3
    endloop
  endfacet
  facet normal -0.555945 0.831219 0
    outer loop
      vertex -40.075 -74.7361 17.3
      vertex -39.9826 -74.6743 8.3
      vertex -40.075 -74.7361 8.3
    endloop
  endfacet
  facet normal -0.195079 0.980788 0
    outer loop
      vertex -40.28 -74.821 8.3
      vertex -40.3891 -74.8427 17.3
      vertex -40.28 -74.821 17.3
    endloop
  endfacet
  facet normal -0.195079 0.980788 0
    outer loop
      vertex -40.3891 -74.8427 17.3
      vertex -40.28 -74.821 8.3
      vertex -40.3891 -74.8427 8.3
    endloop
  endfacet
  facet normal 0.896754 -0.44253 3.66364e-19
    outer loop
      vertex -41.2853 -73.6747 17.3
      vertex -41.2361 -73.575 8.3
      vertex -41.2361 -73.575 17.3
    endloop
  endfacet
  facet normal 0.896754 -0.44253 3.66364e-19
    outer loop
      vertex -41.2361 -73.575 8.3
      vertex -41.2853 -73.6747 17.3
      vertex -41.2853 -73.6747 8.3
    endloop
  endfacet
  facet normal -0.659268 -0.751908 0
    outer loop
      vertex -39.9826 -73.3257 8.3
      vertex -39.899 -73.399 17.3
      vertex -39.9826 -73.3257 17.3
    endloop
  endfacet
  facet normal -0.659268 -0.751908 -0
    outer loop
      vertex -39.899 -73.399 17.3
      vertex -39.9826 -73.3257 8.3
      vertex -39.899 -73.399 8.3
    endloop
  endfacet
  facet normal 0.831635 -0.555323 -4.28437e-19
    outer loop
      vertex -41.2361 -73.575 17.3
      vertex -41.1744 -73.4826 8.3
      vertex -41.1744 -73.4826 17.3
    endloop
  endfacet
  facet normal 0.831635 -0.555323 -4.28437e-19
    outer loop
      vertex -41.1744 -73.4826 8.3
      vertex -41.2361 -73.575 17.3
      vertex -41.2361 -73.575 8.3
    endloop
  endfacet
  facet normal 0.0656829 0.997841 -0
    outer loop
      vertex -40.5 -74.85 8.3
      vertex -40.6109 -74.8427 17.3
      vertex -40.5 -74.85 17.3
    endloop
  endfacet
  facet normal 0.0656829 0.997841 0
    outer loop
      vertex -40.6109 -74.8427 17.3
      vertex -40.5 -74.85 8.3
      vertex -40.6109 -74.8427 8.3
    endloop
  endfacet
  facet normal 0.659268 -0.751908 0
    outer loop
      vertex -41.101 -73.399 8.3
      vertex -41.0174 -73.3257 17.3
      vertex -41.101 -73.399 17.3
    endloop
  endfacet
  facet normal 0.659268 -0.751908 0
    outer loop
      vertex -41.0174 -73.3257 17.3
      vertex -41.101 -73.399 8.3
      vertex -41.0174 -73.3257 8.3
    endloop
  endfacet
  facet normal 0.659268 0.751908 -0
    outer loop
      vertex -41.0174 -74.6743 8.3
      vertex -41.101 -74.601 17.3
      vertex -41.0174 -74.6743 17.3
    endloop
  endfacet
  facet normal 0.659268 0.751908 0
    outer loop
      vertex -41.101 -74.601 17.3
      vertex -41.0174 -74.6743 8.3
      vertex -41.101 -74.601 8.3
    endloop
  endfacet
  facet normal 0 0 1
    outer loop
      vertex -39.6573 -73.8891 8.3
      vertex -39.6573 -74.1109 8.3
      vertex -39.65 -74 8.3
    endloop
  endfacet
  facet normal 0 0 1
    outer loop
      vertex -39.679 -73.78 8.3
      vertex -39.6573 -74.1109 8.3
      vertex -39.6573 -73.8891 8.3
    endloop
  endfacet
  facet normal 0 0 1
    outer loop
      vertex -39.679 -73.78 8.3
      vertex -39.679 -74.22 8.3
      vertex -39.6573 -74.1109 8.3
    endloop
  endfacet
  facet normal 0 0 1
    outer loop
      vertex -39.7147 -73.6747 8.3
      vertex -39.679 -74.22 8.3
      vertex -39.679 -73.78 8.3
    endloop
  endfacet
  facet normal 0 0 1
    outer loop
      vertex -39.7147 -73.6747 8.3
      vertex -39.7147 -74.3253 8.3
      vertex -39.679 -74.22 8.3
    endloop
  endfacet
  facet normal 0 0 1
    outer loop
      vertex -39.7639 -73.575 8.3
      vertex -39.7147 -74.3253 8.3
      vertex -39.7147 -73.6747 8.3
    endloop
  endfacet
  facet normal 0 0 1
    outer loop
      vertex -39.7639 -73.575 8.3
      vertex -39.7639 -74.425 8.3
      vertex -39.7147 -74.3253 8.3
    endloop
  endfacet
  facet normal 0 0 1
    outer loop
      vertex -39.8256 -73.4826 8.3
      vertex -39.7639 -74.425 8.3
      vertex -39.7639 -73.575 8.3
    endloop
  endfacet
  facet normal 0 0 1
    outer loop
      vertex -39.8256 -73.4826 8.3
      vertex -39.8256 -74.5174 8.3
      vertex -39.7639 -74.425 8.3
    endloop
  endfacet
  facet normal 0 0 1
    outer loop
      vertex -39.899 -73.399 8.3
      vertex -39.8256 -74.5174 8.3
      vertex -39.8256 -73.4826 8.3
    endloop
  endfacet
  facet normal 0 0 1
    outer loop
      vertex -39.899 -73.399 8.3
      vertex -39.899 -74.601 8.3
      vertex -39.8256 -74.5174 8.3
    endloop
  endfacet
  facet normal 0 0 1
    outer loop
      vertex -39.9826 -73.3257 8.3
      vertex -39.899 -74.601 8.3
      vertex -39.899 -73.399 8.3
    endloop
  endfacet
  facet normal 0 0 1
    outer loop
      vertex -39.9826 -73.3257 8.3
      vertex -39.9826 -74.6743 8.3
      vertex -39.899 -74.601 8.3
    endloop
  endfacet
  facet normal 0 0 1
    outer loop
      vertex -40.075 -73.2639 8.3
      vertex -39.9826 -74.6743 8.3
      vertex -39.9826 -73.3257 8.3
    endloop
  endfacet
  facet normal 0 0 1
    outer loop
      vertex -40.075 -73.2639 8.3
      vertex -40.075 -74.7361 8.3
      vertex -39.9826 -74.6743 8.3
    endloop
  endfacet
  facet normal 0 0 1
    outer loop
      vertex -40.1747 -73.2147 8.3
      vertex -40.075 -74.7361 8.3
      vertex -40.075 -73.2639 8.3
    endloop
  endfacet
  facet normal 0 0 1
    outer loop
      vertex -40.1747 -73.2147 8.3
      vertex -40.1747 -74.7853 8.3
      vertex -40.075 -74.7361 8.3
    endloop
  endfacet
  facet normal 0 0 1
    outer loop
      vertex -40.28 -73.179 8.3
      vertex -40.1747 -74.7853 8.3
      vertex -40.1747 -73.2147 8.3
    endloop
  endfacet
  facet normal 0 0 1
    outer loop
      vertex -40.28 -73.179 8.3
      vertex -40.28 -74.821 8.3
      vertex -40.1747 -74.7853 8.3
    endloop
  endfacet
  facet normal 0 0 1
    outer loop
      vertex -40.3891 -73.1573 8.3
      vertex -40.28 -74.821 8.3
      vertex -40.28 -73.179 8.3
    endloop
  endfacet
  facet normal 0 0 1
    outer loop
      vertex -40.3891 -73.1573 8.3
      vertex -40.3891 -74.8427 8.3
      vertex -40.28 -74.821 8.3
    endloop
  endfacet
  facet normal 0 0 1
    outer loop
      vertex -40.5 -73.15 8.3
      vertex -40.3891 -74.8427 8.3
      vertex -40.3891 -73.1573 8.3
    endloop
  endfacet
  facet normal 0 0 1
    outer loop
      vertex -40.5 -73.15 8.3
      vertex -40.5 -74.85 8.3
      vertex -40.3891 -74.8427 8.3
    endloop
  endfacet
  facet normal -0 0 1
    outer loop
      vertex -40.6109 -73.1573 8.3
      vertex -40.5 -74.85 8.3
      vertex -40.5 -73.15 8.3
    endloop
  endfacet
  facet normal 0 0 1
    outer loop
      vertex -40.6109 -73.1573 8.3
      vertex -40.6109 -74.8427 8.3
      vertex -40.5 -74.85 8.3
    endloop
  endfacet
  facet normal -0 0 1
    outer loop
      vertex -40.72 -73.179 8.3
      vertex -40.6109 -74.8427 8.3
      vertex -40.6109 -73.1573 8.3
    endloop
  endfacet
  facet normal 0 0 1
    outer loop
      vertex -40.72 -73.179 8.3
      vertex -40.72 -74.821 8.3
      vertex -40.6109 -74.8427 8.3
    endloop
  endfacet
  facet normal -0 0 1
    outer loop
      vertex -40.8253 -73.2147 8.3
      vertex -40.72 -74.821 8.3
      vertex -40.72 -73.179 8.3
    endloop
  endfacet
  facet normal 0 0 1
    outer loop
      vertex -40.8253 -73.2147 8.3
      vertex -40.8253 -74.7853 8.3
      vertex -40.72 -74.821 8.3
    endloop
  endfacet
  facet normal -0 0 1
    outer loop
      vertex -40.925 -73.2639 8.3
      vertex -40.8253 -74.7853 8.3
      vertex -40.8253 -73.2147 8.3
    endloop
  endfacet
  facet normal 0 0 1
    outer loop
      vertex -40.925 -73.2639 8.3
      vertex -40.925 -74.7361 8.3
      vertex -40.8253 -74.7853 8.3
    endloop
  endfacet
  facet normal -0 0 1
    outer loop
      vertex -41.0174 -73.3257 8.3
      vertex -40.925 -74.7361 8.3
      vertex -40.925 -73.2639 8.3
    endloop
  endfacet
  facet normal 0 0 1
    outer loop
      vertex -41.0174 -73.3257 8.3
      vertex -41.0174 -74.6743 8.3
      vertex -40.925 -74.7361 8.3
    endloop
  endfacet
  facet normal -0 0 1
    outer loop
      vertex -41.101 -73.399 8.3
      vertex -41.0174 -74.6743 8.3
      vertex -41.0174 -73.3257 8.3
    endloop
  endfacet
  facet normal 0 0 1
    outer loop
      vertex -41.101 -73.399 8.3
      vertex -41.101 -74.601 8.3
      vertex -41.0174 -74.6743 8.3
    endloop
  endfacet
  facet normal -0 0 1
    outer loop
      vertex -41.1744 -73.4826 8.3
      vertex -41.101 -74.601 8.3
      vertex -41.101 -73.399 8.3
    endloop
  endfacet
  facet normal 0 0 1
    outer loop
      vertex -41.1744 -73.4826 8.3
      vertex -41.1744 -74.5174 8.3
      vertex -41.101 -74.601 8.3
    endloop
  endfacet
  facet normal -0 0 1
    outer loop
      vertex -41.2361 -73.575 8.3
      vertex -41.1744 -74.5174 8.3
      vertex -41.1744 -73.4826 8.3
    endloop
  endfacet
  facet normal 0 0 1
    outer loop
      vertex -41.2361 -73.575 8.3
      vertex -41.2361 -74.425 8.3
      vertex -41.1744 -74.5174 8.3
    endloop
  endfacet
  facet normal -0 0 1
    outer loop
      vertex -41.2853 -73.6747 8.3
      vertex -41.2361 -74.425 8.3
      vertex -41.2361 -73.575 8.3
    endloop
  endfacet
  facet normal 0 0 1
    outer loop
      vertex -41.2853 -73.6747 8.3
      vertex -41.2853 -74.3253 8.3
      vertex -41.2361 -74.425 8.3
    endloop
  endfacet
  facet normal -0 0 1
    outer loop
      vertex -41.321 -73.78 8.3
      vertex -41.2853 -74.3253 8.3
      vertex -41.2853 -73.6747 8.3
    endloop
  endfacet
  facet normal 0 0 1
    outer loop
      vertex -41.321 -73.78 8.3
      vertex -41.321 -74.22 8.3
      vertex -41.2853 -74.3253 8.3
    endloop
  endfacet
  facet normal -0 0 1
    outer loop
      vertex -41.3427 -73.8891 8.3
      vertex -41.321 -74.22 8.3
      vertex -41.321 -73.78 8.3
    endloop
  endfacet
  facet normal 0 0 1
    outer loop
      vertex -41.3427 -73.8891 8.3
      vertex -41.3427 -74.1109 8.3
      vertex -41.321 -74.22 8.3
    endloop
  endfacet
  facet normal 0 -0 1
    outer loop
      vertex -41.3427 -74.1109 8.3
      vertex -41.3427 -73.8891 8.3
      vertex -41.35 -74 8.3
    endloop
  endfacet
  facet normal 0.751462 -0.659776 3.95015e-19
    outer loop
      vertex -41.1744 -73.4826 17.3
      vertex -41.101 -73.399 8.3
      vertex -41.101 -73.399 17.3
    endloop
  endfacet
  facet normal 0.751462 -0.659776 3.95015e-19
    outer loop
      vertex -41.101 -73.399 8.3
      vertex -41.1744 -73.4826 17.3
      vertex -41.1744 -73.4826 8.3
    endloop
  endfacet
  facet normal -0.751462 0.659776 3.95015e-19
    outer loop
      vertex -39.899 -74.601 8.3
      vertex -39.8256 -74.5174 17.3
      vertex -39.8256 -74.5174 8.3
    endloop
  endfacet
  facet normal -0.751462 0.659776 3.95015e-19
    outer loop
      vertex -39.8256 -74.5174 17.3
      vertex -39.899 -74.601 8.3
      vertex -39.899 -74.601 17.3
    endloop
  endfacet
  facet normal -0.896754 0.44253 3.66364e-19
    outer loop
      vertex -39.7639 -74.425 8.3
      vertex -39.7147 -74.3253 17.3
      vertex -39.7147 -74.3253 8.3
    endloop
  endfacet
  facet normal -0.896754 0.44253 3.66364e-19
    outer loop
      vertex -39.7147 -74.3253 17.3
      vertex -39.7639 -74.425 8.3
      vertex -39.7639 -74.425 17.3
    endloop
  endfacet
  facet normal 0.555945 0.831219 -0
    outer loop
      vertex -40.925 -74.7361 8.3
      vertex -41.0174 -74.6743 17.3
      vertex -40.925 -74.7361 17.3
    endloop
  endfacet
  facet normal 0.555945 0.831219 0
    outer loop
      vertex -41.0174 -74.6743 17.3
      vertex -40.925 -74.7361 8.3
      vertex -41.0174 -74.6743 8.3
    endloop
  endfacet
  facet normal 0.980788 -0.195079 1.31109e-19
    outer loop
      vertex -41.3427 -73.8891 17.3
      vertex -41.321 -73.78 8.3
      vertex -41.321 -73.78 17.3
    endloop
  endfacet
  facet normal 0.980788 -0.195079 1.31109e-19
    outer loop
      vertex -41.321 -73.78 8.3
      vertex -41.3427 -73.8891 17.3
      vertex -41.3427 -73.8891 8.3
    endloop
  endfacet
  facet normal -0.0656829 -0.997841 0
    outer loop
      vertex -40.5 -73.15 8.3
      vertex -40.3891 -73.1573 17.3
      vertex -40.5 -73.15 17.3
    endloop
  endfacet
  facet normal -0.0656829 -0.997841 -0
    outer loop
      vertex -40.3891 -73.1573 17.3
      vertex -40.5 -73.15 8.3
      vertex -40.3891 -73.1573 8.3
    endloop
  endfacet
  facet normal -0.555945 -0.831219 0
    outer loop
      vertex -40.075 -73.2639 8.3
      vertex -39.9826 -73.3257 17.3
      vertex -40.075 -73.2639 17.3
    endloop
  endfacet
  facet normal -0.555945 -0.831219 -0
    outer loop
      vertex -39.9826 -73.3257 17.3
      vertex -40.075 -73.2639 8.3
      vertex -39.9826 -73.3257 8.3
    endloop
  endfacet
  facet normal 0.32108 -0.947052 0
    outer loop
      vertex -40.8253 -73.2147 8.3
      vertex -40.72 -73.179 17.3
      vertex -40.8253 -73.2147 17.3
    endloop
  endfacet
  facet normal 0.32108 -0.947052 0
    outer loop
      vertex -40.72 -73.179 17.3
      vertex -40.8253 -73.2147 8.3
      vertex -40.72 -73.179 8.3
    endloop
  endfacet
  facet normal 0.0656829 -0.997841 0
    outer loop
      vertex -40.6109 -73.1573 8.3
      vertex -40.5 -73.15 17.3
      vertex -40.6109 -73.1573 17.3
    endloop
  endfacet
  facet normal 0.0656829 -0.997841 0
    outer loop
      vertex -40.5 -73.15 17.3
      vertex -40.6109 -73.1573 8.3
      vertex -40.5 -73.15 8.3
    endloop
  endfacet
  facet normal 0.997841 -0.0656829 5.58408e-21
    outer loop
      vertex -41.35 -74 17.3
      vertex -41.3427 -73.8891 8.3
      vertex -41.3427 -73.8891 17.3
    endloop
  endfacet
  facet normal 0.997841 -0.0656829 5.58408e-21
    outer loop
      vertex -41.3427 -73.8891 8.3
      vertex -41.35 -74 17.3
      vertex -41.35 -74 8.3
    endloop
  endfacet
  facet normal 0.44253 0.896754 -0
    outer loop
      vertex -40.8253 -74.7853 8.3
      vertex -40.925 -74.7361 17.3
      vertex -40.8253 -74.7853 17.3
    endloop
  endfacet
  facet normal 0.44253 0.896754 0
    outer loop
      vertex -40.925 -74.7361 17.3
      vertex -40.8253 -74.7853 8.3
      vertex -40.925 -74.7361 8.3
    endloop
  endfacet
  facet normal -0.659268 0.751908 0
    outer loop
      vertex -39.899 -74.601 8.3
      vertex -39.9826 -74.6743 17.3
      vertex -39.899 -74.601 17.3
    endloop
  endfacet
  facet normal -0.659268 0.751908 0
    outer loop
      vertex -39.9826 -74.6743 17.3
      vertex -39.899 -74.601 8.3
      vertex -39.9826 -74.6743 8.3
    endloop
  endfacet
  facet normal 0.831635 0.555323 4.28437e-19
    outer loop
      vertex -41.1744 -74.5174 17.3
      vertex -41.2361 -74.425 8.3
      vertex -41.2361 -74.425 17.3
    endloop
  endfacet
  facet normal 0.831635 0.555323 4.28437e-19
    outer loop
      vertex -41.2361 -74.425 8.3
      vertex -41.1744 -74.5174 17.3
      vertex -41.1744 -74.5174 8.3
    endloop
  endfacet
  facet normal 0.896754 0.44253 -3.66364e-19
    outer loop
      vertex -41.2361 -74.425 17.3
      vertex -41.2853 -74.3253 8.3
      vertex -41.2853 -74.3253 17.3
    endloop
  endfacet
  facet normal 0.896754 0.44253 -3.66364e-19
    outer loop
      vertex -41.2853 -74.3253 8.3
      vertex -41.2361 -74.425 17.3
      vertex -41.2361 -74.425 8.3
    endloop
  endfacet
  facet normal -0.195079 -0.980788 0
    outer loop
      vertex 40.6109 -73.1573 8.3
      vertex 40.72 -73.179 17.3
      vertex 40.6109 -73.1573 17.3
    endloop
  endfacet
  facet normal -0.195079 -0.980788 -0
    outer loop
      vertex 40.72 -73.179 17.3
      vertex 40.6109 -73.1573 8.3
      vertex 40.72 -73.179 8.3
    endloop
  endfacet
  facet normal -0.980788 -0.195079 -1.31109e-19
    outer loop
      vertex 41.3427 -73.8891 8.3
      vertex 41.321 -73.78 17.3
      vertex 41.321 -73.78 8.3
    endloop
  endfacet
  facet normal -0.980788 -0.195079 -1.31109e-19
    outer loop
      vertex 41.321 -73.78 17.3
      vertex 41.3427 -73.8891 8.3
      vertex 41.3427 -73.8891 17.3
    endloop
  endfacet
  facet normal -0.997841 -0.0656829 -5.58408e-21
    outer loop
      vertex 41.35 -74 8.3
      vertex 41.3427 -73.8891 17.3
      vertex 41.3427 -73.8891 8.3
    endloop
  endfacet
  facet normal -0.997841 -0.0656829 -5.58408e-21
    outer loop
      vertex 41.3427 -73.8891 17.3
      vertex 41.35 -74 8.3
      vertex 41.35 -74 17.3
    endloop
  endfacet
  facet normal -0.947052 -0.32108 -1.61003e-19
    outer loop
      vertex 41.321 -73.78 8.3
      vertex 41.2853 -73.6747 17.3
      vertex 41.2853 -73.6747 8.3
    endloop
  endfacet
  facet normal -0.947052 -0.32108 -1.61003e-19
    outer loop
      vertex 41.2853 -73.6747 17.3
      vertex 41.321 -73.78 8.3
      vertex 41.321 -73.78 17.3
    endloop
  endfacet
  facet normal -0.831635 -0.555323 4.28437e-19
    outer loop
      vertex 41.2361 -73.575 8.3
      vertex 41.1744 -73.4826 17.3
      vertex 41.1744 -73.4826 8.3
    endloop
  endfacet
  facet normal -0.831635 -0.555323 4.28437e-19
    outer loop
      vertex 41.1744 -73.4826 17.3
      vertex 41.2361 -73.575 8.3
      vertex 41.2361 -73.575 17.3
    endloop
  endfacet
  facet normal -0.32108 -0.947052 0
    outer loop
      vertex 40.72 -73.179 8.3
      vertex 40.8253 -73.2147 17.3
      vertex 40.72 -73.179 17.3
    endloop
  endfacet
  facet normal -0.32108 -0.947052 -0
    outer loop
      vertex 40.8253 -73.2147 17.3
      vertex 40.72 -73.179 8.3
      vertex 40.8253 -73.2147 8.3
    endloop
  endfacet
  facet normal 0.980788 0.195079 -1.31109e-19
    outer loop
      vertex 39.679 -74.22 17.3
      vertex 39.6573 -74.1109 8.3
      vertex 39.6573 -74.1109 17.3
    endloop
  endfacet
  facet normal 0.980788 0.195079 -1.31109e-19
    outer loop
      vertex 39.6573 -74.1109 8.3
      vertex 39.679 -74.22 17.3
      vertex 39.679 -74.22 8.3
    endloop
  endfacet
  facet normal -0.997841 0.0656829 5.58408e-21
    outer loop
      vertex 41.3427 -74.1109 8.3
      vertex 41.35 -74 17.3
      vertex 41.35 -74 8.3
    endloop
  endfacet
  facet normal -0.997841 0.0656829 5.58408e-21
    outer loop
      vertex 41.35 -74 17.3
      vertex 41.3427 -74.1109 8.3
      vertex 41.3427 -74.1109 17.3
    endloop
  endfacet
  facet normal 0.555945 0.831219 -0
    outer loop
      vertex 40.075 -74.7361 8.3
      vertex 39.9826 -74.6743 17.3
      vertex 40.075 -74.7361 17.3
    endloop
  endfacet
  facet normal 0.555945 0.831219 0
    outer loop
      vertex 39.9826 -74.6743 17.3
      vertex 40.075 -74.7361 8.3
      vertex 39.9826 -74.6743 8.3
    endloop
  endfacet
  facet normal 0.997841 0.0656829 -5.58408e-21
    outer loop
      vertex 39.6573 -74.1109 17.3
      vertex 39.65 -74 8.3
      vertex 39.65 -74 17.3
    endloop
  endfacet
  facet normal 0.997841 0.0656829 -5.58408e-21
    outer loop
      vertex 39.65 -74 8.3
      vertex 39.6573 -74.1109 17.3
      vertex 39.6573 -74.1109 8.3
    endloop
  endfacet
  facet normal 0.32108 0.947052 -0
    outer loop
      vertex 40.28 -74.821 8.3
      vertex 40.1747 -74.7853 17.3
      vertex 40.28 -74.821 17.3
    endloop
  endfacet
  facet normal 0.32108 0.947052 0
    outer loop
      vertex 40.1747 -74.7853 17.3
      vertex 40.28 -74.821 8.3
      vertex 40.1747 -74.7853 8.3
    endloop
  endfacet
  facet normal -0.896754 -0.44253 -3.66364e-19
    outer loop
      vertex 41.2853 -73.6747 8.3
      vertex 41.2361 -73.575 17.3
      vertex 41.2361 -73.575 8.3
    endloop
  endfacet
  facet normal -0.896754 -0.44253 -3.66364e-19
    outer loop
      vertex 41.2361 -73.575 17.3
      vertex 41.2853 -73.6747 8.3
      vertex 41.2853 -73.6747 17.3
    endloop
  endfacet
  facet normal -0.751462 -0.659776 -3.95015e-19
    outer loop
      vertex 41.1744 -73.4826 8.3
      vertex 41.101 -73.399 17.3
      vertex 41.101 -73.399 8.3
    endloop
  endfacet
  facet normal -0.751462 -0.659776 -3.95015e-19
    outer loop
      vertex 41.101 -73.399 17.3
      vertex 41.1744 -73.4826 8.3
      vertex 41.1744 -73.4826 17.3
    endloop
  endfacet
  facet normal -0.947052 0.32108 1.61003e-19
    outer loop
      vertex 41.2853 -74.3253 8.3
      vertex 41.321 -74.22 17.3
      vertex 41.321 -74.22 8.3
    endloop
  endfacet
  facet normal -0.947052 0.32108 1.61003e-19
    outer loop
      vertex 41.321 -74.22 17.3
      vertex 41.2853 -74.3253 8.3
      vertex 41.2853 -74.3253 17.3
    endloop
  endfacet
  facet normal 0.751462 0.659776 -3.95015e-19
    outer loop
      vertex 39.899 -74.601 17.3
      vertex 39.8256 -74.5174 8.3
      vertex 39.8256 -74.5174 17.3
    endloop
  endfacet
  facet normal 0.751462 0.659776 -3.95015e-19
    outer loop
      vertex 39.8256 -74.5174 8.3
      vertex 39.899 -74.601 17.3
      vertex 39.899 -74.601 8.3
    endloop
  endfacet
  facet normal -0.980788 0.195079 1.31109e-19
    outer loop
      vertex 41.321 -74.22 8.3
      vertex 41.3427 -74.1109 17.3
      vertex 41.3427 -74.1109 8.3
    endloop
  endfacet
  facet normal -0.980788 0.195079 1.31109e-19
    outer loop
      vertex 41.3427 -74.1109 17.3
      vertex 41.321 -74.22 8.3
      vertex 41.321 -74.22 17.3
    endloop
  endfacet
  facet normal -0.0656829 0.997841 0
    outer loop
      vertex 40.6109 -74.8427 8.3
      vertex 40.5 -74.85 17.3
      vertex 40.6109 -74.8427 17.3
    endloop
  endfacet
  facet normal -0.0656829 0.997841 0
    outer loop
      vertex 40.5 -74.85 17.3
      vertex 40.6109 -74.8427 8.3
      vertex 40.5 -74.85 8.3
    endloop
  endfacet
  facet normal 0.947052 0.32108 -1.61003e-19
    outer loop
      vertex 39.7147 -74.3253 17.3
      vertex 39.679 -74.22 8.3
      vertex 39.679 -74.22 17.3
    endloop
  endfacet
  facet normal 0.947052 0.32108 -1.61003e-19
    outer loop
      vertex 39.679 -74.22 8.3
      vertex 39.7147 -74.3253 17.3
      vertex 39.7147 -74.3253 8.3
    endloop
  endfacet
  facet normal -0.831635 0.555323 -4.28437e-19
    outer loop
      vertex 41.1744 -74.5174 8.3
      vertex 41.2361 -74.425 17.3
      vertex 41.2361 -74.425 8.3
    endloop
  endfacet
  facet normal -0.831635 0.555323 -4.28437e-19
    outer loop
      vertex 41.2361 -74.425 17.3
      vertex 41.1744 -74.5174 8.3
      vertex 41.1744 -74.5174 17.3
    endloop
  endfacet
  facet normal -0.44253 -0.896754 0
    outer loop
      vertex 40.8253 -73.2147 8.3
      vertex 40.925 -73.2639 17.3
      vertex 40.8253 -73.2147 17.3
    endloop
  endfacet
  facet normal -0.44253 -0.896754 -0
    outer loop
      vertex 40.925 -73.2639 17.3
      vertex 40.8253 -73.2147 8.3
      vertex 40.925 -73.2639 8.3
    endloop
  endfacet
  facet normal 0.44253 -0.896754 0
    outer loop
      vertex 40.075 -73.2639 8.3
      vertex 40.1747 -73.2147 17.3
      vertex 40.075 -73.2639 17.3
    endloop
  endfacet
  facet normal 0.44253 -0.896754 0
    outer loop
      vertex 40.1747 -73.2147 17.3
      vertex 40.075 -73.2639 8.3
      vertex 40.1747 -73.2147 8.3
    endloop
  endfacet
  facet normal -0.44253 0.896754 0
    outer loop
      vertex 40.925 -74.7361 8.3
      vertex 40.8253 -74.7853 17.3
      vertex 40.925 -74.7361 17.3
    endloop
  endfacet
  facet normal -0.44253 0.896754 0
    outer loop
      vertex 40.8253 -74.7853 17.3
      vertex 40.925 -74.7361 8.3
      vertex 40.8253 -74.7853 8.3
    endloop
  endfacet
  facet normal -0.32108 0.947052 0
    outer loop
      vertex 40.8253 -74.7853 8.3
      vertex 40.72 -74.821 17.3
      vertex 40.8253 -74.7853 17.3
    endloop
  endfacet
  facet normal -0.32108 0.947052 0
    outer loop
      vertex 40.72 -74.821 17.3
      vertex 40.8253 -74.7853 8.3
      vertex 40.72 -74.821 8.3
    endloop
  endfacet
  facet normal 0.195079 0.980788 -0
    outer loop
      vertex 40.3891 -74.8427 8.3
      vertex 40.28 -74.821 17.3
      vertex 40.3891 -74.8427 17.3
    endloop
  endfacet
  facet normal 0.195079 0.980788 0
    outer loop
      vertex 40.28 -74.821 17.3
      vertex 40.3891 -74.8427 8.3
      vertex 40.28 -74.821 8.3
    endloop
  endfacet
  facet normal 0.947052 -0.32108 1.61003e-19
    outer loop
      vertex 39.679 -73.78 17.3
      vertex 39.7147 -73.6747 8.3
      vertex 39.7147 -73.6747 17.3
    endloop
  endfacet
  facet normal 0.947052 -0.32108 1.61003e-19
    outer loop
      vertex 39.7147 -73.6747 8.3
      vertex 39.679 -73.78 17.3
      vertex 39.679 -73.78 8.3
    endloop
  endfacet
  facet normal 0.195079 -0.980788 0
    outer loop
      vertex 40.28 -73.179 8.3
      vertex 40.3891 -73.1573 17.3
      vertex 40.28 -73.179 17.3
    endloop
  endfacet
  facet normal 0.195079 -0.980788 0
    outer loop
      vertex 40.3891 -73.1573 17.3
      vertex 40.28 -73.179 8.3
      vertex 40.3891 -73.1573 8.3
    endloop
  endfacet
  facet normal 0.555945 -0.831219 0
    outer loop
      vertex 39.9826 -73.3257 8.3
      vertex 40.075 -73.2639 17.3
      vertex 39.9826 -73.3257 17.3
    endloop
  endfacet
  facet normal 0.555945 -0.831219 0
    outer loop
      vertex 40.075 -73.2639 17.3
      vertex 39.9826 -73.3257 8.3
      vertex 40.075 -73.2639 8.3
    endloop
  endfacet
  facet normal -0.555945 0.831219 0
    outer loop
      vertex 41.0174 -74.6743 8.3
      vertex 40.925 -74.7361 17.3
      vertex 41.0174 -74.6743 17.3
    endloop
  endfacet
  facet normal -0.555945 0.831219 0
    outer loop
      vertex 40.925 -74.7361 17.3
      vertex 41.0174 -74.6743 8.3
      vertex 40.925 -74.7361 8.3
    endloop
  endfacet
  facet normal -0.195079 0.980788 0
    outer loop
      vertex 40.72 -74.821 8.3
      vertex 40.6109 -74.8427 17.3
      vertex 40.72 -74.821 17.3
    endloop
  endfacet
  facet normal -0.195079 0.980788 0
    outer loop
      vertex 40.6109 -74.8427 17.3
      vertex 40.72 -74.821 8.3
      vertex 40.6109 -74.8427 8.3
    endloop
  endfacet
  facet normal 0.896754 -0.44253 3.66364e-19
    outer loop
      vertex 39.7147 -73.6747 17.3
      vertex 39.7639 -73.575 8.3
      vertex 39.7639 -73.575 17.3
    endloop
  endfacet
  facet normal 0.896754 -0.44253 3.66364e-19
    outer loop
      vertex 39.7639 -73.575 8.3
      vertex 39.7147 -73.6747 17.3
      vertex 39.7147 -73.6747 8.3
    endloop
  endfacet
  facet normal -0.659268 -0.751908 0
    outer loop
      vertex 41.0174 -73.3257 8.3
      vertex 41.101 -73.399 17.3
      vertex 41.0174 -73.3257 17.3
    endloop
  endfacet
  facet normal -0.659268 -0.751908 -0
    outer loop
      vertex 41.101 -73.399 17.3
      vertex 41.0174 -73.3257 8.3
      vertex 41.101 -73.399 8.3
    endloop
  endfacet
  facet normal 0.831635 -0.555323 -4.28437e-19
    outer loop
      vertex 39.7639 -73.575 17.3
      vertex 39.8256 -73.4826 8.3
      vertex 39.8256 -73.4826 17.3
    endloop
  endfacet
  facet normal 0.831635 -0.555323 -4.28437e-19
    outer loop
      vertex 39.8256 -73.4826 8.3
      vertex 39.7639 -73.575 17.3
      vertex 39.7639 -73.575 8.3
    endloop
  endfacet
  facet normal 0.0656829 0.997841 -0
    outer loop
      vertex 40.5 -74.85 8.3
      vertex 40.3891 -74.8427 17.3
      vertex 40.5 -74.85 17.3
    endloop
  endfacet
  facet normal 0.0656829 0.997841 0
    outer loop
      vertex 40.3891 -74.8427 17.3
      vertex 40.5 -74.85 8.3
      vertex 40.3891 -74.8427 8.3
    endloop
  endfacet
  facet normal 0.659268 -0.751908 0
    outer loop
      vertex 39.899 -73.399 8.3
      vertex 39.9826 -73.3257 17.3
      vertex 39.899 -73.399 17.3
    endloop
  endfacet
  facet normal 0.659268 -0.751908 0
    outer loop
      vertex 39.9826 -73.3257 17.3
      vertex 39.899 -73.399 8.3
      vertex 39.9826 -73.3257 8.3
    endloop
  endfacet
  facet normal 0.659268 0.751908 -0
    outer loop
      vertex 39.9826 -74.6743 8.3
      vertex 39.899 -74.601 17.3
      vertex 39.9826 -74.6743 17.3
    endloop
  endfacet
  facet normal 0.659268 0.751908 0
    outer loop
      vertex 39.899 -74.601 17.3
      vertex 39.9826 -74.6743 8.3
      vertex 39.899 -74.601 8.3
    endloop
  endfacet
  facet normal 0 0 1
    outer loop
      vertex 41.3427 -73.8891 8.3
      vertex 41.3427 -74.1109 8.3
      vertex 41.35 -74 8.3
    endloop
  endfacet
  facet normal 0 0 1
    outer loop
      vertex 41.321 -73.78 8.3
      vertex 41.3427 -74.1109 8.3
      vertex 41.3427 -73.8891 8.3
    endloop
  endfacet
  facet normal 0 0 1
    outer loop
      vertex 41.321 -73.78 8.3
      vertex 41.321 -74.22 8.3
      vertex 41.3427 -74.1109 8.3
    endloop
  endfacet
  facet normal 0 0 1
    outer loop
      vertex 41.2853 -73.6747 8.3
      vertex 41.321 -74.22 8.3
      vertex 41.321 -73.78 8.3
    endloop
  endfacet
  facet normal 0 0 1
    outer loop
      vertex 41.2853 -73.6747 8.3
      vertex 41.2853 -74.3253 8.3
      vertex 41.321 -74.22 8.3
    endloop
  endfacet
  facet normal 0 0 1
    outer loop
      vertex 41.2361 -73.575 8.3
      vertex 41.2853 -74.3253 8.3
      vertex 41.2853 -73.6747 8.3
    endloop
  endfacet
  facet normal 0 0 1
    outer loop
      vertex 41.2361 -73.575 8.3
      vertex 41.2361 -74.425 8.3
      vertex 41.2853 -74.3253 8.3
    endloop
  endfacet
  facet normal 0 0 1
    outer loop
      vertex 41.1744 -73.4826 8.3
      vertex 41.2361 -74.425 8.3
      vertex 41.2361 -73.575 8.3
    endloop
  endfacet
  facet normal 0 0 1
    outer loop
      vertex 41.1744 -73.4826 8.3
      vertex 41.1744 -74.5174 8.3
      vertex 41.2361 -74.425 8.3
    endloop
  endfacet
  facet normal 0 0 1
    outer loop
      vertex 41.101 -73.399 8.3
      vertex 41.1744 -74.5174 8.3
      vertex 41.1744 -73.4826 8.3
    endloop
  endfacet
  facet normal 0 0 1
    outer loop
      vertex 41.101 -73.399 8.3
      vertex 41.101 -74.601 8.3
      vertex 41.1744 -74.5174 8.3
    endloop
  endfacet
  facet normal 0 0 1
    outer loop
      vertex 41.0174 -73.3257 8.3
      vertex 41.101 -74.601 8.3
      vertex 41.101 -73.399 8.3
    endloop
  endfacet
  facet normal 0 0 1
    outer loop
      vertex 41.0174 -73.3257 8.3
      vertex 41.0174 -74.6743 8.3
      vertex 41.101 -74.601 8.3
    endloop
  endfacet
  facet normal 0 0 1
    outer loop
      vertex 40.925 -73.2639 8.3
      vertex 41.0174 -74.6743 8.3
      vertex 41.0174 -73.3257 8.3
    endloop
  endfacet
  facet normal 0 0 1
    outer loop
      vertex 40.925 -73.2639 8.3
      vertex 40.925 -74.7361 8.3
      vertex 41.0174 -74.6743 8.3
    endloop
  endfacet
  facet normal 0 0 1
    outer loop
      vertex 40.8253 -73.2147 8.3
      vertex 40.925 -74.7361 8.3
      vertex 40.925 -73.2639 8.3
    endloop
  endfacet
  facet normal 0 0 1
    outer loop
      vertex 40.8253 -73.2147 8.3
      vertex 40.8253 -74.7853 8.3
      vertex 40.925 -74.7361 8.3
    endloop
  endfacet
  facet normal 0 0 1
    outer loop
      vertex 40.72 -73.179 8.3
      vertex 40.8253 -74.7853 8.3
      vertex 40.8253 -73.2147 8.3
    endloop
  endfacet
  facet normal 0 0 1
    outer loop
      vertex 40.72 -73.179 8.3
      vertex 40.72 -74.821 8.3
      vertex 40.8253 -74.7853 8.3
    endloop
  endfacet
  facet normal 0 0 1
    outer loop
      vertex 40.6109 -73.1573 8.3
      vertex 40.72 -74.821 8.3
      vertex 40.72 -73.179 8.3
    endloop
  endfacet
  facet normal 0 0 1
    outer loop
      vertex 40.6109 -73.1573 8.3
      vertex 40.6109 -74.8427 8.3
      vertex 40.72 -74.821 8.3
    endloop
  endfacet
  facet normal 0 0 1
    outer loop
      vertex 40.5 -73.15 8.3
      vertex 40.6109 -74.8427 8.3
      vertex 40.6109 -73.1573 8.3
    endloop
  endfacet
  facet normal 0 0 1
    outer loop
      vertex 40.5 -73.15 8.3
      vertex 40.5 -74.85 8.3
      vertex 40.6109 -74.8427 8.3
    endloop
  endfacet
  facet normal -0 0 1
    outer loop
      vertex 40.3891 -73.1573 8.3
      vertex 40.5 -74.85 8.3
      vertex 40.5 -73.15 8.3
    endloop
  endfacet
  facet normal 0 0 1
    outer loop
      vertex 40.3891 -73.1573 8.3
      vertex 40.3891 -74.8427 8.3
      vertex 40.5 -74.85 8.3
    endloop
  endfacet
  facet normal -0 0 1
    outer loop
      vertex 40.28 -73.179 8.3
      vertex 40.3891 -74.8427 8.3
      vertex 40.3891 -73.1573 8.3
    endloop
  endfacet
  facet normal 0 0 1
    outer loop
      vertex 40.28 -73.179 8.3
      vertex 40.28 -74.821 8.3
      vertex 40.3891 -74.8427 8.3
    endloop
  endfacet
  facet normal -0 0 1
    outer loop
      vertex 40.1747 -73.2147 8.3
      vertex 40.28 -74.821 8.3
      vertex 40.28 -73.179 8.3
    endloop
  endfacet
  facet normal 0 0 1
    outer loop
      vertex 40.1747 -73.2147 8.3
      vertex 40.1747 -74.7853 8.3
      vertex 40.28 -74.821 8.3
    endloop
  endfacet
  facet normal -0 0 1
    outer loop
      vertex 40.075 -73.2639 8.3
      vertex 40.1747 -74.7853 8.3
      vertex 40.1747 -73.2147 8.3
    endloop
  endfacet
  facet normal 0 0 1
    outer loop
      vertex 40.075 -73.2639 8.3
      vertex 40.075 -74.7361 8.3
      vertex 40.1747 -74.7853 8.3
    endloop
  endfacet
  facet normal -0 0 1
    outer loop
      vertex 39.9826 -73.3257 8.3
      vertex 40.075 -74.7361 8.3
      vertex 40.075 -73.2639 8.3
    endloop
  endfacet
  facet normal 0 0 1
    outer loop
      vertex 39.9826 -73.3257 8.3
      vertex 39.9826 -74.6743 8.3
      vertex 40.075 -74.7361 8.3
    endloop
  endfacet
  facet normal -0 0 1
    outer loop
      vertex 39.899 -73.399 8.3
      vertex 39.9826 -74.6743 8.3
      vertex 39.9826 -73.3257 8.3
    endloop
  endfacet
  facet normal 0 0 1
    outer loop
      vertex 39.899 -73.399 8.3
      vertex 39.899 -74.601 8.3
      vertex 39.9826 -74.6743 8.3
    endloop
  endfacet
  facet normal -0 0 1
    outer loop
      vertex 39.8256 -73.4826 8.3
      vertex 39.899 -74.601 8.3
      vertex 39.899 -73.399 8.3
    endloop
  endfacet
  facet normal 0 0 1
    outer loop
      vertex 39.8256 -73.4826 8.3
      vertex 39.8256 -74.5174 8.3
      vertex 39.899 -74.601 8.3
    endloop
  endfacet
  facet normal -0 0 1
    outer loop
      vertex 39.7639 -73.575 8.3
      vertex 39.8256 -74.5174 8.3
      vertex 39.8256 -73.4826 8.3
    endloop
  endfacet
  facet normal 0 0 1
    outer loop
      vertex 39.7639 -73.575 8.3
      vertex 39.7639 -74.425 8.3
      vertex 39.8256 -74.5174 8.3
    endloop
  endfacet
  facet normal -0 0 1
    outer loop
      vertex 39.7147 -73.6747 8.3
      vertex 39.7639 -74.425 8.3
      vertex 39.7639 -73.575 8.3
    endloop
  endfacet
  facet normal 0 0 1
    outer loop
      vertex 39.7147 -73.6747 8.3
      vertex 39.7147 -74.3253 8.3
      vertex 39.7639 -74.425 8.3
    endloop
  endfacet
  facet normal -0 0 1
    outer loop
      vertex 39.679 -73.78 8.3
      vertex 39.7147 -74.3253 8.3
      vertex 39.7147 -73.6747 8.3
    endloop
  endfacet
  facet normal 0 0 1
    outer loop
      vertex 39.679 -73.78 8.3
      vertex 39.679 -74.22 8.3
      vertex 39.7147 -74.3253 8.3
    endloop
  endfacet
  facet normal -0 0 1
    outer loop
      vertex 39.6573 -73.8891 8.3
      vertex 39.679 -74.22 8.3
      vertex 39.679 -73.78 8.3
    endloop
  endfacet
  facet normal 0 0 1
    outer loop
      vertex 39.6573 -73.8891 8.3
      vertex 39.6573 -74.1109 8.3
      vertex 39.679 -74.22 8.3
    endloop
  endfacet
  facet normal 0 -0 1
    outer loop
      vertex 39.6573 -74.1109 8.3
      vertex 39.6573 -73.8891 8.3
      vertex 39.65 -74 8.3
    endloop
  endfacet
  facet normal 0.751462 -0.659776 3.95015e-19
    outer loop
      vertex 39.8256 -73.4826 17.3
      vertex 39.899 -73.399 8.3
      vertex 39.899 -73.399 17.3
    endloop
  endfacet
  facet normal 0.751462 -0.659776 3.95015e-19
    outer loop
      vertex 39.899 -73.399 8.3
      vertex 39.8256 -73.4826 17.3
      vertex 39.8256 -73.4826 8.3
    endloop
  endfacet
  facet normal -0.751462 0.659776 3.95015e-19
    outer loop
      vertex 41.101 -74.601 8.3
      vertex 41.1744 -74.5174 17.3
      vertex 41.1744 -74.5174 8.3
    endloop
  endfacet
  facet normal -0.751462 0.659776 3.95015e-19
    outer loop
      vertex 41.1744 -74.5174 17.3
      vertex 41.101 -74.601 8.3
      vertex 41.101 -74.601 17.3
    endloop
  endfacet
  facet normal -0.896754 0.44253 3.66364e-19
    outer loop
      vertex 41.2361 -74.425 8.3
      vertex 41.2853 -74.3253 17.3
      vertex 41.2853 -74.3253 8.3
    endloop
  endfacet
  facet normal -0.896754 0.44253 3.66364e-19
    outer loop
      vertex 41.2853 -74.3253 17.3
      vertex 41.2361 -74.425 8.3
      vertex 41.2361 -74.425 17.3
    endloop
  endfacet
  facet normal 0.980788 -0.195079 1.31109e-19
    outer loop
      vertex 39.6573 -73.8891 17.3
      vertex 39.679 -73.78 8.3
      vertex 39.679 -73.78 17.3
    endloop
  endfacet
  facet normal 0.980788 -0.195079 1.31109e-19
    outer loop
      vertex 39.679 -73.78 8.3
      vertex 39.6573 -73.8891 17.3
      vertex 39.6573 -73.8891 8.3
    endloop
  endfacet
  facet normal -0.0656829 -0.997841 0
    outer loop
      vertex 40.5 -73.15 8.3
      vertex 40.6109 -73.1573 17.3
      vertex 40.5 -73.15 17.3
    endloop
  endfacet
  facet normal -0.0656829 -0.997841 -0
    outer loop
      vertex 40.6109 -73.1573 17.3
      vertex 40.5 -73.15 8.3
      vertex 40.6109 -73.1573 8.3
    endloop
  endfacet
  facet normal -0.555945 -0.831219 0
    outer loop
      vertex 40.925 -73.2639 8.3
      vertex 41.0174 -73.3257 17.3
      vertex 40.925 -73.2639 17.3
    endloop
  endfacet
  facet normal -0.555945 -0.831219 -0
    outer loop
      vertex 41.0174 -73.3257 17.3
      vertex 40.925 -73.2639 8.3
      vertex 41.0174 -73.3257 8.3
    endloop
  endfacet
  facet normal 0.32108 -0.947052 0
    outer loop
      vertex 40.1747 -73.2147 8.3
      vertex 40.28 -73.179 17.3
      vertex 40.1747 -73.2147 17.3
    endloop
  endfacet
  facet normal 0.32108 -0.947052 0
    outer loop
      vertex 40.28 -73.179 17.3
      vertex 40.1747 -73.2147 8.3
      vertex 40.28 -73.179 8.3
    endloop
  endfacet
  facet normal 0.0656829 -0.997841 0
    outer loop
      vertex 40.3891 -73.1573 8.3
      vertex 40.5 -73.15 17.3
      vertex 40.3891 -73.1573 17.3
    endloop
  endfacet
  facet normal 0.0656829 -0.997841 0
    outer loop
      vertex 40.5 -73.15 17.3
      vertex 40.3891 -73.1573 8.3
      vertex 40.5 -73.15 8.3
    endloop
  endfacet
  facet normal 0.997841 -0.0656829 5.58408e-21
    outer loop
      vertex 39.65 -74 17.3
      vertex 39.6573 -73.8891 8.3
      vertex 39.6573 -73.8891 17.3
    endloop
  endfacet
  facet normal 0.997841 -0.0656829 5.58408e-21
    outer loop
      vertex 39.6573 -73.8891 8.3
      vertex 39.65 -74 17.3
      vertex 39.65 -74 8.3
    endloop
  endfacet
  facet normal 0.896754 0.44253 -3.66364e-19
    outer loop
      vertex 39.7639 -74.425 17.3
      vertex 39.7147 -74.3253 8.3
      vertex 39.7147 -74.3253 17.3
    endloop
  endfacet
  facet normal 0.896754 0.44253 -3.66364e-19
    outer loop
      vertex 39.7147 -74.3253 8.3
      vertex 39.7639 -74.425 17.3
      vertex 39.7639 -74.425 8.3
    endloop
  endfacet
  facet normal 0.44253 0.896754 -0
    outer loop
      vertex 40.1747 -74.7853 8.3
      vertex 40.075 -74.7361 17.3
      vertex 40.1747 -74.7853 17.3
    endloop
  endfacet
  facet normal 0.44253 0.896754 0
    outer loop
      vertex 40.075 -74.7361 17.3
      vertex 40.1747 -74.7853 8.3
      vertex 40.075 -74.7361 8.3
    endloop
  endfacet
  facet normal -0.659268 0.751908 0
    outer loop
      vertex 41.101 -74.601 8.3
      vertex 41.0174 -74.6743 17.3
      vertex 41.101 -74.601 17.3
    endloop
  endfacet
  facet normal -0.659268 0.751908 0
    outer loop
      vertex 41.0174 -74.6743 17.3
      vertex 41.101 -74.601 8.3
      vertex 41.0174 -74.6743 8.3
    endloop
  endfacet
  facet normal 0.831635 0.555323 4.28437e-19
    outer loop
      vertex 39.8256 -74.5174 17.3
      vertex 39.7639 -74.425 8.3
      vertex 39.7639 -74.425 17.3
    endloop
  endfacet
  facet normal 0.831635 0.555323 4.28437e-19
    outer loop
      vertex 39.7639 -74.425 8.3
      vertex 39.8256 -74.5174 17.3
      vertex 39.8256 -74.5174 8.3
    endloop
  endfacet
  facet normal -0.980718 -0.195426 -1.07223e-19
    outer loop
      vertex -30.8598 -9.8499 1.2
      vertex -30.8892 -9.70236 4.3
      vertex -30.8892 -9.70236 1.2
    endloop
  endfacet
  facet normal -0.980718 -0.195426 -1.07223e-19
    outer loop
      vertex -30.8892 -9.70236 4.3
      vertex -30.8598 -9.8499 1.2
      vertex -30.8598 -9.8499 4.3
    endloop
  endfacet
  facet normal -0.997875 -0.0651511 -2.83543e-20
    outer loop
      vertex -30.85 -10 1.2
      vertex -30.8598 -9.8499 4.3
      vertex -30.8598 -9.8499 1.2
    endloop
  endfacet
  facet normal -0.997875 -0.0651511 -2.83543e-20
    outer loop
      vertex -30.8598 -9.8499 4.3
      vertex -30.85 -10 1.2
      vertex -30.85 -10 4.3
    endloop
  endfacet
  facet normal 0.442314 -0.89686 0
    outer loop
      vertex -32.575 -9.00407 1.2
      vertex -32.4401 -8.93754 4.3
      vertex -32.575 -9.00407 4.3
    endloop
  endfacet
  facet normal 0.442314 -0.89686 0
    outer loop
      vertex -32.4401 -8.93754 4.3
      vertex -32.575 -9.00407 1.2
      vertex -32.4401 -8.93754 1.2
    endloop
  endfacet
  facet normal -0.659361 -0.751827 0
    outer loop
      vertex -31.2999 -9.08764 1.2
      vertex -31.1868 -9.18683 4.3
      vertex -31.2999 -9.08764 4.3
    endloop
  endfacet
  facet normal -0.659361 -0.751827 -0
    outer loop
      vertex -31.1868 -9.18683 4.3
      vertex -31.2999 -9.08764 1.2
      vertex -31.1868 -9.18683 1.2
    endloop
  endfacet
  facet normal -0.442688 0.896676 0
    outer loop
      vertex -31.425 -10.9959 1.2
      vertex -31.5599 -11.0625 4.3
      vertex -31.425 -10.9959 4.3
    endloop
  endfacet
  facet normal -0.442688 0.896676 0
    outer loop
      vertex -31.5599 -11.0625 4.3
      vertex -31.425 -10.9959 1.2
      vertex -31.5599 -11.0625 1.2
    endloop
  endfacet
  facet normal 0.980718 -0.195426 7.09511e-19
    outer loop
      vertex -33.1402 -9.8499 4.3
      vertex -33.1108 -9.70236 1.2
      vertex -33.1108 -9.70236 4.3
    endloop
  endfacet
  facet normal 0.980718 -0.195426 7.09511e-19
    outer loop
      vertex -33.1108 -9.70236 1.2
      vertex -33.1402 -9.8499 4.3
      vertex -33.1402 -9.8499 1.2
    endloop
  endfacet
  facet normal -0.195477 0.980708 0
    outer loop
      vertex -31.7024 -11.1108 1.2
      vertex -31.8499 -11.1402 4.3
      vertex -31.7024 -11.1108 4.3
    endloop
  endfacet
  facet normal -0.195477 0.980708 0
    outer loop
      vertex -31.8499 -11.1402 4.3
      vertex -31.7024 -11.1108 1.2
      vertex -31.8499 -11.1402 1.2
    endloop
  endfacet
  facet normal 0.0651511 0.997875 -0
    outer loop
      vertex -32 -11.15 1.2
      vertex -32.1501 -11.1402 4.3
      vertex -32 -11.15 4.3
    endloop
  endfacet
  facet normal 0.0651511 0.997875 0
    outer loop
      vertex -32.1501 -11.1402 4.3
      vertex -32 -11.15 1.2
      vertex -32.1501 -11.1402 1.2
    endloop
  endfacet
  facet normal 0.55516 0.831743 -0
    outer loop
      vertex -32.575 -10.9959 1.2
      vertex -32.7001 -10.9124 4.3
      vertex -32.575 -10.9959 4.3
    endloop
  endfacet
  facet normal 0.55516 0.831743 0
    outer loop
      vertex -32.7001 -10.9124 4.3
      vertex -32.575 -10.9959 1.2
      vertex -32.7001 -10.9124 1.2
    endloop
  endfacet
  facet normal -0.997875 0.0651511 2.83543e-20
    outer loop
      vertex -30.8598 -10.1501 1.2
      vertex -30.85 -10 4.3
      vertex -30.85 -10 1.2
    endloop
  endfacet
  facet normal -0.997875 0.0651511 2.83543e-20
    outer loop
      vertex -30.85 -10 4.3
      vertex -30.8598 -10.1501 1.2
      vertex -30.8598 -10.1501 4.3
    endloop
  endfacet
  facet normal 0.997875 -0.0651511 2.83543e-20
    outer loop
      vertex -33.15 -10 4.3
      vertex -33.1402 -9.8499 1.2
      vertex -33.1402 -9.8499 4.3
    endloop
  endfacet
  facet normal 0.997875 -0.0651511 2.83543e-20
    outer loop
      vertex -33.1402 -9.8499 1.2
      vertex -33.15 -10 4.3
      vertex -33.15 -10 1.2
    endloop
  endfacet
  facet normal -0.831702 -0.555222 1.15868e-19
    outer loop
      vertex -31.0041 -9.425 1.2
      vertex -31.0876 -9.29992 4.3
      vertex -31.0876 -9.29992 1.2
    endloop
  endfacet
  facet normal -0.831702 -0.555222 1.15868e-19
    outer loop
      vertex -31.0876 -9.29992 4.3
      vertex -31.0041 -9.425 1.2
      vertex -31.0041 -9.425 4.3
    endloop
  endfacet
  facet normal -0.896689 -0.442662 5.51284e-19
    outer loop
      vertex -30.9375 -9.55991 1.2
      vertex -31.0041 -9.425 4.3
      vertex -31.0041 -9.425 1.2
    endloop
  endfacet
  facet normal -0.896689 -0.442662 5.51284e-19
    outer loop
      vertex -31.0041 -9.425 4.3
      vertex -30.9375 -9.55991 1.2
      vertex -30.9375 -9.55991 4.3
    endloop
  endfacet
  facet normal 0.947076 0.321009 -5.14605e-19
    outer loop
      vertex -33.0625 -10.4401 4.3
      vertex -33.1108 -10.2976 1.2
      vertex -33.1108 -10.2976 4.3
    endloop
  endfacet
  facet normal 0.947076 0.321009 -5.14605e-19
    outer loop
      vertex -33.1108 -10.2976 1.2
      vertex -33.0625 -10.4401 4.3
      vertex -33.0625 -10.4401 1.2
    endloop
  endfacet
  facet normal -0.751794 0.659398 -8.54356e-19
    outer loop
      vertex -31.1868 -10.8132 1.2
      vertex -31.0876 -10.7001 4.3
      vertex -31.0876 -10.7001 1.2
    endloop
  endfacet
  facet normal -0.751794 0.659398 -8.54356e-19
    outer loop
      vertex -31.0876 -10.7001 4.3
      vertex -31.1868 -10.8132 1.2
      vertex -31.1868 -10.8132 4.3
    endloop
  endfacet
  facet normal -0.980708 0.195477 -7.99608e-19
    outer loop
      vertex -30.8892 -10.2976 1.2
      vertex -30.8598 -10.1501 4.3
      vertex -30.8598 -10.1501 1.2
    endloop
  endfacet
  facet normal -0.980708 0.195477 -7.99608e-19
    outer loop
      vertex -30.8598 -10.1501 4.3
      vertex -30.8892 -10.2976 1.2
      vertex -30.8892 -10.2976 4.3
    endloop
  endfacet
  facet normal 0.896676 0.442688 -1.11521e-18
    outer loop
      vertex -32.9959 -10.575 4.3
      vertex -33.0625 -10.4401 1.2
      vertex -33.0625 -10.4401 4.3
    endloop
  endfacet
  facet normal 0.896676 0.442688 -1.11521e-18
    outer loop
      vertex -33.0625 -10.4401 1.2
      vertex -32.9959 -10.575 4.3
      vertex -32.9959 -10.575 1.2
    endloop
  endfacet
  facet normal 0.659361 -0.751827 0
    outer loop
      vertex -32.8132 -9.18683 1.2
      vertex -32.7001 -9.08764 4.3
      vertex -32.8132 -9.18683 4.3
    endloop
  endfacet
  facet normal 0.659361 -0.751827 0
    outer loop
      vertex -32.7001 -9.08764 4.3
      vertex -32.8132 -9.18683 1.2
      vertex -32.7001 -9.08764 1.2
    endloop
  endfacet
  facet normal 0.555482 -0.831528 0
    outer loop
      vertex -32.7001 -9.08764 1.2
      vertex -32.575 -9.00407 4.3
      vertex -32.7001 -9.08764 4.3
    endloop
  endfacet
  facet normal 0.555482 -0.831528 0
    outer loop
      vertex -32.575 -9.00407 4.3
      vertex -32.7001 -9.08764 1.2
      vertex -32.575 -9.00407 1.2
    endloop
  endfacet
  facet normal -0.0654159 -0.997858 0
    outer loop
      vertex -32 -8.85 1.2
      vertex -31.8499 -8.85984 4.3
      vertex -32 -8.85 4.3
    endloop
  endfacet
  facet normal -0.0654159 -0.997858 -0
    outer loop
      vertex -31.8499 -8.85984 4.3
      vertex -32 -8.85 1.2
      vertex -31.8499 -8.85984 1.2
    endloop
  endfacet
  facet normal 0.751794 0.659398 1.81254e-18
    outer loop
      vertex -32.8132 -10.8132 4.3
      vertex -32.9124 -10.7001 1.2
      vertex -32.9124 -10.7001 4.3
    endloop
  endfacet
  facet normal 0.751794 0.659398 1.81254e-18
    outer loop
      vertex -32.9124 -10.7001 1.2
      vertex -32.8132 -10.8132 4.3
      vertex -32.8132 -10.8132 1.2
    endloop
  endfacet
  facet normal 0.321307 -0.946975 0
    outer loop
      vertex -32.4401 -8.93754 1.2
      vertex -32.2976 -8.88919 4.3
      vertex -32.4401 -8.93754 4.3
    endloop
  endfacet
  facet normal 0.321307 -0.946975 0
    outer loop
      vertex -32.2976 -8.88919 4.3
      vertex -32.4401 -8.93754 1.2
      vertex -32.2976 -8.88919 1.2
    endloop
  endfacet
  facet normal -0.659398 0.751794 0
    outer loop
      vertex -31.1868 -10.8132 1.2
      vertex -31.2999 -10.9124 4.3
      vertex -31.1868 -10.8132 4.3
    endloop
  endfacet
  facet normal -0.659398 0.751794 0
    outer loop
      vertex -31.2999 -10.9124 4.3
      vertex -31.1868 -10.8132 1.2
      vertex -31.2999 -10.9124 1.2
    endloop
  endfacet
  facet normal -0.0651511 0.997875 0
    outer loop
      vertex -31.8499 -11.1402 1.2
      vertex -32 -11.15 4.3
      vertex -31.8499 -11.1402 4.3
    endloop
  endfacet
  facet normal -0.0651511 0.997875 0
    outer loop
      vertex -32 -11.15 4.3
      vertex -31.8499 -11.1402 1.2
      vertex -32 -11.15 1.2
    endloop
  endfacet
  facet normal -0.555482 -0.831528 0
    outer loop
      vertex -31.425 -9.00407 1.2
      vertex -31.2999 -9.08764 4.3
      vertex -31.425 -9.00407 4.3
    endloop
  endfacet
  facet normal -0.555482 -0.831528 -0
    outer loop
      vertex -31.2999 -9.08764 4.3
      vertex -31.425 -9.00407 1.2
      vertex -31.2999 -9.08764 1.2
    endloop
  endfacet
  facet normal 0.442688 0.896676 -0
    outer loop
      vertex -32.4401 -11.0625 1.2
      vertex -32.575 -10.9959 4.3
      vertex -32.4401 -11.0625 4.3
    endloop
  endfacet
  facet normal 0.442688 0.896676 0
    outer loop
      vertex -32.575 -10.9959 4.3
      vertex -32.4401 -11.0625 1.2
      vertex -32.575 -10.9959 1.2
    endloop
  endfacet
  facet normal -0.55516 0.831743 0
    outer loop
      vertex -31.2999 -10.9124 1.2
      vertex -31.425 -10.9959 4.3
      vertex -31.2999 -10.9124 4.3
    endloop
  endfacet
  facet normal -0.55516 0.831743 0
    outer loop
      vertex -31.425 -10.9959 4.3
      vertex -31.2999 -10.9124 1.2
      vertex -31.425 -10.9959 1.2
    endloop
  endfacet
  facet normal -0.321009 0.947076 0
    outer loop
      vertex -31.5599 -11.0625 1.2
      vertex -31.7024 -11.1108 4.3
      vertex -31.5599 -11.0625 4.3
    endloop
  endfacet
  facet normal -0.321009 0.947076 0
    outer loop
      vertex -31.7024 -11.1108 4.3
      vertex -31.5599 -11.0625 1.2
      vertex -31.7024 -11.1108 1.2
    endloop
  endfacet
  facet normal 0.195157 -0.980772 0
    outer loop
      vertex -32.2976 -8.88919 1.2
      vertex -32.1501 -8.85984 4.3
      vertex -32.2976 -8.88919 4.3
    endloop
  endfacet
  facet normal 0.195157 -0.980772 0
    outer loop
      vertex -32.1501 -8.85984 4.3
      vertex -32.2976 -8.88919 1.2
      vertex -32.1501 -8.85984 1.2
    endloop
  endfacet
  facet normal -0.442314 -0.89686 0
    outer loop
      vertex -31.5599 -8.93754 1.2
      vertex -31.425 -9.00407 4.3
      vertex -31.5599 -8.93754 4.3
    endloop
  endfacet
  facet normal -0.442314 -0.89686 -0
    outer loop
      vertex -31.425 -9.00407 4.3
      vertex -31.5599 -8.93754 1.2
      vertex -31.425 -9.00407 1.2
    endloop
  endfacet
  facet normal 0.980708 0.195477 5.01958e-19
    outer loop
      vertex -33.1108 -10.2976 4.3
      vertex -33.1402 -10.1501 1.2
      vertex -33.1402 -10.1501 4.3
    endloop
  endfacet
  facet normal 0.980708 0.195477 5.01958e-19
    outer loop
      vertex -33.1402 -10.1501 1.2
      vertex -33.1108 -10.2976 4.3
      vertex -33.1108 -10.2976 1.2
    endloop
  endfacet
  facet normal -0.321307 -0.946975 0
    outer loop
      vertex -31.7024 -8.88919 1.2
      vertex -31.5599 -8.93754 4.3
      vertex -31.7024 -8.88919 4.3
    endloop
  endfacet
  facet normal -0.321307 -0.946975 -0
    outer loop
      vertex -31.5599 -8.93754 4.3
      vertex -31.7024 -8.88919 1.2
      vertex -31.5599 -8.93754 1.2
    endloop
  endfacet
  facet normal 0.896689 -0.442662 -5.51284e-19
    outer loop
      vertex -33.0625 -9.55991 4.3
      vertex -32.9959 -9.425 1.2
      vertex -32.9959 -9.425 4.3
    endloop
  endfacet
  facet normal 0.896689 -0.442662 -5.51284e-19
    outer loop
      vertex -32.9959 -9.425 1.2
      vertex -33.0625 -9.55991 4.3
      vertex -33.0625 -9.55991 1.2
    endloop
  endfacet
  facet normal 0.831702 -0.555222 4.93765e-19
    outer loop
      vertex -32.9959 -9.425 4.3
      vertex -32.9124 -9.29992 1.2
      vertex -32.9124 -9.29992 4.3
    endloop
  endfacet
  facet normal 0.831702 -0.555222 4.93765e-19
    outer loop
      vertex -32.9124 -9.29992 1.2
      vertex -32.9959 -9.425 4.3
      vertex -32.9959 -9.425 1.2
    endloop
  endfacet
  facet normal -0.831743 0.55516 -1.0675e-18
    outer loop
      vertex -31.0876 -10.7001 1.2
      vertex -31.0041 -10.575 4.3
      vertex -31.0041 -10.575 1.2
    endloop
  endfacet
  facet normal -0.831743 0.55516 -1.0675e-18
    outer loop
      vertex -31.0041 -10.575 4.3
      vertex -31.0876 -10.7001 1.2
      vertex -31.0876 -10.7001 4.3
    endloop
  endfacet
  facet normal -0.947076 0.321009 -8.04517e-20
    outer loop
      vertex -30.9375 -10.4401 1.2
      vertex -30.8892 -10.2976 4.3
      vertex -30.8892 -10.2976 1.2
    endloop
  endfacet
  facet normal -0.947076 0.321009 -8.04517e-20
    outer loop
      vertex -30.8892 -10.2976 4.3
      vertex -30.9375 -10.4401 1.2
      vertex -30.9375 -10.4401 4.3
    endloop
  endfacet
  facet normal -0.195157 -0.980772 0
    outer loop
      vertex -31.8499 -8.85984 1.2
      vertex -31.7024 -8.88919 4.3
      vertex -31.8499 -8.85984 4.3
    endloop
  endfacet
  facet normal -0.195157 -0.980772 -0
    outer loop
      vertex -31.7024 -8.88919 4.3
      vertex -31.8499 -8.85984 1.2
      vertex -31.7024 -8.88919 1.2
    endloop
  endfacet
  facet normal 0.997875 0.0651511 -2.83543e-20
    outer loop
      vertex -33.1402 -10.1501 4.3
      vertex -33.15 -10 1.2
      vertex -33.15 -10 4.3
    endloop
  endfacet
  facet normal 0.997875 0.0651511 -2.83543e-20
    outer loop
      vertex -33.15 -10 1.2
      vertex -33.1402 -10.1501 4.3
      vertex -33.1402 -10.1501 1.2
    endloop
  endfacet
  facet normal 0.195477 0.980708 -0
    outer loop
      vertex -32.1501 -11.1402 1.2
      vertex -32.2976 -11.1108 4.3
      vertex -32.1501 -11.1402 4.3
    endloop
  endfacet
  facet normal 0.195477 0.980708 0
    outer loop
      vertex -32.2976 -11.1108 4.3
      vertex -32.1501 -11.1402 1.2
      vertex -32.2976 -11.1108 1.2
    endloop
  endfacet
  facet normal -0.751765 -0.659431 -1.50347e-18
    outer loop
      vertex -31.0876 -9.29992 1.2
      vertex -31.1868 -9.18683 4.3
      vertex -31.1868 -9.18683 1.2
    endloop
  endfacet
  facet normal -0.751765 -0.659431 -1.50347e-18
    outer loop
      vertex -31.1868 -9.18683 4.3
      vertex -31.0876 -9.29992 1.2
      vertex -31.0876 -9.29992 4.3
    endloop
  endfacet
  facet normal -0.947042 -0.32111 2.86865e-19
    outer loop
      vertex -30.8892 -9.70236 1.2
      vertex -30.9375 -9.55991 4.3
      vertex -30.9375 -9.55991 1.2
    endloop
  endfacet
  facet normal -0.947042 -0.32111 2.86865e-19
    outer loop
      vertex -30.9375 -9.55991 4.3
      vertex -30.8892 -9.70236 1.2
      vertex -30.8892 -9.70236 4.3
    endloop
  endfacet
  facet normal 0.947042 -0.32111 6.89336e-19
    outer loop
      vertex -33.1108 -9.70236 4.3
      vertex -33.0625 -9.55991 1.2
      vertex -33.0625 -9.55991 4.3
    endloop
  endfacet
  facet normal 0.947042 -0.32111 6.89336e-19
    outer loop
      vertex -33.0625 -9.55991 1.2
      vertex -33.1108 -9.70236 4.3
      vertex -33.1108 -9.70236 1.2
    endloop
  endfacet
  facet normal 0.831743 0.55516 3.05545e-19
    outer loop
      vertex -32.9124 -10.7001 4.3
      vertex -32.9959 -10.575 1.2
      vertex -32.9959 -10.575 4.3
    endloop
  endfacet
  facet normal 0.831743 0.55516 3.05545e-19
    outer loop
      vertex -32.9959 -10.575 1.2
      vertex -32.9124 -10.7001 4.3
      vertex -32.9124 -10.7001 1.2
    endloop
  endfacet
  facet normal 0.0654159 -0.997858 0
    outer loop
      vertex -32.1501 -8.85984 1.2
      vertex -32 -8.85 4.3
      vertex -32.1501 -8.85984 4.3
    endloop
  endfacet
  facet normal 0.0654159 -0.997858 0
    outer loop
      vertex -32 -8.85 4.3
      vertex -32.1501 -8.85984 1.2
      vertex -32 -8.85 1.2
    endloop
  endfacet
  facet normal 0.321009 0.947076 -0
    outer loop
      vertex -32.2976 -11.1108 1.2
      vertex -32.4401 -11.0625 4.3
      vertex -32.2976 -11.1108 4.3
    endloop
  endfacet
  facet normal 0.321009 0.947076 0
    outer loop
      vertex -32.4401 -11.0625 4.3
      vertex -32.2976 -11.1108 1.2
      vertex -32.4401 -11.0625 1.2
    endloop
  endfacet
  facet normal -0.896676 0.442688 1.11521e-18
    outer loop
      vertex -31.0041 -10.575 1.2
      vertex -30.9375 -10.4401 4.3
      vertex -30.9375 -10.4401 1.2
    endloop
  endfacet
  facet normal -0.896676 0.442688 1.11521e-18
    outer loop
      vertex -30.9375 -10.4401 4.3
      vertex -31.0041 -10.575 1.2
      vertex -31.0041 -10.575 4.3
    endloop
  endfacet
  facet normal 0.659398 0.751794 -0
    outer loop
      vertex -32.7001 -10.9124 1.2
      vertex -32.8132 -10.8132 4.3
      vertex -32.7001 -10.9124 4.3
    endloop
  endfacet
  facet normal 0.659398 0.751794 0
    outer loop
      vertex -32.8132 -10.8132 4.3
      vertex -32.7001 -10.9124 1.2
      vertex -32.8132 -10.8132 1.2
    endloop
  endfacet
  facet normal 0.751765 -0.659431 6.97601e-19
    outer loop
      vertex -32.9124 -9.29992 4.3
      vertex -32.8132 -9.18683 1.2
      vertex -32.8132 -9.18683 4.3
    endloop
  endfacet
  facet normal 0.751765 -0.659431 6.97601e-19
    outer loop
      vertex -32.8132 -9.18683 1.2
      vertex -32.9124 -9.29992 4.3
      vertex -32.9124 -9.29992 1.2
    endloop
  endfacet
  facet normal 0 1 -0
    outer loop
      vertex -30.8 -12.0785 4.3
      vertex -33.2 -12.0785 6.8
      vertex -30.8 -12.0785 6.8
    endloop
  endfacet
  facet normal 0 1 0
    outer loop
      vertex -33.2 -12.0785 6.8
      vertex -30.8 -12.0785 4.3
      vertex -33.2 -12.0785 4.3
    endloop
  endfacet
  facet normal -0.866029 0.499993 2.03094e-17
    outer loop
      vertex -30.8 -12.0785 4.3
      vertex -29.6 -10 6.8
      vertex -29.6 -10 4.3
    endloop
  endfacet
  facet normal -0.866029 0.499993 2.03094e-17
    outer loop
      vertex -29.6 -10 6.8
      vertex -30.8 -12.0785 4.3
      vertex -30.8 -12.0785 6.8
    endloop
  endfacet
  facet normal 0 -1 0
    outer loop
      vertex -33.2 -7.92154 4.3
      vertex -30.8 -7.92154 6.8
      vertex -33.2 -7.92154 6.8
    endloop
  endfacet
  facet normal 0 -1 -0
    outer loop
      vertex -30.8 -7.92154 6.8
      vertex -33.2 -7.92154 4.3
      vertex -30.8 -7.92154 4.3
    endloop
  endfacet
  facet normal -0.866025 -0.5 2.40945e-17
    outer loop
      vertex -29.6 -10 4.3
      vertex -30.8 -7.92154 6.8
      vertex -30.8 -7.92154 4.3
    endloop
  endfacet
  facet normal -0.866025 -0.5 2.40945e-17
    outer loop
      vertex -30.8 -7.92154 6.8
      vertex -29.6 -10 4.3
      vertex -29.6 -10 6.8
    endloop
  endfacet
  facet normal 0.866025 -0.5 3.46271e-18
    outer loop
      vertex -34.4 -10 6.8
      vertex -33.2 -7.92154 4.3
      vertex -33.2 -7.92154 6.8
    endloop
  endfacet
  facet normal 0.866025 -0.5 3.46271e-18
    outer loop
      vertex -33.2 -7.92154 4.3
      vertex -34.4 -10 6.8
      vertex -34.4 -10 4.3
    endloop
  endfacet
  facet normal 0.866029 0.499993 2.61713e-17
    outer loop
      vertex -33.2 -12.0785 6.8
      vertex -34.4 -10 4.3
      vertex -34.4 -10 6.8
    endloop
  endfacet
  facet normal 0.866029 0.499993 2.61713e-17
    outer loop
      vertex -34.4 -10 4.3
      vertex -33.2 -12.0785 6.8
      vertex -33.2 -12.0785 4.3
    endloop
  endfacet
  facet normal -0 0 1
    outer loop
      vertex -31.0041 -9.425 4.3
      vertex -29.6 -10 4.3
      vertex -30.8 -7.92154 4.3
    endloop
  endfacet
  facet normal 0 0 1
    outer loop
      vertex -30.8598 -10.1501 4.3
      vertex -29.6 -10 4.3
      vertex -30.85 -10 4.3
    endloop
  endfacet
  facet normal 0 0 1
    outer loop
      vertex -29.6 -10 4.3
      vertex -30.8598 -9.8499 4.3
      vertex -30.85 -10 4.3
    endloop
  endfacet
  facet normal 0 0 1
    outer loop
      vertex -29.6 -10 4.3
      vertex -30.8892 -9.70236 4.3
      vertex -30.8598 -9.8499 4.3
    endloop
  endfacet
  facet normal 0 0 1
    outer loop
      vertex -29.6 -10 4.3
      vertex -30.9375 -9.55991 4.3
      vertex -30.8892 -9.70236 4.3
    endloop
  endfacet
  facet normal 0 0 1
    outer loop
      vertex -29.6 -10 4.3
      vertex -31.0041 -9.425 4.3
      vertex -30.9375 -9.55991 4.3
    endloop
  endfacet
  facet normal 0 0 1
    outer loop
      vertex -30.8 -7.92154 4.3
      vertex -31.0876 -9.29992 4.3
      vertex -31.0041 -9.425 4.3
    endloop
  endfacet
  facet normal 0 0 1
    outer loop
      vertex -30.8 -7.92154 4.3
      vertex -31.1868 -9.18683 4.3
      vertex -31.0876 -9.29992 4.3
    endloop
  endfacet
  facet normal 0 0 1
    outer loop
      vertex -30.8 -7.92154 4.3
      vertex -31.2999 -9.08764 4.3
      vertex -31.1868 -9.18683 4.3
    endloop
  endfacet
  facet normal 0 0 1
    outer loop
      vertex -30.8 -7.92154 4.3
      vertex -31.425 -9.00407 4.3
      vertex -31.2999 -9.08764 4.3
    endloop
  endfacet
  facet normal 0 0 1
    outer loop
      vertex -30.8 -7.92154 4.3
      vertex -31.5599 -8.93754 4.3
      vertex -31.425 -9.00407 4.3
    endloop
  endfacet
  facet normal 0 0 1
    outer loop
      vertex -30.8 -7.92154 4.3
      vertex -31.7024 -8.88919 4.3
      vertex -31.5599 -8.93754 4.3
    endloop
  endfacet
  facet normal 0 0 1
    outer loop
      vertex -30.8 -7.92154 4.3
      vertex -31.8499 -8.85984 4.3
      vertex -31.7024 -8.88919 4.3
    endloop
  endfacet
  facet normal 0 0 1
    outer loop
      vertex -30.8 -7.92154 4.3
      vertex -32 -8.85 4.3
      vertex -31.8499 -8.85984 4.3
    endloop
  endfacet
  facet normal -0 0 1
    outer loop
      vertex -33.2 -7.92154 4.3
      vertex -32 -8.85 4.3
      vertex -30.8 -7.92154 4.3
    endloop
  endfacet
  facet normal 0 0 1
    outer loop
      vertex -32 -8.85 4.3
      vertex -33.2 -7.92154 4.3
      vertex -32.1501 -8.85984 4.3
    endloop
  endfacet
  facet normal 0 0 1
    outer loop
      vertex -32.1501 -8.85984 4.3
      vertex -33.2 -7.92154 4.3
      vertex -32.2976 -8.88919 4.3
    endloop
  endfacet
  facet normal 0 0 1
    outer loop
      vertex -32.2976 -8.88919 4.3
      vertex -33.2 -7.92154 4.3
      vertex -32.4401 -8.93754 4.3
    endloop
  endfacet
  facet normal 0 0 1
    outer loop
      vertex -33.1108 -9.70236 4.3
      vertex -34.4 -10 4.3
      vertex -33.1402 -9.8499 4.3
    endloop
  endfacet
  facet normal 0 0 1
    outer loop
      vertex -33.0625 -9.55991 4.3
      vertex -34.4 -10 4.3
      vertex -33.1108 -9.70236 4.3
    endloop
  endfacet
  facet normal 0 0 1
    outer loop
      vertex -32.9959 -9.425 4.3
      vertex -34.4 -10 4.3
      vertex -33.0625 -9.55991 4.3
    endloop
  endfacet
  facet normal 0 0 1
    outer loop
      vertex -34.4 -10 4.3
      vertex -32.9959 -9.425 4.3
      vertex -33.2 -7.92154 4.3
    endloop
  endfacet
  facet normal 0 0 1
    outer loop
      vertex -32.9124 -9.29992 4.3
      vertex -33.2 -7.92154 4.3
      vertex -32.9959 -9.425 4.3
    endloop
  endfacet
  facet normal 0 0 1
    outer loop
      vertex -32.8132 -9.18683 4.3
      vertex -33.2 -7.92154 4.3
      vertex -32.9124 -9.29992 4.3
    endloop
  endfacet
  facet normal 0 0 1
    outer loop
      vertex -32.7001 -9.08764 4.3
      vertex -33.2 -7.92154 4.3
      vertex -32.8132 -9.18683 4.3
    endloop
  endfacet
  facet normal 0 0 1
    outer loop
      vertex -32.575 -9.00407 4.3
      vertex -33.2 -7.92154 4.3
      vertex -32.7001 -9.08764 4.3
    endloop
  endfacet
  facet normal 0 0 1
    outer loop
      vertex -32.4401 -8.93754 4.3
      vertex -33.2 -7.92154 4.3
      vertex -32.575 -9.00407 4.3
    endloop
  endfacet
  facet normal 0 0 1
    outer loop
      vertex -30.8892 -10.2976 4.3
      vertex -29.6 -10 4.3
      vertex -30.8598 -10.1501 4.3
    endloop
  endfacet
  facet normal 0 0 1
    outer loop
      vertex -30.9375 -10.4401 4.3
      vertex -29.6 -10 4.3
      vertex -30.8892 -10.2976 4.3
    endloop
  endfacet
  facet normal 0 0 1
    outer loop
      vertex -31.0041 -10.575 4.3
      vertex -29.6 -10 4.3
      vertex -30.9375 -10.4401 4.3
    endloop
  endfacet
  facet normal 0 0 1
    outer loop
      vertex -29.6 -10 4.3
      vertex -31.0041 -10.575 4.3
      vertex -30.8 -12.0785 4.3
    endloop
  endfacet
  facet normal -0 0 1
    outer loop
      vertex -31.0876 -10.7001 4.3
      vertex -30.8 -12.0785 4.3
      vertex -31.0041 -10.575 4.3
    endloop
  endfacet
  facet normal -0 0 1
    outer loop
      vertex -31.1868 -10.8132 4.3
      vertex -30.8 -12.0785 4.3
      vertex -31.0876 -10.7001 4.3
    endloop
  endfacet
  facet normal -0 0 1
    outer loop
      vertex -31.2999 -10.9124 4.3
      vertex -30.8 -12.0785 4.3
      vertex -31.1868 -10.8132 4.3
    endloop
  endfacet
  facet normal -0 0 1
    outer loop
      vertex -31.425 -10.9959 4.3
      vertex -30.8 -12.0785 4.3
      vertex -31.2999 -10.9124 4.3
    endloop
  endfacet
  facet normal -0 0 1
    outer loop
      vertex -31.5599 -11.0625 4.3
      vertex -30.8 -12.0785 4.3
      vertex -31.425 -10.9959 4.3
    endloop
  endfacet
  facet normal -0 0 1
    outer loop
      vertex -31.7024 -11.1108 4.3
      vertex -30.8 -12.0785 4.3
      vertex -31.5599 -11.0625 4.3
    endloop
  endfacet
  facet normal -0 0 1
    outer loop
      vertex -31.8499 -11.1402 4.3
      vertex -30.8 -12.0785 4.3
      vertex -31.7024 -11.1108 4.3
    endloop
  endfacet
  facet normal -0 0 1
    outer loop
      vertex -32 -11.15 4.3
      vertex -30.8 -12.0785 4.3
      vertex -31.8499 -11.1402 4.3
    endloop
  endfacet
  facet normal 0 0 1
    outer loop
      vertex -33.2 -12.0785 4.3
      vertex -32 -11.15 4.3
      vertex -32.1501 -11.1402 4.3
    endloop
  endfacet
  facet normal 0 0 1
    outer loop
      vertex -33.2 -12.0785 4.3
      vertex -32.1501 -11.1402 4.3
      vertex -32.2976 -11.1108 4.3
    endloop
  endfacet
  facet normal 0 0 1
    outer loop
      vertex -33.2 -12.0785 4.3
      vertex -32.2976 -11.1108 4.3
      vertex -32.4401 -11.0625 4.3
    endloop
  endfacet
  facet normal 0 0 1
    outer loop
      vertex -33.2 -12.0785 4.3
      vertex -32.4401 -11.0625 4.3
      vertex -32.575 -10.9959 4.3
    endloop
  endfacet
  facet normal 0 0 1
    outer loop
      vertex -32 -11.15 4.3
      vertex -33.2 -12.0785 4.3
      vertex -30.8 -12.0785 4.3
    endloop
  endfacet
  facet normal 0 0 1
    outer loop
      vertex -32.7001 -10.9124 4.3
      vertex -33.2 -12.0785 4.3
      vertex -32.575 -10.9959 4.3
    endloop
  endfacet
  facet normal 0 0 1
    outer loop
      vertex -32.8132 -10.8132 4.3
      vertex -33.2 -12.0785 4.3
      vertex -32.7001 -10.9124 4.3
    endloop
  endfacet
  facet normal 0 0 1
    outer loop
      vertex -32.9124 -10.7001 4.3
      vertex -33.2 -12.0785 4.3
      vertex -32.8132 -10.8132 4.3
    endloop
  endfacet
  facet normal 0 0 1
    outer loop
      vertex -32.9959 -10.575 4.3
      vertex -33.2 -12.0785 4.3
      vertex -32.9124 -10.7001 4.3
    endloop
  endfacet
  facet normal 0 0 1
    outer loop
      vertex -34.4 -10 4.3
      vertex -32.9959 -10.575 4.3
      vertex -33.0625 -10.4401 4.3
    endloop
  endfacet
  facet normal 0 0 1
    outer loop
      vertex -34.4 -10 4.3
      vertex -33.0625 -10.4401 4.3
      vertex -33.1108 -10.2976 4.3
    endloop
  endfacet
  facet normal 0 0 1
    outer loop
      vertex -34.4 -10 4.3
      vertex -33.1108 -10.2976 4.3
      vertex -33.1402 -10.1501 4.3
    endloop
  endfacet
  facet normal -0 0 1
    outer loop
      vertex -34.4 -10 4.3
      vertex -33.1402 -10.1501 4.3
      vertex -33.15 -10 4.3
    endloop
  endfacet
  facet normal 0 0 1
    outer loop
      vertex -33.1402 -9.8499 4.3
      vertex -34.4 -10 4.3
      vertex -33.15 -10 4.3
    endloop
  endfacet
  facet normal 0 0 1
    outer loop
      vertex -32.9959 -10.575 4.3
      vertex -34.4 -10 4.3
      vertex -33.2 -12.0785 4.3
    endloop
  endfacet
  facet normal -0.980718 -0.195426 -1.07223e-19
    outer loop
      vertex 27.1402 -9.8499 1.2
      vertex 27.1108 -9.70236 4.3
      vertex 27.1108 -9.70236 1.2
    endloop
  endfacet
  facet normal -0.980718 -0.195426 -1.07223e-19
    outer loop
      vertex 27.1108 -9.70236 4.3
      vertex 27.1402 -9.8499 1.2
      vertex 27.1402 -9.8499 4.3
    endloop
  endfacet
  facet normal -0.997875 -0.0651511 -2.83543e-20
    outer loop
      vertex 27.15 -10 1.2
      vertex 27.1402 -9.8499 4.3
      vertex 27.1402 -9.8499 1.2
    endloop
  endfacet
  facet normal -0.997875 -0.0651511 -2.83543e-20
    outer loop
      vertex 27.1402 -9.8499 4.3
      vertex 27.15 -10 1.2
      vertex 27.15 -10 4.3
    endloop
  endfacet
  facet normal 0.442314 -0.89686 0
    outer loop
      vertex 25.425 -9.00407 1.2
      vertex 25.5599 -8.93754 4.3
      vertex 25.425 -9.00407 4.3
    endloop
  endfacet
  facet normal 0.442314 -0.89686 0
    outer loop
      vertex 25.5599 -8.93754 4.3
      vertex 25.425 -9.00407 1.2
      vertex 25.5599 -8.93754 1.2
    endloop
  endfacet
  facet normal -0.659361 -0.751827 0
    outer loop
      vertex 26.7001 -9.08764 1.2
      vertex 26.8132 -9.18683 4.3
      vertex 26.7001 -9.08764 4.3
    endloop
  endfacet
  facet normal -0.659361 -0.751827 -0
    outer loop
      vertex 26.8132 -9.18683 4.3
      vertex 26.7001 -9.08764 1.2
      vertex 26.8132 -9.18683 1.2
    endloop
  endfacet
  facet normal 0.0654159 -0.997858 0
    outer loop
      vertex 25.8499 -8.85984 1.2
      vertex 26 -8.85 4.3
      vertex 25.8499 -8.85984 4.3
    endloop
  endfacet
  facet normal 0.0654159 -0.997858 0
    outer loop
      vertex 26 -8.85 4.3
      vertex 25.8499 -8.85984 1.2
      vertex 26 -8.85 1.2
    endloop
  endfacet
  facet normal -0.442688 0.896676 0
    outer loop
      vertex 26.575 -10.9959 1.2
      vertex 26.4401 -11.0625 4.3
      vertex 26.575 -10.9959 4.3
    endloop
  endfacet
  facet normal -0.442688 0.896676 0
    outer loop
      vertex 26.4401 -11.0625 4.3
      vertex 26.575 -10.9959 1.2
      vertex 26.4401 -11.0625 1.2
    endloop
  endfacet
  facet normal 0.980718 -0.195426 1.07223e-19
    outer loop
      vertex 24.8598 -9.8499 4.3
      vertex 24.8892 -9.70236 1.2
      vertex 24.8892 -9.70236 4.3
    endloop
  endfacet
  facet normal 0.980718 -0.195426 1.07223e-19
    outer loop
      vertex 24.8892 -9.70236 1.2
      vertex 24.8598 -9.8499 4.3
      vertex 24.8598 -9.8499 1.2
    endloop
  endfacet
  facet normal -0.195477 0.980708 0
    outer loop
      vertex 26.2976 -11.1108 1.2
      vertex 26.1501 -11.1402 4.3
      vertex 26.2976 -11.1108 4.3
    endloop
  endfacet
  facet normal -0.195477 0.980708 0
    outer loop
      vertex 26.1501 -11.1402 4.3
      vertex 26.2976 -11.1108 1.2
      vertex 26.1501 -11.1402 1.2
    endloop
  endfacet
  facet normal 0.0651511 0.997875 -0
    outer loop
      vertex 26 -11.15 1.2
      vertex 25.8499 -11.1402 4.3
      vertex 26 -11.15 4.3
    endloop
  endfacet
  facet normal 0.0651511 0.997875 0
    outer loop
      vertex 25.8499 -11.1402 4.3
      vertex 26 -11.15 1.2
      vertex 25.8499 -11.1402 1.2
    endloop
  endfacet
  facet normal 0.55516 0.831743 -0
    outer loop
      vertex 25.425 -10.9959 1.2
      vertex 25.2999 -10.9124 4.3
      vertex 25.425 -10.9959 4.3
    endloop
  endfacet
  facet normal 0.55516 0.831743 0
    outer loop
      vertex 25.2999 -10.9124 4.3
      vertex 25.425 -10.9959 1.2
      vertex 25.2999 -10.9124 1.2
    endloop
  endfacet
  facet normal -0.997875 0.0651511 2.83543e-20
    outer loop
      vertex 27.1402 -10.1501 1.2
      vertex 27.15 -10 4.3
      vertex 27.15 -10 1.2
    endloop
  endfacet
  facet normal -0.997875 0.0651511 2.83543e-20
    outer loop
      vertex 27.15 -10 4.3
      vertex 27.1402 -10.1501 1.2
      vertex 27.1402 -10.1501 4.3
    endloop
  endfacet
  facet normal 0.997875 -0.0651511 2.83543e-20
    outer loop
      vertex 24.85 -10 4.3
      vertex 24.8598 -9.8499 1.2
      vertex 24.8598 -9.8499 4.3
    endloop
  endfacet
  facet normal 0.997875 -0.0651511 2.83543e-20
    outer loop
      vertex 24.8598 -9.8499 1.2
      vertex 24.85 -10 4.3
      vertex 24.85 -10 1.2
    endloop
  endfacet
  facet normal -0.831702 -0.555222 1.15868e-19
    outer loop
      vertex 26.9959 -9.425 1.2
      vertex 26.9124 -9.29992 4.3
      vertex 26.9124 -9.29992 1.2
    endloop
  endfacet
  facet normal -0.831702 -0.555222 1.15868e-19
    outer loop
      vertex 26.9124 -9.29992 4.3
      vertex 26.9959 -9.425 1.2
      vertex 26.9959 -9.425 4.3
    endloop
  endfacet
  facet normal -0.896689 -0.442662 5.51284e-19
    outer loop
      vertex 27.0625 -9.55991 1.2
      vertex 26.9959 -9.425 4.3
      vertex 26.9959 -9.425 1.2
    endloop
  endfacet
  facet normal -0.896689 -0.442662 5.51284e-19
    outer loop
      vertex 26.9959 -9.425 4.3
      vertex 27.0625 -9.55991 1.2
      vertex 27.0625 -9.55991 4.3
    endloop
  endfacet
  facet normal 0.947076 0.321009 8.04517e-20
    outer loop
      vertex 24.9375 -10.4401 4.3
      vertex 24.8892 -10.2976 1.2
      vertex 24.8892 -10.2976 4.3
    endloop
  endfacet
  facet normal 0.947076 0.321009 8.04517e-20
    outer loop
      vertex 24.8892 -10.2976 1.2
      vertex 24.9375 -10.4401 4.3
      vertex 24.9375 -10.4401 1.2
    endloop
  endfacet
  facet normal -0.751794 0.659398 -8.54356e-19
    outer loop
      vertex 26.8132 -10.8132 1.2
      vertex 26.9124 -10.7001 4.3
      vertex 26.9124 -10.7001 1.2
    endloop
  endfacet
  facet normal -0.751794 0.659398 -8.54356e-19
    outer loop
      vertex 26.9124 -10.7001 4.3
      vertex 26.8132 -10.8132 1.2
      vertex 26.8132 -10.8132 4.3
    endloop
  endfacet
  facet normal -0.980708 0.195477 -7.99608e-19
    outer loop
      vertex 27.1108 -10.2976 1.2
      vertex 27.1402 -10.1501 4.3
      vertex 27.1402 -10.1501 1.2
    endloop
  endfacet
  facet normal -0.980708 0.195477 -7.99608e-19
    outer loop
      vertex 27.1402 -10.1501 4.3
      vertex 27.1108 -10.2976 1.2
      vertex 27.1108 -10.2976 4.3
    endloop
  endfacet
  facet normal 0.896676 0.442688 -1.11521e-18
    outer loop
      vertex 25.0041 -10.575 4.3
      vertex 24.9375 -10.4401 1.2
      vertex 24.9375 -10.4401 4.3
    endloop
  endfacet
  facet normal 0.896676 0.442688 -1.11521e-18
    outer loop
      vertex 24.9375 -10.4401 1.2
      vertex 25.0041 -10.575 4.3
      vertex 25.0041 -10.575 1.2
    endloop
  endfacet
  facet normal 0.659361 -0.751827 0
    outer loop
      vertex 25.1868 -9.18683 1.2
      vertex 25.2999 -9.08764 4.3
      vertex 25.1868 -9.18683 4.3
    endloop
  endfacet
  facet normal 0.659361 -0.751827 0
    outer loop
      vertex 25.2999 -9.08764 4.3
      vertex 25.1868 -9.18683 1.2
      vertex 25.2999 -9.08764 1.2
    endloop
  endfacet
  facet normal 0.555482 -0.831528 0
    outer loop
      vertex 25.2999 -9.08764 1.2
      vertex 25.425 -9.00407 4.3
      vertex 25.2999 -9.08764 4.3
    endloop
  endfacet
  facet normal 0.555482 -0.831528 0
    outer loop
      vertex 25.425 -9.00407 4.3
      vertex 25.2999 -9.08764 1.2
      vertex 25.425 -9.00407 1.2
    endloop
  endfacet
  facet normal -0.0654159 -0.997858 0
    outer loop
      vertex 26 -8.85 1.2
      vertex 26.1501 -8.85984 4.3
      vertex 26 -8.85 4.3
    endloop
  endfacet
  facet normal -0.0654159 -0.997858 -0
    outer loop
      vertex 26.1501 -8.85984 4.3
      vertex 26 -8.85 1.2
      vertex 26.1501 -8.85984 1.2
    endloop
  endfacet
  facet normal 0.751794 0.659398 8.54356e-19
    outer loop
      vertex 25.1868 -10.8132 4.3
      vertex 25.0876 -10.7001 1.2
      vertex 25.0876 -10.7001 4.3
    endloop
  endfacet
  facet normal 0.751794 0.659398 8.54356e-19
    outer loop
      vertex 25.0876 -10.7001 1.2
      vertex 25.1868 -10.8132 4.3
      vertex 25.1868 -10.8132 1.2
    endloop
  endfacet
  facet normal 0.321307 -0.946975 0
    outer loop
      vertex 25.5599 -8.93754 1.2
      vertex 25.7024 -8.88919 4.3
      vertex 25.5599 -8.93754 4.3
    endloop
  endfacet
  facet normal 0.321307 -0.946975 0
    outer loop
      vertex 25.7024 -8.88919 4.3
      vertex 25.5599 -8.93754 1.2
      vertex 25.7024 -8.88919 1.2
    endloop
  endfacet
  facet normal -0.659398 0.751794 0
    outer loop
      vertex 26.8132 -10.8132 1.2
      vertex 26.7001 -10.9124 4.3
      vertex 26.8132 -10.8132 4.3
    endloop
  endfacet
  facet normal -0.659398 0.751794 0
    outer loop
      vertex 26.7001 -10.9124 4.3
      vertex 26.8132 -10.8132 1.2
      vertex 26.7001 -10.9124 1.2
    endloop
  endfacet
  facet normal -0.0651511 0.997875 0
    outer loop
      vertex 26.1501 -11.1402 1.2
      vertex 26 -11.15 4.3
      vertex 26.1501 -11.1402 4.3
    endloop
  endfacet
  facet normal -0.0651511 0.997875 0
    outer loop
      vertex 26 -11.15 4.3
      vertex 26.1501 -11.1402 1.2
      vertex 26 -11.15 1.2
    endloop
  endfacet
  facet normal -0.555482 -0.831528 0
    outer loop
      vertex 26.575 -9.00407 1.2
      vertex 26.7001 -9.08764 4.3
      vertex 26.575 -9.00407 4.3
    endloop
  endfacet
  facet normal -0.555482 -0.831528 -0
    outer loop
      vertex 26.7001 -9.08764 4.3
      vertex 26.575 -9.00407 1.2
      vertex 26.7001 -9.08764 1.2
    endloop
  endfacet
  facet normal 0.442688 0.896676 -0
    outer loop
      vertex 25.5599 -11.0625 1.2
      vertex 25.425 -10.9959 4.3
      vertex 25.5599 -11.0625 4.3
    endloop
  endfacet
  facet normal 0.442688 0.896676 0
    outer loop
      vertex 25.425 -10.9959 4.3
      vertex 25.5599 -11.0625 1.2
      vertex 25.425 -10.9959 1.2
    endloop
  endfacet
  facet normal -0.55516 0.831743 0
    outer loop
      vertex 26.7001 -10.9124 1.2
      vertex 26.575 -10.9959 4.3
      vertex 26.7001 -10.9124 4.3
    endloop
  endfacet
  facet normal -0.55516 0.831743 0
    outer loop
      vertex 26.575 -10.9959 4.3
      vertex 26.7001 -10.9124 1.2
      vertex 26.575 -10.9959 1.2
    endloop
  endfacet
  facet normal -0.321009 0.947076 0
    outer loop
      vertex 26.4401 -11.0625 1.2
      vertex 26.2976 -11.1108 4.3
      vertex 26.4401 -11.0625 4.3
    endloop
  endfacet
  facet normal -0.321009 0.947076 0
    outer loop
      vertex 26.2976 -11.1108 4.3
      vertex 26.4401 -11.0625 1.2
      vertex 26.2976 -11.1108 1.2
    endloop
  endfacet
  facet normal 0.195157 -0.980772 0
    outer loop
      vertex 25.7024 -8.88919 1.2
      vertex 25.8499 -8.85984 4.3
      vertex 25.7024 -8.88919 4.3
    endloop
  endfacet
  facet normal 0.195157 -0.980772 0
    outer loop
      vertex 25.8499 -8.85984 4.3
      vertex 25.7024 -8.88919 1.2
      vertex 25.8499 -8.85984 1.2
    endloop
  endfacet
  facet normal -0.442314 -0.89686 0
    outer loop
      vertex 26.4401 -8.93754 1.2
      vertex 26.575 -9.00407 4.3
      vertex 26.4401 -8.93754 4.3
    endloop
  endfacet
  facet normal -0.442314 -0.89686 -0
    outer loop
      vertex 26.575 -9.00407 4.3
      vertex 26.4401 -8.93754 1.2
      vertex 26.575 -9.00407 1.2
    endloop
  endfacet
  facet normal 0.980708 0.195477 7.99608e-19
    outer loop
      vertex 24.8892 -10.2976 4.3
      vertex 24.8598 -10.1501 1.2
      vertex 24.8598 -10.1501 4.3
    endloop
  endfacet
  facet normal 0.980708 0.195477 7.99608e-19
    outer loop
      vertex 24.8598 -10.1501 1.2
      vertex 24.8892 -10.2976 4.3
      vertex 24.8892 -10.2976 1.2
    endloop
  endfacet
  facet normal -0.321307 -0.946975 0
    outer loop
      vertex 26.2976 -8.88919 1.2
      vertex 26.4401 -8.93754 4.3
      vertex 26.2976 -8.88919 4.3
    endloop
  endfacet
  facet normal -0.321307 -0.946975 -0
    outer loop
      vertex 26.4401 -8.93754 4.3
      vertex 26.2976 -8.88919 1.2
      vertex 26.4401 -8.93754 1.2
    endloop
  endfacet
  facet normal 0.896689 -0.442662 -5.51284e-19
    outer loop
      vertex 24.9375 -9.55991 4.3
      vertex 25.0041 -9.425 1.2
      vertex 25.0041 -9.425 4.3
    endloop
  endfacet
  facet normal 0.896689 -0.442662 -5.51284e-19
    outer loop
      vertex 25.0041 -9.425 1.2
      vertex 24.9375 -9.55991 4.3
      vertex 24.9375 -9.55991 1.2
    endloop
  endfacet
  facet normal 0.831702 -0.555222 -1.15868e-19
    outer loop
      vertex 25.0041 -9.425 4.3
      vertex 25.0876 -9.29992 1.2
      vertex 25.0876 -9.29992 4.3
    endloop
  endfacet
  facet normal 0.831702 -0.555222 -1.15868e-19
    outer loop
      vertex 25.0876 -9.29992 1.2
      vertex 25.0041 -9.425 4.3
      vertex 25.0041 -9.425 1.2
    endloop
  endfacet
  facet normal -0.831743 0.55516 -1.0675e-18
    outer loop
      vertex 26.9124 -10.7001 1.2
      vertex 26.9959 -10.575 4.3
      vertex 26.9959 -10.575 1.2
    endloop
  endfacet
  facet normal -0.831743 0.55516 -1.0675e-18
    outer loop
      vertex 26.9959 -10.575 4.3
      vertex 26.9124 -10.7001 1.2
      vertex 26.9124 -10.7001 4.3
    endloop
  endfacet
  facet normal -0.947076 0.321009 -8.04517e-20
    outer loop
      vertex 27.0625 -10.4401 1.2
      vertex 27.1108 -10.2976 4.3
      vertex 27.1108 -10.2976 1.2
    endloop
  endfacet
  facet normal -0.947076 0.321009 -8.04517e-20
    outer loop
      vertex 27.1108 -10.2976 4.3
      vertex 27.0625 -10.4401 1.2
      vertex 27.0625 -10.4401 4.3
    endloop
  endfacet
  facet normal -0.195157 -0.980772 0
    outer loop
      vertex 26.1501 -8.85984 1.2
      vertex 26.2976 -8.88919 4.3
      vertex 26.1501 -8.85984 4.3
    endloop
  endfacet
  facet normal -0.195157 -0.980772 -0
    outer loop
      vertex 26.2976 -8.88919 4.3
      vertex 26.1501 -8.85984 1.2
      vertex 26.2976 -8.88919 1.2
    endloop
  endfacet
  facet normal 0.997875 0.0651511 -2.83543e-20
    outer loop
      vertex 24.8598 -10.1501 4.3
      vertex 24.85 -10 1.2
      vertex 24.85 -10 4.3
    endloop
  endfacet
  facet normal 0.997875 0.0651511 -2.83543e-20
    outer loop
      vertex 24.85 -10 1.2
      vertex 24.8598 -10.1501 4.3
      vertex 24.8598 -10.1501 1.2
    endloop
  endfacet
  facet normal 0.195477 0.980708 -0
    outer loop
      vertex 25.8499 -11.1402 1.2
      vertex 25.7024 -11.1108 4.3
      vertex 25.8499 -11.1402 4.3
    endloop
  endfacet
  facet normal 0.195477 0.980708 0
    outer loop
      vertex 25.7024 -11.1108 4.3
      vertex 25.8499 -11.1402 1.2
      vertex 25.7024 -11.1108 1.2
    endloop
  endfacet
  facet normal -0.751765 -0.659431 -1.50347e-18
    outer loop
      vertex 26.9124 -9.29992 1.2
      vertex 26.8132 -9.18683 4.3
      vertex 26.8132 -9.18683 1.2
    endloop
  endfacet
  facet normal -0.751765 -0.659431 -1.50347e-18
    outer loop
      vertex 26.8132 -9.18683 4.3
      vertex 26.9124 -9.29992 1.2
      vertex 26.9124 -9.29992 4.3
    endloop
  endfacet
  facet normal -0.947042 -0.32111 2.86865e-19
    outer loop
      vertex 27.1108 -9.70236 1.2
      vertex 27.0625 -9.55991 4.3
      vertex 27.0625 -9.55991 1.2
    endloop
  endfacet
  facet normal -0.947042 -0.32111 2.86865e-19
    outer loop
      vertex 27.0625 -9.55991 4.3
      vertex 27.1108 -9.70236 1.2
      vertex 27.1108 -9.70236 4.3
    endloop
  endfacet
  facet normal 0.947042 -0.32111 -2.86865e-19
    outer loop
      vertex 24.8892 -9.70236 4.3
      vertex 24.9375 -9.55991 1.2
      vertex 24.9375 -9.55991 4.3
    endloop
  endfacet
  facet normal 0.947042 -0.32111 -2.86865e-19
    outer loop
      vertex 24.9375 -9.55991 1.2
      vertex 24.8892 -9.70236 4.3
      vertex 24.8892 -9.70236 1.2
    endloop
  endfacet
  facet normal 0.831743 0.55516 1.0675e-18
    outer loop
      vertex 25.0876 -10.7001 4.3
      vertex 25.0041 -10.575 1.2
      vertex 25.0041 -10.575 4.3
    endloop
  endfacet
  facet normal 0.831743 0.55516 1.0675e-18
    outer loop
      vertex 25.0041 -10.575 1.2
      vertex 25.0876 -10.7001 4.3
      vertex 25.0876 -10.7001 1.2
    endloop
  endfacet
  facet normal 0.321009 0.947076 -0
    outer loop
      vertex 25.7024 -11.1108 1.2
      vertex 25.5599 -11.0625 4.3
      vertex 25.7024 -11.1108 4.3
    endloop
  endfacet
  facet normal 0.321009 0.947076 0
    outer loop
      vertex 25.5599 -11.0625 4.3
      vertex 25.7024 -11.1108 1.2
      vertex 25.5599 -11.0625 1.2
    endloop
  endfacet
  facet normal -0.896676 0.442688 1.11521e-18
    outer loop
      vertex 26.9959 -10.575 1.2
      vertex 27.0625 -10.4401 4.3
      vertex 27.0625 -10.4401 1.2
    endloop
  endfacet
  facet normal -0.896676 0.442688 1.11521e-18
    outer loop
      vertex 27.0625 -10.4401 4.3
      vertex 26.9959 -10.575 1.2
      vertex 26.9959 -10.575 4.3
    endloop
  endfacet
  facet normal 0.659398 0.751794 -0
    outer loop
      vertex 25.2999 -10.9124 1.2
      vertex 25.1868 -10.8132 4.3
      vertex 25.2999 -10.9124 4.3
    endloop
  endfacet
  facet normal 0.659398 0.751794 0
    outer loop
      vertex 25.1868 -10.8132 4.3
      vertex 25.2999 -10.9124 1.2
      vertex 25.1868 -10.8132 1.2
    endloop
  endfacet
  facet normal 0.751765 -0.659431 1.50347e-18
    outer loop
      vertex 25.0876 -9.29992 4.3
      vertex 25.1868 -9.18683 1.2
      vertex 25.1868 -9.18683 4.3
    endloop
  endfacet
  facet normal 0.751765 -0.659431 1.50347e-18
    outer loop
      vertex 25.1868 -9.18683 1.2
      vertex 25.0876 -9.29992 4.3
      vertex 25.0876 -9.29992 1.2
    endloop
  endfacet
  facet normal 0 1 -0
    outer loop
      vertex 27.2 -12.0785 4.3
      vertex 24.8 -12.0785 6.8
      vertex 27.2 -12.0785 6.8
    endloop
  endfacet
  facet normal 0 1 0
    outer loop
      vertex 24.8 -12.0785 6.8
      vertex 27.2 -12.0785 4.3
      vertex 24.8 -12.0785 4.3
    endloop
  endfacet
  facet normal -0.866029 0.499993 2.03094e-17
    outer loop
      vertex 27.2 -12.0785 4.3
      vertex 28.4 -10 6.8
      vertex 28.4 -10 4.3
    endloop
  endfacet
  facet normal -0.866029 0.499993 2.03094e-17
    outer loop
      vertex 28.4 -10 6.8
      vertex 27.2 -12.0785 4.3
      vertex 27.2 -12.0785 6.8
    endloop
  endfacet
  facet normal 0 -1 0
    outer loop
      vertex 24.8 -7.92154 4.3
      vertex 27.2 -7.92154 6.8
      vertex 24.8 -7.92154 6.8
    endloop
  endfacet
  facet normal 0 -1 -0
    outer loop
      vertex 27.2 -7.92154 6.8
      vertex 24.8 -7.92154 4.3
      vertex 27.2 -7.92154 4.3
    endloop
  endfacet
  facet normal -0.866025 -0.5 2.40945e-17
    outer loop
      vertex 28.4 -10 4.3
      vertex 27.2 -7.92154 6.8
      vertex 27.2 -7.92154 4.3
    endloop
  endfacet
  facet normal -0.866025 -0.5 2.40945e-17
    outer loop
      vertex 27.2 -7.92154 6.8
      vertex 28.4 -10 4.3
      vertex 28.4 -10 6.8
    endloop
  endfacet
  facet normal 0.866025 -0.5 -2.40945e-17
    outer loop
      vertex 23.6 -10 6.8
      vertex 24.8 -7.92154 4.3
      vertex 24.8 -7.92154 6.8
    endloop
  endfacet
  facet normal 0.866025 -0.5 -2.40945e-17
    outer loop
      vertex 24.8 -7.92154 4.3
      vertex 23.6 -10 6.8
      vertex 23.6 -10 4.3
    endloop
  endfacet
  facet normal 0.866029 0.499993 -2.03094e-17
    outer loop
      vertex 24.8 -12.0785 6.8
      vertex 23.6 -10 4.3
      vertex 23.6 -10 6.8
    endloop
  endfacet
  facet normal 0.866029 0.499993 -2.03094e-17
    outer loop
      vertex 23.6 -10 4.3
      vertex 24.8 -12.0785 6.8
      vertex 24.8 -12.0785 4.3
    endloop
  endfacet
  facet normal -0 0 1
    outer loop
      vertex 26.9959 -9.425 4.3
      vertex 28.4 -10 4.3
      vertex 27.2 -7.92154 4.3
    endloop
  endfacet
  facet normal 0 0 1
    outer loop
      vertex 27.1402 -10.1501 4.3
      vertex 28.4 -10 4.3
      vertex 27.15 -10 4.3
    endloop
  endfacet
  facet normal 0 0 1
    outer loop
      vertex 28.4 -10 4.3
      vertex 27.1402 -9.8499 4.3
      vertex 27.15 -10 4.3
    endloop
  endfacet
  facet normal 0 0 1
    outer loop
      vertex 28.4 -10 4.3
      vertex 27.1108 -9.70236 4.3
      vertex 27.1402 -9.8499 4.3
    endloop
  endfacet
  facet normal 0 0 1
    outer loop
      vertex 28.4 -10 4.3
      vertex 27.0625 -9.55991 4.3
      vertex 27.1108 -9.70236 4.3
    endloop
  endfacet
  facet normal 0 0 1
    outer loop
      vertex 28.4 -10 4.3
      vertex 26.9959 -9.425 4.3
      vertex 27.0625 -9.55991 4.3
    endloop
  endfacet
  facet normal 0 0 1
    outer loop
      vertex 27.2 -7.92154 4.3
      vertex 26.9124 -9.29992 4.3
      vertex 26.9959 -9.425 4.3
    endloop
  endfacet
  facet normal 0 0 1
    outer loop
      vertex 27.2 -7.92154 4.3
      vertex 26.8132 -9.18683 4.3
      vertex 26.9124 -9.29992 4.3
    endloop
  endfacet
  facet normal 0 0 1
    outer loop
      vertex 27.2 -7.92154 4.3
      vertex 26.7001 -9.08764 4.3
      vertex 26.8132 -9.18683 4.3
    endloop
  endfacet
  facet normal 0 0 1
    outer loop
      vertex 27.2 -7.92154 4.3
      vertex 26.575 -9.00407 4.3
      vertex 26.7001 -9.08764 4.3
    endloop
  endfacet
  facet normal 0 0 1
    outer loop
      vertex 27.2 -7.92154 4.3
      vertex 26.4401 -8.93754 4.3
      vertex 26.575 -9.00407 4.3
    endloop
  endfacet
  facet normal 0 0 1
    outer loop
      vertex 27.2 -7.92154 4.3
      vertex 26.2976 -8.88919 4.3
      vertex 26.4401 -8.93754 4.3
    endloop
  endfacet
  facet normal 0 0 1
    outer loop
      vertex 27.2 -7.92154 4.3
      vertex 26.1501 -8.85984 4.3
      vertex 26.2976 -8.88919 4.3
    endloop
  endfacet
  facet normal 0 0 1
    outer loop
      vertex 27.2 -7.92154 4.3
      vertex 26 -8.85 4.3
      vertex 26.1501 -8.85984 4.3
    endloop
  endfacet
  facet normal -0 0 1
    outer loop
      vertex 24.8 -7.92154 4.3
      vertex 26 -8.85 4.3
      vertex 27.2 -7.92154 4.3
    endloop
  endfacet
  facet normal 0 0 1
    outer loop
      vertex 26 -8.85 4.3
      vertex 24.8 -7.92154 4.3
      vertex 25.8499 -8.85984 4.3
    endloop
  endfacet
  facet normal 0 0 1
    outer loop
      vertex 25.8499 -8.85984 4.3
      vertex 24.8 -7.92154 4.3
      vertex 25.7024 -8.88919 4.3
    endloop
  endfacet
  facet normal 0 0 1
    outer loop
      vertex 25.7024 -8.88919 4.3
      vertex 24.8 -7.92154 4.3
      vertex 25.5599 -8.93754 4.3
    endloop
  endfacet
  facet normal 0 0 1
    outer loop
      vertex 24.8892 -9.70236 4.3
      vertex 23.6 -10 4.3
      vertex 24.8598 -9.8499 4.3
    endloop
  endfacet
  facet normal 0 0 1
    outer loop
      vertex 24.9375 -9.55991 4.3
      vertex 23.6 -10 4.3
      vertex 24.8892 -9.70236 4.3
    endloop
  endfacet
  facet normal 0 0 1
    outer loop
      vertex 25.0041 -9.425 4.3
      vertex 23.6 -10 4.3
      vertex 24.9375 -9.55991 4.3
    endloop
  endfacet
  facet normal 0 0 1
    outer loop
      vertex 23.6 -10 4.3
      vertex 25.0041 -9.425 4.3
      vertex 24.8 -7.92154 4.3
    endloop
  endfacet
  facet normal 0 0 1
    outer loop
      vertex 25.0876 -9.29992 4.3
      vertex 24.8 -7.92154 4.3
      vertex 25.0041 -9.425 4.3
    endloop
  endfacet
  facet normal 0 0 1
    outer loop
      vertex 25.1868 -9.18683 4.3
      vertex 24.8 -7.92154 4.3
      vertex 25.0876 -9.29992 4.3
    endloop
  endfacet
  facet normal 0 0 1
    outer loop
      vertex 25.2999 -9.08764 4.3
      vertex 24.8 -7.92154 4.3
      vertex 25.1868 -9.18683 4.3
    endloop
  endfacet
  facet normal 0 0 1
    outer loop
      vertex 25.425 -9.00407 4.3
      vertex 24.8 -7.92154 4.3
      vertex 25.2999 -9.08764 4.3
    endloop
  endfacet
  facet normal 0 0 1
    outer loop
      vertex 25.5599 -8.93754 4.3
      vertex 24.8 -7.92154 4.3
      vertex 25.425 -9.00407 4.3
    endloop
  endfacet
  facet normal 0 0 1
    outer loop
      vertex 27.1108 -10.2976 4.3
      vertex 28.4 -10 4.3
      vertex 27.1402 -10.1501 4.3
    endloop
  endfacet
  facet normal 0 0 1
    outer loop
      vertex 27.0625 -10.4401 4.3
      vertex 28.4 -10 4.3
      vertex 27.1108 -10.2976 4.3
    endloop
  endfacet
  facet normal 0 0 1
    outer loop
      vertex 26.9959 -10.575 4.3
      vertex 28.4 -10 4.3
      vertex 27.0625 -10.4401 4.3
    endloop
  endfacet
  facet normal 0 0 1
    outer loop
      vertex 28.4 -10 4.3
      vertex 26.9959 -10.575 4.3
      vertex 27.2 -12.0785 4.3
    endloop
  endfacet
  facet normal -0 0 1
    outer loop
      vertex 26.9124 -10.7001 4.3
      vertex 27.2 -12.0785 4.3
      vertex 26.9959 -10.575 4.3
    endloop
  endfacet
  facet normal -0 0 1
    outer loop
      vertex 26.8132 -10.8132 4.3
      vertex 27.2 -12.0785 4.3
      vertex 26.9124 -10.7001 4.3
    endloop
  endfacet
  facet normal -0 0 1
    outer loop
      vertex 26.7001 -10.9124 4.3
      vertex 27.2 -12.0785 4.3
      vertex 26.8132 -10.8132 4.3
    endloop
  endfacet
  facet normal -0 0 1
    outer loop
      vertex 26.575 -10.9959 4.3
      vertex 27.2 -12.0785 4.3
      vertex 26.7001 -10.9124 4.3
    endloop
  endfacet
  facet normal -0 0 1
    outer loop
      vertex 26.4401 -11.0625 4.3
      vertex 27.2 -12.0785 4.3
      vertex 26.575 -10.9959 4.3
    endloop
  endfacet
  facet normal -0 0 1
    outer loop
      vertex 26.2976 -11.1108 4.3
      vertex 27.2 -12.0785 4.3
      vertex 26.4401 -11.0625 4.3
    endloop
  endfacet
  facet normal -0 0 1
    outer loop
      vertex 26.1501 -11.1402 4.3
      vertex 27.2 -12.0785 4.3
      vertex 26.2976 -11.1108 4.3
    endloop
  endfacet
  facet normal -0 0 1
    outer loop
      vertex 26 -11.15 4.3
      vertex 27.2 -12.0785 4.3
      vertex 26.1501 -11.1402 4.3
    endloop
  endfacet
  facet normal 0 0 1
    outer loop
      vertex 24.8 -12.0785 4.3
      vertex 26 -11.15 4.3
      vertex 25.8499 -11.1402 4.3
    endloop
  endfacet
  facet normal 0 0 1
    outer loop
      vertex 24.8 -12.0785 4.3
      vertex 25.8499 -11.1402 4.3
      vertex 25.7024 -11.1108 4.3
    endloop
  endfacet
  facet normal 0 0 1
    outer loop
      vertex 24.8 -12.0785 4.3
      vertex 25.7024 -11.1108 4.3
      vertex 25.5599 -11.0625 4.3
    endloop
  endfacet
  facet normal 0 0 1
    outer loop
      vertex 24.8 -12.0785 4.3
      vertex 25.5599 -11.0625 4.3
      vertex 25.425 -10.9959 4.3
    endloop
  endfacet
  facet normal 0 0 1
    outer loop
      vertex 26 -11.15 4.3
      vertex 24.8 -12.0785 4.3
      vertex 27.2 -12.0785 4.3
    endloop
  endfacet
  facet normal 0 0 1
    outer loop
      vertex 25.2999 -10.9124 4.3
      vertex 24.8 -12.0785 4.3
      vertex 25.425 -10.9959 4.3
    endloop
  endfacet
  facet normal 0 0 1
    outer loop
      vertex 25.1868 -10.8132 4.3
      vertex 24.8 -12.0785 4.3
      vertex 25.2999 -10.9124 4.3
    endloop
  endfacet
  facet normal 0 0 1
    outer loop
      vertex 25.0876 -10.7001 4.3
      vertex 24.8 -12.0785 4.3
      vertex 25.1868 -10.8132 4.3
    endloop
  endfacet
  facet normal 0 0 1
    outer loop
      vertex 25.0041 -10.575 4.3
      vertex 24.8 -12.0785 4.3
      vertex 25.0876 -10.7001 4.3
    endloop
  endfacet
  facet normal 0 0 1
    outer loop
      vertex 23.6 -10 4.3
      vertex 25.0041 -10.575 4.3
      vertex 24.9375 -10.4401 4.3
    endloop
  endfacet
  facet normal 0 0 1
    outer loop
      vertex 23.6 -10 4.3
      vertex 24.9375 -10.4401 4.3
      vertex 24.8892 -10.2976 4.3
    endloop
  endfacet
  facet normal 0 0 1
    outer loop
      vertex 23.6 -10 4.3
      vertex 24.8892 -10.2976 4.3
      vertex 24.8598 -10.1501 4.3
    endloop
  endfacet
  facet normal -0 0 1
    outer loop
      vertex 23.6 -10 4.3
      vertex 24.8598 -10.1501 4.3
      vertex 24.85 -10 4.3
    endloop
  endfacet
  facet normal 0 0 1
    outer loop
      vertex 24.8598 -9.8499 4.3
      vertex 23.6 -10 4.3
      vertex 24.85 -10 4.3
    endloop
  endfacet
  facet normal 0 0 1
    outer loop
      vertex 25.0041 -10.575 4.3
      vertex 23.6 -10 4.3
      vertex 24.8 -12.0785 4.3
    endloop
  endfacet
  facet normal -0.321574 0.946885 0
    outer loop
      vertex 29.448 -32.0716 0
      vertex 29.0764 -32.1978 1.2
      vertex 29.448 -32.0716 1.2
    endloop
  endfacet
  facet normal -0.321574 0.946885 0
    outer loop
      vertex 29.0764 -32.1978 1.2
      vertex 29.448 -32.0716 0
      vertex 29.0764 -32.1978 0
    endloop
  endfacet
  facet normal 0 1 -0
    outer loop
      vertex 28.3 -32.3 0
      vertex -34.3 -32.3 1.2
      vertex 28.3 -32.3 1.2
    endloop
  endfacet
  facet normal 0 1 0
    outer loop
      vertex -34.3 -32.3 1.2
      vertex 28.3 -32.3 0
      vertex -34.3 -32.3 0
    endloop
  endfacet
  facet normal -0.194989 0.980806 0
    outer loop
      vertex 29.0764 -32.1978 0
      vertex 28.6916 -32.2743 1.2
      vertex 29.0764 -32.1978 1.2
    endloop
  endfacet
  facet normal -0.194989 0.980806 0
    outer loop
      vertex 28.6916 -32.2743 1.2
      vertex 29.0764 -32.1978 0
      vertex 28.6916 -32.2743 0
    endloop
  endfacet
  facet normal 0.896961 0.44211 6.34745e-18
    outer loop
      vertex -36.8981 -30.8 1.2
      vertex -37.0716 -30.448 0
      vertex -37.0716 -30.448 1.2
    endloop
  endfacet
  facet normal 0.896961 0.44211 6.34745e-18
    outer loop
      vertex -37.0716 -30.448 0
      vertex -36.8981 -30.8 1.2
      vertex -36.8981 -30.8 0
    endloop
  endfacet
  facet normal -0.0654873 0.997853 0
    outer loop
      vertex 28.6916 -32.2743 0
      vertex 28.3 -32.3 1.2
      vertex 28.6916 -32.2743 1.2
    endloop
  endfacet
  facet normal -0.0654873 0.997853 0
    outer loop
      vertex 28.3 -32.3 1.2
      vertex 28.6916 -32.2743 0
      vertex 28.3 -32.3 0
    endloop
  endfacet
  facet normal -0.194989 -0.980806 0
    outer loop
      vertex 28.6916 12.2743 0
      vertex 29.0764 12.1978 1.2
      vertex 28.6916 12.2743 1.2
    endloop
  endfacet
  facet normal -0.194989 -0.980806 -0
    outer loop
      vertex 29.0764 12.1978 1.2
      vertex 28.6916 12.2743 0
      vertex 29.0764 12.1978 0
    endloop
  endfacet
  facet normal 0.0654873 0.997853 -0
    outer loop
      vertex -34.3 -32.3 0
      vertex -34.6916 -32.2743 1.2
      vertex -34.3 -32.3 1.2
    endloop
  endfacet
  facet normal 0.0654873 0.997853 0
    outer loop
      vertex -34.6916 -32.2743 1.2
      vertex -34.3 -32.3 0
      vertex -34.6916 -32.2743 0
    endloop
  endfacet
  facet normal 0.555523 -0.831501 0
    outer loop
      vertex -36.1263 11.6801 0
      vertex -35.8 11.8981 1.2
      vertex -36.1263 11.6801 1.2
    endloop
  endfacet
  facet normal 0.555523 -0.831501 0
    outer loop
      vertex -35.8 11.8981 1.2
      vertex -36.1263 11.6801 0
      vertex -35.8 11.8981 0
    endloop
  endfacet
  facet normal 0.997853 0.0654873 -4.63948e-19
    outer loop
      vertex -37.2743 -29.6916 1.2
      vertex -37.3 -29.3 0
      vertex -37.3 -29.3 1.2
    endloop
  endfacet
  facet normal 0.997853 0.0654873 -4.63948e-19
    outer loop
      vertex -37.3 -29.3 0
      vertex -37.2743 -29.6916 1.2
      vertex -37.2743 -29.6916 0
    endloop
  endfacet
  facet normal 0.321574 0.946885 -0
    outer loop
      vertex -35.0764 -32.1978 0
      vertex -35.448 -32.0716 1.2
      vertex -35.0764 -32.1978 1.2
    endloop
  endfacet
  facet normal 0.321574 0.946885 0
    outer loop
      vertex -35.448 -32.0716 1.2
      vertex -35.0764 -32.1978 0
      vertex -35.448 -32.0716 0
    endloop
  endfacet
  facet normal 0.896961 -0.44211 -6.34745e-18
    outer loop
      vertex -37.0716 10.448 1.2
      vertex -36.8981 10.8 0
      vertex -36.8981 10.8 1.2
    endloop
  endfacet
  facet normal 0.896961 -0.44211 -6.34745e-18
    outer loop
      vertex -36.8981 10.8 0
      vertex -37.0716 10.448 1.2
      vertex -37.0716 10.448 0
    endloop
  endfacet
  facet normal 0.659478 -0.751724 0
    outer loop
      vertex -36.4213 11.4213 0
      vertex -36.1263 11.6801 1.2
      vertex -36.4213 11.4213 1.2
    endloop
  endfacet
  facet normal 0.659478 -0.751724 0
    outer loop
      vertex -36.1263 11.6801 1.2
      vertex -36.4213 11.4213 0
      vertex -36.1263 11.6801 0
    endloop
  endfacet
  facet normal 0.44211 -0.896961 0
    outer loop
      vertex -35.8 11.8981 0
      vertex -35.448 12.0716 1.2
      vertex -35.8 11.8981 1.2
    endloop
  endfacet
  facet normal 0.44211 -0.896961 0
    outer loop
      vertex -35.448 12.0716 1.2
      vertex -35.8 11.8981 0
      vertex -35.448 12.0716 0
    endloop
  endfacet
  facet normal 0.0654873 -0.997853 0
    outer loop
      vertex -34.6916 12.2743 0
      vertex -34.3 12.3 1.2
      vertex -34.6916 12.2743 1.2
    endloop
  endfacet
  facet normal 0.0654873 -0.997853 0
    outer loop
      vertex -34.3 12.3 1.2
      vertex -34.6916 12.2743 0
      vertex -34.3 12.3 0
    endloop
  endfacet
  facet normal -0.555523 -0.831501 0
    outer loop
      vertex 29.8 11.8981 0
      vertex 30.1263 11.6801 1.2
      vertex 29.8 11.8981 1.2
    endloop
  endfacet
  facet normal -0.555523 -0.831501 -0
    outer loop
      vertex 30.1263 11.6801 1.2
      vertex 29.8 11.8981 0
      vertex 30.1263 11.6801 0
    endloop
  endfacet
  facet normal 0.946885 0.321574 6.80199e-18
    outer loop
      vertex -37.0716 -30.448 1.2
      vertex -37.1978 -30.0764 0
      vertex -37.1978 -30.0764 1.2
    endloop
  endfacet
  facet normal 0.946885 0.321574 6.80199e-18
    outer loop
      vertex -37.1978 -30.0764 0
      vertex -37.0716 -30.448 1.2
      vertex -37.0716 -30.448 0
    endloop
  endfacet
  facet normal -0.980806 0.194989 -1.04996e-18
    outer loop
      vertex 31.1978 -30.0764 0
      vertex 31.2743 -29.6916 1.2
      vertex 31.2743 -29.6916 0
    endloop
  endfacet
  facet normal -0.980806 0.194989 -1.04996e-18
    outer loop
      vertex 31.2743 -29.6916 1.2
      vertex 31.1978 -30.0764 0
      vertex 31.1978 -30.0764 1.2
    endloop
  endfacet
  facet normal -1 0 0
    outer loop
      vertex 31.3 -29.3 0
      vertex 31.3 9.29999 1.2
      vertex 31.3 9.29999 0
    endloop
  endfacet
  facet normal -1 -0 0
    outer loop
      vertex 31.3 9.29999 1.2
      vertex 31.3 -29.3 0
      vertex 31.3 -29.3 1.2
    endloop
  endfacet
  facet normal 1 -0 0
    outer loop
      vertex -37.3 -29.3 1.2
      vertex -37.3 9.29999 0
      vertex -37.3 9.29999 1.2
    endloop
  endfacet
  facet normal 1 0 0
    outer loop
      vertex -37.3 9.29999 0
      vertex -37.3 -29.3 1.2
      vertex -37.3 -29.3 0
    endloop
  endfacet
  facet normal 0.946885 -0.321574 -6.80199e-18
    outer loop
      vertex -37.1978 10.0764 1.2
      vertex -37.0716 10.448 0
      vertex -37.0716 10.448 1.2
    endloop
  endfacet
  facet normal 0.946885 -0.321574 -6.80199e-18
    outer loop
      vertex -37.0716 10.448 0
      vertex -37.1978 10.0764 1.2
      vertex -37.1978 10.0764 0
    endloop
  endfacet
  facet normal -0.946885 -0.321574 -4.1132e-18
    outer loop
      vertex 31.1978 10.0764 0
      vertex 31.0716 10.448 1.2
      vertex 31.0716 10.448 0
    endloop
  endfacet
  facet normal -0.946885 -0.321574 -4.1132e-18
    outer loop
      vertex 31.0716 10.448 1.2
      vertex 31.1978 10.0764 0
      vertex 31.1978 10.0764 1.2
    endloop
  endfacet
  facet normal 0.194989 0.980806 -0
    outer loop
      vertex -34.6916 -32.2743 0
      vertex -35.0764 -32.1978 1.2
      vertex -34.6916 -32.2743 1.2
    endloop
  endfacet
  facet normal 0.194989 0.980806 0
    outer loop
      vertex -35.0764 -32.1978 1.2
      vertex -34.6916 -32.2743 0
      vertex -35.0764 -32.1978 0
    endloop
  endfacet
  facet normal -0.831501 0.555523 1.26056e-17
    outer loop
      vertex 30.6801 -31.1263 0
      vertex 30.8981 -30.8 1.2
      vertex 30.8981 -30.8 0
    endloop
  endfacet
  facet normal -0.831501 0.555523 1.26056e-17
    outer loop
      vertex 30.8981 -30.8 1.2
      vertex 30.6801 -31.1263 0
      vertex 30.6801 -31.1263 1.2
    endloop
  endfacet
  facet normal 0.751724 -0.659478 1.02979e-18
    outer loop
      vertex -36.6801 11.1263 1.2
      vertex -36.4213 11.4213 0
      vertex -36.4213 11.4213 1.2
    endloop
  endfacet
  facet normal 0.751724 -0.659478 1.02979e-18
    outer loop
      vertex -36.4213 11.4213 0
      vertex -36.6801 11.1263 1.2
      vertex -36.6801 11.1263 0
    endloop
  endfacet
  facet normal -0.896961 0.44211 -3.04689e-18
    outer loop
      vertex 30.8981 -30.8 0
      vertex 31.0716 -30.448 1.2
      vertex 31.0716 -30.448 0
    endloop
  endfacet
  facet normal -0.896961 0.44211 -3.04689e-18
    outer loop
      vertex 31.0716 -30.448 1.2
      vertex 30.8981 -30.8 0
      vertex 30.8981 -30.8 1.2
    endloop
  endfacet
  facet normal 0.555523 0.831501 -0
    outer loop
      vertex -35.8 -31.8981 0
      vertex -36.1263 -31.6801 1.2
      vertex -35.8 -31.8981 1.2
    endloop
  endfacet
  facet normal 0.555523 0.831501 0
    outer loop
      vertex -36.1263 -31.6801 1.2
      vertex -35.8 -31.8981 0
      vertex -36.1263 -31.6801 0
    endloop
  endfacet
  facet normal 0 -1 0
    outer loop
      vertex -34.3 12.3 0
      vertex 28.3 12.3 1.2
      vertex -34.3 12.3 1.2
    endloop
  endfacet
  facet normal 0 -1 -0
    outer loop
      vertex 28.3 12.3 1.2
      vertex -34.3 12.3 0
      vertex 28.3 12.3 0
    endloop
  endfacet
  facet normal 0.321574 -0.946885 0
    outer loop
      vertex -35.448 12.0716 0
      vertex -35.0764 12.1978 1.2
      vertex -35.448 12.0716 1.2
    endloop
  endfacet
  facet normal 0.321574 -0.946885 0
    outer loop
      vertex -35.0764 12.1978 1.2
      vertex -35.448 12.0716 0
      vertex -35.0764 12.1978 0
    endloop
  endfacet
  facet normal 0.831501 -0.555523 -3.09622e-18
    outer loop
      vertex -36.8981 10.8 1.2
      vertex -36.6801 11.1263 0
      vertex -36.6801 11.1263 1.2
    endloop
  endfacet
  facet normal 0.831501 -0.555523 -3.09622e-18
    outer loop
      vertex -36.6801 11.1263 0
      vertex -36.8981 10.8 1.2
      vertex -36.8981 10.8 0
    endloop
  endfacet
  facet normal -0.751724 -0.659478 -1.02979e-18
    outer loop
      vertex 30.6801 11.1263 0
      vertex 30.4213 11.4213 1.2
      vertex 30.4213 11.4213 0
    endloop
  endfacet
  facet normal -0.751724 -0.659478 -1.02979e-18
    outer loop
      vertex 30.4213 11.4213 1.2
      vertex 30.6801 11.1263 0
      vertex 30.6801 11.1263 1.2
    endloop
  endfacet
  facet normal -0.0654873 -0.997853 0
    outer loop
      vertex 28.3 12.3 0
      vertex 28.6916 12.2743 1.2
      vertex 28.3 12.3 1.2
    endloop
  endfacet
  facet normal -0.0654873 -0.997853 -0
    outer loop
      vertex 28.6916 12.2743 1.2
      vertex 28.3 12.3 0
      vertex 28.6916 12.2743 0
    endloop
  endfacet
  facet normal 0.194989 -0.980806 0
    outer loop
      vertex -35.0764 12.1978 0
      vertex -34.6916 12.2743 1.2
      vertex -35.0764 12.1978 1.2
    endloop
  endfacet
  facet normal 0.194989 -0.980806 0
    outer loop
      vertex -34.6916 12.2743 1.2
      vertex -35.0764 12.1978 0
      vertex -34.6916 12.2743 0
    endloop
  endfacet
  facet normal -0.44211 -0.896961 0
    outer loop
      vertex 29.448 12.0716 0
      vertex 29.8 11.8981 1.2
      vertex 29.448 12.0716 1.2
    endloop
  endfacet
  facet normal -0.44211 -0.896961 -0
    outer loop
      vertex 29.8 11.8981 1.2
      vertex 29.448 12.0716 0
      vertex 29.8 11.8981 0
    endloop
  endfacet
  facet normal 0.659478 0.751724 -0
    outer loop
      vertex -36.1263 -31.6801 0
      vertex -36.4213 -31.4213 1.2
      vertex -36.1263 -31.6801 1.2
    endloop
  endfacet
  facet normal 0.659478 0.751724 0
    outer loop
      vertex -36.4213 -31.4213 1.2
      vertex -36.1263 -31.6801 0
      vertex -36.4213 -31.4213 0
    endloop
  endfacet
  facet normal -0.659478 0.751724 0
    outer loop
      vertex 30.4213 -31.4213 0
      vertex 30.1263 -31.6801 1.2
      vertex 30.4213 -31.4213 1.2
    endloop
  endfacet
  facet normal -0.659478 0.751724 0
    outer loop
      vertex 30.1263 -31.6801 1.2
      vertex 30.4213 -31.4213 0
      vertex 30.1263 -31.6801 0
    endloop
  endfacet
  facet normal 0.44211 0.896961 -0
    outer loop
      vertex -35.448 -32.0716 0
      vertex -35.8 -31.8981 1.2
      vertex -35.448 -32.0716 1.2
    endloop
  endfacet
  facet normal 0.44211 0.896961 0
    outer loop
      vertex -35.8 -31.8981 1.2
      vertex -35.448 -32.0716 0
      vertex -35.8 -31.8981 0
    endloop
  endfacet
  facet normal -0.659478 -0.751724 0
    outer loop
      vertex 30.1263 11.6801 0
      vertex 30.4213 11.4213 1.2
      vertex 30.1263 11.6801 1.2
    endloop
  endfacet
  facet normal -0.659478 -0.751724 -0
    outer loop
      vertex 30.4213 11.4213 1.2
      vertex 30.1263 11.6801 0
      vertex 30.4213 11.4213 0
    endloop
  endfacet
  facet normal 0.980809 -0.194969 -1.54868e-18
    outer loop
      vertex -37.2743 9.69156 1.2
      vertex -37.1978 10.0764 0
      vertex -37.1978 10.0764 1.2
    endloop
  endfacet
  facet normal 0.980809 -0.194969 -1.54868e-18
    outer loop
      vertex -37.1978 10.0764 0
      vertex -37.2743 9.69156 1.2
      vertex -37.2743 9.69156 0
    endloop
  endfacet
  facet normal -0.946885 0.321574 4.1132e-18
    outer loop
      vertex 31.0716 -30.448 0
      vertex 31.1978 -30.0764 1.2
      vertex 31.1978 -30.0764 0
    endloop
  endfacet
  facet normal -0.946885 0.321574 4.1132e-18
    outer loop
      vertex 31.1978 -30.0764 1.2
      vertex 31.0716 -30.448 0
      vertex 31.0716 -30.448 1.2
    endloop
  endfacet
  facet normal -0.751724 0.659478 -2.69518e-18
    outer loop
      vertex 30.4213 -31.4213 0
      vertex 30.6801 -31.1263 1.2
      vertex 30.6801 -31.1263 0
    endloop
  endfacet
  facet normal -0.751724 0.659478 -2.69518e-18
    outer loop
      vertex 30.6801 -31.1263 1.2
      vertex 30.4213 -31.4213 0
      vertex 30.4213 -31.4213 1.2
    endloop
  endfacet
  facet normal 0.997853 -0.0654923 1.36255e-20
    outer loop
      vertex -37.3 9.29999 1.2
      vertex -37.2743 9.69156 0
      vertex -37.2743 9.69156 1.2
    endloop
  endfacet
  facet normal 0.997853 -0.0654923 1.36255e-20
    outer loop
      vertex -37.2743 9.69156 0
      vertex -37.3 9.29999 1.2
      vertex -37.3 9.29999 0
    endloop
  endfacet
  facet normal -0.997853 -0.0654923 -1.36255e-20
    outer loop
      vertex 31.3 9.29999 0
      vertex 31.2743 9.69156 1.2
      vertex 31.2743 9.69156 0
    endloop
  endfacet
  facet normal -0.997853 -0.0654923 -1.36255e-20
    outer loop
      vertex 31.2743 9.69156 1.2
      vertex 31.3 9.29999 0
      vertex 31.3 9.29999 1.2
    endloop
  endfacet
  facet normal -0.831501 -0.555523 -1.26056e-17
    outer loop
      vertex 30.8981 10.8 0
      vertex 30.6801 11.1263 1.2
      vertex 30.6801 11.1263 0
    endloop
  endfacet
  facet normal -0.831501 -0.555523 -1.26056e-17
    outer loop
      vertex 30.6801 11.1263 1.2
      vertex 30.8981 10.8 0
      vertex 30.8981 10.8 1.2
    endloop
  endfacet
  facet normal 0.751724 0.659478 2.69518e-18
    outer loop
      vertex -36.4213 -31.4213 1.2
      vertex -36.6801 -31.1263 0
      vertex -36.6801 -31.1263 1.2
    endloop
  endfacet
  facet normal 0.751724 0.659478 2.69518e-18
    outer loop
      vertex -36.6801 -31.1263 0
      vertex -36.4213 -31.4213 1.2
      vertex -36.4213 -31.4213 0
    endloop
  endfacet
  facet normal -0.321574 -0.946885 0
    outer loop
      vertex 29.0764 12.1978 0
      vertex 29.448 12.0716 1.2
      vertex 29.0764 12.1978 1.2
    endloop
  endfacet
  facet normal -0.321574 -0.946885 -0
    outer loop
      vertex 29.448 12.0716 1.2
      vertex 29.0764 12.1978 0
      vertex 29.448 12.0716 0
    endloop
  endfacet
  facet normal 0.831501 0.555523 3.09622e-18
    outer loop
      vertex -36.6801 -31.1263 1.2
      vertex -36.8981 -30.8 0
      vertex -36.8981 -30.8 1.2
    endloop
  endfacet
  facet normal 0.831501 0.555523 3.09622e-18
    outer loop
      vertex -36.8981 -30.8 0
      vertex -36.6801 -31.1263 1.2
      vertex -36.6801 -31.1263 0
    endloop
  endfacet
  facet normal -0.896961 -0.44211 3.04689e-18
    outer loop
      vertex 31.0716 10.448 0
      vertex 30.8981 10.8 1.2
      vertex 30.8981 10.8 0
    endloop
  endfacet
  facet normal -0.896961 -0.44211 3.04689e-18
    outer loop
      vertex 30.8981 10.8 1.2
      vertex 31.0716 10.448 0
      vertex 31.0716 10.448 1.2
    endloop
  endfacet
  facet normal -0.980809 -0.194969 9.87488e-19
    outer loop
      vertex 31.2743 9.69156 0
      vertex 31.1978 10.0764 1.2
      vertex 31.1978 10.0764 0
    endloop
  endfacet
  facet normal -0.980809 -0.194969 9.87488e-19
    outer loop
      vertex 31.1978 10.0764 1.2
      vertex 31.2743 9.69156 0
      vertex 31.2743 9.69156 1.2
    endloop
  endfacet
  facet normal 0.980806 0.194989 1.30936e-18
    outer loop
      vertex -37.1978 -30.0764 1.2
      vertex -37.2743 -29.6916 0
      vertex -37.2743 -29.6916 1.2
    endloop
  endfacet
  facet normal 0.980806 0.194989 1.30936e-18
    outer loop
      vertex -37.2743 -29.6916 0
      vertex -37.1978 -30.0764 1.2
      vertex -37.1978 -30.0764 0
    endloop
  endfacet
  facet normal -0.997853 0.0654873 4.63948e-19
    outer loop
      vertex 31.2743 -29.6916 0
      vertex 31.3 -29.3 1.2
      vertex 31.3 -29.3 0
    endloop
  endfacet
  facet normal -0.997853 0.0654873 4.63948e-19
    outer loop
      vertex 31.3 -29.3 1.2
      vertex 31.2743 -29.6916 0
      vertex 31.2743 -29.6916 1.2
    endloop
  endfacet
  facet normal 0 0 -1
    outer loop
      vertex 28.3 -32.3 1.2
      vertex 31.3 -29.3 1.2
      vertex 31.2743 -29.6916 1.2
    endloop
  endfacet
  facet normal 0 0 -1
    outer loop
      vertex 31.3 -29.3 1.2
      vertex 27.15 -10 1.2
      vertex 31.3 9.29999 1.2
    endloop
  endfacet
  facet normal 0 0 -1
    outer loop
      vertex 28.3 -32.3 1.2
      vertex 31.2743 -29.6916 1.2
      vertex 31.1978 -30.0764 1.2
    endloop
  endfacet
  facet normal 0 0 -1
    outer loop
      vertex 27.1402 -9.8499 1.2
      vertex 31.3 9.29999 1.2
      vertex 27.15 -10 1.2
    endloop
  endfacet
  facet normal 0 0 -1
    outer loop
      vertex 28.3 -32.3 1.2
      vertex 31.1978 -30.0764 1.2
      vertex 31.0716 -30.448 1.2
    endloop
  endfacet
  facet normal 0 0 -1
    outer loop
      vertex 27.1108 -9.70236 1.2
      vertex 31.3 9.29999 1.2
      vertex 27.1402 -9.8499 1.2
    endloop
  endfacet
  facet normal 0 0 -1
    outer loop
      vertex 28.3 -32.3 1.2
      vertex 31.0716 -30.448 1.2
      vertex 30.8981 -30.8 1.2
    endloop
  endfacet
  facet normal 0 0 -1
    outer loop
      vertex 27.0625 -9.55991 1.2
      vertex 31.3 9.29999 1.2
      vertex 27.1108 -9.70236 1.2
    endloop
  endfacet
  facet normal 0 0 -1
    outer loop
      vertex 28.3 -32.3 1.2
      vertex 30.8981 -30.8 1.2
      vertex 30.6801 -31.1263 1.2
    endloop
  endfacet
  facet normal 0 0 -1
    outer loop
      vertex 26.9959 -9.425 1.2
      vertex 31.3 9.29999 1.2
      vertex 27.0625 -9.55991 1.2
    endloop
  endfacet
  facet normal 0 0 -1
    outer loop
      vertex 28.3 -32.3 1.2
      vertex 30.6801 -31.1263 1.2
      vertex 30.4213 -31.4213 1.2
    endloop
  endfacet
  facet normal 0 0 -1
    outer loop
      vertex 26.9124 -9.29992 1.2
      vertex 31.3 9.29999 1.2
      vertex 26.9959 -9.425 1.2
    endloop
  endfacet
  facet normal 0 0 -1
    outer loop
      vertex 28.3 -32.3 1.2
      vertex 30.4213 -31.4213 1.2
      vertex 30.1263 -31.6801 1.2
    endloop
  endfacet
  facet normal 0 0 -1
    outer loop
      vertex 26.8132 -9.18683 1.2
      vertex 31.3 9.29999 1.2
      vertex 26.9124 -9.29992 1.2
    endloop
  endfacet
  facet normal 0 0 -1
    outer loop
      vertex 28.3 -32.3 1.2
      vertex 30.1263 -31.6801 1.2
      vertex 29.8 -31.8981 1.2
    endloop
  endfacet
  facet normal 0 0 -1
    outer loop
      vertex 26.7001 -9.08764 1.2
      vertex 31.3 9.29999 1.2
      vertex 26.8132 -9.18683 1.2
    endloop
  endfacet
  facet normal 0 0 -1
    outer loop
      vertex 28.3 -32.3 1.2
      vertex 29.8 -31.8981 1.2
      vertex 29.448 -32.0716 1.2
    endloop
  endfacet
  facet normal 0 0 -1
    outer loop
      vertex 26.575 -9.00407 1.2
      vertex 31.3 9.29999 1.2
      vertex 26.7001 -9.08764 1.2
    endloop
  endfacet
  facet normal 0 0 -1
    outer loop
      vertex 28.3 -32.3 1.2
      vertex 29.448 -32.0716 1.2
      vertex 29.0764 -32.1978 1.2
    endloop
  endfacet
  facet normal 0 0 -1
    outer loop
      vertex 26.4401 -8.93754 1.2
      vertex 31.3 9.29999 1.2
      vertex 26.575 -9.00407 1.2
    endloop
  endfacet
  facet normal 0 0 -1
    outer loop
      vertex 28.3 -32.3 1.2
      vertex 29.0764 -32.1978 1.2
      vertex 28.6916 -32.2743 1.2
    endloop
  endfacet
  facet normal 0 0 -1
    outer loop
      vertex 26.2976 -8.88919 1.2
      vertex 31.3 9.29999 1.2
      vertex 26.4401 -8.93754 1.2
    endloop
  endfacet
  facet normal 0 0 -1
    outer loop
      vertex 25.5599 -11.0625 1.2
      vertex 31.3 -29.3 1.2
      vertex 28.3 -32.3 1.2
    endloop
  endfacet
  facet normal 0 0 -1
    outer loop
      vertex 26.1501 -8.85984 1.2
      vertex 31.3 9.29999 1.2
      vertex 26.2976 -8.88919 1.2
    endloop
  endfacet
  facet normal 0 0 -1
    outer loop
      vertex 26 -8.85 1.2
      vertex 31.3 9.29999 1.2
      vertex 26.1501 -8.85984 1.2
    endloop
  endfacet
  facet normal 0 0 -1
    outer loop
      vertex 31.3 -29.3 1.2
      vertex 27.1402 -10.1501 1.2
      vertex 27.15 -10 1.2
    endloop
  endfacet
  facet normal 0 0 -1
    outer loop
      vertex 31.3 -29.3 1.2
      vertex 27.1108 -10.2976 1.2
      vertex 27.1402 -10.1501 1.2
    endloop
  endfacet
  facet normal 0 0 -1
    outer loop
      vertex 31.3 -29.3 1.2
      vertex 27.0625 -10.4401 1.2
      vertex 27.1108 -10.2976 1.2
    endloop
  endfacet
  facet normal 0 0 -1
    outer loop
      vertex 31.3 -29.3 1.2
      vertex 26.9959 -10.575 1.2
      vertex 27.0625 -10.4401 1.2
    endloop
  endfacet
  facet normal 0 0 -1
    outer loop
      vertex 31.3 -29.3 1.2
      vertex 26.9124 -10.7001 1.2
      vertex 26.9959 -10.575 1.2
    endloop
  endfacet
  facet normal 0 0 -1
    outer loop
      vertex 31.3 -29.3 1.2
      vertex 26.8132 -10.8132 1.2
      vertex 26.9124 -10.7001 1.2
    endloop
  endfacet
  facet normal 0 0 -1
    outer loop
      vertex 31.3 -29.3 1.2
      vertex 26.7001 -10.9124 1.2
      vertex 26.8132 -10.8132 1.2
    endloop
  endfacet
  facet normal 0 0 -1
    outer loop
      vertex 31.3 -29.3 1.2
      vertex 26.575 -10.9959 1.2
      vertex 26.7001 -10.9124 1.2
    endloop
  endfacet
  facet normal 0 0 -1
    outer loop
      vertex 31.3 -29.3 1.2
      vertex 26.4401 -11.0625 1.2
      vertex 26.575 -10.9959 1.2
    endloop
  endfacet
  facet normal 0 0 -1
    outer loop
      vertex 31.3 -29.3 1.2
      vertex 26.2976 -11.1108 1.2
      vertex 26.4401 -11.0625 1.2
    endloop
  endfacet
  facet normal 0 0 -1
    outer loop
      vertex 31.3 -29.3 1.2
      vertex 26.1501 -11.1402 1.2
      vertex 26.2976 -11.1108 1.2
    endloop
  endfacet
  facet normal 0 0 -1
    outer loop
      vertex 31.3 -29.3 1.2
      vertex 26 -11.15 1.2
      vertex 26.1501 -11.1402 1.2
    endloop
  endfacet
  facet normal 0 0 -1
    outer loop
      vertex 31.3 -29.3 1.2
      vertex 25.8499 -11.1402 1.2
      vertex 26 -11.15 1.2
    endloop
  endfacet
  facet normal 0 0 -1
    outer loop
      vertex 31.3 -29.3 1.2
      vertex 25.7024 -11.1108 1.2
      vertex 25.8499 -11.1402 1.2
    endloop
  endfacet
  facet normal 0 0 -1
    outer loop
      vertex 31.3 -29.3 1.2
      vertex 25.5599 -11.0625 1.2
      vertex 25.7024 -11.1108 1.2
    endloop
  endfacet
  facet normal 0 0 -1
    outer loop
      vertex 28.3 -32.3 1.2
      vertex 25.425 -10.9959 1.2
      vertex 25.5599 -11.0625 1.2
    endloop
  endfacet
  facet normal 0 0 -1
    outer loop
      vertex 8.73206 -16 1.2
      vertex 25.425 -10.9959 1.2
      vertex 28.3 -32.3 1.2
    endloop
  endfacet
  facet normal 0 -0 -1
    outer loop
      vertex 8.84776 -15.7654 1.2
      vertex 25.425 -10.9959 1.2
      vertex 8.73206 -16 1.2
    endloop
  endfacet
  facet normal -0 0 -1
    outer loop
      vertex 25.425 -10.9959 1.2
      vertex 8.84776 -15.7654 1.2
      vertex 25.2999 -10.9124 1.2
    endloop
  endfacet
  facet normal 0 -0 -1
    outer loop
      vertex 8.93185 -15.5176 1.2
      vertex 25.2999 -10.9124 1.2
      vertex 8.84776 -15.7654 1.2
    endloop
  endfacet
  facet normal -0 0 -1
    outer loop
      vertex 25.2999 -10.9124 1.2
      vertex 8.93185 -15.5176 1.2
      vertex 25.1868 -10.8132 1.2
    endloop
  endfacet
  facet normal 0 -0 -1
    outer loop
      vertex 8.98289 -15.261 1.2
      vertex 25.1868 -10.8132 1.2
      vertex 8.93185 -15.5176 1.2
    endloop
  endfacet
  facet normal -0 0 -1
    outer loop
      vertex 25.1868 -10.8132 1.2
      vertex 8.98289 -15.261 1.2
      vertex 25.0876 -10.7001 1.2
    endloop
  endfacet
  facet normal -0 0 -1
    outer loop
      vertex 24.8598 -10.1501 1.2
      vertex 9 -15 1.2
      vertex 24.85 -10 1.2
    endloop
  endfacet
  facet normal 0 -0 -1
    outer loop
      vertex 9 -15 1.2
      vertex 25.0876 -10.7001 1.2
      vertex 8.98289 -15.261 1.2
    endloop
  endfacet
  facet normal -0 0 -1
    outer loop
      vertex 24.8892 -10.2976 1.2
      vertex 9 -15 1.2
      vertex 24.8598 -10.1501 1.2
    endloop
  endfacet
  facet normal -0 0 -1
    outer loop
      vertex 24.9375 -10.4401 1.2
      vertex 9 -15 1.2
      vertex 24.8892 -10.2976 1.2
    endloop
  endfacet
  facet normal -0 0 -1
    outer loop
      vertex 25.0041 -10.575 1.2
      vertex 9 -15 1.2
      vertex 24.9375 -10.4401 1.2
    endloop
  endfacet
  facet normal -0 0 -1
    outer loop
      vertex 25.0876 -10.7001 1.2
      vertex 9 -15 1.2
      vertex 25.0041 -10.575 1.2
    endloop
  endfacet
  facet normal 0 0 -1
    outer loop
      vertex 28.3 -32.3 1.2
      vertex 8.5867 -16.2175 1.2
      vertex 8.73206 -16 1.2
    endloop
  endfacet
  facet normal 0 0 -1
    outer loop
      vertex 28.3 -32.3 1.2
      vertex 8.41422 -16.4142 1.2
      vertex 8.5867 -16.2175 1.2
    endloop
  endfacet
  facet normal 0 0 -1
    outer loop
      vertex 28.3 -32.3 1.2
      vertex 8.21753 -16.5867 1.2
      vertex 8.41422 -16.4142 1.2
    endloop
  endfacet
  facet normal 0 0 -1
    outer loop
      vertex 28.3 -32.3 1.2
      vertex 8 -16.7321 1.2
      vertex 8.21753 -16.5867 1.2
    endloop
  endfacet
  facet normal 0 0 -1
    outer loop
      vertex 28.3 -32.3 1.2
      vertex 7.76537 -16.8478 1.2
      vertex 8 -16.7321 1.2
    endloop
  endfacet
  facet normal 0 0 -1
    outer loop
      vertex 28.3 -32.3 1.2
      vertex 7.51764 -16.9319 1.2
      vertex 7.76537 -16.8478 1.2
    endloop
  endfacet
  facet normal 0 0 -1
    outer loop
      vertex 28.3 -32.3 1.2
      vertex 7.26105 -16.9829 1.2
      vertex 7.51764 -16.9319 1.2
    endloop
  endfacet
  facet normal 0 0 -1
    outer loop
      vertex 28.3 -32.3 1.2
      vertex 7 -17 1.2
      vertex 7.26105 -16.9829 1.2
    endloop
  endfacet
  facet normal 0 0 -1
    outer loop
      vertex 28.3 -32.3 1.2
      vertex -13 -17 1.2
      vertex 7 -17 1.2
    endloop
  endfacet
  facet normal 0 0 -1
    outer loop
      vertex -34.3 -32.3 1.2
      vertex -13 -17 1.2
      vertex 28.3 -32.3 1.2
    endloop
  endfacet
  facet normal -0 0 -1
    outer loop
      vertex -13 -17 1.2
      vertex -34.3 -32.3 1.2
      vertex -13.261 -16.9829 1.2
    endloop
  endfacet
  facet normal -0 0 -1
    outer loop
      vertex -13.261 -16.9829 1.2
      vertex -34.3 -32.3 1.2
      vertex -13.5176 -16.9319 1.2
    endloop
  endfacet
  facet normal 0 0 -1
    outer loop
      vertex -30.85 -10 1.2
      vertex -15 -5 1.2
      vertex -15 -15 1.2
    endloop
  endfacet
  facet normal 0 0 -1
    outer loop
      vertex -31.0876 -10.7001 1.2
      vertex -15 -15 1.2
      vertex -14.9829 -15.261 1.2
    endloop
  endfacet
  facet normal 0 0 -1
    outer loop
      vertex -31.1868 -10.8132 1.2
      vertex -14.9829 -15.261 1.2
      vertex -14.9319 -15.5176 1.2
    endloop
  endfacet
  facet normal 0 0 -1
    outer loop
      vertex -31.2999 -10.9124 1.2
      vertex -14.9319 -15.5176 1.2
      vertex -14.8478 -15.7654 1.2
    endloop
  endfacet
  facet normal 0 0 -1
    outer loop
      vertex -15 -5 1.2
      vertex -24.7607 4.83684 1.2
      vertex -24.75 5 1.2
    endloop
  endfacet
  facet normal 0 0 -1
    outer loop
      vertex -15 -5 1.2
      vertex -24.7926 4.67648 1.2
      vertex -24.7607 4.83684 1.2
    endloop
  endfacet
  facet normal 0 0 -1
    outer loop
      vertex -15 -5 1.2
      vertex -24.8451 4.52165 1.2
      vertex -24.7926 4.67648 1.2
    endloop
  endfacet
  facet normal 0 0 -1
    outer loop
      vertex -15 -5 1.2
      vertex -24.9175 4.375 1.2
      vertex -24.8451 4.52165 1.2
    endloop
  endfacet
  facet normal 0 0 -1
    outer loop
      vertex -31.425 -10.9959 1.2
      vertex -14.8478 -15.7654 1.2
      vertex -14.7321 -16 1.2
    endloop
  endfacet
  facet normal 0 0 -1
    outer loop
      vertex -15 -5 1.2
      vertex -25.0083 4.23905 1.2
      vertex -24.9175 4.375 1.2
    endloop
  endfacet
  facet normal 0 0 -1
    outer loop
      vertex -15 -5 1.2
      vertex -25.1161 4.11612 1.2
      vertex -25.0083 4.23905 1.2
    endloop
  endfacet
  facet normal 0 0 -1
    outer loop
      vertex -15 -5 1.2
      vertex -25.239 4.00831 1.2
      vertex -25.1161 4.11612 1.2
    endloop
  endfacet
  facet normal 0 0 -1
    outer loop
      vertex -15 -5 1.2
      vertex -25.375 3.91747 1.2
      vertex -25.239 4.00831 1.2
    endloop
  endfacet
  facet normal 0 0 -1
    outer loop
      vertex -15 -5 1.2
      vertex -30.8892 -9.70236 1.2
      vertex -30.9375 -9.55991 1.2
    endloop
  endfacet
  facet normal 0 0 -1
    outer loop
      vertex -31.0041 -9.425 1.2
      vertex -15 -5 1.2
      vertex -30.9375 -9.55991 1.2
    endloop
  endfacet
  facet normal 0 -0 -1
    outer loop
      vertex -25.6765 3.79259 1.2
      vertex -15 -5 1.2
      vertex -31.0041 -9.425 1.2
    endloop
  endfacet
  facet normal 0 0 -1
    outer loop
      vertex -15 -5 1.2
      vertex -25.6765 3.79259 1.2
      vertex -25.5216 3.84515 1.2
    endloop
  endfacet
  facet normal 0 0 -1
    outer loop
      vertex -31.0876 -9.29992 1.2
      vertex -25.6765 3.79259 1.2
      vertex -31.0041 -9.425 1.2
    endloop
  endfacet
  facet normal 0 0 -1
    outer loop
      vertex -25.6765 3.79259 1.2
      vertex -31.0876 -9.29992 1.2
      vertex -25.8368 3.76069 1.2
    endloop
  endfacet
  facet normal 0 0 -1
    outer loop
      vertex -31.1868 -9.18683 1.2
      vertex -25.8368 3.76069 1.2
      vertex -31.0876 -9.29992 1.2
    endloop
  endfacet
  facet normal 0 0 -1
    outer loop
      vertex -25.8368 3.76069 1.2
      vertex -31.1868 -9.18683 1.2
      vertex -26 3.75 1.2
    endloop
  endfacet
  facet normal 0 0 -1
    outer loop
      vertex -31.2999 -9.08764 1.2
      vertex -26 3.75 1.2
      vertex -31.1868 -9.18683 1.2
    endloop
  endfacet
  facet normal -0 0 -1
    outer loop
      vertex -26 3.75 1.2
      vertex -31.2999 -9.08764 1.2
      vertex -26.1632 3.76069 1.2
    endloop
  endfacet
  facet normal 0 0 -1
    outer loop
      vertex -31.425 -9.00407 1.2
      vertex -26.1632 3.76069 1.2
      vertex -31.2999 -9.08764 1.2
    endloop
  endfacet
  facet normal -0 0 -1
    outer loop
      vertex -26.1632 3.76069 1.2
      vertex -31.425 -9.00407 1.2
      vertex -26.3235 3.79259 1.2
    endloop
  endfacet
  facet normal -0 0 -1
    outer loop
      vertex -26.3235 3.79259 1.2
      vertex -31.5599 -8.93754 1.2
      vertex -26.4784 3.84515 1.2
    endloop
  endfacet
  facet normal 0 0 -1
    outer loop
      vertex -31.5599 -8.93754 1.2
      vertex -26.3235 3.79259 1.2
      vertex -31.425 -9.00407 1.2
    endloop
  endfacet
  facet normal 0 0 -1
    outer loop
      vertex -15 -5 1.2
      vertex -25.5216 3.84515 1.2
      vertex -25.375 3.91747 1.2
    endloop
  endfacet
  facet normal 0 0 -1
    outer loop
      vertex -15 -5 1.2
      vertex -30.8598 -9.8499 1.2
      vertex -30.8892 -9.70236 1.2
    endloop
  endfacet
  facet normal 0 0 -1
    outer loop
      vertex -15 -5 1.2
      vertex -30.85 -10 1.2
      vertex -30.8598 -9.8499 1.2
    endloop
  endfacet
  facet normal 0 0 -1
    outer loop
      vertex -34.3 -32.3 1.2
      vertex -14.7321 -16 1.2
      vertex -14.5867 -16.2175 1.2
    endloop
  endfacet
  facet normal 0 0 -1
    outer loop
      vertex -34.3 -32.3 1.2
      vertex -14.5867 -16.2175 1.2
      vertex -14.4142 -16.4142 1.2
    endloop
  endfacet
  facet normal 0 0 -1
    outer loop
      vertex -34.3 -32.3 1.2
      vertex -14.4142 -16.4142 1.2
      vertex -14.2175 -16.5867 1.2
    endloop
  endfacet
  facet normal 0 0 -1
    outer loop
      vertex -34.3 -32.3 1.2
      vertex -14.2175 -16.5867 1.2
      vertex -14 -16.7321 1.2
    endloop
  endfacet
  facet normal 0 0 -1
    outer loop
      vertex -34.3 -32.3 1.2
      vertex -14 -16.7321 1.2
      vertex -13.7654 -16.8478 1.2
    endloop
  endfacet
  facet normal 0 0 -1
    outer loop
      vertex -15 -15 1.2
      vertex -30.8598 -10.1501 1.2
      vertex -30.85 -10 1.2
    endloop
  endfacet
  facet normal 0 0 -1
    outer loop
      vertex -15 -15 1.2
      vertex -30.8892 -10.2976 1.2
      vertex -30.8598 -10.1501 1.2
    endloop
  endfacet
  facet normal 0 0 -1
    outer loop
      vertex -15 -15 1.2
      vertex -30.9375 -10.4401 1.2
      vertex -30.8892 -10.2976 1.2
    endloop
  endfacet
  facet normal 0 0 -1
    outer loop
      vertex -15 -15 1.2
      vertex -31.0041 -10.575 1.2
      vertex -30.9375 -10.4401 1.2
    endloop
  endfacet
  facet normal -0 0 -1
    outer loop
      vertex -13.5176 -16.9319 1.2
      vertex -34.3 -32.3 1.2
      vertex -13.7654 -16.8478 1.2
    endloop
  endfacet
  facet normal -0 0 -1
    outer loop
      vertex -14.7321 -16 1.2
      vertex -34.3 -32.3 1.2
      vertex -31.425 -10.9959 1.2
    endloop
  endfacet
  facet normal 0 0 -1
    outer loop
      vertex -15 -15 1.2
      vertex -31.0876 -10.7001 1.2
      vertex -31.0041 -10.575 1.2
    endloop
  endfacet
  facet normal 0 0 -1
    outer loop
      vertex -14.9829 -15.261 1.2
      vertex -31.1868 -10.8132 1.2
      vertex -31.0876 -10.7001 1.2
    endloop
  endfacet
  facet normal 0 0 -1
    outer loop
      vertex -14.9319 -15.5176 1.2
      vertex -31.2999 -10.9124 1.2
      vertex -31.1868 -10.8132 1.2
    endloop
  endfacet
  facet normal 0 0 -1
    outer loop
      vertex -14.8478 -15.7654 1.2
      vertex -31.425 -10.9959 1.2
      vertex -31.2999 -10.9124 1.2
    endloop
  endfacet
  facet normal 0 0 -1
    outer loop
      vertex -31.425 -10.9959 1.2
      vertex -34.3 -32.3 1.2
      vertex -31.5599 -11.0625 1.2
    endloop
  endfacet
  facet normal 0 0 -1
    outer loop
      vertex -37.3 -29.3 1.2
      vertex -31.5599 -11.0625 1.2
      vertex -34.3 -32.3 1.2
    endloop
  endfacet
  facet normal 0 0 -1
    outer loop
      vertex -31.5599 -11.0625 1.2
      vertex -37.3 -29.3 1.2
      vertex -31.7024 -11.1108 1.2
    endloop
  endfacet
  facet normal 0 0 -1
    outer loop
      vertex -31.7024 -11.1108 1.2
      vertex -37.3 -29.3 1.2
      vertex -31.8499 -11.1402 1.2
    endloop
  endfacet
  facet normal 0 0 -1
    outer loop
      vertex -31.8499 -11.1402 1.2
      vertex -37.3 -29.3 1.2
      vertex -32 -11.15 1.2
    endloop
  endfacet
  facet normal -0 0 -1
    outer loop
      vertex -32 -11.15 1.2
      vertex -37.3 -29.3 1.2
      vertex -32.1501 -11.1402 1.2
    endloop
  endfacet
  facet normal -0 0 -1
    outer loop
      vertex -33.1108 -10.2976 1.2
      vertex -37.3 -29.3 1.2
      vertex -33.1402 -10.1501 1.2
    endloop
  endfacet
  facet normal -0 0 -1
    outer loop
      vertex -33.0625 -10.4401 1.2
      vertex -37.3 -29.3 1.2
      vertex -33.1108 -10.2976 1.2
    endloop
  endfacet
  facet normal -0 0 -1
    outer loop
      vertex -32.9959 -10.575 1.2
      vertex -37.3 -29.3 1.2
      vertex -33.0625 -10.4401 1.2
    endloop
  endfacet
  facet normal -0 0 -1
    outer loop
      vertex -32.9124 -10.7001 1.2
      vertex -37.3 -29.3 1.2
      vertex -32.9959 -10.575 1.2
    endloop
  endfacet
  facet normal -0 0 -1
    outer loop
      vertex -32.8132 -10.8132 1.2
      vertex -37.3 -29.3 1.2
      vertex -32.9124 -10.7001 1.2
    endloop
  endfacet
  facet normal -0 0 -1
    outer loop
      vertex -32.7001 -10.9124 1.2
      vertex -37.3 -29.3 1.2
      vertex -32.8132 -10.8132 1.2
    endloop
  endfacet
  facet normal -0 0 -1
    outer loop
      vertex -32.575 -10.9959 1.2
      vertex -37.3 -29.3 1.2
      vertex -32.7001 -10.9124 1.2
    endloop
  endfacet
  facet normal -0 0 -1
    outer loop
      vertex -32.4401 -11.0625 1.2
      vertex -37.3 -29.3 1.2
      vertex -32.575 -10.9959 1.2
    endloop
  endfacet
  facet normal -0 0 -1
    outer loop
      vertex -32.2976 -11.1108 1.2
      vertex -37.3 -29.3 1.2
      vertex -32.4401 -11.0625 1.2
    endloop
  endfacet
  facet normal -0 0 -1
    outer loop
      vertex -32.1501 -11.1402 1.2
      vertex -37.3 -29.3 1.2
      vertex -32.2976 -11.1108 1.2
    endloop
  endfacet
  facet normal 0 0 -1
    outer loop
      vertex 25.8499 -8.85984 1.2
      vertex 31.3 9.29999 1.2
      vertex 26 -8.85 1.2
    endloop
  endfacet
  facet normal 0 0 -1
    outer loop
      vertex 25.7024 -8.88919 1.2
      vertex 31.3 9.29999 1.2
      vertex 25.8499 -8.85984 1.2
    endloop
  endfacet
  facet normal 0 0 -1
    outer loop
      vertex 25.5599 -8.93754 1.2
      vertex 31.3 9.29999 1.2
      vertex 25.7024 -8.88919 1.2
    endloop
  endfacet
  facet normal 0 0 -1
    outer loop
      vertex 31.3 9.29999 1.2
      vertex 28.3 12.3 1.2
      vertex 31.2743 9.69156 1.2
    endloop
  endfacet
  facet normal 0 0 -1
    outer loop
      vertex 31.1978 10.0764 1.2
      vertex 28.3 12.3 1.2
      vertex 31.0716 10.448 1.2
    endloop
  endfacet
  facet normal 0 0 -1
    outer loop
      vertex 31.0716 10.448 1.2
      vertex 28.3 12.3 1.2
      vertex 30.8981 10.8 1.2
    endloop
  endfacet
  facet normal 0 0 -1
    outer loop
      vertex 30.6801 11.1263 1.2
      vertex 28.3 12.3 1.2
      vertex 30.4213 11.4213 1.2
    endloop
  endfacet
  facet normal 0 0 -1
    outer loop
      vertex 30.4213 11.4213 1.2
      vertex 28.3 12.3 1.2
      vertex 30.1263 11.6801 1.2
    endloop
  endfacet
  facet normal 0 0 -1
    outer loop
      vertex 29.8 11.8981 1.2
      vertex 28.3 12.3 1.2
      vertex 29.448 12.0716 1.2
    endloop
  endfacet
  facet normal 0 0 -1
    outer loop
      vertex 29.448 12.0716 1.2
      vertex 28.3 12.3 1.2
      vertex 29.0764 12.1978 1.2
    endloop
  endfacet
  facet normal 0 0 -1
    outer loop
      vertex 29.0764 12.1978 1.2
      vertex 28.3 12.3 1.2
      vertex 28.6916 12.2743 1.2
    endloop
  endfacet
  facet normal 0 0 -1
    outer loop
      vertex 30.1263 11.6801 1.2
      vertex 28.3 12.3 1.2
      vertex 29.8 11.8981 1.2
    endloop
  endfacet
  facet normal 0 0 -1
    outer loop
      vertex 30.8981 10.8 1.2
      vertex 28.3 12.3 1.2
      vertex 30.6801 11.1263 1.2
    endloop
  endfacet
  facet normal 0 0 -1
    outer loop
      vertex 31.2743 9.69156 1.2
      vertex 28.3 12.3 1.2
      vertex 31.1978 10.0764 1.2
    endloop
  endfacet
  facet normal -0 0 -1
    outer loop
      vertex 31.3 9.29999 1.2
      vertex 25.5599 -8.93754 1.2
      vertex 28.3 12.3 1.2
    endloop
  endfacet
  facet normal 0 0 -1
    outer loop
      vertex 25.425 -9.00407 1.2
      vertex 28.3 12.3 1.2
      vertex 25.5599 -8.93754 1.2
    endloop
  endfacet
  facet normal 0 0 -1
    outer loop
      vertex 8.84776 -4.23463 1.2
      vertex 25.425 -9.00407 1.2
      vertex 25.2999 -9.08764 1.2
    endloop
  endfacet
  facet normal 0 0 -1
    outer loop
      vertex 8.93185 -4.48236 1.2
      vertex 25.2999 -9.08764 1.2
      vertex 25.1868 -9.18683 1.2
    endloop
  endfacet
  facet normal 0 0 -1
    outer loop
      vertex 8.98289 -4.73895 1.2
      vertex 25.1868 -9.18683 1.2
      vertex 25.0876 -9.29992 1.2
    endloop
  endfacet
  facet normal 0 0 -1
    outer loop
      vertex 9 -5 1.2
      vertex 25.0876 -9.29992 1.2
      vertex 25.0041 -9.425 1.2
    endloop
  endfacet
  facet normal 0 0 -1
    outer loop
      vertex 9 -5 1.2
      vertex 25.0041 -9.425 1.2
      vertex 24.9375 -9.55991 1.2
    endloop
  endfacet
  facet normal 0 0 -1
    outer loop
      vertex 9 -5 1.2
      vertex 24.9375 -9.55991 1.2
      vertex 24.8892 -9.70236 1.2
    endloop
  endfacet
  facet normal 0 0 -1
    outer loop
      vertex 9 -5 1.2
      vertex 24.8892 -9.70236 1.2
      vertex 24.8598 -9.8499 1.2
    endloop
  endfacet
  facet normal 0 0 -1
    outer loop
      vertex 9 -5 1.2
      vertex 24.85 -10 1.2
      vertex 9 -15 1.2
    endloop
  endfacet
  facet normal 0 0 -1
    outer loop
      vertex 24.85 -10 1.2
      vertex 9 -5 1.2
      vertex 24.8598 -9.8499 1.2
    endloop
  endfacet
  facet normal 0 0 -1
    outer loop
      vertex 25.0876 -9.29992 1.2
      vertex 9 -5 1.2
      vertex 8.98289 -4.73895 1.2
    endloop
  endfacet
  facet normal 0 0 -1
    outer loop
      vertex 25.1868 -9.18683 1.2
      vertex 8.98289 -4.73895 1.2
      vertex 8.93185 -4.48236 1.2
    endloop
  endfacet
  facet normal 0 0 -1
    outer loop
      vertex 25.2999 -9.08764 1.2
      vertex 8.93185 -4.48236 1.2
      vertex 8.84776 -4.23463 1.2
    endloop
  endfacet
  facet normal 0 0 -1
    outer loop
      vertex 25.425 -9.00407 1.2
      vertex 8.84776 -4.23463 1.2
      vertex 8.73206 -4 1.2
    endloop
  endfacet
  facet normal 0 0 -1
    outer loop
      vertex 25.425 -9.00407 1.2
      vertex 8.73206 -4 1.2
      vertex 28.3 12.3 1.2
    endloop
  endfacet
  facet normal 0 0 -1
    outer loop
      vertex 8.5867 -3.78247 1.2
      vertex 28.3 12.3 1.2
      vertex 8.73206 -4 1.2
    endloop
  endfacet
  facet normal 0 0 -1
    outer loop
      vertex 8.41422 -3.58578 1.2
      vertex 28.3 12.3 1.2
      vertex 8.5867 -3.78247 1.2
    endloop
  endfacet
  facet normal 0 0 -1
    outer loop
      vertex 8.21753 -3.4133 1.2
      vertex 28.3 12.3 1.2
      vertex 8.41422 -3.58578 1.2
    endloop
  endfacet
  facet normal 0 0 -1
    outer loop
      vertex 8 -3.26794 1.2
      vertex 28.3 12.3 1.2
      vertex 8.21753 -3.4133 1.2
    endloop
  endfacet
  facet normal 0 0 -1
    outer loop
      vertex 7.76537 -3.15224 1.2
      vertex 28.3 12.3 1.2
      vertex 8 -3.26794 1.2
    endloop
  endfacet
  facet normal 0 0 -1
    outer loop
      vertex 7.51764 -3.06815 1.2
      vertex 28.3 12.3 1.2
      vertex 7.76537 -3.15224 1.2
    endloop
  endfacet
  facet normal 0 0 -1
    outer loop
      vertex 7.26105 -3.01711 1.2
      vertex 28.3 12.3 1.2
      vertex 7.51764 -3.06815 1.2
    endloop
  endfacet
  facet normal 0 0 -1
    outer loop
      vertex 7 -3 1.2
      vertex 28.3 12.3 1.2
      vertex 7.26105 -3.01711 1.2
    endloop
  endfacet
  facet normal 0 0 -1
    outer loop
      vertex -25.0083 5.76095 1.2
      vertex 7 -3 1.2
      vertex -13 -3 1.2
    endloop
  endfacet
  facet normal 0 0 -1
    outer loop
      vertex -24.7926 5.32352 1.2
      vertex -13 -3 1.2
      vertex -13.261 -3.01711 1.2
    endloop
  endfacet
  facet normal 0 0 -1
    outer loop
      vertex -24.7607 5.16316 1.2
      vertex -13.261 -3.01711 1.2
      vertex -13.5176 -3.06815 1.2
    endloop
  endfacet
  facet normal 0 0 -1
    outer loop
      vertex -24.75 5 1.2
      vertex -13.5176 -3.06815 1.2
      vertex -13.7654 -3.15224 1.2
    endloop
  endfacet
  facet normal 0 0 -1
    outer loop
      vertex -24.75 5 1.2
      vertex -14.9829 -4.73895 1.2
      vertex -15 -5 1.2
    endloop
  endfacet
  facet normal 0 0 -1
    outer loop
      vertex -24.75 5 1.2
      vertex -14.9319 -4.48236 1.2
      vertex -14.9829 -4.73895 1.2
    endloop
  endfacet
  facet normal 0 0 -1
    outer loop
      vertex -24.75 5 1.2
      vertex -14.8478 -4.23463 1.2
      vertex -14.9319 -4.48236 1.2
    endloop
  endfacet
  facet normal 0 0 -1
    outer loop
      vertex -24.75 5 1.2
      vertex -14.7321 -4 1.2
      vertex -14.8478 -4.23463 1.2
    endloop
  endfacet
  facet normal 0 0 -1
    outer loop
      vertex -24.75 5 1.2
      vertex -14.5867 -3.78247 1.2
      vertex -14.7321 -4 1.2
    endloop
  endfacet
  facet normal 0 0 -1
    outer loop
      vertex -24.75 5 1.2
      vertex -14.4142 -3.58578 1.2
      vertex -14.5867 -3.78247 1.2
    endloop
  endfacet
  facet normal 0 0 -1
    outer loop
      vertex -24.75 5 1.2
      vertex -14.2175 -3.4133 1.2
      vertex -14.4142 -3.58578 1.2
    endloop
  endfacet
  facet normal 0 0 -1
    outer loop
      vertex -24.75 5 1.2
      vertex -14 -3.26794 1.2
      vertex -14.2175 -3.4133 1.2
    endloop
  endfacet
  facet normal 0 0 -1
    outer loop
      vertex -24.75 5 1.2
      vertex -13.7654 -3.15224 1.2
      vertex -14 -3.26794 1.2
    endloop
  endfacet
  facet normal 0 0 -1
    outer loop
      vertex -13.5176 -3.06815 1.2
      vertex -24.75 5 1.2
      vertex -24.7607 5.16316 1.2
    endloop
  endfacet
  facet normal 0 0 -1
    outer loop
      vertex -13.261 -3.01711 1.2
      vertex -24.7607 5.16316 1.2
      vertex -24.7926 5.32352 1.2
    endloop
  endfacet
  facet normal 0 0 -1
    outer loop
      vertex -13 -3 1.2
      vertex -24.7926 5.32352 1.2
      vertex -24.8451 5.47835 1.2
    endloop
  endfacet
  facet normal 0 0 -1
    outer loop
      vertex -13 -3 1.2
      vertex -24.8451 5.47835 1.2
      vertex -24.9175 5.625 1.2
    endloop
  endfacet
  facet normal 0 0 -1
    outer loop
      vertex -13 -3 1.2
      vertex -24.9175 5.625 1.2
      vertex -25.0083 5.76095 1.2
    endloop
  endfacet
  facet normal 0 0 -1
    outer loop
      vertex -25.1161 5.88388 1.2
      vertex 7 -3 1.2
      vertex -25.0083 5.76095 1.2
    endloop
  endfacet
  facet normal 0 0 -1
    outer loop
      vertex 7 -3 1.2
      vertex -25.1161 5.88388 1.2
      vertex 28.3 12.3 1.2
    endloop
  endfacet
  facet normal 0 0 -1
    outer loop
      vertex -25.239 5.99169 1.2
      vertex 28.3 12.3 1.2
      vertex -25.1161 5.88388 1.2
    endloop
  endfacet
  facet normal 0 0 -1
    outer loop
      vertex -25.375 6.08253 1.2
      vertex 28.3 12.3 1.2
      vertex -25.239 5.99169 1.2
    endloop
  endfacet
  facet normal 0 0 -1
    outer loop
      vertex -34.3 12.3 1.2
      vertex -25.375 6.08253 1.2
      vertex -25.5216 6.15485 1.2
    endloop
  endfacet
  facet normal 0 0 -1
    outer loop
      vertex -34.3 12.3 1.2
      vertex -25.5216 6.15485 1.2
      vertex -25.6765 6.20741 1.2
    endloop
  endfacet
  facet normal 0 0 -1
    outer loop
      vertex -34.3 12.3 1.2
      vertex -25.6765 6.20741 1.2
      vertex -25.8368 6.23931 1.2
    endloop
  endfacet
  facet normal 0 0 -1
    outer loop
      vertex -34.3 12.3 1.2
      vertex -25.8368 6.23931 1.2
      vertex -26 6.25 1.2
    endloop
  endfacet
  facet normal 0 0 -1
    outer loop
      vertex -34.3 12.3 1.2
      vertex -26 6.25 1.2
      vertex -26.1632 6.23931 1.2
    endloop
  endfacet
  facet normal 0 0 -1
    outer loop
      vertex -31.7024 -8.88919 1.2
      vertex -26.4784 3.84515 1.2
      vertex -31.5599 -8.93754 1.2
    endloop
  endfacet
  facet normal -0 0 -1
    outer loop
      vertex -26.4784 3.84515 1.2
      vertex -31.7024 -8.88919 1.2
      vertex -26.625 3.91747 1.2
    endloop
  endfacet
  facet normal 0 0 -1
    outer loop
      vertex -31.8499 -8.85984 1.2
      vertex -26.625 3.91747 1.2
      vertex -31.7024 -8.88919 1.2
    endloop
  endfacet
  facet normal -0 0 -1
    outer loop
      vertex -26.625 3.91747 1.2
      vertex -31.8499 -8.85984 1.2
      vertex -26.761 4.00831 1.2
    endloop
  endfacet
  facet normal 0 0 -1
    outer loop
      vertex -32 -8.85 1.2
      vertex -26.761 4.00831 1.2
      vertex -31.8499 -8.85984 1.2
    endloop
  endfacet
  facet normal -0 0 -1
    outer loop
      vertex -26.761 4.00831 1.2
      vertex -32 -8.85 1.2
      vertex -26.8839 4.11612 1.2
    endloop
  endfacet
  facet normal 0 0 -1
    outer loop
      vertex -32.1501 -8.85984 1.2
      vertex -26.8839 4.11612 1.2
      vertex -32 -8.85 1.2
    endloop
  endfacet
  facet normal -0 0 -1
    outer loop
      vertex -26.8839 4.11612 1.2
      vertex -32.1501 -8.85984 1.2
      vertex -26.9917 4.23905 1.2
    endloop
  endfacet
  facet normal 0 0 -1
    outer loop
      vertex -32.2976 -8.88919 1.2
      vertex -26.9917 4.23905 1.2
      vertex -32.1501 -8.85984 1.2
    endloop
  endfacet
  facet normal -0 0 -1
    outer loop
      vertex -26.9917 4.23905 1.2
      vertex -32.2976 -8.88919 1.2
      vertex -27.0825 4.375 1.2
    endloop
  endfacet
  facet normal 0 0 -1
    outer loop
      vertex -37.3 9.29999 1.2
      vertex -27.0825 4.375 1.2
      vertex -32.2976 -8.88919 1.2
    endloop
  endfacet
  facet normal 0 0 -1
    outer loop
      vertex -27.0825 4.375 1.2
      vertex -37.3 9.29999 1.2
      vertex -27.1549 4.52165 1.2
    endloop
  endfacet
  facet normal 0 0 -1
    outer loop
      vertex -27.1549 4.52165 1.2
      vertex -37.3 9.29999 1.2
      vertex -27.2074 4.67648 1.2
    endloop
  endfacet
  facet normal 0 0 -1
    outer loop
      vertex -27.2074 4.67648 1.2
      vertex -37.3 9.29999 1.2
      vertex -27.2393 4.83684 1.2
    endloop
  endfacet
  facet normal 0 0 -1
    outer loop
      vertex -27.2393 4.83684 1.2
      vertex -37.3 9.29999 1.2
      vertex -27.25 5 1.2
    endloop
  endfacet
  facet normal 0 0 -1
    outer loop
      vertex -27.25 5 1.2
      vertex -37.3 9.29999 1.2
      vertex -27.2393 5.16316 1.2
    endloop
  endfacet
  facet normal 0 0 -1
    outer loop
      vertex -27.2393 5.16316 1.2
      vertex -37.3 9.29999 1.2
      vertex -27.2074 5.32352 1.2
    endloop
  endfacet
  facet normal 0 0 -1
    outer loop
      vertex -37.3 9.29999 1.2
      vertex -32.2976 -8.88919 1.2
      vertex -32.4401 -8.93754 1.2
    endloop
  endfacet
  facet normal 0 0 -1
    outer loop
      vertex -37.3 9.29999 1.2
      vertex -32.4401 -8.93754 1.2
      vertex -32.575 -9.00407 1.2
    endloop
  endfacet
  facet normal 0 0 -1
    outer loop
      vertex -37.3 9.29999 1.2
      vertex -32.575 -9.00407 1.2
      vertex -32.7001 -9.08764 1.2
    endloop
  endfacet
  facet normal 0 0 -1
    outer loop
      vertex -37.3 9.29999 1.2
      vertex -32.7001 -9.08764 1.2
      vertex -32.8132 -9.18683 1.2
    endloop
  endfacet
  facet normal 0 0 -1
    outer loop
      vertex -37.3 9.29999 1.2
      vertex -32.8132 -9.18683 1.2
      vertex -32.9124 -9.29992 1.2
    endloop
  endfacet
  facet normal 0 0 -1
    outer loop
      vertex -37.3 9.29999 1.2
      vertex -32.9124 -9.29992 1.2
      vertex -32.9959 -9.425 1.2
    endloop
  endfacet
  facet normal 0 0 -1
    outer loop
      vertex -37.3 9.29999 1.2
      vertex -32.9959 -9.425 1.2
      vertex -33.0625 -9.55991 1.2
    endloop
  endfacet
  facet normal 0 0 -1
    outer loop
      vertex -25.375 6.08253 1.2
      vertex -34.3 12.3 1.2
      vertex 28.3 12.3 1.2
    endloop
  endfacet
  facet normal 0 0 -1
    outer loop
      vertex -26.3235 6.20741 1.2
      vertex -34.3 12.3 1.2
      vertex -26.1632 6.23931 1.2
    endloop
  endfacet
  facet normal 0 0 -1
    outer loop
      vertex -26.4784 6.15485 1.2
      vertex -34.3 12.3 1.2
      vertex -26.3235 6.20741 1.2
    endloop
  endfacet
  facet normal 0 0 -1
    outer loop
      vertex -26.625 6.08253 1.2
      vertex -34.3 12.3 1.2
      vertex -26.4784 6.15485 1.2
    endloop
  endfacet
  facet normal 0 0 -1
    outer loop
      vertex -26.761 5.99169 1.2
      vertex -34.3 12.3 1.2
      vertex -26.625 6.08253 1.2
    endloop
  endfacet
  facet normal 0 0 -1
    outer loop
      vertex -26.8839 5.88388 1.2
      vertex -34.3 12.3 1.2
      vertex -26.761 5.99169 1.2
    endloop
  endfacet
  facet normal 0 0 -1
    outer loop
      vertex -26.9917 5.76095 1.2
      vertex -34.3 12.3 1.2
      vertex -26.8839 5.88388 1.2
    endloop
  endfacet
  facet normal 0 0 -1
    outer loop
      vertex -27.0825 5.625 1.2
      vertex -34.3 12.3 1.2
      vertex -26.9917 5.76095 1.2
    endloop
  endfacet
  facet normal 0 0 -1
    outer loop
      vertex -27.1549 5.47835 1.2
      vertex -34.3 12.3 1.2
      vertex -27.0825 5.625 1.2
    endloop
  endfacet
  facet normal 0 0 -1
    outer loop
      vertex -27.2074 5.32352 1.2
      vertex -37.3 9.29999 1.2
      vertex -27.1549 5.47835 1.2
    endloop
  endfacet
  facet normal 0 0 -1
    outer loop
      vertex -37.3 9.29999 1.2
      vertex -33.0625 -9.55991 1.2
      vertex -33.1108 -9.70236 1.2
    endloop
  endfacet
  facet normal 0 0 -1
    outer loop
      vertex -37.3 9.29999 1.2
      vertex -33.1108 -9.70236 1.2
      vertex -33.1402 -9.8499 1.2
    endloop
  endfacet
  facet normal 0 0 -1
    outer loop
      vertex -37.3 9.29999 1.2
      vertex -33.1402 -9.8499 1.2
      vertex -33.15 -10 1.2
    endloop
  endfacet
  facet normal -0 0 -1
    outer loop
      vertex -33.1402 -10.1501 1.2
      vertex -37.3 -29.3 1.2
      vertex -33.15 -10 1.2
    endloop
  endfacet
  facet normal 0 0 -1
    outer loop
      vertex -37.3 -29.3 1.2
      vertex -34.3 -32.3 1.2
      vertex -34.6916 -32.2743 1.2
    endloop
  endfacet
  facet normal 0 0 -1
    outer loop
      vertex -37.3 9.29999 1.2
      vertex -33.15 -10 1.2
      vertex -37.3 -29.3 1.2
    endloop
  endfacet
  facet normal 0 0 -1
    outer loop
      vertex -37.3 -29.3 1.2
      vertex -34.6916 -32.2743 1.2
      vertex -35.0764 -32.1978 1.2
    endloop
  endfacet
  facet normal 0 0 -1
    outer loop
      vertex -27.1549 5.47835 1.2
      vertex -37.3 9.29999 1.2
      vertex -34.3 12.3 1.2
    endloop
  endfacet
  facet normal 0 0 -1
    outer loop
      vertex -37.3 -29.3 1.2
      vertex -35.0764 -32.1978 1.2
      vertex -35.448 -32.0716 1.2
    endloop
  endfacet
  facet normal 0 0 -1
    outer loop
      vertex -34.3 12.3 1.2
      vertex -37.3 9.29999 1.2
      vertex -34.6916 12.2743 1.2
    endloop
  endfacet
  facet normal 0 0 -1
    outer loop
      vertex -37.3 -29.3 1.2
      vertex -35.448 -32.0716 1.2
      vertex -35.8 -31.8981 1.2
    endloop
  endfacet
  facet normal 0 0 -1
    outer loop
      vertex -34.6916 12.2743 1.2
      vertex -37.3 9.29999 1.2
      vertex -35.0764 12.1978 1.2
    endloop
  endfacet
  facet normal 0 0 -1
    outer loop
      vertex -37.3 -29.3 1.2
      vertex -35.8 -31.8981 1.2
      vertex -36.1263 -31.6801 1.2
    endloop
  endfacet
  facet normal 0 0 -1
    outer loop
      vertex -35.0764 12.1978 1.2
      vertex -37.3 9.29999 1.2
      vertex -35.448 12.0716 1.2
    endloop
  endfacet
  facet normal 0 0 -1
    outer loop
      vertex -37.3 -29.3 1.2
      vertex -36.1263 -31.6801 1.2
      vertex -36.4213 -31.4213 1.2
    endloop
  endfacet
  facet normal 0 0 -1
    outer loop
      vertex -35.448 12.0716 1.2
      vertex -37.3 9.29999 1.2
      vertex -35.8 11.8981 1.2
    endloop
  endfacet
  facet normal 0 0 -1
    outer loop
      vertex -37.3 -29.3 1.2
      vertex -36.4213 -31.4213 1.2
      vertex -36.6801 -31.1263 1.2
    endloop
  endfacet
  facet normal 0 0 -1
    outer loop
      vertex -35.8 11.8981 1.2
      vertex -37.3 9.29999 1.2
      vertex -36.1263 11.6801 1.2
    endloop
  endfacet
  facet normal 0 0 -1
    outer loop
      vertex -37.3 -29.3 1.2
      vertex -36.6801 -31.1263 1.2
      vertex -36.8981 -30.8 1.2
    endloop
  endfacet
  facet normal 0 0 -1
    outer loop
      vertex -36.1263 11.6801 1.2
      vertex -37.3 9.29999 1.2
      vertex -36.4213 11.4213 1.2
    endloop
  endfacet
  facet normal 0 0 -1
    outer loop
      vertex -37.3 -29.3 1.2
      vertex -36.8981 -30.8 1.2
      vertex -37.0716 -30.448 1.2
    endloop
  endfacet
  facet normal 0 0 -1
    outer loop
      vertex -36.4213 11.4213 1.2
      vertex -37.3 9.29999 1.2
      vertex -36.6801 11.1263 1.2
    endloop
  endfacet
  facet normal 0 0 -1
    outer loop
      vertex -37.3 -29.3 1.2
      vertex -37.0716 -30.448 1.2
      vertex -37.1978 -30.0764 1.2
    endloop
  endfacet
  facet normal 0 0 -1
    outer loop
      vertex -36.6801 11.1263 1.2
      vertex -37.3 9.29999 1.2
      vertex -36.8981 10.8 1.2
    endloop
  endfacet
  facet normal 0 0 -1
    outer loop
      vertex -37.3 -29.3 1.2
      vertex -37.1978 -30.0764 1.2
      vertex -37.2743 -29.6916 1.2
    endloop
  endfacet
  facet normal 0 0 -1
    outer loop
      vertex -36.8981 10.8 1.2
      vertex -37.3 9.29999 1.2
      vertex -37.0716 10.448 1.2
    endloop
  endfacet
  facet normal 0 0 -1
    outer loop
      vertex -37.0716 10.448 1.2
      vertex -37.3 9.29999 1.2
      vertex -37.1978 10.0764 1.2
    endloop
  endfacet
  facet normal 0 0 -1
    outer loop
      vertex -37.1978 10.0764 1.2
      vertex -37.3 9.29999 1.2
      vertex -37.2743 9.69156 1.2
    endloop
  endfacet
  facet normal -0.44211 0.896961 0
    outer loop
      vertex 29.8 -31.8981 0
      vertex 29.448 -32.0716 1.2
      vertex 29.8 -31.8981 1.2
    endloop
  endfacet
  facet normal -0.44211 0.896961 0
    outer loop
      vertex 29.448 -32.0716 1.2
      vertex 29.8 -31.8981 0
      vertex 29.448 -32.0716 0
    endloop
  endfacet
  facet normal -0.555523 0.831501 0
    outer loop
      vertex 30.1263 -31.6801 0
      vertex 29.8 -31.8981 1.2
      vertex 30.1263 -31.6801 1.2
    endloop
  endfacet
  facet normal -0.555523 0.831501 0
    outer loop
      vertex 29.8 -31.8981 1.2
      vertex 30.1263 -31.6801 0
      vertex 29.8 -31.8981 0
    endloop
  endfacet
  facet normal -0.0653646 0.997861 0
    outer loop
      vertex 7.26105 -16.9829 1.2
      vertex 7 -17 2.4
      vertex 7.26105 -16.9829 2.4
    endloop
  endfacet
  facet normal -0.0653646 0.997861 0
    outer loop
      vertex 7 -17 2.4
      vertex 7.26105 -16.9829 1.2
      vertex 7 -17 1.2
    endloop
  endfacet
  facet normal 0.751842 0.659343 5.27053e-18
    outer loop
      vertex -14.4142 -16.4142 2.4
      vertex -14.5867 -16.2175 1.2
      vertex -14.5867 -16.2175 2.4
    endloop
  endfacet
  facet normal 0.751842 0.659343 5.27053e-18
    outer loop
      vertex -14.5867 -16.2175 1.2
      vertex -14.4142 -16.4142 2.4
      vertex -14.4142 -16.4142 1.2
    endloop
  endfacet
  facet normal -1 0 0
    outer loop
      vertex 9 -15 1.2
      vertex 9 -5 2.4
      vertex 9 -5 1.2
    endloop
  endfacet
  facet normal -1 -0 0
    outer loop
      vertex 9 -5 2.4
      vertex 9 -15 1.2
      vertex 9 -15 2.4
    endloop
  endfacet
  facet normal -0.997859 -0.0654027 3.60008e-19
    outer loop
      vertex 9 -5 1.2
      vertex 8.98289 -4.73895 2.4
      vertex 8.98289 -4.73895 1.2
    endloop
  endfacet
  facet normal -0.997859 -0.0654027 3.60008e-19
    outer loop
      vertex 8.98289 -4.73895 2.4
      vertex 9 -5 1.2
      vertex 9 -5 2.4
    endloop
  endfacet
  facet normal -0.751863 -0.659319 9.10266e-18
    outer loop
      vertex 8.5867 -3.78247 1.2
      vertex 8.41422 -3.58578 2.4
      vertex 8.41422 -3.58578 1.2
    endloop
  endfacet
  facet normal -0.751863 -0.659319 9.10266e-18
    outer loop
      vertex 8.41422 -3.58578 2.4
      vertex 8.5867 -3.78247 1.2
      vertex 8.5867 -3.78247 2.4
    endloop
  endfacet
  facet normal 0 -1 0
    outer loop
      vertex -13 -3 1.2
      vertex 7 -3 2.4
      vertex -13 -3 2.4
    endloop
  endfacet
  facet normal 0 -1 -0
    outer loop
      vertex 7 -3 2.4
      vertex -13 -3 1.2
      vertex 7 -3 1.2
    endloop
  endfacet
  facet normal -0.659319 -0.751863 0
    outer loop
      vertex 8.21753 -3.4133 1.2
      vertex 8.41422 -3.58578 2.4
      vertex 8.21753 -3.4133 2.4
    endloop
  endfacet
  facet normal -0.659319 -0.751863 -0
    outer loop
      vertex 8.41422 -3.58578 2.4
      vertex 8.21753 -3.4133 1.2
      vertex 8.41422 -3.58578 1.2
    endloop
  endfacet
  facet normal -0.442268 0.896883 0
    outer loop
      vertex 8 -16.7321 1.2
      vertex 7.76537 -16.8478 2.4
      vertex 8 -16.7321 2.4
    endloop
  endfacet
  facet normal -0.442268 0.896883 0
    outer loop
      vertex 7.76537 -16.8478 2.4
      vertex 8 -16.7321 1.2
      vertex 7.76537 -16.8478 1.2
    endloop
  endfacet
  facet normal 0.0653771 0.997861 -0
    outer loop
      vertex -13 -17 1.2
      vertex -13.261 -16.9829 2.4
      vertex -13 -17 2.4
    endloop
  endfacet
  facet normal 0.0653771 0.997861 0
    outer loop
      vertex -13.261 -16.9829 2.4
      vertex -13 -17 1.2
      vertex -13.261 -16.9829 1.2
    endloop
  endfacet
  facet normal 0.659343 0.751842 -0
    outer loop
      vertex -14.2175 -16.5867 1.2
      vertex -14.4142 -16.4142 2.4
      vertex -14.2175 -16.5867 2.4
    endloop
  endfacet
  facet normal 0.659343 0.751842 0
    outer loop
      vertex -14.4142 -16.4142 2.4
      vertex -14.2175 -16.5867 1.2
      vertex -14.4142 -16.4142 1.2
    endloop
  endfacet
  facet normal 0.997861 0.0653771 4.69385e-20
    outer loop
      vertex -14.9829 -15.261 2.4
      vertex -15 -15 1.2
      vertex -15 -15 2.4
    endloop
  endfacet
  facet normal 0.997861 0.0653771 4.69385e-20
    outer loop
      vertex -15 -15 1.2
      vertex -14.9829 -15.261 2.4
      vertex -14.9829 -15.261 1.2
    endloop
  endfacet
  facet normal 0.0654151 -0.997858 0
    outer loop
      vertex -13.261 -3.01711 1.2
      vertex -13 -3 2.4
      vertex -13.261 -3.01711 2.4
    endloop
  endfacet
  facet normal 0.0654151 -0.997858 0
    outer loop
      vertex -13 -3 2.4
      vertex -13.261 -3.01711 1.2
      vertex -13 -3 1.2
    endloop
  endfacet
  facet normal 0 1 -0
    outer loop
      vertex 7 -17 1.2
      vertex -13 -17 2.4
      vertex 7 -17 2.4
    endloop
  endfacet
  facet normal 0 1 0
    outer loop
      vertex -13 -17 2.4
      vertex 7 -17 1.2
      vertex -13 -17 1.2
    endloop
  endfacet
  facet normal 0.89686 0.442314 -5.26144e-18
    outer loop
      vertex -14.7321 -16 2.4
      vertex -14.8478 -15.7654 1.2
      vertex -14.8478 -15.7654 2.4
    endloop
  endfacet
  facet normal 0.89686 0.442314 -5.26144e-18
    outer loop
      vertex -14.8478 -15.7654 1.2
      vertex -14.7321 -16 2.4
      vertex -14.7321 -16 1.2
    endloop
  endfacet
  facet normal 0.980814 -0.194947 5.43633e-20
    outer loop
      vertex -14.9829 -4.73895 2.4
      vertex -14.9319 -4.48236 1.2
      vertex -14.9319 -4.48236 2.4
    endloop
  endfacet
  facet normal 0.980814 -0.194947 5.43633e-20
    outer loop
      vertex -14.9319 -4.48236 1.2
      vertex -14.9829 -4.73895 2.4
      vertex -14.9829 -4.73895 1.2
    endloop
  endfacet
  facet normal 0.19494 0.980815 -0
    outer loop
      vertex -13.261 -16.9829 1.2
      vertex -13.5176 -16.9319 2.4
      vertex -13.261 -16.9829 2.4
    endloop
  endfacet
  facet normal 0.19494 0.980815 0
    outer loop
      vertex -13.5176 -16.9319 2.4
      vertex -13.261 -16.9829 1.2
      vertex -13.5176 -16.9319 1.2
    endloop
  endfacet
  facet normal -0.946934 -0.321429 4.95133e-18
    outer loop
      vertex 8.93185 -4.48236 1.2
      vertex 8.84776 -4.23463 2.4
      vertex 8.84776 -4.23463 1.2
    endloop
  endfacet
  facet normal -0.946934 -0.321429 4.95133e-18
    outer loop
      vertex 8.84776 -4.23463 2.4
      vertex 8.93185 -4.48236 1.2
      vertex 8.93185 -4.48236 2.4
    endloop
  endfacet
  facet normal 0.751826 -0.659362 6.18421e-18
    outer loop
      vertex -14.5867 -3.78247 2.4
      vertex -14.4142 -3.58578 1.2
      vertex -14.4142 -3.58578 2.4
    endloop
  endfacet
  facet normal 0.751826 -0.659362 6.18421e-18
    outer loop
      vertex -14.4142 -3.58578 1.2
      vertex -14.5867 -3.78247 2.4
      vertex -14.5867 -3.78247 1.2
    endloop
  endfacet
  facet normal 0.321382 0.94695 -0
    outer loop
      vertex -13.5176 -16.9319 1.2
      vertex -13.7654 -16.8478 2.4
      vertex -13.5176 -16.9319 2.4
    endloop
  endfacet
  facet normal 0.321382 0.94695 0
    outer loop
      vertex -13.7654 -16.8478 2.4
      vertex -13.5176 -16.9319 1.2
      vertex -13.7654 -16.8478 1.2
    endloop
  endfacet
  facet normal 1 -0 0
    outer loop
      vertex -15 -15 2.4
      vertex -15 -5 1.2
      vertex -15 -5 2.4
    endloop
  endfacet
  facet normal 1 0 0
    outer loop
      vertex -15 -5 1.2
      vertex -15 -15 2.4
      vertex -15 -15 1.2
    endloop
  endfacet
  facet normal 0.195087 -0.980786 0
    outer loop
      vertex -13.5176 -3.06815 1.2
      vertex -13.261 -3.01711 2.4
      vertex -13.5176 -3.06815 2.4
    endloop
  endfacet
  facet normal 0.195087 -0.980786 0
    outer loop
      vertex -13.261 -3.01711 2.4
      vertex -13.5176 -3.06815 1.2
      vertex -13.261 -3.01711 1.2
    endloop
  endfacet
  facet normal 0.831344 0.555758 1.27449e-18
    outer loop
      vertex -14.5867 -16.2175 2.4
      vertex -14.7321 -16 1.2
      vertex -14.7321 -16 2.4
    endloop
  endfacet
  facet normal 0.831344 0.555758 1.27449e-18
    outer loop
      vertex -14.7321 -16 1.2
      vertex -14.5867 -16.2175 2.4
      vertex -14.5867 -16.2175 1.2
    endloop
  endfacet
  facet normal -0.442268 -0.896883 0
    outer loop
      vertex 7.76537 -3.15224 1.2
      vertex 8 -3.26794 2.4
      vertex 7.76537 -3.15224 2.4
    endloop
  endfacet
  facet normal -0.442268 -0.896883 -0
    outer loop
      vertex 8 -3.26794 2.4
      vertex 7.76537 -3.15224 1.2
      vertex 8 -3.26794 1.2
    endloop
  endfacet
  facet normal 0.442314 -0.89686 0
    outer loop
      vertex -14 -3.26794 1.2
      vertex -13.7654 -3.15224 2.4
      vertex -14 -3.26794 2.4
    endloop
  endfacet
  facet normal 0.442314 -0.89686 0
    outer loop
      vertex -13.7654 -3.15224 2.4
      vertex -14 -3.26794 1.2
      vertex -13.7654 -3.15224 1.2
    endloop
  endfacet
  facet normal -0.83145 -0.5556 -3.90705e-18
    outer loop
      vertex 8.73206 -4 1.2
      vertex 8.5867 -3.78247 2.4
      vertex 8.5867 -3.78247 1.2
    endloop
  endfacet
  facet normal -0.83145 -0.5556 -3.90705e-18
    outer loop
      vertex 8.5867 -3.78247 2.4
      vertex 8.73206 -4 1.2
      vertex 8.73206 -4 2.4
    endloop
  endfacet
  facet normal -0.5556 -0.83145 0
    outer loop
      vertex 8 -3.26794 1.2
      vertex 8.21753 -3.4133 2.4
      vertex 8 -3.26794 2.4
    endloop
  endfacet
  facet normal -0.5556 -0.83145 -0
    outer loop
      vertex 8.21753 -3.4133 2.4
      vertex 8 -3.26794 1.2
      vertex 8.21753 -3.4133 1.2
    endloop
  endfacet
  facet normal 0.980815 0.19494 1.44362e-18
    outer loop
      vertex -14.9319 -15.5176 2.4
      vertex -14.9829 -15.261 1.2
      vertex -14.9829 -15.261 2.4
    endloop
  endfacet
  facet normal 0.980815 0.19494 1.44362e-18
    outer loop
      vertex -14.9829 -15.261 1.2
      vertex -14.9319 -15.5176 2.4
      vertex -14.9319 -15.5176 1.2
    endloop
  endfacet
  facet normal 0.896883 -0.442268 -2.21299e-18
    outer loop
      vertex -14.8478 -4.23463 2.4
      vertex -14.7321 -4 1.2
      vertex -14.7321 -4 2.4
    endloop
  endfacet
  facet normal 0.896883 -0.442268 -2.21299e-18
    outer loop
      vertex -14.7321 -4 1.2
      vertex -14.8478 -4.23463 2.4
      vertex -14.8478 -4.23463 1.2
    endloop
  endfacet
  facet normal 0.555758 0.831344 -0
    outer loop
      vertex -14 -16.7321 1.2
      vertex -14.2175 -16.5867 2.4
      vertex -14 -16.7321 2.4
    endloop
  endfacet
  facet normal 0.555758 0.831344 0
    outer loop
      vertex -14.2175 -16.5867 2.4
      vertex -14 -16.7321 1.2
      vertex -14.2175 -16.5867 1.2
    endloop
  endfacet
  facet normal 0.321348 -0.946961 0
    outer loop
      vertex -13.7654 -3.15224 1.2
      vertex -13.5176 -3.06815 2.4
      vertex -13.7654 -3.15224 2.4
    endloop
  endfacet
  facet normal 0.321348 -0.946961 0
    outer loop
      vertex -13.5176 -3.06815 2.4
      vertex -13.7654 -3.15224 1.2
      vertex -13.5176 -3.06815 1.2
    endloop
  endfacet
  facet normal 0.946922 -0.321463 1.71508e-18
    outer loop
      vertex -14.9319 -4.48236 2.4
      vertex -14.8478 -4.23463 1.2
      vertex -14.8478 -4.23463 2.4
    endloop
  endfacet
  facet normal 0.946922 -0.321463 1.71508e-18
    outer loop
      vertex -14.8478 -4.23463 1.2
      vertex -14.9319 -4.48236 2.4
      vertex -14.9319 -4.48236 1.2
    endloop
  endfacet
  facet normal 0.442314 0.89686 -0
    outer loop
      vertex -13.7654 -16.8478 1.2
      vertex -14 -16.7321 2.4
      vertex -13.7654 -16.8478 2.4
    endloop
  endfacet
  facet normal 0.442314 0.89686 0
    outer loop
      vertex -14 -16.7321 2.4
      vertex -13.7654 -16.8478 1.2
      vertex -14 -16.7321 1.2
    endloop
  endfacet
  facet normal 0.831379 -0.555705 6.39621e-19
    outer loop
      vertex -14.7321 -4 2.4
      vertex -14.5867 -3.78247 1.2
      vertex -14.5867 -3.78247 2.4
    endloop
  endfacet
  facet normal 0.831379 -0.555705 6.39621e-19
    outer loop
      vertex -14.5867 -3.78247 1.2
      vertex -14.7321 -4 2.4
      vertex -14.7321 -4 1.2
    endloop
  endfacet
  facet normal -0.0654027 -0.997859 0
    outer loop
      vertex 7 -3 1.2
      vertex 7.26105 -3.01711 2.4
      vertex 7 -3 2.4
    endloop
  endfacet
  facet normal -0.0654027 -0.997859 -0
    outer loop
      vertex 7.26105 -3.01711 2.4
      vertex 7 -3 1.2
      vertex 7.26105 -3.01711 1.2
    endloop
  endfacet
  facet normal -0.980786 0.195087 5.2546e-19
    outer loop
      vertex 8.93185 -15.5176 1.2
      vertex 8.98289 -15.261 2.4
      vertex 8.98289 -15.261 1.2
    endloop
  endfacet
  facet normal -0.980786 0.195087 5.2546e-19
    outer loop
      vertex 8.98289 -15.261 2.4
      vertex 8.93185 -15.5176 1.2
      vertex 8.93185 -15.5176 2.4
    endloop
  endfacet
  facet normal 0.6593 -0.75188 0
    outer loop
      vertex -14.4142 -3.58578 1.2
      vertex -14.2175 -3.4133 2.4
      vertex -14.4142 -3.58578 2.4
    endloop
  endfacet
  facet normal 0.6593 -0.75188 0
    outer loop
      vertex -14.2175 -3.4133 2.4
      vertex -14.4142 -3.58578 1.2
      vertex -14.2175 -3.4133 1.2
    endloop
  endfacet
  facet normal -0.75188 0.6593 1.00148e-17
    outer loop
      vertex 8.41422 -16.4142 1.2
      vertex 8.5867 -16.2175 2.4
      vertex 8.5867 -16.2175 1.2
    endloop
  endfacet
  facet normal -0.75188 0.6593 1.00148e-17
    outer loop
      vertex 8.5867 -16.2175 2.4
      vertex 8.41422 -16.4142 1.2
      vertex 8.41422 -16.4142 2.4
    endloop
  endfacet
  facet normal -0.321463 0.946922 0
    outer loop
      vertex 7.76537 -16.8478 1.2
      vertex 7.51764 -16.9319 2.4
      vertex 7.76537 -16.8478 2.4
    endloop
  endfacet
  facet normal -0.321463 0.946922 0
    outer loop
      vertex 7.51764 -16.9319 2.4
      vertex 7.76537 -16.8478 1.2
      vertex 7.51764 -16.9319 1.2
    endloop
  endfacet
  facet normal 0.997861 -0.0653646 1.56102e-20
    outer loop
      vertex -15 -5 2.4
      vertex -14.9829 -4.73895 1.2
      vertex -14.9829 -4.73895 2.4
    endloop
  endfacet
  facet normal 0.997861 -0.0653646 1.56102e-20
    outer loop
      vertex -14.9829 -4.73895 1.2
      vertex -15 -5 2.4
      vertex -15 -5 1.2
    endloop
  endfacet
  facet normal -0.195094 -0.980784 0
    outer loop
      vertex 7.26105 -3.01711 1.2
      vertex 7.51764 -3.06815 2.4
      vertex 7.26105 -3.01711 2.4
    endloop
  endfacet
  facet normal -0.195094 -0.980784 -0
    outer loop
      vertex 7.51764 -3.06815 2.4
      vertex 7.26105 -3.01711 1.2
      vertex 7.51764 -3.06815 1.2
    endloop
  endfacet
  facet normal -0.896883 -0.442268 2.21299e-18
    outer loop
      vertex 8.84776 -4.23463 1.2
      vertex 8.73206 -4 2.4
      vertex 8.73206 -4 1.2
    endloop
  endfacet
  facet normal -0.896883 -0.442268 2.21299e-18
    outer loop
      vertex 8.73206 -4 2.4
      vertex 8.84776 -4.23463 1.2
      vertex 8.84776 -4.23463 2.4
    endloop
  endfacet
  facet normal 0.555653 -0.831415 0
    outer loop
      vertex -14.2175 -3.4133 1.2
      vertex -14 -3.26794 2.4
      vertex -14.2175 -3.4133 2.4
    endloop
  endfacet
  facet normal 0.555653 -0.831415 0
    outer loop
      vertex -14 -3.26794 2.4
      vertex -14.2175 -3.4133 1.2
      vertex -14 -3.26794 1.2
    endloop
  endfacet
  facet normal 0.94695 0.321382 3.78661e-18
    outer loop
      vertex -14.8478 -15.7654 2.4
      vertex -14.9319 -15.5176 1.2
      vertex -14.9319 -15.5176 2.4
    endloop
  endfacet
  facet normal 0.94695 0.321382 3.78661e-18
    outer loop
      vertex -14.9319 -15.5176 1.2
      vertex -14.8478 -15.7654 2.4
      vertex -14.8478 -15.7654 1.2
    endloop
  endfacet
  facet normal -0.659362 0.751826 0
    outer loop
      vertex 8.41422 -16.4142 1.2
      vertex 8.21753 -16.5867 2.4
      vertex 8.41422 -16.4142 2.4
    endloop
  endfacet
  facet normal -0.659362 0.751826 0
    outer loop
      vertex 8.21753 -16.5867 2.4
      vertex 8.41422 -16.4142 1.2
      vertex 8.21753 -16.5867 1.2
    endloop
  endfacet
  facet normal -0.321429 -0.946934 0
    outer loop
      vertex 7.51764 -3.06815 1.2
      vertex 7.76537 -3.15224 2.4
      vertex 7.51764 -3.06815 2.4
    endloop
  endfacet
  facet normal -0.321429 -0.946934 -0
    outer loop
      vertex 7.76537 -3.15224 2.4
      vertex 7.51764 -3.06815 1.2
      vertex 7.76537 -3.15224 1.2
    endloop
  endfacet
  facet normal -0.555705 0.831379 0
    outer loop
      vertex 8.21753 -16.5867 1.2
      vertex 8 -16.7321 2.4
      vertex 8.21753 -16.5867 2.4
    endloop
  endfacet
  facet normal -0.555705 0.831379 0
    outer loop
      vertex 8 -16.7321 2.4
      vertex 8.21753 -16.5867 1.2
      vertex 8 -16.7321 1.2
    endloop
  endfacet
  facet normal -0.831415 0.555653 -4.95607e-18
    outer loop
      vertex 8.5867 -16.2175 1.2
      vertex 8.73206 -16 2.4
      vertex 8.73206 -16 1.2
    endloop
  endfacet
  facet normal -0.831415 0.555653 -4.95607e-18
    outer loop
      vertex 8.73206 -16 2.4
      vertex 8.5867 -16.2175 1.2
      vertex 8.5867 -16.2175 2.4
    endloop
  endfacet
  facet normal -0.194947 0.980814 0
    outer loop
      vertex 7.51764 -16.9319 1.2
      vertex 7.26105 -16.9829 2.4
      vertex 7.51764 -16.9319 2.4
    endloop
  endfacet
  facet normal -0.194947 0.980814 0
    outer loop
      vertex 7.26105 -16.9829 2.4
      vertex 7.51764 -16.9319 1.2
      vertex 7.26105 -16.9829 1.2
    endloop
  endfacet
  facet normal -0.980784 -0.195094 -2.44127e-18
    outer loop
      vertex 8.98289 -4.73895 1.2
      vertex 8.93185 -4.48236 2.4
      vertex 8.93185 -4.48236 1.2
    endloop
  endfacet
  facet normal -0.980784 -0.195094 -2.44127e-18
    outer loop
      vertex 8.93185 -4.48236 2.4
      vertex 8.98289 -4.73895 1.2
      vertex 8.98289 -4.73895 2.4
    endloop
  endfacet
  facet normal -0.997858 0.0654151 1.25506e-18
    outer loop
      vertex 8.98289 -15.261 1.2
      vertex 9 -15 2.4
      vertex 9 -15 1.2
    endloop
  endfacet
  facet normal -0.997858 0.0654151 1.25506e-18
    outer loop
      vertex 9 -15 2.4
      vertex 8.98289 -15.261 1.2
      vertex 8.98289 -15.261 2.4
    endloop
  endfacet
  facet normal -0.89686 0.442314 5.26144e-18
    outer loop
      vertex 8.73206 -16 1.2
      vertex 8.84776 -15.7654 2.4
      vertex 8.84776 -15.7654 1.2
    endloop
  endfacet
  facet normal -0.89686 0.442314 5.26144e-18
    outer loop
      vertex 8.84776 -15.7654 2.4
      vertex 8.73206 -16 1.2
      vertex 8.73206 -16 2.4
    endloop
  endfacet
  facet normal -0.946961 0.321348 -2.70188e-18
    outer loop
      vertex 8.84776 -15.7654 1.2
      vertex 8.93185 -15.5176 2.4
      vertex 8.93185 -15.5176 1.2
    endloop
  endfacet
  facet normal -0.946961 0.321348 -2.70188e-18
    outer loop
      vertex 8.93185 -15.5176 2.4
      vertex 8.84776 -15.7654 1.2
      vertex 8.84776 -15.7654 2.4
    endloop
  endfacet
  facet normal -0.896678 0.442683 -3.03797e-18
    outer loop
      vertex -24.9175 4.375 1.2
      vertex -24.8451 4.52165 2.4
      vertex -24.8451 4.52165 1.2
    endloop
  endfacet
  facet normal -0.896678 0.442683 -3.03797e-18
    outer loop
      vertex -24.8451 4.52165 2.4
      vertex -24.9175 4.375 1.2
      vertex -24.9175 4.375 2.4
    endloop
  endfacet
  facet normal -0.980782 -0.195105 -1.36081e-18
    outer loop
      vertex -24.7607 5.16316 1.2
      vertex -24.7926 5.32352 2.4
      vertex -24.7926 5.32352 1.2
    endloop
  endfacet
  facet normal -0.980782 -0.195105 -1.36081e-18
    outer loop
      vertex -24.7926 5.32352 2.4
      vertex -24.7607 5.16316 1.2
      vertex -24.7607 5.16316 2.4
    endloop
  endfacet
  facet normal -0.997857 -0.0654392 -1.36928e-19
    outer loop
      vertex -24.75 5 1.2
      vertex -24.7607 5.16316 2.4
      vertex -24.7607 5.16316 1.2
    endloop
  endfacet
  facet normal -0.997857 -0.0654392 -1.36928e-19
    outer loop
      vertex -24.7607 5.16316 2.4
      vertex -24.75 5 1.2
      vertex -24.75 5 2.4
    endloop
  endfacet
  facet normal -0.947038 -0.321123 -2.82589e-18
    outer loop
      vertex -24.7926 5.32352 1.2
      vertex -24.8451 5.47835 2.4
      vertex -24.8451 5.47835 1.2
    endloop
  endfacet
  facet normal -0.947038 -0.321123 -2.82589e-18
    outer loop
      vertex -24.8451 5.47835 2.4
      vertex -24.7926 5.32352 1.2
      vertex -24.7926 5.32352 2.4
    endloop
  endfacet
  facet normal -0.195175 -0.980768 0
    outer loop
      vertex -25.8368 6.23931 1.2
      vertex -25.6765 6.20741 2.4
      vertex -25.8368 6.23931 2.4
    endloop
  endfacet
  facet normal -0.195175 -0.980768 -0
    outer loop
      vertex -25.6765 6.20741 2.4
      vertex -25.8368 6.23931 1.2
      vertex -25.6765 6.20741 1.2
    endloop
  endfacet
  facet normal -0.0653624 -0.997862 0
    outer loop
      vertex -26 6.25 1.2
      vertex -25.8368 6.23931 2.4
      vertex -26 6.25 2.4
    endloop
  endfacet
  facet normal -0.0653624 -0.997862 -0
    outer loop
      vertex -25.8368 6.23931 2.4
      vertex -26 6.25 1.2
      vertex -25.8368 6.23931 1.2
    endloop
  endfacet
  facet normal -0.980782 0.195105 1.36081e-18
    outer loop
      vertex -24.7926 4.67648 1.2
      vertex -24.7607 4.83684 2.4
      vertex -24.7607 4.83684 1.2
    endloop
  endfacet
  facet normal -0.980782 0.195105 1.36081e-18
    outer loop
      vertex -24.7607 4.83684 2.4
      vertex -24.7926 4.67648 1.2
      vertex -24.7926 4.67648 2.4
    endloop
  endfacet
  facet normal -0.195175 0.980768 0
    outer loop
      vertex -25.6765 3.79259 1.2
      vertex -25.8368 3.76069 2.4
      vertex -25.6765 3.79259 2.4
    endloop
  endfacet
  facet normal -0.195175 0.980768 0
    outer loop
      vertex -25.8368 3.76069 2.4
      vertex -25.6765 3.79259 1.2
      vertex -25.8368 3.76069 1.2
    endloop
  endfacet
  facet normal -0.442411 -0.896812 0
    outer loop
      vertex -25.5216 6.15485 1.2
      vertex -25.375 6.08253 2.4
      vertex -25.5216 6.15485 2.4
    endloop
  endfacet
  facet normal -0.442411 -0.896812 -0
    outer loop
      vertex -25.375 6.08253 2.4
      vertex -25.5216 6.15485 1.2
      vertex -25.375 6.08253 1.2
    endloop
  endfacet
  facet normal -0.997857 0.0654392 1.36928e-19
    outer loop
      vertex -24.7607 4.83684 1.2
      vertex -24.75 5 2.4
      vertex -24.75 5 1.2
    endloop
  endfacet
  facet normal -0.997857 0.0654392 1.36928e-19
    outer loop
      vertex -24.75 5 2.4
      vertex -24.7607 4.83684 1.2
      vertex -24.7607 4.83684 2.4
    endloop
  endfacet
  facet normal -0.442411 0.896812 0
    outer loop
      vertex -25.375 3.91747 1.2
      vertex -25.5216 3.84515 2.4
      vertex -25.375 3.91747 2.4
    endloop
  endfacet
  facet normal -0.442411 0.896812 0
    outer loop
      vertex -25.5216 3.84515 2.4
      vertex -25.375 3.91747 1.2
      vertex -25.5216 3.84515 1.2
    endloop
  endfacet
  facet normal -0.555434 0.831561 0
    outer loop
      vertex -25.239 4.00831 1.2
      vertex -25.375 3.91747 2.4
      vertex -25.239 4.00831 2.4
    endloop
  endfacet
  facet normal -0.555434 0.831561 0
    outer loop
      vertex -25.375 3.91747 2.4
      vertex -25.239 4.00831 1.2
      vertex -25.375 3.91747 1.2
    endloop
  endfacet
  facet normal 0.896678 0.442683 3.03797e-18
    outer loop
      vertex -27.0825 4.375 2.4
      vertex -27.1549 4.52165 1.2
      vertex -27.1549 4.52165 2.4
    endloop
  endfacet
  facet normal 0.896678 0.442683 3.03797e-18
    outer loop
      vertex -27.1549 4.52165 1.2
      vertex -27.0825 4.375 2.4
      vertex -27.0825 4.375 1.2
    endloop
  endfacet
  facet normal 0.555434 -0.831561 0
    outer loop
      vertex -26.761 5.99169 1.2
      vertex -26.625 6.08253 2.4
      vertex -26.761 5.99169 2.4
    endloop
  endfacet
  facet normal 0.555434 -0.831561 0
    outer loop
      vertex -26.625 6.08253 2.4
      vertex -26.761 5.99169 1.2
      vertex -26.625 6.08253 1.2
    endloop
  endfacet
  facet normal 0.0653624 -0.997862 0
    outer loop
      vertex -26.1632 6.23931 1.2
      vertex -26 6.25 2.4
      vertex -26.1632 6.23931 2.4
    endloop
  endfacet
  facet normal 0.0653624 -0.997862 0
    outer loop
      vertex -26 6.25 2.4
      vertex -26.1632 6.23931 1.2
      vertex -26 6.25 1.2
    endloop
  endfacet
  facet normal 0.831579 0.555406 3.59693e-18
    outer loop
      vertex -26.9917 4.23905 2.4
      vertex -27.0825 4.375 1.2
      vertex -27.0825 4.375 2.4
    endloop
  endfacet
  facet normal 0.831579 0.555406 3.59693e-18
    outer loop
      vertex -27.0825 4.375 1.2
      vertex -26.9917 4.23905 2.4
      vertex -26.9917 4.23905 1.2
    endloop
  endfacet
  facet normal -0.75186 -0.659323 1.33496e-18
    outer loop
      vertex -25.0083 5.76095 1.2
      vertex -25.1161 5.88388 2.4
      vertex -25.1161 5.88388 1.2
    endloop
  endfacet
  facet normal -0.75186 -0.659323 1.33496e-18
    outer loop
      vertex -25.1161 5.88388 2.4
      vertex -25.0083 5.76095 1.2
      vertex -25.0083 5.76095 2.4
    endloop
  endfacet
  facet normal 0.195175 0.980768 -0
    outer loop
      vertex -26.1632 3.76069 1.2
      vertex -26.3235 3.79259 2.4
      vertex -26.1632 3.76069 2.4
    endloop
  endfacet
  facet normal 0.195175 0.980768 0
    outer loop
      vertex -26.3235 3.79259 2.4
      vertex -26.1632 3.76069 1.2
      vertex -26.3235 3.79259 1.2
    endloop
  endfacet
  facet normal -0.555434 -0.831561 0
    outer loop
      vertex -25.375 6.08253 1.2
      vertex -25.239 5.99169 2.4
      vertex -25.375 6.08253 2.4
    endloop
  endfacet
  facet normal -0.555434 -0.831561 -0
    outer loop
      vertex -25.239 5.99169 2.4
      vertex -25.375 6.08253 1.2
      vertex -25.239 5.99169 1.2
    endloop
  endfacet
  facet normal -0.831579 0.555406 -3.59693e-18
    outer loop
      vertex -25.0083 4.23905 1.2
      vertex -24.9175 4.375 2.4
      vertex -24.9175 4.375 1.2
    endloop
  endfacet
  facet normal -0.831579 0.555406 -3.59693e-18
    outer loop
      vertex -24.9175 4.375 2.4
      vertex -25.0083 4.23905 1.2
      vertex -25.0083 4.23905 2.4
    endloop
  endfacet
  facet normal 0.442411 -0.896812 0
    outer loop
      vertex -26.625 6.08253 1.2
      vertex -26.4784 6.15485 2.4
      vertex -26.625 6.08253 2.4
    endloop
  endfacet
  facet normal 0.442411 -0.896812 0
    outer loop
      vertex -26.4784 6.15485 2.4
      vertex -26.625 6.08253 1.2
      vertex -26.4784 6.15485 1.2
    endloop
  endfacet
  facet normal -0.659448 -0.75175 0
    outer loop
      vertex -25.239 5.99169 1.2
      vertex -25.1161 5.88388 2.4
      vertex -25.239 5.99169 2.4
    endloop
  endfacet
  facet normal -0.659448 -0.75175 -0
    outer loop
      vertex -25.1161 5.88388 2.4
      vertex -25.239 5.99169 1.2
      vertex -25.1161 5.88388 1.2
    endloop
  endfacet
  facet normal -0.75186 0.659323 -1.33496e-18
    outer loop
      vertex -25.1161 4.11612 1.2
      vertex -25.0083 4.23905 2.4
      vertex -25.0083 4.23905 1.2
    endloop
  endfacet
  facet normal -0.75186 0.659323 -1.33496e-18
    outer loop
      vertex -25.0083 4.23905 2.4
      vertex -25.1161 4.11612 1.2
      vertex -25.1161 4.11612 2.4
    endloop
  endfacet
  facet normal -0.896678 -0.442683 3.03797e-18
    outer loop
      vertex -24.8451 5.47835 1.2
      vertex -24.9175 5.625 2.4
      vertex -24.9175 5.625 1.2
    endloop
  endfacet
  facet normal -0.896678 -0.442683 3.03797e-18
    outer loop
      vertex -24.9175 5.625 2.4
      vertex -24.8451 5.47835 1.2
      vertex -24.8451 5.47835 2.4
    endloop
  endfacet
  facet normal -0.659448 0.75175 0
    outer loop
      vertex -25.1161 4.11612 1.2
      vertex -25.239 4.00831 2.4
      vertex -25.1161 4.11612 2.4
    endloop
  endfacet
  facet normal -0.659448 0.75175 0
    outer loop
      vertex -25.239 4.00831 2.4
      vertex -25.1161 4.11612 1.2
      vertex -25.239 4.00831 1.2
    endloop
  endfacet
  facet normal -0.831579 -0.555406 3.59693e-18
    outer loop
      vertex -24.9175 5.625 1.2
      vertex -25.0083 5.76095 2.4
      vertex -25.0083 5.76095 1.2
    endloop
  endfacet
  facet normal -0.831579 -0.555406 3.59693e-18
    outer loop
      vertex -25.0083 5.76095 2.4
      vertex -24.9175 5.625 1.2
      vertex -24.9175 5.625 2.4
    endloop
  endfacet
  facet normal -0.947038 0.321123 2.82589e-18
    outer loop
      vertex -24.8451 4.52165 1.2
      vertex -24.7926 4.67648 2.4
      vertex -24.7926 4.67648 1.2
    endloop
  endfacet
  facet normal -0.947038 0.321123 2.82589e-18
    outer loop
      vertex -24.7926 4.67648 2.4
      vertex -24.8451 4.52165 1.2
      vertex -24.8451 4.52165 2.4
    endloop
  endfacet
  facet normal -0.321322 -0.94697 0
    outer loop
      vertex -25.6765 6.20741 1.2
      vertex -25.5216 6.15485 2.4
      vertex -25.6765 6.20741 2.4
    endloop
  endfacet
  facet normal -0.321322 -0.94697 -0
    outer loop
      vertex -25.5216 6.15485 2.4
      vertex -25.6765 6.20741 1.2
      vertex -25.5216 6.15485 1.2
    endloop
  endfacet
  facet normal -0.321322 0.94697 0
    outer loop
      vertex -25.5216 3.84515 1.2
      vertex -25.6765 3.79259 2.4
      vertex -25.5216 3.84515 2.4
    endloop
  endfacet
  facet normal -0.321322 0.94697 0
    outer loop
      vertex -25.6765 3.79259 2.4
      vertex -25.5216 3.84515 1.2
      vertex -25.6765 3.79259 1.2
    endloop
  endfacet
  facet normal 0.659448 0.75175 -0
    outer loop
      vertex -26.761 4.00831 1.2
      vertex -26.8839 4.11612 2.4
      vertex -26.761 4.00831 2.4
    endloop
  endfacet
  facet normal 0.659448 0.75175 0
    outer loop
      vertex -26.8839 4.11612 2.4
      vertex -26.761 4.00831 1.2
      vertex -26.8839 4.11612 1.2
    endloop
  endfacet
  facet normal 0.659448 -0.75175 0
    outer loop
      vertex -26.8839 5.88388 1.2
      vertex -26.761 5.99169 2.4
      vertex -26.8839 5.88388 2.4
    endloop
  endfacet
  facet normal 0.659448 -0.75175 0
    outer loop
      vertex -26.761 5.99169 2.4
      vertex -26.8839 5.88388 1.2
      vertex -26.761 5.99169 1.2
    endloop
  endfacet
  facet normal 0.195175 -0.980768 0
    outer loop
      vertex -26.3235 6.20741 1.2
      vertex -26.1632 6.23931 2.4
      vertex -26.3235 6.20741 2.4
    endloop
  endfacet
  facet normal 0.195175 -0.980768 0
    outer loop
      vertex -26.1632 6.23931 2.4
      vertex -26.3235 6.20741 1.2
      vertex -26.1632 6.23931 1.2
    endloop
  endfacet
  facet normal 0.321322 -0.94697 0
    outer loop
      vertex -26.4784 6.15485 1.2
      vertex -26.3235 6.20741 2.4
      vertex -26.4784 6.15485 2.4
    endloop
  endfacet
  facet normal 0.321322 -0.94697 0
    outer loop
      vertex -26.3235 6.20741 2.4
      vertex -26.4784 6.15485 1.2
      vertex -26.3235 6.20741 1.2
    endloop
  endfacet
  facet normal 0.947038 -0.321123 2.82589e-18
    outer loop
      vertex -27.2074 5.32352 2.4
      vertex -27.1549 5.47835 1.2
      vertex -27.1549 5.47835 2.4
    endloop
  endfacet
  facet normal 0.947038 -0.321123 2.82589e-18
    outer loop
      vertex -27.1549 5.47835 1.2
      vertex -27.2074 5.32352 2.4
      vertex -27.2074 5.32352 1.2
    endloop
  endfacet
  facet normal 0.947038 0.321123 -2.82589e-18
    outer loop
      vertex -27.1549 4.52165 2.4
      vertex -27.2074 4.67648 1.2
      vertex -27.2074 4.67648 2.4
    endloop
  endfacet
  facet normal 0.947038 0.321123 -2.82589e-18
    outer loop
      vertex -27.2074 4.67648 1.2
      vertex -27.1549 4.52165 2.4
      vertex -27.1549 4.52165 1.2
    endloop
  endfacet
  facet normal 0.442411 0.896812 -0
    outer loop
      vertex -26.4784 3.84515 1.2
      vertex -26.625 3.91747 2.4
      vertex -26.4784 3.84515 2.4
    endloop
  endfacet
  facet normal 0.442411 0.896812 0
    outer loop
      vertex -26.625 3.91747 2.4
      vertex -26.4784 3.84515 1.2
      vertex -26.625 3.91747 1.2
    endloop
  endfacet
  facet normal 0.75186 0.659323 1.33496e-18
    outer loop
      vertex -26.8839 4.11612 2.4
      vertex -26.9917 4.23905 1.2
      vertex -26.9917 4.23905 2.4
    endloop
  endfacet
  facet normal 0.75186 0.659323 1.33496e-18
    outer loop
      vertex -26.9917 4.23905 1.2
      vertex -26.8839 4.11612 2.4
      vertex -26.8839 4.11612 1.2
    endloop
  endfacet
  facet normal 0.896678 -0.442683 -3.03797e-18
    outer loop
      vertex -27.1549 5.47835 2.4
      vertex -27.0825 5.625 1.2
      vertex -27.0825 5.625 2.4
    endloop
  endfacet
  facet normal 0.896678 -0.442683 -3.03797e-18
    outer loop
      vertex -27.0825 5.625 1.2
      vertex -27.1549 5.47835 2.4
      vertex -27.1549 5.47835 1.2
    endloop
  endfacet
  facet normal 0.0653624 0.997862 -0
    outer loop
      vertex -26 3.75 1.2
      vertex -26.1632 3.76069 2.4
      vertex -26 3.75 2.4
    endloop
  endfacet
  facet normal 0.0653624 0.997862 0
    outer loop
      vertex -26.1632 3.76069 2.4
      vertex -26 3.75 1.2
      vertex -26.1632 3.76069 1.2
    endloop
  endfacet
  facet normal 0.980782 -0.195105 1.36081e-18
    outer loop
      vertex -27.2393 5.16316 2.4
      vertex -27.2074 5.32352 1.2
      vertex -27.2074 5.32352 2.4
    endloop
  endfacet
  facet normal 0.980782 -0.195105 1.36081e-18
    outer loop
      vertex -27.2074 5.32352 1.2
      vertex -27.2393 5.16316 2.4
      vertex -27.2393 5.16316 1.2
    endloop
  endfacet
  facet normal 0.980782 0.195105 -1.36081e-18
    outer loop
      vertex -27.2074 4.67648 2.4
      vertex -27.2393 4.83684 1.2
      vertex -27.2393 4.83684 2.4
    endloop
  endfacet
  facet normal 0.980782 0.195105 -1.36081e-18
    outer loop
      vertex -27.2393 4.83684 1.2
      vertex -27.2074 4.67648 2.4
      vertex -27.2074 4.67648 1.2
    endloop
  endfacet
  facet normal 0.831579 -0.555406 -3.59693e-18
    outer loop
      vertex -27.0825 5.625 2.4
      vertex -26.9917 5.76095 1.2
      vertex -26.9917 5.76095 2.4
    endloop
  endfacet
  facet normal 0.831579 -0.555406 -3.59693e-18
    outer loop
      vertex -26.9917 5.76095 1.2
      vertex -27.0825 5.625 2.4
      vertex -27.0825 5.625 1.2
    endloop
  endfacet
  facet normal -0.0653624 0.997862 0
    outer loop
      vertex -25.8368 3.76069 1.2
      vertex -26 3.75 2.4
      vertex -25.8368 3.76069 2.4
    endloop
  endfacet
  facet normal -0.0653624 0.997862 0
    outer loop
      vertex -26 3.75 2.4
      vertex -25.8368 3.76069 1.2
      vertex -26 3.75 1.2
    endloop
  endfacet
  facet normal 0.555434 0.831561 -0
    outer loop
      vertex -26.625 3.91747 1.2
      vertex -26.761 4.00831 2.4
      vertex -26.625 3.91747 2.4
    endloop
  endfacet
  facet normal 0.555434 0.831561 0
    outer loop
      vertex -26.761 4.00831 2.4
      vertex -26.625 3.91747 1.2
      vertex -26.761 4.00831 1.2
    endloop
  endfacet
  facet normal 0.997857 0.0654392 -1.36928e-19
    outer loop
      vertex -27.2393 4.83684 2.4
      vertex -27.25 5 1.2
      vertex -27.25 5 2.4
    endloop
  endfacet
  facet normal 0.997857 0.0654392 -1.36928e-19
    outer loop
      vertex -27.25 5 1.2
      vertex -27.2393 4.83684 2.4
      vertex -27.2393 4.83684 1.2
    endloop
  endfacet
  facet normal 0.997857 -0.0654392 1.36928e-19
    outer loop
      vertex -27.25 5 2.4
      vertex -27.2393 5.16316 1.2
      vertex -27.2393 5.16316 2.4
    endloop
  endfacet
  facet normal 0.997857 -0.0654392 1.36928e-19
    outer loop
      vertex -27.2393 5.16316 1.2
      vertex -27.25 5 2.4
      vertex -27.25 5 1.2
    endloop
  endfacet
  facet normal 0.321322 0.94697 -0
    outer loop
      vertex -26.3235 3.79259 1.2
      vertex -26.4784 3.84515 2.4
      vertex -26.3235 3.79259 2.4
    endloop
  endfacet
  facet normal 0.321322 0.94697 0
    outer loop
      vertex -26.4784 3.84515 2.4
      vertex -26.3235 3.79259 1.2
      vertex -26.4784 3.84515 1.2
    endloop
  endfacet
  facet normal 0.75186 -0.659323 -1.33496e-18
    outer loop
      vertex -26.9917 5.76095 2.4
      vertex -26.8839 5.88388 1.2
      vertex -26.8839 5.88388 2.4
    endloop
  endfacet
  facet normal 0.75186 -0.659323 -1.33496e-18
    outer loop
      vertex -26.8839 5.88388 1.2
      vertex -26.9917 5.76095 2.4
      vertex -26.9917 5.76095 1.2
    endloop
  endfacet
  facet normal -1 0 0
    outer loop
      vertex -34 -55.5 3
      vertex -34 -46.5 3.2
      vertex -34 -46.5 3
    endloop
  endfacet
  facet normal -1 -0 0
    outer loop
      vertex -34 -46.5 3.2
      vertex -34 -55.5 3
      vertex -34 -55.5 3.2
    endloop
  endfacet
  facet normal 0 0 -1
    outer loop
      vertex -41.5 -55.5 4.8
      vertex -34.3 -46.5 4.8
      vertex -34.3 -55.5 4.8
    endloop
  endfacet
  facet normal -0 0 -1
    outer loop
      vertex -34.3 -46.5 4.8
      vertex -41.5 -55.5 4.8
      vertex -41.5 -46.5 4.8
    endloop
  endfacet
  facet normal -0 0 1
    outer loop
      vertex -41.5 -46.5 3
      vertex -34 -55.5 3
      vertex -34 -46.5 3
    endloop
  endfacet
  facet normal 0 0 1
    outer loop
      vertex -34 -55.5 3
      vertex -41.5 -46.5 3
      vertex -41.5 -55.5 3
    endloop
  endfacet
  facet normal 0 -1 0
    outer loop
      vertex -41.5 -46.5 4.8
      vertex -34.3 -46.5 3.2
      vertex -34.3 -46.5 4.8
    endloop
  endfacet
  facet normal 0 -1 0
    outer loop
      vertex -41.5 -46.5 3
      vertex -34.3 -46.5 3.2
      vertex -41.5 -46.5 4.8
    endloop
  endfacet
  facet normal 0 -1 0
    outer loop
      vertex -34 -46.5 3
      vertex -34.3 -46.5 3.2
      vertex -41.5 -46.5 3
    endloop
  endfacet
  facet normal 0 -1 0
    outer loop
      vertex -34.3 -46.5 3.2
      vertex -34 -46.5 3
      vertex -34 -46.5 3.2
    endloop
  endfacet
  facet normal 0 1 0
    outer loop
      vertex -34 -55.5 3.2
      vertex -34 -55.5 3
      vertex -34.3 -55.5 3.2
    endloop
  endfacet
  facet normal 0 1 -0
    outer loop
      vertex -34.3 -55.5 3.2
      vertex -41.5 -55.5 4.8
      vertex -34.3 -55.5 4.8
    endloop
  endfacet
  facet normal 0 1 0
    outer loop
      vertex -41.5 -55.5 3
      vertex -34.3 -55.5 3.2
      vertex -34 -55.5 3
    endloop
  endfacet
  facet normal 0 1 0
    outer loop
      vertex -34.3 -55.5 3.2
      vertex -41.5 -55.5 3
      vertex -41.5 -55.5 4.8
    endloop
  endfacet
  facet normal 0 0 -1
    outer loop
      vertex 34.3 -55.5 4.8
      vertex 41.5 -46.5 4.8
      vertex 41.5 -55.5 4.8
    endloop
  endfacet
  facet normal -0 0 -1
    outer loop
      vertex 41.5 -46.5 4.8
      vertex 34.3 -55.5 4.8
      vertex 34.3 -46.5 4.8
    endloop
  endfacet
  facet normal -0 0 1
    outer loop
      vertex 34 -46.5 3
      vertex 41.5 -55.5 3
      vertex 41.5 -46.5 3
    endloop
  endfacet
  facet normal 0 0 1
    outer loop
      vertex 41.5 -55.5 3
      vertex 34 -46.5 3
      vertex 34 -55.5 3
    endloop
  endfacet
  facet normal 1 -0 0
    outer loop
      vertex 34 -55.5 3.2
      vertex 34 -46.5 3
      vertex 34 -46.5 3.2
    endloop
  endfacet
  facet normal 1 0 0
    outer loop
      vertex 34 -46.5 3
      vertex 34 -55.5 3.2
      vertex 34 -55.5 3
    endloop
  endfacet
  facet normal 0 -1 0
    outer loop
      vertex 34 -46.5 3.2
      vertex 34 -46.5 3
      vertex 34.3 -46.5 3.2
    endloop
  endfacet
  facet normal 0 -1 0
    outer loop
      vertex 34.3 -46.5 3.2
      vertex 41.5 -46.5 4.8
      vertex 34.3 -46.5 4.8
    endloop
  endfacet
  facet normal 0 -1 0
    outer loop
      vertex 41.5 -46.5 3
      vertex 34.3 -46.5 3.2
      vertex 34 -46.5 3
    endloop
  endfacet
  facet normal 0 -1 0
    outer loop
      vertex 34.3 -46.5 3.2
      vertex 41.5 -46.5 3
      vertex 41.5 -46.5 4.8
    endloop
  endfacet
  facet normal 0 1 0
    outer loop
      vertex 41.5 -55.5 4.8
      vertex 34.3 -55.5 3.2
      vertex 34.3 -55.5 4.8
    endloop
  endfacet
  facet normal 0 1 -0
    outer loop
      vertex 41.5 -55.5 3
      vertex 34.3 -55.5 3.2
      vertex 41.5 -55.5 4.8
    endloop
  endfacet
  facet normal 0 1 0
    outer loop
      vertex 34 -55.5 3
      vertex 34.3 -55.5 3.2
      vertex 41.5 -55.5 3
    endloop
  endfacet
  facet normal 0 1 0
    outer loop
      vertex 34.3 -55.5 3.2
      vertex 34 -55.5 3
      vertex 34 -55.5 3.2
    endloop
  endfacet
  facet normal -0 0.195234 0.980757
    outer loop
      vertex 44.1 26.5542 15.8128
      vertex 46.5 26.3618 15.8511
      vertex 46.5 26.5542 15.8128
    endloop
  endfacet
  facet normal 0 0.195234 0.980757
    outer loop
      vertex 46.5 26.3618 15.8511
      vertex 44.1 26.5542 15.8128
      vertex 44.1 26.3618 15.8511
    endloop
  endfacet
  facet normal 2.07151e-19 0.99787 -0.0652336
    outer loop
      vertex 46.5 25.25 21.3
      vertex 44.1 25.2628 21.4958
      vertex 46.5 25.2628 21.4958
    endloop
  endfacet
  facet normal 2.07151e-19 0.99787 -0.0652336
    outer loop
      vertex 44.1 25.2628 21.4958
      vertex 46.5 25.25 21.3
      vertex 44.1 25.25 21.3
    endloop
  endfacet
  facet normal 1.93252e-18 0.752198 -0.658937
    outer loop
      vertex 46.5 25.56 22.2131
      vertex 44.1 25.6893 22.3607
      vertex 46.5 25.6893 22.3607
    endloop
  endfacet
  facet normal 1.93252e-18 0.752198 -0.658937
    outer loop
      vertex 44.1 25.6893 22.3607
      vertex 46.5 25.56 22.2131
      vertex 44.1 25.56 22.2131
    endloop
  endfacet
  facet normal 0 -0.195234 -0.980757
    outer loop
      vertex 44.1 35.9458 22.7872
      vertex 46.5 36.1382 22.7489
      vertex 46.5 35.9458 22.7872
    endloop
  endfacet
  facet normal -0 -0.195234 -0.980757
    outer loop
      vertex 46.5 36.1382 22.7489
      vertex 44.1 35.9458 22.7872
      vertex 44.1 36.1382 22.7489
    endloop
  endfacet
  facet normal 0 -0.0652336 -0.99787
    outer loop
      vertex 44.1 35.75 22.8
      vertex 46.5 35.9458 22.7872
      vertex 46.5 35.75 22.8
    endloop
  endfacet
  facet normal -0 -0.0652336 -0.99787
    outer loop
      vertex 46.5 35.9458 22.7872
      vertex 44.1 35.75 22.8
      vertex 44.1 35.9458 22.7872
    endloop
  endfacet
  facet normal 7.3516e-20 -0.946885 0.321574
    outer loop
      vertex 44.1 37.1358 16.726
      vertex 46.5 37.1989 16.9118
      vertex 44.1 37.1989 16.9118
    endloop
  endfacet
  facet normal 7.3516e-20 -0.946885 0.321574
    outer loop
      vertex 46.5 37.1989 16.9118
      vertex 44.1 37.1358 16.726
      vertex 46.5 37.1358 16.726
    endloop
  endfacet
  facet normal -0 0 1
    outer loop
      vertex 44.1 35.75 15.8
      vertex 46.5 26.75 15.8
      vertex 46.5 35.75 15.8
    endloop
  endfacet
  facet normal 0 0 1
    outer loop
      vertex 46.5 26.75 15.8
      vertex 44.1 35.75 15.8
      vertex 44.1 26.75 15.8
    endloop
  endfacet
  facet normal 0 -0.442315 0.89686
    outer loop
      vertex 44.1 36.5 16.001
      vertex 46.5 36.324 15.9142
      vertex 46.5 36.5 16.001
    endloop
  endfacet
  facet normal 0 -0.442315 0.89686
    outer loop
      vertex 46.5 36.324 15.9142
      vertex 44.1 36.5 16.001
      vertex 44.1 36.324 15.9142
    endloop
  endfacet
  facet normal 0 0.321574 -0.946885
    outer loop
      vertex 44.1 26.176 22.6858
      vertex 46.5 26.3618 22.7489
      vertex 46.5 26.176 22.6858
    endloop
  endfacet
  facet normal 0 0.321574 -0.946885
    outer loop
      vertex 46.5 26.3618 22.7489
      vertex 44.1 26.176 22.6858
      vertex 44.1 26.3618 22.7489
    endloop
  endfacet
  facet normal 0 0 -1
    outer loop
      vertex 44.1 26.75 22.8
      vertex 46.5 35.75 22.8
      vertex 46.5 26.75 22.8
    endloop
  endfacet
  facet normal -0 0 -1
    outer loop
      vertex 46.5 35.75 22.8
      vertex 44.1 26.75 22.8
      vertex 44.1 35.75 22.8
    endloop
  endfacet
  facet normal -1.22828e-18 -0.89686 0.442315
    outer loop
      vertex 44.1 37.049 16.55
      vertex 46.5 37.1358 16.726
      vertex 44.1 37.1358 16.726
    endloop
  endfacet
  facet normal -1.22828e-18 -0.89686 0.442315
    outer loop
      vertex 46.5 37.1358 16.726
      vertex 44.1 37.049 16.55
      vertex 46.5 37.049 16.55
    endloop
  endfacet
  facet normal -3.07996e-19 -0.980757 0.195234
    outer loop
      vertex 44.1 37.1989 16.9118
      vertex 46.5 37.2372 17.1042
      vertex 44.1 37.2372 17.1042
    endloop
  endfacet
  facet normal -3.07996e-19 -0.980757 0.195234
    outer loop
      vertex 46.5 37.2372 17.1042
      vertex 44.1 37.1989 16.9118
      vertex 46.5 37.1989 16.9118
    endloop
  endfacet
  facet normal 1.93252e-18 -0.752198 0.658937
    outer loop
      vertex 44.1 36.8107 16.2393
      vertex 46.5 36.94 16.3869
      vertex 44.1 36.94 16.3869
    endloop
  endfacet
  facet normal 1.93252e-18 -0.752198 0.658937
    outer loop
      vertex 46.5 36.94 16.3869
      vertex 44.1 36.8107 16.2393
      vertex 46.5 36.8107 16.2393
    endloop
  endfacet
  facet normal 0 1 -0
    outer loop
      vertex 46.5 25.25 17.3
      vertex 44.1 25.25 21.3
      vertex 46.5 25.25 21.3
    endloop
  endfacet
  facet normal 0 1 0
    outer loop
      vertex 44.1 25.25 21.3
      vertex 46.5 25.25 17.3
      vertex 44.1 25.25 17.3
    endloop
  endfacet
  facet normal -1.82208e-18 0.831422 -0.555641
    outer loop
      vertex 46.5 25.451 22.05
      vertex 44.1 25.56 22.2131
      vertex 46.5 25.56 22.2131
    endloop
  endfacet
  facet normal -1.82208e-18 0.831422 -0.555641
    outer loop
      vertex 44.1 25.56 22.2131
      vertex 46.5 25.451 22.05
      vertex 44.1 25.451 22.05
    endloop
  endfacet
  facet normal -7.3516e-20 0.946885 0.321574
    outer loop
      vertex 46.5 25.3642 16.726
      vertex 44.1 25.3011 16.9118
      vertex 46.5 25.3011 16.9118
    endloop
  endfacet
  facet normal -7.3516e-20 0.946885 0.321574
    outer loop
      vertex 44.1 25.3011 16.9118
      vertex 46.5 25.3642 16.726
      vertex 44.1 25.3642 16.726
    endloop
  endfacet
  facet normal 7.6012e-20 -0.99787 0.0652336
    outer loop
      vertex 44.1 37.2372 17.1042
      vertex 46.5 37.25 17.3
      vertex 44.1 37.25 17.3
    endloop
  endfacet
  facet normal 7.6012e-20 -0.99787 0.0652336
    outer loop
      vertex 46.5 37.25 17.3
      vertex 44.1 37.2372 17.1042
      vertex 46.5 37.2372 17.1042
    endloop
  endfacet
  facet normal 0 -1 0
    outer loop
      vertex 44.1 37.25 17.3
      vertex 46.5 37.25 21.3
      vertex 44.1 37.25 21.3
    endloop
  endfacet
  facet normal 0 -1 -0
    outer loop
      vertex 46.5 37.25 21.3
      vertex 44.1 37.25 17.3
      vertex 46.5 37.25 17.3
    endloop
  endfacet
  facet normal -7.6012e-20 0.99787 0.0652336
    outer loop
      vertex 46.5 25.2628 17.1042
      vertex 44.1 25.25 17.3
      vertex 46.5 25.25 17.3
    endloop
  endfacet
  facet normal -7.6012e-20 0.99787 0.0652336
    outer loop
      vertex 44.1 25.25 17.3
      vertex 46.5 25.2628 17.1042
      vertex 44.1 25.2628 17.1042
    endloop
  endfacet
  facet normal -1.71596e-18 -0.831422 0.555641
    outer loop
      vertex 44.1 36.94 16.3869
      vertex 46.5 37.049 16.55
      vertex 44.1 37.049 16.55
    endloop
  endfacet
  facet normal -1.71596e-18 -0.831422 0.555641
    outer loop
      vertex 46.5 37.049 16.55
      vertex 44.1 36.94 16.3869
      vertex 46.5 36.94 16.3869
    endloop
  endfacet
  facet normal 0 -0.195234 0.980757
    outer loop
      vertex 44.1 36.1382 15.8511
      vertex 46.5 35.9458 15.8128
      vertex 46.5 36.1382 15.8511
    endloop
  endfacet
  facet normal 0 -0.195234 0.980757
    outer loop
      vertex 46.5 35.9458 15.8128
      vertex 44.1 36.1382 15.8511
      vertex 44.1 35.9458 15.8128
    endloop
  endfacet
  facet normal -1.59456e-18 -0.89686 -0.442315
    outer loop
      vertex 44.1 37.1358 21.874
      vertex 46.5 37.049 22.05
      vertex 44.1 37.049 22.05
    endloop
  endfacet
  facet normal -1.59456e-18 -0.89686 -0.442315
    outer loop
      vertex 46.5 37.049 22.05
      vertex 44.1 37.1358 21.874
      vertex 46.5 37.1358 21.874
    endloop
  endfacet
  facet normal 0 -0.0652336 0.99787
    outer loop
      vertex 44.1 35.9458 15.8128
      vertex 46.5 35.75 15.8
      vertex 46.5 35.9458 15.8128
    endloop
  endfacet
  facet normal 0 -0.0652336 0.99787
    outer loop
      vertex 46.5 35.75 15.8
      vertex 44.1 35.9458 15.8128
      vertex 44.1 35.75 15.8
    endloop
  endfacet
  facet normal 0 -0.442315 -0.89686
    outer loop
      vertex 44.1 36.324 22.6858
      vertex 46.5 36.5 22.599
      vertex 46.5 36.324 22.6858
    endloop
  endfacet
  facet normal -0 -0.442315 -0.89686
    outer loop
      vertex 46.5 36.5 22.599
      vertex 44.1 36.324 22.6858
      vertex 44.1 36.5 22.599
    endloop
  endfacet
  facet normal 1.71596e-18 -0.831422 -0.555641
    outer loop
      vertex 44.1 37.049 22.05
      vertex 46.5 36.94 22.2131
      vertex 44.1 36.94 22.2131
    endloop
  endfacet
  facet normal 1.71596e-18 -0.831422 -0.555641
    outer loop
      vertex 46.5 36.94 22.2131
      vertex 44.1 37.049 22.05
      vertex 46.5 37.049 22.05
    endloop
  endfacet
  facet normal 0 0.195234 -0.980757
    outer loop
      vertex 44.1 26.3618 22.7489
      vertex 46.5 26.5542 22.7872
      vertex 46.5 26.3618 22.7489
    endloop
  endfacet
  facet normal 0 0.195234 -0.980757
    outer loop
      vertex 46.5 26.5542 22.7872
      vertex 44.1 26.3618 22.7489
      vertex 44.1 26.5542 22.7872
    endloop
  endfacet
  facet normal 0 0.0652336 -0.99787
    outer loop
      vertex 44.1 26.5542 22.7872
      vertex 46.5 26.75 22.8
      vertex 46.5 26.5542 22.7872
    endloop
  endfacet
  facet normal 0 0.0652336 -0.99787
    outer loop
      vertex 46.5 26.75 22.8
      vertex 44.1 26.5542 22.7872
      vertex 44.1 26.75 22.8
    endloop
  endfacet
  facet normal -0 0.442315 0.89686
    outer loop
      vertex 44.1 26.176 15.9142
      vertex 46.5 26 16.001
      vertex 46.5 26.176 15.9142
    endloop
  endfacet
  facet normal 0 0.442315 0.89686
    outer loop
      vertex 46.5 26 16.001
      vertex 44.1 26.176 15.9142
      vertex 44.1 26 16.001
    endloop
  endfacet
  facet normal -7.3516e-20 -0.946885 -0.321574
    outer loop
      vertex 44.1 37.1989 21.6882
      vertex 46.5 37.1358 21.874
      vertex 44.1 37.1358 21.874
    endloop
  endfacet
  facet normal -7.3516e-20 -0.946885 -0.321574
    outer loop
      vertex 46.5 37.1358 21.874
      vertex 44.1 37.1989 21.6882
      vertex 46.5 37.1989 21.6882
    endloop
  endfacet
  facet normal 0 -0.658937 0.752198
    outer loop
      vertex 44.1 36.8107 16.2393
      vertex 46.5 36.6631 16.11
      vertex 46.5 36.8107 16.2393
    endloop
  endfacet
  facet normal 0 -0.658937 0.752198
    outer loop
      vertex 46.5 36.6631 16.11
      vertex 44.1 36.8107 16.2393
      vertex 44.1 36.6631 16.11
    endloop
  endfacet
  facet normal -0 0.0652336 0.99787
    outer loop
      vertex 44.1 26.75 15.8
      vertex 46.5 26.5542 15.8128
      vertex 46.5 26.75 15.8
    endloop
  endfacet
  facet normal 0 0.0652336 0.99787
    outer loop
      vertex 46.5 26.5542 15.8128
      vertex 44.1 26.75 15.8
      vertex 44.1 26.5542 15.8128
    endloop
  endfacet
  facet normal 1.82208e-18 0.831422 0.555641
    outer loop
      vertex 46.5 25.56 16.3869
      vertex 44.1 25.451 16.55
      vertex 46.5 25.451 16.55
    endloop
  endfacet
  facet normal 1.82208e-18 0.831422 0.555641
    outer loop
      vertex 44.1 25.451 16.55
      vertex 46.5 25.56 16.3869
      vertex 44.1 25.56 16.3869
    endloop
  endfacet
  facet normal 0 -0.321574 -0.946885
    outer loop
      vertex 44.1 36.1382 22.7489
      vertex 46.5 36.324 22.6858
      vertex 46.5 36.1382 22.7489
    endloop
  endfacet
  facet normal -0 -0.321574 -0.946885
    outer loop
      vertex 46.5 36.324 22.6858
      vertex 44.1 36.1382 22.7489
      vertex 44.1 36.324 22.6858
    endloop
  endfacet
  facet normal 3.07996e-19 -0.980757 -0.195234
    outer loop
      vertex 44.1 37.2372 21.4958
      vertex 46.5 37.1989 21.6882
      vertex 44.1 37.1989 21.6882
    endloop
  endfacet
  facet normal 3.07996e-19 -0.980757 -0.195234
    outer loop
      vertex 46.5 37.1989 21.6882
      vertex 44.1 37.2372 21.4958
      vertex 46.5 37.2372 21.4958
    endloop
  endfacet
  facet normal 0 -0.555641 -0.831422
    outer loop
      vertex 44.1 36.5 22.599
      vertex 46.5 36.6631 22.49
      vertex 46.5 36.5 22.599
    endloop
  endfacet
  facet normal -0 -0.555641 -0.831422
    outer loop
      vertex 46.5 36.6631 22.49
      vertex 44.1 36.5 22.599
      vertex 44.1 36.6631 22.49
    endloop
  endfacet
  facet normal -0 0.555641 0.831422
    outer loop
      vertex 44.1 26 16.001
      vertex 46.5 25.8369 16.11
      vertex 46.5 26 16.001
    endloop
  endfacet
  facet normal 0 0.555641 0.831422
    outer loop
      vertex 46.5 25.8369 16.11
      vertex 44.1 26 16.001
      vertex 44.1 25.8369 16.11
    endloop
  endfacet
  facet normal -1.93252e-18 -0.752198 -0.658937
    outer loop
      vertex 44.1 36.94 22.2131
      vertex 46.5 36.8107 22.3607
      vertex 44.1 36.8107 22.3607
    endloop
  endfacet
  facet normal -1.93252e-18 -0.752198 -0.658937
    outer loop
      vertex 46.5 36.8107 22.3607
      vertex 44.1 36.94 22.2131
      vertex 46.5 36.94 22.2131
    endloop
  endfacet
  facet normal 0 0.658937 -0.752198
    outer loop
      vertex 44.1 25.6893 22.3607
      vertex 46.5 25.8369 22.49
      vertex 46.5 25.6893 22.3607
    endloop
  endfacet
  facet normal 0 0.658937 -0.752198
    outer loop
      vertex 46.5 25.8369 22.49
      vertex 44.1 25.6893 22.3607
      vertex 44.1 25.8369 22.49
    endloop
  endfacet
  facet normal -0 0.321574 0.946885
    outer loop
      vertex 44.1 26.3618 15.8511
      vertex 46.5 26.176 15.9142
      vertex 46.5 26.3618 15.8511
    endloop
  endfacet
  facet normal 0 0.321574 0.946885
    outer loop
      vertex 46.5 26.176 15.9142
      vertex 44.1 26.3618 15.8511
      vertex 44.1 26.176 15.9142
    endloop
  endfacet
  facet normal -8.04869e-19 0.89686 0.442315
    outer loop
      vertex 46.5 25.451 16.55
      vertex 44.1 25.3642 16.726
      vertex 46.5 25.3642 16.726
    endloop
  endfacet
  facet normal -8.04869e-19 0.89686 0.442315
    outer loop
      vertex 44.1 25.3642 16.726
      vertex 46.5 25.451 16.55
      vertex 44.1 25.451 16.55
    endloop
  endfacet
  facet normal 0 -0.658937 -0.752198
    outer loop
      vertex 44.1 36.6631 22.49
      vertex 46.5 36.8107 22.3607
      vertex 46.5 36.6631 22.49
    endloop
  endfacet
  facet normal -0 -0.658937 -0.752198
    outer loop
      vertex 46.5 36.8107 22.3607
      vertex 44.1 36.6631 22.49
      vertex 44.1 36.8107 22.3607
    endloop
  endfacet
  facet normal -5.55375e-20 0.89686 -0.442315
    outer loop
      vertex 46.5 25.3642 21.874
      vertex 44.1 25.451 22.05
      vertex 46.5 25.451 22.05
    endloop
  endfacet
  facet normal -5.55375e-20 0.89686 -0.442315
    outer loop
      vertex 44.1 25.451 22.05
      vertex 46.5 25.3642 21.874
      vertex 44.1 25.3642 21.874
    endloop
  endfacet
  facet normal 1.78302e-19 0.980757 0.195234
    outer loop
      vertex 46.5 25.3011 16.9118
      vertex 44.1 25.2628 17.1042
      vertex 46.5 25.2628 17.1042
    endloop
  endfacet
  facet normal 1.78302e-19 0.980757 0.195234
    outer loop
      vertex 44.1 25.2628 17.1042
      vertex 46.5 25.3011 16.9118
      vertex 44.1 25.3011 16.9118
    endloop
  endfacet
  facet normal -0 0.658937 0.752198
    outer loop
      vertex 44.1 25.8369 16.11
      vertex 46.5 25.6893 16.2393
      vertex 46.5 25.8369 16.11
    endloop
  endfacet
  facet normal 0 0.658937 0.752198
    outer loop
      vertex 46.5 25.6893 16.2393
      vertex 44.1 25.8369 16.11
      vertex 44.1 25.6893 16.2393
    endloop
  endfacet
  facet normal 0 -0.321574 0.946885
    outer loop
      vertex 44.1 36.324 15.9142
      vertex 46.5 36.1382 15.8511
      vertex 46.5 36.324 15.9142
    endloop
  endfacet
  facet normal 0 -0.321574 0.946885
    outer loop
      vertex 46.5 36.1382 15.8511
      vertex 44.1 36.324 15.9142
      vertex 44.1 36.1382 15.8511
    endloop
  endfacet
  facet normal 0 0.555641 -0.831422
    outer loop
      vertex 44.1 25.8369 22.49
      vertex 46.5 26 22.599
      vertex 46.5 25.8369 22.49
    endloop
  endfacet
  facet normal 0 0.555641 -0.831422
    outer loop
      vertex 46.5 26 22.599
      vertex 44.1 25.8369 22.49
      vertex 44.1 26 22.599
    endloop
  endfacet
  facet normal -1.93252e-18 0.752198 0.658937
    outer loop
      vertex 46.5 25.6893 16.2393
      vertex 44.1 25.56 16.3869
      vertex 46.5 25.56 16.3869
    endloop
  endfacet
  facet normal -1.93252e-18 0.752198 0.658937
    outer loop
      vertex 44.1 25.56 16.3869
      vertex 46.5 25.6893 16.2393
      vertex 44.1 25.6893 16.2393
    endloop
  endfacet
  facet normal -2.07151e-19 -0.99787 -0.0652336
    outer loop
      vertex 44.1 37.25 21.3
      vertex 46.5 37.2372 21.4958
      vertex 44.1 37.2372 21.4958
    endloop
  endfacet
  facet normal -2.07151e-19 -0.99787 -0.0652336
    outer loop
      vertex 46.5 37.2372 21.4958
      vertex 44.1 37.25 21.3
      vertex 46.5 37.25 21.3
    endloop
  endfacet
  facet normal 0 0.442315 -0.89686
    outer loop
      vertex 44.1 26 22.599
      vertex 46.5 26.176 22.6858
      vertex 46.5 26 22.599
    endloop
  endfacet
  facet normal 0 0.442315 -0.89686
    outer loop
      vertex 46.5 26.176 22.6858
      vertex 44.1 26 22.599
      vertex 44.1 26.176 22.6858
    endloop
  endfacet
  facet normal -1.78302e-19 0.980757 -0.195234
    outer loop
      vertex 46.5 25.2628 21.4958
      vertex 44.1 25.3011 21.6882
      vertex 46.5 25.3011 21.6882
    endloop
  endfacet
  facet normal -1.78302e-19 0.980757 -0.195234
    outer loop
      vertex 44.1 25.3011 21.6882
      vertex 46.5 25.2628 21.4958
      vertex 44.1 25.2628 21.4958
    endloop
  endfacet
  facet normal 0 -0.555641 0.831422
    outer loop
      vertex 44.1 36.6631 16.11
      vertex 46.5 36.5 16.001
      vertex 46.5 36.6631 16.11
    endloop
  endfacet
  facet normal 0 -0.555641 0.831422
    outer loop
      vertex 46.5 36.5 16.001
      vertex 44.1 36.6631 16.11
      vertex 44.1 36.5 16.001
    endloop
  endfacet
  facet normal 7.3516e-20 0.946885 -0.321574
    outer loop
      vertex 46.5 25.3011 21.6882
      vertex 44.1 25.3642 21.874
      vertex 46.5 25.3642 21.874
    endloop
  endfacet
  facet normal 7.3516e-20 0.946885 -0.321574
    outer loop
      vertex 44.1 25.3642 21.874
      vertex 46.5 25.3011 21.6882
      vertex 44.1 25.3011 21.6882
    endloop
  endfacet
  facet normal 2.42146e-21 0.997844 -0.0656309
    outer loop
      vertex 46.5 38.5 22.1
      vertex 44.1 38.5103 22.2566
      vertex 46.5 38.5103 22.2566
    endloop
  endfacet
  facet normal 2.42146e-21 0.997844 -0.0656309
    outer loop
      vertex 44.1 38.5103 22.2566
      vertex 46.5 38.5 22.1
      vertex 44.1 38.5 22.1
    endloop
  endfacet
  facet normal 0 -1 0
    outer loop
      vertex 44.1 47.5 18.5
      vertex 46.5 47.5 22.1
      vertex 44.1 47.5 22.1
    endloop
  endfacet
  facet normal 0 -1 -0
    outer loop
      vertex 46.5 47.5 22.1
      vertex 44.1 47.5 18.5
      vertex 46.5 47.5 18.5
    endloop
  endfacet
  facet normal 0 -0.659406 -0.751787
    outer loop
      vertex 44.1 47.0305 23.052
      vertex 46.5 47.1485 22.9485
      vertex 46.5 47.0305 23.052
    endloop
  endfacet
  facet normal -0 -0.659406 -0.751787
    outer loop
      vertex 46.5 47.1485 22.9485
      vertex 44.1 47.0305 23.052
      vertex 44.1 47.1485 22.9485
    endloop
  endfacet
  facet normal 0 -0.0656309 -0.997844
    outer loop
      vertex 44.1 46.3 23.3
      vertex 46.5 46.4566 23.2897
      vertex 46.5 46.3 23.3
    endloop
  endfacet
  facet normal -0 -0.0656309 -0.997844
    outer loop
      vertex 46.5 46.4566 23.2897
      vertex 44.1 46.3 23.3
      vertex 44.1 46.4566 23.2897
    endloop
  endfacet
  facet normal 0 -0.44211 -0.896961
    outer loop
      vertex 44.1 46.7592 23.2086
      vertex 46.5 46.9 23.1392
      vertex 46.5 46.7592 23.2086
    endloop
  endfacet
  facet normal -0 -0.44211 -0.896961
    outer loop
      vertex 46.5 46.9 23.1392
      vertex 44.1 46.7592 23.2086
      vertex 44.1 46.9 23.1392
    endloop
  endfacet
  facet normal 0 -0.555582 -0.831462
    outer loop
      vertex 44.1 46.9 23.1392
      vertex 46.5 47.0305 23.052
      vertex 46.5 46.9 23.1392
    endloop
  endfacet
  facet normal -0 -0.555582 -0.831462
    outer loop
      vertex 46.5 47.0305 23.052
      vertex 44.1 46.9 23.1392
      vertex 44.1 47.0305 23.052
    endloop
  endfacet
  facet normal -0 0 1
    outer loop
      vertex 44.1 46.3 17.3
      vertex 46.5 39.7 17.3
      vertex 46.5 46.3 17.3
    endloop
  endfacet
  facet normal 0 0 1
    outer loop
      vertex 46.5 39.7 17.3
      vertex 44.1 46.3 17.3
      vertex 44.1 39.7 17.3
    endloop
  endfacet
  facet normal 0 0.44211 -0.896961
    outer loop
      vertex 44.1 39.1 23.1392
      vertex 46.5 39.2408 23.2086
      vertex 46.5 39.1 23.1392
    endloop
  endfacet
  facet normal 0 0.44211 -0.896961
    outer loop
      vertex 46.5 39.2408 23.2086
      vertex 44.1 39.1 23.1392
      vertex 44.1 39.2408 23.2086
    endloop
  endfacet
  facet normal -0 0.659406 0.751787
    outer loop
      vertex 44.1 38.9695 17.548
      vertex 46.5 38.8515 17.6515
      vertex 46.5 38.9695 17.548
    endloop
  endfacet
  facet normal 0 0.659406 0.751787
    outer loop
      vertex 46.5 38.8515 17.6515
      vertex 44.1 38.9695 17.548
      vertex 44.1 38.8515 17.6515
    endloop
  endfacet
  facet normal -5.89014e-19 0.980825 0.194891
    outer loop
      vertex 46.5 38.5409 18.1894
      vertex 44.1 38.5103 18.3434
      vertex 46.5 38.5103 18.3434
    endloop
  endfacet
  facet normal -5.89014e-19 0.980825 0.194891
    outer loop
      vertex 44.1 38.5103 18.3434
      vertex 46.5 38.5409 18.1894
      vertex 44.1 38.5409 18.1894
    endloop
  endfacet
  facet normal 0 -0.321766 -0.946819
    outer loop
      vertex 44.1 46.6106 23.2591
      vertex 46.5 46.7592 23.2086
      vertex 46.5 46.6106 23.2591
    endloop
  endfacet
  facet normal -0 -0.321766 -0.946819
    outer loop
      vertex 46.5 46.7592 23.2086
      vertex 44.1 46.6106 23.2591
      vertex 44.1 46.7592 23.2086
    endloop
  endfacet
  facet normal 0 1 -0
    outer loop
      vertex 46.5 38.5 18.5
      vertex 44.1 38.5 22.1
      vertex 46.5 38.5 22.1
    endloop
  endfacet
  facet normal 0 1 0
    outer loop
      vertex 44.1 38.5 22.1
      vertex 46.5 38.5 18.5
      vertex 44.1 38.5 18.5
    endloop
  endfacet
  facet normal 0 0 -1
    outer loop
      vertex 44.1 39.7 23.3
      vertex 46.5 46.3 23.3
      vertex 46.5 39.7 23.3
    endloop
  endfacet
  facet normal -0 0 -1
    outer loop
      vertex 46.5 46.3 23.3
      vertex 44.1 39.7 23.3
      vertex 44.1 46.3 23.3
    endloop
  endfacet
  facet normal -0 0.321766 0.946819
    outer loop
      vertex 44.1 39.3894 17.3409
      vertex 46.5 39.2408 17.3914
      vertex 46.5 39.3894 17.3409
    endloop
  endfacet
  facet normal 0 0.321766 0.946819
    outer loop
      vertex 46.5 39.2408 17.3914
      vertex 44.1 39.3894 17.3409
      vertex 44.1 39.2408 17.3914
    endloop
  endfacet
  facet normal -0 0.555582 0.831462
    outer loop
      vertex 44.1 39.1 17.4608
      vertex 46.5 38.9695 17.548
      vertex 46.5 39.1 17.4608
    endloop
  endfacet
  facet normal 0 0.555582 0.831462
    outer loop
      vertex 46.5 38.9695 17.548
      vertex 44.1 39.1 17.4608
      vertex 44.1 38.9695 17.548
    endloop
  endfacet
  facet normal -1.38511e-19 -0.997844 0.0656309
    outer loop
      vertex 44.1 47.4897 18.3434
      vertex 46.5 47.5 18.5
      vertex 44.1 47.5 18.5
    endloop
  endfacet
  facet normal -1.38511e-19 -0.997844 0.0656309
    outer loop
      vertex 46.5 47.5 18.5
      vertex 44.1 47.4897 18.3434
      vertex 46.5 47.4897 18.3434
    endloop
  endfacet
  facet normal -2.16536e-18 -0.896961 0.44211
    outer loop
      vertex 44.1 47.3392 17.9
      vertex 46.5 47.4086 18.0408
      vertex 44.1 47.4086 18.0408
    endloop
  endfacet
  facet normal -2.16536e-18 -0.896961 0.44211
    outer loop
      vertex 46.5 47.4086 18.0408
      vertex 44.1 47.3392 17.9
      vertex 46.5 47.3392 17.9
    endloop
  endfacet
  facet normal 1.38511e-19 0.997844 0.0656309
    outer loop
      vertex 46.5 38.5103 18.3434
      vertex 44.1 38.5 18.5
      vertex 46.5 38.5 18.5
    endloop
  endfacet
  facet normal 1.38511e-19 0.997844 0.0656309
    outer loop
      vertex 44.1 38.5 18.5
      vertex 46.5 38.5103 18.3434
      vertex 44.1 38.5103 18.3434
    endloop
  endfacet
  facet normal 0 -0.0656309 0.997844
    outer loop
      vertex 44.1 46.4566 17.3103
      vertex 46.5 46.3 17.3
      vertex 46.5 46.4566 17.3103
    endloop
  endfacet
  facet normal 0 -0.0656309 0.997844
    outer loop
      vertex 46.5 46.3 17.3
      vertex 44.1 46.4566 17.3103
      vertex 44.1 46.3 17.3
    endloop
  endfacet
  facet normal 0 0.0656309 -0.997844
    outer loop
      vertex 44.1 39.5434 23.2897
      vertex 46.5 39.7 23.3
      vertex 46.5 39.5434 23.2897
    endloop
  endfacet
  facet normal 0 0.0656309 -0.997844
    outer loop
      vertex 46.5 39.7 23.3
      vertex 44.1 39.5434 23.2897
      vertex 44.1 39.7 23.3
    endloop
  endfacet
  facet normal 0 0.321766 -0.946819
    outer loop
      vertex 44.1 39.2408 23.2086
      vertex 46.5 39.3894 23.2591
      vertex 46.5 39.2408 23.2086
    endloop
  endfacet
  facet normal 0 0.321766 -0.946819
    outer loop
      vertex 46.5 39.3894 23.2591
      vertex 44.1 39.2408 23.2086
      vertex 44.1 39.3894 23.2591
    endloop
  endfacet
  facet normal -2.42146e-21 -0.997844 -0.0656309
    outer loop
      vertex 44.1 47.5 22.1
      vertex 46.5 47.4897 22.2566
      vertex 44.1 47.4897 22.2566
    endloop
  endfacet
  facet normal -2.42146e-21 -0.997844 -0.0656309
    outer loop
      vertex 46.5 47.4897 22.2566
      vertex 44.1 47.5 22.1
      vertex 46.5 47.5 22.1
    endloop
  endfacet
  facet normal -5.40681e-19 0.946819 0.321766
    outer loop
      vertex 46.5 38.5914 18.0408
      vertex 44.1 38.5409 18.1894
      vertex 46.5 38.5409 18.1894
    endloop
  endfacet
  facet normal -5.40681e-19 0.946819 0.321766
    outer loop
      vertex 44.1 38.5409 18.1894
      vertex 46.5 38.5914 18.0408
      vertex 44.1 38.5914 18.0408
    endloop
  endfacet
  facet normal 1.0502e-18 0.831462 0.555582
    outer loop
      vertex 46.5 38.748 17.7695
      vertex 44.1 38.6608 17.9
      vertex 46.5 38.6608 17.9
    endloop
  endfacet
  facet normal 1.0502e-18 0.831462 0.555582
    outer loop
      vertex 44.1 38.6608 17.9
      vertex 46.5 38.748 17.7695
      vertex 44.1 38.748 17.7695
    endloop
  endfacet
  facet normal -0 0.0656309 0.997844
    outer loop
      vertex 44.1 39.7 17.3
      vertex 46.5 39.5434 17.3103
      vertex 46.5 39.7 17.3
    endloop
  endfacet
  facet normal 0 0.0656309 0.997844
    outer loop
      vertex 46.5 39.5434 17.3103
      vertex 44.1 39.7 17.3
      vertex 44.1 39.5434 17.3103
    endloop
  endfacet
  facet normal -1.0502e-18 -0.831462 0.555582
    outer loop
      vertex 44.1 47.252 17.7695
      vertex 46.5 47.3392 17.9
      vertex 44.1 47.3392 17.9
    endloop
  endfacet
  facet normal -1.0502e-18 -0.831462 0.555582
    outer loop
      vertex 46.5 47.3392 17.9
      vertex 44.1 47.252 17.7695
      vertex 46.5 47.252 17.7695
    endloop
  endfacet
  facet normal 0 -0.44211 0.896961
    outer loop
      vertex 44.1 46.9 17.4608
      vertex 46.5 46.7592 17.3914
      vertex 46.5 46.9 17.4608
    endloop
  endfacet
  facet normal 0 -0.44211 0.896961
    outer loop
      vertex 46.5 46.7592 17.3914
      vertex 44.1 46.9 17.4608
      vertex 44.1 46.7592 17.3914
    endloop
  endfacet
  facet normal -0 0.194891 0.980825
    outer loop
      vertex 44.1 39.5434 17.3103
      vertex 46.5 39.3894 17.3409
      vertex 46.5 39.5434 17.3103
    endloop
  endfacet
  facet normal 0 0.194891 0.980825
    outer loop
      vertex 46.5 39.3894 17.3409
      vertex 44.1 39.5434 17.3103
      vertex 44.1 39.3894 17.3409
    endloop
  endfacet
  facet normal -0 0.44211 0.896961
    outer loop
      vertex 44.1 39.2408 17.3914
      vertex 46.5 39.1 17.4608
      vertex 46.5 39.2408 17.3914
    endloop
  endfacet
  facet normal 0 0.44211 0.896961
    outer loop
      vertex 46.5 39.1 17.4608
      vertex 44.1 39.2408 17.3914
      vertex 44.1 39.1 17.4608
    endloop
  endfacet
  facet normal 0 0.194891 -0.980825
    outer loop
      vertex 44.1 39.3894 23.2591
      vertex 46.5 39.5434 23.2897
      vertex 46.5 39.3894 23.2591
    endloop
  endfacet
  facet normal 0 0.194891 -0.980825
    outer loop
      vertex 46.5 39.5434 23.2897
      vertex 44.1 39.3894 23.2591
      vertex 44.1 39.5434 23.2897
    endloop
  endfacet
  facet normal -1.57057e-18 0.751787 0.659406
    outer loop
      vertex 46.5 38.8515 17.6515
      vertex 44.1 38.748 17.7695
      vertex 46.5 38.748 17.7695
    endloop
  endfacet
  facet normal -1.57057e-18 0.751787 0.659406
    outer loop
      vertex 44.1 38.748 17.7695
      vertex 46.5 38.8515 17.6515
      vertex 44.1 38.8515 17.6515
    endloop
  endfacet
  facet normal 0 -0.555582 0.831462
    outer loop
      vertex 44.1 47.0305 17.548
      vertex 46.5 46.9 17.4608
      vertex 46.5 47.0305 17.548
    endloop
  endfacet
  facet normal 0 -0.555582 0.831462
    outer loop
      vertex 46.5 46.9 17.4608
      vertex 44.1 47.0305 17.548
      vertex 44.1 46.9 17.4608
    endloop
  endfacet
  facet normal 5.89014e-19 -0.980825 0.194891
    outer loop
      vertex 44.1 47.4591 18.1894
      vertex 46.5 47.4897 18.3434
      vertex 44.1 47.4897 18.3434
    endloop
  endfacet
  facet normal 5.89014e-19 -0.980825 0.194891
    outer loop
      vertex 46.5 47.4897 18.3434
      vertex 44.1 47.4591 18.1894
      vertex 46.5 47.4591 18.1894
    endloop
  endfacet
  facet normal 5.40681e-19 -0.946819 0.321766
    outer loop
      vertex 44.1 47.4086 18.0408
      vertex 46.5 47.4591 18.1894
      vertex 44.1 47.4591 18.1894
    endloop
  endfacet
  facet normal 5.40681e-19 -0.946819 0.321766
    outer loop
      vertex 46.5 47.4591 18.1894
      vertex 44.1 47.4086 18.0408
      vertex 46.5 47.4086 18.0408
    endloop
  endfacet
  facet normal 2.16536e-18 0.896961 0.44211
    outer loop
      vertex 46.5 38.6608 17.9
      vertex 44.1 38.5914 18.0408
      vertex 46.5 38.5914 18.0408
    endloop
  endfacet
  facet normal 2.16536e-18 0.896961 0.44211
    outer loop
      vertex 44.1 38.5914 18.0408
      vertex 46.5 38.6608 17.9
      vertex 44.1 38.6608 17.9
    endloop
  endfacet
  facet normal -1.71793e-18 -0.751787 -0.659406
    outer loop
      vertex 44.1 47.252 22.8305
      vertex 46.5 47.1485 22.9485
      vertex 44.1 47.1485 22.9485
    endloop
  endfacet
  facet normal -1.71793e-18 -0.751787 -0.659406
    outer loop
      vertex 46.5 47.1485 22.9485
      vertex 44.1 47.252 22.8305
      vertex 46.5 47.252 22.8305
    endloop
  endfacet
  facet normal 0 0.659406 -0.751787
    outer loop
      vertex 44.1 38.8515 22.9485
      vertex 46.5 38.9695 23.052
      vertex 46.5 38.8515 22.9485
    endloop
  endfacet
  facet normal 0 0.659406 -0.751787
    outer loop
      vertex 46.5 38.9695 23.052
      vertex 44.1 38.8515 22.9485
      vertex 44.1 38.9695 23.052
    endloop
  endfacet
  facet normal -1.90671e-19 -0.946819 -0.321766
    outer loop
      vertex 44.1 47.4591 22.4106
      vertex 46.5 47.4086 22.5592
      vertex 44.1 47.4086 22.5592
    endloop
  endfacet
  facet normal -1.90671e-19 -0.946819 -0.321766
    outer loop
      vertex 46.5 47.4086 22.5592
      vertex 44.1 47.4591 22.4106
      vertex 46.5 47.4591 22.4106
    endloop
  endfacet
  facet normal 0 -0.194891 -0.980825
    outer loop
      vertex 44.1 46.4566 23.2897
      vertex 46.5 46.6106 23.2591
      vertex 46.5 46.4566 23.2897
    endloop
  endfacet
  facet normal -0 -0.194891 -0.980825
    outer loop
      vertex 46.5 46.6106 23.2591
      vertex 44.1 46.4566 23.2897
      vertex 44.1 46.6106 23.2591
    endloop
  endfacet
  facet normal 0 -0.321766 0.946819
    outer loop
      vertex 44.1 46.7592 17.3914
      vertex 46.5 46.6106 17.3409
      vertex 46.5 46.7592 17.3914
    endloop
  endfacet
  facet normal 0 -0.321766 0.946819
    outer loop
      vertex 46.5 46.6106 17.3409
      vertex 44.1 46.7592 17.3914
      vertex 44.1 46.6106 17.3409
    endloop
  endfacet
  facet normal 0 -0.194891 0.980825
    outer loop
      vertex 44.1 46.6106 17.3409
      vertex 46.5 46.4566 17.3103
      vertex 46.5 46.6106 17.3409
    endloop
  endfacet
  facet normal 0 -0.194891 0.980825
    outer loop
      vertex 46.5 46.4566 17.3103
      vertex 44.1 46.6106 17.3409
      vertex 44.1 46.4566 17.3103
    endloop
  endfacet
  facet normal 0 0.555582 -0.831462
    outer loop
      vertex 44.1 38.9695 23.052
      vertex 46.5 39.1 23.1392
      vertex 46.5 38.9695 23.052
    endloop
  endfacet
  facet normal 0 0.555582 -0.831462
    outer loop
      vertex 46.5 39.1 23.1392
      vertex 44.1 38.9695 23.052
      vertex 44.1 39.1 23.1392
    endloop
  endfacet
  facet normal 1.71793e-18 0.751787 -0.659406
    outer loop
      vertex 46.5 38.748 22.8305
      vertex 44.1 38.8515 22.9485
      vertex 46.5 38.8515 22.9485
    endloop
  endfacet
  facet normal 1.71793e-18 0.751787 -0.659406
    outer loop
      vertex 44.1 38.8515 22.9485
      vertex 46.5 38.748 22.8305
      vertex 44.1 38.748 22.8305
    endloop
  endfacet
  facet normal 1.64662e-18 0.831462 -0.555582
    outer loop
      vertex 46.5 38.6608 22.7
      vertex 44.1 38.748 22.8305
      vertex 46.5 38.748 22.8305
    endloop
  endfacet
  facet normal 1.64662e-18 0.831462 -0.555582
    outer loop
      vertex 44.1 38.748 22.8305
      vertex 46.5 38.6608 22.7
      vertex 44.1 38.6608 22.7
    endloop
  endfacet
  facet normal -1.8351e-18 -0.896961 -0.44211
    outer loop
      vertex 44.1 47.4086 22.5592
      vertex 46.5 47.3392 22.7
      vertex 44.1 47.3392 22.7
    endloop
  endfacet
  facet normal -1.8351e-18 -0.896961 -0.44211
    outer loop
      vertex 46.5 47.3392 22.7
      vertex 44.1 47.4086 22.5592
      vertex 46.5 47.4086 22.5592
    endloop
  endfacet
  facet normal -5.89014e-19 -0.980825 -0.194891
    outer loop
      vertex 44.1 47.4897 22.2566
      vertex 46.5 47.4591 22.4106
      vertex 44.1 47.4591 22.4106
    endloop
  endfacet
  facet normal -5.89014e-19 -0.980825 -0.194891
    outer loop
      vertex 46.5 47.4591 22.4106
      vertex 44.1 47.4897 22.2566
      vertex 46.5 47.4897 22.2566
    endloop
  endfacet
  facet normal 0 -0.659406 0.751787
    outer loop
      vertex 44.1 47.1485 17.6515
      vertex 46.5 47.0305 17.548
      vertex 46.5 47.1485 17.6515
    endloop
  endfacet
  facet normal 0 -0.659406 0.751787
    outer loop
      vertex 46.5 47.0305 17.548
      vertex 44.1 47.1485 17.6515
      vertex 44.1 47.0305 17.548
    endloop
  endfacet
  facet normal 1.8351e-18 0.896961 -0.44211
    outer loop
      vertex 46.5 38.5914 22.5592
      vertex 44.1 38.6608 22.7
      vertex 46.5 38.6608 22.7
    endloop
  endfacet
  facet normal 1.8351e-18 0.896961 -0.44211
    outer loop
      vertex 44.1 38.6608 22.7
      vertex 46.5 38.5914 22.5592
      vertex 44.1 38.5914 22.5592
    endloop
  endfacet
  facet normal 1.90671e-19 0.946819 -0.321766
    outer loop
      vertex 46.5 38.5409 22.4106
      vertex 44.1 38.5914 22.5592
      vertex 46.5 38.5914 22.5592
    endloop
  endfacet
  facet normal 1.90671e-19 0.946819 -0.321766
    outer loop
      vertex 44.1 38.5914 22.5592
      vertex 46.5 38.5409 22.4106
      vertex 44.1 38.5409 22.4106
    endloop
  endfacet
  facet normal 5.89014e-19 0.980825 -0.194891
    outer loop
      vertex 46.5 38.5103 22.2566
      vertex 44.1 38.5409 22.4106
      vertex 46.5 38.5409 22.4106
    endloop
  endfacet
  facet normal 5.89014e-19 0.980825 -0.194891
    outer loop
      vertex 44.1 38.5409 22.4106
      vertex 46.5 38.5103 22.2566
      vertex 44.1 38.5103 22.2566
    endloop
  endfacet
  facet normal -1.64662e-18 -0.831462 -0.555582
    outer loop
      vertex 44.1 47.3392 22.7
      vertex 46.5 47.252 22.8305
      vertex 44.1 47.252 22.8305
    endloop
  endfacet
  facet normal -1.64662e-18 -0.831462 -0.555582
    outer loop
      vertex 46.5 47.252 22.8305
      vertex 44.1 47.3392 22.7
      vertex 46.5 47.3392 22.7
    endloop
  endfacet
  facet normal 1.57057e-18 -0.751787 0.659406
    outer loop
      vertex 44.1 47.1485 17.6515
      vertex 46.5 47.252 17.7695
      vertex 44.1 47.252 17.7695
    endloop
  endfacet
  facet normal 1.57057e-18 -0.751787 0.659406
    outer loop
      vertex 46.5 47.252 17.7695
      vertex 44.1 47.1485 17.6515
      vertex 46.5 47.1485 17.6515
    endloop
  endfacet
endsolid OpenSCAD_Model
