solid OpenSCAD_Model
  facet normal -0.434904 -0.65086 -0.622287
    outer loop
      vertex -27.5 -21.0622 0
      vertex -29.8701 -22.3468 3
      vertex -28.2613 -20.5535 0
    endloop
  endfacet
  facet normal -0.586268 -0.51406 -0.626125
    outer loop
      vertex -28.9498 -19.9498 0
      vertex -31.3468 -20.8701 3
      vertex -29.5535 -19.2613 0
    endloop
  endfacet
  facet normal 0.434904 0.65086 -0.622287
    outer loop
      vertex 28.2613 20.5535 0
      vertex 27.5 21.0622 0
      vertex 29.8701 22.3468 3
    endloop
  endfacet
  facet normal -0.65086 -0.434904 -0.622287
    outer loop
      vertex -31.3468 -20.8701 3
      vertex -31.9282 -20 3
      vertex -30.0622 -18.5 0
    endloop
  endfacet
  facet normal 0 0.83205 -0.5547
    outer loop
      vertex 24 22 0
      vertex -25 24 3
      vertex 25 24 3
    endloop
  endfacet
  facet normal 0 0.83205 -0.5547
    outer loop
      vertex -25 24 3
      vertex 24 22 0
      vertex -24 22 0
    endloop
  endfacet
  facet normal -0.348907 -0.70754 -0.614533
    outer loop
      vertex -28.0615 -23.391 3
      vertex -29 -22.9282 3
      vertex -26.6788 -21.4672 0
    endloop
  endfacet
  facet normal -0.514063 -0.586266 -0.626124
    outer loop
      vertex -29.8701 -22.3468 3
      vertex -30.6569 -21.6569 3
      vertex -28.9498 -19.9498 0
    endloop
  endfacet
  facet normal -0.70754 -0.348907 -0.614533
    outer loop
      vertex -31.9282 -20 3
      vertex -32.391 -19.0615 3
      vertex -30.4672 -17.6788 0
    endloop
  endfacet
  facet normal -0.51406 -0.586268 -0.626125
    outer loop
      vertex -28.2613 -20.5535 0
      vertex -29.8701 -22.3468 3
      vertex -28.9498 -19.9498 0
    endloop
  endfacet
  facet normal 0.83205 2.39239e-06 -0.554701
    outer loop
      vertex 31.1307 2.77674 0.195997
      vertex 31 15 0
      vertex 33 16 3
    endloop
  endfacet
  facet normal 0.831981 0 -0.554804
    outer loop
      vertex 31 15 0
      vertex 31.1307 2.77674 0.195997
      vertex 31 2.86404 0
    endloop
  endfacet
  facet normal 0.832057 -6.56892e-07 -0.554691
    outer loop
      vertex 33 16 3
      vertex 31.4749 2.47487 0.71231
      vertex 31.1307 2.77674 0.195997
    endloop
  endfacet
  facet normal 0.832096 -1.50717e-05 -0.554632
    outer loop
      vertex 33 16 3
      vertex 31.7767 2.13066 1.1651
      vertex 31.4749 2.47487 0.71231
    endloop
  endfacet
  facet normal 0.832008 1.01272e-05 -0.554764
    outer loop
      vertex 33 16 3
      vertex 32.0311 1.75 1.54663
      vertex 31.7767 2.13066 1.1651
    endloop
  endfacet
  facet normal 0.832043 2.32108e-06 -0.554711
    outer loop
      vertex 33 16 3
      vertex 32.2336 1.33939 1.85037
      vertex 32.0311 1.75 1.54663
    endloop
  endfacet
  facet normal 0.832142 -1.4386e-05 -0.554563
    outer loop
      vertex 33 16 3
      vertex 32.3807 0.905867 2.07111
      vertex 32.2336 1.33939 1.85037
    endloop
  endfacet
  facet normal 0.831842 2.56261e-05 -0.555013
    outer loop
      vertex 33 16 3
      vertex 32.4701 0.456841 2.20508
      vertex 32.3807 0.905867 2.07111
    endloop
  endfacet
  facet normal 0.83232 -2.74473e-05 -0.554295
    outer loop
      vertex 33 16 3
      vertex 32.5 0 2.25
      vertex 32.4701 0.456841 2.20508
    endloop
  endfacet
  facet normal 0.831981 -5.8686e-19 -0.554804
    outer loop
      vertex 31.1307 -2.77674 0.195997
      vertex 31 -15 0
      vertex 31 -2.86404 0
    endloop
  endfacet
  facet normal 0.832057 6.56892e-07 -0.554691
    outer loop
      vertex 33 -16 3
      vertex 31.1307 -2.77674 0.195997
      vertex 31.4749 -2.47487 0.71231
    endloop
  endfacet
  facet normal 0.832096 1.50717e-05 -0.554632
    outer loop
      vertex 33 -16 3
      vertex 31.4749 -2.47487 0.71231
      vertex 31.7767 -2.13066 1.1651
    endloop
  endfacet
  facet normal 0.832008 -1.01272e-05 -0.554764
    outer loop
      vertex 33 -16 3
      vertex 31.7767 -2.13066 1.1651
      vertex 32.0311 -1.75 1.54663
    endloop
  endfacet
  facet normal 0.832043 -2.32108e-06 -0.554711
    outer loop
      vertex 33 -16 3
      vertex 32.0311 -1.75 1.54663
      vertex 32.2336 -1.33939 1.85037
    endloop
  endfacet
  facet normal 0.832142 1.4386e-05 -0.554563
    outer loop
      vertex 33 -16 3
      vertex 32.2336 -1.33939 1.85037
      vertex 32.3807 -0.905867 2.07111
    endloop
  endfacet
  facet normal 0.831842 -2.56261e-05 -0.555013
    outer loop
      vertex 33 -16 3
      vertex 32.3807 -0.905867 2.07111
      vertex 32.4701 -0.456841 2.20508
    endloop
  endfacet
  facet normal 0.83205 -2.39239e-06 -0.554701
    outer loop
      vertex 31.1307 -2.77674 0.195997
      vertex 33 -16 3
      vertex 31 -15 0
    endloop
  endfacet
  facet normal 0.83232 2.74473e-05 -0.554295
    outer loop
      vertex 32.5 0 2.25
      vertex 33 -16 3
      vertex 32.4701 -0.456841 2.20508
    endloop
  endfacet
  facet normal 0.83205 0 -0.5547
    outer loop
      vertex 33 -16 3
      vertex 32.5 0 2.25
      vertex 33 16 3
    endloop
  endfacet
  facet normal -0.348934 -0.707518 -0.614543
    outer loop
      vertex -26.6788 -21.4672 0
      vertex -29 -22.9282 3
      vertex -27.5 -21.0622 0
    endloop
  endfacet
  facet normal -0.434904 -0.65086 -0.622287
    outer loop
      vertex -29 -22.9282 3
      vertex -29.8701 -22.3468 3
      vertex -27.5 -21.0622 0
    endloop
  endfacet
  facet normal -0.586266 -0.514063 -0.626124
    outer loop
      vertex -30.6569 -21.6569 3
      vertex -31.3468 -20.8701 3
      vertex -28.9498 -19.9498 0
    endloop
  endfacet
  facet normal -0.65086 -0.434904 -0.622287
    outer loop
      vertex -29.5535 -19.2613 0
      vertex -31.3468 -20.8701 3
      vertex -30.0622 -18.5 0
    endloop
  endfacet
  facet normal 0.0539175 -0.822445 -0.566284
    outer loop
      vertex 26.0442 -23.9316 3
      vertex 24 -22 0
      vertex 24.9137 -21.9401 0
    endloop
  endfacet
  facet normal -0.822445 0.0539175 -0.566284
    outer loop
      vertex -31 15 0
      vertex -32.9316 17.0442 3
      vertex -30.9401 15.9137 0
    endloop
  endfacet
  facet normal 0.755591 -0.256453 -0.602755
    outer loop
      vertex 32.7274 -18.0706 3
      vertex 30.4672 -17.6788 0
      vertex 30.7615 -16.8117 0
    endloop
  endfacet
  facet normal -0.256453 -0.755591 -0.602755
    outer loop
      vertex -25.8117 -21.7615 0
      vertex -27.0706 -23.7274 3
      vertex -26.6788 -21.4672 0
    endloop
  endfacet
  facet normal -0.25651 -0.755575 -0.602751
    outer loop
      vertex -27.0706 -23.7274 3
      vertex -28.0615 -23.391 3
      vertex -26.6788 -21.4672 0
    endloop
  endfacet
  facet normal 0.65086 -0.434904 -0.622287
    outer loop
      vertex 31.3468 -20.8701 3
      vertex 30.0622 -18.5 0
      vertex 31.9282 -20 3
    endloop
  endfacet
  facet normal 0.157958 -0.794213 -0.586749
    outer loop
      vertex 26.0442 -23.9316 3
      vertex 24.9137 -21.9401 0
      vertex 25.8117 -21.7615 0
    endloop
  endfacet
  facet normal 0.434904 -0.65086 -0.622287
    outer loop
      vertex 29.8701 -22.3468 3
      vertex 27.5 -21.0622 0
      vertex 28.2613 -20.5535 0
    endloop
  endfacet
  facet normal 0.158005 0.794205 -0.586747
    outer loop
      vertex 27.0706 23.7274 3
      vertex 25.8117 21.7615 0
      vertex 26.0442 23.9316 3
    endloop
  endfacet
  facet normal -0.158005 -0.794205 -0.586747
    outer loop
      vertex -26.0442 -23.9316 3
      vertex -27.0706 -23.7274 3
      vertex -25.8117 -21.7615 0
    endloop
  endfacet
  facet normal -0.586268 0.51406 -0.626125
    outer loop
      vertex -29.5535 19.2613 0
      vertex -31.3468 20.8701 3
      vertex -28.9498 19.9498 0
    endloop
  endfacet
  facet normal -0.755591 -0.256453 -0.602755
    outer loop
      vertex -30.4672 -17.6788 0
      vertex -32.7274 -18.0706 3
      vertex -30.7615 -16.8117 0
    endloop
  endfacet
  facet normal -0.794213 -0.157958 -0.586749
    outer loop
      vertex -30.7615 -16.8117 0
      vertex -32.9316 -17.0442 3
      vertex -30.9401 -15.9137 0
    endloop
  endfacet
  facet normal 0.822445 0.0539175 -0.566284
    outer loop
      vertex 31 15 0
      vertex 30.9401 15.9137 0
      vertex 32.9316 17.0442 3
    endloop
  endfacet
  facet normal 0.514063 -0.586266 -0.626124
    outer loop
      vertex 29.8701 -22.3468 3
      vertex 28.9498 -19.9498 0
      vertex 30.6569 -21.6569 3
    endloop
  endfacet
  facet normal -0.0539175 0.822445 -0.566284
    outer loop
      vertex -24.9137 21.9401 0
      vertex -26.0442 23.9316 3
      vertex -24 22 0
    endloop
  endfacet
  facet normal 0.053875 0.82246 -0.566265
    outer loop
      vertex 26.0442 23.9316 3
      vertex 24 22 0
      vertex 25 24 3
    endloop
  endfacet
  facet normal 0.586266 0.514063 -0.626124
    outer loop
      vertex 31.3468 20.8701 3
      vertex 28.9498 19.9498 0
      vertex 30.6569 21.6569 3
    endloop
  endfacet
  facet normal 0.256453 -0.755591 -0.602755
    outer loop
      vertex 27.0706 -23.7274 3
      vertex 25.8117 -21.7615 0
      vertex 26.6788 -21.4672 0
    endloop
  endfacet
  facet normal 0.157958 0.794213 -0.586749
    outer loop
      vertex 25.8117 21.7615 0
      vertex 24.9137 21.9401 0
      vertex 26.0442 23.9316 3
    endloop
  endfacet
  facet normal -0.707518 -0.348934 -0.614543
    outer loop
      vertex -30.0622 -18.5 0
      vertex -31.9282 -20 3
      vertex -30.4672 -17.6788 0
    endloop
  endfacet
  facet normal -0.831981 5.8686e-19 -0.554804
    outer loop
      vertex -31.1307 2.77674 0.195997
      vertex -31 15 0
      vertex -31 2.86404 0
    endloop
  endfacet
  facet normal -0.83205 2.39239e-06 -0.554701
    outer loop
      vertex -31 15 0
      vertex -31.1307 2.77674 0.195997
      vertex -33 16 3
    endloop
  endfacet
  facet normal -0.832057 -6.56892e-07 -0.554691
    outer loop
      vertex -31.4749 2.47487 0.71231
      vertex -33 16 3
      vertex -31.1307 2.77674 0.195997
    endloop
  endfacet
  facet normal -0.832096 -1.50717e-05 -0.554632
    outer loop
      vertex -31.7767 2.13066 1.1651
      vertex -33 16 3
      vertex -31.4749 2.47487 0.71231
    endloop
  endfacet
  facet normal -0.832008 1.01272e-05 -0.554764
    outer loop
      vertex -32.0311 1.75 1.54663
      vertex -33 16 3
      vertex -31.7767 2.13066 1.1651
    endloop
  endfacet
  facet normal -0.832043 2.32108e-06 -0.554711
    outer loop
      vertex -32.2336 1.33939 1.85037
      vertex -33 16 3
      vertex -32.0311 1.75 1.54663
    endloop
  endfacet
  facet normal -0.832142 -1.4386e-05 -0.554563
    outer loop
      vertex -32.3807 0.905867 2.07111
      vertex -33 16 3
      vertex -32.2336 1.33939 1.85037
    endloop
  endfacet
  facet normal -0.831842 2.56261e-05 -0.555013
    outer loop
      vertex -32.4701 0.456841 2.20508
      vertex -33 16 3
      vertex -32.3807 0.905867 2.07111
    endloop
  endfacet
  facet normal -0.83232 -2.74473e-05 -0.554295
    outer loop
      vertex -32.5 0 2.25
      vertex -33 16 3
      vertex -32.4701 0.456841 2.20508
    endloop
  endfacet
  facet normal -0.831981 0 -0.554804
    outer loop
      vertex -31 -15 0
      vertex -31.1307 -2.77674 0.195997
      vertex -31 -2.86404 0
    endloop
  endfacet
  facet normal -0.83205 -2.39239e-06 -0.554701
    outer loop
      vertex -33 -16 3
      vertex -31.1307 -2.77674 0.195997
      vertex -31 -15 0
    endloop
  endfacet
  facet normal -0.832057 6.56892e-07 -0.554691
    outer loop
      vertex -31.1307 -2.77674 0.195997
      vertex -33 -16 3
      vertex -31.4749 -2.47487 0.71231
    endloop
  endfacet
  facet normal -0.832096 1.50717e-05 -0.554632
    outer loop
      vertex -31.4749 -2.47487 0.71231
      vertex -33 -16 3
      vertex -31.7767 -2.13066 1.1651
    endloop
  endfacet
  facet normal -0.832008 -1.01272e-05 -0.554764
    outer loop
      vertex -31.7767 -2.13066 1.1651
      vertex -33 -16 3
      vertex -32.0311 -1.75 1.54663
    endloop
  endfacet
  facet normal -0.832043 -2.32108e-06 -0.554711
    outer loop
      vertex -32.0311 -1.75 1.54663
      vertex -33 -16 3
      vertex -32.2336 -1.33939 1.85037
    endloop
  endfacet
  facet normal -0.832142 1.4386e-05 -0.554563
    outer loop
      vertex -32.2336 -1.33939 1.85037
      vertex -33 -16 3
      vertex -32.3807 -0.905867 2.07111
    endloop
  endfacet
  facet normal -0.83205 0 -0.5547
    outer loop
      vertex -32.5 0 2.25
      vertex -33 -16 3
      vertex -33 16 3
    endloop
  endfacet
  facet normal -0.83232 2.74473e-05 -0.554295
    outer loop
      vertex -32.4701 -0.456841 2.20508
      vertex -33 -16 3
      vertex -32.5 0 2.25
    endloop
  endfacet
  facet normal -0.831842 -2.56261e-05 -0.555013
    outer loop
      vertex -32.3807 -0.905867 2.07111
      vertex -33 -16 3
      vertex -32.4701 -0.456841 2.20508
    endloop
  endfacet
  facet normal 0.65086 -0.434904 -0.622287
    outer loop
      vertex 31.3468 -20.8701 3
      vertex 29.5535 -19.2613 0
      vertex 30.0622 -18.5 0
    endloop
  endfacet
  facet normal -0.434904 0.65086 -0.622287
    outer loop
      vertex -28.2613 20.5535 0
      vertex -29.8701 22.3468 3
      vertex -27.5 21.0622 0
    endloop
  endfacet
  facet normal 0.053875 -0.82246 -0.566265
    outer loop
      vertex 25 -24 3
      vertex 24 -22 0
      vertex 26.0442 -23.9316 3
    endloop
  endfacet
  facet normal -0.053875 -0.82246 -0.566265
    outer loop
      vertex -25 -24 3
      vertex -26.0442 -23.9316 3
      vertex -24 -22 0
    endloop
  endfacet
  facet normal 0 -0.83205 -0.5547
    outer loop
      vertex -24 -22 0
      vertex 25 -24 3
      vertex -25 -24 3
    endloop
  endfacet
  facet normal 0 -0.83205 -0.5547
    outer loop
      vertex 25 -24 3
      vertex -24 -22 0
      vertex 24 -22 0
    endloop
  endfacet
  facet normal 0.51406 0.586268 -0.626125
    outer loop
      vertex 28.9498 19.9498 0
      vertex 28.2613 20.5535 0
      vertex 29.8701 22.3468 3
    endloop
  endfacet
  facet normal 0.348907 -0.70754 -0.614533
    outer loop
      vertex 28.0615 -23.391 3
      vertex 26.6788 -21.4672 0
      vertex 29 -22.9282 3
    endloop
  endfacet
  facet normal 0.82246 0.053875 -0.566265
    outer loop
      vertex 33 16 3
      vertex 31 15 0
      vertex 32.9316 17.0442 3
    endloop
  endfacet
  facet normal -0.053875 0.82246 -0.566265
    outer loop
      vertex -24 22 0
      vertex -26.0442 23.9316 3
      vertex -25 24 3
    endloop
  endfacet
  facet normal -0.157958 -0.794213 -0.586749
    outer loop
      vertex -24.9137 -21.9401 0
      vertex -26.0442 -23.9316 3
      vertex -25.8117 -21.7615 0
    endloop
  endfacet
  facet normal 0.755591 0.256453 -0.602755
    outer loop
      vertex 30.7615 16.8117 0
      vertex 30.4672 17.6788 0
      vertex 32.7274 18.0706 3
    endloop
  endfacet
  facet normal 0.514063 0.586266 -0.626124
    outer loop
      vertex 30.6569 21.6569 3
      vertex 28.9498 19.9498 0
      vertex 29.8701 22.3468 3
    endloop
  endfacet
  facet normal 0.70754 0.348907 -0.614533
    outer loop
      vertex 32.391 19.0615 3
      vertex 30.4672 17.6788 0
      vertex 31.9282 20 3
    endloop
  endfacet
  facet normal -0.157958 0.794213 -0.586749
    outer loop
      vertex -25.8117 21.7615 0
      vertex -26.0442 23.9316 3
      vertex -24.9137 21.9401 0
    endloop
  endfacet
  facet normal -0.0539175 -0.822445 -0.566284
    outer loop
      vertex -24 -22 0
      vertex -26.0442 -23.9316 3
      vertex -24.9137 -21.9401 0
    endloop
  endfacet
  facet normal 0.707518 -0.348934 -0.614543
    outer loop
      vertex 31.9282 -20 3
      vertex 30.0622 -18.5 0
      vertex 30.4672 -17.6788 0
    endloop
  endfacet
  facet normal 0.348934 0.707518 -0.614543
    outer loop
      vertex 27.5 21.0622 0
      vertex 26.6788 21.4672 0
      vertex 29 22.9282 3
    endloop
  endfacet
  facet normal -0.794213 0.157958 -0.586749
    outer loop
      vertex -30.9401 15.9137 0
      vertex -32.9316 17.0442 3
      vertex -30.7615 16.8117 0
    endloop
  endfacet
  facet normal 0.0539175 0.822445 -0.566284
    outer loop
      vertex 24.9137 21.9401 0
      vertex 24 22 0
      vertex 26.0442 23.9316 3
    endloop
  endfacet
  facet normal 0.794205 -0.158005 -0.586747
    outer loop
      vertex 32.7274 -18.0706 3
      vertex 30.7615 -16.8117 0
      vertex 32.9316 -17.0442 3
    endloop
  endfacet
  facet normal 0.794213 -0.157958 -0.586749
    outer loop
      vertex 32.9316 -17.0442 3
      vertex 30.7615 -16.8117 0
      vertex 30.9401 -15.9137 0
    endloop
  endfacet
  facet normal 0.25651 -0.755575 -0.602751
    outer loop
      vertex 27.0706 -23.7274 3
      vertex 26.6788 -21.4672 0
      vertex 28.0615 -23.391 3
    endloop
  endfacet
  facet normal 0.348934 -0.707518 -0.614543
    outer loop
      vertex 29 -22.9282 3
      vertex 26.6788 -21.4672 0
      vertex 27.5 -21.0622 0
    endloop
  endfacet
  facet normal -0.158005 0.794205 -0.586747
    outer loop
      vertex -25.8117 21.7615 0
      vertex -27.0706 23.7274 3
      vertex -26.0442 23.9316 3
    endloop
  endfacet
  facet normal -0.755575 -0.25651 -0.602751
    outer loop
      vertex -32.391 -19.0615 3
      vertex -32.7274 -18.0706 3
      vertex -30.4672 -17.6788 0
    endloop
  endfacet
  facet normal -0.51406 0.586268 -0.626125
    outer loop
      vertex -28.9498 19.9498 0
      vertex -29.8701 22.3468 3
      vertex -28.2613 20.5535 0
    endloop
  endfacet
  facet normal -0.82246 0.053875 -0.566265
    outer loop
      vertex -31 15 0
      vertex -33 16 3
      vertex -32.9316 17.0442 3
    endloop
  endfacet
  facet normal -0.755591 0.256453 -0.602755
    outer loop
      vertex -30.7615 16.8117 0
      vertex -32.7274 18.0706 3
      vertex -30.4672 17.6788 0
    endloop
  endfacet
  facet normal -0.82246 -0.053875 -0.566265
    outer loop
      vertex -32.9316 -17.0442 3
      vertex -33 -16 3
      vertex -31 -15 0
    endloop
  endfacet
  facet normal -0.794205 -0.158005 -0.586747
    outer loop
      vertex -32.7274 -18.0706 3
      vertex -32.9316 -17.0442 3
      vertex -30.7615 -16.8117 0
    endloop
  endfacet
  facet normal -0.348907 0.70754 -0.614533
    outer loop
      vertex -26.6788 21.4672 0
      vertex -29 22.9282 3
      vertex -28.0615 23.391 3
    endloop
  endfacet
  facet normal 0.707518 0.348934 -0.614543
    outer loop
      vertex 30.4672 17.6788 0
      vertex 30.0622 18.5 0
      vertex 31.9282 20 3
    endloop
  endfacet
  facet normal 0.794205 0.158005 -0.586747
    outer loop
      vertex 32.9316 17.0442 3
      vertex 30.7615 16.8117 0
      vertex 32.7274 18.0706 3
    endloop
  endfacet
  facet normal 0.794213 0.157958 -0.586749
    outer loop
      vertex 30.9401 15.9137 0
      vertex 30.7615 16.8117 0
      vertex 32.9316 17.0442 3
    endloop
  endfacet
  facet normal 0.65086 0.434904 -0.622287
    outer loop
      vertex 31.9282 20 3
      vertex 30.0622 18.5 0
      vertex 31.3468 20.8701 3
    endloop
  endfacet
  facet normal 0.70754 -0.348907 -0.614533
    outer loop
      vertex 31.9282 -20 3
      vertex 30.4672 -17.6788 0
      vertex 32.391 -19.0615 3
    endloop
  endfacet
  facet normal -0.794205 0.158005 -0.586747
    outer loop
      vertex -30.7615 16.8117 0
      vertex -32.9316 17.0442 3
      vertex -32.7274 18.0706 3
    endloop
  endfacet
  facet normal -0.707518 0.348934 -0.614543
    outer loop
      vertex -30.4672 17.6788 0
      vertex -31.9282 20 3
      vertex -30.0622 18.5 0
    endloop
  endfacet
  facet normal -0.348934 0.707518 -0.614543
    outer loop
      vertex -27.5 21.0622 0
      vertex -29 22.9282 3
      vertex -26.6788 21.4672 0
    endloop
  endfacet
  facet normal 0.158005 -0.794205 -0.586747
    outer loop
      vertex 26.0442 -23.9316 3
      vertex 25.8117 -21.7615 0
      vertex 27.0706 -23.7274 3
    endloop
  endfacet
  facet normal 0.434904 -0.65086 -0.622287
    outer loop
      vertex 29 -22.9282 3
      vertex 27.5 -21.0622 0
      vertex 29.8701 -22.3468 3
    endloop
  endfacet
  facet normal -0.586266 0.514063 -0.626124
    outer loop
      vertex -28.9498 19.9498 0
      vertex -31.3468 20.8701 3
      vertex -30.6569 21.6569 3
    endloop
  endfacet
  facet normal -0.514063 0.586266 -0.626124
    outer loop
      vertex -28.9498 19.9498 0
      vertex -30.6569 21.6569 3
      vertex -29.8701 22.3468 3
    endloop
  endfacet
  facet normal 0.586268 0.51406 -0.626125
    outer loop
      vertex 29.5535 19.2613 0
      vertex 28.9498 19.9498 0
      vertex 31.3468 20.8701 3
    endloop
  endfacet
  facet normal 0.65086 0.434904 -0.622287
    outer loop
      vertex 30.0622 18.5 0
      vertex 29.5535 19.2613 0
      vertex 31.3468 20.8701 3
    endloop
  endfacet
  facet normal -0.65086 0.434904 -0.622287
    outer loop
      vertex -30.0622 18.5 0
      vertex -31.3468 20.8701 3
      vertex -29.5535 19.2613 0
    endloop
  endfacet
  facet normal -0.65086 0.434904 -0.622287
    outer loop
      vertex -30.0622 18.5 0
      vertex -31.9282 20 3
      vertex -31.3468 20.8701 3
    endloop
  endfacet
  facet normal 0.51406 -0.586268 -0.626125
    outer loop
      vertex 29.8701 -22.3468 3
      vertex 28.2613 -20.5535 0
      vertex 28.9498 -19.9498 0
    endloop
  endfacet
  facet normal 0.822445 -0.0539175 -0.566284
    outer loop
      vertex 32.9316 -17.0442 3
      vertex 30.9401 -15.9137 0
      vertex 31 -15 0
    endloop
  endfacet
  facet normal 0.348907 0.70754 -0.614533
    outer loop
      vertex 29 22.9282 3
      vertex 26.6788 21.4672 0
      vertex 28.0615 23.391 3
    endloop
  endfacet
  facet normal 0.586266 -0.514063 -0.626124
    outer loop
      vertex 30.6569 -21.6569 3
      vertex 28.9498 -19.9498 0
      vertex 31.3468 -20.8701 3
    endloop
  endfacet
  facet normal 0.25651 0.755575 -0.602751
    outer loop
      vertex 28.0615 23.391 3
      vertex 26.6788 21.4672 0
      vertex 27.0706 23.7274 3
    endloop
  endfacet
  facet normal 0.755575 0.25651 -0.602751
    outer loop
      vertex 32.7274 18.0706 3
      vertex 30.4672 17.6788 0
      vertex 32.391 19.0615 3
    endloop
  endfacet
  facet normal 0.82246 -0.053875 -0.566265
    outer loop
      vertex 32.9316 -17.0442 3
      vertex 31 -15 0
      vertex 33 -16 3
    endloop
  endfacet
  facet normal -0.70754 0.348907 -0.614533
    outer loop
      vertex -30.4672 17.6788 0
      vertex -32.391 19.0615 3
      vertex -31.9282 20 3
    endloop
  endfacet
  facet normal 0.586268 -0.51406 -0.626125
    outer loop
      vertex 31.3468 -20.8701 3
      vertex 28.9498 -19.9498 0
      vertex 29.5535 -19.2613 0
    endloop
  endfacet
  facet normal -0.822445 -0.0539175 -0.566284
    outer loop
      vertex -30.9401 -15.9137 0
      vertex -32.9316 -17.0442 3
      vertex -31 -15 0
    endloop
  endfacet
  facet normal 0.755575 -0.25651 -0.602751
    outer loop
      vertex 32.391 -19.0615 3
      vertex 30.4672 -17.6788 0
      vertex 32.7274 -18.0706 3
    endloop
  endfacet
  facet normal 0.256453 0.755591 -0.602755
    outer loop
      vertex 26.6788 21.4672 0
      vertex 25.8117 21.7615 0
      vertex 27.0706 23.7274 3
    endloop
  endfacet
  facet normal -0.256453 0.755591 -0.602755
    outer loop
      vertex -26.6788 21.4672 0
      vertex -27.0706 23.7274 3
      vertex -25.8117 21.7615 0
    endloop
  endfacet
  facet normal -0.25651 0.755575 -0.602751
    outer loop
      vertex -26.6788 21.4672 0
      vertex -28.0615 23.391 3
      vertex -27.0706 23.7274 3
    endloop
  endfacet
  facet normal 0 0 -1
    outer loop
      vertex -32.2336 1.33939 0
      vertex -30.9401 0.803635 0
      vertex -31.0284 0.54352 0
    endloop
  endfacet
  facet normal 0 0 -1
    outer loop
      vertex -32.3807 0.905867 0
      vertex -31.0284 0.54352 0
      vertex -31.082 0.274104 0
    endloop
  endfacet
  facet normal 0 0 -1
    outer loop
      vertex -32.4701 0.456841 0
      vertex -31.082 0.274104 0
      vertex -31.1 0 0
    endloop
  endfacet
  facet normal 0 0 -1
    outer loop
      vertex -30.9401 0.803635 0
      vertex -31.1307 2.77674 0
      vertex -31 2.86404 0
    endloop
  endfacet
  facet normal 0 0 -1
    outer loop
      vertex -32.2336 -1.33939 0
      vertex -30.9401 -0.803635 0
      vertex -32.0311 -1.75 0
    endloop
  endfacet
  facet normal -0 0 -1
    outer loop
      vertex -30.9401 -0.803635 0
      vertex -32.2336 -1.33939 0
      vertex -31.0284 -0.54352 0
    endloop
  endfacet
  facet normal 0 0 -1
    outer loop
      vertex -30.9401 0.803635 0
      vertex -31.4749 2.47487 0
      vertex -31.1307 2.77674 0
    endloop
  endfacet
  facet normal 0 0 -1
    outer loop
      vertex -32.3807 -0.905867 0
      vertex -31.0284 -0.54352 0
      vertex -32.2336 -1.33939 0
    endloop
  endfacet
  facet normal 0 0 -1
    outer loop
      vertex -30.9401 0.803635 0
      vertex -31.7767 2.13066 0
      vertex -31.4749 2.47487 0
    endloop
  endfacet
  facet normal -0 0 -1
    outer loop
      vertex -31.0284 -0.54352 0
      vertex -32.3807 -0.905867 0
      vertex -31.082 -0.274104 0
    endloop
  endfacet
  facet normal 0 0 -1
    outer loop
      vertex -30.9401 0.803635 0
      vertex -32.0311 1.75 0
      vertex -31.7767 2.13066 0
    endloop
  endfacet
  facet normal 0 0 -1
    outer loop
      vertex -32.4701 -0.456841 0
      vertex -31.082 -0.274104 0
      vertex -32.3807 -0.905867 0
    endloop
  endfacet
  facet normal 0 0 -1
    outer loop
      vertex -30.9401 0.803635 0
      vertex -32.2336 1.33939 0
      vertex -32.0311 1.75 0
    endloop
  endfacet
  facet normal -0 0 -1
    outer loop
      vertex -31.082 -0.274104 0
      vertex -32.4701 -0.456841 0
      vertex -31.1 0 0
    endloop
  endfacet
  facet normal 0 0 -1
    outer loop
      vertex -31.0284 0.54352 0
      vertex -32.3807 0.905867 0
      vertex -32.2336 1.33939 0
    endloop
  endfacet
  facet normal 0 0 -1
    outer loop
      vertex -32.5 0 0
      vertex -31.1 0 0
      vertex -32.4701 -0.456841 0
    endloop
  endfacet
  facet normal 0 0 -1
    outer loop
      vertex -31.082 0.274104 0
      vertex -32.4701 0.456841 0
      vertex -32.3807 0.905867 0
    endloop
  endfacet
  facet normal 0 0 -1
    outer loop
      vertex -31.1 0 0
      vertex -32.5 0 0
      vertex -32.4701 0.456841 0
    endloop
  endfacet
  facet normal -0 0 -1
    outer loop
      vertex 24 22 0
      vertex -26.9716 0.54352 0
      vertex -24 22 0
    endloop
  endfacet
  facet normal 0 0 -1
    outer loop
      vertex -27.0599 0.803635 0
      vertex -24 22 0
      vertex -26.9716 0.54352 0
    endloop
  endfacet
  facet normal 0 0 -1
    outer loop
      vertex -27.1813 1.05 0
      vertex -24 22 0
      vertex -27.0599 0.803635 0
    endloop
  endfacet
  facet normal 0 0 -1
    outer loop
      vertex -27.334 1.2784 0
      vertex -24 22 0
      vertex -27.1813 1.05 0
    endloop
  endfacet
  facet normal 0 0 -1
    outer loop
      vertex -27.5151 1.48492 0
      vertex -24 22 0
      vertex -27.334 1.2784 0
    endloop
  endfacet
  facet normal 0 0 -1
    outer loop
      vertex -31 15 0
      vertex -24 22 0
      vertex -27.5151 1.48492 0
    endloop
  endfacet
  facet normal 0 0 -1
    outer loop
      vertex -24 22 0
      vertex -31 15 0
      vertex -26.6788 21.4672 0
    endloop
  endfacet
  facet normal 0 0 -1
    outer loop
      vertex -31 15 0
      vertex -27.5151 1.48492 0
      vertex -27.7216 1.66604 0
    endloop
  endfacet
  facet normal 0 0 -1
    outer loop
      vertex -31 15 0
      vertex -27.7216 1.66604 0
      vertex -27.95 1.81865 0
    endloop
  endfacet
  facet normal 0 0 -1
    outer loop
      vertex -31 15 0
      vertex -27.95 1.81865 0
      vertex -28.1964 1.94015 0
    endloop
  endfacet
  facet normal 0 0 -1
    outer loop
      vertex -26.6788 21.4672 0
      vertex -31 15 0
      vertex -27.5 21.0622 0
    endloop
  endfacet
  facet normal 0 0 -1
    outer loop
      vertex -31 15 0
      vertex -28.1964 1.94015 0
      vertex -28.4565 2.02844 0
    endloop
  endfacet
  facet normal 0 0 -1
    outer loop
      vertex -31 15 0
      vertex -28.4565 2.02844 0
      vertex -28.7259 2.08203 0
    endloop
  endfacet
  facet normal 0 0 -1
    outer loop
      vertex -27.5 21.0622 0
      vertex -31 15 0
      vertex -28.2613 20.5535 0
    endloop
  endfacet
  facet normal 0 0 -1
    outer loop
      vertex -31 2.86404 0
      vertex -28.7259 2.08203 0
      vertex -29 2.1 0
    endloop
  endfacet
  facet normal 0 0 -1
    outer loop
      vertex -31 2.86404 0
      vertex -29 2.1 0
      vertex -29.2741 2.08203 0
    endloop
  endfacet
  facet normal 0 0 -1
    outer loop
      vertex -31 2.86404 0
      vertex -29.2741 2.08203 0
      vertex -29.5435 2.02844 0
    endloop
  endfacet
  facet normal 0 0 -1
    outer loop
      vertex -28.2613 20.5535 0
      vertex -31 15 0
      vertex -28.9498 19.9498 0
    endloop
  endfacet
  facet normal 0 0 -1
    outer loop
      vertex -31 2.86404 0
      vertex -29.5435 2.02844 0
      vertex -29.8036 1.94015 0
    endloop
  endfacet
  facet normal 0 0 -1
    outer loop
      vertex -31 2.86404 0
      vertex -29.8036 1.94015 0
      vertex -30.05 1.81865 0
    endloop
  endfacet
  facet normal 0 0 -1
    outer loop
      vertex -28.9498 19.9498 0
      vertex -31 15 0
      vertex -29.5535 19.2613 0
    endloop
  endfacet
  facet normal 0 0 -1
    outer loop
      vertex -31 2.86404 0
      vertex -30.05 1.81865 0
      vertex -30.2784 1.66604 0
    endloop
  endfacet
  facet normal 0 0 -1
    outer loop
      vertex -29.5535 19.2613 0
      vertex -31 15 0
      vertex -30.0622 18.5 0
    endloop
  endfacet
  facet normal 0 0 -1
    outer loop
      vertex -31 2.86404 0
      vertex -30.2784 1.66604 0
      vertex -30.4849 1.48492 0
    endloop
  endfacet
  facet normal 0 0 -1
    outer loop
      vertex -31 2.86404 0
      vertex -30.4849 1.48492 0
      vertex -30.666 1.2784 0
    endloop
  endfacet
  facet normal 0 0 -1
    outer loop
      vertex -30.0622 18.5 0
      vertex -31 15 0
      vertex -30.4672 17.6788 0
    endloop
  endfacet
  facet normal 0 0 -1
    outer loop
      vertex -31 2.86404 0
      vertex -30.666 1.2784 0
      vertex -30.8187 1.05 0
    endloop
  endfacet
  facet normal 0 0 -1
    outer loop
      vertex -28.7259 2.08203 0
      vertex -31 2.86404 0
      vertex -31 15 0
    endloop
  endfacet
  facet normal 0 0 -1
    outer loop
      vertex -31 2.86404 0
      vertex -30.8187 1.05 0
      vertex -30.9401 0.803635 0
    endloop
  endfacet
  facet normal 0 0 -1
    outer loop
      vertex -30.4672 17.6788 0
      vertex -31 15 0
      vertex -30.7615 16.8117 0
    endloop
  endfacet
  facet normal 0 0 -1
    outer loop
      vertex -30.7615 16.8117 0
      vertex -31 15 0
      vertex -30.9401 15.9137 0
    endloop
  endfacet
  facet normal 0 0 -1
    outer loop
      vertex 28.7259 -2.08203 0
      vertex 31 -2.86404 0
      vertex 31 -15 0
    endloop
  endfacet
  facet normal 0 0 -1
    outer loop
      vertex 24 -22 0
      vertex 31 -15 0
      vertex 30.9401 -15.9137 0
    endloop
  endfacet
  facet normal 0 0 -1
    outer loop
      vertex 31 -2.86404 0
      vertex 30.8187 -1.05 0
      vertex 30.9401 -0.803635 0
    endloop
  endfacet
  facet normal 0 0 -1
    outer loop
      vertex 24 -22 0
      vertex 30.9401 -15.9137 0
      vertex 30.7615 -16.8117 0
    endloop
  endfacet
  facet normal 0 0 -1
    outer loop
      vertex 31 -2.86404 0
      vertex 30.666 -1.2784 0
      vertex 30.8187 -1.05 0
    endloop
  endfacet
  facet normal 0 0 -1
    outer loop
      vertex 31 -2.86404 0
      vertex 30.4849 -1.48492 0
      vertex 30.666 -1.2784 0
    endloop
  endfacet
  facet normal 0 0 -1
    outer loop
      vertex 24 -22 0
      vertex 30.7615 -16.8117 0
      vertex 30.4672 -17.6788 0
    endloop
  endfacet
  facet normal 0 0 -1
    outer loop
      vertex 31 -2.86404 0
      vertex 30.2784 -1.66604 0
      vertex 30.4849 -1.48492 0
    endloop
  endfacet
  facet normal 0 0 -1
    outer loop
      vertex 24 -22 0
      vertex 30.4672 -17.6788 0
      vertex 30.0622 -18.5 0
    endloop
  endfacet
  facet normal 0 0 -1
    outer loop
      vertex 31 -2.86404 0
      vertex 30.05 -1.81865 0
      vertex 30.2784 -1.66604 0
    endloop
  endfacet
  facet normal 0 0 -1
    outer loop
      vertex 31 -2.86404 0
      vertex 29.8036 -1.94015 0
      vertex 30.05 -1.81865 0
    endloop
  endfacet
  facet normal 0 0 -1
    outer loop
      vertex 24 -22 0
      vertex 30.0622 -18.5 0
      vertex 29.5535 -19.2613 0
    endloop
  endfacet
  facet normal 0 0 -1
    outer loop
      vertex 31 -2.86404 0
      vertex 29.5435 -2.02844 0
      vertex 29.8036 -1.94015 0
    endloop
  endfacet
  facet normal 0 0 -1
    outer loop
      vertex 31 -2.86404 0
      vertex 29.2741 -2.08203 0
      vertex 29.5435 -2.02844 0
    endloop
  endfacet
  facet normal 0 0 -1
    outer loop
      vertex 31 -2.86404 0
      vertex 29 -2.1 0
      vertex 29.2741 -2.08203 0
    endloop
  endfacet
  facet normal 0 0 -1
    outer loop
      vertex 24 -22 0
      vertex 29.5535 -19.2613 0
      vertex 28.9498 -19.9498 0
    endloop
  endfacet
  facet normal 0 0 -1
    outer loop
      vertex 31 -2.86404 0
      vertex 28.7259 -2.08203 0
      vertex 29 -2.1 0
    endloop
  endfacet
  facet normal 0 0 -1
    outer loop
      vertex 31 -15 0
      vertex 28.4565 -2.02844 0
      vertex 28.7259 -2.08203 0
    endloop
  endfacet
  facet normal 0 0 -1
    outer loop
      vertex 24 -22 0
      vertex 28.9498 -19.9498 0
      vertex 28.2613 -20.5535 0
    endloop
  endfacet
  facet normal 0 0 -1
    outer loop
      vertex 31 -15 0
      vertex 28.1964 -1.94015 0
      vertex 28.4565 -2.02844 0
    endloop
  endfacet
  facet normal 0 0 -1
    outer loop
      vertex 31 -15 0
      vertex 27.95 -1.81865 0
      vertex 28.1964 -1.94015 0
    endloop
  endfacet
  facet normal -0 0 -1
    outer loop
      vertex 31 -15 0
      vertex 24 -22 0
      vertex 27.7216 -1.66604 0
    endloop
  endfacet
  facet normal 0 0 -1
    outer loop
      vertex 31 -15 0
      vertex 27.7216 -1.66604 0
      vertex 27.95 -1.81865 0
    endloop
  endfacet
  facet normal 0 0 -1
    outer loop
      vertex 24 -22 0
      vertex 28.2613 -20.5535 0
      vertex 27.5 -21.0622 0
    endloop
  endfacet
  facet normal -0 0 -1
    outer loop
      vertex 27.7216 -1.66604 0
      vertex 24 -22 0
      vertex 27.5151 -1.48492 0
    endloop
  endfacet
  facet normal -0 0 -1
    outer loop
      vertex 27.5151 -1.48492 0
      vertex 24 -22 0
      vertex 27.334 -1.2784 0
    endloop
  endfacet
  facet normal -0 0 -1
    outer loop
      vertex 27.334 -1.2784 0
      vertex 24 -22 0
      vertex 27.1813 -1.05 0
    endloop
  endfacet
  facet normal -0 0 -1
    outer loop
      vertex 27.1813 -1.05 0
      vertex 24 -22 0
      vertex 27.0599 -0.803635 0
    endloop
  endfacet
  facet normal -0 0 -1
    outer loop
      vertex 27.0599 -0.803635 0
      vertex 24 -22 0
      vertex 26.9716 -0.54352 0
    endloop
  endfacet
  facet normal 0 0 -1
    outer loop
      vertex -26.9716 -0.54352 0
      vertex 26.9716 -0.54352 0
      vertex 24 -22 0
    endloop
  endfacet
  facet normal 0 0 -1
    outer loop
      vertex 24 -22 0
      vertex 27.5 -21.0622 0
      vertex 26.6788 -21.4672 0
    endloop
  endfacet
  facet normal 0 0 -1
    outer loop
      vertex 31.1 0 0
      vertex 32.5 0 0
      vertex 32.4701 -0.456841 0
    endloop
  endfacet
  facet normal 0 0 -1
    outer loop
      vertex 31.082 -0.274104 0
      vertex 32.4701 -0.456841 0
      vertex 32.3807 -0.905867 0
    endloop
  endfacet
  facet normal 0 0 -1
    outer loop
      vertex 32.5 0 0
      vertex 31.1 0 0
      vertex 32.4701 0.456841 0
    endloop
  endfacet
  facet normal 0 0 -1
    outer loop
      vertex 31.0284 -0.54352 0
      vertex 32.3807 -0.905867 0
      vertex 32.2336 -1.33939 0
    endloop
  endfacet
  facet normal 0 0 -1
    outer loop
      vertex 31.082 0.274104 0
      vertex 32.4701 0.456841 0
      vertex 31.1 0 0
    endloop
  endfacet
  facet normal 0 0 -1
    outer loop
      vertex 30.9401 -0.803635 0
      vertex 32.2336 -1.33939 0
      vertex 32.0311 -1.75 0
    endloop
  endfacet
  facet normal -0 0 -1
    outer loop
      vertex 32.4701 0.456841 0
      vertex 31.082 0.274104 0
      vertex 32.3807 0.905867 0
    endloop
  endfacet
  facet normal 0 0 -1
    outer loop
      vertex 30.9401 -0.803635 0
      vertex 32.0311 -1.75 0
      vertex 31.7767 -2.13066 0
    endloop
  endfacet
  facet normal 0 0 -1
    outer loop
      vertex 31.0284 0.54352 0
      vertex 32.3807 0.905867 0
      vertex 31.082 0.274104 0
    endloop
  endfacet
  facet normal 0 0 -1
    outer loop
      vertex 30.9401 -0.803635 0
      vertex 31.7767 -2.13066 0
      vertex 31.4749 -2.47487 0
    endloop
  endfacet
  facet normal -0 0 -1
    outer loop
      vertex 32.3807 0.905867 0
      vertex 31.0284 0.54352 0
      vertex 32.2336 1.33939 0
    endloop
  endfacet
  facet normal 0 0 -1
    outer loop
      vertex 30.9401 -0.803635 0
      vertex 31.4749 -2.47487 0
      vertex 31.1307 -2.77674 0
    endloop
  endfacet
  facet normal 0 0 -1
    outer loop
      vertex 30.9401 0.803635 0
      vertex 32.2336 1.33939 0
      vertex 31.0284 0.54352 0
    endloop
  endfacet
  facet normal -0 0 -1
    outer loop
      vertex 32.2336 1.33939 0
      vertex 30.9401 0.803635 0
      vertex 32.0311 1.75 0
    endloop
  endfacet
  facet normal 0 0 -1
    outer loop
      vertex 32.4701 -0.456841 0
      vertex 31.082 -0.274104 0
      vertex 31.1 0 0
    endloop
  endfacet
  facet normal 0 0 -1
    outer loop
      vertex 32.3807 -0.905867 0
      vertex 31.0284 -0.54352 0
      vertex 31.082 -0.274104 0
    endloop
  endfacet
  facet normal 0 0 -1
    outer loop
      vertex 30.9401 -0.803635 0
      vertex 31.1307 -2.77674 0
      vertex 31 -2.86404 0
    endloop
  endfacet
  facet normal 0 0 -1
    outer loop
      vertex 32.2336 -1.33939 0
      vertex 30.9401 -0.803635 0
      vertex 31.0284 -0.54352 0
    endloop
  endfacet
  facet normal 0 0 -1
    outer loop
      vertex 30.8187 1.05 0
      vertex 32.0311 1.75 0
      vertex 30.9401 0.803635 0
    endloop
  endfacet
  facet normal -0 0 -1
    outer loop
      vertex 32.0311 1.75 0
      vertex 30.8187 1.05 0
      vertex 31.7767 2.13066 0
    endloop
  endfacet
  facet normal 0 0 -1
    outer loop
      vertex 30.666 1.2784 0
      vertex 31.7767 2.13066 0
      vertex 30.8187 1.05 0
    endloop
  endfacet
  facet normal -0 0 -1
    outer loop
      vertex 31.7767 2.13066 0
      vertex 30.666 1.2784 0
      vertex 31.4749 2.47487 0
    endloop
  endfacet
  facet normal 0 0 -1
    outer loop
      vertex 30.4849 1.48492 0
      vertex 31.4749 2.47487 0
      vertex 30.666 1.2784 0
    endloop
  endfacet
  facet normal -0 0 -1
    outer loop
      vertex 31.4749 2.47487 0
      vertex 30.4849 1.48492 0
      vertex 31.1307 2.77674 0
    endloop
  endfacet
  facet normal 0 0 -1
    outer loop
      vertex 30.2784 1.66604 0
      vertex 31.1307 2.77674 0
      vertex 30.4849 1.48492 0
    endloop
  endfacet
  facet normal -0 0 -1
    outer loop
      vertex 31.1307 2.77674 0
      vertex 30.2784 1.66604 0
      vertex 31 2.86404 0
    endloop
  endfacet
  facet normal 0 0 -1
    outer loop
      vertex 30.05 1.81865 0
      vertex 31 2.86404 0
      vertex 30.2784 1.66604 0
    endloop
  endfacet
  facet normal 0 0 -1
    outer loop
      vertex 29.8036 1.94015 0
      vertex 31 2.86404 0
      vertex 30.05 1.81865 0
    endloop
  endfacet
  facet normal 0 0 -1
    outer loop
      vertex 29.5435 2.02844 0
      vertex 31 2.86404 0
      vertex 29.8036 1.94015 0
    endloop
  endfacet
  facet normal 0 0 -1
    outer loop
      vertex 29.2741 2.08203 0
      vertex 31 2.86404 0
      vertex 29.5435 2.02844 0
    endloop
  endfacet
  facet normal 0 0 -1
    outer loop
      vertex 29 2.1 0
      vertex 31 2.86404 0
      vertex 29.2741 2.08203 0
    endloop
  endfacet
  facet normal 0 0 -1
    outer loop
      vertex 28.7259 2.08203 0
      vertex 31 2.86404 0
      vertex 29 2.1 0
    endloop
  endfacet
  facet normal -0 0 -1
    outer loop
      vertex 31 2.86404 0
      vertex 28.7259 2.08203 0
      vertex 31 15 0
    endloop
  endfacet
  facet normal 0 0 -1
    outer loop
      vertex 28.4565 2.02844 0
      vertex 31 15 0
      vertex 28.7259 2.08203 0
    endloop
  endfacet
  facet normal 0 0 -1
    outer loop
      vertex 28.1964 1.94015 0
      vertex 31 15 0
      vertex 28.4565 2.02844 0
    endloop
  endfacet
  facet normal 0 0 -1
    outer loop
      vertex 27.95 1.81865 0
      vertex 31 15 0
      vertex 28.1964 1.94015 0
    endloop
  endfacet
  facet normal 0 0 -1
    outer loop
      vertex 27.7216 1.66604 0
      vertex 31 15 0
      vertex 27.95 1.81865 0
    endloop
  endfacet
  facet normal 0 0 -1
    outer loop
      vertex 24 22 0
      vertex 31 15 0
      vertex 27.7216 1.66604 0
    endloop
  endfacet
  facet normal 0 0 -1
    outer loop
      vertex 31 15 0
      vertex 24 22 0
      vertex 30.9401 15.9137 0
    endloop
  endfacet
  facet normal 0 0 -1
    outer loop
      vertex 30.9401 15.9137 0
      vertex 24 22 0
      vertex 30.7615 16.8117 0
    endloop
  endfacet
  facet normal 0 0 -1
    outer loop
      vertex 30.4672 17.6788 0
      vertex 24 22 0
      vertex 30.0622 18.5 0
    endloop
  endfacet
  facet normal 0 0 -1
    outer loop
      vertex 30.0622 18.5 0
      vertex 24 22 0
      vertex 29.5535 19.2613 0
    endloop
  endfacet
  facet normal 0 0 -1
    outer loop
      vertex 29.5535 19.2613 0
      vertex 24 22 0
      vertex 28.9498 19.9498 0
    endloop
  endfacet
  facet normal 0 0 -1
    outer loop
      vertex 30.7615 16.8117 0
      vertex 24 22 0
      vertex 30.4672 17.6788 0
    endloop
  endfacet
  facet normal 0 0 -1
    outer loop
      vertex 24 22 0
      vertex 27.7216 1.66604 0
      vertex 27.5151 1.48492 0
    endloop
  endfacet
  facet normal 0 0 -1
    outer loop
      vertex 28.9498 19.9498 0
      vertex 24 22 0
      vertex 28.2613 20.5535 0
    endloop
  endfacet
  facet normal 0 0 -1
    outer loop
      vertex 24 22 0
      vertex 27.5151 1.48492 0
      vertex 27.334 1.2784 0
    endloop
  endfacet
  facet normal 0 0 -1
    outer loop
      vertex 24 22 0
      vertex 27.334 1.2784 0
      vertex 27.1813 1.05 0
    endloop
  endfacet
  facet normal 0 0 -1
    outer loop
      vertex 24 22 0
      vertex 27.1813 1.05 0
      vertex 27.0599 0.803635 0
    endloop
  endfacet
  facet normal 0 0 -1
    outer loop
      vertex 24 22 0
      vertex 27.0599 0.803635 0
      vertex 26.9716 0.54352 0
    endloop
  endfacet
  facet normal 0 0 -1
    outer loop
      vertex -26.918 0.274104 0
      vertex 26.918 0.274104 0
      vertex -26.9 0 0
    endloop
  endfacet
  facet normal 0 0 -1
    outer loop
      vertex -26.9 0 0
      vertex 26.918 0.274104 0
      vertex 26.9 0 0
    endloop
  endfacet
  facet normal 0 0 -1
    outer loop
      vertex 28.2613 20.5535 0
      vertex 24 22 0
      vertex 27.5 21.0622 0
    endloop
  endfacet
  facet normal 0 0 -1
    outer loop
      vertex 26.9716 -0.54352 0
      vertex -26.9716 -0.54352 0
      vertex 26.918 -0.274104 0
    endloop
  endfacet
  facet normal 0 0 -1
    outer loop
      vertex 24 -22 0
      vertex 26.6788 -21.4672 0
      vertex 25.8117 -21.7615 0
    endloop
  endfacet
  facet normal 0 -0 -1
    outer loop
      vertex -26.918 -0.274104 0
      vertex 26.918 -0.274104 0
      vertex -26.9716 -0.54352 0
    endloop
  endfacet
  facet normal 0 0 -1
    outer loop
      vertex 24 -22 0
      vertex 25.8117 -21.7615 0
      vertex 24.9137 -21.9401 0
    endloop
  endfacet
  facet normal 0 0 -1
    outer loop
      vertex 27.5 21.0622 0
      vertex 24 22 0
      vertex 26.6788 21.4672 0
    endloop
  endfacet
  facet normal 0 0 -1
    outer loop
      vertex 26.6788 21.4672 0
      vertex 24 22 0
      vertex 25.8117 21.7615 0
    endloop
  endfacet
  facet normal 0 0 -1
    outer loop
      vertex 25.8117 21.7615 0
      vertex 24 22 0
      vertex 24.9137 21.9401 0
    endloop
  endfacet
  facet normal 0 0 -1
    outer loop
      vertex -26.9716 -0.54352 0
      vertex 24 -22 0
      vertex -24 -22 0
    endloop
  endfacet
  facet normal -0 0 -1
    outer loop
      vertex 26.9 0 0
      vertex -26.918 -0.274104 0
      vertex -26.9 0 0
    endloop
  endfacet
  facet normal 0 0 -1
    outer loop
      vertex -31 -15 0
      vertex -24 -22 0
      vertex -24.9137 -21.9401 0
    endloop
  endfacet
  facet normal 0 0 -1
    outer loop
      vertex -26.9716 0.54352 0
      vertex 26.9716 0.54352 0
      vertex -26.918 0.274104 0
    endloop
  endfacet
  facet normal 0 0 -1
    outer loop
      vertex -31 -15 0
      vertex -24.9137 -21.9401 0
      vertex -25.8117 -21.7615 0
    endloop
  endfacet
  facet normal 0 0 -1
    outer loop
      vertex 26.9716 0.54352 0
      vertex -26.9716 0.54352 0
      vertex 24 22 0
    endloop
  endfacet
  facet normal 0 0 -1
    outer loop
      vertex -31 -15 0
      vertex -25.8117 -21.7615 0
      vertex -26.6788 -21.4672 0
    endloop
  endfacet
  facet normal 0 0 -1
    outer loop
      vertex -24 22 0
      vertex -26.6788 21.4672 0
      vertex -24.9137 21.9401 0
    endloop
  endfacet
  facet normal 0 0 -1
    outer loop
      vertex -24.9137 21.9401 0
      vertex -26.6788 21.4672 0
      vertex -25.8117 21.7615 0
    endloop
  endfacet
  facet normal 0 0 -1
    outer loop
      vertex 26.918 0.274104 0
      vertex -26.918 0.274104 0
      vertex 26.9716 0.54352 0
    endloop
  endfacet
  facet normal 0 0 -1
    outer loop
      vertex 26.918 -0.274104 0
      vertex -26.918 -0.274104 0
      vertex 26.9 0 0
    endloop
  endfacet
  facet normal 0 0 -1
    outer loop
      vertex -24 -22 0
      vertex -27.0599 -0.803635 0
      vertex -26.9716 -0.54352 0
    endloop
  endfacet
  facet normal 0 0 -1
    outer loop
      vertex -24 -22 0
      vertex -27.1813 -1.05 0
      vertex -27.0599 -0.803635 0
    endloop
  endfacet
  facet normal 0 0 -1
    outer loop
      vertex -24 -22 0
      vertex -27.334 -1.2784 0
      vertex -27.1813 -1.05 0
    endloop
  endfacet
  facet normal 0 0 -1
    outer loop
      vertex -31 -15 0
      vertex -26.6788 -21.4672 0
      vertex -27.5 -21.0622 0
    endloop
  endfacet
  facet normal 0 0 -1
    outer loop
      vertex -24 -22 0
      vertex -27.5151 -1.48492 0
      vertex -27.334 -1.2784 0
    endloop
  endfacet
  facet normal 0 0 -1
    outer loop
      vertex -24 -22 0
      vertex -31 -15 0
      vertex -27.5151 -1.48492 0
    endloop
  endfacet
  facet normal 0 0 -1
    outer loop
      vertex -27.5151 -1.48492 0
      vertex -31 -15 0
      vertex -27.7216 -1.66604 0
    endloop
  endfacet
  facet normal 0 0 -1
    outer loop
      vertex -27.7216 -1.66604 0
      vertex -31 -15 0
      vertex -27.95 -1.81865 0
    endloop
  endfacet
  facet normal 0 0 -1
    outer loop
      vertex -31 -15 0
      vertex -27.5 -21.0622 0
      vertex -28.2613 -20.5535 0
    endloop
  endfacet
  facet normal 0 0 -1
    outer loop
      vertex -27.95 -1.81865 0
      vertex -31 -15 0
      vertex -28.1964 -1.94015 0
    endloop
  endfacet
  facet normal 0 0 -1
    outer loop
      vertex -28.1964 -1.94015 0
      vertex -31 -15 0
      vertex -28.4565 -2.02844 0
    endloop
  endfacet
  facet normal 0 0 -1
    outer loop
      vertex -31 -15 0
      vertex -28.2613 -20.5535 0
      vertex -28.9498 -19.9498 0
    endloop
  endfacet
  facet normal 0 0 -1
    outer loop
      vertex -28.4565 -2.02844 0
      vertex -31 -15 0
      vertex -28.7259 -2.08203 0
    endloop
  endfacet
  facet normal 0 0 -1
    outer loop
      vertex -31 -2.86404 0
      vertex -28.7259 -2.08203 0
      vertex -31 -15 0
    endloop
  endfacet
  facet normal 0 0 -1
    outer loop
      vertex -28.7259 -2.08203 0
      vertex -31 -2.86404 0
      vertex -29 -2.1 0
    endloop
  endfacet
  facet normal 0 0 -1
    outer loop
      vertex -31 -15 0
      vertex -28.9498 -19.9498 0
      vertex -29.5535 -19.2613 0
    endloop
  endfacet
  facet normal -0 0 -1
    outer loop
      vertex -29 -2.1 0
      vertex -31 -2.86404 0
      vertex -29.2741 -2.08203 0
    endloop
  endfacet
  facet normal -0 0 -1
    outer loop
      vertex -29.2741 -2.08203 0
      vertex -31 -2.86404 0
      vertex -29.5435 -2.02844 0
    endloop
  endfacet
  facet normal 0 0 -1
    outer loop
      vertex -31 -15 0
      vertex -29.5535 -19.2613 0
      vertex -30.0622 -18.5 0
    endloop
  endfacet
  facet normal -0 0 -1
    outer loop
      vertex -29.5435 -2.02844 0
      vertex -31 -2.86404 0
      vertex -29.8036 -1.94015 0
    endloop
  endfacet
  facet normal 0 0 -1
    outer loop
      vertex -31 -15 0
      vertex -30.0622 -18.5 0
      vertex -30.4672 -17.6788 0
    endloop
  endfacet
  facet normal -0 0 -1
    outer loop
      vertex -29.8036 -1.94015 0
      vertex -31 -2.86404 0
      vertex -30.05 -1.81865 0
    endloop
  endfacet
  facet normal -0 0 -1
    outer loop
      vertex -30.05 -1.81865 0
      vertex -31 -2.86404 0
      vertex -30.2784 -1.66604 0
    endloop
  endfacet
  facet normal 0 0 -1
    outer loop
      vertex -31 -15 0
      vertex -30.4672 -17.6788 0
      vertex -30.7615 -16.8117 0
    endloop
  endfacet
  facet normal 0 0 -1
    outer loop
      vertex -31.1307 -2.77674 0
      vertex -30.2784 -1.66604 0
      vertex -31 -2.86404 0
    endloop
  endfacet
  facet normal 0 0 -1
    outer loop
      vertex -31 -15 0
      vertex -30.7615 -16.8117 0
      vertex -30.9401 -15.9137 0
    endloop
  endfacet
  facet normal -0 0 -1
    outer loop
      vertex -30.2784 -1.66604 0
      vertex -31.1307 -2.77674 0
      vertex -30.4849 -1.48492 0
    endloop
  endfacet
  facet normal 0 0 -1
    outer loop
      vertex -31.4749 -2.47487 0
      vertex -30.4849 -1.48492 0
      vertex -31.1307 -2.77674 0
    endloop
  endfacet
  facet normal -0 0 -1
    outer loop
      vertex -30.4849 -1.48492 0
      vertex -31.4749 -2.47487 0
      vertex -30.666 -1.2784 0
    endloop
  endfacet
  facet normal 0 0 -1
    outer loop
      vertex -31.7767 -2.13066 0
      vertex -30.666 -1.2784 0
      vertex -31.4749 -2.47487 0
    endloop
  endfacet
  facet normal -0 0 -1
    outer loop
      vertex -30.666 -1.2784 0
      vertex -31.7767 -2.13066 0
      vertex -30.8187 -1.05 0
    endloop
  endfacet
  facet normal 0 0 -1
    outer loop
      vertex -32.0311 -1.75 0
      vertex -30.8187 -1.05 0
      vertex -31.7767 -2.13066 0
    endloop
  endfacet
  facet normal -0 0 -1
    outer loop
      vertex -30.8187 -1.05 0
      vertex -32.0311 -1.75 0
      vertex -30.9401 -0.803635 0
    endloop
  endfacet
  facet normal -0.434904 0.65086 -0.622287
    outer loop
      vertex -27.5 21.0622 0
      vertex -29.8701 22.3468 3
      vertex -29 22.9282 3
    endloop
  endfacet
  facet normal 0.434904 0.65086 -0.622287
    outer loop
      vertex 29.8701 22.3468 3
      vertex 27.5 21.0622 0
      vertex 29 22.9282 3
    endloop
  endfacet
  facet normal -0.755575 0.25651 -0.602751
    outer loop
      vertex -30.4672 17.6788 0
      vertex -32.7274 18.0706 3
      vertex -32.391 19.0615 3
    endloop
  endfacet
  facet normal 0 0 1
    outer loop
      vertex -33 -16 3
      vertex -30.6 -16 3
      vertex -30.6 -3.10506 3
    endloop
  endfacet
  facet normal 0 0 1
    outer loop
      vertex -33 -16 3
      vertex -30.6 -3.10506 3
      vertex -30.75 -3.03109 3
    endloop
  endfacet
  facet normal 0 0 1
    outer loop
      vertex -33 -16 3
      vertex -30.75 -3.03109 3
      vertex -31.1307 -2.77674 3
    endloop
  endfacet
  facet normal 0 -0 1
    outer loop
      vertex -32.9316 -17.0442 3
      vertex -30.6 -16 3
      vertex -33 -16 3
    endloop
  endfacet
  facet normal 0 0 1
    outer loop
      vertex -33 -16 3
      vertex -31.1307 -2.77674 3
      vertex -31.4749 -2.47487 3
    endloop
  endfacet
  facet normal 0 0 1
    outer loop
      vertex -33 -16 3
      vertex -31.4749 -2.47487 3
      vertex -31.7767 -2.13066 3
    endloop
  endfacet
  facet normal 0 0 1
    outer loop
      vertex -30.6 -16 3
      vertex -31.3468 -20.8701 3
      vertex -30.6569 -21.6569 3
    endloop
  endfacet
  facet normal 0 0 1
    outer loop
      vertex -33 -16 3
      vertex -31.7767 -2.13066 3
      vertex -32.0311 -1.75 3
    endloop
  endfacet
  facet normal 0 0 1
    outer loop
      vertex -33 -16 3
      vertex -32.0311 -1.75 3
      vertex -32.2336 -1.33939 3
    endloop
  endfacet
  facet normal 0 0 1
    outer loop
      vertex -33 -16 3
      vertex -32.2336 -1.33939 3
      vertex -32.3807 -0.905867 3
    endloop
  endfacet
  facet normal 0 0 1
    outer loop
      vertex -30.6 -16 3
      vertex -31.9282 -20 3
      vertex -31.3468 -20.8701 3
    endloop
  endfacet
  facet normal 0 0 1
    outer loop
      vertex -33 -16 3
      vertex -32.3807 -0.905867 3
      vertex -32.4701 -0.456841 3
    endloop
  endfacet
  facet normal 0 0 1
    outer loop
      vertex -33 -16 3
      vertex -32.4701 -0.456841 3
      vertex -32.5 0 3
    endloop
  endfacet
  facet normal 0 0 1
    outer loop
      vertex -32.4701 0.456841 3
      vertex -33 16 3
      vertex -32.5 0 3
    endloop
  endfacet
  facet normal 0 0 1
    outer loop
      vertex -33 -16 3
      vertex -32.5 0 3
      vertex -33 16 3
    endloop
  endfacet
  facet normal 0 0 1
    outer loop
      vertex -33 16 3
      vertex -32.7274 18.0706 3
      vertex -32.9316 17.0442 3
    endloop
  endfacet
  facet normal 0 0 1
    outer loop
      vertex -30.6 -16 3
      vertex -32.391 -19.0615 3
      vertex -31.9282 -20 3
    endloop
  endfacet
  facet normal 0 0 1
    outer loop
      vertex -30.6 -16 3
      vertex -32.7274 -18.0706 3
      vertex -32.391 -19.0615 3
    endloop
  endfacet
  facet normal 0 0 1
    outer loop
      vertex -30.6 -16 3
      vertex -32.9316 -17.0442 3
      vertex -32.7274 -18.0706 3
    endloop
  endfacet
  facet normal 0 0 1
    outer loop
      vertex 32.9316 17.0442 3
      vertex 30.5521 16.7309 3
      vertex 30.6 16 3
    endloop
  endfacet
  facet normal 0 0 1
    outer loop
      vertex 31.3468 20.8701 3
      vertex 30.4092 17.4494 3
      vertex 30.5521 16.7309 3
    endloop
  endfacet
  facet normal 0 0 1
    outer loop
      vertex 31.3468 20.8701 3
      vertex 30.1737 18.143 3
      vertex 30.4092 17.4494 3
    endloop
  endfacet
  facet normal 0 0 1
    outer loop
      vertex 28.9598 19.9598 3
      vertex 30.6569 21.6569 3
      vertex 29.8701 22.3468 3
    endloop
  endfacet
  facet normal 0 0 1
    outer loop
      vertex 31.3468 20.8701 3
      vertex 29.8497 18.8 3
      vertex 30.1737 18.143 3
    endloop
  endfacet
  facet normal 0 0 1
    outer loop
      vertex 31.3468 20.8701 3
      vertex 29.4428 19.4091 3
      vertex 29.8497 18.8 3
    endloop
  endfacet
  facet normal 0 0 1
    outer loop
      vertex 28.4091 20.4428 3
      vertex 29.8701 22.3468 3
      vertex 29 22.9282 3
    endloop
  endfacet
  facet normal 0 0 1
    outer loop
      vertex 30.6569 21.6569 3
      vertex 28.9598 19.9598 3
      vertex 29.4428 19.4091 3
    endloop
  endfacet
  facet normal 0 0 1
    outer loop
      vertex 29.8701 22.3468 3
      vertex 28.4091 20.4428 3
      vertex 28.9598 19.9598 3
    endloop
  endfacet
  facet normal 0 0 1
    outer loop
      vertex 27.8 20.8497 3
      vertex 29 22.9282 3
      vertex 28.0615 23.391 3
    endloop
  endfacet
  facet normal 0 0 1
    outer loop
      vertex 29 22.9282 3
      vertex 27.8 20.8497 3
      vertex 28.4091 20.4428 3
    endloop
  endfacet
  facet normal 0 0 1
    outer loop
      vertex 28.0615 23.391 3
      vertex 27.143 21.1737 3
      vertex 27.8 20.8497 3
    endloop
  endfacet
  facet normal 0 0 1
    outer loop
      vertex 27.0706 23.7274 3
      vertex 27.143 21.1737 3
      vertex 28.0615 23.391 3
    endloop
  endfacet
  facet normal 0 0 1
    outer loop
      vertex 27.0706 23.7274 3
      vertex 26.4494 21.4092 3
      vertex 27.143 21.1737 3
    endloop
  endfacet
  facet normal 0 0 1
    outer loop
      vertex 26.0442 23.9316 3
      vertex 26.4494 21.4092 3
      vertex 27.0706 23.7274 3
    endloop
  endfacet
  facet normal 0 0 1
    outer loop
      vertex 26.0442 23.9316 3
      vertex 25.7309 21.5521 3
      vertex 26.4494 21.4092 3
    endloop
  endfacet
  facet normal 0 0 1
    outer loop
      vertex 25 24 3
      vertex 25.7309 21.5521 3
      vertex 26.0442 23.9316 3
    endloop
  endfacet
  facet normal 0 0 1
    outer loop
      vertex 25 24 3
      vertex 25 21.6 3
      vertex 25.7309 21.5521 3
    endloop
  endfacet
  facet normal -0 0 1
    outer loop
      vertex -25 24 3
      vertex 25 21.6 3
      vertex 25 24 3
    endloop
  endfacet
  facet normal 0 0 1
    outer loop
      vertex -25 24 3
      vertex -25 21.6 3
      vertex 25 21.6 3
    endloop
  endfacet
  facet normal 0 0 1
    outer loop
      vertex -25 24 3
      vertex -25.7309 21.5521 3
      vertex -25 21.6 3
    endloop
  endfacet
  facet normal -0 0 1
    outer loop
      vertex -26.0442 23.9316 3
      vertex -25.7309 21.5521 3
      vertex -25 24 3
    endloop
  endfacet
  facet normal 0 0 1
    outer loop
      vertex -26.0442 23.9316 3
      vertex -26.4494 21.4092 3
      vertex -25.7309 21.5521 3
    endloop
  endfacet
  facet normal -0 0 1
    outer loop
      vertex -27.0706 23.7274 3
      vertex -26.4494 21.4092 3
      vertex -26.0442 23.9316 3
    endloop
  endfacet
  facet normal 0 0 1
    outer loop
      vertex -27.0706 23.7274 3
      vertex -27.143 21.1737 3
      vertex -26.4494 21.4092 3
    endloop
  endfacet
  facet normal -0 0 1
    outer loop
      vertex -28.0615 23.391 3
      vertex -27.143 21.1737 3
      vertex -27.0706 23.7274 3
    endloop
  endfacet
  facet normal 0 0 1
    outer loop
      vertex -27.143 21.1737 3
      vertex -28.0615 23.391 3
      vertex -27.8 20.8497 3
    endloop
  endfacet
  facet normal -0 0 1
    outer loop
      vertex -29 22.9282 3
      vertex -27.8 20.8497 3
      vertex -28.0615 23.391 3
    endloop
  endfacet
  facet normal 0 0 1
    outer loop
      vertex -27.8 20.8497 3
      vertex -29 22.9282 3
      vertex -28.4091 20.4428 3
    endloop
  endfacet
  facet normal -0 0 1
    outer loop
      vertex -29.8701 22.3468 3
      vertex -28.4091 20.4428 3
      vertex -29 22.9282 3
    endloop
  endfacet
  facet normal 0 0 1
    outer loop
      vertex -28.4091 20.4428 3
      vertex -29.8701 22.3468 3
      vertex -28.9598 19.9598 3
    endloop
  endfacet
  facet normal -0 0 1
    outer loop
      vertex -30.6569 21.6569 3
      vertex -28.9598 19.9598 3
      vertex -29.8701 22.3468 3
    endloop
  endfacet
  facet normal 0 0 1
    outer loop
      vertex -28.9598 19.9598 3
      vertex -30.6569 21.6569 3
      vertex -29.4428 19.4091 3
    endloop
  endfacet
  facet normal -0 0 1
    outer loop
      vertex -31.3468 20.8701 3
      vertex -29.4428 19.4091 3
      vertex -30.6569 21.6569 3
    endloop
  endfacet
  facet normal 0 0 1
    outer loop
      vertex -29.4428 19.4091 3
      vertex -31.3468 20.8701 3
      vertex -29.8497 18.8 3
    endloop
  endfacet
  facet normal -0 0 1
    outer loop
      vertex -31.9282 20 3
      vertex -29.8497 18.8 3
      vertex -31.3468 20.8701 3
    endloop
  endfacet
  facet normal 0 0 1
    outer loop
      vertex -29.8497 18.8 3
      vertex -31.9282 20 3
      vertex -30.1737 18.143 3
    endloop
  endfacet
  facet normal -0 0 1
    outer loop
      vertex -32.391 19.0615 3
      vertex -30.1737 18.143 3
      vertex -31.9282 20 3
    endloop
  endfacet
  facet normal 0 0 1
    outer loop
      vertex -30.1737 18.143 3
      vertex -32.391 19.0615 3
      vertex -30.4092 17.4494 3
    endloop
  endfacet
  facet normal 0 0 1
    outer loop
      vertex -30.5521 16.7309 3
      vertex -33 16 3
      vertex -30.6 16 3
    endloop
  endfacet
  facet normal -0 0 1
    outer loop
      vertex -33 16 3
      vertex -30.6 3.10506 3
      vertex -30.6 16 3
    endloop
  endfacet
  facet normal -0 0 1
    outer loop
      vertex -32.7274 18.0706 3
      vertex -30.4092 17.4494 3
      vertex -32.391 19.0615 3
    endloop
  endfacet
  facet normal 0 0 1
    outer loop
      vertex -30.6 3.10506 3
      vertex -33 16 3
      vertex -30.75 3.03109 3
    endloop
  endfacet
  facet normal 0 0 1
    outer loop
      vertex -30.75 3.03109 3
      vertex -33 16 3
      vertex -31.1307 2.77674 3
    endloop
  endfacet
  facet normal 0 0 1
    outer loop
      vertex -30.4092 17.4494 3
      vertex -32.7274 18.0706 3
      vertex -30.5521 16.7309 3
    endloop
  endfacet
  facet normal 0 0 1
    outer loop
      vertex -31.1307 2.77674 3
      vertex -33 16 3
      vertex -31.4749 2.47487 3
    endloop
  endfacet
  facet normal 0 0 1
    outer loop
      vertex -31.4749 2.47487 3
      vertex -33 16 3
      vertex -31.7767 2.13066 3
    endloop
  endfacet
  facet normal 0 0 1
    outer loop
      vertex -31.7767 2.13066 3
      vertex -33 16 3
      vertex -32.0311 1.75 3
    endloop
  endfacet
  facet normal 0 0 1
    outer loop
      vertex -33 16 3
      vertex -30.5521 16.7309 3
      vertex -32.7274 18.0706 3
    endloop
  endfacet
  facet normal 0 0 1
    outer loop
      vertex -32.0311 1.75 3
      vertex -33 16 3
      vertex -32.2336 1.33939 3
    endloop
  endfacet
  facet normal 0 0 1
    outer loop
      vertex -32.2336 1.33939 3
      vertex -33 16 3
      vertex -32.3807 0.905867 3
    endloop
  endfacet
  facet normal 0 0 1
    outer loop
      vertex -32.3807 0.905867 3
      vertex -33 16 3
      vertex -32.4701 0.456841 3
    endloop
  endfacet
  facet normal 0 0 1
    outer loop
      vertex 30.6 16 3
      vertex 33 16 3
      vertex 32.9316 17.0442 3
    endloop
  endfacet
  facet normal 0 0 1
    outer loop
      vertex 33 16 3
      vertex 32.5 0 3
      vertex 33 -16 3
    endloop
  endfacet
  facet normal 0 0 1
    outer loop
      vertex 30.5521 16.7309 3
      vertex 32.9316 17.0442 3
      vertex 32.7274 18.0706 3
    endloop
  endfacet
  facet normal -0 0 1
    outer loop
      vertex 32.4701 -0.456841 3
      vertex 33 -16 3
      vertex 32.5 0 3
    endloop
  endfacet
  facet normal -0 0 1
    outer loop
      vertex 32.3807 -0.905867 3
      vertex 33 -16 3
      vertex 32.4701 -0.456841 3
    endloop
  endfacet
  facet normal 0 0 1
    outer loop
      vertex 33 16 3
      vertex 32.4701 0.456841 3
      vertex 32.5 0 3
    endloop
  endfacet
  facet normal 0 0 1
    outer loop
      vertex 30.5521 16.7309 3
      vertex 32.7274 18.0706 3
      vertex 32.391 19.0615 3
    endloop
  endfacet
  facet normal 0 0 1
    outer loop
      vertex 33 16 3
      vertex 32.3807 0.905867 3
      vertex 32.4701 0.456841 3
    endloop
  endfacet
  facet normal 0 0 1
    outer loop
      vertex 33 16 3
      vertex 32.2336 1.33939 3
      vertex 32.3807 0.905867 3
    endloop
  endfacet
  facet normal 0 0 1
    outer loop
      vertex 33 16 3
      vertex 32.0311 1.75 3
      vertex 32.2336 1.33939 3
    endloop
  endfacet
  facet normal 0 0 1
    outer loop
      vertex 30.5521 16.7309 3
      vertex 32.391 19.0615 3
      vertex 31.9282 20 3
    endloop
  endfacet
  facet normal 0 0 1
    outer loop
      vertex 30.6 3.10506 3
      vertex 33 16 3
      vertex 30.6 16 3
    endloop
  endfacet
  facet normal 0 0 1
    outer loop
      vertex 33 16 3
      vertex 31.7767 2.13066 3
      vertex 32.0311 1.75 3
    endloop
  endfacet
  facet normal 0 0 1
    outer loop
      vertex 30.5521 16.7309 3
      vertex 31.9282 20 3
      vertex 31.3468 20.8701 3
    endloop
  endfacet
  facet normal 0 0 1
    outer loop
      vertex 33 16 3
      vertex 31.4749 2.47487 3
      vertex 31.7767 2.13066 3
    endloop
  endfacet
  facet normal 0 0 1
    outer loop
      vertex 33 16 3
      vertex 31.1307 2.77674 3
      vertex 31.4749 2.47487 3
    endloop
  endfacet
  facet normal 0 0 1
    outer loop
      vertex 29.4428 19.4091 3
      vertex 31.3468 20.8701 3
      vertex 30.6569 21.6569 3
    endloop
  endfacet
  facet normal 0 0 1
    outer loop
      vertex 33 16 3
      vertex 30.75 3.03109 3
      vertex 31.1307 2.77674 3
    endloop
  endfacet
  facet normal 0 0 1
    outer loop
      vertex 33 16 3
      vertex 30.6 3.10506 3
      vertex 30.75 3.03109 3
    endloop
  endfacet
  facet normal -0 0 1
    outer loop
      vertex 32.2336 -1.33939 3
      vertex 33 -16 3
      vertex 32.3807 -0.905867 3
    endloop
  endfacet
  facet normal -0 0 1
    outer loop
      vertex 32.0311 -1.75 3
      vertex 33 -16 3
      vertex 32.2336 -1.33939 3
    endloop
  endfacet
  facet normal -0 0 1
    outer loop
      vertex 31.7767 -2.13066 3
      vertex 33 -16 3
      vertex 32.0311 -1.75 3
    endloop
  endfacet
  facet normal -0 0 1
    outer loop
      vertex 31.4749 -2.47487 3
      vertex 33 -16 3
      vertex 31.7767 -2.13066 3
    endloop
  endfacet
  facet normal -0 0 1
    outer loop
      vertex 31.1307 -2.77674 3
      vertex 33 -16 3
      vertex 31.4749 -2.47487 3
    endloop
  endfacet
  facet normal 0 0 1
    outer loop
      vertex 32.9316 -17.0442 3
      vertex 30.5521 -16.7309 3
      vertex 32.7274 -18.0706 3
    endloop
  endfacet
  facet normal -0 0 1
    outer loop
      vertex 30.75 -3.03109 3
      vertex 33 -16 3
      vertex 31.1307 -2.77674 3
    endloop
  endfacet
  facet normal -0 0 1
    outer loop
      vertex 30.5521 -16.7309 3
      vertex 32.9316 -17.0442 3
      vertex 30.6 -16 3
    endloop
  endfacet
  facet normal -0 0 1
    outer loop
      vertex 30.4092 -17.4494 3
      vertex 32.7274 -18.0706 3
      vertex 30.5521 -16.7309 3
    endloop
  endfacet
  facet normal -0 0 1
    outer loop
      vertex 30.6 -3.10506 3
      vertex 33 -16 3
      vertex 30.75 -3.03109 3
    endloop
  endfacet
  facet normal 0 0 1
    outer loop
      vertex 33 -16 3
      vertex 30.6 -16 3
      vertex 32.9316 -17.0442 3
    endloop
  endfacet
  facet normal 0 0 1
    outer loop
      vertex 32.7274 -18.0706 3
      vertex 30.4092 -17.4494 3
      vertex 32.391 -19.0615 3
    endloop
  endfacet
  facet normal 0 0 1
    outer loop
      vertex 33 -16 3
      vertex 30.6 -3.10506 3
      vertex 30.6 -16 3
    endloop
  endfacet
  facet normal -0 0 1
    outer loop
      vertex 30.1737 -18.143 3
      vertex 32.391 -19.0615 3
      vertex 30.4092 -17.4494 3
    endloop
  endfacet
  facet normal 0 0 1
    outer loop
      vertex 32.391 -19.0615 3
      vertex 30.1737 -18.143 3
      vertex 31.9282 -20 3
    endloop
  endfacet
  facet normal -0 0 1
    outer loop
      vertex 29.8497 -18.8 3
      vertex 31.9282 -20 3
      vertex 30.1737 -18.143 3
    endloop
  endfacet
  facet normal 0 0 1
    outer loop
      vertex 31.9282 -20 3
      vertex 29.8497 -18.8 3
      vertex 31.3468 -20.8701 3
    endloop
  endfacet
  facet normal -0 0 1
    outer loop
      vertex 29.4428 -19.4091 3
      vertex 31.3468 -20.8701 3
      vertex 29.8497 -18.8 3
    endloop
  endfacet
  facet normal 0 0 1
    outer loop
      vertex 31.3468 -20.8701 3
      vertex 29.4428 -19.4091 3
      vertex 30.6569 -21.6569 3
    endloop
  endfacet
  facet normal -0 0 1
    outer loop
      vertex 28.9598 -19.9598 3
      vertex 30.6569 -21.6569 3
      vertex 29.4428 -19.4091 3
    endloop
  endfacet
  facet normal 0 0 1
    outer loop
      vertex 30.6569 -21.6569 3
      vertex 28.9598 -19.9598 3
      vertex 29.8701 -22.3468 3
    endloop
  endfacet
  facet normal -0 0 1
    outer loop
      vertex 28.4091 -20.4428 3
      vertex 29.8701 -22.3468 3
      vertex 28.9598 -19.9598 3
    endloop
  endfacet
  facet normal 0 0 1
    outer loop
      vertex 29.8701 -22.3468 3
      vertex 28.4091 -20.4428 3
      vertex 29 -22.9282 3
    endloop
  endfacet
  facet normal -0 0 1
    outer loop
      vertex 27.8 -20.8497 3
      vertex 29 -22.9282 3
      vertex 28.4091 -20.4428 3
    endloop
  endfacet
  facet normal 0 0 1
    outer loop
      vertex 29 -22.9282 3
      vertex 27.8 -20.8497 3
      vertex 28.0615 -23.391 3
    endloop
  endfacet
  facet normal -0 0 1
    outer loop
      vertex 27.143 -21.1737 3
      vertex 28.0615 -23.391 3
      vertex 27.8 -20.8497 3
    endloop
  endfacet
  facet normal 0 0 1
    outer loop
      vertex 27.143 -21.1737 3
      vertex 27.0706 -23.7274 3
      vertex 28.0615 -23.391 3
    endloop
  endfacet
  facet normal -0 0 1
    outer loop
      vertex 26.4494 -21.4092 3
      vertex 27.0706 -23.7274 3
      vertex 27.143 -21.1737 3
    endloop
  endfacet
  facet normal 0 0 1
    outer loop
      vertex 26.4494 -21.4092 3
      vertex 26.0442 -23.9316 3
      vertex 27.0706 -23.7274 3
    endloop
  endfacet
  facet normal -0 0 1
    outer loop
      vertex 25.7309 -21.5521 3
      vertex 26.0442 -23.9316 3
      vertex 26.4494 -21.4092 3
    endloop
  endfacet
  facet normal -0 0 1
    outer loop
      vertex 25 -21.6 3
      vertex 26.0442 -23.9316 3
      vertex 25.7309 -21.5521 3
    endloop
  endfacet
  facet normal 0 0 1
    outer loop
      vertex 25 -21.6 3
      vertex 25 -24 3
      vertex 26.0442 -23.9316 3
    endloop
  endfacet
  facet normal -0 0 1
    outer loop
      vertex -25 -21.6 3
      vertex 25 -24 3
      vertex 25 -21.6 3
    endloop
  endfacet
  facet normal 0 0 1
    outer loop
      vertex -25 -21.6 3
      vertex -25 -24 3
      vertex 25 -24 3
    endloop
  endfacet
  facet normal 0 0 1
    outer loop
      vertex -25.7309 -21.5521 3
      vertex -25 -24 3
      vertex -25 -21.6 3
    endloop
  endfacet
  facet normal 0 0 1
    outer loop
      vertex -25.7309 -21.5521 3
      vertex -26.0442 -23.9316 3
      vertex -25 -24 3
    endloop
  endfacet
  facet normal 0 0 1
    outer loop
      vertex -26.4494 -21.4092 3
      vertex -26.0442 -23.9316 3
      vertex -25.7309 -21.5521 3
    endloop
  endfacet
  facet normal 0 0 1
    outer loop
      vertex -26.4494 -21.4092 3
      vertex -27.0706 -23.7274 3
      vertex -26.0442 -23.9316 3
    endloop
  endfacet
  facet normal 0 0 1
    outer loop
      vertex -27.143 -21.1737 3
      vertex -27.0706 -23.7274 3
      vertex -26.4494 -21.4092 3
    endloop
  endfacet
  facet normal 0 0 1
    outer loop
      vertex -28.0615 -23.391 3
      vertex -27.143 -21.1737 3
      vertex -27.8 -20.8497 3
    endloop
  endfacet
  facet normal 0 0 1
    outer loop
      vertex -27.143 -21.1737 3
      vertex -28.0615 -23.391 3
      vertex -27.0706 -23.7274 3
    endloop
  endfacet
  facet normal 0 0 1
    outer loop
      vertex -29 -22.9282 3
      vertex -27.8 -20.8497 3
      vertex -28.4091 -20.4428 3
    endloop
  endfacet
  facet normal 0 0 1
    outer loop
      vertex -29.8701 -22.3468 3
      vertex -28.4091 -20.4428 3
      vertex -28.9598 -19.9598 3
    endloop
  endfacet
  facet normal 0 0 1
    outer loop
      vertex -27.8 -20.8497 3
      vertex -29 -22.9282 3
      vertex -28.0615 -23.391 3
    endloop
  endfacet
  facet normal 0 0 1
    outer loop
      vertex -30.6569 -21.6569 3
      vertex -28.9598 -19.9598 3
      vertex -29.4428 -19.4091 3
    endloop
  endfacet
  facet normal 0 0 1
    outer loop
      vertex -30.6569 -21.6569 3
      vertex -29.4428 -19.4091 3
      vertex -29.8497 -18.8 3
    endloop
  endfacet
  facet normal 0 0 1
    outer loop
      vertex -28.4091 -20.4428 3
      vertex -29.8701 -22.3468 3
      vertex -29 -22.9282 3
    endloop
  endfacet
  facet normal 0 0 1
    outer loop
      vertex -30.6569 -21.6569 3
      vertex -29.8497 -18.8 3
      vertex -30.1737 -18.143 3
    endloop
  endfacet
  facet normal 0 0 1
    outer loop
      vertex -30.6569 -21.6569 3
      vertex -30.1737 -18.143 3
      vertex -30.4092 -17.4494 3
    endloop
  endfacet
  facet normal 0 0 1
    outer loop
      vertex -30.6569 -21.6569 3
      vertex -30.4092 -17.4494 3
      vertex -30.5521 -16.7309 3
    endloop
  endfacet
  facet normal 0 0 1
    outer loop
      vertex -28.9598 -19.9598 3
      vertex -30.6569 -21.6569 3
      vertex -29.8701 -22.3468 3
    endloop
  endfacet
  facet normal 0 0 1
    outer loop
      vertex -30.6569 -21.6569 3
      vertex -30.5521 -16.7309 3
      vertex -30.6 -16 3
    endloop
  endfacet
  facet normal 0.831525 -0.555488 -8.98922e-18
    outer loop
      vertex -29.8497 18.8 3
      vertex -29.4428 19.4091 2.2
      vertex -29.4428 19.4091 3
    endloop
  endfacet
  facet normal 0.831525 -0.555488 -8.98922e-18
    outer loop
      vertex -29.4428 19.4091 2.2
      vertex -29.8497 18.8 3
      vertex -29.8497 18.8 2.2
    endloop
  endfacet
  facet normal -0.0653954 0.997859 0
    outer loop
      vertex 25.7309 -21.5521 2.2
      vertex 25 -21.6 3
      vertex 25.7309 -21.5521 3
    endloop
  endfacet
  facet normal -0.0653954 0.997859 0
    outer loop
      vertex 25 -21.6 3
      vertex 25.7309 -21.5521 2.2
      vertex 25 -21.6 2.2
    endloop
  endfacet
  facet normal -0.751807 0.659384 -7.53949e-18
    outer loop
      vertex 28.9598 -19.9598 2.2
      vertex 29.4428 -19.4091 3
      vertex 29.4428 -19.4091 2.2
    endloop
  endfacet
  facet normal -0.751807 0.659384 -7.53949e-18
    outer loop
      vertex 29.4428 -19.4091 3
      vertex 28.9598 -19.9598 2.2
      vertex 28.9598 -19.9598 3
    endloop
  endfacet
  facet normal 0 -1 0
    outer loop
      vertex -25 21.6 2.2
      vertex 25 21.6 3
      vertex -25 21.6 3
    endloop
  endfacet
  facet normal 0 -1 -0
    outer loop
      vertex 25 21.6 3
      vertex -25 21.6 2.2
      vertex 25 21.6 2.2
    endloop
  endfacet
  facet normal -0.98079 -0.195066 -7.0735e-18
    outer loop
      vertex 30.5521 16.7309 2.2
      vertex 30.4092 17.4494 3
      vertex 30.4092 17.4494 2.2
    endloop
  endfacet
  facet normal -0.98079 -0.195066 -7.0735e-18
    outer loop
      vertex 30.4092 17.4494 3
      vertex 30.5521 16.7309 2.2
      vertex 30.5521 16.7309 3
    endloop
  endfacet
  facet normal 1 -0 0
    outer loop
      vertex -30.6 3.10506 3
      vertex -30.6 16 2.2
      vertex -30.6 16 3
    endloop
  endfacet
  facet normal 1 0 0
    outer loop
      vertex -30.6 16 2.2
      vertex -30.6 3.10506 3
      vertex -30.6 3.10506 2.2
    endloop
  endfacet
  facet normal 1 -0 0
    outer loop
      vertex -30.6 -16 3
      vertex -30.6 -3.10506 2.2
      vertex -30.6 -3.10506 3
    endloop
  endfacet
  facet normal 1 0 0
    outer loop
      vertex -30.6 -3.10506 2.2
      vertex -30.6 -16 3
      vertex -30.6 -16 2.2
    endloop
  endfacet
  facet normal 0.0653954 -0.997859 0
    outer loop
      vertex -25.7309 21.5521 2.2
      vertex -25 21.6 3
      vertex -25.7309 21.5521 3
    endloop
  endfacet
  facet normal 0.0653954 -0.997859 0
    outer loop
      vertex -25 21.6 3
      vertex -25.7309 21.5521 2.2
      vertex -25 21.6 2.2
    endloop
  endfacet
  facet normal 0 1 -0
    outer loop
      vertex 25 -21.6 2.2
      vertex -25 -21.6 3
      vertex 25 -21.6 3
    endloop
  endfacet
  facet normal 0 1 0
    outer loop
      vertex -25 -21.6 3
      vertex 25 -21.6 2.2
      vertex -25 -21.6 2.2
    endloop
  endfacet
  facet normal -0.195066 -0.98079 0
    outer loop
      vertex 25.7309 21.5521 2.2
      vertex 26.4494 21.4092 3
      vertex 25.7309 21.5521 3
    endloop
  endfacet
  facet normal -0.195066 -0.98079 -0
    outer loop
      vertex 26.4494 21.4092 3
      vertex 25.7309 21.5521 2.2
      vertex 26.4494 21.4092 2.2
    endloop
  endfacet
  facet normal 0.751807 0.659384 7.53949e-18
    outer loop
      vertex -28.9598 -19.9598 3
      vertex -29.4428 -19.4091 2.2
      vertex -29.4428 -19.4091 3
    endloop
  endfacet
  facet normal 0.751807 0.659384 7.53949e-18
    outer loop
      vertex -29.4428 -19.4091 2.2
      vertex -28.9598 -19.9598 3
      vertex -28.9598 -19.9598 2.2
    endloop
  endfacet
  facet normal 0.0653954 0.997859 -0
    outer loop
      vertex -25 -21.6 2.2
      vertex -25.7309 -21.5521 3
      vertex -25 -21.6 3
    endloop
  endfacet
  facet normal 0.0653954 0.997859 0
    outer loop
      vertex -25.7309 -21.5521 3
      vertex -25 -21.6 2.2
      vertex -25.7309 -21.5521 2.2
    endloop
  endfacet
  facet normal -0.659384 0.751807 0
    outer loop
      vertex 28.9598 -19.9598 2.2
      vertex 28.4091 -20.4428 3
      vertex 28.9598 -19.9598 3
    endloop
  endfacet
  facet normal -0.659384 0.751807 0
    outer loop
      vertex 28.4091 -20.4428 3
      vertex 28.9598 -19.9598 2.2
      vertex 28.4091 -20.4428 2.2
    endloop
  endfacet
  facet normal 0.555488 0.831525 -0
    outer loop
      vertex -27.8 -20.8497 2.2
      vertex -28.4091 -20.4428 3
      vertex -27.8 -20.8497 3
    endloop
  endfacet
  facet normal 0.555488 0.831525 0
    outer loop
      vertex -28.4091 -20.4428 3
      vertex -27.8 -20.8497 2.2
      vertex -28.4091 -20.4428 2.2
    endloop
  endfacet
  facet normal 0.997859 -0.0653954 4.30255e-19
    outer loop
      vertex -30.6 16 3
      vertex -30.5521 16.7309 2.2
      vertex -30.5521 16.7309 3
    endloop
  endfacet
  facet normal 0.997859 -0.0653954 4.30255e-19
    outer loop
      vertex -30.5521 16.7309 2.2
      vertex -30.6 16 3
      vertex -30.6 16 2.2
    endloop
  endfacet
  facet normal 0.751807 -0.659384 -7.53949e-18
    outer loop
      vertex -29.4428 19.4091 3
      vertex -28.9598 19.9598 2.2
      vertex -28.9598 19.9598 3
    endloop
  endfacet
  facet normal 0.751807 -0.659384 -7.53949e-18
    outer loop
      vertex -28.9598 19.9598 2.2
      vertex -29.4428 19.4091 3
      vertex -29.4428 19.4091 2.2
    endloop
  endfacet
  facet normal -0.831525 -0.555488 8.98922e-18
    outer loop
      vertex 29.8497 18.8 2.2
      vertex 29.4428 19.4091 3
      vertex 29.4428 19.4091 2.2
    endloop
  endfacet
  facet normal -0.831525 -0.555488 8.98922e-18
    outer loop
      vertex 29.4428 19.4091 3
      vertex 29.8497 18.8 2.2
      vertex 29.8497 18.8 3
    endloop
  endfacet
  facet normal -0.98079 0.195066 7.0735e-18
    outer loop
      vertex 30.4092 -17.4494 2.2
      vertex 30.5521 -16.7309 3
      vertex 30.5521 -16.7309 2.2
    endloop
  endfacet
  facet normal -0.98079 0.195066 7.0735e-18
    outer loop
      vertex 30.5521 -16.7309 3
      vertex 30.4092 -17.4494 2.2
      vertex 30.4092 -17.4494 3
    endloop
  endfacet
  facet normal 0.321506 0.946907 -0
    outer loop
      vertex -26.4494 -21.4092 2.2
      vertex -27.143 -21.1737 3
      vertex -26.4494 -21.4092 3
    endloop
  endfacet
  facet normal 0.321506 0.946907 0
    outer loop
      vertex -27.143 -21.1737 3
      vertex -26.4494 -21.4092 2.2
      vertex -27.143 -21.1737 2.2
    endloop
  endfacet
  facet normal 0.555488 -0.831525 0
    outer loop
      vertex -28.4091 20.4428 2.2
      vertex -27.8 20.8497 3
      vertex -28.4091 20.4428 3
    endloop
  endfacet
  facet normal 0.555488 -0.831525 0
    outer loop
      vertex -27.8 20.8497 3
      vertex -28.4091 20.4428 2.2
      vertex -27.8 20.8497 2.2
    endloop
  endfacet
  facet normal 0.321506 -0.946907 0
    outer loop
      vertex -27.143 21.1737 2.2
      vertex -26.4494 21.4092 3
      vertex -27.143 21.1737 3
    endloop
  endfacet
  facet normal 0.321506 -0.946907 0
    outer loop
      vertex -26.4494 21.4092 3
      vertex -27.143 21.1737 2.2
      vertex -26.4494 21.4092 2.2
    endloop
  endfacet
  facet normal -0.0653954 -0.997859 0
    outer loop
      vertex 25 21.6 2.2
      vertex 25.7309 21.5521 3
      vertex 25 21.6 3
    endloop
  endfacet
  facet normal -0.0653954 -0.997859 -0
    outer loop
      vertex 25.7309 21.5521 3
      vertex 25 21.6 2.2
      vertex 25.7309 21.5521 2.2
    endloop
  endfacet
  facet normal 0.659384 -0.751807 0
    outer loop
      vertex -28.9598 19.9598 2.2
      vertex -28.4091 20.4428 3
      vertex -28.9598 19.9598 3
    endloop
  endfacet
  facet normal 0.659384 -0.751807 0
    outer loop
      vertex -28.4091 20.4428 3
      vertex -28.9598 19.9598 2.2
      vertex -28.4091 20.4428 2.2
    endloop
  endfacet
  facet normal 0.442292 0.896871 -0
    outer loop
      vertex -27.143 -21.1737 2.2
      vertex -27.8 -20.8497 3
      vertex -27.143 -21.1737 3
    endloop
  endfacet
  facet normal 0.442292 0.896871 0
    outer loop
      vertex -27.8 -20.8497 3
      vertex -27.143 -21.1737 2.2
      vertex -27.8 -20.8497 2.2
    endloop
  endfacet
  facet normal 0.195066 -0.98079 0
    outer loop
      vertex -26.4494 21.4092 2.2
      vertex -25.7309 21.5521 3
      vertex -26.4494 21.4092 3
    endloop
  endfacet
  facet normal 0.195066 -0.98079 0
    outer loop
      vertex -25.7309 21.5521 3
      vertex -26.4494 21.4092 2.2
      vertex -25.7309 21.5521 2.2
    endloop
  endfacet
  facet normal 0.195066 0.98079 -0
    outer loop
      vertex -25.7309 -21.5521 2.2
      vertex -26.4494 -21.4092 3
      vertex -25.7309 -21.5521 3
    endloop
  endfacet
  facet normal 0.195066 0.98079 0
    outer loop
      vertex -26.4494 -21.4092 3
      vertex -25.7309 -21.5521 2.2
      vertex -26.4494 -21.4092 2.2
    endloop
  endfacet
  facet normal 0.442292 -0.896871 0
    outer loop
      vertex -27.8 20.8497 2.2
      vertex -27.143 21.1737 3
      vertex -27.8 20.8497 3
    endloop
  endfacet
  facet normal 0.442292 -0.896871 0
    outer loop
      vertex -27.143 21.1737 3
      vertex -27.8 20.8497 2.2
      vertex -27.143 21.1737 2.2
    endloop
  endfacet
  facet normal -0.659384 -0.751807 0
    outer loop
      vertex 28.4091 20.4428 2.2
      vertex 28.9598 19.9598 3
      vertex 28.4091 20.4428 3
    endloop
  endfacet
  facet normal -0.659384 -0.751807 -0
    outer loop
      vertex 28.9598 19.9598 3
      vertex 28.4091 20.4428 2.2
      vertex 28.9598 19.9598 2.2
    endloop
  endfacet
  facet normal -0.442292 -0.896871 0
    outer loop
      vertex 27.143 21.1737 2.2
      vertex 27.8 20.8497 3
      vertex 27.143 21.1737 3
    endloop
  endfacet
  facet normal -0.442292 -0.896871 -0
    outer loop
      vertex 27.8 20.8497 3
      vertex 27.143 21.1737 2.2
      vertex 27.8 20.8497 2.2
    endloop
  endfacet
  facet normal -0.946907 -0.321506 -1.22661e-17
    outer loop
      vertex 30.4092 17.4494 2.2
      vertex 30.1737 18.143 3
      vertex 30.1737 18.143 2.2
    endloop
  endfacet
  facet normal -0.946907 -0.321506 -1.22661e-17
    outer loop
      vertex 30.1737 18.143 3
      vertex 30.4092 17.4494 2.2
      vertex 30.4092 17.4494 3
    endloop
  endfacet
  facet normal -0.555488 -0.831525 0
    outer loop
      vertex 27.8 20.8497 2.2
      vertex 28.4091 20.4428 3
      vertex 27.8 20.8497 3
    endloop
  endfacet
  facet normal -0.555488 -0.831525 -0
    outer loop
      vertex 28.4091 20.4428 3
      vertex 27.8 20.8497 2.2
      vertex 28.4091 20.4428 2.2
    endloop
  endfacet
  facet normal -1 0 0
    outer loop
      vertex 30.6 3.10506 2.2
      vertex 30.6 16 3
      vertex 30.6 16 2.2
    endloop
  endfacet
  facet normal -1 -0 0
    outer loop
      vertex 30.6 16 3
      vertex 30.6 3.10506 2.2
      vertex 30.6 3.10506 3
    endloop
  endfacet
  facet normal -1 0 0
    outer loop
      vertex 30.6 -16 2.2
      vertex 30.6 -3.10506 3
      vertex 30.6 -3.10506 2.2
    endloop
  endfacet
  facet normal -1 -0 0
    outer loop
      vertex 30.6 -3.10506 3
      vertex 30.6 -16 2.2
      vertex 30.6 -16 3
    endloop
  endfacet
  facet normal 0.997859 0.0653954 -4.30255e-19
    outer loop
      vertex -30.5521 -16.7309 3
      vertex -30.6 -16 2.2
      vertex -30.6 -16 3
    endloop
  endfacet
  facet normal 0.997859 0.0653954 -4.30255e-19
    outer loop
      vertex -30.6 -16 2.2
      vertex -30.5521 -16.7309 3
      vertex -30.5521 -16.7309 2.2
    endloop
  endfacet
  facet normal -0.751807 -0.659384 7.53949e-18
    outer loop
      vertex 29.4428 19.4091 2.2
      vertex 28.9598 19.9598 3
      vertex 28.9598 19.9598 2.2
    endloop
  endfacet
  facet normal -0.751807 -0.659384 7.53949e-18
    outer loop
      vertex 28.9598 19.9598 3
      vertex 29.4428 19.4091 2.2
      vertex 29.4428 19.4091 3
    endloop
  endfacet
  facet normal 0.98079 0.195066 -7.0735e-18
    outer loop
      vertex -30.4092 -17.4494 3
      vertex -30.5521 -16.7309 2.2
      vertex -30.5521 -16.7309 3
    endloop
  endfacet
  facet normal 0.98079 0.195066 -7.0735e-18
    outer loop
      vertex -30.5521 -16.7309 2.2
      vertex -30.4092 -17.4494 3
      vertex -30.4092 -17.4494 2.2
    endloop
  endfacet
  facet normal -0.442292 0.896871 0
    outer loop
      vertex 27.8 -20.8497 2.2
      vertex 27.143 -21.1737 3
      vertex 27.8 -20.8497 3
    endloop
  endfacet
  facet normal -0.442292 0.896871 0
    outer loop
      vertex 27.143 -21.1737 3
      vertex 27.8 -20.8497 2.2
      vertex 27.143 -21.1737 2.2
    endloop
  endfacet
  facet normal 0.946907 -0.321506 1.22661e-17
    outer loop
      vertex -30.4092 17.4494 3
      vertex -30.1737 18.143 2.2
      vertex -30.1737 18.143 3
    endloop
  endfacet
  facet normal 0.946907 -0.321506 1.22661e-17
    outer loop
      vertex -30.1737 18.143 2.2
      vertex -30.4092 17.4494 3
      vertex -30.4092 17.4494 2.2
    endloop
  endfacet
  facet normal 0.946907 0.321506 -1.22661e-17
    outer loop
      vertex -30.1737 -18.143 3
      vertex -30.4092 -17.4494 2.2
      vertex -30.4092 -17.4494 3
    endloop
  endfacet
  facet normal 0.946907 0.321506 -1.22661e-17
    outer loop
      vertex -30.4092 -17.4494 2.2
      vertex -30.1737 -18.143 3
      vertex -30.1737 -18.143 2.2
    endloop
  endfacet
  facet normal 0.98079 -0.195066 7.0735e-18
    outer loop
      vertex -30.5521 16.7309 3
      vertex -30.4092 17.4494 2.2
      vertex -30.4092 17.4494 3
    endloop
  endfacet
  facet normal 0.98079 -0.195066 7.0735e-18
    outer loop
      vertex -30.4092 17.4494 2.2
      vertex -30.5521 16.7309 3
      vertex -30.5521 16.7309 2.2
    endloop
  endfacet
  facet normal 0.896871 -0.442292 -1.8008e-17
    outer loop
      vertex -30.1737 18.143 3
      vertex -29.8497 18.8 2.2
      vertex -29.8497 18.8 3
    endloop
  endfacet
  facet normal 0.896871 -0.442292 -1.8008e-17
    outer loop
      vertex -29.8497 18.8 2.2
      vertex -30.1737 18.143 3
      vertex -30.1737 18.143 2.2
    endloop
  endfacet
  facet normal -0.195066 0.98079 0
    outer loop
      vertex 26.4494 -21.4092 2.2
      vertex 25.7309 -21.5521 3
      vertex 26.4494 -21.4092 3
    endloop
  endfacet
  facet normal -0.195066 0.98079 0
    outer loop
      vertex 25.7309 -21.5521 3
      vertex 26.4494 -21.4092 2.2
      vertex 25.7309 -21.5521 2.2
    endloop
  endfacet
  facet normal -0.997859 0.0653954 4.30255e-19
    outer loop
      vertex 30.5521 -16.7309 2.2
      vertex 30.6 -16 3
      vertex 30.6 -16 2.2
    endloop
  endfacet
  facet normal -0.997859 0.0653954 4.30255e-19
    outer loop
      vertex 30.6 -16 3
      vertex 30.5521 -16.7309 2.2
      vertex 30.5521 -16.7309 3
    endloop
  endfacet
  facet normal 0.831525 0.555488 8.98922e-18
    outer loop
      vertex -29.4428 -19.4091 3
      vertex -29.8497 -18.8 2.2
      vertex -29.8497 -18.8 3
    endloop
  endfacet
  facet normal 0.831525 0.555488 8.98922e-18
    outer loop
      vertex -29.8497 -18.8 2.2
      vertex -29.4428 -19.4091 3
      vertex -29.4428 -19.4091 2.2
    endloop
  endfacet
  facet normal 0.659384 0.751807 -0
    outer loop
      vertex -28.4091 -20.4428 2.2
      vertex -28.9598 -19.9598 3
      vertex -28.4091 -20.4428 3
    endloop
  endfacet
  facet normal 0.659384 0.751807 0
    outer loop
      vertex -28.9598 -19.9598 3
      vertex -28.4091 -20.4428 2.2
      vertex -28.9598 -19.9598 2.2
    endloop
  endfacet
  facet normal -0.896871 -0.442292 1.8008e-17
    outer loop
      vertex 30.1737 18.143 2.2
      vertex 29.8497 18.8 3
      vertex 29.8497 18.8 2.2
    endloop
  endfacet
  facet normal -0.896871 -0.442292 1.8008e-17
    outer loop
      vertex 29.8497 18.8 3
      vertex 30.1737 18.143 2.2
      vertex 30.1737 18.143 3
    endloop
  endfacet
  facet normal -0.321506 -0.946907 0
    outer loop
      vertex 26.4494 21.4092 2.2
      vertex 27.143 21.1737 3
      vertex 26.4494 21.4092 3
    endloop
  endfacet
  facet normal -0.321506 -0.946907 -0
    outer loop
      vertex 27.143 21.1737 3
      vertex 26.4494 21.4092 2.2
      vertex 27.143 21.1737 2.2
    endloop
  endfacet
  facet normal -0.997859 -0.0653954 -4.30255e-19
    outer loop
      vertex 30.6 16 2.2
      vertex 30.5521 16.7309 3
      vertex 30.5521 16.7309 2.2
    endloop
  endfacet
  facet normal -0.997859 -0.0653954 -4.30255e-19
    outer loop
      vertex 30.5521 16.7309 3
      vertex 30.6 16 2.2
      vertex 30.6 16 3
    endloop
  endfacet
  facet normal -0.555488 0.831525 0
    outer loop
      vertex 28.4091 -20.4428 2.2
      vertex 27.8 -20.8497 3
      vertex 28.4091 -20.4428 3
    endloop
  endfacet
  facet normal -0.555488 0.831525 0
    outer loop
      vertex 27.8 -20.8497 3
      vertex 28.4091 -20.4428 2.2
      vertex 27.8 -20.8497 2.2
    endloop
  endfacet
  facet normal 0.896871 0.442292 1.8008e-17
    outer loop
      vertex -29.8497 -18.8 3
      vertex -30.1737 -18.143 2.2
      vertex -30.1737 -18.143 3
    endloop
  endfacet
  facet normal 0.896871 0.442292 1.8008e-17
    outer loop
      vertex -30.1737 -18.143 2.2
      vertex -29.8497 -18.8 3
      vertex -29.8497 -18.8 2.2
    endloop
  endfacet
  facet normal 0 0 1
    outer loop
      vertex 25 21.6 2.2
      vertex 30.6 16 2.2
      vertex 30.5521 16.7309 2.2
    endloop
  endfacet
  facet normal 0 0 1
    outer loop
      vertex 25 21.6 2.2
      vertex 30.5521 16.7309 2.2
      vertex 30.4092 17.4494 2.2
    endloop
  endfacet
  facet normal 0 0 1
    outer loop
      vertex 30.6 16 2.2
      vertex 30.3394 3.23358 2.2
      vertex 30.6 3.10506 2.2
    endloop
  endfacet
  facet normal 0 0 1
    outer loop
      vertex 25 21.6 2.2
      vertex 30.4092 17.4494 2.2
      vertex 30.1737 18.143 2.2
    endloop
  endfacet
  facet normal 0 0 1
    outer loop
      vertex 30.6 16 2.2
      vertex 29.9059 3.38074 2.2
      vertex 30.3394 3.23358 2.2
    endloop
  endfacet
  facet normal 0 0 1
    outer loop
      vertex 25 21.6 2.2
      vertex 30.1737 18.143 2.2
      vertex 29.8497 18.8 2.2
    endloop
  endfacet
  facet normal 0 0 1
    outer loop
      vertex 30.6 16 2.2
      vertex 29.4568 3.47006 2.2
      vertex 29.9059 3.38074 2.2
    endloop
  endfacet
  facet normal 0 0 1
    outer loop
      vertex 25 21.6 2.2
      vertex 29.8497 18.8 2.2
      vertex 29.4428 19.4091 2.2
    endloop
  endfacet
  facet normal 0 0 1
    outer loop
      vertex 30.6 16 2.2
      vertex 29 3.5 2.2
      vertex 29.4568 3.47006 2.2
    endloop
  endfacet
  facet normal 0 0 1
    outer loop
      vertex 25 21.6 2.2
      vertex 29.4428 19.4091 2.2
      vertex 28.9598 19.9598 2.2
    endloop
  endfacet
  facet normal 0 0 1
    outer loop
      vertex 30.6 16 2.2
      vertex 28.5432 3.47006 2.2
      vertex 29 3.5 2.2
    endloop
  endfacet
  facet normal 0 0 1
    outer loop
      vertex 25 21.6 2.2
      vertex 28.9598 19.9598 2.2
      vertex 28.4091 20.4428 2.2
    endloop
  endfacet
  facet normal 0 0 1
    outer loop
      vertex 30.6 16 2.2
      vertex 28.0941 3.38074 2.2
      vertex 28.5432 3.47006 2.2
    endloop
  endfacet
  facet normal 0 0 1
    outer loop
      vertex 25 21.6 2.2
      vertex 28.4091 20.4428 2.2
      vertex 27.8 20.8497 2.2
    endloop
  endfacet
  facet normal 0 0 1
    outer loop
      vertex 30.6 16 2.2
      vertex 27.6606 3.23358 2.2
      vertex 28.0941 3.38074 2.2
    endloop
  endfacet
  facet normal 0 -0 1
    outer loop
      vertex 26.8693 2.77674 2.2
      vertex 30.6 16 2.2
      vertex 25 21.6 2.2
    endloop
  endfacet
  facet normal 0 0 1
    outer loop
      vertex 25 21.6 2.2
      vertex 27.8 20.8497 2.2
      vertex 27.143 21.1737 2.2
    endloop
  endfacet
  facet normal 0 0 1
    outer loop
      vertex 30.6 16 2.2
      vertex 27.25 3.03109 2.2
      vertex 27.6606 3.23358 2.2
    endloop
  endfacet
  facet normal 0 0 1
    outer loop
      vertex 30.6 16 2.2
      vertex 26.8693 2.77674 2.2
      vertex 27.25 3.03109 2.2
    endloop
  endfacet
  facet normal 0 0 1
    outer loop
      vertex 25 21.6 2.2
      vertex 27.143 21.1737 2.2
      vertex 26.4494 21.4092 2.2
    endloop
  endfacet
  facet normal 0 0 1
    outer loop
      vertex 26.8693 2.77674 2.2
      vertex 25 21.6 2.2
      vertex 26.5251 2.47487 2.2
    endloop
  endfacet
  facet normal 0 0 1
    outer loop
      vertex 26.5251 2.47487 2.2
      vertex 25 21.6 2.2
      vertex 26.2233 2.13066 2.2
    endloop
  endfacet
  facet normal 0 0 1
    outer loop
      vertex 26.2233 2.13066 2.2
      vertex 25 21.6 2.2
      vertex 25.9689 1.75 2.2
    endloop
  endfacet
  facet normal 0 0 1
    outer loop
      vertex 25 21.6 2.2
      vertex 26.4494 21.4092 2.2
      vertex 25.7309 21.5521 2.2
    endloop
  endfacet
  facet normal 0 0 1
    outer loop
      vertex 25.9689 1.75 2.2
      vertex 25 21.6 2.2
      vertex 25.7664 1.33939 2.2
    endloop
  endfacet
  facet normal -0 0 1
    outer loop
      vertex -22.0681 18.4824 2.2
      vertex 25.7664 1.33939 2.2
      vertex 25 21.6 2.2
    endloop
  endfacet
  facet normal -0 0 1
    outer loop
      vertex -22.1522 18.2346 2.2
      vertex 25.7664 1.33939 2.2
      vertex -22.0681 18.4824 2.2
    endloop
  endfacet
  facet normal 0 0 1
    outer loop
      vertex 25.7664 1.33939 2.2
      vertex -22.1522 18.2346 2.2
      vertex 25.6193 0.905867 2.2
    endloop
  endfacet
  facet normal -0 0 1
    outer loop
      vertex 30.3394 -3.23358 2.2
      vertex 30.6 -16 2.2
      vertex 30.6 -3.10506 2.2
    endloop
  endfacet
  facet normal -0 0 1
    outer loop
      vertex 29.9059 -3.38074 2.2
      vertex 30.6 -16 2.2
      vertex 30.3394 -3.23358 2.2
    endloop
  endfacet
  facet normal -0 0 1
    outer loop
      vertex 29.4568 -3.47006 2.2
      vertex 30.6 -16 2.2
      vertex 29.9059 -3.38074 2.2
    endloop
  endfacet
  facet normal -0 0 1
    outer loop
      vertex 29 -3.5 2.2
      vertex 30.6 -16 2.2
      vertex 29.4568 -3.47006 2.2
    endloop
  endfacet
  facet normal 0 0 1
    outer loop
      vertex 28.5432 -3.47006 2.2
      vertex 30.6 -16 2.2
      vertex 29 -3.5 2.2
    endloop
  endfacet
  facet normal 0 0 1
    outer loop
      vertex 28.0941 -3.38074 2.2
      vertex 30.6 -16 2.2
      vertex 28.5432 -3.47006 2.2
    endloop
  endfacet
  facet normal 0 0 1
    outer loop
      vertex 27.6606 -3.23358 2.2
      vertex 30.6 -16 2.2
      vertex 28.0941 -3.38074 2.2
    endloop
  endfacet
  facet normal 0 0 1
    outer loop
      vertex 27.25 -3.03109 2.2
      vertex 30.6 -16 2.2
      vertex 27.6606 -3.23358 2.2
    endloop
  endfacet
  facet normal 0 0 1
    outer loop
      vertex 26.8693 -2.77674 2.2
      vertex 30.6 -16 2.2
      vertex 27.25 -3.03109 2.2
    endloop
  endfacet
  facet normal 0 0 1
    outer loop
      vertex 30.6 -16 2.2
      vertex 25 -21.6 2.2
      vertex 30.5521 -16.7309 2.2
    endloop
  endfacet
  facet normal 0 0 1
    outer loop
      vertex 30.5521 -16.7309 2.2
      vertex 25 -21.6 2.2
      vertex 30.4092 -17.4494 2.2
    endloop
  endfacet
  facet normal 0 0 1
    outer loop
      vertex 30.4092 -17.4494 2.2
      vertex 25 -21.6 2.2
      vertex 30.1737 -18.143 2.2
    endloop
  endfacet
  facet normal 0 0 1
    outer loop
      vertex 30.1737 -18.143 2.2
      vertex 25 -21.6 2.2
      vertex 29.8497 -18.8 2.2
    endloop
  endfacet
  facet normal 0 0 1
    outer loop
      vertex 29.4428 -19.4091 2.2
      vertex 25 -21.6 2.2
      vertex 28.9598 -19.9598 2.2
    endloop
  endfacet
  facet normal 0 0 1
    outer loop
      vertex 28.9598 -19.9598 2.2
      vertex 25 -21.6 2.2
      vertex 28.4091 -20.4428 2.2
    endloop
  endfacet
  facet normal 0 0 1
    outer loop
      vertex 29.8497 -18.8 2.2
      vertex 25 -21.6 2.2
      vertex 29.4428 -19.4091 2.2
    endloop
  endfacet
  facet normal 0 0 1
    outer loop
      vertex 28.4091 -20.4428 2.2
      vertex 25 -21.6 2.2
      vertex 27.8 -20.8497 2.2
    endloop
  endfacet
  facet normal 0 0 1
    outer loop
      vertex 30.6 -16 2.2
      vertex 26.8693 -2.77674 2.2
      vertex 25 -21.6 2.2
    endloop
  endfacet
  facet normal 0 0 1
    outer loop
      vertex 25 -21.6 2.2
      vertex 26.8693 -2.77674 2.2
      vertex 26.5251 -2.47487 2.2
    endloop
  endfacet
  facet normal 0 0 1
    outer loop
      vertex 27.8 -20.8497 2.2
      vertex 25 -21.6 2.2
      vertex 27.143 -21.1737 2.2
    endloop
  endfacet
  facet normal 0 0 1
    outer loop
      vertex 25 -21.6 2.2
      vertex 26.5251 -2.47487 2.2
      vertex 26.2233 -2.13066 2.2
    endloop
  endfacet
  facet normal 0 0 1
    outer loop
      vertex 25 -21.6 2.2
      vertex 26.2233 -2.13066 2.2
      vertex 25.9689 -1.75 2.2
    endloop
  endfacet
  facet normal 0 0 1
    outer loop
      vertex 25 -21.6 2.2
      vertex 25.9689 -1.75 2.2
      vertex 25.7664 -1.33939 2.2
    endloop
  endfacet
  facet normal 0 0 1
    outer loop
      vertex 27.143 -21.1737 2.2
      vertex 25 -21.6 2.2
      vertex 26.4494 -21.4092 2.2
    endloop
  endfacet
  facet normal 0 0 1
    outer loop
      vertex -25.7664 -1.33939 2.2
      vertex 25.7664 -1.33939 2.2
      vertex 25.6193 -0.905867 2.2
    endloop
  endfacet
  facet normal 0 0 1
    outer loop
      vertex -25.6193 -0.905867 2.2
      vertex 25.6193 -0.905867 2.2
      vertex 25.5299 -0.456841 2.2
    endloop
  endfacet
  facet normal 0 0 1
    outer loop
      vertex -25.5299 -0.456841 2.2
      vertex 25.5299 -0.456841 2.2
      vertex 25.5 0 2.2
    endloop
  endfacet
  facet normal 0 0 1
    outer loop
      vertex 25.6193 0.905867 2.2
      vertex -22.2679 18 2.2
      vertex 25.5299 0.456841 2.2
    endloop
  endfacet
  facet normal 0 0 1
    outer loop
      vertex 26.4494 -21.4092 2.2
      vertex 25 -21.6 2.2
      vertex 25.7309 -21.5521 2.2
    endloop
  endfacet
  facet normal 0 0 1
    outer loop
      vertex -22.0171 18.7389 2.2
      vertex 25 21.6 2.2
      vertex -22 19 2.2
    endloop
  endfacet
  facet normal 0 0 1
    outer loop
      vertex 25 21.6 2.2
      vertex -22.0171 19.2611 2.2
      vertex -22 19 2.2
    endloop
  endfacet
  facet normal 0 0 1
    outer loop
      vertex 25 21.6 2.2
      vertex -22.0681 19.5176 2.2
      vertex -22.0171 19.2611 2.2
    endloop
  endfacet
  facet normal 0 0 1
    outer loop
      vertex 25 21.6 2.2
      vertex -22.1522 19.7654 2.2
      vertex -22.0681 19.5176 2.2
    endloop
  endfacet
  facet normal 0 0 1
    outer loop
      vertex 25 21.6 2.2
      vertex -22.2679 20 2.2
      vertex -22.1522 19.7654 2.2
    endloop
  endfacet
  facet normal 0 0 1
    outer loop
      vertex 25 21.6 2.2
      vertex -22.4133 20.2175 2.2
      vertex -22.2679 20 2.2
    endloop
  endfacet
  facet normal 0 0 1
    outer loop
      vertex 25 21.6 2.2
      vertex -22.5858 20.4142 2.2
      vertex -22.4133 20.2175 2.2
    endloop
  endfacet
  facet normal 0 0 1
    outer loop
      vertex 25 21.6 2.2
      vertex -22.7825 20.5867 2.2
      vertex -22.5858 20.4142 2.2
    endloop
  endfacet
  facet normal 0 0 1
    outer loop
      vertex 25 21.6 2.2
      vertex -23 20.732 2.2
      vertex -22.7825 20.5867 2.2
    endloop
  endfacet
  facet normal 0 0 1
    outer loop
      vertex 25 21.6 2.2
      vertex -23.2346 20.8478 2.2
      vertex -23 20.732 2.2
    endloop
  endfacet
  facet normal -0 0 1
    outer loop
      vertex -25 21.6 2.2
      vertex -23.2346 20.8478 2.2
      vertex 25 21.6 2.2
    endloop
  endfacet
  facet normal 0 0 1
    outer loop
      vertex -23.2346 20.8478 2.2
      vertex -25 21.6 2.2
      vertex -23.4824 20.9319 2.2
    endloop
  endfacet
  facet normal 0 0 1
    outer loop
      vertex -23.4824 20.9319 2.2
      vertex -25 21.6 2.2
      vertex -23.7389 20.9829 2.2
    endloop
  endfacet
  facet normal 0 0 1
    outer loop
      vertex -23.7389 20.9829 2.2
      vertex -25 21.6 2.2
      vertex -24 21 2.2
    endloop
  endfacet
  facet normal 0 0 1
    outer loop
      vertex -25 21.6 2.2
      vertex -24.2611 20.9829 2.2
      vertex -24 21 2.2
    endloop
  endfacet
  facet normal 0 0 1
    outer loop
      vertex -25 21.6 2.2
      vertex -24.5176 20.9319 2.2
      vertex -24.2611 20.9829 2.2
    endloop
  endfacet
  facet normal 0 0 1
    outer loop
      vertex -25 21.6 2.2
      vertex -24.7654 20.8478 2.2
      vertex -24.5176 20.9319 2.2
    endloop
  endfacet
  facet normal 0 0 1
    outer loop
      vertex -25 21.6 2.2
      vertex -25 20.732 2.2
      vertex -24.7654 20.8478 2.2
    endloop
  endfacet
  facet normal -0 0 1
    outer loop
      vertex -25.7309 21.5521 2.2
      vertex -25 20.732 2.2
      vertex -25 21.6 2.2
    endloop
  endfacet
  facet normal 0 0 1
    outer loop
      vertex -25 20.732 2.2
      vertex -25.7309 21.5521 2.2
      vertex -25.2175 20.5867 2.2
    endloop
  endfacet
  facet normal 0 0 1
    outer loop
      vertex -25.2175 20.5867 2.2
      vertex -25.7309 21.5521 2.2
      vertex -25.4142 20.4142 2.2
    endloop
  endfacet
  facet normal -0 0 1
    outer loop
      vertex -26.4494 21.4092 2.2
      vertex -25.4142 20.4142 2.2
      vertex -25.7309 21.5521 2.2
    endloop
  endfacet
  facet normal 0 0 1
    outer loop
      vertex -25.4142 20.4142 2.2
      vertex -26.4494 21.4092 2.2
      vertex -25.5867 20.2175 2.2
    endloop
  endfacet
  facet normal 0 0 1
    outer loop
      vertex -25.5867 20.2175 2.2
      vertex -26.4494 21.4092 2.2
      vertex -25.732 20 2.2
    endloop
  endfacet
  facet normal -0 0 1
    outer loop
      vertex -27.143 21.1737 2.2
      vertex -25.732 20 2.2
      vertex -26.4494 21.4092 2.2
    endloop
  endfacet
  facet normal 0 0 1
    outer loop
      vertex -25.732 20 2.2
      vertex -27.143 21.1737 2.2
      vertex -25.8478 19.7654 2.2
    endloop
  endfacet
  facet normal 0 0 1
    outer loop
      vertex -25.8478 19.7654 2.2
      vertex -27.143 21.1737 2.2
      vertex -25.9319 19.5176 2.2
    endloop
  endfacet
  facet normal -0 0 1
    outer loop
      vertex -27.8 20.8497 2.2
      vertex -25.9319 19.5176 2.2
      vertex -27.143 21.1737 2.2
    endloop
  endfacet
  facet normal -0 0 1
    outer loop
      vertex -28.4091 20.4428 2.2
      vertex -25.9829 19.2611 2.2
      vertex -27.8 20.8497 2.2
    endloop
  endfacet
  facet normal 0 0 1
    outer loop
      vertex -25.9829 18.7389 2.2
      vertex -26.5251 2.47487 2.2
      vertex -26.2233 2.13066 2.2
    endloop
  endfacet
  facet normal 0 0 1
    outer loop
      vertex -25.9829 18.7389 2.2
      vertex -26.8693 2.77674 2.2
      vertex -26.5251 2.47487 2.2
    endloop
  endfacet
  facet normal 0 0 1
    outer loop
      vertex -25.9829 19.2611 2.2
      vertex -28.4091 20.4428 2.2
      vertex -26 19 2.2
    endloop
  endfacet
  facet normal 0 -0 1
    outer loop
      vertex -27.6606 3.23358 2.2
      vertex -25.9829 18.7389 2.2
      vertex -30.6 16 2.2
    endloop
  endfacet
  facet normal 0 0 1
    outer loop
      vertex -25.9829 18.7389 2.2
      vertex -27.25 3.03109 2.2
      vertex -26.8693 2.77674 2.2
    endloop
  endfacet
  facet normal -0 0 1
    outer loop
      vertex -28.9598 19.9598 2.2
      vertex -26 19 2.2
      vertex -28.4091 20.4428 2.2
    endloop
  endfacet
  facet normal 0 0 1
    outer loop
      vertex -25.9829 18.7389 2.2
      vertex -27.6606 3.23358 2.2
      vertex -27.25 3.03109 2.2
    endloop
  endfacet
  facet normal 0 0 1
    outer loop
      vertex -26 19 2.2
      vertex -28.9598 19.9598 2.2
      vertex -25.9829 18.7389 2.2
    endloop
  endfacet
  facet normal 0 0 1
    outer loop
      vertex -27.6606 3.23358 2.2
      vertex -30.6 16 2.2
      vertex -28.0941 3.38074 2.2
    endloop
  endfacet
  facet normal -0 0 1
    outer loop
      vertex -29.4428 19.4091 2.2
      vertex -25.9829 18.7389 2.2
      vertex -28.9598 19.9598 2.2
    endloop
  endfacet
  facet normal 0 0 1
    outer loop
      vertex -28.0941 3.38074 2.2
      vertex -30.6 16 2.2
      vertex -28.5432 3.47006 2.2
    endloop
  endfacet
  facet normal -0 0 1
    outer loop
      vertex -29.8497 18.8 2.2
      vertex -25.9829 18.7389 2.2
      vertex -29.4428 19.4091 2.2
    endloop
  endfacet
  facet normal 0 0 1
    outer loop
      vertex -28.5432 3.47006 2.2
      vertex -30.6 16 2.2
      vertex -29 3.5 2.2
    endloop
  endfacet
  facet normal 0 0 1
    outer loop
      vertex -30.1737 18.143 2.2
      vertex -25.9829 18.7389 2.2
      vertex -29.8497 18.8 2.2
    endloop
  endfacet
  facet normal 0 0 1
    outer loop
      vertex -29 3.5 2.2
      vertex -30.6 16 2.2
      vertex -29.4568 3.47006 2.2
    endloop
  endfacet
  facet normal 0 0 1
    outer loop
      vertex -30.4092 17.4494 2.2
      vertex -25.9829 18.7389 2.2
      vertex -30.1737 18.143 2.2
    endloop
  endfacet
  facet normal 0 0 1
    outer loop
      vertex -29.4568 3.47006 2.2
      vertex -30.6 16 2.2
      vertex -29.9059 3.38074 2.2
    endloop
  endfacet
  facet normal 0 0 1
    outer loop
      vertex -30.5521 16.7309 2.2
      vertex -25.9829 18.7389 2.2
      vertex -30.4092 17.4494 2.2
    endloop
  endfacet
  facet normal 0 0 1
    outer loop
      vertex -25.9829 18.7389 2.2
      vertex -30.5521 16.7309 2.2
      vertex -30.6 16 2.2
    endloop
  endfacet
  facet normal 0 0 1
    outer loop
      vertex -29.9059 3.38074 2.2
      vertex -30.6 16 2.2
      vertex -30.3394 3.23358 2.2
    endloop
  endfacet
  facet normal 0 0 1
    outer loop
      vertex -30.3394 3.23358 2.2
      vertex -30.6 16 2.2
      vertex -30.6 3.10506 2.2
    endloop
  endfacet
  facet normal 0 0 1
    outer loop
      vertex -25.5299 -0.456841 2.2
      vertex 25.5 0 2.2
      vertex -25.5 0 2.2
    endloop
  endfacet
  facet normal 0 0 1
    outer loop
      vertex -26.2233 2.13066 2.2
      vertex -25.4142 17.5858 2.2
      vertex -25.5867 17.7825 2.2
    endloop
  endfacet
  facet normal 0 0 1
    outer loop
      vertex -25.2175 17.4133 2.2
      vertex -25.6193 0.905867 2.2
      vertex -25.5299 0.456841 2.2
    endloop
  endfacet
  facet normal 0 0 1
    outer loop
      vertex -26.2233 2.13066 2.2
      vertex -25.5867 17.7825 2.2
      vertex -25.732 18 2.2
    endloop
  endfacet
  facet normal 0 0 1
    outer loop
      vertex -25.2175 17.4133 2.2
      vertex -25.7664 1.33939 2.2
      vertex -25.6193 0.905867 2.2
    endloop
  endfacet
  facet normal 0 0 1
    outer loop
      vertex -26.2233 2.13066 2.2
      vertex -25.732 18 2.2
      vertex -25.8478 18.2346 2.2
    endloop
  endfacet
  facet normal 0 0 1
    outer loop
      vertex -26.2233 2.13066 2.2
      vertex -25.8478 18.2346 2.2
      vertex -25.9319 18.4824 2.2
    endloop
  endfacet
  facet normal 0 0 1
    outer loop
      vertex -25.2175 17.4133 2.2
      vertex -25.9689 1.75 2.2
      vertex -25.7664 1.33939 2.2
    endloop
  endfacet
  facet normal 0 0 1
    outer loop
      vertex -26.2233 2.13066 2.2
      vertex -25.9319 18.4824 2.2
      vertex -25.9829 18.7389 2.2
    endloop
  endfacet
  facet normal 0 0 1
    outer loop
      vertex -25.9319 19.5176 2.2
      vertex -27.8 20.8497 2.2
      vertex -25.9829 19.2611 2.2
    endloop
  endfacet
  facet normal 0 0 1
    outer loop
      vertex -25.2175 17.4133 2.2
      vertex -26.2233 2.13066 2.2
      vertex -25.9689 1.75 2.2
    endloop
  endfacet
  facet normal 0 0 1
    outer loop
      vertex -22.0681 18.4824 2.2
      vertex 25 21.6 2.2
      vertex -22.0171 18.7389 2.2
    endloop
  endfacet
  facet normal -0 0 1
    outer loop
      vertex -22.2679 18 2.2
      vertex 25.6193 0.905867 2.2
      vertex -22.1522 18.2346 2.2
    endloop
  endfacet
  facet normal 0 0 1
    outer loop
      vertex -25.5299 0.456841 2.2
      vertex 25.5299 0.456841 2.2
      vertex -22.2679 18 2.2
    endloop
  endfacet
  facet normal 0 0 1
    outer loop
      vertex 25.5299 0.456841 2.2
      vertex -25.5299 0.456841 2.2
      vertex 25.5 0 2.2
    endloop
  endfacet
  facet normal 0 0 1
    outer loop
      vertex -25.5299 0.456841 2.2
      vertex -22.2679 18 2.2
      vertex -22.4133 17.7825 2.2
    endloop
  endfacet
  facet normal 0 0 1
    outer loop
      vertex -25.5299 0.456841 2.2
      vertex -22.4133 17.7825 2.2
      vertex -22.5858 17.5858 2.2
    endloop
  endfacet
  facet normal 0 0 1
    outer loop
      vertex -25.5299 0.456841 2.2
      vertex -22.5858 17.5858 2.2
      vertex -22.7825 17.4133 2.2
    endloop
  endfacet
  facet normal 0 0 1
    outer loop
      vertex -25.5299 0.456841 2.2
      vertex -22.7825 17.4133 2.2
      vertex -23 17.2679 2.2
    endloop
  endfacet
  facet normal 0 0 1
    outer loop
      vertex -25.5299 0.456841 2.2
      vertex -23 17.2679 2.2
      vertex -23.2346 17.1522 2.2
    endloop
  endfacet
  facet normal 0 0 1
    outer loop
      vertex -25.5299 0.456841 2.2
      vertex -23.2346 17.1522 2.2
      vertex -23.4824 17.0681 2.2
    endloop
  endfacet
  facet normal 0 0 1
    outer loop
      vertex -25.5299 0.456841 2.2
      vertex -23.4824 17.0681 2.2
      vertex -23.7389 17.0171 2.2
    endloop
  endfacet
  facet normal 0 0 1
    outer loop
      vertex -25.5299 0.456841 2.2
      vertex -23.7389 17.0171 2.2
      vertex -24 17 2.2
    endloop
  endfacet
  facet normal 0 0 1
    outer loop
      vertex -25.5299 0.456841 2.2
      vertex -24 17 2.2
      vertex -24.2611 17.0171 2.2
    endloop
  endfacet
  facet normal 0 0 1
    outer loop
      vertex -25.5299 0.456841 2.2
      vertex -24.2611 17.0171 2.2
      vertex -24.5176 17.0681 2.2
    endloop
  endfacet
  facet normal 0 0 1
    outer loop
      vertex -25.5299 0.456841 2.2
      vertex -24.5176 17.0681 2.2
      vertex -24.7654 17.1522 2.2
    endloop
  endfacet
  facet normal 0 0 1
    outer loop
      vertex -25.5299 0.456841 2.2
      vertex -24.7654 17.1522 2.2
      vertex -25 17.2679 2.2
    endloop
  endfacet
  facet normal 0 0 1
    outer loop
      vertex 25.5 0 2.2
      vertex -25.5299 0.456841 2.2
      vertex -25.5 0 2.2
    endloop
  endfacet
  facet normal 0 0 1
    outer loop
      vertex -25.5299 0.456841 2.2
      vertex -25 17.2679 2.2
      vertex -25.2175 17.4133 2.2
    endloop
  endfacet
  facet normal 0 0 1
    outer loop
      vertex -26.2233 2.13066 2.2
      vertex -25.2175 17.4133 2.2
      vertex -25.4142 17.5858 2.2
    endloop
  endfacet
  facet normal 0 0 1
    outer loop
      vertex 25.5299 -0.456841 2.2
      vertex -25.5299 -0.456841 2.2
      vertex -25.6193 -0.905867 2.2
    endloop
  endfacet
  facet normal 0 0 1
    outer loop
      vertex 25.6193 -0.905867 2.2
      vertex -25.6193 -0.905867 2.2
      vertex -25.7664 -1.33939 2.2
    endloop
  endfacet
  facet normal 0 0 1
    outer loop
      vertex 25.7664 -1.33939 2.2
      vertex -25.7664 -1.33939 2.2
      vertex 25 -21.6 2.2
    endloop
  endfacet
  facet normal 0 0 1
    outer loop
      vertex 25 -21.6 2.2
      vertex -25.7664 -1.33939 2.2
      vertex -25 -21.6 2.2
    endloop
  endfacet
  facet normal -0 0 1
    outer loop
      vertex -25.9689 -1.75 2.2
      vertex -25 -21.6 2.2
      vertex -25.7664 -1.33939 2.2
    endloop
  endfacet
  facet normal -0 0 1
    outer loop
      vertex -26.2233 -2.13066 2.2
      vertex -25 -21.6 2.2
      vertex -25.9689 -1.75 2.2
    endloop
  endfacet
  facet normal -0 0 1
    outer loop
      vertex -26.5251 -2.47487 2.2
      vertex -25 -21.6 2.2
      vertex -26.2233 -2.13066 2.2
    endloop
  endfacet
  facet normal -0 0 1
    outer loop
      vertex -26.8693 -2.77674 2.2
      vertex -25 -21.6 2.2
      vertex -26.5251 -2.47487 2.2
    endloop
  endfacet
  facet normal -0 0 1
    outer loop
      vertex -30.6 -16 2.2
      vertex -25 -21.6 2.2
      vertex -26.8693 -2.77674 2.2
    endloop
  endfacet
  facet normal 0 0 1
    outer loop
      vertex -25 -21.6 2.2
      vertex -30.6 -16 2.2
      vertex -25.7309 -21.5521 2.2
    endloop
  endfacet
  facet normal 0 0 1
    outer loop
      vertex -25.7309 -21.5521 2.2
      vertex -30.6 -16 2.2
      vertex -26.4494 -21.4092 2.2
    endloop
  endfacet
  facet normal 0 0 1
    outer loop
      vertex -30.6 -16 2.2
      vertex -26.8693 -2.77674 2.2
      vertex -27.25 -3.03109 2.2
    endloop
  endfacet
  facet normal 0 0 1
    outer loop
      vertex -30.6 -16 2.2
      vertex -27.25 -3.03109 2.2
      vertex -27.6606 -3.23358 2.2
    endloop
  endfacet
  facet normal 0 0 1
    outer loop
      vertex -26.4494 -21.4092 2.2
      vertex -30.6 -16 2.2
      vertex -27.143 -21.1737 2.2
    endloop
  endfacet
  facet normal 0 0 1
    outer loop
      vertex -30.6 -16 2.2
      vertex -27.6606 -3.23358 2.2
      vertex -28.0941 -3.38074 2.2
    endloop
  endfacet
  facet normal 0 0 1
    outer loop
      vertex -27.143 -21.1737 2.2
      vertex -30.6 -16 2.2
      vertex -27.8 -20.8497 2.2
    endloop
  endfacet
  facet normal 0 0 1
    outer loop
      vertex -30.6 -16 2.2
      vertex -28.0941 -3.38074 2.2
      vertex -28.5432 -3.47006 2.2
    endloop
  endfacet
  facet normal 0 0 1
    outer loop
      vertex -27.8 -20.8497 2.2
      vertex -30.6 -16 2.2
      vertex -28.4091 -20.4428 2.2
    endloop
  endfacet
  facet normal 0 0 1
    outer loop
      vertex -30.6 -16 2.2
      vertex -28.5432 -3.47006 2.2
      vertex -29 -3.5 2.2
    endloop
  endfacet
  facet normal 0 0 1
    outer loop
      vertex -28.4091 -20.4428 2.2
      vertex -30.6 -16 2.2
      vertex -28.9598 -19.9598 2.2
    endloop
  endfacet
  facet normal 0 0 1
    outer loop
      vertex -30.6 -16 2.2
      vertex -29 -3.5 2.2
      vertex -29.4568 -3.47006 2.2
    endloop
  endfacet
  facet normal 0 0 1
    outer loop
      vertex -28.9598 -19.9598 2.2
      vertex -30.6 -16 2.2
      vertex -29.4428 -19.4091 2.2
    endloop
  endfacet
  facet normal 0 0 1
    outer loop
      vertex -30.6 -16 2.2
      vertex -29.4568 -3.47006 2.2
      vertex -29.9059 -3.38074 2.2
    endloop
  endfacet
  facet normal 0 0 1
    outer loop
      vertex -29.4428 -19.4091 2.2
      vertex -30.6 -16 2.2
      vertex -29.8497 -18.8 2.2
    endloop
  endfacet
  facet normal 0 0 1
    outer loop
      vertex -30.6 -16 2.2
      vertex -29.9059 -3.38074 2.2
      vertex -30.3394 -3.23358 2.2
    endloop
  endfacet
  facet normal 0 0 1
    outer loop
      vertex -29.8497 -18.8 2.2
      vertex -30.6 -16 2.2
      vertex -30.1737 -18.143 2.2
    endloop
  endfacet
  facet normal 0 0 1
    outer loop
      vertex -30.1737 -18.143 2.2
      vertex -30.6 -16 2.2
      vertex -30.4092 -17.4494 2.2
    endloop
  endfacet
  facet normal 0 0 1
    outer loop
      vertex -30.6 -16 2.2
      vertex -30.3394 -3.23358 2.2
      vertex -30.6 -3.10506 2.2
    endloop
  endfacet
  facet normal 0 0 1
    outer loop
      vertex -30.4092 -17.4494 2.2
      vertex -30.6 -16 2.2
      vertex -30.5521 -16.7309 2.2
    endloop
  endfacet
  facet normal -0.946907 0.321506 1.22661e-17
    outer loop
      vertex 30.1737 -18.143 2.2
      vertex 30.4092 -17.4494 3
      vertex 30.4092 -17.4494 2.2
    endloop
  endfacet
  facet normal -0.946907 0.321506 1.22661e-17
    outer loop
      vertex 30.4092 -17.4494 3
      vertex 30.1737 -18.143 2.2
      vertex 30.1737 -18.143 3
    endloop
  endfacet
  facet normal -0.896871 0.442292 -1.8008e-17
    outer loop
      vertex 29.8497 -18.8 2.2
      vertex 30.1737 -18.143 3
      vertex 30.1737 -18.143 2.2
    endloop
  endfacet
  facet normal -0.896871 0.442292 -1.8008e-17
    outer loop
      vertex 30.1737 -18.143 3
      vertex 29.8497 -18.8 2.2
      vertex 29.8497 -18.8 3
    endloop
  endfacet
  facet normal -0.831525 0.555488 -8.98922e-18
    outer loop
      vertex 29.4428 -19.4091 2.2
      vertex 29.8497 -18.8 3
      vertex 29.8497 -18.8 2.2
    endloop
  endfacet
  facet normal -0.831525 0.555488 -8.98922e-18
    outer loop
      vertex 29.8497 -18.8 3
      vertex 29.4428 -19.4091 2.2
      vertex 29.4428 -19.4091 3
    endloop
  endfacet
  facet normal -0.321506 0.946907 0
    outer loop
      vertex 27.143 -21.1737 2.2
      vertex 26.4494 -21.4092 3
      vertex 27.143 -21.1737 3
    endloop
  endfacet
  facet normal -0.321506 0.946907 0
    outer loop
      vertex 26.4494 -21.4092 3
      vertex 27.143 -21.1737 2.2
      vertex 26.4494 -21.4092 2.2
    endloop
  endfacet
  facet normal 0.555532 -0.831495 0
    outer loop
      vertex -27.25 -3.03109 2.2
      vertex -26.8693 -2.77674 18
      vertex -27.25 -3.03109 18
    endloop
  endfacet
  facet normal 0.555532 -0.831495 0
    outer loop
      vertex -26.8693 -2.77674 18
      vertex -27.25 -3.03109 2.2
      vertex -26.8693 -2.77674 2.2
    endloop
  endfacet
  facet normal 0.980751 0.195265 1.16841e-19
    outer loop
      vertex -25.5299 0.456841 18
      vertex -25.6193 0.905867 2.2
      vertex -25.6193 0.905867 18
    endloop
  endfacet
  facet normal 0.980751 0.195265 1.16841e-19
    outer loop
      vertex -25.6193 0.905867 2.2
      vertex -25.5299 0.456841 18
      vertex -25.5299 0.456841 2.2
    endloop
  endfacet
  facet normal 0.997865 0.0653097 1.0011e-19
    outer loop
      vertex -25.5 0 18
      vertex -25.5299 0.456841 2.2
      vertex -25.5299 0.456841 18
    endloop
  endfacet
  facet normal 0.997865 0.0653097 1.0011e-19
    outer loop
      vertex -25.5299 0.456841 2.2
      vertex -25.5 0 18
      vertex -25.5 0 2.2
    endloop
  endfacet
  facet normal -0.831418 -0.555647 -0
    outer loop
      vertex -31.7767 -2.13066 1.1651
      vertex -32.0311 -1.75 0
      vertex -31.7767 -2.13066 0
    endloop
  endfacet
  facet normal -0.831418 -0.555647 0
    outer loop
      vertex -32.0311 -1.75 0
      vertex -31.7767 -2.13066 1.1651
      vertex -32.0311 -1.75 1.54663
    endloop
  endfacet
  facet normal -0.831418 -0.555647 4.20715e-19
    outer loop
      vertex -31.7767 -2.13066 3
      vertex -32.0311 -1.75 18
      vertex -32.0311 -1.75 3
    endloop
  endfacet
  facet normal -0.831418 -0.555647 4.20715e-19
    outer loop
      vertex -32.0311 -1.75 18
      vertex -31.7767 -2.13066 3
      vertex -31.7767 -2.13066 18
    endloop
  endfacet
  facet normal 0 0 1
    outer loop
      vertex -27.85 0 18
      vertex -25.5 0 18
      vertex -25.5299 0.456841 18
    endloop
  endfacet
  facet normal 0 0 1
    outer loop
      vertex -27.8598 0.150105 18
      vertex -25.5299 0.456841 18
      vertex -25.6193 0.905867 18
    endloop
  endfacet
  facet normal 0 0 1
    outer loop
      vertex -25.5 0 18
      vertex -27.85 0 18
      vertex -25.5299 -0.456841 18
    endloop
  endfacet
  facet normal 0 0 1
    outer loop
      vertex -27.8892 0.297642 18
      vertex -25.6193 0.905867 18
      vertex -25.7664 1.33939 18
    endloop
  endfacet
  facet normal -0 0 1
    outer loop
      vertex -27.8598 -0.150105 18
      vertex -25.5299 -0.456841 18
      vertex -27.85 0 18
    endloop
  endfacet
  facet normal 0 0 1
    outer loop
      vertex -27.9375 0.440085 18
      vertex -25.7664 1.33939 18
      vertex -25.9689 1.75 18
    endloop
  endfacet
  facet normal 0 0 1
    outer loop
      vertex -25.5299 -0.456841 18
      vertex -27.8598 -0.150105 18
      vertex -25.6193 -0.905867 18
    endloop
  endfacet
  facet normal 0 0 1
    outer loop
      vertex -28.0041 0.575 18
      vertex -25.9689 1.75 18
      vertex -26.2233 2.13066 18
    endloop
  endfacet
  facet normal -0 0 1
    outer loop
      vertex -27.8892 -0.297642 18
      vertex -25.6193 -0.905867 18
      vertex -27.8598 -0.150105 18
    endloop
  endfacet
  facet normal 0 0 1
    outer loop
      vertex -28.0876 0.700075 18
      vertex -26.2233 2.13066 18
      vertex -26.5251 2.47487 18
    endloop
  endfacet
  facet normal 0 0 1
    outer loop
      vertex -25.6193 -0.905867 18
      vertex -27.8892 -0.297642 18
      vertex -25.7664 -1.33939 18
    endloop
  endfacet
  facet normal 0 0 1
    outer loop
      vertex -28.1868 0.813172 18
      vertex -26.5251 2.47487 18
      vertex -26.8693 2.77674 18
    endloop
  endfacet
  facet normal -0 0 1
    outer loop
      vertex -27.9375 -0.440085 18
      vertex -25.7664 -1.33939 18
      vertex -27.8892 -0.297642 18
    endloop
  endfacet
  facet normal 0 0 1
    outer loop
      vertex -28.2999 0.912355 18
      vertex -26.8693 2.77674 18
      vertex -27.25 3.03109 18
    endloop
  endfacet
  facet normal 0 0 1
    outer loop
      vertex -25.7664 -1.33939 18
      vertex -27.9375 -0.440085 18
      vertex -25.9689 -1.75 18
    endloop
  endfacet
  facet normal 0 0 1
    outer loop
      vertex -28.425 0.995929 18
      vertex -27.25 3.03109 18
      vertex -27.6606 3.23358 18
    endloop
  endfacet
  facet normal -0 0 1
    outer loop
      vertex -28.0041 -0.575 18
      vertex -25.9689 -1.75 18
      vertex -27.9375 -0.440085 18
    endloop
  endfacet
  facet normal 0 0 1
    outer loop
      vertex -25.9689 -1.75 18
      vertex -28.0041 -0.575 18
      vertex -26.2233 -2.13066 18
    endloop
  endfacet
  facet normal 0 0 1
    outer loop
      vertex -25.5299 0.456841 18
      vertex -27.8598 0.150105 18
      vertex -27.85 0 18
    endloop
  endfacet
  facet normal 0 0 1
    outer loop
      vertex -25.6193 0.905867 18
      vertex -27.8892 0.297642 18
      vertex -27.8598 0.150105 18
    endloop
  endfacet
  facet normal 0 0 1
    outer loop
      vertex -25.7664 1.33939 18
      vertex -27.9375 0.440085 18
      vertex -27.8892 0.297642 18
    endloop
  endfacet
  facet normal 0 0 1
    outer loop
      vertex -25.9689 1.75 18
      vertex -28.0041 0.575 18
      vertex -27.9375 0.440085 18
    endloop
  endfacet
  facet normal 0 0 1
    outer loop
      vertex -26.2233 2.13066 18
      vertex -28.0876 0.700075 18
      vertex -28.0041 0.575 18
    endloop
  endfacet
  facet normal 0 0 1
    outer loop
      vertex -28.5599 1.06246 18
      vertex -27.6606 3.23358 18
      vertex -28.0941 3.38074 18
    endloop
  endfacet
  facet normal 0 0 1
    outer loop
      vertex -26.5251 2.47487 18
      vertex -28.1868 0.813172 18
      vertex -28.0876 0.700075 18
    endloop
  endfacet
  facet normal 0 0 1
    outer loop
      vertex -26.8693 2.77674 18
      vertex -28.2999 0.912355 18
      vertex -28.1868 0.813172 18
    endloop
  endfacet
  facet normal 0 0 1
    outer loop
      vertex -27.25 3.03109 18
      vertex -28.425 0.995929 18
      vertex -28.2999 0.912355 18
    endloop
  endfacet
  facet normal 0 0 1
    outer loop
      vertex -28.7024 1.11081 18
      vertex -28.0941 3.38074 18
      vertex -28.5432 3.47006 18
    endloop
  endfacet
  facet normal 0 0 1
    outer loop
      vertex -27.6606 3.23358 18
      vertex -28.5599 1.06246 18
      vertex -28.425 0.995929 18
    endloop
  endfacet
  facet normal 0 0 1
    outer loop
      vertex -28.0941 3.38074 18
      vertex -28.7024 1.11081 18
      vertex -28.5599 1.06246 18
    endloop
  endfacet
  facet normal 0 0 1
    outer loop
      vertex -28.5432 3.47006 18
      vertex -28.8499 1.14016 18
      vertex -28.7024 1.11081 18
    endloop
  endfacet
  facet normal 0 0 1
    outer loop
      vertex -29 3.5 18
      vertex -28.8499 1.14016 18
      vertex -28.5432 3.47006 18
    endloop
  endfacet
  facet normal 0 0 1
    outer loop
      vertex -29 3.5 18
      vertex -29 1.15 18
      vertex -28.8499 1.14016 18
    endloop
  endfacet
  facet normal 0 0 1
    outer loop
      vertex -29 3.5 18
      vertex -29.1501 1.14016 18
      vertex -29 1.15 18
    endloop
  endfacet
  facet normal -0 0 1
    outer loop
      vertex -29.4568 3.47006 18
      vertex -29.1501 1.14016 18
      vertex -29 3.5 18
    endloop
  endfacet
  facet normal 0 0 1
    outer loop
      vertex -29.1501 1.14016 18
      vertex -29.4568 3.47006 18
      vertex -29.2976 1.11081 18
    endloop
  endfacet
  facet normal -0 0 1
    outer loop
      vertex -29.9059 3.38074 18
      vertex -29.2976 1.11081 18
      vertex -29.4568 3.47006 18
    endloop
  endfacet
  facet normal 0 0 1
    outer loop
      vertex -29.2976 1.11081 18
      vertex -29.9059 3.38074 18
      vertex -29.4401 1.06246 18
    endloop
  endfacet
  facet normal -0 0 1
    outer loop
      vertex -30.3394 3.23358 18
      vertex -29.4401 1.06246 18
      vertex -29.9059 3.38074 18
    endloop
  endfacet
  facet normal 0 0 1
    outer loop
      vertex -29.4401 1.06246 18
      vertex -30.3394 3.23358 18
      vertex -29.575 0.995929 18
    endloop
  endfacet
  facet normal -0 0 1
    outer loop
      vertex -30.75 3.03109 18
      vertex -29.575 0.995929 18
      vertex -30.3394 3.23358 18
    endloop
  endfacet
  facet normal 0 0 1
    outer loop
      vertex -29.575 0.995929 18
      vertex -30.75 3.03109 18
      vertex -29.7001 0.912355 18
    endloop
  endfacet
  facet normal -0 0 1
    outer loop
      vertex -31.1307 2.77674 18
      vertex -29.7001 0.912355 18
      vertex -30.75 3.03109 18
    endloop
  endfacet
  facet normal 0 0 1
    outer loop
      vertex -29.7001 0.912355 18
      vertex -31.1307 2.77674 18
      vertex -29.8132 0.813172 18
    endloop
  endfacet
  facet normal -0 0 1
    outer loop
      vertex -31.4749 2.47487 18
      vertex -29.8132 0.813172 18
      vertex -31.1307 2.77674 18
    endloop
  endfacet
  facet normal 0 0 1
    outer loop
      vertex -29.8132 0.813172 18
      vertex -31.4749 2.47487 18
      vertex -29.9124 0.700075 18
    endloop
  endfacet
  facet normal 0 0 1
    outer loop
      vertex -29.9124 0.700075 18
      vertex -31.7767 2.13066 18
      vertex -29.9959 0.575 18
    endloop
  endfacet
  facet normal -0 0 1
    outer loop
      vertex -31.7767 2.13066 18
      vertex -29.9124 0.700075 18
      vertex -31.4749 2.47487 18
    endloop
  endfacet
  facet normal -0 0 1
    outer loop
      vertex -28.0876 -0.700075 18
      vertex -26.2233 -2.13066 18
      vertex -28.0041 -0.575 18
    endloop
  endfacet
  facet normal 0 0 1
    outer loop
      vertex -26.2233 -2.13066 18
      vertex -28.0876 -0.700075 18
      vertex -26.5251 -2.47487 18
    endloop
  endfacet
  facet normal -0 0 1
    outer loop
      vertex -28.1868 -0.813172 18
      vertex -26.5251 -2.47487 18
      vertex -28.0876 -0.700075 18
    endloop
  endfacet
  facet normal 0 0 1
    outer loop
      vertex -26.5251 -2.47487 18
      vertex -28.1868 -0.813172 18
      vertex -26.8693 -2.77674 18
    endloop
  endfacet
  facet normal -0 0 1
    outer loop
      vertex -28.2999 -0.912355 18
      vertex -26.8693 -2.77674 18
      vertex -28.1868 -0.813172 18
    endloop
  endfacet
  facet normal 0 0 1
    outer loop
      vertex -26.8693 -2.77674 18
      vertex -28.2999 -0.912355 18
      vertex -27.25 -3.03109 18
    endloop
  endfacet
  facet normal -0 0 1
    outer loop
      vertex -28.425 -0.995929 18
      vertex -27.25 -3.03109 18
      vertex -28.2999 -0.912355 18
    endloop
  endfacet
  facet normal 0 0 1
    outer loop
      vertex -27.25 -3.03109 18
      vertex -28.425 -0.995929 18
      vertex -27.6606 -3.23358 18
    endloop
  endfacet
  facet normal -0 0 1
    outer loop
      vertex -28.5599 -1.06246 18
      vertex -27.6606 -3.23358 18
      vertex -28.425 -0.995929 18
    endloop
  endfacet
  facet normal 0 0 1
    outer loop
      vertex -27.6606 -3.23358 18
      vertex -28.5599 -1.06246 18
      vertex -28.0941 -3.38074 18
    endloop
  endfacet
  facet normal -0 0 1
    outer loop
      vertex -28.7024 -1.11081 18
      vertex -28.0941 -3.38074 18
      vertex -28.5599 -1.06246 18
    endloop
  endfacet
  facet normal 0 0 1
    outer loop
      vertex -28.0941 -3.38074 18
      vertex -28.7024 -1.11081 18
      vertex -28.5432 -3.47006 18
    endloop
  endfacet
  facet normal -0 0 1
    outer loop
      vertex -28.8499 -1.14016 18
      vertex -28.5432 -3.47006 18
      vertex -28.7024 -1.11081 18
    endloop
  endfacet
  facet normal -0 0 1
    outer loop
      vertex -29 -1.15 18
      vertex -28.5432 -3.47006 18
      vertex -28.8499 -1.14016 18
    endloop
  endfacet
  facet normal 0 0 1
    outer loop
      vertex -29 -1.15 18
      vertex -29 -3.5 18
      vertex -28.5432 -3.47006 18
    endloop
  endfacet
  facet normal 0 0 1
    outer loop
      vertex -29.1501 -1.14016 18
      vertex -29 -3.5 18
      vertex -29 -1.15 18
    endloop
  endfacet
  facet normal 0 0 1
    outer loop
      vertex -29.4568 -3.47006 18
      vertex -29.1501 -1.14016 18
      vertex -29.2976 -1.11081 18
    endloop
  endfacet
  facet normal 0 0 1
    outer loop
      vertex -29.9059 -3.38074 18
      vertex -29.2976 -1.11081 18
      vertex -29.4401 -1.06246 18
    endloop
  endfacet
  facet normal 0 0 1
    outer loop
      vertex -29.1501 -1.14016 18
      vertex -29.4568 -3.47006 18
      vertex -29 -3.5 18
    endloop
  endfacet
  facet normal 0 0 1
    outer loop
      vertex -30.3394 -3.23358 18
      vertex -29.4401 -1.06246 18
      vertex -29.575 -0.995929 18
    endloop
  endfacet
  facet normal 0 0 1
    outer loop
      vertex -30.75 -3.03109 18
      vertex -29.575 -0.995929 18
      vertex -29.7001 -0.912355 18
    endloop
  endfacet
  facet normal 0 0 1
    outer loop
      vertex -31.1307 -2.77674 18
      vertex -29.7001 -0.912355 18
      vertex -29.8132 -0.813172 18
    endloop
  endfacet
  facet normal 0 0 1
    outer loop
      vertex -29.2976 -1.11081 18
      vertex -29.9059 -3.38074 18
      vertex -29.4568 -3.47006 18
    endloop
  endfacet
  facet normal 0 0 1
    outer loop
      vertex -31.4749 -2.47487 18
      vertex -29.8132 -0.813172 18
      vertex -29.9124 -0.700075 18
    endloop
  endfacet
  facet normal 0 0 1
    outer loop
      vertex -31.7767 -2.13066 18
      vertex -29.9124 -0.700075 18
      vertex -29.9959 -0.575 18
    endloop
  endfacet
  facet normal 0 0 1
    outer loop
      vertex -32.0311 -1.75 18
      vertex -29.9959 -0.575 18
      vertex -30.0625 -0.440085 18
    endloop
  endfacet
  facet normal 0 0 1
    outer loop
      vertex -32.2336 -1.33939 18
      vertex -30.0625 -0.440085 18
      vertex -30.1108 -0.297642 18
    endloop
  endfacet
  facet normal 0 0 1
    outer loop
      vertex -32.3807 -0.905867 18
      vertex -30.1108 -0.297642 18
      vertex -30.1402 -0.150105 18
    endloop
  endfacet
  facet normal 0 0 1
    outer loop
      vertex -29.4401 -1.06246 18
      vertex -30.3394 -3.23358 18
      vertex -29.9059 -3.38074 18
    endloop
  endfacet
  facet normal 0 0 1
    outer loop
      vertex -32.4701 -0.456841 18
      vertex -30.1402 -0.150105 18
      vertex -30.15 0 18
    endloop
  endfacet
  facet normal -0 0 1
    outer loop
      vertex -32.0311 1.75 18
      vertex -29.9959 0.575 18
      vertex -31.7767 2.13066 18
    endloop
  endfacet
  facet normal 0 0 1
    outer loop
      vertex -29.9959 0.575 18
      vertex -32.0311 1.75 18
      vertex -30.0625 0.440085 18
    endloop
  endfacet
  facet normal 0 0 1
    outer loop
      vertex -29.575 -0.995929 18
      vertex -30.75 -3.03109 18
      vertex -30.3394 -3.23358 18
    endloop
  endfacet
  facet normal -0 0 1
    outer loop
      vertex -32.2336 1.33939 18
      vertex -30.0625 0.440085 18
      vertex -32.0311 1.75 18
    endloop
  endfacet
  facet normal 0 0 1
    outer loop
      vertex -29.7001 -0.912355 18
      vertex -31.1307 -2.77674 18
      vertex -30.75 -3.03109 18
    endloop
  endfacet
  facet normal 0 0 1
    outer loop
      vertex -30.0625 0.440085 18
      vertex -32.2336 1.33939 18
      vertex -30.1108 0.297642 18
    endloop
  endfacet
  facet normal 0 0 1
    outer loop
      vertex -29.8132 -0.813172 18
      vertex -31.4749 -2.47487 18
      vertex -31.1307 -2.77674 18
    endloop
  endfacet
  facet normal -0 0 1
    outer loop
      vertex -32.3807 0.905867 18
      vertex -30.1108 0.297642 18
      vertex -32.2336 1.33939 18
    endloop
  endfacet
  facet normal 0 0 1
    outer loop
      vertex -29.9124 -0.700075 18
      vertex -31.7767 -2.13066 18
      vertex -31.4749 -2.47487 18
    endloop
  endfacet
  facet normal 0 0 1
    outer loop
      vertex -30.1108 0.297642 18
      vertex -32.3807 0.905867 18
      vertex -30.1402 0.150105 18
    endloop
  endfacet
  facet normal 0 0 1
    outer loop
      vertex -29.9959 -0.575 18
      vertex -32.0311 -1.75 18
      vertex -31.7767 -2.13066 18
    endloop
  endfacet
  facet normal -0 0 1
    outer loop
      vertex -32.4701 0.456841 18
      vertex -30.1402 0.150105 18
      vertex -32.3807 0.905867 18
    endloop
  endfacet
  facet normal 0 0 1
    outer loop
      vertex -30.0625 -0.440085 18
      vertex -32.2336 -1.33939 18
      vertex -32.0311 -1.75 18
    endloop
  endfacet
  facet normal 0 0 1
    outer loop
      vertex -30.1402 0.150105 18
      vertex -32.4701 0.456841 18
      vertex -30.15 0 18
    endloop
  endfacet
  facet normal 0 0 1
    outer loop
      vertex -30.1108 -0.297642 18
      vertex -32.3807 -0.905867 18
      vertex -32.2336 -1.33939 18
    endloop
  endfacet
  facet normal 0 0 1
    outer loop
      vertex -32.5 0 18
      vertex -30.15 0 18
      vertex -32.4701 0.456841 18
    endloop
  endfacet
  facet normal 0 0 1
    outer loop
      vertex -30.1402 -0.150105 18
      vertex -32.4701 -0.456841 18
      vertex -32.3807 -0.905867 18
    endloop
  endfacet
  facet normal 0 0 1
    outer loop
      vertex -30.15 0 18
      vertex -32.5 0 18
      vertex -32.4701 -0.456841 18
    endloop
  endfacet
  facet normal 0.831418 0.555647 -6.57717e-19
    outer loop
      vertex -25.9689 1.75 18
      vertex -26.2233 2.13066 2.2
      vertex -26.2233 2.13066 18
    endloop
  endfacet
  facet normal 0.831418 0.555647 -6.57717e-19
    outer loop
      vertex -26.2233 2.13066 2.2
      vertex -25.9689 1.75 18
      vertex -25.9689 1.75 2.2
    endloop
  endfacet
  facet normal 0.980751 -0.195265 -1.16841e-19
    outer loop
      vertex -25.6193 -0.905867 18
      vertex -25.5299 -0.456841 2.2
      vertex -25.5299 -0.456841 18
    endloop
  endfacet
  facet normal 0.980751 -0.195265 -1.16841e-19
    outer loop
      vertex -25.5299 -0.456841 2.2
      vertex -25.6193 -0.905867 18
      vertex -25.6193 -0.905867 2.2
    endloop
  endfacet
  facet normal 0.659364 0.751824 -0
    outer loop
      vertex -26.5251 2.47487 2.2
      vertex -26.8693 2.77674 18
      vertex -26.5251 2.47487 18
    endloop
  endfacet
  facet normal 0.659364 0.751824 0
    outer loop
      vertex -26.8693 2.77674 18
      vertex -26.5251 2.47487 2.2
      vertex -26.8693 2.77674 2.2
    endloop
  endfacet
  facet normal -0.659364 0.751824 0
    outer loop
      vertex -31.1307 2.77674 3
      vertex -31.4749 2.47487 18
      vertex -31.1307 2.77674 18
    endloop
  endfacet
  facet normal -0.659364 0.751824 0
    outer loop
      vertex -31.4749 2.47487 18
      vertex -31.1307 2.77674 3
      vertex -31.4749 2.47487 3
    endloop
  endfacet
  facet normal -0.659364 0.751824 2.64187e-18
    outer loop
      vertex -31.4749 2.47487 0
      vertex -31.1307 2.77674 0.195997
      vertex -31.1307 2.77674 0
    endloop
  endfacet
  facet normal -0.659364 0.751824 7.26928e-19
    outer loop
      vertex -31.1307 2.77674 0.195997
      vertex -31.4749 2.47487 0
      vertex -31.4749 2.47487 0.71231
    endloop
  endfacet
  facet normal 0.751909 -0.659267 7.56465e-19
    outer loop
      vertex -26.5251 -2.47487 18
      vertex -26.2233 -2.13066 2.2
      vertex -26.2233 -2.13066 18
    endloop
  endfacet
  facet normal 0.751909 -0.659267 7.56465e-19
    outer loop
      vertex -26.2233 -2.13066 2.2
      vertex -26.5251 -2.47487 18
      vertex -26.5251 -2.47487 2.2
    endloop
  endfacet
  facet normal 0.0654026 -0.997859 0
    outer loop
      vertex -29 -3.5 2.2
      vertex -28.5432 -3.47006 18
      vertex -29 -3.5 18
    endloop
  endfacet
  facet normal 0.0654026 -0.997859 0
    outer loop
      vertex -28.5432 -3.47006 18
      vertex -29 -3.5 2.2
      vertex -28.5432 -3.47006 2.2
    endloop
  endfacet
  facet normal 0.896864 0.442305 8.08481e-19
    outer loop
      vertex -25.7664 1.33939 18
      vertex -25.9689 1.75 2.2
      vertex -25.9689 1.75 18
    endloop
  endfacet
  facet normal 0.896864 0.442305 8.08481e-19
    outer loop
      vertex -25.9689 1.75 2.2
      vertex -25.7664 1.33939 18
      vertex -25.7664 1.33939 2.2
    endloop
  endfacet
  facet normal 0.321452 -0.946926 0
    outer loop
      vertex -28.0941 -3.38074 2.2
      vertex -27.6606 -3.23358 18
      vertex -28.0941 -3.38074 18
    endloop
  endfacet
  facet normal 0.321452 -0.946926 0
    outer loop
      vertex -27.6606 -3.23358 18
      vertex -28.0941 -3.38074 2.2
      vertex -27.6606 -3.23358 2.2
    endloop
  endfacet
  facet normal -0.321452 0.946926 0
    outer loop
      vertex -29.9059 3.38074 2.2
      vertex -30.3394 3.23358 18
      vertex -29.9059 3.38074 18
    endloop
  endfacet
  facet normal -0.321452 0.946926 0
    outer loop
      vertex -30.3394 3.23358 18
      vertex -29.9059 3.38074 2.2
      vertex -30.3394 3.23358 2.2
    endloop
  endfacet
  facet normal -0.195066 0.98079 0
    outer loop
      vertex -29.4568 3.47006 2.2
      vertex -29.9059 3.38074 18
      vertex -29.4568 3.47006 18
    endloop
  endfacet
  facet normal -0.195066 0.98079 0
    outer loop
      vertex -29.9059 3.38074 18
      vertex -29.4568 3.47006 2.2
      vertex -29.9059 3.38074 2.2
    endloop
  endfacet
  facet normal -0.997865 0.0653097 -7.02503e-21
    outer loop
      vertex -32.5 0 3
      vertex -32.4701 0.456841 18
      vertex -32.4701 0.456841 3
    endloop
  endfacet
  facet normal -0.997865 0.0653097 -7.02503e-21
    outer loop
      vertex -32.4701 0.456841 18
      vertex -32.5 0 3
      vertex -32.5 0 18
    endloop
  endfacet
  facet normal -0.997865 0.0653097 -4.77876e-20
    outer loop
      vertex -32.5 0 0
      vertex -32.4701 0.456841 2.20508
      vertex -32.4701 0.456841 0
    endloop
  endfacet
  facet normal -0.997865 0.0653097 -4.68335e-20
    outer loop
      vertex -32.4701 0.456841 2.20508
      vertex -32.5 0 0
      vertex -32.5 0 2.25
    endloop
  endfacet
  facet normal -0.946971 0.32132 6.82117e-19
    outer loop
      vertex -32.3807 0.905867 3
      vertex -32.2336 1.33939 18
      vertex -32.2336 1.33939 3
    endloop
  endfacet
  facet normal -0.946971 0.32132 6.82117e-19
    outer loop
      vertex -32.2336 1.33939 18
      vertex -32.3807 0.905867 3
      vertex -32.3807 0.905867 18
    endloop
  endfacet
  facet normal -0.946971 0.32132 5.52957e-18
    outer loop
      vertex -32.3807 0.905867 0
      vertex -32.2336 1.33939 1.85037
      vertex -32.2336 1.33939 0
    endloop
  endfacet
  facet normal -0.946971 0.32132 4.94023e-18
    outer loop
      vertex -32.2336 1.33939 1.85037
      vertex -32.3807 0.905867 0
      vertex -32.3807 0.905867 2.07111
    endloop
  endfacet
  facet normal -0.442297 0.896869 -2.06488e-07
    outer loop
      vertex -30.3394 3.23358 18
      vertex -30.6 3.10506 3
      vertex -30.75 3.03109 18
    endloop
  endfacet
  facet normal -0.442306 0.896864 0
    outer loop
      vertex -30.3394 3.23358 2.2
      vertex -30.6 3.10506 3
      vertex -30.3394 3.23358 18
    endloop
  endfacet
  facet normal -0.442306 0.896864 0
    outer loop
      vertex -30.6 3.10506 3
      vertex -30.3394 3.23358 2.2
      vertex -30.6 3.10506 2.2
    endloop
  endfacet
  facet normal -0.44228 0.896877 0
    outer loop
      vertex -30.75 3.03109 18
      vertex -30.6 3.10506 3
      vertex -30.75 3.03109 3
    endloop
  endfacet
  facet normal -0.751909 -0.659267 -0
    outer loop
      vertex -31.4749 -2.47487 0.71231
      vertex -31.7767 -2.13066 0
      vertex -31.4749 -2.47487 0
    endloop
  endfacet
  facet normal -0.751909 -0.659267 0
    outer loop
      vertex -31.7767 -2.13066 0
      vertex -31.4749 -2.47487 0.71231
      vertex -31.7767 -2.13066 1.1651
    endloop
  endfacet
  facet normal -0.751909 -0.659267 -7.9681e-19
    outer loop
      vertex -31.4749 -2.47487 3
      vertex -31.7767 -2.13066 18
      vertex -31.7767 -2.13066 3
    endloop
  endfacet
  facet normal -0.751909 -0.659267 -7.9681e-19
    outer loop
      vertex -31.7767 -2.13066 18
      vertex -31.4749 -2.47487 3
      vertex -31.4749 -2.47487 18
    endloop
  endfacet
  facet normal -0.946971 -0.32132 -0
    outer loop
      vertex -32.2336 -1.33939 1.85037
      vertex -32.3807 -0.905867 0
      vertex -32.2336 -1.33939 0
    endloop
  endfacet
  facet normal -0.946971 -0.32132 0
    outer loop
      vertex -32.3807 -0.905867 0
      vertex -32.2336 -1.33939 1.85037
      vertex -32.3807 -0.905867 2.07111
    endloop
  endfacet
  facet normal -0.946971 -0.32132 -6.82117e-19
    outer loop
      vertex -32.2336 -1.33939 3
      vertex -32.3807 -0.905867 18
      vertex -32.3807 -0.905867 3
    endloop
  endfacet
  facet normal -0.946971 -0.32132 -6.82117e-19
    outer loop
      vertex -32.3807 -0.905867 18
      vertex -32.2336 -1.33939 3
      vertex -32.2336 -1.33939 18
    endloop
  endfacet
  facet normal 0.896864 -0.442305 -8.08481e-19
    outer loop
      vertex -25.9689 -1.75 18
      vertex -25.7664 -1.33939 2.2
      vertex -25.7664 -1.33939 18
    endloop
  endfacet
  facet normal 0.896864 -0.442305 -8.08481e-19
    outer loop
      vertex -25.7664 -1.33939 2.2
      vertex -25.9689 -1.75 18
      vertex -25.9689 -1.75 2.2
    endloop
  endfacet
  facet normal 0.659364 -0.751824 0
    outer loop
      vertex -26.8693 -2.77674 2.2
      vertex -26.5251 -2.47487 18
      vertex -26.8693 -2.77674 18
    endloop
  endfacet
  facet normal 0.659364 -0.751824 0
    outer loop
      vertex -26.5251 -2.47487 18
      vertex -26.8693 -2.77674 2.2
      vertex -26.5251 -2.47487 2.2
    endloop
  endfacet
  facet normal 0.997865 -0.0653097 -1.0011e-19
    outer loop
      vertex -25.5299 -0.456841 18
      vertex -25.5 0 2.2
      vertex -25.5 0 18
    endloop
  endfacet
  facet normal 0.997865 -0.0653097 -1.0011e-19
    outer loop
      vertex -25.5 0 2.2
      vertex -25.5299 -0.456841 18
      vertex -25.5299 -0.456841 2.2
    endloop
  endfacet
  facet normal 0.442297 0.896869 -0
    outer loop
      vertex -27.25 3.03109 2.2
      vertex -27.6606 3.23358 18
      vertex -27.25 3.03109 18
    endloop
  endfacet
  facet normal 0.442297 0.896869 0
    outer loop
      vertex -27.6606 3.23358 18
      vertex -27.25 3.03109 2.2
      vertex -27.6606 3.23358 2.2
    endloop
  endfacet
  facet normal 0.751909 0.659267 -7.56465e-19
    outer loop
      vertex -26.2233 2.13066 18
      vertex -26.5251 2.47487 2.2
      vertex -26.5251 2.47487 18
    endloop
  endfacet
  facet normal 0.751909 0.659267 -7.56465e-19
    outer loop
      vertex -26.5251 2.47487 2.2
      vertex -26.2233 2.13066 18
      vertex -26.2233 2.13066 2.2
    endloop
  endfacet
  facet normal -0.0654026 -0.997859 0
    outer loop
      vertex -29.4568 -3.47006 2.2
      vertex -29 -3.5 18
      vertex -29.4568 -3.47006 18
    endloop
  endfacet
  facet normal -0.0654026 -0.997859 -0
    outer loop
      vertex -29 -3.5 18
      vertex -29.4568 -3.47006 2.2
      vertex -29 -3.5 2.2
    endloop
  endfacet
  facet normal -0.0654026 0.997859 0
    outer loop
      vertex -29 3.5 2.2
      vertex -29.4568 3.47006 18
      vertex -29 3.5 18
    endloop
  endfacet
  facet normal -0.0654026 0.997859 0
    outer loop
      vertex -29.4568 3.47006 18
      vertex -29 3.5 2.2
      vertex -29.4568 3.47006 2.2
    endloop
  endfacet
  facet normal -0.44228 -0.896877 2.73982e-19
    outer loop
      vertex -30.6 -3.10506 3
      vertex -30.75 -3.03109 18
      vertex -30.75 -3.03109 3
    endloop
  endfacet
  facet normal -0.442297 -0.896869 -2.06488e-07
    outer loop
      vertex -30.75 -3.03109 18
      vertex -30.6 -3.10506 3
      vertex -30.3394 -3.23358 18
    endloop
  endfacet
  facet normal -0.442306 -0.896864 -1.09977e-17
    outer loop
      vertex -30.3394 -3.23358 2.2
      vertex -30.6 -3.10506 3
      vertex -30.6 -3.10506 2.2
    endloop
  endfacet
  facet normal -0.442306 -0.896864 -5.56844e-19
    outer loop
      vertex -30.6 -3.10506 3
      vertex -30.3394 -3.23358 2.2
      vertex -30.3394 -3.23358 18
    endloop
  endfacet
  facet normal 0.195066 0.98079 -0
    outer loop
      vertex -28.0941 3.38074 2.2
      vertex -28.5432 3.47006 18
      vertex -28.0941 3.38074 18
    endloop
  endfacet
  facet normal 0.195066 0.98079 0
    outer loop
      vertex -28.5432 3.47006 18
      vertex -28.0941 3.38074 2.2
      vertex -28.5432 3.47006 2.2
    endloop
  endfacet
  facet normal 0.555532 0.831495 -0
    outer loop
      vertex -26.8693 2.77674 2.2
      vertex -27.25 3.03109 18
      vertex -26.8693 2.77674 18
    endloop
  endfacet
  facet normal 0.555532 0.831495 0
    outer loop
      vertex -27.25 3.03109 18
      vertex -26.8693 2.77674 2.2
      vertex -27.25 3.03109 2.2
    endloop
  endfacet
  facet normal 0.195066 -0.98079 0
    outer loop
      vertex -28.5432 -3.47006 2.2
      vertex -28.0941 -3.38074 18
      vertex -28.5432 -3.47006 18
    endloop
  endfacet
  facet normal 0.195066 -0.98079 0
    outer loop
      vertex -28.0941 -3.38074 18
      vertex -28.5432 -3.47006 2.2
      vertex -28.0941 -3.38074 2.2
    endloop
  endfacet
  facet normal 0.442297 -0.896869 0
    outer loop
      vertex -27.6606 -3.23358 2.2
      vertex -27.25 -3.03109 18
      vertex -27.6606 -3.23358 18
    endloop
  endfacet
  facet normal 0.442297 -0.896869 0
    outer loop
      vertex -27.25 -3.03109 18
      vertex -27.6606 -3.23358 2.2
      vertex -27.25 -3.03109 2.2
    endloop
  endfacet
  facet normal 0.946971 -0.32132 5.78079e-19
    outer loop
      vertex -25.7664 -1.33939 18
      vertex -25.6193 -0.905867 2.2
      vertex -25.6193 -0.905867 18
    endloop
  endfacet
  facet normal 0.946971 -0.32132 5.78079e-19
    outer loop
      vertex -25.6193 -0.905867 2.2
      vertex -25.7664 -1.33939 18
      vertex -25.7664 -1.33939 2.2
    endloop
  endfacet
  facet normal 0.946971 0.32132 -5.78079e-19
    outer loop
      vertex -25.6193 0.905867 18
      vertex -25.7664 1.33939 2.2
      vertex -25.7664 1.33939 18
    endloop
  endfacet
  facet normal 0.946971 0.32132 -5.78079e-19
    outer loop
      vertex -25.7664 1.33939 2.2
      vertex -25.6193 0.905867 18
      vertex -25.6193 0.905867 2.2
    endloop
  endfacet
  facet normal -0.751909 0.659267 7.9681e-19
    outer loop
      vertex -31.7767 2.13066 3
      vertex -31.4749 2.47487 18
      vertex -31.4749 2.47487 3
    endloop
  endfacet
  facet normal -0.751909 0.659267 7.9681e-19
    outer loop
      vertex -31.4749 2.47487 18
      vertex -31.7767 2.13066 3
      vertex -31.7767 2.13066 18
    endloop
  endfacet
  facet normal -0.751909 0.659267 1.67794e-17
    outer loop
      vertex -31.7767 2.13066 0
      vertex -31.4749 2.47487 0.71231
      vertex -31.4749 2.47487 0
    endloop
  endfacet
  facet normal -0.751909 0.659267 1.02585e-17
    outer loop
      vertex -31.4749 2.47487 0.71231
      vertex -31.7767 2.13066 0
      vertex -31.7767 2.13066 1.1651
    endloop
  endfacet
  facet normal -0.896864 -0.442305 -0
    outer loop
      vertex -32.0311 -1.75 1.54663
      vertex -32.2336 -1.33939 0
      vertex -32.0311 -1.75 0
    endloop
  endfacet
  facet normal -0.896864 -0.442305 0
    outer loop
      vertex -32.2336 -1.33939 0
      vertex -32.0311 -1.75 1.54663
      vertex -32.2336 -1.33939 1.85037
    endloop
  endfacet
  facet normal -0.896864 -0.442305 8.516e-19
    outer loop
      vertex -32.0311 -1.75 3
      vertex -32.2336 -1.33939 18
      vertex -32.2336 -1.33939 3
    endloop
  endfacet
  facet normal -0.896864 -0.442305 8.516e-19
    outer loop
      vertex -32.2336 -1.33939 18
      vertex -32.0311 -1.75 3
      vertex -32.0311 -1.75 18
    endloop
  endfacet
  facet normal -0.555532 0.831495 0
    outer loop
      vertex -30.75 3.03109 3
      vertex -31.1307 2.77674 18
      vertex -30.75 3.03109 18
    endloop
  endfacet
  facet normal -0.555532 0.831495 0
    outer loop
      vertex -31.1307 2.77674 18
      vertex -30.75 3.03109 3
      vertex -31.1307 2.77674 3
    endloop
  endfacet
  facet normal -0.555434 0.831561 -1.63663e-18
    outer loop
      vertex -31 2.86404 0
      vertex -31.1307 2.77674 0
      vertex -31.1307 2.77674 0.195997
    endloop
  endfacet
  facet normal 0.831418 -0.555647 6.57717e-19
    outer loop
      vertex -26.2233 -2.13066 18
      vertex -25.9689 -1.75 2.2
      vertex -25.9689 -1.75 18
    endloop
  endfacet
  facet normal 0.831418 -0.555647 6.57717e-19
    outer loop
      vertex -25.9689 -1.75 2.2
      vertex -26.2233 -2.13066 18
      vertex -26.2233 -2.13066 2.2
    endloop
  endfacet
  facet normal -0.831418 0.555647 -4.20715e-19
    outer loop
      vertex -32.0311 1.75 3
      vertex -31.7767 2.13066 18
      vertex -31.7767 2.13066 3
    endloop
  endfacet
  facet normal -0.831418 0.555647 -4.20715e-19
    outer loop
      vertex -31.7767 2.13066 18
      vertex -32.0311 1.75 3
      vertex -32.0311 1.75 18
    endloop
  endfacet
  facet normal -0.831418 0.555647 -5.41647e-18
    outer loop
      vertex -32.0311 1.75 0
      vertex -31.7767 2.13066 1.1651
      vertex -31.7767 2.13066 0
    endloop
  endfacet
  facet normal -0.831418 0.555647 -4.08031e-18
    outer loop
      vertex -31.7767 2.13066 1.1651
      vertex -32.0311 1.75 0
      vertex -32.0311 1.75 1.54663
    endloop
  endfacet
  facet normal 0.321452 0.946926 -0
    outer loop
      vertex -27.6606 3.23358 2.2
      vertex -28.0941 3.38074 18
      vertex -27.6606 3.23358 18
    endloop
  endfacet
  facet normal 0.321452 0.946926 0
    outer loop
      vertex -28.0941 3.38074 18
      vertex -27.6606 3.23358 2.2
      vertex -28.0941 3.38074 2.2
    endloop
  endfacet
  facet normal -0.980751 -0.195265 3.22498e-19
    outer loop
      vertex -32.3807 -0.905867 3
      vertex -32.4701 -0.456841 18
      vertex -32.4701 -0.456841 3
    endloop
  endfacet
  facet normal -0.980751 -0.195265 3.22498e-19
    outer loop
      vertex -32.4701 -0.456841 18
      vertex -32.3807 -0.905867 3
      vertex -32.3807 -0.905867 18
    endloop
  endfacet
  facet normal -0.980751 -0.195265 -0
    outer loop
      vertex -32.3807 -0.905867 2.07111
      vertex -32.4701 -0.456841 0
      vertex -32.3807 -0.905867 0
    endloop
  endfacet
  facet normal -0.980751 -0.195265 0
    outer loop
      vertex -32.4701 -0.456841 0
      vertex -32.3807 -0.905867 2.07111
      vertex -32.4701 -0.456841 2.20508
    endloop
  endfacet
  facet normal -0.980751 0.195265 -3.22498e-19
    outer loop
      vertex -32.4701 0.456841 3
      vertex -32.3807 0.905867 18
      vertex -32.3807 0.905867 3
    endloop
  endfacet
  facet normal -0.980751 0.195265 -3.22498e-19
    outer loop
      vertex -32.3807 0.905867 18
      vertex -32.4701 0.456841 3
      vertex -32.4701 0.456841 18
    endloop
  endfacet
  facet normal -0.980751 0.195265 -2.33569e-18
    outer loop
      vertex -32.4701 0.456841 0
      vertex -32.3807 0.905867 2.07111
      vertex -32.3807 0.905867 0
    endloop
  endfacet
  facet normal -0.980751 0.195265 -2.19379e-18
    outer loop
      vertex -32.3807 0.905867 2.07111
      vertex -32.4701 0.456841 0
      vertex -32.4701 0.456841 2.20508
    endloop
  endfacet
  facet normal -0.659364 -0.751824 0
    outer loop
      vertex -31.4749 -2.47487 0
      vertex -31.1307 -2.77674 0.195997
      vertex -31.4749 -2.47487 0.71231
    endloop
  endfacet
  facet normal -0.659364 -0.751824 -0
    outer loop
      vertex -31.1307 -2.77674 0.195997
      vertex -31.4749 -2.47487 0
      vertex -31.1307 -2.77674 0
    endloop
  endfacet
  facet normal -0.659364 -0.751824 0
    outer loop
      vertex -31.4749 -2.47487 3
      vertex -31.1307 -2.77674 18
      vertex -31.4749 -2.47487 18
    endloop
  endfacet
  facet normal -0.659364 -0.751824 -0
    outer loop
      vertex -31.1307 -2.77674 18
      vertex -31.4749 -2.47487 3
      vertex -31.1307 -2.77674 3
    endloop
  endfacet
  facet normal -0.896864 0.442305 -8.516e-19
    outer loop
      vertex -32.2336 1.33939 3
      vertex -32.0311 1.75 18
      vertex -32.0311 1.75 3
    endloop
  endfacet
  facet normal -0.896864 0.442305 -8.516e-19
    outer loop
      vertex -32.0311 1.75 18
      vertex -32.2336 1.33939 3
      vertex -32.2336 1.33939 18
    endloop
  endfacet
  facet normal -0.896864 0.442305 -8.25925e-18
    outer loop
      vertex -32.2336 1.33939 0
      vertex -32.0311 1.75 1.54663
      vertex -32.0311 1.75 0
    endloop
  endfacet
  facet normal -0.896864 0.442305 -6.90348e-18
    outer loop
      vertex -32.0311 1.75 1.54663
      vertex -32.2336 1.33939 0
      vertex -32.2336 1.33939 1.85037
    endloop
  endfacet
  facet normal -0.321452 -0.946926 0
    outer loop
      vertex -30.3394 -3.23358 2.2
      vertex -29.9059 -3.38074 18
      vertex -30.3394 -3.23358 18
    endloop
  endfacet
  facet normal -0.321452 -0.946926 -0
    outer loop
      vertex -29.9059 -3.38074 18
      vertex -30.3394 -3.23358 2.2
      vertex -29.9059 -3.38074 2.2
    endloop
  endfacet
  facet normal -0.997865 -0.0653097 -0
    outer loop
      vertex -32.4701 -0.456841 2.20508
      vertex -32.5 0 0
      vertex -32.4701 -0.456841 0
    endloop
  endfacet
  facet normal -0.997865 -0.0653097 0
    outer loop
      vertex -32.5 0 0
      vertex -32.4701 -0.456841 2.20508
      vertex -32.5 0 2.25
    endloop
  endfacet
  facet normal -0.997865 -0.0653097 7.02503e-21
    outer loop
      vertex -32.4701 -0.456841 3
      vertex -32.5 0 18
      vertex -32.5 0 3
    endloop
  endfacet
  facet normal -0.997865 -0.0653097 7.02503e-21
    outer loop
      vertex -32.5 0 18
      vertex -32.4701 -0.456841 3
      vertex -32.4701 -0.456841 18
    endloop
  endfacet
  facet normal 0.0654026 0.997859 -0
    outer loop
      vertex -28.5432 3.47006 2.2
      vertex -29 3.5 18
      vertex -28.5432 3.47006 18
    endloop
  endfacet
  facet normal 0.0654026 0.997859 0
    outer loop
      vertex -29 3.5 18
      vertex -28.5432 3.47006 2.2
      vertex -29 3.5 2.2
    endloop
  endfacet
  facet normal -0.195066 -0.98079 0
    outer loop
      vertex -29.9059 -3.38074 2.2
      vertex -29.4568 -3.47006 18
      vertex -29.9059 -3.38074 18
    endloop
  endfacet
  facet normal -0.195066 -0.98079 -0
    outer loop
      vertex -29.4568 -3.47006 18
      vertex -29.9059 -3.38074 2.2
      vertex -29.4568 -3.47006 2.2
    endloop
  endfacet
  facet normal -0.555434 -0.831561 -0
    outer loop
      vertex -31.1307 -2.77674 0.195997
      vertex -31.1307 -2.77674 0
      vertex -31 -2.86404 0
    endloop
  endfacet
  facet normal -0.555532 -0.831495 0
    outer loop
      vertex -31.1307 -2.77674 3
      vertex -30.75 -3.03109 18
      vertex -31.1307 -2.77674 18
    endloop
  endfacet
  facet normal -0.555532 -0.831495 -0
    outer loop
      vertex -30.75 -3.03109 18
      vertex -31.1307 -2.77674 3
      vertex -30.75 -3.03109 3
    endloop
  endfacet
  facet normal 0.980751 0.195265 -0
    outer loop
      vertex 32.4701 0.456841 0
      vertex 32.3807 0.905867 2.07111
      vertex 32.4701 0.456841 2.20508
    endloop
  endfacet
  facet normal 0.980751 0.195265 0
    outer loop
      vertex 32.3807 0.905867 2.07111
      vertex 32.4701 0.456841 0
      vertex 32.3807 0.905867 0
    endloop
  endfacet
  facet normal 0.980751 0.195265 7.22011e-19
    outer loop
      vertex 32.4701 0.456841 18
      vertex 32.3807 0.905867 11.3
      vertex 32.3807 0.905867 18
    endloop
  endfacet
  facet normal 0.980751 0.195265 7.22011e-19
    outer loop
      vertex 32.3807 0.905867 11.3
      vertex 32.4701 0.456841 18
      vertex 32.4701 0.456841 11.3
    endloop
  endfacet
  facet normal 0.980751 0.195265 8.48678e-19
    outer loop
      vertex 32.4701 0.456841 8.70001
      vertex 32.3807 0.905867 3
      vertex 32.3807 0.905867 8.70001
    endloop
  endfacet
  facet normal 0.980751 0.195265 8.48678e-19
    outer loop
      vertex 32.3807 0.905867 3
      vertex 32.4701 0.456841 8.70001
      vertex 32.4701 0.456841 3
    endloop
  endfacet
  facet normal 0.997865 0.0653097 -0
    outer loop
      vertex 32.5 0 0
      vertex 32.4701 0.456841 2.20508
      vertex 32.5 0 2.25
    endloop
  endfacet
  facet normal 0.997865 0.0653097 0
    outer loop
      vertex 32.4701 0.456841 2.20508
      vertex 32.5 0 0
      vertex 32.4701 0.456841 0
    endloop
  endfacet
  facet normal 0.997865 0.0653097 1.57277e-20
    outer loop
      vertex 32.5 0 18
      vertex 32.4701 0.456841 11.3
      vertex 32.4701 0.456841 18
    endloop
  endfacet
  facet normal 0.997865 0.0653097 1.57277e-20
    outer loop
      vertex 32.4701 0.456841 11.3
      vertex 32.5 0 18
      vertex 32.5 0 11.3
    endloop
  endfacet
  facet normal 0.997865 0.0653097 1.84869e-20
    outer loop
      vertex 32.5 0 8.70001
      vertex 32.4701 0.456841 3
      vertex 32.4701 0.456841 8.70001
    endloop
  endfacet
  facet normal 0.997865 0.0653097 1.84869e-20
    outer loop
      vertex 32.4701 0.456841 3
      vertex 32.5 0 8.70001
      vertex 32.5 0 3
    endloop
  endfacet
  facet normal -0.555583 0.831461 0
    outer loop
      vertex 27.25 3.03109 8.70001
      vertex 27.25 3.03109 2.2
      vertex 27 2.86404 8.70001
    endloop
  endfacet
  facet normal -0.555583 0.831461 0
    outer loop
      vertex 27 2.86404 11.3
      vertex 27.25 3.03109 18
      vertex 27.25 3.03109 11.3
    endloop
  endfacet
  facet normal -0.555532 0.831495 -2.74971e-06
    outer loop
      vertex 27.25 3.03109 18
      vertex 27 2.86404 11.3
      vertex 26.8693 2.77674 18
    endloop
  endfacet
  facet normal -0.555434 0.831561 0
    outer loop
      vertex 27 2.86404 8.70001
      vertex 26.8693 2.77674 18
      vertex 27 2.86404 11.3
    endloop
  endfacet
  facet normal -0.555434 0.831561 -2.03022e-20
    outer loop
      vertex 27 2.86404 8.70001
      vertex 26.8693 2.77674 2.2
      vertex 26.8693 2.77674 18
    endloop
  endfacet
  facet normal -0.555532 0.831495 2.83431e-06
    outer loop
      vertex 26.8693 2.77674 2.2
      vertex 27 2.86404 8.70001
      vertex 27.25 3.03109 2.2
    endloop
  endfacet
  facet normal 0.442297 0.896869 -0
    outer loop
      vertex 30.75 3.03109 11.3
      vertex 30.3394 3.23358 18
      vertex 30.75 3.03109 18
    endloop
  endfacet
  facet normal 0.442297 0.896869 0
    outer loop
      vertex 30.3394 3.23358 18
      vertex 30.75 3.03109 11.3
      vertex 30.3394 3.23358 11.3
    endloop
  endfacet
  facet normal 0.44228 0.896877 7.21003e-19
    outer loop
      vertex 30.6 3.10506 3
      vertex 30.75 3.03109 8.70001
      vertex 30.75 3.03109 3
    endloop
  endfacet
  facet normal 0.442297 0.896869 -5.43389e-07
    outer loop
      vertex 30.75 3.03109 8.70001
      vertex 30.6 3.10506 3
      vertex 30.3394 3.23358 8.70001
    endloop
  endfacet
  facet normal 0.442306 0.896864 -1.09977e-17
    outer loop
      vertex 30.3394 3.23358 2.2
      vertex 30.6 3.10506 3
      vertex 30.6 3.10506 2.2
    endloop
  endfacet
  facet normal 0.442306 0.896864 -1.35356e-18
    outer loop
      vertex 30.6 3.10506 3
      vertex 30.3394 3.23358 2.2
      vertex 30.3394 3.23358 8.70001
    endloop
  endfacet
  facet normal -0.896864 -0.442305 8.08481e-19
    outer loop
      vertex 25.9689 -1.75 2.2
      vertex 25.7664 -1.33939 18
      vertex 25.7664 -1.33939 2.2
    endloop
  endfacet
  facet normal -0.896864 -0.442305 8.08481e-19
    outer loop
      vertex 25.7664 -1.33939 18
      vertex 25.9689 -1.75 2.2
      vertex 25.9689 -1.75 18
    endloop
  endfacet
  facet normal 0.321452 0.946926 -0
    outer loop
      vertex 30.3394 3.23358 11.3
      vertex 29.9059 3.38074 18
      vertex 30.3394 3.23358 18
    endloop
  endfacet
  facet normal 0.321452 0.946926 0
    outer loop
      vertex 29.9059 3.38074 18
      vertex 30.3394 3.23358 11.3
      vertex 29.9059 3.38074 11.3
    endloop
  endfacet
  facet normal 0.321452 0.946926 -0
    outer loop
      vertex 30.3394 3.23358 2.2
      vertex 29.9059 3.38074 8.70001
      vertex 30.3394 3.23358 8.70001
    endloop
  endfacet
  facet normal 0.321452 0.946926 0
    outer loop
      vertex 29.9059 3.38074 8.70001
      vertex 30.3394 3.23358 2.2
      vertex 29.9059 3.38074 2.2
    endloop
  endfacet
  facet normal 0.946971 -0.32132 4.94023e-18
    outer loop
      vertex 32.2336 -1.33939 1.85037
      vertex 32.3807 -0.905867 0
      vertex 32.3807 -0.905867 2.07111
    endloop
  endfacet
  facet normal 0.946971 -0.32132 5.52957e-18
    outer loop
      vertex 32.3807 -0.905867 0
      vertex 32.2336 -1.33939 1.85037
      vertex 32.2336 -1.33939 0
    endloop
  endfacet
  facet normal 0.946971 -0.32132 1.52713e-18
    outer loop
      vertex 32.2336 -1.33939 18
      vertex 32.3807 -0.905867 11.3
      vertex 32.3807 -0.905867 18
    endloop
  endfacet
  facet normal 0.946971 -0.32132 1.52713e-18
    outer loop
      vertex 32.3807 -0.905867 11.3
      vertex 32.2336 -1.33939 18
      vertex 32.2336 -1.33939 11.3
    endloop
  endfacet
  facet normal 0.946971 -0.32132 1.79504e-18
    outer loop
      vertex 32.2336 -1.33939 8.70001
      vertex 32.3807 -0.905867 3
      vertex 32.3807 -0.905867 8.70001
    endloop
  endfacet
  facet normal 0.946971 -0.32132 1.79504e-18
    outer loop
      vertex 32.3807 -0.905867 3
      vertex 32.2336 -1.33939 8.70001
      vertex 32.2336 -1.33939 3
    endloop
  endfacet
  facet normal 0.997865 -0.0653097 -4.68335e-20
    outer loop
      vertex 32.4701 -0.456841 2.20508
      vertex 32.5 0 0
      vertex 32.5 0 2.25
    endloop
  endfacet
  facet normal 0.997865 -0.0653097 -4.77876e-20
    outer loop
      vertex 32.5 0 0
      vertex 32.4701 -0.456841 2.20508
      vertex 32.4701 -0.456841 0
    endloop
  endfacet
  facet normal 0.997865 -0.0653097 -1.57277e-20
    outer loop
      vertex 32.4701 -0.456841 18
      vertex 32.5 0 11.3
      vertex 32.5 0 18
    endloop
  endfacet
  facet normal 0.997865 -0.0653097 -1.57277e-20
    outer loop
      vertex 32.5 0 11.3
      vertex 32.4701 -0.456841 18
      vertex 32.4701 -0.456841 11.3
    endloop
  endfacet
  facet normal 0.997865 -0.0653097 -1.84869e-20
    outer loop
      vertex 32.4701 -0.456841 8.70001
      vertex 32.5 0 3
      vertex 32.5 0 8.70001
    endloop
  endfacet
  facet normal 0.997865 -0.0653097 -1.84869e-20
    outer loop
      vertex 32.5 0 3
      vertex 32.4701 -0.456841 8.70001
      vertex 32.4701 -0.456841 3
    endloop
  endfacet
  facet normal 0.896864 0.442305 1.90657e-18
    outer loop
      vertex 32.2336 1.33939 18
      vertex 32.0311 1.75 11.3
      vertex 32.0311 1.75 18
    endloop
  endfacet
  facet normal 0.896864 0.442305 1.90657e-18
    outer loop
      vertex 32.0311 1.75 11.3
      vertex 32.2336 1.33939 18
      vertex 32.2336 1.33939 11.3
    endloop
  endfacet
  facet normal 0.896864 0.442305 -0
    outer loop
      vertex 32.2336 1.33939 0
      vertex 32.0311 1.75 1.54663
      vertex 32.2336 1.33939 1.85037
    endloop
  endfacet
  facet normal 0.896864 0.442305 0
    outer loop
      vertex 32.0311 1.75 1.54663
      vertex 32.2336 1.33939 0
      vertex 32.0311 1.75 0
    endloop
  endfacet
  facet normal 0.896864 0.442305 2.24105e-18
    outer loop
      vertex 32.2336 1.33939 8.70001
      vertex 32.0311 1.75 3
      vertex 32.0311 1.75 8.70001
    endloop
  endfacet
  facet normal 0.896864 0.442305 2.24105e-18
    outer loop
      vertex 32.0311 1.75 3
      vertex 32.2336 1.33939 8.70001
      vertex 32.2336 1.33939 3
    endloop
  endfacet
  facet normal 0.659364 -0.751824 2.64187e-18
    outer loop
      vertex 31.4749 -2.47487 0
      vertex 31.1307 -2.77674 0.195997
      vertex 31.1307 -2.77674 0
    endloop
  endfacet
  facet normal 0.659364 -0.751824 7.26928e-19
    outer loop
      vertex 31.1307 -2.77674 0.195997
      vertex 31.4749 -2.47487 0
      vertex 31.4749 -2.47487 0.71231
    endloop
  endfacet
  facet normal 0.659364 -0.751824 0
    outer loop
      vertex 31.1307 -2.77674 11.3
      vertex 31.4749 -2.47487 18
      vertex 31.1307 -2.77674 18
    endloop
  endfacet
  facet normal 0.659364 -0.751824 0
    outer loop
      vertex 31.4749 -2.47487 18
      vertex 31.1307 -2.77674 11.3
      vertex 31.4749 -2.47487 11.3
    endloop
  endfacet
  facet normal 0.659364 -0.751824 0
    outer loop
      vertex 31.1307 -2.77674 3
      vertex 31.4749 -2.47487 8.70001
      vertex 31.1307 -2.77674 8.70001
    endloop
  endfacet
  facet normal 0.659364 -0.751824 0
    outer loop
      vertex 31.4749 -2.47487 8.70001
      vertex 31.1307 -2.77674 3
      vertex 31.4749 -2.47487 3
    endloop
  endfacet
  facet normal 0.659364 0.751824 -0
    outer loop
      vertex 31.4749 2.47487 0
      vertex 31.1307 2.77674 0.195997
      vertex 31.4749 2.47487 0.71231
    endloop
  endfacet
  facet normal 0.659364 0.751824 0
    outer loop
      vertex 31.1307 2.77674 0.195997
      vertex 31.4749 2.47487 0
      vertex 31.1307 2.77674 0
    endloop
  endfacet
  facet normal 0.659364 0.751824 -0
    outer loop
      vertex 31.4749 2.47487 11.3
      vertex 31.1307 2.77674 18
      vertex 31.4749 2.47487 18
    endloop
  endfacet
  facet normal 0.659364 0.751824 0
    outer loop
      vertex 31.1307 2.77674 18
      vertex 31.4749 2.47487 11.3
      vertex 31.1307 2.77674 11.3
    endloop
  endfacet
  facet normal 0.659364 0.751824 -0
    outer loop
      vertex 31.4749 2.47487 3
      vertex 31.1307 2.77674 8.70001
      vertex 31.4749 2.47487 8.70001
    endloop
  endfacet
  facet normal 0.659364 0.751824 0
    outer loop
      vertex 31.1307 2.77674 8.70001
      vertex 31.4749 2.47487 3
      vertex 31.1307 2.77674 3
    endloop
  endfacet
  facet normal -0.0654026 0.997859 0
    outer loop
      vertex 29 3.5 11.3
      vertex 28.5432 3.47006 18
      vertex 29 3.5 18
    endloop
  endfacet
  facet normal -0.0654026 0.997859 0
    outer loop
      vertex 28.5432 3.47006 18
      vertex 29 3.5 11.3
      vertex 28.5432 3.47006 11.3
    endloop
  endfacet
  facet normal -0.0654026 0.997859 0
    outer loop
      vertex 29 3.5 2.2
      vertex 28.5432 3.47006 8.70001
      vertex 29 3.5 8.70001
    endloop
  endfacet
  facet normal -0.0654026 0.997859 0
    outer loop
      vertex 28.5432 3.47006 8.70001
      vertex 29 3.5 2.2
      vertex 28.5432 3.47006 2.2
    endloop
  endfacet
  facet normal -0.442297 0.896869 0
    outer loop
      vertex 27.6606 3.23358 11.3
      vertex 27.25 3.03109 18
      vertex 27.6606 3.23358 18
    endloop
  endfacet
  facet normal -0.442297 0.896869 0
    outer loop
      vertex 27.25 3.03109 18
      vertex 27.6606 3.23358 11.3
      vertex 27.25 3.03109 11.3
    endloop
  endfacet
  facet normal -0.442297 0.896869 0
    outer loop
      vertex 27.6606 3.23358 2.2
      vertex 27.25 3.03109 8.70001
      vertex 27.6606 3.23358 8.70001
    endloop
  endfacet
  facet normal -0.442297 0.896869 0
    outer loop
      vertex 27.25 3.03109 8.70001
      vertex 27.6606 3.23358 2.2
      vertex 27.25 3.03109 2.2
    endloop
  endfacet
  facet normal 0.831418 -0.555647 -4.08031e-18
    outer loop
      vertex 31.7767 -2.13066 1.1651
      vertex 32.0311 -1.75 0
      vertex 32.0311 -1.75 1.54663
    endloop
  endfacet
  facet normal 0.831418 -0.555647 -5.41647e-18
    outer loop
      vertex 32.0311 -1.75 0
      vertex 31.7767 -2.13066 1.1651
      vertex 31.7767 -2.13066 0
    endloop
  endfacet
  facet normal 0.831418 -0.555647 -9.41899e-19
    outer loop
      vertex 31.7767 -2.13066 18
      vertex 32.0311 -1.75 11.3
      vertex 32.0311 -1.75 18
    endloop
  endfacet
  facet normal 0.831418 -0.555647 -9.41899e-19
    outer loop
      vertex 32.0311 -1.75 11.3
      vertex 31.7767 -2.13066 18
      vertex 31.7767 -2.13066 11.3
    endloop
  endfacet
  facet normal 0.831418 -0.555647 -1.10714e-18
    outer loop
      vertex 31.7767 -2.13066 8.70001
      vertex 32.0311 -1.75 3
      vertex 32.0311 -1.75 8.70001
    endloop
  endfacet
  facet normal 0.831418 -0.555647 -1.10714e-18
    outer loop
      vertex 32.0311 -1.75 3
      vertex 31.7767 -2.13066 8.70001
      vertex 31.7767 -2.13066 3
    endloop
  endfacet
  facet normal -0.946971 -0.32132 -5.78079e-19
    outer loop
      vertex 25.7664 -1.33939 2.2
      vertex 25.6193 -0.905867 18
      vertex 25.6193 -0.905867 2.2
    endloop
  endfacet
  facet normal -0.946971 -0.32132 -5.78079e-19
    outer loop
      vertex 25.6193 -0.905867 18
      vertex 25.7664 -1.33939 2.2
      vertex 25.7664 -1.33939 18
    endloop
  endfacet
  facet normal -0.946971 0.32132 5.78079e-19
    outer loop
      vertex 25.6193 0.905867 2.2
      vertex 25.7664 1.33939 18
      vertex 25.7664 1.33939 2.2
    endloop
  endfacet
  facet normal -0.946971 0.32132 5.78079e-19
    outer loop
      vertex 25.7664 1.33939 18
      vertex 25.6193 0.905867 2.2
      vertex 25.6193 0.905867 18
    endloop
  endfacet
  facet normal 0.896864 -0.442305 -6.90348e-18
    outer loop
      vertex 32.0311 -1.75 1.54663
      vertex 32.2336 -1.33939 0
      vertex 32.2336 -1.33939 1.85037
    endloop
  endfacet
  facet normal 0.896864 -0.442305 -8.25925e-18
    outer loop
      vertex 32.2336 -1.33939 0
      vertex 32.0311 -1.75 1.54663
      vertex 32.0311 -1.75 0
    endloop
  endfacet
  facet normal 0.896864 -0.442305 -1.90657e-18
    outer loop
      vertex 32.0311 -1.75 18
      vertex 32.2336 -1.33939 11.3
      vertex 32.2336 -1.33939 18
    endloop
  endfacet
  facet normal 0.896864 -0.442305 -1.90657e-18
    outer loop
      vertex 32.2336 -1.33939 11.3
      vertex 32.0311 -1.75 18
      vertex 32.0311 -1.75 11.3
    endloop
  endfacet
  facet normal 0.896864 -0.442305 -2.24105e-18
    outer loop
      vertex 32.0311 -1.75 8.70001
      vertex 32.2336 -1.33939 3
      vertex 32.2336 -1.33939 8.70001
    endloop
  endfacet
  facet normal 0.896864 -0.442305 -2.24105e-18
    outer loop
      vertex 32.2336 -1.33939 3
      vertex 32.0311 -1.75 8.70001
      vertex 32.0311 -1.75 3
    endloop
  endfacet
  facet normal -0.997865 -0.0653097 1.0011e-19
    outer loop
      vertex 25.5299 -0.456841 2.2
      vertex 25.5 0 18
      vertex 25.5 0 2.2
    endloop
  endfacet
  facet normal -0.997865 -0.0653097 1.0011e-19
    outer loop
      vertex 25.5 0 18
      vertex 25.5299 -0.456841 2.2
      vertex 25.5299 -0.456841 18
    endloop
  endfacet
  facet normal 0.442297 -0.896869 0
    outer loop
      vertex 30.3394 -3.23358 11.3
      vertex 30.75 -3.03109 18
      vertex 30.3394 -3.23358 18
    endloop
  endfacet
  facet normal 0.442297 -0.896869 0
    outer loop
      vertex 30.75 -3.03109 18
      vertex 30.3394 -3.23358 11.3
      vertex 30.75 -3.03109 11.3
    endloop
  endfacet
  facet normal 0.442297 -0.896869 -5.43389e-07
    outer loop
      vertex 30.3394 -3.23358 8.70001
      vertex 30.6 -3.10506 3
      vertex 30.75 -3.03109 8.70001
    endloop
  endfacet
  facet normal 0.442306 -0.896864 0
    outer loop
      vertex 30.3394 -3.23358 2.2
      vertex 30.6 -3.10506 3
      vertex 30.3394 -3.23358 8.70001
    endloop
  endfacet
  facet normal 0.442306 -0.896864 0
    outer loop
      vertex 30.6 -3.10506 3
      vertex 30.3394 -3.23358 2.2
      vertex 30.6 -3.10506 2.2
    endloop
  endfacet
  facet normal 0.44228 -0.896877 0
    outer loop
      vertex 30.75 -3.03109 8.70001
      vertex 30.6 -3.10506 3
      vertex 30.75 -3.03109 3
    endloop
  endfacet
  facet normal 0.0654026 0.997859 -0
    outer loop
      vertex 29.4568 3.47006 11.3
      vertex 29 3.5 18
      vertex 29.4568 3.47006 18
    endloop
  endfacet
  facet normal 0.0654026 0.997859 0
    outer loop
      vertex 29 3.5 18
      vertex 29.4568 3.47006 11.3
      vertex 29 3.5 11.3
    endloop
  endfacet
  facet normal 0.0654026 0.997859 -0
    outer loop
      vertex 29.4568 3.47006 2.2
      vertex 29 3.5 8.70001
      vertex 29.4568 3.47006 8.70001
    endloop
  endfacet
  facet normal 0.0654026 0.997859 0
    outer loop
      vertex 29 3.5 8.70001
      vertex 29.4568 3.47006 2.2
      vertex 29 3.5 2.2
    endloop
  endfacet
  facet normal -0.442297 -0.896869 0
    outer loop
      vertex 27.25 -3.03109 11.3
      vertex 27.6606 -3.23358 18
      vertex 27.25 -3.03109 18
    endloop
  endfacet
  facet normal -0.442297 -0.896869 -0
    outer loop
      vertex 27.6606 -3.23358 18
      vertex 27.25 -3.03109 11.3
      vertex 27.6606 -3.23358 11.3
    endloop
  endfacet
  facet normal -0.442297 -0.896869 0
    outer loop
      vertex 27.25 -3.03109 2.2
      vertex 27.6606 -3.23358 8.70001
      vertex 27.25 -3.03109 8.70001
    endloop
  endfacet
  facet normal -0.442297 -0.896869 -0
    outer loop
      vertex 27.6606 -3.23358 8.70001
      vertex 27.25 -3.03109 2.2
      vertex 27.6606 -3.23358 2.2
    endloop
  endfacet
  facet normal 0.321452 -0.946926 0
    outer loop
      vertex 29.9059 -3.38074 11.3
      vertex 30.3394 -3.23358 18
      vertex 29.9059 -3.38074 18
    endloop
  endfacet
  facet normal 0.321452 -0.946926 0
    outer loop
      vertex 30.3394 -3.23358 18
      vertex 29.9059 -3.38074 11.3
      vertex 30.3394 -3.23358 11.3
    endloop
  endfacet
  facet normal 0.321452 -0.946926 0
    outer loop
      vertex 29.9059 -3.38074 2.2
      vertex 30.3394 -3.23358 8.70001
      vertex 29.9059 -3.38074 8.70001
    endloop
  endfacet
  facet normal 0.321452 -0.946926 0
    outer loop
      vertex 30.3394 -3.23358 8.70001
      vertex 29.9059 -3.38074 2.2
      vertex 30.3394 -3.23358 2.2
    endloop
  endfacet
  facet normal -0.980751 0.195265 -1.16841e-19
    outer loop
      vertex 25.5299 0.456841 2.2
      vertex 25.6193 0.905867 18
      vertex 25.6193 0.905867 2.2
    endloop
  endfacet
  facet normal -0.980751 0.195265 -1.16841e-19
    outer loop
      vertex 25.6193 0.905867 18
      vertex 25.5299 0.456841 2.2
      vertex 25.5299 0.456841 18
    endloop
  endfacet
  facet normal -0.751909 -0.659267 -7.56465e-19
    outer loop
      vertex 26.5251 -2.47487 2.2
      vertex 26.2233 -2.13066 18
      vertex 26.2233 -2.13066 2.2
    endloop
  endfacet
  facet normal -0.751909 -0.659267 -7.56465e-19
    outer loop
      vertex 26.2233 -2.13066 18
      vertex 26.5251 -2.47487 2.2
      vertex 26.5251 -2.47487 18
    endloop
  endfacet
  facet normal -0.997865 0.0653097 -1.0011e-19
    outer loop
      vertex 25.5 0 2.2
      vertex 25.5299 0.456841 18
      vertex 25.5299 0.456841 2.2
    endloop
  endfacet
  facet normal -0.997865 0.0653097 -1.0011e-19
    outer loop
      vertex 25.5299 0.456841 18
      vertex 25.5 0 2.2
      vertex 25.5 0 18
    endloop
  endfacet
  facet normal 0.555532 -0.831495 0
    outer loop
      vertex 30.75 -3.03109 11.3
      vertex 31.1307 -2.77674 18
      vertex 30.75 -3.03109 18
    endloop
  endfacet
  facet normal 0.555532 -0.831495 0
    outer loop
      vertex 31.1307 -2.77674 18
      vertex 30.75 -3.03109 11.3
      vertex 31.1307 -2.77674 11.3
    endloop
  endfacet
  facet normal 0.555434 -0.831561 0
    outer loop
      vertex 31.1307 -2.77674 0.195997
      vertex 31 -2.86404 0
      vertex 31.1307 -2.77674 0
    endloop
  endfacet
  facet normal 0.555532 -0.831495 0
    outer loop
      vertex 30.75 -3.03109 3
      vertex 31.1307 -2.77674 8.70001
      vertex 30.75 -3.03109 8.70001
    endloop
  endfacet
  facet normal 0.555532 -0.831495 0
    outer loop
      vertex 31.1307 -2.77674 8.70001
      vertex 30.75 -3.03109 3
      vertex 31.1307 -2.77674 3
    endloop
  endfacet
  facet normal -0.751909 0.659267 7.56465e-19
    outer loop
      vertex 26.2233 2.13066 2.2
      vertex 26.5251 2.47487 18
      vertex 26.5251 2.47487 2.2
    endloop
  endfacet
  facet normal -0.751909 0.659267 7.56465e-19
    outer loop
      vertex 26.5251 2.47487 18
      vertex 26.2233 2.13066 2.2
      vertex 26.2233 2.13066 18
    endloop
  endfacet
  facet normal -0.555532 -0.831495 -2.74971e-06
    outer loop
      vertex 26.8693 -2.77674 18
      vertex 27 -2.86404 11.3
      vertex 27.25 -3.03109 18
    endloop
  endfacet
  facet normal -0.555434 -0.831561 1.23375e-19
    outer loop
      vertex 26.8693 -2.77674 18
      vertex 27 -2.86404 8.70001
      vertex 27 -2.86404 11.3
    endloop
  endfacet
  facet normal -0.555434 -0.831561 0
    outer loop
      vertex 26.8693 -2.77674 2.2
      vertex 27 -2.86404 8.70001
      vertex 26.8693 -2.77674 18
    endloop
  endfacet
  facet normal -0.555532 -0.831495 2.83431e-06
    outer loop
      vertex 27.25 -3.03109 2.2
      vertex 27 -2.86404 8.70001
      vertex 26.8693 -2.77674 2.2
    endloop
  endfacet
  facet normal -0.555583 -0.831461 0
    outer loop
      vertex 27 -2.86404 8.70001
      vertex 27.25 -3.03109 2.2
      vertex 27.25 -3.03109 8.70001
    endloop
  endfacet
  facet normal -0.555583 -0.831461 -0
    outer loop
      vertex 27.25 -3.03109 18
      vertex 27 -2.86404 11.3
      vertex 27.25 -3.03109 11.3
    endloop
  endfacet
  facet normal 0.751909 -0.659267 1.02585e-17
    outer loop
      vertex 31.4749 -2.47487 0.71231
      vertex 31.7767 -2.13066 0
      vertex 31.7767 -2.13066 1.1651
    endloop
  endfacet
  facet normal 0.751909 -0.659267 1.67794e-17
    outer loop
      vertex 31.7767 -2.13066 0
      vertex 31.4749 -2.47487 0.71231
      vertex 31.4749 -2.47487 0
    endloop
  endfacet
  facet normal 0.751909 -0.659267 1.7839e-18
    outer loop
      vertex 31.4749 -2.47487 18
      vertex 31.7767 -2.13066 11.3
      vertex 31.7767 -2.13066 18
    endloop
  endfacet
  facet normal 0.751909 -0.659267 1.7839e-18
    outer loop
      vertex 31.7767 -2.13066 11.3
      vertex 31.4749 -2.47487 18
      vertex 31.4749 -2.47487 11.3
    endloop
  endfacet
  facet normal 0.751909 -0.659267 2.09686e-18
    outer loop
      vertex 31.4749 -2.47487 8.70001
      vertex 31.7767 -2.13066 3
      vertex 31.7767 -2.13066 8.70001
    endloop
  endfacet
  facet normal 0.751909 -0.659267 2.09686e-18
    outer loop
      vertex 31.7767 -2.13066 3
      vertex 31.4749 -2.47487 8.70001
      vertex 31.4749 -2.47487 3
    endloop
  endfacet
  facet normal 0.831418 0.555647 9.41899e-19
    outer loop
      vertex 32.0311 1.75 18
      vertex 31.7767 2.13066 11.3
      vertex 31.7767 2.13066 18
    endloop
  endfacet
  facet normal 0.831418 0.555647 9.41899e-19
    outer loop
      vertex 31.7767 2.13066 11.3
      vertex 32.0311 1.75 18
      vertex 32.0311 1.75 11.3
    endloop
  endfacet
  facet normal 0.831418 0.555647 -0
    outer loop
      vertex 32.0311 1.75 0
      vertex 31.7767 2.13066 1.1651
      vertex 32.0311 1.75 1.54663
    endloop
  endfacet
  facet normal 0.831418 0.555647 0
    outer loop
      vertex 31.7767 2.13066 1.1651
      vertex 32.0311 1.75 0
      vertex 31.7767 2.13066 0
    endloop
  endfacet
  facet normal 0.831418 0.555647 1.10714e-18
    outer loop
      vertex 32.0311 1.75 8.70001
      vertex 31.7767 2.13066 3
      vertex 31.7767 2.13066 8.70001
    endloop
  endfacet
  facet normal 0.831418 0.555647 1.10714e-18
    outer loop
      vertex 31.7767 2.13066 3
      vertex 32.0311 1.75 8.70001
      vertex 32.0311 1.75 3
    endloop
  endfacet
  facet normal 0.195066 -0.98079 0
    outer loop
      vertex 29.4568 -3.47006 11.3
      vertex 29.9059 -3.38074 18
      vertex 29.4568 -3.47006 18
    endloop
  endfacet
  facet normal 0.195066 -0.98079 0
    outer loop
      vertex 29.9059 -3.38074 18
      vertex 29.4568 -3.47006 11.3
      vertex 29.9059 -3.38074 11.3
    endloop
  endfacet
  facet normal 0.195066 -0.98079 0
    outer loop
      vertex 29.4568 -3.47006 2.2
      vertex 29.9059 -3.38074 8.70001
      vertex 29.4568 -3.47006 8.70001
    endloop
  endfacet
  facet normal 0.195066 -0.98079 0
    outer loop
      vertex 29.9059 -3.38074 8.70001
      vertex 29.4568 -3.47006 2.2
      vertex 29.9059 -3.38074 2.2
    endloop
  endfacet
  facet normal 0.555532 0.831495 -0
    outer loop
      vertex 31.1307 2.77674 11.3
      vertex 30.75 3.03109 18
      vertex 31.1307 2.77674 18
    endloop
  endfacet
  facet normal 0.555532 0.831495 0
    outer loop
      vertex 30.75 3.03109 18
      vertex 31.1307 2.77674 11.3
      vertex 30.75 3.03109 11.3
    endloop
  endfacet
  facet normal 0.555434 0.831561 -0
    outer loop
      vertex 31.1307 2.77674 0
      vertex 31 2.86404 0
      vertex 31.1307 2.77674 0.195997
    endloop
  endfacet
  facet normal 0.555532 0.831495 -0
    outer loop
      vertex 31.1307 2.77674 3
      vertex 30.75 3.03109 8.70001
      vertex 31.1307 2.77674 8.70001
    endloop
  endfacet
  facet normal 0.555532 0.831495 0
    outer loop
      vertex 30.75 3.03109 8.70001
      vertex 31.1307 2.77674 3
      vertex 30.75 3.03109 3
    endloop
  endfacet
  facet normal 0.980751 -0.195265 -2.19379e-18
    outer loop
      vertex 32.3807 -0.905867 2.07111
      vertex 32.4701 -0.456841 0
      vertex 32.4701 -0.456841 2.20508
    endloop
  endfacet
  facet normal 0.980751 -0.195265 -2.33569e-18
    outer loop
      vertex 32.4701 -0.456841 0
      vertex 32.3807 -0.905867 2.07111
      vertex 32.3807 -0.905867 0
    endloop
  endfacet
  facet normal 0.980751 -0.195265 -7.22011e-19
    outer loop
      vertex 32.3807 -0.905867 18
      vertex 32.4701 -0.456841 11.3
      vertex 32.4701 -0.456841 18
    endloop
  endfacet
  facet normal 0.980751 -0.195265 -7.22011e-19
    outer loop
      vertex 32.4701 -0.456841 11.3
      vertex 32.3807 -0.905867 18
      vertex 32.3807 -0.905867 11.3
    endloop
  endfacet
  facet normal 0.980751 -0.195265 -8.48678e-19
    outer loop
      vertex 32.3807 -0.905867 8.70001
      vertex 32.4701 -0.456841 3
      vertex 32.4701 -0.456841 8.70001
    endloop
  endfacet
  facet normal 0.980751 -0.195265 -8.48678e-19
    outer loop
      vertex 32.4701 -0.456841 3
      vertex 32.3807 -0.905867 8.70001
      vertex 32.3807 -0.905867 3
    endloop
  endfacet
  facet normal -0.831418 -0.555647 -6.57717e-19
    outer loop
      vertex 26.2233 -2.13066 2.2
      vertex 25.9689 -1.75 18
      vertex 25.9689 -1.75 2.2
    endloop
  endfacet
  facet normal -0.831418 -0.555647 -6.57717e-19
    outer loop
      vertex 25.9689 -1.75 18
      vertex 26.2233 -2.13066 2.2
      vertex 26.2233 -2.13066 18
    endloop
  endfacet
  facet normal -0.195066 0.98079 0
    outer loop
      vertex 28.5432 3.47006 11.3
      vertex 28.0941 3.38074 18
      vertex 28.5432 3.47006 18
    endloop
  endfacet
  facet normal -0.195066 0.98079 0
    outer loop
      vertex 28.0941 3.38074 18
      vertex 28.5432 3.47006 11.3
      vertex 28.0941 3.38074 11.3
    endloop
  endfacet
  facet normal -0.195066 0.98079 0
    outer loop
      vertex 28.5432 3.47006 2.2
      vertex 28.0941 3.38074 8.70001
      vertex 28.5432 3.47006 8.70001
    endloop
  endfacet
  facet normal -0.195066 0.98079 0
    outer loop
      vertex 28.0941 3.38074 8.70001
      vertex 28.5432 3.47006 2.2
      vertex 28.0941 3.38074 2.2
    endloop
  endfacet
  facet normal 0.0654026 -0.997859 0
    outer loop
      vertex 29 -3.5 11.3
      vertex 29.4568 -3.47006 18
      vertex 29 -3.5 18
    endloop
  endfacet
  facet normal 0.0654026 -0.997859 0
    outer loop
      vertex 29.4568 -3.47006 18
      vertex 29 -3.5 11.3
      vertex 29.4568 -3.47006 11.3
    endloop
  endfacet
  facet normal 0.0654026 -0.997859 0
    outer loop
      vertex 29 -3.5 2.2
      vertex 29.4568 -3.47006 8.70001
      vertex 29 -3.5 8.70001
    endloop
  endfacet
  facet normal 0.0654026 -0.997859 0
    outer loop
      vertex 29.4568 -3.47006 8.70001
      vertex 29 -3.5 2.2
      vertex 29.4568 -3.47006 2.2
    endloop
  endfacet
  facet normal -0.980751 -0.195265 1.16841e-19
    outer loop
      vertex 25.6193 -0.905867 2.2
      vertex 25.5299 -0.456841 18
      vertex 25.5299 -0.456841 2.2
    endloop
  endfacet
  facet normal -0.980751 -0.195265 1.16841e-19
    outer loop
      vertex 25.5299 -0.456841 18
      vertex 25.6193 -0.905867 2.2
      vertex 25.6193 -0.905867 18
    endloop
  endfacet
  facet normal -0.0654026 -0.997859 0
    outer loop
      vertex 28.5432 -3.47006 11.3
      vertex 29 -3.5 18
      vertex 28.5432 -3.47006 18
    endloop
  endfacet
  facet normal -0.0654026 -0.997859 -0
    outer loop
      vertex 29 -3.5 18
      vertex 28.5432 -3.47006 11.3
      vertex 29 -3.5 11.3
    endloop
  endfacet
  facet normal -0.0654026 -0.997859 0
    outer loop
      vertex 28.5432 -3.47006 2.2
      vertex 29 -3.5 8.70001
      vertex 28.5432 -3.47006 8.70001
    endloop
  endfacet
  facet normal -0.0654026 -0.997859 -0
    outer loop
      vertex 29 -3.5 8.70001
      vertex 28.5432 -3.47006 2.2
      vertex 29 -3.5 2.2
    endloop
  endfacet
  facet normal 0.751909 0.659267 -0
    outer loop
      vertex 31.7767 2.13066 0
      vertex 31.4749 2.47487 0.71231
      vertex 31.7767 2.13066 1.1651
    endloop
  endfacet
  facet normal 0.751909 0.659267 0
    outer loop
      vertex 31.4749 2.47487 0.71231
      vertex 31.7767 2.13066 0
      vertex 31.4749 2.47487 0
    endloop
  endfacet
  facet normal 0.751909 0.659267 -1.7839e-18
    outer loop
      vertex 31.7767 2.13066 18
      vertex 31.4749 2.47487 11.3
      vertex 31.4749 2.47487 18
    endloop
  endfacet
  facet normal 0.751909 0.659267 -1.7839e-18
    outer loop
      vertex 31.4749 2.47487 11.3
      vertex 31.7767 2.13066 18
      vertex 31.7767 2.13066 11.3
    endloop
  endfacet
  facet normal 0.751909 0.659267 -2.09686e-18
    outer loop
      vertex 31.7767 2.13066 8.70001
      vertex 31.4749 2.47487 3
      vertex 31.4749 2.47487 8.70001
    endloop
  endfacet
  facet normal 0.751909 0.659267 -2.09686e-18
    outer loop
      vertex 31.4749 2.47487 3
      vertex 31.7767 2.13066 8.70001
      vertex 31.7767 2.13066 3
    endloop
  endfacet
  facet normal 0.946971 0.32132 -0
    outer loop
      vertex 32.3807 0.905867 0
      vertex 32.2336 1.33939 1.85037
      vertex 32.3807 0.905867 2.07111
    endloop
  endfacet
  facet normal 0.946971 0.32132 0
    outer loop
      vertex 32.2336 1.33939 1.85037
      vertex 32.3807 0.905867 0
      vertex 32.2336 1.33939 0
    endloop
  endfacet
  facet normal 0.946971 0.32132 -1.52713e-18
    outer loop
      vertex 32.3807 0.905867 18
      vertex 32.2336 1.33939 11.3
      vertex 32.2336 1.33939 18
    endloop
  endfacet
  facet normal 0.946971 0.32132 -1.52713e-18
    outer loop
      vertex 32.2336 1.33939 11.3
      vertex 32.3807 0.905867 18
      vertex 32.3807 0.905867 11.3
    endloop
  endfacet
  facet normal 0.946971 0.32132 -1.79504e-18
    outer loop
      vertex 32.3807 0.905867 8.70001
      vertex 32.2336 1.33939 3
      vertex 32.2336 1.33939 8.70001
    endloop
  endfacet
  facet normal 0.946971 0.32132 -1.79504e-18
    outer loop
      vertex 32.2336 1.33939 3
      vertex 32.3807 0.905867 8.70001
      vertex 32.3807 0.905867 3
    endloop
  endfacet
  facet normal -0.321452 0.946926 0
    outer loop
      vertex 28.0941 3.38074 11.3
      vertex 27.6606 3.23358 18
      vertex 28.0941 3.38074 18
    endloop
  endfacet
  facet normal -0.321452 0.946926 0
    outer loop
      vertex 27.6606 3.23358 18
      vertex 28.0941 3.38074 11.3
      vertex 27.6606 3.23358 11.3
    endloop
  endfacet
  facet normal -0.321452 0.946926 0
    outer loop
      vertex 28.0941 3.38074 2.2
      vertex 27.6606 3.23358 8.70001
      vertex 28.0941 3.38074 8.70001
    endloop
  endfacet
  facet normal -0.321452 0.946926 0
    outer loop
      vertex 27.6606 3.23358 8.70001
      vertex 28.0941 3.38074 2.2
      vertex 27.6606 3.23358 2.2
    endloop
  endfacet
  facet normal 0.195066 0.98079 -0
    outer loop
      vertex 29.9059 3.38074 11.3
      vertex 29.4568 3.47006 18
      vertex 29.9059 3.38074 18
    endloop
  endfacet
  facet normal 0.195066 0.98079 0
    outer loop
      vertex 29.4568 3.47006 18
      vertex 29.9059 3.38074 11.3
      vertex 29.4568 3.47006 11.3
    endloop
  endfacet
  facet normal 0.195066 0.98079 -0
    outer loop
      vertex 29.9059 3.38074 2.2
      vertex 29.4568 3.47006 8.70001
      vertex 29.9059 3.38074 8.70001
    endloop
  endfacet
  facet normal 0.195066 0.98079 0
    outer loop
      vertex 29.4568 3.47006 8.70001
      vertex 29.9059 3.38074 2.2
      vertex 29.4568 3.47006 2.2
    endloop
  endfacet
  facet normal -0.831418 0.555647 6.57717e-19
    outer loop
      vertex 25.9689 1.75 2.2
      vertex 26.2233 2.13066 18
      vertex 26.2233 2.13066 2.2
    endloop
  endfacet
  facet normal -0.831418 0.555647 6.57717e-19
    outer loop
      vertex 26.2233 2.13066 18
      vertex 25.9689 1.75 2.2
      vertex 25.9689 1.75 18
    endloop
  endfacet
  facet normal -0.321452 -0.946926 0
    outer loop
      vertex 27.6606 -3.23358 11.3
      vertex 28.0941 -3.38074 18
      vertex 27.6606 -3.23358 18
    endloop
  endfacet
  facet normal -0.321452 -0.946926 -0
    outer loop
      vertex 28.0941 -3.38074 18
      vertex 27.6606 -3.23358 11.3
      vertex 28.0941 -3.38074 11.3
    endloop
  endfacet
  facet normal -0.321452 -0.946926 0
    outer loop
      vertex 27.6606 -3.23358 2.2
      vertex 28.0941 -3.38074 8.70001
      vertex 27.6606 -3.23358 8.70001
    endloop
  endfacet
  facet normal -0.321452 -0.946926 -0
    outer loop
      vertex 28.0941 -3.38074 8.70001
      vertex 27.6606 -3.23358 2.2
      vertex 28.0941 -3.38074 2.2
    endloop
  endfacet
  facet normal -0.659364 0.751824 0
    outer loop
      vertex 26.8693 2.77674 2.2
      vertex 26.5251 2.47487 18
      vertex 26.8693 2.77674 18
    endloop
  endfacet
  facet normal -0.659364 0.751824 0
    outer loop
      vertex 26.5251 2.47487 18
      vertex 26.8693 2.77674 2.2
      vertex 26.5251 2.47487 2.2
    endloop
  endfacet
  facet normal 0 0 1
    outer loop
      vertex 30.15 0 18
      vertex 32.5 0 18
      vertex 32.4701 0.456841 18
    endloop
  endfacet
  facet normal 0 0 1
    outer loop
      vertex 30.1402 0.150105 18
      vertex 32.4701 0.456841 18
      vertex 32.3807 0.905867 18
    endloop
  endfacet
  facet normal 0 0 1
    outer loop
      vertex 32.5 0 18
      vertex 30.15 0 18
      vertex 32.4701 -0.456841 18
    endloop
  endfacet
  facet normal 0 0 1
    outer loop
      vertex 30.1108 0.297642 18
      vertex 32.3807 0.905867 18
      vertex 32.2336 1.33939 18
    endloop
  endfacet
  facet normal -0 0 1
    outer loop
      vertex 30.1402 -0.150105 18
      vertex 32.4701 -0.456841 18
      vertex 30.15 0 18
    endloop
  endfacet
  facet normal 0 0 1
    outer loop
      vertex 30.0625 0.440085 18
      vertex 32.2336 1.33939 18
      vertex 32.0311 1.75 18
    endloop
  endfacet
  facet normal 0 0 1
    outer loop
      vertex 32.4701 -0.456841 18
      vertex 30.1402 -0.150105 18
      vertex 32.3807 -0.905867 18
    endloop
  endfacet
  facet normal 0 0 1
    outer loop
      vertex 29.9959 0.575 18
      vertex 32.0311 1.75 18
      vertex 31.7767 2.13066 18
    endloop
  endfacet
  facet normal -0 0 1
    outer loop
      vertex 30.1108 -0.297642 18
      vertex 32.3807 -0.905867 18
      vertex 30.1402 -0.150105 18
    endloop
  endfacet
  facet normal 0 0 1
    outer loop
      vertex 29.9124 0.700075 18
      vertex 31.7767 2.13066 18
      vertex 31.4749 2.47487 18
    endloop
  endfacet
  facet normal 0 0 1
    outer loop
      vertex 32.3807 -0.905867 18
      vertex 30.1108 -0.297642 18
      vertex 32.2336 -1.33939 18
    endloop
  endfacet
  facet normal 0 0 1
    outer loop
      vertex 29.8132 0.813172 18
      vertex 31.4749 2.47487 18
      vertex 31.1307 2.77674 18
    endloop
  endfacet
  facet normal -0 0 1
    outer loop
      vertex 30.0625 -0.440085 18
      vertex 32.2336 -1.33939 18
      vertex 30.1108 -0.297642 18
    endloop
  endfacet
  facet normal 0 0 1
    outer loop
      vertex 29.7001 0.912355 18
      vertex 31.1307 2.77674 18
      vertex 30.75 3.03109 18
    endloop
  endfacet
  facet normal 0 0 1
    outer loop
      vertex 32.2336 -1.33939 18
      vertex 30.0625 -0.440085 18
      vertex 32.0311 -1.75 18
    endloop
  endfacet
  facet normal 0 0 1
    outer loop
      vertex 29.575 0.995929 18
      vertex 30.75 3.03109 18
      vertex 30.3394 3.23358 18
    endloop
  endfacet
  facet normal -0 0 1
    outer loop
      vertex 29.9959 -0.575 18
      vertex 32.0311 -1.75 18
      vertex 30.0625 -0.440085 18
    endloop
  endfacet
  facet normal 0 0 1
    outer loop
      vertex 32.0311 -1.75 18
      vertex 29.9959 -0.575 18
      vertex 31.7767 -2.13066 18
    endloop
  endfacet
  facet normal 0 0 1
    outer loop
      vertex 32.4701 0.456841 18
      vertex 30.1402 0.150105 18
      vertex 30.15 0 18
    endloop
  endfacet
  facet normal 0 0 1
    outer loop
      vertex 32.3807 0.905867 18
      vertex 30.1108 0.297642 18
      vertex 30.1402 0.150105 18
    endloop
  endfacet
  facet normal 0 0 1
    outer loop
      vertex 32.2336 1.33939 18
      vertex 30.0625 0.440085 18
      vertex 30.1108 0.297642 18
    endloop
  endfacet
  facet normal 0 0 1
    outer loop
      vertex 32.0311 1.75 18
      vertex 29.9959 0.575 18
      vertex 30.0625 0.440085 18
    endloop
  endfacet
  facet normal 0 0 1
    outer loop
      vertex 31.7767 2.13066 18
      vertex 29.9124 0.700075 18
      vertex 29.9959 0.575 18
    endloop
  endfacet
  facet normal 0 0 1
    outer loop
      vertex 29.4401 1.06246 18
      vertex 30.3394 3.23358 18
      vertex 29.9059 3.38074 18
    endloop
  endfacet
  facet normal 0 0 1
    outer loop
      vertex 31.4749 2.47487 18
      vertex 29.8132 0.813172 18
      vertex 29.9124 0.700075 18
    endloop
  endfacet
  facet normal 0 0 1
    outer loop
      vertex 31.1307 2.77674 18
      vertex 29.7001 0.912355 18
      vertex 29.8132 0.813172 18
    endloop
  endfacet
  facet normal 0 0 1
    outer loop
      vertex 30.75 3.03109 18
      vertex 29.575 0.995929 18
      vertex 29.7001 0.912355 18
    endloop
  endfacet
  facet normal 0 0 1
    outer loop
      vertex 29.2976 1.11081 18
      vertex 29.9059 3.38074 18
      vertex 29.4568 3.47006 18
    endloop
  endfacet
  facet normal 0 0 1
    outer loop
      vertex 30.3394 3.23358 18
      vertex 29.4401 1.06246 18
      vertex 29.575 0.995929 18
    endloop
  endfacet
  facet normal 0 0 1
    outer loop
      vertex 29.9059 3.38074 18
      vertex 29.2976 1.11081 18
      vertex 29.4401 1.06246 18
    endloop
  endfacet
  facet normal 0 0 1
    outer loop
      vertex 29.4568 3.47006 18
      vertex 29.1501 1.14016 18
      vertex 29.2976 1.11081 18
    endloop
  endfacet
  facet normal 0 0 1
    outer loop
      vertex 29 3.5 18
      vertex 29.1501 1.14016 18
      vertex 29.4568 3.47006 18
    endloop
  endfacet
  facet normal 0 0 1
    outer loop
      vertex 29 3.5 18
      vertex 29 1.15 18
      vertex 29.1501 1.14016 18
    endloop
  endfacet
  facet normal 0 0 1
    outer loop
      vertex 29 3.5 18
      vertex 28.8499 1.14016 18
      vertex 29 1.15 18
    endloop
  endfacet
  facet normal -0 0 1
    outer loop
      vertex 28.5432 3.47006 18
      vertex 28.8499 1.14016 18
      vertex 29 3.5 18
    endloop
  endfacet
  facet normal 0 0 1
    outer loop
      vertex 28.8499 1.14016 18
      vertex 28.5432 3.47006 18
      vertex 28.7024 1.11081 18
    endloop
  endfacet
  facet normal -0 0 1
    outer loop
      vertex 28.0941 3.38074 18
      vertex 28.7024 1.11081 18
      vertex 28.5432 3.47006 18
    endloop
  endfacet
  facet normal 0 0 1
    outer loop
      vertex 28.7024 1.11081 18
      vertex 28.0941 3.38074 18
      vertex 28.5599 1.06246 18
    endloop
  endfacet
  facet normal -0 0 1
    outer loop
      vertex 27.6606 3.23358 18
      vertex 28.5599 1.06246 18
      vertex 28.0941 3.38074 18
    endloop
  endfacet
  facet normal 0 0 1
    outer loop
      vertex 28.5599 1.06246 18
      vertex 27.6606 3.23358 18
      vertex 28.425 0.995929 18
    endloop
  endfacet
  facet normal -0 0 1
    outer loop
      vertex 27.25 3.03109 18
      vertex 28.425 0.995929 18
      vertex 27.6606 3.23358 18
    endloop
  endfacet
  facet normal 0 0 1
    outer loop
      vertex 28.425 0.995929 18
      vertex 27.25 3.03109 18
      vertex 28.2999 0.912355 18
    endloop
  endfacet
  facet normal -0 0 1
    outer loop
      vertex 26.8693 2.77674 18
      vertex 28.2999 0.912355 18
      vertex 27.25 3.03109 18
    endloop
  endfacet
  facet normal 0 0 1
    outer loop
      vertex 28.2999 0.912355 18
      vertex 26.8693 2.77674 18
      vertex 28.1868 0.813172 18
    endloop
  endfacet
  facet normal -0 0 1
    outer loop
      vertex 26.5251 2.47487 18
      vertex 28.1868 0.813172 18
      vertex 26.8693 2.77674 18
    endloop
  endfacet
  facet normal 0 0 1
    outer loop
      vertex 28.1868 0.813172 18
      vertex 26.5251 2.47487 18
      vertex 28.0876 0.700075 18
    endloop
  endfacet
  facet normal 0 0 1
    outer loop
      vertex 28.0876 0.700075 18
      vertex 26.2233 2.13066 18
      vertex 28.0041 0.575 18
    endloop
  endfacet
  facet normal -0 0 1
    outer loop
      vertex 26.2233 2.13066 18
      vertex 28.0876 0.700075 18
      vertex 26.5251 2.47487 18
    endloop
  endfacet
  facet normal -0 0 1
    outer loop
      vertex 29.9124 -0.700075 18
      vertex 31.7767 -2.13066 18
      vertex 29.9959 -0.575 18
    endloop
  endfacet
  facet normal 0 0 1
    outer loop
      vertex 31.7767 -2.13066 18
      vertex 29.9124 -0.700075 18
      vertex 31.4749 -2.47487 18
    endloop
  endfacet
  facet normal -0 0 1
    outer loop
      vertex 29.8132 -0.813172 18
      vertex 31.4749 -2.47487 18
      vertex 29.9124 -0.700075 18
    endloop
  endfacet
  facet normal 0 0 1
    outer loop
      vertex 31.4749 -2.47487 18
      vertex 29.8132 -0.813172 18
      vertex 31.1307 -2.77674 18
    endloop
  endfacet
  facet normal -0 0 1
    outer loop
      vertex 29.7001 -0.912355 18
      vertex 31.1307 -2.77674 18
      vertex 29.8132 -0.813172 18
    endloop
  endfacet
  facet normal 0 0 1
    outer loop
      vertex 31.1307 -2.77674 18
      vertex 29.7001 -0.912355 18
      vertex 30.75 -3.03109 18
    endloop
  endfacet
  facet normal -0 0 1
    outer loop
      vertex 29.575 -0.995929 18
      vertex 30.75 -3.03109 18
      vertex 29.7001 -0.912355 18
    endloop
  endfacet
  facet normal 0 0 1
    outer loop
      vertex 30.75 -3.03109 18
      vertex 29.575 -0.995929 18
      vertex 30.3394 -3.23358 18
    endloop
  endfacet
  facet normal -0 0 1
    outer loop
      vertex 29.4401 -1.06246 18
      vertex 30.3394 -3.23358 18
      vertex 29.575 -0.995929 18
    endloop
  endfacet
  facet normal 0 0 1
    outer loop
      vertex 30.3394 -3.23358 18
      vertex 29.4401 -1.06246 18
      vertex 29.9059 -3.38074 18
    endloop
  endfacet
  facet normal -0 0 1
    outer loop
      vertex 29.2976 -1.11081 18
      vertex 29.9059 -3.38074 18
      vertex 29.4401 -1.06246 18
    endloop
  endfacet
  facet normal 0 0 1
    outer loop
      vertex 29.9059 -3.38074 18
      vertex 29.2976 -1.11081 18
      vertex 29.4568 -3.47006 18
    endloop
  endfacet
  facet normal -0 0 1
    outer loop
      vertex 29.1501 -1.14016 18
      vertex 29.4568 -3.47006 18
      vertex 29.2976 -1.11081 18
    endloop
  endfacet
  facet normal -0 0 1
    outer loop
      vertex 29 -1.15 18
      vertex 29.4568 -3.47006 18
      vertex 29.1501 -1.14016 18
    endloop
  endfacet
  facet normal 0 0 1
    outer loop
      vertex 29 -1.15 18
      vertex 29 -3.5 18
      vertex 29.4568 -3.47006 18
    endloop
  endfacet
  facet normal 0 0 1
    outer loop
      vertex 28.8499 -1.14016 18
      vertex 29 -3.5 18
      vertex 29 -1.15 18
    endloop
  endfacet
  facet normal 0 0 1
    outer loop
      vertex 28.5432 -3.47006 18
      vertex 28.8499 -1.14016 18
      vertex 28.7024 -1.11081 18
    endloop
  endfacet
  facet normal 0 0 1
    outer loop
      vertex 28.0941 -3.38074 18
      vertex 28.7024 -1.11081 18
      vertex 28.5599 -1.06246 18
    endloop
  endfacet
  facet normal 0 0 1
    outer loop
      vertex 28.8499 -1.14016 18
      vertex 28.5432 -3.47006 18
      vertex 29 -3.5 18
    endloop
  endfacet
  facet normal 0 0 1
    outer loop
      vertex 27.6606 -3.23358 18
      vertex 28.5599 -1.06246 18
      vertex 28.425 -0.995929 18
    endloop
  endfacet
  facet normal 0 0 1
    outer loop
      vertex 27.25 -3.03109 18
      vertex 28.425 -0.995929 18
      vertex 28.2999 -0.912355 18
    endloop
  endfacet
  facet normal 0 0 1
    outer loop
      vertex 26.8693 -2.77674 18
      vertex 28.2999 -0.912355 18
      vertex 28.1868 -0.813172 18
    endloop
  endfacet
  facet normal 0 0 1
    outer loop
      vertex 28.7024 -1.11081 18
      vertex 28.0941 -3.38074 18
      vertex 28.5432 -3.47006 18
    endloop
  endfacet
  facet normal 0 0 1
    outer loop
      vertex 26.5251 -2.47487 18
      vertex 28.1868 -0.813172 18
      vertex 28.0876 -0.700075 18
    endloop
  endfacet
  facet normal 0 0 1
    outer loop
      vertex 26.2233 -2.13066 18
      vertex 28.0876 -0.700075 18
      vertex 28.0041 -0.575 18
    endloop
  endfacet
  facet normal 0 0 1
    outer loop
      vertex 25.9689 -1.75 18
      vertex 28.0041 -0.575 18
      vertex 27.9375 -0.440085 18
    endloop
  endfacet
  facet normal 0 0 1
    outer loop
      vertex 25.7664 -1.33939 18
      vertex 27.9375 -0.440085 18
      vertex 27.8892 -0.297642 18
    endloop
  endfacet
  facet normal 0 0 1
    outer loop
      vertex 25.6193 -0.905867 18
      vertex 27.8892 -0.297642 18
      vertex 27.8598 -0.150105 18
    endloop
  endfacet
  facet normal 0 0 1
    outer loop
      vertex 28.5599 -1.06246 18
      vertex 27.6606 -3.23358 18
      vertex 28.0941 -3.38074 18
    endloop
  endfacet
  facet normal 0 0 1
    outer loop
      vertex 25.5299 -0.456841 18
      vertex 27.8598 -0.150105 18
      vertex 27.85 0 18
    endloop
  endfacet
  facet normal -0 0 1
    outer loop
      vertex 25.9689 1.75 18
      vertex 28.0041 0.575 18
      vertex 26.2233 2.13066 18
    endloop
  endfacet
  facet normal 0 0 1
    outer loop
      vertex 28.0041 0.575 18
      vertex 25.9689 1.75 18
      vertex 27.9375 0.440085 18
    endloop
  endfacet
  facet normal 0 0 1
    outer loop
      vertex 28.425 -0.995929 18
      vertex 27.25 -3.03109 18
      vertex 27.6606 -3.23358 18
    endloop
  endfacet
  facet normal -0 0 1
    outer loop
      vertex 25.7664 1.33939 18
      vertex 27.9375 0.440085 18
      vertex 25.9689 1.75 18
    endloop
  endfacet
  facet normal 0 0 1
    outer loop
      vertex 28.2999 -0.912355 18
      vertex 26.8693 -2.77674 18
      vertex 27.25 -3.03109 18
    endloop
  endfacet
  facet normal 0 0 1
    outer loop
      vertex 27.9375 0.440085 18
      vertex 25.7664 1.33939 18
      vertex 27.8892 0.297642 18
    endloop
  endfacet
  facet normal 0 0 1
    outer loop
      vertex 28.1868 -0.813172 18
      vertex 26.5251 -2.47487 18
      vertex 26.8693 -2.77674 18
    endloop
  endfacet
  facet normal -0 0 1
    outer loop
      vertex 25.6193 0.905867 18
      vertex 27.8892 0.297642 18
      vertex 25.7664 1.33939 18
    endloop
  endfacet
  facet normal 0 0 1
    outer loop
      vertex 28.0876 -0.700075 18
      vertex 26.2233 -2.13066 18
      vertex 26.5251 -2.47487 18
    endloop
  endfacet
  facet normal 0 0 1
    outer loop
      vertex 27.8892 0.297642 18
      vertex 25.6193 0.905867 18
      vertex 27.8598 0.150105 18
    endloop
  endfacet
  facet normal 0 0 1
    outer loop
      vertex 28.0041 -0.575 18
      vertex 25.9689 -1.75 18
      vertex 26.2233 -2.13066 18
    endloop
  endfacet
  facet normal -0 0 1
    outer loop
      vertex 25.5299 0.456841 18
      vertex 27.8598 0.150105 18
      vertex 25.6193 0.905867 18
    endloop
  endfacet
  facet normal 0 0 1
    outer loop
      vertex 27.9375 -0.440085 18
      vertex 25.7664 -1.33939 18
      vertex 25.9689 -1.75 18
    endloop
  endfacet
  facet normal 0 0 1
    outer loop
      vertex 27.8598 0.150105 18
      vertex 25.5299 0.456841 18
      vertex 27.85 0 18
    endloop
  endfacet
  facet normal 0 0 1
    outer loop
      vertex 27.8892 -0.297642 18
      vertex 25.6193 -0.905867 18
      vertex 25.7664 -1.33939 18
    endloop
  endfacet
  facet normal 0 0 1
    outer loop
      vertex 25.5 0 18
      vertex 27.85 0 18
      vertex 25.5299 0.456841 18
    endloop
  endfacet
  facet normal 0 0 1
    outer loop
      vertex 27.8598 -0.150105 18
      vertex 25.5299 -0.456841 18
      vertex 25.6193 -0.905867 18
    endloop
  endfacet
  facet normal 0 0 1
    outer loop
      vertex 27.85 0 18
      vertex 25.5 0 18
      vertex 25.5299 -0.456841 18
    endloop
  endfacet
  facet normal -0.896864 0.442305 -8.08481e-19
    outer loop
      vertex 25.7664 1.33939 2.2
      vertex 25.9689 1.75 18
      vertex 25.9689 1.75 2.2
    endloop
  endfacet
  facet normal -0.896864 0.442305 -8.08481e-19
    outer loop
      vertex 25.9689 1.75 18
      vertex 25.7664 1.33939 2.2
      vertex 25.7664 1.33939 18
    endloop
  endfacet
  facet normal -0.195066 -0.98079 0
    outer loop
      vertex 28.0941 -3.38074 11.3
      vertex 28.5432 -3.47006 18
      vertex 28.0941 -3.38074 18
    endloop
  endfacet
  facet normal -0.195066 -0.98079 -0
    outer loop
      vertex 28.5432 -3.47006 18
      vertex 28.0941 -3.38074 11.3
      vertex 28.5432 -3.47006 11.3
    endloop
  endfacet
  facet normal -0.195066 -0.98079 0
    outer loop
      vertex 28.0941 -3.38074 2.2
      vertex 28.5432 -3.47006 8.70001
      vertex 28.0941 -3.38074 8.70001
    endloop
  endfacet
  facet normal -0.195066 -0.98079 -0
    outer loop
      vertex 28.5432 -3.47006 8.70001
      vertex 28.0941 -3.38074 2.2
      vertex 28.5432 -3.47006 2.2
    endloop
  endfacet
  facet normal -0.659364 -0.751824 0
    outer loop
      vertex 26.5251 -2.47487 2.2
      vertex 26.8693 -2.77674 18
      vertex 26.5251 -2.47487 18
    endloop
  endfacet
  facet normal -0.659364 -0.751824 -0
    outer loop
      vertex 26.8693 -2.77674 18
      vertex 26.5251 -2.47487 2.2
      vertex 26.8693 -2.77674 2.2
    endloop
  endfacet
  facet normal 0.980801 0.195013 -7.25455e-22
    outer loop
      vertex -22.0171 19.2611 18
      vertex -22.0681 19.5176 2.2
      vertex -22.0681 19.5176 18
    endloop
  endfacet
  facet normal 0.980801 0.195013 -7.25455e-22
    outer loop
      vertex -22.0681 19.5176 2.2
      vertex -22.0171 19.2611 18
      vertex -22.0171 19.2611 2.2
    endloop
  endfacet
  facet normal 0.997862 0.0653521 -1.57045e-21
    outer loop
      vertex -22 19 18
      vertex -22.0171 19.2611 2.2
      vertex -22.0171 19.2611 18
    endloop
  endfacet
  facet normal 0.997862 0.0653521 -1.57045e-21
    outer loop
      vertex -22.0171 19.2611 2.2
      vertex -22 19 18
      vertex -22 19 2.2
    endloop
  endfacet
  facet normal 0.321382 -0.94695 0
    outer loop
      vertex -23.4824 17.0681 2.2
      vertex -23.2346 17.1522 18
      vertex -23.4824 17.0681 18
    endloop
  endfacet
  facet normal 0.321382 -0.94695 0
    outer loop
      vertex -23.2346 17.1522 18
      vertex -23.4824 17.0681 2.2
      vertex -23.2346 17.1522 2.2
    endloop
  endfacet
  facet normal 0.195013 0.980801 -0
    outer loop
      vertex -23.4824 20.9319 2.2
      vertex -23.7389 20.9829 18
      vertex -23.4824 20.9319 18
    endloop
  endfacet
  facet normal 0.195013 0.980801 0
    outer loop
      vertex -23.7389 20.9829 18
      vertex -23.4824 20.9319 2.2
      vertex -23.7389 20.9829 2.2
    endloop
  endfacet
  facet normal -0.980801 -0.195013 -7.25455e-22
    outer loop
      vertex -25.9319 18.4824 2.2
      vertex -25.9829 18.7389 18
      vertex -25.9829 18.7389 2.2
    endloop
  endfacet
  facet normal -0.980801 -0.195013 -7.25455e-22
    outer loop
      vertex -25.9829 18.7389 18
      vertex -25.9319 18.4824 2.2
      vertex -25.9319 18.4824 18
    endloop
  endfacet
  facet normal 0.980801 -0.195013 7.25455e-22
    outer loop
      vertex -22.0681 18.4824 18
      vertex -22.0171 18.7389 2.2
      vertex -22.0171 18.7389 18
    endloop
  endfacet
  facet normal 0.980801 -0.195013 7.25455e-22
    outer loop
      vertex -22.0171 18.7389 2.2
      vertex -22.0681 18.4824 18
      vertex -22.0681 18.4824 2.2
    endloop
  endfacet
  facet normal -0.751842 0.659343 6.82089e-19
    outer loop
      vertex -25.5867 20.2175 2.2
      vertex -25.4142 20.4142 18
      vertex -25.4142 20.4142 2.2
    endloop
  endfacet
  facet normal -0.751842 0.659343 6.82089e-19
    outer loop
      vertex -25.4142 20.4142 18
      vertex -25.5867 20.2175 2.2
      vertex -25.5867 20.2175 18
    endloop
  endfacet
  facet normal 0.831344 0.555758 -4.40365e-19
    outer loop
      vertex -22.2679 20 18
      vertex -22.4133 20.2175 2.2
      vertex -22.4133 20.2175 18
    endloop
  endfacet
  facet normal 0.831344 0.555758 -4.40365e-19
    outer loop
      vertex -22.4133 20.2175 2.2
      vertex -22.2679 20 18
      vertex -22.2679 20 2.2
    endloop
  endfacet
  facet normal -0.94695 -0.321382 2.31201e-19
    outer loop
      vertex -25.8478 18.2346 2.2
      vertex -25.9319 18.4824 18
      vertex -25.9319 18.4824 2.2
    endloop
  endfacet
  facet normal -0.94695 -0.321382 2.31201e-19
    outer loop
      vertex -25.9319 18.4824 18
      vertex -25.8478 18.2346 2.2
      vertex -25.8478 18.2346 18
    endloop
  endfacet
  facet normal 0.997862 -0.0653521 1.57045e-21
    outer loop
      vertex -22.0171 18.7389 18
      vertex -22 19 2.2
      vertex -22 19 18
    endloop
  endfacet
  facet normal 0.997862 -0.0653521 1.57045e-21
    outer loop
      vertex -22 19 2.2
      vertex -22.0171 18.7389 18
      vertex -22.0171 18.7389 2.2
    endloop
  endfacet
  facet normal -0.997862 -0.0653521 -1.57045e-21
    outer loop
      vertex -25.9829 18.7389 2.2
      vertex -26 19 18
      vertex -26 19 2.2
    endloop
  endfacet
  facet normal -0.997862 -0.0653521 -1.57045e-21
    outer loop
      vertex -26 19 18
      vertex -25.9829 18.7389 2.2
      vertex -25.9829 18.7389 18
    endloop
  endfacet
  facet normal -0.659343 -0.751842 0
    outer loop
      vertex -25.4142 17.5858 2.2
      vertex -25.2175 17.4133 18
      vertex -25.4142 17.5858 18
    endloop
  endfacet
  facet normal -0.659343 -0.751842 -0
    outer loop
      vertex -25.2175 17.4133 18
      vertex -25.4142 17.5858 2.2
      vertex -25.2175 17.4133 2.2
    endloop
  endfacet
  facet normal -0.831521 0.555494 -5.27282e-19
    outer loop
      vertex -25.732 20 2.2
      vertex -25.5867 20.2175 18
      vertex -25.5867 20.2175 2.2
    endloop
  endfacet
  facet normal -0.831521 0.555494 -5.27282e-19
    outer loop
      vertex -25.5867 20.2175 18
      vertex -25.732 20 2.2
      vertex -25.732 20 18
    endloop
  endfacet
  facet normal 0.321382 0.94695 -0
    outer loop
      vertex -23.2346 20.8478 2.2
      vertex -23.4824 20.9319 18
      vertex -23.2346 20.8478 18
    endloop
  endfacet
  facet normal 0.321382 0.94695 0
    outer loop
      vertex -23.4824 20.9319 18
      vertex -23.2346 20.8478 2.2
      vertex -23.4824 20.9319 2.2
    endloop
  endfacet
  facet normal 0.555758 -0.831344 0
    outer loop
      vertex -23 17.2679 2.2
      vertex -22.7825 17.4133 18
      vertex -23 17.2679 18
    endloop
  endfacet
  facet normal 0.555758 -0.831344 0
    outer loop
      vertex -22.7825 17.4133 18
      vertex -23 17.2679 2.2
      vertex -22.7825 17.4133 2.2
    endloop
  endfacet
  facet normal 0.751842 0.659343 -6.82089e-19
    outer loop
      vertex -22.4133 20.2175 18
      vertex -22.5858 20.4142 2.2
      vertex -22.5858 20.4142 18
    endloop
  endfacet
  facet normal 0.751842 0.659343 -6.82089e-19
    outer loop
      vertex -22.5858 20.4142 2.2
      vertex -22.4133 20.2175 18
      vertex -22.4133 20.2175 2.2
    endloop
  endfacet
  facet normal 0.659343 -0.751842 0
    outer loop
      vertex -22.7825 17.4133 2.2
      vertex -22.5858 17.5858 18
      vertex -22.7825 17.4133 18
    endloop
  endfacet
  facet normal 0.659343 -0.751842 0
    outer loop
      vertex -22.5858 17.5858 18
      vertex -22.7825 17.4133 2.2
      vertex -22.5858 17.5858 2.2
    endloop
  endfacet
  facet normal -0.659343 0.751842 0
    outer loop
      vertex -25.2175 20.5867 2.2
      vertex -25.4142 20.4142 18
      vertex -25.2175 20.5867 18
    endloop
  endfacet
  facet normal -0.659343 0.751842 0
    outer loop
      vertex -25.4142 20.4142 18
      vertex -25.2175 20.5867 2.2
      vertex -25.4142 20.4142 2.2
    endloop
  endfacet
  facet normal -0.751842 -0.659343 -6.82089e-19
    outer loop
      vertex -25.4142 17.5858 2.2
      vertex -25.5867 17.7825 18
      vertex -25.5867 17.7825 2.2
    endloop
  endfacet
  facet normal -0.751842 -0.659343 -6.82089e-19
    outer loop
      vertex -25.5867 17.7825 18
      vertex -25.4142 17.5858 2.2
      vertex -25.4142 17.5858 18
    endloop
  endfacet
  facet normal 0.442621 0.896709 -0
    outer loop
      vertex -23 20.732 2.2
      vertex -23.2346 20.8478 18
      vertex -23 20.732 18
    endloop
  endfacet
  facet normal 0.442621 0.896709 0
    outer loop
      vertex -23.2346 20.8478 18
      vertex -23 20.732 2.2
      vertex -23.2346 20.8478 2.2
    endloop
  endfacet
  facet normal 0.555494 0.831521 -0
    outer loop
      vertex -22.7825 20.5867 2.2
      vertex -23 20.732 18
      vertex -22.7825 20.5867 18
    endloop
  endfacet
  facet normal 0.555494 0.831521 0
    outer loop
      vertex -23 20.732 18
      vertex -22.7825 20.5867 2.2
      vertex -23 20.732 2.2
    endloop
  endfacet
  facet normal 0.659343 0.751842 -0
    outer loop
      vertex -22.5858 20.4142 2.2
      vertex -22.7825 20.5867 18
      vertex -22.5858 20.4142 18
    endloop
  endfacet
  facet normal 0.659343 0.751842 0
    outer loop
      vertex -22.7825 20.5867 18
      vertex -22.5858 20.4142 2.2
      vertex -22.7825 20.5867 2.2
    endloop
  endfacet
  facet normal -0.0653521 0.997862 0
    outer loop
      vertex -24 21 2.2
      vertex -24.2611 20.9829 18
      vertex -24 21 18
    endloop
  endfacet
  facet normal -0.0653521 0.997862 0
    outer loop
      vertex -24.2611 20.9829 18
      vertex -24 21 2.2
      vertex -24.2611 20.9829 2.2
    endloop
  endfacet
  facet normal 0.0653521 0.997862 -0
    outer loop
      vertex -23.7389 20.9829 2.2
      vertex -24 21 18
      vertex -23.7389 20.9829 18
    endloop
  endfacet
  facet normal 0.0653521 0.997862 0
    outer loop
      vertex -24 21 18
      vertex -23.7389 20.9829 2.2
      vertex -24 21 2.2
    endloop
  endfacet
  facet normal -0.94695 0.321382 -2.31201e-19
    outer loop
      vertex -25.9319 19.5176 2.2
      vertex -25.8478 19.7654 18
      vertex -25.8478 19.7654 2.2
    endloop
  endfacet
  facet normal -0.94695 0.321382 -2.31201e-19
    outer loop
      vertex -25.8478 19.7654 18
      vertex -25.9319 19.5176 2.2
      vertex -25.9319 19.5176 18
    endloop
  endfacet
  facet normal -0.321382 0.94695 0
    outer loop
      vertex -24.5176 20.9319 2.2
      vertex -24.7654 20.8478 18
      vertex -24.5176 20.9319 18
    endloop
  endfacet
  facet normal -0.321382 0.94695 0
    outer loop
      vertex -24.7654 20.8478 18
      vertex -24.5176 20.9319 2.2
      vertex -24.7654 20.8478 2.2
    endloop
  endfacet
  facet normal 0.94695 -0.321382 -2.31201e-19
    outer loop
      vertex -22.1522 18.2346 18
      vertex -22.0681 18.4824 2.2
      vertex -22.0681 18.4824 18
    endloop
  endfacet
  facet normal 0.94695 -0.321382 -2.31201e-19
    outer loop
      vertex -22.0681 18.4824 2.2
      vertex -22.1522 18.2346 18
      vertex -22.1522 18.2346 2.2
    endloop
  endfacet
  facet normal 0.195013 -0.980801 0
    outer loop
      vertex -23.7389 17.0171 2.2
      vertex -23.4824 17.0681 18
      vertex -23.7389 17.0171 18
    endloop
  endfacet
  facet normal 0.195013 -0.980801 0
    outer loop
      vertex -23.4824 17.0681 18
      vertex -23.7389 17.0171 2.2
      vertex -23.4824 17.0681 2.2
    endloop
  endfacet
  facet normal -0.195013 -0.980801 0
    outer loop
      vertex -24.5176 17.0681 2.2
      vertex -24.2611 17.0171 18
      vertex -24.5176 17.0681 18
    endloop
  endfacet
  facet normal -0.195013 -0.980801 -0
    outer loop
      vertex -24.2611 17.0171 18
      vertex -24.5176 17.0681 2.2
      vertex -24.2611 17.0171 2.2
    endloop
  endfacet
  facet normal 0.751842 -0.659343 6.82089e-19
    outer loop
      vertex -22.5858 17.5858 18
      vertex -22.4133 17.7825 2.2
      vertex -22.4133 17.7825 18
    endloop
  endfacet
  facet normal 0.751842 -0.659343 6.82089e-19
    outer loop
      vertex -22.4133 17.7825 2.2
      vertex -22.5858 17.5858 18
      vertex -22.5858 17.5858 2.2
    endloop
  endfacet
  facet normal 0.89686 -0.442314 -3.43151e-19
    outer loop
      vertex -22.2679 18 18
      vertex -22.1522 18.2346 2.2
      vertex -22.1522 18.2346 18
    endloop
  endfacet
  facet normal 0.89686 -0.442314 -3.43151e-19
    outer loop
      vertex -22.1522 18.2346 2.2
      vertex -22.2679 18 18
      vertex -22.2679 18 2.2
    endloop
  endfacet
  facet normal 0.0653521 -0.997862 0
    outer loop
      vertex -24 17 2.2
      vertex -23.7389 17.0171 18
      vertex -24 17 18
    endloop
  endfacet
  facet normal 0.0653521 -0.997862 0
    outer loop
      vertex -23.7389 17.0171 18
      vertex -24 17 2.2
      vertex -23.7389 17.0171 2.2
    endloop
  endfacet
  facet normal 0.89686 0.442314 3.43151e-19
    outer loop
      vertex -22.1522 19.7654 18
      vertex -22.2679 20 2.2
      vertex -22.2679 20 18
    endloop
  endfacet
  facet normal 0.89686 0.442314 3.43151e-19
    outer loop
      vertex -22.2679 20 2.2
      vertex -22.1522 19.7654 18
      vertex -22.1522 19.7654 2.2
    endloop
  endfacet
  facet normal 0.442314 -0.89686 0
    outer loop
      vertex -23.2346 17.1522 2.2
      vertex -23 17.2679 18
      vertex -23.2346 17.1522 18
    endloop
  endfacet
  facet normal 0.442314 -0.89686 0
    outer loop
      vertex -23 17.2679 18
      vertex -23.2346 17.1522 2.2
      vertex -23 17.2679 2.2
    endloop
  endfacet
  facet normal 0.831344 -0.555758 4.40365e-19
    outer loop
      vertex -22.4133 17.7825 18
      vertex -22.2679 18 2.2
      vertex -22.2679 18 18
    endloop
  endfacet
  facet normal 0.831344 -0.555758 4.40365e-19
    outer loop
      vertex -22.2679 18 2.2
      vertex -22.4133 17.7825 18
      vertex -22.4133 17.7825 2.2
    endloop
  endfacet
  facet normal -0.896709 -0.442621 -9.23921e-23
    outer loop
      vertex -25.732 18 2.2
      vertex -25.8478 18.2346 18
      vertex -25.8478 18.2346 2.2
    endloop
  endfacet
  facet normal -0.896709 -0.442621 -9.23921e-23
    outer loop
      vertex -25.8478 18.2346 18
      vertex -25.732 18 2.2
      vertex -25.732 18 18
    endloop
  endfacet
  facet normal -0.831521 -0.555494 5.27282e-19
    outer loop
      vertex -25.5867 17.7825 2.2
      vertex -25.732 18 18
      vertex -25.732 18 2.2
    endloop
  endfacet
  facet normal -0.831521 -0.555494 5.27282e-19
    outer loop
      vertex -25.732 18 18
      vertex -25.5867 17.7825 2.2
      vertex -25.5867 17.7825 18
    endloop
  endfacet
  facet normal -0.195013 0.980801 0
    outer loop
      vertex -24.2611 20.9829 2.2
      vertex -24.5176 20.9319 18
      vertex -24.2611 20.9829 18
    endloop
  endfacet
  facet normal -0.195013 0.980801 0
    outer loop
      vertex -24.5176 20.9319 18
      vertex -24.2611 20.9829 2.2
      vertex -24.5176 20.9319 2.2
    endloop
  endfacet
  facet normal -0.442621 0.896709 0
    outer loop
      vertex -24.7654 20.8478 2.2
      vertex -25 20.732 18
      vertex -24.7654 20.8478 18
    endloop
  endfacet
  facet normal -0.442621 0.896709 0
    outer loop
      vertex -25 20.732 18
      vertex -24.7654 20.8478 2.2
      vertex -25 20.732 2.2
    endloop
  endfacet
  facet normal -0.0653521 -0.997862 0
    outer loop
      vertex -24.2611 17.0171 2.2
      vertex -24 17 18
      vertex -24.2611 17.0171 18
    endloop
  endfacet
  facet normal -0.0653521 -0.997862 -0
    outer loop
      vertex -24 17 18
      vertex -24.2611 17.0171 2.2
      vertex -24 17 2.2
    endloop
  endfacet
  facet normal 0.94695 0.321382 2.31201e-19
    outer loop
      vertex -22.0681 19.5176 18
      vertex -22.1522 19.7654 2.2
      vertex -22.1522 19.7654 18
    endloop
  endfacet
  facet normal 0.94695 0.321382 2.31201e-19
    outer loop
      vertex -22.1522 19.7654 2.2
      vertex -22.0681 19.5176 18
      vertex -22.0681 19.5176 2.2
    endloop
  endfacet
  facet normal -0.555494 0.831521 0
    outer loop
      vertex -25 20.732 2.2
      vertex -25.2175 20.5867 18
      vertex -25 20.732 18
    endloop
  endfacet
  facet normal -0.555494 0.831521 0
    outer loop
      vertex -25.2175 20.5867 18
      vertex -25 20.732 2.2
      vertex -25.2175 20.5867 2.2
    endloop
  endfacet
  facet normal -0.980801 0.195013 7.25455e-22
    outer loop
      vertex -25.9829 19.2611 2.2
      vertex -25.9319 19.5176 18
      vertex -25.9319 19.5176 2.2
    endloop
  endfacet
  facet normal -0.980801 0.195013 7.25455e-22
    outer loop
      vertex -25.9319 19.5176 18
      vertex -25.9829 19.2611 2.2
      vertex -25.9829 19.2611 18
    endloop
  endfacet
  facet normal -0.442314 -0.89686 0
    outer loop
      vertex -25 17.2679 2.2
      vertex -24.7654 17.1522 18
      vertex -25 17.2679 18
    endloop
  endfacet
  facet normal -0.442314 -0.89686 -0
    outer loop
      vertex -24.7654 17.1522 18
      vertex -25 17.2679 2.2
      vertex -24.7654 17.1522 2.2
    endloop
  endfacet
  facet normal -0.997862 0.0653521 1.57045e-21
    outer loop
      vertex -26 19 2.2
      vertex -25.9829 19.2611 18
      vertex -25.9829 19.2611 2.2
    endloop
  endfacet
  facet normal -0.997862 0.0653521 1.57045e-21
    outer loop
      vertex -25.9829 19.2611 18
      vertex -26 19 2.2
      vertex -26 19 18
    endloop
  endfacet
  facet normal -0.321382 -0.94695 0
    outer loop
      vertex -24.7654 17.1522 2.2
      vertex -24.5176 17.0681 18
      vertex -24.7654 17.1522 18
    endloop
  endfacet
  facet normal -0.321382 -0.94695 -0
    outer loop
      vertex -24.5176 17.0681 18
      vertex -24.7654 17.1522 2.2
      vertex -24.5176 17.0681 2.2
    endloop
  endfacet
  facet normal -0.555758 -0.831344 0
    outer loop
      vertex -25.2175 17.4133 2.2
      vertex -25 17.2679 18
      vertex -25.2175 17.4133 18
    endloop
  endfacet
  facet normal -0.555758 -0.831344 -0
    outer loop
      vertex -25 17.2679 18
      vertex -25.2175 17.4133 2.2
      vertex -25 17.2679 2.2
    endloop
  endfacet
  facet normal 0 0 1
    outer loop
      vertex -23.05 19 18
      vertex -22 19 18
      vertex -22.0171 19.2611 18
    endloop
  endfacet
  facet normal 0 0 1
    outer loop
      vertex -23.0581 19.124 18
      vertex -22.0171 19.2611 18
      vertex -22.0681 19.5176 18
    endloop
  endfacet
  facet normal 0 0 1
    outer loop
      vertex -22 19 18
      vertex -23.05 19 18
      vertex -22.0171 18.7389 18
    endloop
  endfacet
  facet normal 0 0 1
    outer loop
      vertex -23.0824 19.2459 18
      vertex -22.0681 19.5176 18
      vertex -22.1522 19.7654 18
    endloop
  endfacet
  facet normal -0 0 1
    outer loop
      vertex -23.0581 18.876 18
      vertex -22.0171 18.7389 18
      vertex -23.05 19 18
    endloop
  endfacet
  facet normal 0 0 1
    outer loop
      vertex -23.1223 19.3635 18
      vertex -22.1522 19.7654 18
      vertex -22.2679 20 18
    endloop
  endfacet
  facet normal 0 0 1
    outer loop
      vertex -22.0171 18.7389 18
      vertex -23.0581 18.876 18
      vertex -22.0681 18.4824 18
    endloop
  endfacet
  facet normal 0 0 1
    outer loop
      vertex -23.1773 19.475 18
      vertex -22.2679 20 18
      vertex -22.4133 20.2175 18
    endloop
  endfacet
  facet normal -0 0 1
    outer loop
      vertex -23.0824 18.7541 18
      vertex -22.0681 18.4824 18
      vertex -23.0581 18.876 18
    endloop
  endfacet
  facet normal 0 0 1
    outer loop
      vertex -23.2463 19.5783 18
      vertex -22.4133 20.2175 18
      vertex -22.5858 20.4142 18
    endloop
  endfacet
  facet normal 0 0 1
    outer loop
      vertex -22.0681 18.4824 18
      vertex -23.0824 18.7541 18
      vertex -22.1522 18.2346 18
    endloop
  endfacet
  facet normal 0 0 1
    outer loop
      vertex -23.3282 19.6718 18
      vertex -22.5858 20.4142 18
      vertex -22.7825 20.5867 18
    endloop
  endfacet
  facet normal -0 0 1
    outer loop
      vertex -23.1223 18.6364 18
      vertex -22.1522 18.2346 18
      vertex -23.0824 18.7541 18
    endloop
  endfacet
  facet normal 0 0 1
    outer loop
      vertex -23.4217 19.7537 18
      vertex -22.7825 20.5867 18
      vertex -23 20.732 18
    endloop
  endfacet
  facet normal 0 0 1
    outer loop
      vertex -22.1522 18.2346 18
      vertex -23.1223 18.6364 18
      vertex -22.2679 18 18
    endloop
  endfacet
  facet normal -0 0 1
    outer loop
      vertex -23.1773 18.525 18
      vertex -22.2679 18 18
      vertex -23.1223 18.6364 18
    endloop
  endfacet
  facet normal 0 0 1
    outer loop
      vertex -22.0171 19.2611 18
      vertex -23.0581 19.124 18
      vertex -23.05 19 18
    endloop
  endfacet
  facet normal 0 0 1
    outer loop
      vertex -22.0681 19.5176 18
      vertex -23.0824 19.2459 18
      vertex -23.0581 19.124 18
    endloop
  endfacet
  facet normal 0 0 1
    outer loop
      vertex -22.1522 19.7654 18
      vertex -23.1223 19.3635 18
      vertex -23.0824 19.2459 18
    endloop
  endfacet
  facet normal 0 0 1
    outer loop
      vertex -22.2679 20 18
      vertex -23.1773 19.475 18
      vertex -23.1223 19.3635 18
    endloop
  endfacet
  facet normal 0 0 1
    outer loop
      vertex -23.525 19.8227 18
      vertex -23 20.732 18
      vertex -23.2346 20.8478 18
    endloop
  endfacet
  facet normal 0 0 1
    outer loop
      vertex -22.4133 20.2175 18
      vertex -23.2463 19.5783 18
      vertex -23.1773 19.475 18
    endloop
  endfacet
  facet normal 0 0 1
    outer loop
      vertex -22.5858 20.4142 18
      vertex -23.3282 19.6718 18
      vertex -23.2463 19.5783 18
    endloop
  endfacet
  facet normal 0 0 1
    outer loop
      vertex -22.7825 20.5867 18
      vertex -23.4217 19.7537 18
      vertex -23.3282 19.6718 18
    endloop
  endfacet
  facet normal 0 0 1
    outer loop
      vertex -23.6364 19.8777 18
      vertex -23.2346 20.8478 18
      vertex -23.4824 20.9319 18
    endloop
  endfacet
  facet normal 0 0 1
    outer loop
      vertex -23 20.732 18
      vertex -23.525 19.8227 18
      vertex -23.4217 19.7537 18
    endloop
  endfacet
  facet normal 0 0 1
    outer loop
      vertex -23.2346 20.8478 18
      vertex -23.6364 19.8777 18
      vertex -23.525 19.8227 18
    endloop
  endfacet
  facet normal 0 0 1
    outer loop
      vertex -23.7541 19.9176 18
      vertex -23.4824 20.9319 18
      vertex -23.7389 20.9829 18
    endloop
  endfacet
  facet normal 0 0 1
    outer loop
      vertex -23.4824 20.9319 18
      vertex -23.7541 19.9176 18
      vertex -23.6364 19.8777 18
    endloop
  endfacet
  facet normal 0 0 1
    outer loop
      vertex -23.7389 20.9829 18
      vertex -23.876 19.9419 18
      vertex -23.7541 19.9176 18
    endloop
  endfacet
  facet normal 0 0 1
    outer loop
      vertex -24 21 18
      vertex -23.876 19.9419 18
      vertex -23.7389 20.9829 18
    endloop
  endfacet
  facet normal 0 0 1
    outer loop
      vertex -24 21 18
      vertex -24 19.95 18
      vertex -23.876 19.9419 18
    endloop
  endfacet
  facet normal 0 0 1
    outer loop
      vertex -24 21 18
      vertex -24.124 19.9419 18
      vertex -24 19.95 18
    endloop
  endfacet
  facet normal -0 0 1
    outer loop
      vertex -24.2611 20.9829 18
      vertex -24.124 19.9419 18
      vertex -24 21 18
    endloop
  endfacet
  facet normal 0 0 1
    outer loop
      vertex -24.124 19.9419 18
      vertex -24.2611 20.9829 18
      vertex -24.2459 19.9176 18
    endloop
  endfacet
  facet normal -0 0 1
    outer loop
      vertex -24.5176 20.9319 18
      vertex -24.2459 19.9176 18
      vertex -24.2611 20.9829 18
    endloop
  endfacet
  facet normal 0 0 1
    outer loop
      vertex -24.2459 19.9176 18
      vertex -24.5176 20.9319 18
      vertex -24.3635 19.8777 18
    endloop
  endfacet
  facet normal -0 0 1
    outer loop
      vertex -24.7654 20.8478 18
      vertex -24.3635 19.8777 18
      vertex -24.5176 20.9319 18
    endloop
  endfacet
  facet normal 0 0 1
    outer loop
      vertex -24.3635 19.8777 18
      vertex -24.7654 20.8478 18
      vertex -24.475 19.8227 18
    endloop
  endfacet
  facet normal -0 0 1
    outer loop
      vertex -25 20.732 18
      vertex -24.475 19.8227 18
      vertex -24.7654 20.8478 18
    endloop
  endfacet
  facet normal 0 0 1
    outer loop
      vertex -24.475 19.8227 18
      vertex -25 20.732 18
      vertex -24.5783 19.7537 18
    endloop
  endfacet
  facet normal -0 0 1
    outer loop
      vertex -25.2175 20.5867 18
      vertex -24.5783 19.7537 18
      vertex -25 20.732 18
    endloop
  endfacet
  facet normal 0 0 1
    outer loop
      vertex -24.5783 19.7537 18
      vertex -25.2175 20.5867 18
      vertex -24.6718 19.6718 18
    endloop
  endfacet
  facet normal -0 0 1
    outer loop
      vertex -25.4142 20.4142 18
      vertex -24.6718 19.6718 18
      vertex -25.2175 20.5867 18
    endloop
  endfacet
  facet normal 0 0 1
    outer loop
      vertex -24.6718 19.6718 18
      vertex -25.4142 20.4142 18
      vertex -24.7537 19.5783 18
    endloop
  endfacet
  facet normal -0 0 1
    outer loop
      vertex -25.5867 20.2175 18
      vertex -24.7537 19.5783 18
      vertex -25.4142 20.4142 18
    endloop
  endfacet
  facet normal -0 0 1
    outer loop
      vertex -25.732 20 18
      vertex -24.8227 19.475 18
      vertex -25.5867 20.2175 18
    endloop
  endfacet
  facet normal 0 0 1
    outer loop
      vertex -24.7537 19.5783 18
      vertex -25.5867 20.2175 18
      vertex -24.8227 19.475 18
    endloop
  endfacet
  facet normal 0 0 1
    outer loop
      vertex -22.2679 18 18
      vertex -23.1773 18.525 18
      vertex -22.4133 17.7825 18
    endloop
  endfacet
  facet normal -0 0 1
    outer loop
      vertex -23.2463 18.4217 18
      vertex -22.4133 17.7825 18
      vertex -23.1773 18.525 18
    endloop
  endfacet
  facet normal 0 0 1
    outer loop
      vertex -22.4133 17.7825 18
      vertex -23.2463 18.4217 18
      vertex -22.5858 17.5858 18
    endloop
  endfacet
  facet normal -0 0 1
    outer loop
      vertex -23.3282 18.3282 18
      vertex -22.5858 17.5858 18
      vertex -23.2463 18.4217 18
    endloop
  endfacet
  facet normal 0 0 1
    outer loop
      vertex -22.5858 17.5858 18
      vertex -23.3282 18.3282 18
      vertex -22.7825 17.4133 18
    endloop
  endfacet
  facet normal -0 0 1
    outer loop
      vertex -23.4217 18.2463 18
      vertex -22.7825 17.4133 18
      vertex -23.3282 18.3282 18
    endloop
  endfacet
  facet normal 0 0 1
    outer loop
      vertex -22.7825 17.4133 18
      vertex -23.4217 18.2463 18
      vertex -23 17.2679 18
    endloop
  endfacet
  facet normal -0 0 1
    outer loop
      vertex -23.525 18.1773 18
      vertex -23 17.2679 18
      vertex -23.4217 18.2463 18
    endloop
  endfacet
  facet normal 0 0 1
    outer loop
      vertex -23 17.2679 18
      vertex -23.525 18.1773 18
      vertex -23.2346 17.1522 18
    endloop
  endfacet
  facet normal -0 0 1
    outer loop
      vertex -23.6364 18.1223 18
      vertex -23.2346 17.1522 18
      vertex -23.525 18.1773 18
    endloop
  endfacet
  facet normal 0 0 1
    outer loop
      vertex -23.2346 17.1522 18
      vertex -23.6364 18.1223 18
      vertex -23.4824 17.0681 18
    endloop
  endfacet
  facet normal -0 0 1
    outer loop
      vertex -23.7541 18.0824 18
      vertex -23.4824 17.0681 18
      vertex -23.6364 18.1223 18
    endloop
  endfacet
  facet normal 0 0 1
    outer loop
      vertex -23.4824 17.0681 18
      vertex -23.7541 18.0824 18
      vertex -23.7389 17.0171 18
    endloop
  endfacet
  facet normal -0 0 1
    outer loop
      vertex -23.876 18.0581 18
      vertex -23.7389 17.0171 18
      vertex -23.7541 18.0824 18
    endloop
  endfacet
  facet normal -0 0 1
    outer loop
      vertex -24 18.05 18
      vertex -23.7389 17.0171 18
      vertex -23.876 18.0581 18
    endloop
  endfacet
  facet normal 0 0 1
    outer loop
      vertex -24 18.05 18
      vertex -24 17 18
      vertex -23.7389 17.0171 18
    endloop
  endfacet
  facet normal 0 0 1
    outer loop
      vertex -24.124 18.0581 18
      vertex -24 17 18
      vertex -24 18.05 18
    endloop
  endfacet
  facet normal 0 0 1
    outer loop
      vertex -24.2611 17.0171 18
      vertex -24.124 18.0581 18
      vertex -24.2459 18.0824 18
    endloop
  endfacet
  facet normal 0 0 1
    outer loop
      vertex -24.124 18.0581 18
      vertex -24.2611 17.0171 18
      vertex -24 17 18
    endloop
  endfacet
  facet normal 0 0 1
    outer loop
      vertex -24.5176 17.0681 18
      vertex -24.2459 18.0824 18
      vertex -24.3635 18.1223 18
    endloop
  endfacet
  facet normal 0 0 1
    outer loop
      vertex -24.7654 17.1522 18
      vertex -24.3635 18.1223 18
      vertex -24.475 18.1773 18
    endloop
  endfacet
  facet normal 0 0 1
    outer loop
      vertex -24.2459 18.0824 18
      vertex -24.5176 17.0681 18
      vertex -24.2611 17.0171 18
    endloop
  endfacet
  facet normal 0 0 1
    outer loop
      vertex -25 17.2679 18
      vertex -24.475 18.1773 18
      vertex -24.5783 18.2463 18
    endloop
  endfacet
  facet normal 0 0 1
    outer loop
      vertex -25.2175 17.4133 18
      vertex -24.5783 18.2463 18
      vertex -24.6718 18.3282 18
    endloop
  endfacet
  facet normal 0 0 1
    outer loop
      vertex -25.4142 17.5858 18
      vertex -24.6718 18.3282 18
      vertex -24.7537 18.4217 18
    endloop
  endfacet
  facet normal 0 0 1
    outer loop
      vertex -24.3635 18.1223 18
      vertex -24.7654 17.1522 18
      vertex -24.5176 17.0681 18
    endloop
  endfacet
  facet normal 0 0 1
    outer loop
      vertex -25.5867 17.7825 18
      vertex -24.7537 18.4217 18
      vertex -24.8227 18.525 18
    endloop
  endfacet
  facet normal 0 0 1
    outer loop
      vertex -25.732 18 18
      vertex -24.8227 18.525 18
      vertex -24.8777 18.6364 18
    endloop
  endfacet
  facet normal 0 0 1
    outer loop
      vertex -25.8478 18.2346 18
      vertex -24.8777 18.6364 18
      vertex -24.9176 18.7541 18
    endloop
  endfacet
  facet normal 0 0 1
    outer loop
      vertex -25.9319 18.4824 18
      vertex -24.9176 18.7541 18
      vertex -24.9419 18.876 18
    endloop
  endfacet
  facet normal 0 0 1
    outer loop
      vertex -24.475 18.1773 18
      vertex -25 17.2679 18
      vertex -24.7654 17.1522 18
    endloop
  endfacet
  facet normal 0 0 1
    outer loop
      vertex -25.9829 18.7389 18
      vertex -24.9419 18.876 18
      vertex -24.95 19 18
    endloop
  endfacet
  facet normal 0 0 1
    outer loop
      vertex -24.8227 19.475 18
      vertex -25.732 20 18
      vertex -24.8777 19.3635 18
    endloop
  endfacet
  facet normal -0 0 1
    outer loop
      vertex -25.8478 19.7654 18
      vertex -24.8777 19.3635 18
      vertex -25.732 20 18
    endloop
  endfacet
  facet normal 0 0 1
    outer loop
      vertex -24.5783 18.2463 18
      vertex -25.2175 17.4133 18
      vertex -25 17.2679 18
    endloop
  endfacet
  facet normal 0 0 1
    outer loop
      vertex -24.8777 19.3635 18
      vertex -25.8478 19.7654 18
      vertex -24.9176 19.2459 18
    endloop
  endfacet
  facet normal 0 0 1
    outer loop
      vertex -24.6718 18.3282 18
      vertex -25.4142 17.5858 18
      vertex -25.2175 17.4133 18
    endloop
  endfacet
  facet normal -0 0 1
    outer loop
      vertex -25.9319 19.5176 18
      vertex -24.9176 19.2459 18
      vertex -25.8478 19.7654 18
    endloop
  endfacet
  facet normal 0 0 1
    outer loop
      vertex -24.7537 18.4217 18
      vertex -25.5867 17.7825 18
      vertex -25.4142 17.5858 18
    endloop
  endfacet
  facet normal 0 0 1
    outer loop
      vertex -24.9176 19.2459 18
      vertex -25.9319 19.5176 18
      vertex -24.9419 19.124 18
    endloop
  endfacet
  facet normal 0 0 1
    outer loop
      vertex -24.8227 18.525 18
      vertex -25.732 18 18
      vertex -25.5867 17.7825 18
    endloop
  endfacet
  facet normal -0 0 1
    outer loop
      vertex -25.9829 19.2611 18
      vertex -24.9419 19.124 18
      vertex -25.9319 19.5176 18
    endloop
  endfacet
  facet normal 0 0 1
    outer loop
      vertex -24.8777 18.6364 18
      vertex -25.8478 18.2346 18
      vertex -25.732 18 18
    endloop
  endfacet
  facet normal 0 0 1
    outer loop
      vertex -24.9419 19.124 18
      vertex -25.9829 19.2611 18
      vertex -24.95 19 18
    endloop
  endfacet
  facet normal 0 0 1
    outer loop
      vertex -24.9176 18.7541 18
      vertex -25.9319 18.4824 18
      vertex -25.8478 18.2346 18
    endloop
  endfacet
  facet normal 0 0 1
    outer loop
      vertex -26 19 18
      vertex -24.95 19 18
      vertex -25.9829 19.2611 18
    endloop
  endfacet
  facet normal 0 0 1
    outer loop
      vertex -24.9419 18.876 18
      vertex -25.9829 18.7389 18
      vertex -25.9319 18.4824 18
    endloop
  endfacet
  facet normal 0 0 1
    outer loop
      vertex -24.95 19 18
      vertex -26 19 18
      vertex -25.9829 18.7389 18
    endloop
  endfacet
  facet normal -0.896709 0.442621 9.23921e-23
    outer loop
      vertex -25.8478 19.7654 2.2
      vertex -25.732 20 18
      vertex -25.732 20 2.2
    endloop
  endfacet
  facet normal -0.896709 0.442621 9.23921e-23
    outer loop
      vertex -25.732 20 18
      vertex -25.8478 19.7654 2.2
      vertex -25.8478 19.7654 18
    endloop
  endfacet
  facet normal 0.89667 -0.4427 1.79039e-18
    outer loop
      vertex -23.1773 18.525 19
      vertex -23.1223 18.6364 18
      vertex -23.1223 18.6364 19
    endloop
  endfacet
  facet normal 0.89667 -0.4427 1.79039e-18
    outer loop
      vertex -23.1223 18.6364 18
      vertex -23.1773 18.525 19
      vertex -23.1773 18.525 18
    endloop
  endfacet
  facet normal 0.980704 0.195497 1.32651e-18
    outer loop
      vertex -23.0581 19.124 19
      vertex -23.0824 19.2459 18
      vertex -23.0824 19.2459 19
    endloop
  endfacet
  facet normal 0.980704 0.195497 1.32651e-18
    outer loop
      vertex -23.0824 19.2459 18
      vertex -23.0581 19.124 19
      vertex -23.0581 19.124 18
    endloop
  endfacet
  facet normal 0.997873 0.0651837 6.21877e-19
    outer loop
      vertex -23.05 19 19
      vertex -23.0581 19.124 18
      vertex -23.0581 19.124 19
    endloop
  endfacet
  facet normal 0.997873 0.0651837 6.21877e-19
    outer loop
      vertex -23.0581 19.124 18
      vertex -23.05 19 19
      vertex -23.05 19 18
    endloop
  endfacet
  facet normal 0.946979 0.321296 1.02997e-18
    outer loop
      vertex -23.0824 19.2459 19
      vertex -23.1223 19.3635 18
      vertex -23.1223 19.3635 19
    endloop
  endfacet
  facet normal 0.946979 0.321296 1.02997e-18
    outer loop
      vertex -23.1223 19.3635 18
      vertex -23.0824 19.2459 19
      vertex -23.0824 19.2459 18
    endloop
  endfacet
  facet normal 0.980704 -0.195497 -1.32651e-18
    outer loop
      vertex -23.0824 18.7541 19
      vertex -23.0581 18.876 18
      vertex -23.0581 18.876 19
    endloop
  endfacet
  facet normal 0.980704 -0.195497 -1.32651e-18
    outer loop
      vertex -23.0581 18.876 18
      vertex -23.0824 18.7541 19
      vertex -23.0824 18.7541 18
    endloop
  endfacet
  facet normal 0.896827 0.442381 -2.67672e-18
    outer loop
      vertex -23.1223 19.3635 19
      vertex -23.1773 19.475 18
      vertex -23.1773 19.475 19
    endloop
  endfacet
  facet normal 0.896827 0.442381 -2.67672e-18
    outer loop
      vertex -23.1773 19.475 18
      vertex -23.1223 19.3635 19
      vertex -23.1223 19.3635 18
    endloop
  endfacet
  facet normal -0.946979 0.321296 -1.02997e-18
    outer loop
      vertex -24.9176 19.2459 18
      vertex -24.8777 19.3635 19
      vertex -24.8777 19.3635 18
    endloop
  endfacet
  facet normal -0.946979 0.321296 -1.02997e-18
    outer loop
      vertex -24.8777 19.3635 19
      vertex -24.9176 19.2459 18
      vertex -24.9176 19.2459 19
    endloop
  endfacet
  facet normal 0.831555 -0.555443 3.16966e-18
    outer loop
      vertex -23.2463 18.4217 19
      vertex -23.1773 18.525 18
      vertex -23.1773 18.525 19
    endloop
  endfacet
  facet normal 0.831555 -0.555443 3.16966e-18
    outer loop
      vertex -23.1773 18.525 18
      vertex -23.2463 18.4217 19
      vertex -23.2463 18.4217 18
    endloop
  endfacet
  facet normal 0.321052 0.947062 -0
    outer loop
      vertex -23.6364 19.8777 18
      vertex -23.7541 19.9176 19
      vertex -23.6364 19.8777 19
    endloop
  endfacet
  facet normal 0.321052 0.947062 0
    outer loop
      vertex -23.7541 19.9176 19
      vertex -23.6364 19.8777 18
      vertex -23.7541 19.9176 18
    endloop
  endfacet
  facet normal -0.555443 0.831555 0
    outer loop
      vertex -24.475 19.8227 18
      vertex -24.5783 19.7537 19
      vertex -24.475 19.8227 19
    endloop
  endfacet
  facet normal -0.555443 0.831555 0
    outer loop
      vertex -24.5783 19.7537 19
      vertex -24.475 19.8227 18
      vertex -24.5783 19.7537 18
    endloop
  endfacet
  facet normal -0.896827 0.442381 2.67672e-18
    outer loop
      vertex -24.8777 19.3635 18
      vertex -24.8227 19.475 19
      vertex -24.8227 19.475 18
    endloop
  endfacet
  facet normal -0.896827 0.442381 2.67672e-18
    outer loop
      vertex -24.8227 19.475 19
      vertex -24.8777 19.3635 18
      vertex -24.8777 19.3635 19
    endloop
  endfacet
  facet normal 0.4427 0.89667 -0
    outer loop
      vertex -23.525 19.8227 18
      vertex -23.6364 19.8777 19
      vertex -23.525 19.8227 19
    endloop
  endfacet
  facet normal 0.4427 0.89667 0
    outer loop
      vertex -23.6364 19.8777 19
      vertex -23.525 19.8227 18
      vertex -23.6364 19.8777 18
    endloop
  endfacet
  facet normal 0.658903 0.752228 -0
    outer loop
      vertex -23.3282 19.6718 18
      vertex -23.4217 19.7537 19
      vertex -23.3282 19.6718 19
    endloop
  endfacet
  facet normal 0.658903 0.752228 0
    outer loop
      vertex -23.4217 19.7537 19
      vertex -23.3282 19.6718 18
      vertex -23.4217 19.7537 18
    endloop
  endfacet
  facet normal -0.89667 -0.4427 -1.79039e-18
    outer loop
      vertex -24.8227 18.525 18
      vertex -24.8777 18.6364 19
      vertex -24.8777 18.6364 18
    endloop
  endfacet
  facet normal -0.89667 -0.4427 -1.79039e-18
    outer loop
      vertex -24.8777 18.6364 19
      vertex -24.8227 18.525 18
      vertex -24.8227 18.525 19
    endloop
  endfacet
  facet normal -0.997873 0.0651837 -6.21877e-19
    outer loop
      vertex -24.95 19 18
      vertex -24.9419 19.124 19
      vertex -24.9419 19.124 18
    endloop
  endfacet
  facet normal -0.997873 0.0651837 -6.21877e-19
    outer loop
      vertex -24.9419 19.124 19
      vertex -24.95 19 18
      vertex -24.95 19 19
    endloop
  endfacet
  facet normal -0.658903 -0.752228 0
    outer loop
      vertex -24.6718 18.3282 18
      vertex -24.5783 18.2463 19
      vertex -24.6718 18.3282 19
    endloop
  endfacet
  facet normal -0.658903 -0.752228 -0
    outer loop
      vertex -24.5783 18.2463 19
      vertex -24.6718 18.3282 18
      vertex -24.5783 18.2463 18
    endloop
  endfacet
  facet normal -0.752228 0.658903 2.08669e-18
    outer loop
      vertex -24.7537 19.5783 18
      vertex -24.6718 19.6718 19
      vertex -24.6718 19.6718 18
    endloop
  endfacet
  facet normal -0.752228 0.658903 2.08669e-18
    outer loop
      vertex -24.6718 19.6718 19
      vertex -24.7537 19.5783 18
      vertex -24.7537 19.5783 19
    endloop
  endfacet
  facet normal -0.442381 0.896827 0
    outer loop
      vertex -24.3635 19.8777 18
      vertex -24.475 19.8227 19
      vertex -24.3635 19.8777 19
    endloop
  endfacet
  facet normal -0.442381 0.896827 0
    outer loop
      vertex -24.475 19.8227 19
      vertex -24.3635 19.8777 18
      vertex -24.475 19.8227 18
    endloop
  endfacet
  facet normal 0.195497 0.980704 -0
    outer loop
      vertex -23.7541 19.9176 18
      vertex -23.876 19.9419 19
      vertex -23.7541 19.9176 19
    endloop
  endfacet
  facet normal 0.195497 0.980704 0
    outer loop
      vertex -23.876 19.9419 19
      vertex -23.7541 19.9176 18
      vertex -23.876 19.9419 18
    endloop
  endfacet
  facet normal 0.4427 -0.89667 0
    outer loop
      vertex -23.6364 18.1223 18
      vertex -23.525 18.1773 19
      vertex -23.6364 18.1223 19
    endloop
  endfacet
  facet normal 0.4427 -0.89667 0
    outer loop
      vertex -23.525 18.1773 19
      vertex -23.6364 18.1223 18
      vertex -23.525 18.1773 18
    endloop
  endfacet
  facet normal 0.997873 -0.0651837 -6.21877e-19
    outer loop
      vertex -23.0581 18.876 19
      vertex -23.05 19 18
      vertex -23.05 19 19
    endloop
  endfacet
  facet normal 0.997873 -0.0651837 -6.21877e-19
    outer loop
      vertex -23.05 19 18
      vertex -23.0581 18.876 19
      vertex -23.0581 18.876 18
    endloop
  endfacet
  facet normal 0.321052 -0.947062 0
    outer loop
      vertex -23.7541 18.0824 18
      vertex -23.6364 18.1223 19
      vertex -23.7541 18.0824 19
    endloop
  endfacet
  facet normal 0.321052 -0.947062 0
    outer loop
      vertex -23.6364 18.1223 19
      vertex -23.7541 18.0824 18
      vertex -23.6364 18.1223 18
    endloop
  endfacet
  facet normal 0.555443 0.831555 -0
    outer loop
      vertex -23.4217 19.7537 18
      vertex -23.525 19.8227 19
      vertex -23.4217 19.7537 19
    endloop
  endfacet
  facet normal 0.555443 0.831555 0
    outer loop
      vertex -23.525 19.8227 19
      vertex -23.4217 19.7537 18
      vertex -23.525 19.8227 18
    endloop
  endfacet
  facet normal 0 0 1
    outer loop
      vertex -23.0581 19.124 19
      vertex -23.0581 18.876 19
      vertex -23.05 19 19
    endloop
  endfacet
  facet normal 0 0 1
    outer loop
      vertex -23.0824 19.2459 19
      vertex -23.0581 18.876 19
      vertex -23.0581 19.124 19
    endloop
  endfacet
  facet normal 0 0 1
    outer loop
      vertex -23.0824 19.2459 19
      vertex -23.0824 18.7541 19
      vertex -23.0581 18.876 19
    endloop
  endfacet
  facet normal 0 0 1
    outer loop
      vertex -23.1223 19.3635 19
      vertex -23.0824 18.7541 19
      vertex -23.0824 19.2459 19
    endloop
  endfacet
  facet normal 0 0 1
    outer loop
      vertex -23.1223 19.3635 19
      vertex -23.1223 18.6364 19
      vertex -23.0824 18.7541 19
    endloop
  endfacet
  facet normal 0 0 1
    outer loop
      vertex -23.1773 19.475 19
      vertex -23.1223 18.6364 19
      vertex -23.1223 19.3635 19
    endloop
  endfacet
  facet normal 0 0 1
    outer loop
      vertex -23.1773 19.475 19
      vertex -23.1773 18.525 19
      vertex -23.1223 18.6364 19
    endloop
  endfacet
  facet normal 0 0 1
    outer loop
      vertex -23.2463 19.5783 19
      vertex -23.1773 18.525 19
      vertex -23.1773 19.475 19
    endloop
  endfacet
  facet normal 0 0 1
    outer loop
      vertex -23.2463 19.5783 19
      vertex -23.2463 18.4217 19
      vertex -23.1773 18.525 19
    endloop
  endfacet
  facet normal 0 0 1
    outer loop
      vertex -23.3282 19.6718 19
      vertex -23.2463 18.4217 19
      vertex -23.2463 19.5783 19
    endloop
  endfacet
  facet normal 0 0 1
    outer loop
      vertex -23.3282 19.6718 19
      vertex -23.3282 18.3282 19
      vertex -23.2463 18.4217 19
    endloop
  endfacet
  facet normal 0 0 1
    outer loop
      vertex -23.4217 19.7537 19
      vertex -23.3282 18.3282 19
      vertex -23.3282 19.6718 19
    endloop
  endfacet
  facet normal 0 0 1
    outer loop
      vertex -23.4217 19.7537 19
      vertex -23.4217 18.2463 19
      vertex -23.3282 18.3282 19
    endloop
  endfacet
  facet normal 0 0 1
    outer loop
      vertex -23.525 19.8227 19
      vertex -23.4217 18.2463 19
      vertex -23.4217 19.7537 19
    endloop
  endfacet
  facet normal 0 0 1
    outer loop
      vertex -23.525 19.8227 19
      vertex -23.525 18.1773 19
      vertex -23.4217 18.2463 19
    endloop
  endfacet
  facet normal 0 0 1
    outer loop
      vertex -23.6364 19.8777 19
      vertex -23.525 18.1773 19
      vertex -23.525 19.8227 19
    endloop
  endfacet
  facet normal 0 0 1
    outer loop
      vertex -23.6364 19.8777 19
      vertex -23.6364 18.1223 19
      vertex -23.525 18.1773 19
    endloop
  endfacet
  facet normal 0 0 1
    outer loop
      vertex -23.7541 19.9176 19
      vertex -23.6364 18.1223 19
      vertex -23.6364 19.8777 19
    endloop
  endfacet
  facet normal 0 0 1
    outer loop
      vertex -23.7541 19.9176 19
      vertex -23.7541 18.0824 19
      vertex -23.6364 18.1223 19
    endloop
  endfacet
  facet normal 0 0 1
    outer loop
      vertex -23.876 19.9419 19
      vertex -23.7541 18.0824 19
      vertex -23.7541 19.9176 19
    endloop
  endfacet
  facet normal 0 0 1
    outer loop
      vertex -23.876 19.9419 19
      vertex -23.876 18.0581 19
      vertex -23.7541 18.0824 19
    endloop
  endfacet
  facet normal 0 0 1
    outer loop
      vertex -24 19.95 19
      vertex -23.876 18.0581 19
      vertex -23.876 19.9419 19
    endloop
  endfacet
  facet normal 0 0 1
    outer loop
      vertex -24 19.95 19
      vertex -24 18.05 19
      vertex -23.876 18.0581 19
    endloop
  endfacet
  facet normal -0 0 1
    outer loop
      vertex -24.124 19.9419 19
      vertex -24 18.05 19
      vertex -24 19.95 19
    endloop
  endfacet
  facet normal 0 0 1
    outer loop
      vertex -24.124 19.9419 19
      vertex -24.124 18.0581 19
      vertex -24 18.05 19
    endloop
  endfacet
  facet normal -0 0 1
    outer loop
      vertex -24.2459 19.9176 19
      vertex -24.124 18.0581 19
      vertex -24.124 19.9419 19
    endloop
  endfacet
  facet normal 0 0 1
    outer loop
      vertex -24.2459 19.9176 19
      vertex -24.2459 18.0824 19
      vertex -24.124 18.0581 19
    endloop
  endfacet
  facet normal -0 0 1
    outer loop
      vertex -24.3635 19.8777 19
      vertex -24.2459 18.0824 19
      vertex -24.2459 19.9176 19
    endloop
  endfacet
  facet normal 0 0 1
    outer loop
      vertex -24.3635 19.8777 19
      vertex -24.3635 18.1223 19
      vertex -24.2459 18.0824 19
    endloop
  endfacet
  facet normal -0 0 1
    outer loop
      vertex -24.475 19.8227 19
      vertex -24.3635 18.1223 19
      vertex -24.3635 19.8777 19
    endloop
  endfacet
  facet normal 0 0 1
    outer loop
      vertex -24.475 19.8227 19
      vertex -24.475 18.1773 19
      vertex -24.3635 18.1223 19
    endloop
  endfacet
  facet normal -0 0 1
    outer loop
      vertex -24.5783 19.7537 19
      vertex -24.475 18.1773 19
      vertex -24.475 19.8227 19
    endloop
  endfacet
  facet normal 0 0 1
    outer loop
      vertex -24.5783 19.7537 19
      vertex -24.5783 18.2463 19
      vertex -24.475 18.1773 19
    endloop
  endfacet
  facet normal -0 0 1
    outer loop
      vertex -24.6718 19.6718 19
      vertex -24.5783 18.2463 19
      vertex -24.5783 19.7537 19
    endloop
  endfacet
  facet normal 0 0 1
    outer loop
      vertex -24.6718 19.6718 19
      vertex -24.6718 18.3282 19
      vertex -24.5783 18.2463 19
    endloop
  endfacet
  facet normal -0 0 1
    outer loop
      vertex -24.7537 19.5783 19
      vertex -24.6718 18.3282 19
      vertex -24.6718 19.6718 19
    endloop
  endfacet
  facet normal 0 0 1
    outer loop
      vertex -24.7537 19.5783 19
      vertex -24.7537 18.4217 19
      vertex -24.6718 18.3282 19
    endloop
  endfacet
  facet normal -0 0 1
    outer loop
      vertex -24.8227 19.475 19
      vertex -24.7537 18.4217 19
      vertex -24.7537 19.5783 19
    endloop
  endfacet
  facet normal 0 0 1
    outer loop
      vertex -24.8227 19.475 19
      vertex -24.8227 18.525 19
      vertex -24.7537 18.4217 19
    endloop
  endfacet
  facet normal -0 0 1
    outer loop
      vertex -24.8777 19.3635 19
      vertex -24.8227 18.525 19
      vertex -24.8227 19.475 19
    endloop
  endfacet
  facet normal 0 0 1
    outer loop
      vertex -24.8777 19.3635 19
      vertex -24.8777 18.6364 19
      vertex -24.8227 18.525 19
    endloop
  endfacet
  facet normal -0 0 1
    outer loop
      vertex -24.9176 19.2459 19
      vertex -24.8777 18.6364 19
      vertex -24.8777 19.3635 19
    endloop
  endfacet
  facet normal 0 0 1
    outer loop
      vertex -24.9176 19.2459 19
      vertex -24.9176 18.7541 19
      vertex -24.8777 18.6364 19
    endloop
  endfacet
  facet normal -0 0 1
    outer loop
      vertex -24.9419 19.124 19
      vertex -24.9176 18.7541 19
      vertex -24.9176 19.2459 19
    endloop
  endfacet
  facet normal 0 0 1
    outer loop
      vertex -24.9419 19.124 19
      vertex -24.9419 18.876 19
      vertex -24.9176 18.7541 19
    endloop
  endfacet
  facet normal 0 -0 1
    outer loop
      vertex -24.9419 18.876 19
      vertex -24.9419 19.124 19
      vertex -24.95 19 19
    endloop
  endfacet
  facet normal 0.831555 0.555443 -3.16966e-18
    outer loop
      vertex -23.1773 19.475 19
      vertex -23.2463 19.5783 18
      vertex -23.2463 19.5783 19
    endloop
  endfacet
  facet normal 0.831555 0.555443 -3.16966e-18
    outer loop
      vertex -23.2463 19.5783 18
      vertex -23.1773 19.475 19
      vertex -23.1773 19.475 18
    endloop
  endfacet
  facet normal -0.195497 0.980704 0
    outer loop
      vertex -24.124 19.9419 18
      vertex -24.2459 19.9176 19
      vertex -24.124 19.9419 19
    endloop
  endfacet
  facet normal -0.195497 0.980704 0
    outer loop
      vertex -24.2459 19.9176 19
      vertex -24.124 19.9419 18
      vertex -24.2459 19.9176 18
    endloop
  endfacet
  facet normal 0.752228 -0.658903 2.08669e-18
    outer loop
      vertex -23.3282 18.3282 19
      vertex -23.2463 18.4217 18
      vertex -23.2463 18.4217 19
    endloop
  endfacet
  facet normal 0.752228 -0.658903 2.08669e-18
    outer loop
      vertex -23.2463 18.4217 18
      vertex -23.3282 18.3282 19
      vertex -23.3282 18.3282 18
    endloop
  endfacet
  facet normal 0.0651837 -0.997873 0
    outer loop
      vertex -24 18.05 18
      vertex -23.876 18.0581 19
      vertex -24 18.05 19
    endloop
  endfacet
  facet normal 0.0651837 -0.997873 0
    outer loop
      vertex -23.876 18.0581 19
      vertex -24 18.05 18
      vertex -23.876 18.0581 18
    endloop
  endfacet
  facet normal 0.947062 -0.321052 -1.32674e-18
    outer loop
      vertex -23.1223 18.6364 19
      vertex -23.0824 18.7541 18
      vertex -23.0824 18.7541 19
    endloop
  endfacet
  facet normal 0.947062 -0.321052 -1.32674e-18
    outer loop
      vertex -23.0824 18.7541 18
      vertex -23.1223 18.6364 19
      vertex -23.1223 18.6364 18
    endloop
  endfacet
  facet normal -0.752228 -0.658903 -2.08669e-18
    outer loop
      vertex -24.6718 18.3282 18
      vertex -24.7537 18.4217 19
      vertex -24.7537 18.4217 18
    endloop
  endfacet
  facet normal -0.752228 -0.658903 -2.08669e-18
    outer loop
      vertex -24.7537 18.4217 19
      vertex -24.6718 18.3282 18
      vertex -24.6718 18.3282 19
    endloop
  endfacet
  facet normal -0.321296 0.946979 0
    outer loop
      vertex -24.2459 19.9176 18
      vertex -24.3635 19.8777 19
      vertex -24.2459 19.9176 19
    endloop
  endfacet
  facet normal -0.321296 0.946979 0
    outer loop
      vertex -24.3635 19.8777 19
      vertex -24.2459 19.9176 18
      vertex -24.3635 19.8777 18
    endloop
  endfacet
  facet normal -0.658903 0.752228 0
    outer loop
      vertex -24.5783 19.7537 18
      vertex -24.6718 19.6718 19
      vertex -24.5783 19.7537 19
    endloop
  endfacet
  facet normal -0.658903 0.752228 0
    outer loop
      vertex -24.6718 19.6718 19
      vertex -24.5783 19.7537 18
      vertex -24.6718 19.6718 18
    endloop
  endfacet
  facet normal -0.195497 -0.980704 0
    outer loop
      vertex -24.2459 18.0824 18
      vertex -24.124 18.0581 19
      vertex -24.2459 18.0824 19
    endloop
  endfacet
  facet normal -0.195497 -0.980704 -0
    outer loop
      vertex -24.124 18.0581 19
      vertex -24.2459 18.0824 18
      vertex -24.124 18.0581 18
    endloop
  endfacet
  facet normal 0.752228 0.658903 -2.08669e-18
    outer loop
      vertex -23.2463 19.5783 19
      vertex -23.3282 19.6718 18
      vertex -23.3282 19.6718 19
    endloop
  endfacet
  facet normal 0.752228 0.658903 -2.08669e-18
    outer loop
      vertex -23.3282 19.6718 18
      vertex -23.2463 19.5783 19
      vertex -23.2463 19.5783 18
    endloop
  endfacet
  facet normal -0.442381 -0.896827 0
    outer loop
      vertex -24.475 18.1773 18
      vertex -24.3635 18.1223 19
      vertex -24.475 18.1773 19
    endloop
  endfacet
  facet normal -0.442381 -0.896827 -0
    outer loop
      vertex -24.3635 18.1223 19
      vertex -24.475 18.1773 18
      vertex -24.3635 18.1223 18
    endloop
  endfacet
  facet normal 0.195497 -0.980704 0
    outer loop
      vertex -23.876 18.0581 18
      vertex -23.7541 18.0824 19
      vertex -23.876 18.0581 19
    endloop
  endfacet
  facet normal 0.195497 -0.980704 0
    outer loop
      vertex -23.7541 18.0824 19
      vertex -23.876 18.0581 18
      vertex -23.7541 18.0824 18
    endloop
  endfacet
  facet normal 0.658903 -0.752228 0
    outer loop
      vertex -23.4217 18.2463 18
      vertex -23.3282 18.3282 19
      vertex -23.4217 18.2463 19
    endloop
  endfacet
  facet normal 0.658903 -0.752228 0
    outer loop
      vertex -23.3282 18.3282 19
      vertex -23.4217 18.2463 18
      vertex -23.3282 18.3282 18
    endloop
  endfacet
  facet normal -0.555443 -0.831555 0
    outer loop
      vertex -24.5783 18.2463 18
      vertex -24.475 18.1773 19
      vertex -24.5783 18.2463 19
    endloop
  endfacet
  facet normal -0.555443 -0.831555 -0
    outer loop
      vertex -24.475 18.1773 19
      vertex -24.5783 18.2463 18
      vertex -24.475 18.1773 18
    endloop
  endfacet
  facet normal -0.321296 -0.946979 0
    outer loop
      vertex -24.3635 18.1223 18
      vertex -24.2459 18.0824 19
      vertex -24.3635 18.1223 19
    endloop
  endfacet
  facet normal -0.321296 -0.946979 -0
    outer loop
      vertex -24.2459 18.0824 19
      vertex -24.3635 18.1223 18
      vertex -24.2459 18.0824 18
    endloop
  endfacet
  facet normal -0.947062 -0.321052 1.32674e-18
    outer loop
      vertex -24.8777 18.6364 18
      vertex -24.9176 18.7541 19
      vertex -24.9176 18.7541 18
    endloop
  endfacet
  facet normal -0.947062 -0.321052 1.32674e-18
    outer loop
      vertex -24.9176 18.7541 19
      vertex -24.8777 18.6364 18
      vertex -24.8777 18.6364 19
    endloop
  endfacet
  facet normal 0.555443 -0.831555 0
    outer loop
      vertex -23.525 18.1773 18
      vertex -23.4217 18.2463 19
      vertex -23.525 18.1773 19
    endloop
  endfacet
  facet normal 0.555443 -0.831555 0
    outer loop
      vertex -23.4217 18.2463 19
      vertex -23.525 18.1773 18
      vertex -23.4217 18.2463 18
    endloop
  endfacet
  facet normal -0.980704 0.195497 -1.32651e-18
    outer loop
      vertex -24.9419 19.124 18
      vertex -24.9176 19.2459 19
      vertex -24.9176 19.2459 18
    endloop
  endfacet
  facet normal -0.980704 0.195497 -1.32651e-18
    outer loop
      vertex -24.9176 19.2459 19
      vertex -24.9419 19.124 18
      vertex -24.9419 19.124 19
    endloop
  endfacet
  facet normal -0.980704 -0.195497 1.32651e-18
    outer loop
      vertex -24.9176 18.7541 18
      vertex -24.9419 18.876 19
      vertex -24.9419 18.876 18
    endloop
  endfacet
  facet normal -0.980704 -0.195497 1.32651e-18
    outer loop
      vertex -24.9419 18.876 19
      vertex -24.9176 18.7541 18
      vertex -24.9176 18.7541 19
    endloop
  endfacet
  facet normal 0.0651837 0.997873 -0
    outer loop
      vertex -23.876 19.9419 18
      vertex -24 19.95 19
      vertex -23.876 19.9419 19
    endloop
  endfacet
  facet normal 0.0651837 0.997873 0
    outer loop
      vertex -24 19.95 19
      vertex -23.876 19.9419 18
      vertex -24 19.95 18
    endloop
  endfacet
  facet normal -0.997873 -0.0651837 6.21877e-19
    outer loop
      vertex -24.9419 18.876 18
      vertex -24.95 19 19
      vertex -24.95 19 18
    endloop
  endfacet
  facet normal -0.997873 -0.0651837 6.21877e-19
    outer loop
      vertex -24.95 19 19
      vertex -24.9419 18.876 18
      vertex -24.9419 18.876 19
    endloop
  endfacet
  facet normal -0.0651837 0.997873 0
    outer loop
      vertex -24 19.95 18
      vertex -24.124 19.9419 19
      vertex -24 19.95 19
    endloop
  endfacet
  facet normal -0.0651837 0.997873 0
    outer loop
      vertex -24.124 19.9419 19
      vertex -24 19.95 18
      vertex -24.124 19.9419 18
    endloop
  endfacet
  facet normal -0.831555 -0.555443 -3.16966e-18
    outer loop
      vertex -24.7537 18.4217 18
      vertex -24.8227 18.525 19
      vertex -24.8227 18.525 18
    endloop
  endfacet
  facet normal -0.831555 -0.555443 -3.16966e-18
    outer loop
      vertex -24.8227 18.525 19
      vertex -24.7537 18.4217 18
      vertex -24.7537 18.4217 19
    endloop
  endfacet
  facet normal -0.0651837 -0.997873 0
    outer loop
      vertex -24.124 18.0581 18
      vertex -24 18.05 19
      vertex -24.124 18.0581 19
    endloop
  endfacet
  facet normal -0.0651837 -0.997873 -0
    outer loop
      vertex -24 18.05 19
      vertex -24.124 18.0581 18
      vertex -24 18.05 18
    endloop
  endfacet
  facet normal -0.831555 0.555443 3.16966e-18
    outer loop
      vertex -24.8227 19.475 18
      vertex -24.7537 19.5783 19
      vertex -24.7537 19.5783 18
    endloop
  endfacet
  facet normal -0.831555 0.555443 3.16966e-18
    outer loop
      vertex -24.7537 19.5783 19
      vertex -24.8227 19.475 18
      vertex -24.8227 19.475 19
    endloop
  endfacet
  facet normal -0.980718 -0.19543 -5.30432e-20
    outer loop
      vertex -27.8598 0.150105 1.09
      vertex -27.8892 0.297642 18
      vertex -27.8892 0.297642 1.09
    endloop
  endfacet
  facet normal -0.980718 -0.19543 -5.30432e-20
    outer loop
      vertex -27.8892 0.297642 18
      vertex -27.8598 0.150105 1.09
      vertex -27.8598 0.150105 18
    endloop
  endfacet
  facet normal -0.997876 -0.0651489 6.66231e-21
    outer loop
      vertex -27.85 0 1.09
      vertex -27.8598 0.150105 18
      vertex -27.8598 0.150105 1.09
    endloop
  endfacet
  facet normal -0.997876 -0.0651489 6.66231e-21
    outer loop
      vertex -27.8598 0.150105 18
      vertex -27.85 0 1.09
      vertex -27.85 0 18
    endloop
  endfacet
  facet normal 0.442319 -0.896858 0
    outer loop
      vertex -29.575 0.995929 1.09
      vertex -29.4401 1.06246 18
      vertex -29.575 0.995929 18
    endloop
  endfacet
  facet normal 0.442319 -0.896858 0
    outer loop
      vertex -29.4401 1.06246 18
      vertex -29.575 0.995929 1.09
      vertex -29.4401 1.06246 1.09
    endloop
  endfacet
  facet normal -0.659334 -0.75185 0
    outer loop
      vertex -28.2999 0.912355 1.09
      vertex -28.1868 0.813172 18
      vertex -28.2999 0.912355 18
    endloop
  endfacet
  facet normal -0.659334 -0.75185 -0
    outer loop
      vertex -28.1868 0.813172 18
      vertex -28.2999 0.912355 1.09
      vertex -28.1868 0.813172 1.09
    endloop
  endfacet
  facet normal -0.442319 0.896858 0
    outer loop
      vertex -28.425 -0.995929 1.09
      vertex -28.5599 -1.06246 18
      vertex -28.425 -0.995929 18
    endloop
  endfacet
  facet normal -0.442319 0.896858 0
    outer loop
      vertex -28.5599 -1.06246 18
      vertex -28.425 -0.995929 1.09
      vertex -28.5599 -1.06246 1.09
    endloop
  endfacet
  facet normal 0.980718 -0.19543 5.30432e-20
    outer loop
      vertex -30.1402 0.150105 18
      vertex -30.1108 0.297642 1.09
      vertex -30.1108 0.297642 18
    endloop
  endfacet
  facet normal 0.980718 -0.19543 5.30432e-20
    outer loop
      vertex -30.1108 0.297642 1.09
      vertex -30.1402 0.150105 18
      vertex -30.1402 0.150105 1.09
    endloop
  endfacet
  facet normal -0.195157 0.980772 0
    outer loop
      vertex -28.7024 -1.11081 1.09
      vertex -28.8499 -1.14016 18
      vertex -28.7024 -1.11081 18
    endloop
  endfacet
  facet normal -0.195157 0.980772 0
    outer loop
      vertex -28.8499 -1.14016 18
      vertex -28.7024 -1.11081 1.09
      vertex -28.8499 -1.14016 1.09
    endloop
  endfacet
  facet normal 0.0654159 0.997858 -0
    outer loop
      vertex -29 -1.15 1.09
      vertex -29.1501 -1.14016 18
      vertex -29 -1.15 18
    endloop
  endfacet
  facet normal 0.0654159 0.997858 0
    outer loop
      vertex -29.1501 -1.14016 18
      vertex -29 -1.15 1.09
      vertex -29.1501 -1.14016 1.09
    endloop
  endfacet
  facet normal 0.555501 0.831516 -0
    outer loop
      vertex -29.575 -0.995929 1.09
      vertex -29.7001 -0.912355 18
      vertex -29.575 -0.995929 18
    endloop
  endfacet
  facet normal 0.555501 0.831516 0
    outer loop
      vertex -29.7001 -0.912355 18
      vertex -29.575 -0.995929 1.09
      vertex -29.7001 -0.912355 1.09
    endloop
  endfacet
  facet normal -0.997876 0.0651489 -6.66231e-21
    outer loop
      vertex -27.8598 -0.150105 1.09
      vertex -27.85 0 18
      vertex -27.85 0 1.09
    endloop
  endfacet
  facet normal -0.997876 0.0651489 -6.66231e-21
    outer loop
      vertex -27.85 0 18
      vertex -27.8598 -0.150105 1.09
      vertex -27.8598 -0.150105 18
    endloop
  endfacet
  facet normal 0.997876 -0.0651489 -6.66231e-21
    outer loop
      vertex -30.15 0 18
      vertex -30.1402 0.150105 1.09
      vertex -30.1402 0.150105 18
    endloop
  endfacet
  facet normal 0.997876 -0.0651489 -6.66231e-21
    outer loop
      vertex -30.1402 0.150105 1.09
      vertex -30.15 0 18
      vertex -30.15 0 1.09
    endloop
  endfacet
  facet normal -0.831692 -0.555237 -2.35209e-19
    outer loop
      vertex -28.0041 0.575 1.09
      vertex -28.0876 0.700075 18
      vertex -28.0876 0.700075 1.09
    endloop
  endfacet
  facet normal -0.831692 -0.555237 -2.35209e-19
    outer loop
      vertex -28.0876 0.700075 18
      vertex -28.0041 0.575 1.09
      vertex -28.0041 0.575 18
    endloop
  endfacet
  facet normal -0.896695 -0.442648 1.3053e-19
    outer loop
      vertex -27.9375 0.440085 1.09
      vertex -28.0041 0.575 18
      vertex -28.0041 0.575 1.09
    endloop
  endfacet
  facet normal -0.896695 -0.442648 1.3053e-19
    outer loop
      vertex -28.0041 0.575 18
      vertex -27.9375 0.440085 1.09
      vertex -27.9375 0.440085 18
    endloop
  endfacet
  facet normal 0.947037 0.321124 -1.79874e-20
    outer loop
      vertex -30.0625 -0.440085 18
      vertex -30.1108 -0.297642 1.09
      vertex -30.1108 -0.297642 18
    endloop
  endfacet
  facet normal 0.947037 0.321124 -1.79874e-20
    outer loop
      vertex -30.1108 -0.297642 1.09
      vertex -30.0625 -0.440085 18
      vertex -30.0625 -0.440085 1.09
    endloop
  endfacet
  facet normal -0.751785 0.659408 -1.53954e-19
    outer loop
      vertex -28.1868 -0.813172 1.09
      vertex -28.0876 -0.700075 18
      vertex -28.0876 -0.700075 1.09
    endloop
  endfacet
  facet normal -0.751785 0.659408 -1.53954e-19
    outer loop
      vertex -28.0876 -0.700075 18
      vertex -28.1868 -0.813172 1.09
      vertex -28.1868 -0.813172 18
    endloop
  endfacet
  facet normal -0.980718 0.19543 5.30432e-20
    outer loop
      vertex -27.8892 -0.297642 1.09
      vertex -27.8598 -0.150105 18
      vertex -27.8598 -0.150105 1.09
    endloop
  endfacet
  facet normal -0.980718 0.19543 5.30432e-20
    outer loop
      vertex -27.8598 -0.150105 18
      vertex -27.8892 -0.297642 1.09
      vertex -27.8892 -0.297642 18
    endloop
  endfacet
  facet normal 0.896695 0.442648 1.3053e-19
    outer loop
      vertex -29.9959 -0.575 18
      vertex -30.0625 -0.440085 1.09
      vertex -30.0625 -0.440085 18
    endloop
  endfacet
  facet normal 0.896695 0.442648 1.3053e-19
    outer loop
      vertex -30.0625 -0.440085 1.09
      vertex -29.9959 -0.575 18
      vertex -29.9959 -0.575 1.09
    endloop
  endfacet
  facet normal 0.659334 -0.75185 0
    outer loop
      vertex -29.8132 0.813172 1.09
      vertex -29.7001 0.912355 18
      vertex -29.8132 0.813172 18
    endloop
  endfacet
  facet normal 0.659334 -0.75185 0
    outer loop
      vertex -29.7001 0.912355 18
      vertex -29.8132 0.813172 1.09
      vertex -29.7001 0.912355 1.09
    endloop
  endfacet
  facet normal 0.555501 -0.831516 0
    outer loop
      vertex -29.7001 0.912355 1.09
      vertex -29.575 0.995929 18
      vertex -29.7001 0.912355 18
    endloop
  endfacet
  facet normal 0.555501 -0.831516 0
    outer loop
      vertex -29.575 0.995929 18
      vertex -29.7001 0.912355 1.09
      vertex -29.575 0.995929 1.09
    endloop
  endfacet
  facet normal -0.0654159 -0.997858 0
    outer loop
      vertex -29 1.15 1.09
      vertex -28.8499 1.14016 18
      vertex -29 1.15 18
    endloop
  endfacet
  facet normal -0.0654159 -0.997858 -0
    outer loop
      vertex -28.8499 1.14016 18
      vertex -29 1.15 1.09
      vertex -28.8499 1.14016 1.09
    endloop
  endfacet
  facet normal 0.751785 0.659408 1.53954e-19
    outer loop
      vertex -29.8132 -0.813172 18
      vertex -29.9124 -0.700075 1.09
      vertex -29.9124 -0.700075 18
    endloop
  endfacet
  facet normal 0.751785 0.659408 1.53954e-19
    outer loop
      vertex -29.9124 -0.700075 1.09
      vertex -29.8132 -0.813172 18
      vertex -29.8132 -0.813172 1.09
    endloop
  endfacet
  facet normal 0.321307 -0.946975 0
    outer loop
      vertex -29.4401 1.06246 1.09
      vertex -29.2976 1.11081 18
      vertex -29.4401 1.06246 18
    endloop
  endfacet
  facet normal 0.321307 -0.946975 0
    outer loop
      vertex -29.2976 1.11081 18
      vertex -29.4401 1.06246 1.09
      vertex -29.2976 1.11081 1.09
    endloop
  endfacet
  facet normal -0.659334 0.75185 0
    outer loop
      vertex -28.1868 -0.813172 1.09
      vertex -28.2999 -0.912355 18
      vertex -28.1868 -0.813172 18
    endloop
  endfacet
  facet normal -0.659334 0.75185 0
    outer loop
      vertex -28.2999 -0.912355 18
      vertex -28.1868 -0.813172 1.09
      vertex -28.2999 -0.912355 1.09
    endloop
  endfacet
  facet normal -0.0654159 0.997858 0
    outer loop
      vertex -28.8499 -1.14016 1.09
      vertex -29 -1.15 18
      vertex -28.8499 -1.14016 18
    endloop
  endfacet
  facet normal -0.0654159 0.997858 0
    outer loop
      vertex -29 -1.15 18
      vertex -28.8499 -1.14016 1.09
      vertex -29 -1.15 1.09
    endloop
  endfacet
  facet normal -0.555501 -0.831516 0
    outer loop
      vertex -28.425 0.995929 1.09
      vertex -28.2999 0.912355 18
      vertex -28.425 0.995929 18
    endloop
  endfacet
  facet normal -0.555501 -0.831516 -0
    outer loop
      vertex -28.2999 0.912355 18
      vertex -28.425 0.995929 1.09
      vertex -28.2999 0.912355 1.09
    endloop
  endfacet
  facet normal 0.442319 0.896858 -0
    outer loop
      vertex -29.4401 -1.06246 1.09
      vertex -29.575 -0.995929 18
      vertex -29.4401 -1.06246 18
    endloop
  endfacet
  facet normal 0.442319 0.896858 0
    outer loop
      vertex -29.575 -0.995929 18
      vertex -29.4401 -1.06246 1.09
      vertex -29.575 -0.995929 1.09
    endloop
  endfacet
  facet normal -0.555501 0.831516 0
    outer loop
      vertex -28.2999 -0.912355 1.09
      vertex -28.425 -0.995929 18
      vertex -28.2999 -0.912355 18
    endloop
  endfacet
  facet normal -0.555501 0.831516 0
    outer loop
      vertex -28.425 -0.995929 18
      vertex -28.2999 -0.912355 1.09
      vertex -28.425 -0.995929 1.09
    endloop
  endfacet
  facet normal -0.321307 0.946975 0
    outer loop
      vertex -28.5599 -1.06246 1.09
      vertex -28.7024 -1.11081 18
      vertex -28.5599 -1.06246 18
    endloop
  endfacet
  facet normal -0.321307 0.946975 0
    outer loop
      vertex -28.7024 -1.11081 18
      vertex -28.5599 -1.06246 1.09
      vertex -28.7024 -1.11081 1.09
    endloop
  endfacet
  facet normal 0.195157 -0.980772 0
    outer loop
      vertex -29.2976 1.11081 1.09
      vertex -29.1501 1.14016 18
      vertex -29.2976 1.11081 18
    endloop
  endfacet
  facet normal 0.195157 -0.980772 0
    outer loop
      vertex -29.1501 1.14016 18
      vertex -29.2976 1.11081 1.09
      vertex -29.1501 1.14016 1.09
    endloop
  endfacet
  facet normal -0.442319 -0.896858 0
    outer loop
      vertex -28.5599 1.06246 1.09
      vertex -28.425 0.995929 18
      vertex -28.5599 1.06246 18
    endloop
  endfacet
  facet normal -0.442319 -0.896858 -0
    outer loop
      vertex -28.425 0.995929 18
      vertex -28.5599 1.06246 1.09
      vertex -28.425 0.995929 1.09
    endloop
  endfacet
  facet normal 0.980718 0.19543 -5.30432e-20
    outer loop
      vertex -30.1108 -0.297642 18
      vertex -30.1402 -0.150105 1.09
      vertex -30.1402 -0.150105 18
    endloop
  endfacet
  facet normal 0.980718 0.19543 -5.30432e-20
    outer loop
      vertex -30.1402 -0.150105 1.09
      vertex -30.1108 -0.297642 18
      vertex -30.1108 -0.297642 1.09
    endloop
  endfacet
  facet normal -0.321307 -0.946975 0
    outer loop
      vertex -28.7024 1.11081 1.09
      vertex -28.5599 1.06246 18
      vertex -28.7024 1.11081 18
    endloop
  endfacet
  facet normal -0.321307 -0.946975 -0
    outer loop
      vertex -28.5599 1.06246 18
      vertex -28.7024 1.11081 1.09
      vertex -28.5599 1.06246 1.09
    endloop
  endfacet
  facet normal 0.896695 -0.442648 -1.3053e-19
    outer loop
      vertex -30.0625 0.440085 18
      vertex -29.9959 0.575 1.09
      vertex -29.9959 0.575 18
    endloop
  endfacet
  facet normal 0.896695 -0.442648 -1.3053e-19
    outer loop
      vertex -29.9959 0.575 1.09
      vertex -30.0625 0.440085 18
      vertex -30.0625 0.440085 1.09
    endloop
  endfacet
  facet normal 0.831692 -0.555237 2.35209e-19
    outer loop
      vertex -29.9959 0.575 18
      vertex -29.9124 0.700075 1.09
      vertex -29.9124 0.700075 18
    endloop
  endfacet
  facet normal 0.831692 -0.555237 2.35209e-19
    outer loop
      vertex -29.9124 0.700075 1.09
      vertex -29.9959 0.575 18
      vertex -29.9959 0.575 1.09
    endloop
  endfacet
  facet normal -0.831692 0.555237 2.35209e-19
    outer loop
      vertex -28.0876 -0.700075 1.09
      vertex -28.0041 -0.575 18
      vertex -28.0041 -0.575 1.09
    endloop
  endfacet
  facet normal -0.831692 0.555237 2.35209e-19
    outer loop
      vertex -28.0041 -0.575 18
      vertex -28.0876 -0.700075 1.09
      vertex -28.0876 -0.700075 18
    endloop
  endfacet
  facet normal -0.947037 0.321124 1.79874e-20
    outer loop
      vertex -27.9375 -0.440085 1.09
      vertex -27.8892 -0.297642 18
      vertex -27.8892 -0.297642 1.09
    endloop
  endfacet
  facet normal -0.947037 0.321124 1.79874e-20
    outer loop
      vertex -27.8892 -0.297642 18
      vertex -27.9375 -0.440085 1.09
      vertex -27.9375 -0.440085 18
    endloop
  endfacet
  facet normal -0.195157 -0.980772 0
    outer loop
      vertex -28.8499 1.14016 1.09
      vertex -28.7024 1.11081 18
      vertex -28.8499 1.14016 18
    endloop
  endfacet
  facet normal -0.195157 -0.980772 -0
    outer loop
      vertex -28.7024 1.11081 18
      vertex -28.8499 1.14016 1.09
      vertex -28.7024 1.11081 1.09
    endloop
  endfacet
  facet normal 0.997876 0.0651489 6.66231e-21
    outer loop
      vertex -30.1402 -0.150105 18
      vertex -30.15 0 1.09
      vertex -30.15 0 18
    endloop
  endfacet
  facet normal 0.997876 0.0651489 6.66231e-21
    outer loop
      vertex -30.15 0 1.09
      vertex -30.1402 -0.150105 18
      vertex -30.1402 -0.150105 1.09
    endloop
  endfacet
  facet normal 0.195157 0.980772 -0
    outer loop
      vertex -29.1501 -1.14016 1.09
      vertex -29.2976 -1.11081 18
      vertex -29.1501 -1.14016 18
    endloop
  endfacet
  facet normal 0.195157 0.980772 0
    outer loop
      vertex -29.2976 -1.11081 18
      vertex -29.1501 -1.14016 1.09
      vertex -29.2976 -1.11081 1.09
    endloop
  endfacet
  facet normal -0.751785 -0.659408 1.53954e-19
    outer loop
      vertex -28.0876 0.700075 1.09
      vertex -28.1868 0.813172 18
      vertex -28.1868 0.813172 1.09
    endloop
  endfacet
  facet normal -0.751785 -0.659408 1.53954e-19
    outer loop
      vertex -28.1868 0.813172 18
      vertex -28.0876 0.700075 1.09
      vertex -28.0876 0.700075 18
    endloop
  endfacet
  facet normal -0.947037 -0.321124 -1.79874e-20
    outer loop
      vertex -27.8892 0.297642 1.09
      vertex -27.9375 0.440085 18
      vertex -27.9375 0.440085 1.09
    endloop
  endfacet
  facet normal -0.947037 -0.321124 -1.79874e-20
    outer loop
      vertex -27.9375 0.440085 18
      vertex -27.8892 0.297642 1.09
      vertex -27.8892 0.297642 18
    endloop
  endfacet
  facet normal 0.947037 -0.321124 1.79874e-20
    outer loop
      vertex -30.1108 0.297642 18
      vertex -30.0625 0.440085 1.09
      vertex -30.0625 0.440085 18
    endloop
  endfacet
  facet normal 0.947037 -0.321124 1.79874e-20
    outer loop
      vertex -30.0625 0.440085 1.09
      vertex -30.1108 0.297642 18
      vertex -30.1108 0.297642 1.09
    endloop
  endfacet
  facet normal 0.831692 0.555237 -2.35209e-19
    outer loop
      vertex -29.9124 -0.700075 18
      vertex -29.9959 -0.575 1.09
      vertex -29.9959 -0.575 18
    endloop
  endfacet
  facet normal 0.831692 0.555237 -2.35209e-19
    outer loop
      vertex -29.9959 -0.575 1.09
      vertex -29.9124 -0.700075 18
      vertex -29.9124 -0.700075 1.09
    endloop
  endfacet
  facet normal 0.0654159 -0.997858 0
    outer loop
      vertex -29.1501 1.14016 1.09
      vertex -29 1.15 18
      vertex -29.1501 1.14016 18
    endloop
  endfacet
  facet normal 0.0654159 -0.997858 0
    outer loop
      vertex -29 1.15 18
      vertex -29.1501 1.14016 1.09
      vertex -29 1.15 1.09
    endloop
  endfacet
  facet normal 0.321307 0.946975 -0
    outer loop
      vertex -29.2976 -1.11081 1.09
      vertex -29.4401 -1.06246 18
      vertex -29.2976 -1.11081 18
    endloop
  endfacet
  facet normal 0.321307 0.946975 0
    outer loop
      vertex -29.4401 -1.06246 18
      vertex -29.2976 -1.11081 1.09
      vertex -29.4401 -1.06246 1.09
    endloop
  endfacet
  facet normal -0.896695 0.442648 -1.3053e-19
    outer loop
      vertex -28.0041 -0.575 1.09
      vertex -27.9375 -0.440085 18
      vertex -27.9375 -0.440085 1.09
    endloop
  endfacet
  facet normal -0.896695 0.442648 -1.3053e-19
    outer loop
      vertex -27.9375 -0.440085 18
      vertex -28.0041 -0.575 1.09
      vertex -28.0041 -0.575 18
    endloop
  endfacet
  facet normal 0.659334 0.75185 -0
    outer loop
      vertex -29.7001 -0.912355 1.09
      vertex -29.8132 -0.813172 18
      vertex -29.7001 -0.912355 18
    endloop
  endfacet
  facet normal 0.659334 0.75185 0
    outer loop
      vertex -29.8132 -0.813172 18
      vertex -29.7001 -0.912355 1.09
      vertex -29.8132 -0.813172 1.09
    endloop
  endfacet
  facet normal 0.751785 -0.659408 -1.53954e-19
    outer loop
      vertex -29.9124 0.700075 18
      vertex -29.8132 0.813172 1.09
      vertex -29.8132 0.813172 18
    endloop
  endfacet
  facet normal 0.751785 -0.659408 -1.53954e-19
    outer loop
      vertex -29.8132 0.813172 1.09
      vertex -29.9124 0.700075 18
      vertex -29.9124 0.700075 1.09
    endloop
  endfacet
  facet normal -0.751864 0.659319 2.6529e-18
    outer loop
      vertex -27.5151 -1.48492 0
      vertex -27.334 -1.2784 1.09
      vertex -27.334 -1.2784 0
    endloop
  endfacet
  facet normal -0.751864 0.659319 2.6529e-18
    outer loop
      vertex -27.334 -1.2784 1.09
      vertex -27.5151 -1.48492 0
      vertex -27.5151 -1.48492 1.09
    endloop
  endfacet
  facet normal -0.980778 -0.195125 2.75463e-18
    outer loop
      vertex -26.918 0.274104 0
      vertex -26.9716 0.54352 1.09
      vertex -26.9716 0.54352 0
    endloop
  endfacet
  facet normal -0.980778 -0.195125 2.75463e-18
    outer loop
      vertex -26.9716 0.54352 1.09
      vertex -26.918 0.274104 0
      vertex -26.918 0.274104 1.09
    endloop
  endfacet
  facet normal -0.997851 -0.0655274 -4.75536e-19
    outer loop
      vertex -26.9 0 0
      vertex -26.918 0.274104 1.09
      vertex -26.918 0.274104 0
    endloop
  endfacet
  facet normal -0.997851 -0.0655274 -4.75536e-19
    outer loop
      vertex -26.918 0.274104 1.09
      vertex -26.9 0 0
      vertex -26.9 0 1.09
    endloop
  endfacet
  facet normal -0.946927 -0.321449 -4.94669e-18
    outer loop
      vertex -26.9716 0.54352 0
      vertex -27.0599 0.803635 1.09
      vertex -27.0599 0.803635 0
    endloop
  endfacet
  facet normal -0.946927 -0.321449 -4.94669e-18
    outer loop
      vertex -27.0599 0.803635 1.09
      vertex -26.9716 0.54352 0
      vertex -26.9716 0.54352 1.09
    endloop
  endfacet
  facet normal -0.831322 -0.555792 1.03309e-17
    outer loop
      vertex -27.1813 1.05 0
      vertex -27.334 1.2784 1.09
      vertex -27.334 1.2784 0
    endloop
  endfacet
  facet normal -0.831322 -0.555792 1.03309e-17
    outer loop
      vertex -27.334 1.2784 1.09
      vertex -27.1813 1.05 0
      vertex -27.1813 1.05 1.09
    endloop
  endfacet
  facet normal 0.555565 0.831473 -0
    outer loop
      vertex -30.05 -1.81865 0
      vertex -30.2784 -1.66604 1.09
      vertex -30.05 -1.81865 1.09
    endloop
  endfacet
  facet normal 0.555565 0.831473 0
    outer loop
      vertex -30.2784 -1.66604 1.09
      vertex -30.05 -1.81865 0
      vertex -30.2784 -1.66604 0
    endloop
  endfacet
  facet normal -0.195101 -0.980783 0
    outer loop
      vertex -28.7259 2.08203 0
      vertex -28.4565 2.02844 1.09
      vertex -28.7259 2.08203 1.09
    endloop
  endfacet
  facet normal -0.195101 -0.980783 -0
    outer loop
      vertex -28.4565 2.02844 1.09
      vertex -28.7259 2.08203 0
      vertex -28.4565 2.02844 0
    endloop
  endfacet
  facet normal -0.997851 0.0655274 4.75536e-19
    outer loop
      vertex -26.918 -0.274104 0
      vertex -26.9 0 1.09
      vertex -26.9 0 0
    endloop
  endfacet
  facet normal -0.997851 0.0655274 4.75536e-19
    outer loop
      vertex -26.9 0 1.09
      vertex -26.918 -0.274104 0
      vertex -26.918 -0.274104 1.09
    endloop
  endfacet
  facet normal -0.897008 -0.442014 1.20947e-18
    outer loop
      vertex -27.0599 0.803635 0
      vertex -27.1813 1.05 1.09
      vertex -27.1813 1.05 0
    endloop
  endfacet
  facet normal -0.897008 -0.442014 1.20947e-18
    outer loop
      vertex -27.1813 1.05 1.09
      vertex -27.0599 0.803635 0
      vertex -27.0599 0.803635 1.09
    endloop
  endfacet
  facet normal 0.946927 0.321449 -4.94669e-18
    outer loop
      vertex -30.9401 -0.803635 1.09
      vertex -31.0284 -0.54352 0
      vertex -31.0284 -0.54352 1.09
    endloop
  endfacet
  facet normal 0.946927 0.321449 -4.94669e-18
    outer loop
      vertex -31.0284 -0.54352 0
      vertex -30.9401 -0.803635 1.09
      vertex -30.9401 -0.803635 0
    endloop
  endfacet
  facet normal 0.980778 -0.195125 -2.75463e-18
    outer loop
      vertex -31.082 0.274104 1.09
      vertex -31.0284 0.54352 0
      vertex -31.0284 0.54352 1.09
    endloop
  endfacet
  facet normal 0.980778 -0.195125 -2.75463e-18
    outer loop
      vertex -31.0284 0.54352 0
      vertex -31.082 0.274104 1.09
      vertex -31.082 0.274104 0
    endloop
  endfacet
  facet normal 0.659396 0.751796 -0
    outer loop
      vertex -30.2784 -1.66604 0
      vertex -30.4849 -1.48492 1.09
      vertex -30.2784 -1.66604 1.09
    endloop
  endfacet
  facet normal 0.659396 0.751796 0
    outer loop
      vertex -30.4849 -1.48492 1.09
      vertex -30.2784 -1.66604 0
      vertex -30.4849 -1.48492 0
    endloop
  endfacet
  facet normal 0.195101 -0.980783 0
    outer loop
      vertex -29.5435 2.02844 0
      vertex -29.2741 2.08203 1.09
      vertex -29.5435 2.02844 1.09
    endloop
  endfacet
  facet normal 0.195101 -0.980783 0
    outer loop
      vertex -29.2741 2.08203 1.09
      vertex -29.5435 2.02844 0
      vertex -29.2741 2.08203 0
    endloop
  endfacet
  facet normal -0.195101 0.980783 0
    outer loop
      vertex -28.4565 -2.02844 0
      vertex -28.7259 -2.08203 1.09
      vertex -28.4565 -2.02844 1.09
    endloop
  endfacet
  facet normal -0.195101 0.980783 0
    outer loop
      vertex -28.7259 -2.08203 1.09
      vertex -28.4565 -2.02844 0
      vertex -28.7259 -2.08203 0
    endloop
  endfacet
  facet normal -0.442256 0.896889 0
    outer loop
      vertex -27.95 -1.81865 0
      vertex -28.1964 -1.94015 1.09
      vertex -27.95 -1.81865 1.09
    endloop
  endfacet
  facet normal -0.442256 0.896889 0
    outer loop
      vertex -28.1964 -1.94015 1.09
      vertex -27.95 -1.81865 0
      vertex -28.1964 -1.94015 0
    endloop
  endfacet
  facet normal 0.831322 -0.555792 -1.03309e-17
    outer loop
      vertex -30.8187 1.05 1.09
      vertex -30.666 1.2784 0
      vertex -30.666 1.2784 1.09
    endloop
  endfacet
  facet normal 0.831322 -0.555792 -1.03309e-17
    outer loop
      vertex -30.666 1.2784 0
      vertex -30.8187 1.05 1.09
      vertex -30.8187 1.05 0
    endloop
  endfacet
  facet normal -0.555565 -0.831473 0
    outer loop
      vertex -27.95 1.81865 0
      vertex -27.7216 1.66604 1.09
      vertex -27.95 1.81865 1.09
    endloop
  endfacet
  facet normal -0.555565 -0.831473 -0
    outer loop
      vertex -27.7216 1.66604 1.09
      vertex -27.95 1.81865 0
      vertex -27.7216 1.66604 0
    endloop
  endfacet
  facet normal 0 0 -1
    outer loop
      vertex -27.85 0 1.09
      vertex -26.9 0 1.09
      vertex -26.918 -0.274104 1.09
    endloop
  endfacet
  facet normal 0 0 -1
    outer loop
      vertex -27.8598 -0.150105 1.09
      vertex -26.918 -0.274104 1.09
      vertex -26.9716 -0.54352 1.09
    endloop
  endfacet
  facet normal 0 0 -1
    outer loop
      vertex -26.9 0 1.09
      vertex -27.85 0 1.09
      vertex -26.918 0.274104 1.09
    endloop
  endfacet
  facet normal 0 0 -1
    outer loop
      vertex -27.8892 -0.297642 1.09
      vertex -26.9716 -0.54352 1.09
      vertex -27.0599 -0.803635 1.09
    endloop
  endfacet
  facet normal 0 0 -1
    outer loop
      vertex -27.8598 0.150105 1.09
      vertex -26.918 0.274104 1.09
      vertex -27.85 0 1.09
    endloop
  endfacet
  facet normal 0 0 -1
    outer loop
      vertex -27.9375 -0.440085 1.09
      vertex -27.0599 -0.803635 1.09
      vertex -27.1813 -1.05 1.09
    endloop
  endfacet
  facet normal -0 0 -1
    outer loop
      vertex -26.918 0.274104 1.09
      vertex -27.8598 0.150105 1.09
      vertex -26.9716 0.54352 1.09
    endloop
  endfacet
  facet normal 0 0 -1
    outer loop
      vertex -28.0041 -0.575 1.09
      vertex -27.1813 -1.05 1.09
      vertex -27.334 -1.2784 1.09
    endloop
  endfacet
  facet normal 0 0 -1
    outer loop
      vertex -27.8892 0.297642 1.09
      vertex -26.9716 0.54352 1.09
      vertex -27.8598 0.150105 1.09
    endloop
  endfacet
  facet normal 0 0 -1
    outer loop
      vertex -28.0876 -0.700075 1.09
      vertex -27.334 -1.2784 1.09
      vertex -27.5151 -1.48492 1.09
    endloop
  endfacet
  facet normal -0 0 -1
    outer loop
      vertex -26.9716 0.54352 1.09
      vertex -27.8892 0.297642 1.09
      vertex -27.0599 0.803635 1.09
    endloop
  endfacet
  facet normal 0 0 -1
    outer loop
      vertex -28.1868 -0.813172 1.09
      vertex -27.5151 -1.48492 1.09
      vertex -27.7216 -1.66604 1.09
    endloop
  endfacet
  facet normal 0 0 -1
    outer loop
      vertex -27.9375 0.440085 1.09
      vertex -27.0599 0.803635 1.09
      vertex -27.8892 0.297642 1.09
    endloop
  endfacet
  facet normal -0 0 -1
    outer loop
      vertex -27.0599 0.803635 1.09
      vertex -27.9375 0.440085 1.09
      vertex -27.1813 1.05 1.09
    endloop
  endfacet
  facet normal 0 0 -1
    outer loop
      vertex -26.918 -0.274104 1.09
      vertex -27.8598 -0.150105 1.09
      vertex -27.85 0 1.09
    endloop
  endfacet
  facet normal 0 0 -1
    outer loop
      vertex -26.9716 -0.54352 1.09
      vertex -27.8892 -0.297642 1.09
      vertex -27.8598 -0.150105 1.09
    endloop
  endfacet
  facet normal 0 0 -1
    outer loop
      vertex -27.0599 -0.803635 1.09
      vertex -27.9375 -0.440085 1.09
      vertex -27.8892 -0.297642 1.09
    endloop
  endfacet
  facet normal 0 0 -1
    outer loop
      vertex -28.2999 -0.912355 1.09
      vertex -27.7216 -1.66604 1.09
      vertex -27.95 -1.81865 1.09
    endloop
  endfacet
  facet normal 0 0 -1
    outer loop
      vertex -27.1813 -1.05 1.09
      vertex -28.0041 -0.575 1.09
      vertex -27.9375 -0.440085 1.09
    endloop
  endfacet
  facet normal 0 0 -1
    outer loop
      vertex -27.334 -1.2784 1.09
      vertex -28.0876 -0.700075 1.09
      vertex -28.0041 -0.575 1.09
    endloop
  endfacet
  facet normal 0 0 -1
    outer loop
      vertex -27.5151 -1.48492 1.09
      vertex -28.1868 -0.813172 1.09
      vertex -28.0876 -0.700075 1.09
    endloop
  endfacet
  facet normal 0 0 -1
    outer loop
      vertex -28.425 -0.995929 1.09
      vertex -27.95 -1.81865 1.09
      vertex -28.1964 -1.94015 1.09
    endloop
  endfacet
  facet normal 0 0 -1
    outer loop
      vertex -27.7216 -1.66604 1.09
      vertex -28.2999 -0.912355 1.09
      vertex -28.1868 -0.813172 1.09
    endloop
  endfacet
  facet normal 0 0 -1
    outer loop
      vertex -27.95 -1.81865 1.09
      vertex -28.425 -0.995929 1.09
      vertex -28.2999 -0.912355 1.09
    endloop
  endfacet
  facet normal 0 0 -1
    outer loop
      vertex -28.5599 -1.06246 1.09
      vertex -28.1964 -1.94015 1.09
      vertex -28.4565 -2.02844 1.09
    endloop
  endfacet
  facet normal 0 0 -1
    outer loop
      vertex -28.1964 -1.94015 1.09
      vertex -28.5599 -1.06246 1.09
      vertex -28.425 -0.995929 1.09
    endloop
  endfacet
  facet normal 0 0 -1
    outer loop
      vertex -28.4565 -2.02844 1.09
      vertex -28.7024 -1.11081 1.09
      vertex -28.5599 -1.06246 1.09
    endloop
  endfacet
  facet normal 0 0 -1
    outer loop
      vertex -28.7259 -2.08203 1.09
      vertex -28.7024 -1.11081 1.09
      vertex -28.4565 -2.02844 1.09
    endloop
  endfacet
  facet normal 0 0 -1
    outer loop
      vertex -28.7259 -2.08203 1.09
      vertex -28.8499 -1.14016 1.09
      vertex -28.7024 -1.11081 1.09
    endloop
  endfacet
  facet normal 0 0 -1
    outer loop
      vertex -29 -2.1 1.09
      vertex -28.8499 -1.14016 1.09
      vertex -28.7259 -2.08203 1.09
    endloop
  endfacet
  facet normal 0 0 -1
    outer loop
      vertex -29 -2.1 1.09
      vertex -29 -1.15 1.09
      vertex -28.8499 -1.14016 1.09
    endloop
  endfacet
  facet normal 0 0 -1
    outer loop
      vertex -29 -2.1 1.09
      vertex -29.1501 -1.14016 1.09
      vertex -29 -1.15 1.09
    endloop
  endfacet
  facet normal 0 0 -1
    outer loop
      vertex -29.2741 -2.08203 1.09
      vertex -29.1501 -1.14016 1.09
      vertex -29 -2.1 1.09
    endloop
  endfacet
  facet normal 0 0 -1
    outer loop
      vertex -29.2741 -2.08203 1.09
      vertex -29.2976 -1.11081 1.09
      vertex -29.1501 -1.14016 1.09
    endloop
  endfacet
  facet normal 0 0 -1
    outer loop
      vertex -29.5435 -2.02844 1.09
      vertex -29.2976 -1.11081 1.09
      vertex -29.2741 -2.08203 1.09
    endloop
  endfacet
  facet normal -0 0 -1
    outer loop
      vertex -29.2976 -1.11081 1.09
      vertex -29.5435 -2.02844 1.09
      vertex -29.4401 -1.06246 1.09
    endloop
  endfacet
  facet normal 0 0 -1
    outer loop
      vertex -29.8036 -1.94015 1.09
      vertex -29.4401 -1.06246 1.09
      vertex -29.5435 -2.02844 1.09
    endloop
  endfacet
  facet normal -0 0 -1
    outer loop
      vertex -29.4401 -1.06246 1.09
      vertex -29.8036 -1.94015 1.09
      vertex -29.575 -0.995929 1.09
    endloop
  endfacet
  facet normal 0 0 -1
    outer loop
      vertex -30.05 -1.81865 1.09
      vertex -29.575 -0.995929 1.09
      vertex -29.8036 -1.94015 1.09
    endloop
  endfacet
  facet normal -0 0 -1
    outer loop
      vertex -29.575 -0.995929 1.09
      vertex -30.05 -1.81865 1.09
      vertex -29.7001 -0.912355 1.09
    endloop
  endfacet
  facet normal 0 0 -1
    outer loop
      vertex -30.2784 -1.66604 1.09
      vertex -29.7001 -0.912355 1.09
      vertex -30.05 -1.81865 1.09
    endloop
  endfacet
  facet normal -0 0 -1
    outer loop
      vertex -29.7001 -0.912355 1.09
      vertex -30.2784 -1.66604 1.09
      vertex -29.8132 -0.813172 1.09
    endloop
  endfacet
  facet normal 0 0 -1
    outer loop
      vertex -30.4849 -1.48492 1.09
      vertex -29.8132 -0.813172 1.09
      vertex -30.2784 -1.66604 1.09
    endloop
  endfacet
  facet normal -0 0 -1
    outer loop
      vertex -29.8132 -0.813172 1.09
      vertex -30.4849 -1.48492 1.09
      vertex -29.9124 -0.700075 1.09
    endloop
  endfacet
  facet normal 0 0 -1
    outer loop
      vertex -30.666 -1.2784 1.09
      vertex -29.9124 -0.700075 1.09
      vertex -30.4849 -1.48492 1.09
    endloop
  endfacet
  facet normal -0 0 -1
    outer loop
      vertex -29.9124 -0.700075 1.09
      vertex -30.666 -1.2784 1.09
      vertex -29.9959 -0.575 1.09
    endloop
  endfacet
  facet normal 0 0 -1
    outer loop
      vertex -30.8187 -1.05 1.09
      vertex -29.9959 -0.575 1.09
      vertex -30.666 -1.2784 1.09
    endloop
  endfacet
  facet normal -0 0 -1
    outer loop
      vertex -29.9959 -0.575 1.09
      vertex -30.8187 -1.05 1.09
      vertex -30.0625 -0.440085 1.09
    endloop
  endfacet
  facet normal 0 0 -1
    outer loop
      vertex -28.0041 0.575 1.09
      vertex -27.1813 1.05 1.09
      vertex -27.9375 0.440085 1.09
    endloop
  endfacet
  facet normal -0 0 -1
    outer loop
      vertex -27.1813 1.05 1.09
      vertex -28.0041 0.575 1.09
      vertex -27.334 1.2784 1.09
    endloop
  endfacet
  facet normal 0 0 -1
    outer loop
      vertex -28.0876 0.700075 1.09
      vertex -27.334 1.2784 1.09
      vertex -28.0041 0.575 1.09
    endloop
  endfacet
  facet normal -0 0 -1
    outer loop
      vertex -27.334 1.2784 1.09
      vertex -28.0876 0.700075 1.09
      vertex -27.5151 1.48492 1.09
    endloop
  endfacet
  facet normal 0 0 -1
    outer loop
      vertex -28.1868 0.813172 1.09
      vertex -27.5151 1.48492 1.09
      vertex -28.0876 0.700075 1.09
    endloop
  endfacet
  facet normal -0 0 -1
    outer loop
      vertex -27.5151 1.48492 1.09
      vertex -28.1868 0.813172 1.09
      vertex -27.7216 1.66604 1.09
    endloop
  endfacet
  facet normal 0 0 -1
    outer loop
      vertex -28.2999 0.912355 1.09
      vertex -27.7216 1.66604 1.09
      vertex -28.1868 0.813172 1.09
    endloop
  endfacet
  facet normal -0 0 -1
    outer loop
      vertex -27.7216 1.66604 1.09
      vertex -28.2999 0.912355 1.09
      vertex -27.95 1.81865 1.09
    endloop
  endfacet
  facet normal 0 0 -1
    outer loop
      vertex -28.425 0.995929 1.09
      vertex -27.95 1.81865 1.09
      vertex -28.2999 0.912355 1.09
    endloop
  endfacet
  facet normal -0 0 -1
    outer loop
      vertex -27.95 1.81865 1.09
      vertex -28.425 0.995929 1.09
      vertex -28.1964 1.94015 1.09
    endloop
  endfacet
  facet normal 0 0 -1
    outer loop
      vertex -28.5599 1.06246 1.09
      vertex -28.1964 1.94015 1.09
      vertex -28.425 0.995929 1.09
    endloop
  endfacet
  facet normal -0 0 -1
    outer loop
      vertex -28.1964 1.94015 1.09
      vertex -28.5599 1.06246 1.09
      vertex -28.4565 2.02844 1.09
    endloop
  endfacet
  facet normal 0 0 -1
    outer loop
      vertex -28.7024 1.11081 1.09
      vertex -28.4565 2.02844 1.09
      vertex -28.5599 1.06246 1.09
    endloop
  endfacet
  facet normal 0 0 -1
    outer loop
      vertex -28.7024 1.11081 1.09
      vertex -28.7259 2.08203 1.09
      vertex -28.4565 2.02844 1.09
    endloop
  endfacet
  facet normal 0 0 -1
    outer loop
      vertex -28.8499 1.14016 1.09
      vertex -28.7259 2.08203 1.09
      vertex -28.7024 1.11081 1.09
    endloop
  endfacet
  facet normal 0 0 -1
    outer loop
      vertex -29 1.15 1.09
      vertex -28.7259 2.08203 1.09
      vertex -28.8499 1.14016 1.09
    endloop
  endfacet
  facet normal 0 0 -1
    outer loop
      vertex -29 1.15 1.09
      vertex -29 2.1 1.09
      vertex -28.7259 2.08203 1.09
    endloop
  endfacet
  facet normal 0 0 -1
    outer loop
      vertex -29.1501 1.14016 1.09
      vertex -29 2.1 1.09
      vertex -29 1.15 1.09
    endloop
  endfacet
  facet normal 0 0 -1
    outer loop
      vertex -29.1501 1.14016 1.09
      vertex -29.2741 2.08203 1.09
      vertex -29 2.1 1.09
    endloop
  endfacet
  facet normal 0 0 -1
    outer loop
      vertex -29.2976 1.11081 1.09
      vertex -29.2741 2.08203 1.09
      vertex -29.1501 1.14016 1.09
    endloop
  endfacet
  facet normal 0 0 -1
    outer loop
      vertex -29.5435 2.02844 1.09
      vertex -29.2976 1.11081 1.09
      vertex -29.4401 1.06246 1.09
    endloop
  endfacet
  facet normal 0 0 -1
    outer loop
      vertex -29.2976 1.11081 1.09
      vertex -29.5435 2.02844 1.09
      vertex -29.2741 2.08203 1.09
    endloop
  endfacet
  facet normal 0 0 -1
    outer loop
      vertex -29.8036 1.94015 1.09
      vertex -29.4401 1.06246 1.09
      vertex -29.575 0.995929 1.09
    endloop
  endfacet
  facet normal 0 0 -1
    outer loop
      vertex -30.05 1.81865 1.09
      vertex -29.575 0.995929 1.09
      vertex -29.7001 0.912355 1.09
    endloop
  endfacet
  facet normal 0 0 -1
    outer loop
      vertex -29.4401 1.06246 1.09
      vertex -29.8036 1.94015 1.09
      vertex -29.5435 2.02844 1.09
    endloop
  endfacet
  facet normal 0 0 -1
    outer loop
      vertex -30.2784 1.66604 1.09
      vertex -29.7001 0.912355 1.09
      vertex -29.8132 0.813172 1.09
    endloop
  endfacet
  facet normal 0 0 -1
    outer loop
      vertex -30.4849 1.48492 1.09
      vertex -29.8132 0.813172 1.09
      vertex -29.9124 0.700075 1.09
    endloop
  endfacet
  facet normal 0 0 -1
    outer loop
      vertex -30.666 1.2784 1.09
      vertex -29.9124 0.700075 1.09
      vertex -29.9959 0.575 1.09
    endloop
  endfacet
  facet normal 0 0 -1
    outer loop
      vertex -29.575 0.995929 1.09
      vertex -30.05 1.81865 1.09
      vertex -29.8036 1.94015 1.09
    endloop
  endfacet
  facet normal 0 0 -1
    outer loop
      vertex -30.8187 1.05 1.09
      vertex -29.9959 0.575 1.09
      vertex -30.0625 0.440085 1.09
    endloop
  endfacet
  facet normal 0 0 -1
    outer loop
      vertex -30.9401 0.803635 1.09
      vertex -30.0625 0.440085 1.09
      vertex -30.1108 0.297642 1.09
    endloop
  endfacet
  facet normal 0 0 -1
    outer loop
      vertex -31.0284 0.54352 1.09
      vertex -30.1108 0.297642 1.09
      vertex -30.1402 0.150105 1.09
    endloop
  endfacet
  facet normal 0 0 -1
    outer loop
      vertex -31.082 0.274104 1.09
      vertex -30.1402 0.150105 1.09
      vertex -30.15 0 1.09
    endloop
  endfacet
  facet normal 0 0 -1
    outer loop
      vertex -30.9401 -0.803635 1.09
      vertex -30.0625 -0.440085 1.09
      vertex -30.8187 -1.05 1.09
    endloop
  endfacet
  facet normal 0 0 -1
    outer loop
      vertex -29.7001 0.912355 1.09
      vertex -30.2784 1.66604 1.09
      vertex -30.05 1.81865 1.09
    endloop
  endfacet
  facet normal -0 0 -1
    outer loop
      vertex -30.0625 -0.440085 1.09
      vertex -30.9401 -0.803635 1.09
      vertex -30.1108 -0.297642 1.09
    endloop
  endfacet
  facet normal 0 0 -1
    outer loop
      vertex -29.8132 0.813172 1.09
      vertex -30.4849 1.48492 1.09
      vertex -30.2784 1.66604 1.09
    endloop
  endfacet
  facet normal 0 0 -1
    outer loop
      vertex -31.0284 -0.54352 1.09
      vertex -30.1108 -0.297642 1.09
      vertex -30.9401 -0.803635 1.09
    endloop
  endfacet
  facet normal 0 0 -1
    outer loop
      vertex -29.9124 0.700075 1.09
      vertex -30.666 1.2784 1.09
      vertex -30.4849 1.48492 1.09
    endloop
  endfacet
  facet normal -0 0 -1
    outer loop
      vertex -30.1108 -0.297642 1.09
      vertex -31.0284 -0.54352 1.09
      vertex -30.1402 -0.150105 1.09
    endloop
  endfacet
  facet normal 0 0 -1
    outer loop
      vertex -29.9959 0.575 1.09
      vertex -30.8187 1.05 1.09
      vertex -30.666 1.2784 1.09
    endloop
  endfacet
  facet normal 0 0 -1
    outer loop
      vertex -31.082 -0.274104 1.09
      vertex -30.1402 -0.150105 1.09
      vertex -31.0284 -0.54352 1.09
    endloop
  endfacet
  facet normal 0 0 -1
    outer loop
      vertex -30.0625 0.440085 1.09
      vertex -30.9401 0.803635 1.09
      vertex -30.8187 1.05 1.09
    endloop
  endfacet
  facet normal -0 0 -1
    outer loop
      vertex -30.1402 -0.150105 1.09
      vertex -31.082 -0.274104 1.09
      vertex -30.15 0 1.09
    endloop
  endfacet
  facet normal 0 0 -1
    outer loop
      vertex -30.1108 0.297642 1.09
      vertex -31.0284 0.54352 1.09
      vertex -30.9401 0.803635 1.09
    endloop
  endfacet
  facet normal 0 0 -1
    outer loop
      vertex -31.1 0 1.09
      vertex -30.15 0 1.09
      vertex -31.082 -0.274104 1.09
    endloop
  endfacet
  facet normal 0 0 -1
    outer loop
      vertex -30.1402 0.150105 1.09
      vertex -31.082 0.274104 1.09
      vertex -31.0284 0.54352 1.09
    endloop
  endfacet
  facet normal 0 0 -1
    outer loop
      vertex -30.15 0 1.09
      vertex -31.1 0 1.09
      vertex -31.082 0.274104 1.09
    endloop
  endfacet
  facet normal -0.831322 0.555792 -1.03309e-17
    outer loop
      vertex -27.334 -1.2784 0
      vertex -27.1813 -1.05 1.09
      vertex -27.1813 -1.05 0
    endloop
  endfacet
  facet normal -0.831322 0.555792 -1.03309e-17
    outer loop
      vertex -27.1813 -1.05 1.09
      vertex -27.334 -1.2784 0
      vertex -27.334 -1.2784 1.09
    endloop
  endfacet
  facet normal -0.442256 -0.896889 0
    outer loop
      vertex -28.1964 1.94015 0
      vertex -27.95 1.81865 1.09
      vertex -28.1964 1.94015 1.09
    endloop
  endfacet
  facet normal -0.442256 -0.896889 -0
    outer loop
      vertex -27.95 1.81865 1.09
      vertex -28.1964 1.94015 0
      vertex -27.95 1.81865 0
    endloop
  endfacet
  facet normal -0.980778 0.195125 -2.75463e-18
    outer loop
      vertex -26.9716 -0.54352 0
      vertex -26.918 -0.274104 1.09
      vertex -26.918 -0.274104 0
    endloop
  endfacet
  facet normal -0.980778 0.195125 -2.75463e-18
    outer loop
      vertex -26.918 -0.274104 1.09
      vertex -26.9716 -0.54352 0
      vertex -26.9716 -0.54352 1.09
    endloop
  endfacet
  facet normal 0.321433 -0.946932 0
    outer loop
      vertex -29.8036 1.94015 0
      vertex -29.5435 2.02844 1.09
      vertex -29.8036 1.94015 1.09
    endloop
  endfacet
  facet normal 0.321433 -0.946932 0
    outer loop
      vertex -29.5435 2.02844 1.09
      vertex -29.8036 1.94015 0
      vertex -29.5435 2.02844 0
    endloop
  endfacet
  facet normal 0.442256 -0.896889 0
    outer loop
      vertex -30.05 1.81865 0
      vertex -29.8036 1.94015 1.09
      vertex -30.05 1.81865 1.09
    endloop
  endfacet
  facet normal 0.442256 -0.896889 0
    outer loop
      vertex -29.8036 1.94015 1.09
      vertex -30.05 1.81865 0
      vertex -29.8036 1.94015 0
    endloop
  endfacet
  facet normal 0.555565 -0.831473 0
    outer loop
      vertex -30.2784 1.66604 0
      vertex -30.05 1.81865 1.09
      vertex -30.2784 1.66604 1.09
    endloop
  endfacet
  facet normal 0.555565 -0.831473 0
    outer loop
      vertex -30.05 1.81865 1.09
      vertex -30.2784 1.66604 0
      vertex -30.05 1.81865 0
    endloop
  endfacet
  facet normal -0.659396 0.751796 0
    outer loop
      vertex -27.5151 -1.48492 0
      vertex -27.7216 -1.66604 1.09
      vertex -27.5151 -1.48492 1.09
    endloop
  endfacet
  facet normal -0.659396 0.751796 0
    outer loop
      vertex -27.7216 -1.66604 1.09
      vertex -27.5151 -1.48492 0
      vertex -27.7216 -1.66604 0
    endloop
  endfacet
  facet normal 0.751864 -0.659319 2.6529e-18
    outer loop
      vertex -30.666 1.2784 1.09
      vertex -30.4849 1.48492 0
      vertex -30.4849 1.48492 1.09
    endloop
  endfacet
  facet normal 0.751864 -0.659319 2.6529e-18
    outer loop
      vertex -30.4849 1.48492 0
      vertex -30.666 1.2784 1.09
      vertex -30.666 1.2784 0
    endloop
  endfacet
  facet normal -0.0654196 -0.997858 0
    outer loop
      vertex -29 2.1 0
      vertex -28.7259 2.08203 1.09
      vertex -29 2.1 1.09
    endloop
  endfacet
  facet normal -0.0654196 -0.997858 -0
    outer loop
      vertex -28.7259 2.08203 1.09
      vertex -29 2.1 0
      vertex -28.7259 2.08203 0
    endloop
  endfacet
  facet normal -0.321433 0.946932 0
    outer loop
      vertex -28.1964 -1.94015 0
      vertex -28.4565 -2.02844 1.09
      vertex -28.1964 -1.94015 1.09
    endloop
  endfacet
  facet normal -0.321433 0.946932 0
    outer loop
      vertex -28.4565 -2.02844 1.09
      vertex -28.1964 -1.94015 0
      vertex -28.4565 -2.02844 0
    endloop
  endfacet
  facet normal 0.321433 0.946932 -0
    outer loop
      vertex -29.5435 -2.02844 0
      vertex -29.8036 -1.94015 1.09
      vertex -29.5435 -2.02844 1.09
    endloop
  endfacet
  facet normal 0.321433 0.946932 0
    outer loop
      vertex -29.8036 -1.94015 1.09
      vertex -29.5435 -2.02844 0
      vertex -29.8036 -1.94015 0
    endloop
  endfacet
  facet normal 0.751864 0.659319 -2.6529e-18
    outer loop
      vertex -30.4849 -1.48492 1.09
      vertex -30.666 -1.2784 0
      vertex -30.666 -1.2784 1.09
    endloop
  endfacet
  facet normal 0.751864 0.659319 -2.6529e-18
    outer loop
      vertex -30.666 -1.2784 0
      vertex -30.4849 -1.48492 1.09
      vertex -30.4849 -1.48492 0
    endloop
  endfacet
  facet normal 0.897008 -0.442014 -1.20947e-18
    outer loop
      vertex -30.9401 0.803635 1.09
      vertex -30.8187 1.05 0
      vertex -30.8187 1.05 1.09
    endloop
  endfacet
  facet normal 0.897008 -0.442014 -1.20947e-18
    outer loop
      vertex -30.8187 1.05 0
      vertex -30.9401 0.803635 1.09
      vertex -30.9401 0.803635 0
    endloop
  endfacet
  facet normal -0.897008 0.442014 -1.20947e-18
    outer loop
      vertex -27.1813 -1.05 0
      vertex -27.0599 -0.803635 1.09
      vertex -27.0599 -0.803635 0
    endloop
  endfacet
  facet normal -0.897008 0.442014 -1.20947e-18
    outer loop
      vertex -27.0599 -0.803635 1.09
      vertex -27.1813 -1.05 0
      vertex -27.1813 -1.05 1.09
    endloop
  endfacet
  facet normal 0.0654196 -0.997858 0
    outer loop
      vertex -29.2741 2.08203 0
      vertex -29 2.1 1.09
      vertex -29.2741 2.08203 1.09
    endloop
  endfacet
  facet normal 0.0654196 -0.997858 0
    outer loop
      vertex -29 2.1 1.09
      vertex -29.2741 2.08203 0
      vertex -29 2.1 0
    endloop
  endfacet
  facet normal 0.946927 -0.321449 4.94669e-18
    outer loop
      vertex -31.0284 0.54352 1.09
      vertex -30.9401 0.803635 0
      vertex -30.9401 0.803635 1.09
    endloop
  endfacet
  facet normal 0.946927 -0.321449 4.94669e-18
    outer loop
      vertex -30.9401 0.803635 0
      vertex -31.0284 0.54352 1.09
      vertex -31.0284 0.54352 0
    endloop
  endfacet
  facet normal -0.321433 -0.946932 0
    outer loop
      vertex -28.4565 2.02844 0
      vertex -28.1964 1.94015 1.09
      vertex -28.4565 2.02844 1.09
    endloop
  endfacet
  facet normal -0.321433 -0.946932 -0
    outer loop
      vertex -28.1964 1.94015 1.09
      vertex -28.4565 2.02844 0
      vertex -28.1964 1.94015 0
    endloop
  endfacet
  facet normal -0.946927 0.321449 4.94669e-18
    outer loop
      vertex -27.0599 -0.803635 0
      vertex -26.9716 -0.54352 1.09
      vertex -26.9716 -0.54352 0
    endloop
  endfacet
  facet normal -0.946927 0.321449 4.94669e-18
    outer loop
      vertex -26.9716 -0.54352 1.09
      vertex -27.0599 -0.803635 0
      vertex -27.0599 -0.803635 1.09
    endloop
  endfacet
  facet normal 0.980778 0.195125 2.75463e-18
    outer loop
      vertex -31.0284 -0.54352 1.09
      vertex -31.082 -0.274104 0
      vertex -31.082 -0.274104 1.09
    endloop
  endfacet
  facet normal 0.980778 0.195125 2.75463e-18
    outer loop
      vertex -31.082 -0.274104 0
      vertex -31.0284 -0.54352 1.09
      vertex -31.0284 -0.54352 0
    endloop
  endfacet
  facet normal -0.751864 -0.659319 -2.6529e-18
    outer loop
      vertex -27.334 1.2784 0
      vertex -27.5151 1.48492 1.09
      vertex -27.5151 1.48492 0
    endloop
  endfacet
  facet normal -0.751864 -0.659319 -2.6529e-18
    outer loop
      vertex -27.5151 1.48492 1.09
      vertex -27.334 1.2784 0
      vertex -27.334 1.2784 1.09
    endloop
  endfacet
  facet normal 0.659396 -0.751796 0
    outer loop
      vertex -30.4849 1.48492 0
      vertex -30.2784 1.66604 1.09
      vertex -30.4849 1.48492 1.09
    endloop
  endfacet
  facet normal 0.659396 -0.751796 0
    outer loop
      vertex -30.2784 1.66604 1.09
      vertex -30.4849 1.48492 0
      vertex -30.2784 1.66604 0
    endloop
  endfacet
  facet normal 0.897008 0.442014 1.20947e-18
    outer loop
      vertex -30.8187 -1.05 1.09
      vertex -30.9401 -0.803635 0
      vertex -30.9401 -0.803635 1.09
    endloop
  endfacet
  facet normal 0.897008 0.442014 1.20947e-18
    outer loop
      vertex -30.9401 -0.803635 0
      vertex -30.8187 -1.05 1.09
      vertex -30.8187 -1.05 0
    endloop
  endfacet
  facet normal -0.0654196 0.997858 0
    outer loop
      vertex -28.7259 -2.08203 0
      vertex -29 -2.1 1.09
      vertex -28.7259 -2.08203 1.09
    endloop
  endfacet
  facet normal -0.0654196 0.997858 0
    outer loop
      vertex -29 -2.1 1.09
      vertex -28.7259 -2.08203 0
      vertex -29 -2.1 0
    endloop
  endfacet
  facet normal 0.0654196 0.997858 -0
    outer loop
      vertex -29 -2.1 0
      vertex -29.2741 -2.08203 1.09
      vertex -29 -2.1 1.09
    endloop
  endfacet
  facet normal 0.0654196 0.997858 0
    outer loop
      vertex -29.2741 -2.08203 1.09
      vertex -29 -2.1 0
      vertex -29.2741 -2.08203 0
    endloop
  endfacet
  facet normal 0.997851 -0.0655274 4.75536e-19
    outer loop
      vertex -31.1 0 1.09
      vertex -31.082 0.274104 0
      vertex -31.082 0.274104 1.09
    endloop
  endfacet
  facet normal 0.997851 -0.0655274 4.75536e-19
    outer loop
      vertex -31.082 0.274104 0
      vertex -31.1 0 1.09
      vertex -31.1 0 0
    endloop
  endfacet
  facet normal -0.659396 -0.751796 0
    outer loop
      vertex -27.7216 1.66604 0
      vertex -27.5151 1.48492 1.09
      vertex -27.7216 1.66604 1.09
    endloop
  endfacet
  facet normal -0.659396 -0.751796 -0
    outer loop
      vertex -27.5151 1.48492 1.09
      vertex -27.7216 1.66604 0
      vertex -27.5151 1.48492 0
    endloop
  endfacet
  facet normal 0.831322 0.555792 1.03309e-17
    outer loop
      vertex -30.666 -1.2784 1.09
      vertex -30.8187 -1.05 0
      vertex -30.8187 -1.05 1.09
    endloop
  endfacet
  facet normal 0.831322 0.555792 1.03309e-17
    outer loop
      vertex -30.8187 -1.05 0
      vertex -30.666 -1.2784 1.09
      vertex -30.666 -1.2784 0
    endloop
  endfacet
  facet normal -0.555565 0.831473 0
    outer loop
      vertex -27.7216 -1.66604 0
      vertex -27.95 -1.81865 1.09
      vertex -27.7216 -1.66604 1.09
    endloop
  endfacet
  facet normal -0.555565 0.831473 0
    outer loop
      vertex -27.95 -1.81865 1.09
      vertex -27.7216 -1.66604 0
      vertex -27.95 -1.81865 0
    endloop
  endfacet
  facet normal 0.997851 0.0655274 -4.75536e-19
    outer loop
      vertex -31.082 -0.274104 1.09
      vertex -31.1 0 0
      vertex -31.1 0 1.09
    endloop
  endfacet
  facet normal 0.997851 0.0655274 -4.75536e-19
    outer loop
      vertex -31.1 0 0
      vertex -31.082 -0.274104 1.09
      vertex -31.082 -0.274104 0
    endloop
  endfacet
  facet normal 0.195101 0.980783 -0
    outer loop
      vertex -29.2741 -2.08203 0
      vertex -29.5435 -2.02844 1.09
      vertex -29.2741 -2.08203 1.09
    endloop
  endfacet
  facet normal 0.195101 0.980783 0
    outer loop
      vertex -29.5435 -2.02844 1.09
      vertex -29.2741 -2.08203 0
      vertex -29.5435 -2.02844 0
    endloop
  endfacet
  facet normal 0.442256 0.896889 -0
    outer loop
      vertex -29.8036 -1.94015 0
      vertex -30.05 -1.81865 1.09
      vertex -29.8036 -1.94015 1.09
    endloop
  endfacet
  facet normal 0.442256 0.896889 0
    outer loop
      vertex -30.05 -1.81865 1.09
      vertex -29.8036 -1.94015 0
      vertex -30.05 -1.81865 0
    endloop
  endfacet
  facet normal -0.980718 -0.19543 -1.17866e-19
    outer loop
      vertex 30.1402 0.150105 1.09
      vertex 30.1108 0.297642 8.70001
      vertex 30.1108 0.297642 1.09
    endloop
  endfacet
  facet normal -0.980718 -0.19543 -1.17866e-19
    outer loop
      vertex 30.1108 0.297642 8.70001
      vertex 30.1402 0.150105 1.09
      vertex 30.1402 0.150105 8.70001
    endloop
  endfacet
  facet normal -0.980718 -0.19543 -1.33875e-19
    outer loop
      vertex 30.1402 0.150105 11.3
      vertex 30.1108 0.297642 18
      vertex 30.1108 0.297642 11.3
    endloop
  endfacet
  facet normal -0.980718 -0.19543 -1.33875e-19
    outer loop
      vertex 30.1108 0.297642 18
      vertex 30.1402 0.150105 11.3
      vertex 30.1402 0.150105 18
    endloop
  endfacet
  facet normal -0.997876 -0.0651489 1.48041e-20
    outer loop
      vertex 30.15 0 1.09
      vertex 30.1402 0.150105 8.70001
      vertex 30.1402 0.150105 1.09
    endloop
  endfacet
  facet normal -0.997876 -0.0651489 1.48041e-20
    outer loop
      vertex 30.1402 0.150105 8.70001
      vertex 30.15 0 1.09
      vertex 30.15 0 8.70001
    endloop
  endfacet
  facet normal -0.997876 -0.0651489 1.68149e-20
    outer loop
      vertex 30.15 0 11.3
      vertex 30.1402 0.150105 18
      vertex 30.1402 0.150105 11.3
    endloop
  endfacet
  facet normal -0.997876 -0.0651489 1.68149e-20
    outer loop
      vertex 30.1402 0.150105 18
      vertex 30.15 0 11.3
      vertex 30.15 0 18
    endloop
  endfacet
  facet normal 0.442319 -0.896858 0
    outer loop
      vertex 28.425 0.995929 1.09
      vertex 28.5599 1.06246 8.70001
      vertex 28.425 0.995929 8.70001
    endloop
  endfacet
  facet normal 0.442319 -0.896858 0
    outer loop
      vertex 28.5599 1.06246 8.70001
      vertex 28.425 0.995929 1.09
      vertex 28.5599 1.06246 1.09
    endloop
  endfacet
  facet normal 0.442319 -0.896858 0
    outer loop
      vertex 28.425 0.995929 11.3
      vertex 28.5599 1.06246 18
      vertex 28.425 0.995929 18
    endloop
  endfacet
  facet normal 0.442319 -0.896858 0
    outer loop
      vertex 28.5599 1.06246 18
      vertex 28.425 0.995929 11.3
      vertex 28.5599 1.06246 11.3
    endloop
  endfacet
  facet normal -0.659334 -0.75185 0
    outer loop
      vertex 29.7001 0.912355 1.09
      vertex 29.8132 0.813172 8.70001
      vertex 29.7001 0.912355 8.70001
    endloop
  endfacet
  facet normal -0.659334 -0.75185 -0
    outer loop
      vertex 29.8132 0.813172 8.70001
      vertex 29.7001 0.912355 1.09
      vertex 29.8132 0.813172 1.09
    endloop
  endfacet
  facet normal -0.659334 -0.75185 0
    outer loop
      vertex 29.7001 0.912355 11.3
      vertex 29.8132 0.813172 18
      vertex 29.7001 0.912355 18
    endloop
  endfacet
  facet normal -0.659334 -0.75185 -0
    outer loop
      vertex 29.8132 0.813172 18
      vertex 29.7001 0.912355 11.3
      vertex 29.8132 0.813172 11.3
    endloop
  endfacet
  facet normal 0.0654159 -0.997858 0
    outer loop
      vertex 28.8499 1.14016 1.09
      vertex 29 1.15 8.70001
      vertex 28.8499 1.14016 8.70001
    endloop
  endfacet
  facet normal 0.0654159 -0.997858 0
    outer loop
      vertex 29 1.15 8.70001
      vertex 28.8499 1.14016 1.09
      vertex 29 1.15 1.09
    endloop
  endfacet
  facet normal 0.0654159 -0.997858 0
    outer loop
      vertex 28.8499 1.14016 11.3
      vertex 29 1.15 18
      vertex 28.8499 1.14016 18
    endloop
  endfacet
  facet normal 0.0654159 -0.997858 0
    outer loop
      vertex 29 1.15 18
      vertex 28.8499 1.14016 11.3
      vertex 29 1.15 11.3
    endloop
  endfacet
  facet normal -0.442319 0.896858 0
    outer loop
      vertex 29.575 -0.995929 1.09
      vertex 29.4401 -1.06246 8.70001
      vertex 29.575 -0.995929 8.70001
    endloop
  endfacet
  facet normal -0.442319 0.896858 0
    outer loop
      vertex 29.4401 -1.06246 8.70001
      vertex 29.575 -0.995929 1.09
      vertex 29.4401 -1.06246 1.09
    endloop
  endfacet
  facet normal -0.442319 0.896858 0
    outer loop
      vertex 29.575 -0.995929 11.3
      vertex 29.4401 -1.06246 18
      vertex 29.575 -0.995929 18
    endloop
  endfacet
  facet normal -0.442319 0.896858 0
    outer loop
      vertex 29.4401 -1.06246 18
      vertex 29.575 -0.995929 11.3
      vertex 29.4401 -1.06246 11.3
    endloop
  endfacet
  facet normal 0.980718 -0.19543 1.17866e-19
    outer loop
      vertex 27.8598 0.150105 8.70001
      vertex 27.8892 0.297642 1.09
      vertex 27.8892 0.297642 8.70001
    endloop
  endfacet
  facet normal 0.980718 -0.19543 1.17866e-19
    outer loop
      vertex 27.8892 0.297642 1.09
      vertex 27.8598 0.150105 8.70001
      vertex 27.8598 0.150105 1.09
    endloop
  endfacet
  facet normal 0.980718 -0.19543 1.33875e-19
    outer loop
      vertex 27.8598 0.150105 18
      vertex 27.8892 0.297642 11.3
      vertex 27.8892 0.297642 18
    endloop
  endfacet
  facet normal 0.980718 -0.19543 1.33875e-19
    outer loop
      vertex 27.8892 0.297642 11.3
      vertex 27.8598 0.150105 18
      vertex 27.8598 0.150105 11.3
    endloop
  endfacet
  facet normal -0.195157 0.980772 0
    outer loop
      vertex 29.2976 -1.11081 1.09
      vertex 29.1501 -1.14016 8.70001
      vertex 29.2976 -1.11081 8.70001
    endloop
  endfacet
  facet normal -0.195157 0.980772 0
    outer loop
      vertex 29.1501 -1.14016 8.70001
      vertex 29.2976 -1.11081 1.09
      vertex 29.1501 -1.14016 1.09
    endloop
  endfacet
  facet normal -0.195157 0.980772 0
    outer loop
      vertex 29.2976 -1.11081 11.3
      vertex 29.1501 -1.14016 18
      vertex 29.2976 -1.11081 18
    endloop
  endfacet
  facet normal -0.195157 0.980772 0
    outer loop
      vertex 29.1501 -1.14016 18
      vertex 29.2976 -1.11081 11.3
      vertex 29.1501 -1.14016 11.3
    endloop
  endfacet
  facet normal 0.0654159 0.997858 -0
    outer loop
      vertex 29 -1.15 1.09
      vertex 28.8499 -1.14016 8.70001
      vertex 29 -1.15 8.70001
    endloop
  endfacet
  facet normal 0.0654159 0.997858 0
    outer loop
      vertex 28.8499 -1.14016 8.70001
      vertex 29 -1.15 1.09
      vertex 28.8499 -1.14016 1.09
    endloop
  endfacet
  facet normal 0.0654159 0.997858 -0
    outer loop
      vertex 29 -1.15 11.3
      vertex 28.8499 -1.14016 18
      vertex 29 -1.15 18
    endloop
  endfacet
  facet normal 0.0654159 0.997858 0
    outer loop
      vertex 28.8499 -1.14016 18
      vertex 29 -1.15 11.3
      vertex 28.8499 -1.14016 11.3
    endloop
  endfacet
  facet normal 0.555501 0.831516 -0
    outer loop
      vertex 28.425 -0.995929 1.09
      vertex 28.2999 -0.912355 8.70001
      vertex 28.425 -0.995929 8.70001
    endloop
  endfacet
  facet normal 0.555501 0.831516 0
    outer loop
      vertex 28.2999 -0.912355 8.70001
      vertex 28.425 -0.995929 1.09
      vertex 28.2999 -0.912355 1.09
    endloop
  endfacet
  facet normal 0.555501 0.831516 -0
    outer loop
      vertex 28.425 -0.995929 11.3
      vertex 28.2999 -0.912355 18
      vertex 28.425 -0.995929 18
    endloop
  endfacet
  facet normal 0.555501 0.831516 0
    outer loop
      vertex 28.2999 -0.912355 18
      vertex 28.425 -0.995929 11.3
      vertex 28.2999 -0.912355 11.3
    endloop
  endfacet
  facet normal -0.997876 0.0651489 -1.48041e-20
    outer loop
      vertex 30.1402 -0.150105 1.09
      vertex 30.15 0 8.70001
      vertex 30.15 0 1.09
    endloop
  endfacet
  facet normal -0.997876 0.0651489 -1.48041e-20
    outer loop
      vertex 30.15 0 8.70001
      vertex 30.1402 -0.150105 1.09
      vertex 30.1402 -0.150105 8.70001
    endloop
  endfacet
  facet normal -0.997876 0.0651489 -1.68149e-20
    outer loop
      vertex 30.1402 -0.150105 11.3
      vertex 30.15 0 18
      vertex 30.15 0 11.3
    endloop
  endfacet
  facet normal -0.997876 0.0651489 -1.68149e-20
    outer loop
      vertex 30.15 0 18
      vertex 30.1402 -0.150105 11.3
      vertex 30.1402 -0.150105 18
    endloop
  endfacet
  facet normal 0.997876 -0.0651489 -1.48041e-20
    outer loop
      vertex 27.85 0 8.70001
      vertex 27.8598 0.150105 1.09
      vertex 27.8598 0.150105 8.70001
    endloop
  endfacet
  facet normal 0.997876 -0.0651489 -1.48041e-20
    outer loop
      vertex 27.8598 0.150105 1.09
      vertex 27.85 0 8.70001
      vertex 27.85 0 1.09
    endloop
  endfacet
  facet normal 0.997876 -0.0651489 -1.68149e-20
    outer loop
      vertex 27.85 0 18
      vertex 27.8598 0.150105 11.3
      vertex 27.8598 0.150105 18
    endloop
  endfacet
  facet normal 0.997876 -0.0651489 -1.68149e-20
    outer loop
      vertex 27.8598 0.150105 11.3
      vertex 27.85 0 18
      vertex 27.85 0 11.3
    endloop
  endfacet
  facet normal -0.831692 -0.555237 -5.22652e-19
    outer loop
      vertex 29.9959 0.575 1.09
      vertex 29.9124 0.700075 8.70001
      vertex 29.9124 0.700075 1.09
    endloop
  endfacet
  facet normal -0.831692 -0.555237 -5.22652e-19
    outer loop
      vertex 29.9124 0.700075 8.70001
      vertex 29.9959 0.575 1.09
      vertex 29.9959 0.575 8.70001
    endloop
  endfacet
  facet normal -0.831692 -0.555237 -5.9364e-19
    outer loop
      vertex 29.9959 0.575 11.3
      vertex 29.9124 0.700075 18
      vertex 29.9124 0.700075 11.3
    endloop
  endfacet
  facet normal -0.831692 -0.555237 -5.9364e-19
    outer loop
      vertex 29.9124 0.700075 18
      vertex 29.9959 0.575 11.3
      vertex 29.9959 0.575 18
    endloop
  endfacet
  facet normal -0.896695 -0.442648 2.90047e-19
    outer loop
      vertex 30.0625 0.440085 1.09
      vertex 29.9959 0.575 8.70001
      vertex 29.9959 0.575 1.09
    endloop
  endfacet
  facet normal -0.896695 -0.442648 2.90047e-19
    outer loop
      vertex 29.9959 0.575 8.70001
      vertex 30.0625 0.440085 1.09
      vertex 30.0625 0.440085 8.70001
    endloop
  endfacet
  facet normal -0.896695 -0.442648 3.29441e-19
    outer loop
      vertex 30.0625 0.440085 11.3
      vertex 29.9959 0.575 18
      vertex 29.9959 0.575 11.3
    endloop
  endfacet
  facet normal -0.896695 -0.442648 3.29441e-19
    outer loop
      vertex 29.9959 0.575 18
      vertex 30.0625 0.440085 11.3
      vertex 30.0625 0.440085 18
    endloop
  endfacet
  facet normal 0.947037 0.321124 -3.99694e-20
    outer loop
      vertex 27.9375 -0.440085 8.70001
      vertex 27.8892 -0.297642 1.09
      vertex 27.8892 -0.297642 8.70001
    endloop
  endfacet
  facet normal 0.947037 0.321124 -3.99694e-20
    outer loop
      vertex 27.8892 -0.297642 1.09
      vertex 27.9375 -0.440085 8.70001
      vertex 27.9375 -0.440085 1.09
    endloop
  endfacet
  facet normal 0.947037 0.321124 -4.53981e-20
    outer loop
      vertex 27.9375 -0.440085 18
      vertex 27.8892 -0.297642 11.3
      vertex 27.8892 -0.297642 18
    endloop
  endfacet
  facet normal 0.947037 0.321124 -4.53981e-20
    outer loop
      vertex 27.8892 -0.297642 11.3
      vertex 27.9375 -0.440085 18
      vertex 27.9375 -0.440085 11.3
    endloop
  endfacet
  facet normal -0.751785 0.659408 -3.42097e-19
    outer loop
      vertex 29.8132 -0.813172 1.09
      vertex 29.9124 -0.700075 8.70001
      vertex 29.9124 -0.700075 1.09
    endloop
  endfacet
  facet normal -0.751785 0.659408 -3.42097e-19
    outer loop
      vertex 29.9124 -0.700075 8.70001
      vertex 29.8132 -0.813172 1.09
      vertex 29.8132 -0.813172 8.70001
    endloop
  endfacet
  facet normal -0.751785 0.659408 -3.88562e-19
    outer loop
      vertex 29.8132 -0.813172 11.3
      vertex 29.9124 -0.700075 18
      vertex 29.9124 -0.700075 11.3
    endloop
  endfacet
  facet normal -0.751785 0.659408 -3.88562e-19
    outer loop
      vertex 29.9124 -0.700075 18
      vertex 29.8132 -0.813172 11.3
      vertex 29.8132 -0.813172 18
    endloop
  endfacet
  facet normal -0.980718 0.19543 1.17866e-19
    outer loop
      vertex 30.1108 -0.297642 1.09
      vertex 30.1402 -0.150105 8.70001
      vertex 30.1402 -0.150105 1.09
    endloop
  endfacet
  facet normal -0.980718 0.19543 1.17866e-19
    outer loop
      vertex 30.1402 -0.150105 8.70001
      vertex 30.1108 -0.297642 1.09
      vertex 30.1108 -0.297642 8.70001
    endloop
  endfacet
  facet normal -0.980718 0.19543 1.33875e-19
    outer loop
      vertex 30.1108 -0.297642 11.3
      vertex 30.1402 -0.150105 18
      vertex 30.1402 -0.150105 11.3
    endloop
  endfacet
  facet normal -0.980718 0.19543 1.33875e-19
    outer loop
      vertex 30.1402 -0.150105 18
      vertex 30.1108 -0.297642 11.3
      vertex 30.1108 -0.297642 18
    endloop
  endfacet
  facet normal 0.896695 0.442648 2.90047e-19
    outer loop
      vertex 28.0041 -0.575 8.70001
      vertex 27.9375 -0.440085 1.09
      vertex 27.9375 -0.440085 8.70001
    endloop
  endfacet
  facet normal 0.896695 0.442648 2.90047e-19
    outer loop
      vertex 27.9375 -0.440085 1.09
      vertex 28.0041 -0.575 8.70001
      vertex 28.0041 -0.575 1.09
    endloop
  endfacet
  facet normal 0.896695 0.442648 3.29441e-19
    outer loop
      vertex 28.0041 -0.575 18
      vertex 27.9375 -0.440085 11.3
      vertex 27.9375 -0.440085 18
    endloop
  endfacet
  facet normal 0.896695 0.442648 3.29441e-19
    outer loop
      vertex 27.9375 -0.440085 11.3
      vertex 28.0041 -0.575 18
      vertex 28.0041 -0.575 11.3
    endloop
  endfacet
  facet normal 0.659334 -0.75185 0
    outer loop
      vertex 28.1868 0.813172 1.09
      vertex 28.2999 0.912355 8.70001
      vertex 28.1868 0.813172 8.70001
    endloop
  endfacet
  facet normal 0.659334 -0.75185 0
    outer loop
      vertex 28.2999 0.912355 8.70001
      vertex 28.1868 0.813172 1.09
      vertex 28.2999 0.912355 1.09
    endloop
  endfacet
  facet normal 0.659334 -0.75185 0
    outer loop
      vertex 28.1868 0.813172 11.3
      vertex 28.2999 0.912355 18
      vertex 28.1868 0.813172 18
    endloop
  endfacet
  facet normal 0.659334 -0.75185 0
    outer loop
      vertex 28.2999 0.912355 18
      vertex 28.1868 0.813172 11.3
      vertex 28.2999 0.912355 11.3
    endloop
  endfacet
  facet normal 0.555501 -0.831516 0
    outer loop
      vertex 28.2999 0.912355 1.09
      vertex 28.425 0.995929 8.70001
      vertex 28.2999 0.912355 8.70001
    endloop
  endfacet
  facet normal 0.555501 -0.831516 0
    outer loop
      vertex 28.425 0.995929 8.70001
      vertex 28.2999 0.912355 1.09
      vertex 28.425 0.995929 1.09
    endloop
  endfacet
  facet normal 0.555501 -0.831516 0
    outer loop
      vertex 28.2999 0.912355 11.3
      vertex 28.425 0.995929 18
      vertex 28.2999 0.912355 18
    endloop
  endfacet
  facet normal 0.555501 -0.831516 0
    outer loop
      vertex 28.425 0.995929 18
      vertex 28.2999 0.912355 11.3
      vertex 28.425 0.995929 11.3
    endloop
  endfacet
  facet normal -0.0654159 -0.997858 0
    outer loop
      vertex 29 1.15 1.09
      vertex 29.1501 1.14016 8.70001
      vertex 29 1.15 8.70001
    endloop
  endfacet
  facet normal -0.0654159 -0.997858 -0
    outer loop
      vertex 29.1501 1.14016 8.70001
      vertex 29 1.15 1.09
      vertex 29.1501 1.14016 1.09
    endloop
  endfacet
  facet normal -0.0654159 -0.997858 0
    outer loop
      vertex 29 1.15 11.3
      vertex 29.1501 1.14016 18
      vertex 29 1.15 18
    endloop
  endfacet
  facet normal -0.0654159 -0.997858 -0
    outer loop
      vertex 29.1501 1.14016 18
      vertex 29 1.15 11.3
      vertex 29.1501 1.14016 11.3
    endloop
  endfacet
  facet normal 0.751785 0.659408 3.42097e-19
    outer loop
      vertex 28.1868 -0.813172 8.70001
      vertex 28.0876 -0.700075 1.09
      vertex 28.0876 -0.700075 8.70001
    endloop
  endfacet
  facet normal 0.751785 0.659408 3.42097e-19
    outer loop
      vertex 28.0876 -0.700075 1.09
      vertex 28.1868 -0.813172 8.70001
      vertex 28.1868 -0.813172 1.09
    endloop
  endfacet
  facet normal 0.751785 0.659408 3.88562e-19
    outer loop
      vertex 28.1868 -0.813172 18
      vertex 28.0876 -0.700075 11.3
      vertex 28.0876 -0.700075 18
    endloop
  endfacet
  facet normal 0.751785 0.659408 3.88562e-19
    outer loop
      vertex 28.0876 -0.700075 11.3
      vertex 28.1868 -0.813172 18
      vertex 28.1868 -0.813172 11.3
    endloop
  endfacet
  facet normal 0.321307 -0.946975 0
    outer loop
      vertex 28.5599 1.06246 1.09
      vertex 28.7024 1.11081 8.70001
      vertex 28.5599 1.06246 8.70001
    endloop
  endfacet
  facet normal 0.321307 -0.946975 0
    outer loop
      vertex 28.7024 1.11081 8.70001
      vertex 28.5599 1.06246 1.09
      vertex 28.7024 1.11081 1.09
    endloop
  endfacet
  facet normal 0.321307 -0.946975 0
    outer loop
      vertex 28.5599 1.06246 11.3
      vertex 28.7024 1.11081 18
      vertex 28.5599 1.06246 18
    endloop
  endfacet
  facet normal 0.321307 -0.946975 0
    outer loop
      vertex 28.7024 1.11081 18
      vertex 28.5599 1.06246 11.3
      vertex 28.7024 1.11081 11.3
    endloop
  endfacet
  facet normal -0.659334 0.75185 0
    outer loop
      vertex 29.8132 -0.813172 1.09
      vertex 29.7001 -0.912355 8.70001
      vertex 29.8132 -0.813172 8.70001
    endloop
  endfacet
  facet normal -0.659334 0.75185 0
    outer loop
      vertex 29.7001 -0.912355 8.70001
      vertex 29.8132 -0.813172 1.09
      vertex 29.7001 -0.912355 1.09
    endloop
  endfacet
  facet normal -0.659334 0.75185 0
    outer loop
      vertex 29.8132 -0.813172 11.3
      vertex 29.7001 -0.912355 18
      vertex 29.8132 -0.813172 18
    endloop
  endfacet
  facet normal -0.659334 0.75185 0
    outer loop
      vertex 29.7001 -0.912355 18
      vertex 29.8132 -0.813172 11.3
      vertex 29.7001 -0.912355 11.3
    endloop
  endfacet
  facet normal -0.0654159 0.997858 0
    outer loop
      vertex 29.1501 -1.14016 1.09
      vertex 29 -1.15 8.70001
      vertex 29.1501 -1.14016 8.70001
    endloop
  endfacet
  facet normal -0.0654159 0.997858 0
    outer loop
      vertex 29 -1.15 8.70001
      vertex 29.1501 -1.14016 1.09
      vertex 29 -1.15 1.09
    endloop
  endfacet
  facet normal -0.0654159 0.997858 0
    outer loop
      vertex 29.1501 -1.14016 11.3
      vertex 29 -1.15 18
      vertex 29.1501 -1.14016 18
    endloop
  endfacet
  facet normal -0.0654159 0.997858 0
    outer loop
      vertex 29 -1.15 18
      vertex 29.1501 -1.14016 11.3
      vertex 29 -1.15 11.3
    endloop
  endfacet
  facet normal -0.555501 -0.831516 0
    outer loop
      vertex 29.575 0.995929 1.09
      vertex 29.7001 0.912355 8.70001
      vertex 29.575 0.995929 8.70001
    endloop
  endfacet
  facet normal -0.555501 -0.831516 -0
    outer loop
      vertex 29.7001 0.912355 8.70001
      vertex 29.575 0.995929 1.09
      vertex 29.7001 0.912355 1.09
    endloop
  endfacet
  facet normal -0.555501 -0.831516 0
    outer loop
      vertex 29.575 0.995929 11.3
      vertex 29.7001 0.912355 18
      vertex 29.575 0.995929 18
    endloop
  endfacet
  facet normal -0.555501 -0.831516 -0
    outer loop
      vertex 29.7001 0.912355 18
      vertex 29.575 0.995929 11.3
      vertex 29.7001 0.912355 11.3
    endloop
  endfacet
  facet normal 0.442319 0.896858 -0
    outer loop
      vertex 28.5599 -1.06246 1.09
      vertex 28.425 -0.995929 8.70001
      vertex 28.5599 -1.06246 8.70001
    endloop
  endfacet
  facet normal 0.442319 0.896858 0
    outer loop
      vertex 28.425 -0.995929 8.70001
      vertex 28.5599 -1.06246 1.09
      vertex 28.425 -0.995929 1.09
    endloop
  endfacet
  facet normal 0.442319 0.896858 -0
    outer loop
      vertex 28.5599 -1.06246 11.3
      vertex 28.425 -0.995929 18
      vertex 28.5599 -1.06246 18
    endloop
  endfacet
  facet normal 0.442319 0.896858 0
    outer loop
      vertex 28.425 -0.995929 18
      vertex 28.5599 -1.06246 11.3
      vertex 28.425 -0.995929 11.3
    endloop
  endfacet
  facet normal -0.555501 0.831516 0
    outer loop
      vertex 29.7001 -0.912355 1.09
      vertex 29.575 -0.995929 8.70001
      vertex 29.7001 -0.912355 8.70001
    endloop
  endfacet
  facet normal -0.555501 0.831516 0
    outer loop
      vertex 29.575 -0.995929 8.70001
      vertex 29.7001 -0.912355 1.09
      vertex 29.575 -0.995929 1.09
    endloop
  endfacet
  facet normal -0.555501 0.831516 0
    outer loop
      vertex 29.7001 -0.912355 11.3
      vertex 29.575 -0.995929 18
      vertex 29.7001 -0.912355 18
    endloop
  endfacet
  facet normal -0.555501 0.831516 0
    outer loop
      vertex 29.575 -0.995929 18
      vertex 29.7001 -0.912355 11.3
      vertex 29.575 -0.995929 11.3
    endloop
  endfacet
  facet normal -0.321307 0.946975 0
    outer loop
      vertex 29.4401 -1.06246 1.09
      vertex 29.2976 -1.11081 8.70001
      vertex 29.4401 -1.06246 8.70001
    endloop
  endfacet
  facet normal -0.321307 0.946975 0
    outer loop
      vertex 29.2976 -1.11081 8.70001
      vertex 29.4401 -1.06246 1.09
      vertex 29.2976 -1.11081 1.09
    endloop
  endfacet
  facet normal -0.321307 0.946975 0
    outer loop
      vertex 29.4401 -1.06246 11.3
      vertex 29.2976 -1.11081 18
      vertex 29.4401 -1.06246 18
    endloop
  endfacet
  facet normal -0.321307 0.946975 0
    outer loop
      vertex 29.2976 -1.11081 18
      vertex 29.4401 -1.06246 11.3
      vertex 29.2976 -1.11081 11.3
    endloop
  endfacet
  facet normal 0.195157 -0.980772 0
    outer loop
      vertex 28.7024 1.11081 1.09
      vertex 28.8499 1.14016 8.70001
      vertex 28.7024 1.11081 8.70001
    endloop
  endfacet
  facet normal 0.195157 -0.980772 0
    outer loop
      vertex 28.8499 1.14016 8.70001
      vertex 28.7024 1.11081 1.09
      vertex 28.8499 1.14016 1.09
    endloop
  endfacet
  facet normal 0.195157 -0.980772 0
    outer loop
      vertex 28.7024 1.11081 11.3
      vertex 28.8499 1.14016 18
      vertex 28.7024 1.11081 18
    endloop
  endfacet
  facet normal 0.195157 -0.980772 0
    outer loop
      vertex 28.8499 1.14016 18
      vertex 28.7024 1.11081 11.3
      vertex 28.8499 1.14016 11.3
    endloop
  endfacet
  facet normal -0.442319 -0.896858 0
    outer loop
      vertex 29.4401 1.06246 1.09
      vertex 29.575 0.995929 8.70001
      vertex 29.4401 1.06246 8.70001
    endloop
  endfacet
  facet normal -0.442319 -0.896858 -0
    outer loop
      vertex 29.575 0.995929 8.70001
      vertex 29.4401 1.06246 1.09
      vertex 29.575 0.995929 1.09
    endloop
  endfacet
  facet normal -0.442319 -0.896858 0
    outer loop
      vertex 29.4401 1.06246 11.3
      vertex 29.575 0.995929 18
      vertex 29.4401 1.06246 18
    endloop
  endfacet
  facet normal -0.442319 -0.896858 -0
    outer loop
      vertex 29.575 0.995929 18
      vertex 29.4401 1.06246 11.3
      vertex 29.575 0.995929 11.3
    endloop
  endfacet
  facet normal 0.980718 0.19543 -1.17866e-19
    outer loop
      vertex 27.8892 -0.297642 8.70001
      vertex 27.8598 -0.150105 1.09
      vertex 27.8598 -0.150105 8.70001
    endloop
  endfacet
  facet normal 0.980718 0.19543 -1.17866e-19
    outer loop
      vertex 27.8598 -0.150105 1.09
      vertex 27.8892 -0.297642 8.70001
      vertex 27.8892 -0.297642 1.09
    endloop
  endfacet
  facet normal 0.980718 0.19543 -1.33875e-19
    outer loop
      vertex 27.8892 -0.297642 18
      vertex 27.8598 -0.150105 11.3
      vertex 27.8598 -0.150105 18
    endloop
  endfacet
  facet normal 0.980718 0.19543 -1.33875e-19
    outer loop
      vertex 27.8598 -0.150105 11.3
      vertex 27.8892 -0.297642 18
      vertex 27.8892 -0.297642 11.3
    endloop
  endfacet
  facet normal -0.321307 -0.946975 0
    outer loop
      vertex 29.2976 1.11081 1.09
      vertex 29.4401 1.06246 8.70001
      vertex 29.2976 1.11081 8.70001
    endloop
  endfacet
  facet normal -0.321307 -0.946975 -0
    outer loop
      vertex 29.4401 1.06246 8.70001
      vertex 29.2976 1.11081 1.09
      vertex 29.4401 1.06246 1.09
    endloop
  endfacet
  facet normal -0.321307 -0.946975 0
    outer loop
      vertex 29.2976 1.11081 11.3
      vertex 29.4401 1.06246 18
      vertex 29.2976 1.11081 18
    endloop
  endfacet
  facet normal -0.321307 -0.946975 -0
    outer loop
      vertex 29.4401 1.06246 18
      vertex 29.2976 1.11081 11.3
      vertex 29.4401 1.06246 11.3
    endloop
  endfacet
  facet normal 0.896695 -0.442648 -2.90047e-19
    outer loop
      vertex 27.9375 0.440085 8.70001
      vertex 28.0041 0.575 1.09
      vertex 28.0041 0.575 8.70001
    endloop
  endfacet
  facet normal 0.896695 -0.442648 -2.90047e-19
    outer loop
      vertex 28.0041 0.575 1.09
      vertex 27.9375 0.440085 8.70001
      vertex 27.9375 0.440085 1.09
    endloop
  endfacet
  facet normal 0.896695 -0.442648 -3.29441e-19
    outer loop
      vertex 27.9375 0.440085 18
      vertex 28.0041 0.575 11.3
      vertex 28.0041 0.575 18
    endloop
  endfacet
  facet normal 0.896695 -0.442648 -3.29441e-19
    outer loop
      vertex 28.0041 0.575 11.3
      vertex 27.9375 0.440085 18
      vertex 27.9375 0.440085 11.3
    endloop
  endfacet
  facet normal 0.831692 -0.555237 5.22652e-19
    outer loop
      vertex 28.0041 0.575 8.70001
      vertex 28.0876 0.700075 1.09
      vertex 28.0876 0.700075 8.70001
    endloop
  endfacet
  facet normal 0.831692 -0.555237 5.22652e-19
    outer loop
      vertex 28.0876 0.700075 1.09
      vertex 28.0041 0.575 8.70001
      vertex 28.0041 0.575 1.09
    endloop
  endfacet
  facet normal 0.831692 -0.555237 5.9364e-19
    outer loop
      vertex 28.0041 0.575 18
      vertex 28.0876 0.700075 11.3
      vertex 28.0876 0.700075 18
    endloop
  endfacet
  facet normal 0.831692 -0.555237 5.9364e-19
    outer loop
      vertex 28.0876 0.700075 11.3
      vertex 28.0041 0.575 18
      vertex 28.0041 0.575 11.3
    endloop
  endfacet
  facet normal -0.831692 0.555237 5.22652e-19
    outer loop
      vertex 29.9124 -0.700075 1.09
      vertex 29.9959 -0.575 8.70001
      vertex 29.9959 -0.575 1.09
    endloop
  endfacet
  facet normal -0.831692 0.555237 5.22652e-19
    outer loop
      vertex 29.9959 -0.575 8.70001
      vertex 29.9124 -0.700075 1.09
      vertex 29.9124 -0.700075 8.70001
    endloop
  endfacet
  facet normal -0.831692 0.555237 5.9364e-19
    outer loop
      vertex 29.9124 -0.700075 11.3
      vertex 29.9959 -0.575 18
      vertex 29.9959 -0.575 11.3
    endloop
  endfacet
  facet normal -0.831692 0.555237 5.9364e-19
    outer loop
      vertex 29.9959 -0.575 18
      vertex 29.9124 -0.700075 11.3
      vertex 29.9124 -0.700075 18
    endloop
  endfacet
  facet normal -0.947037 0.321124 3.99694e-20
    outer loop
      vertex 30.0625 -0.440085 1.09
      vertex 30.1108 -0.297642 8.70001
      vertex 30.1108 -0.297642 1.09
    endloop
  endfacet
  facet normal -0.947037 0.321124 3.99694e-20
    outer loop
      vertex 30.1108 -0.297642 8.70001
      vertex 30.0625 -0.440085 1.09
      vertex 30.0625 -0.440085 8.70001
    endloop
  endfacet
  facet normal -0.947037 0.321124 4.53981e-20
    outer loop
      vertex 30.0625 -0.440085 11.3
      vertex 30.1108 -0.297642 18
      vertex 30.1108 -0.297642 11.3
    endloop
  endfacet
  facet normal -0.947037 0.321124 4.53981e-20
    outer loop
      vertex 30.1108 -0.297642 18
      vertex 30.0625 -0.440085 11.3
      vertex 30.0625 -0.440085 18
    endloop
  endfacet
  facet normal -0.195157 -0.980772 0
    outer loop
      vertex 29.1501 1.14016 1.09
      vertex 29.2976 1.11081 8.70001
      vertex 29.1501 1.14016 8.70001
    endloop
  endfacet
  facet normal -0.195157 -0.980772 -0
    outer loop
      vertex 29.2976 1.11081 8.70001
      vertex 29.1501 1.14016 1.09
      vertex 29.2976 1.11081 1.09
    endloop
  endfacet
  facet normal -0.195157 -0.980772 0
    outer loop
      vertex 29.1501 1.14016 11.3
      vertex 29.2976 1.11081 18
      vertex 29.1501 1.14016 18
    endloop
  endfacet
  facet normal -0.195157 -0.980772 -0
    outer loop
      vertex 29.2976 1.11081 18
      vertex 29.1501 1.14016 11.3
      vertex 29.2976 1.11081 11.3
    endloop
  endfacet
  facet normal 0.997876 0.0651489 1.48041e-20
    outer loop
      vertex 27.8598 -0.150105 8.70001
      vertex 27.85 0 1.09
      vertex 27.85 0 8.70001
    endloop
  endfacet
  facet normal 0.997876 0.0651489 1.48041e-20
    outer loop
      vertex 27.85 0 1.09
      vertex 27.8598 -0.150105 8.70001
      vertex 27.8598 -0.150105 1.09
    endloop
  endfacet
  facet normal 0.997876 0.0651489 1.68149e-20
    outer loop
      vertex 27.8598 -0.150105 18
      vertex 27.85 0 11.3
      vertex 27.85 0 18
    endloop
  endfacet
  facet normal 0.997876 0.0651489 1.68149e-20
    outer loop
      vertex 27.85 0 11.3
      vertex 27.8598 -0.150105 18
      vertex 27.8598 -0.150105 11.3
    endloop
  endfacet
  facet normal 0.195157 0.980772 -0
    outer loop
      vertex 28.8499 -1.14016 1.09
      vertex 28.7024 -1.11081 8.70001
      vertex 28.8499 -1.14016 8.70001
    endloop
  endfacet
  facet normal 0.195157 0.980772 0
    outer loop
      vertex 28.7024 -1.11081 8.70001
      vertex 28.8499 -1.14016 1.09
      vertex 28.7024 -1.11081 1.09
    endloop
  endfacet
  facet normal 0.195157 0.980772 -0
    outer loop
      vertex 28.8499 -1.14016 11.3
      vertex 28.7024 -1.11081 18
      vertex 28.8499 -1.14016 18
    endloop
  endfacet
  facet normal 0.195157 0.980772 0
    outer loop
      vertex 28.7024 -1.11081 18
      vertex 28.8499 -1.14016 11.3
      vertex 28.7024 -1.11081 11.3
    endloop
  endfacet
  facet normal -0.751785 -0.659408 3.42097e-19
    outer loop
      vertex 29.9124 0.700075 1.09
      vertex 29.8132 0.813172 8.70001
      vertex 29.8132 0.813172 1.09
    endloop
  endfacet
  facet normal -0.751785 -0.659408 3.42097e-19
    outer loop
      vertex 29.8132 0.813172 8.70001
      vertex 29.9124 0.700075 1.09
      vertex 29.9124 0.700075 8.70001
    endloop
  endfacet
  facet normal -0.751785 -0.659408 3.88562e-19
    outer loop
      vertex 29.9124 0.700075 11.3
      vertex 29.8132 0.813172 18
      vertex 29.8132 0.813172 11.3
    endloop
  endfacet
  facet normal -0.751785 -0.659408 3.88562e-19
    outer loop
      vertex 29.8132 0.813172 18
      vertex 29.9124 0.700075 11.3
      vertex 29.9124 0.700075 18
    endloop
  endfacet
  facet normal -0.947037 -0.321124 -3.99694e-20
    outer loop
      vertex 30.1108 0.297642 1.09
      vertex 30.0625 0.440085 8.70001
      vertex 30.0625 0.440085 1.09
    endloop
  endfacet
  facet normal -0.947037 -0.321124 -3.99694e-20
    outer loop
      vertex 30.0625 0.440085 8.70001
      vertex 30.1108 0.297642 1.09
      vertex 30.1108 0.297642 8.70001
    endloop
  endfacet
  facet normal -0.947037 -0.321124 -4.53981e-20
    outer loop
      vertex 30.1108 0.297642 11.3
      vertex 30.0625 0.440085 18
      vertex 30.0625 0.440085 11.3
    endloop
  endfacet
  facet normal -0.947037 -0.321124 -4.53981e-20
    outer loop
      vertex 30.0625 0.440085 18
      vertex 30.1108 0.297642 11.3
      vertex 30.1108 0.297642 18
    endloop
  endfacet
  facet normal 0.947037 -0.321124 3.99694e-20
    outer loop
      vertex 27.8892 0.297642 8.70001
      vertex 27.9375 0.440085 1.09
      vertex 27.9375 0.440085 8.70001
    endloop
  endfacet
  facet normal 0.947037 -0.321124 3.99694e-20
    outer loop
      vertex 27.9375 0.440085 1.09
      vertex 27.8892 0.297642 8.70001
      vertex 27.8892 0.297642 1.09
    endloop
  endfacet
  facet normal 0.947037 -0.321124 4.53981e-20
    outer loop
      vertex 27.8892 0.297642 18
      vertex 27.9375 0.440085 11.3
      vertex 27.9375 0.440085 18
    endloop
  endfacet
  facet normal 0.947037 -0.321124 4.53981e-20
    outer loop
      vertex 27.9375 0.440085 11.3
      vertex 27.8892 0.297642 18
      vertex 27.8892 0.297642 11.3
    endloop
  endfacet
  facet normal 0.831692 0.555237 -5.22652e-19
    outer loop
      vertex 28.0876 -0.700075 8.70001
      vertex 28.0041 -0.575 1.09
      vertex 28.0041 -0.575 8.70001
    endloop
  endfacet
  facet normal 0.831692 0.555237 -5.22652e-19
    outer loop
      vertex 28.0041 -0.575 1.09
      vertex 28.0876 -0.700075 8.70001
      vertex 28.0876 -0.700075 1.09
    endloop
  endfacet
  facet normal 0.831692 0.555237 -5.9364e-19
    outer loop
      vertex 28.0876 -0.700075 18
      vertex 28.0041 -0.575 11.3
      vertex 28.0041 -0.575 18
    endloop
  endfacet
  facet normal 0.831692 0.555237 -5.9364e-19
    outer loop
      vertex 28.0041 -0.575 11.3
      vertex 28.0876 -0.700075 18
      vertex 28.0876 -0.700075 11.3
    endloop
  endfacet
  facet normal 0.321307 0.946975 -0
    outer loop
      vertex 28.7024 -1.11081 1.09
      vertex 28.5599 -1.06246 8.70001
      vertex 28.7024 -1.11081 8.70001
    endloop
  endfacet
  facet normal 0.321307 0.946975 0
    outer loop
      vertex 28.5599 -1.06246 8.70001
      vertex 28.7024 -1.11081 1.09
      vertex 28.5599 -1.06246 1.09
    endloop
  endfacet
  facet normal 0.321307 0.946975 -0
    outer loop
      vertex 28.7024 -1.11081 11.3
      vertex 28.5599 -1.06246 18
      vertex 28.7024 -1.11081 18
    endloop
  endfacet
  facet normal 0.321307 0.946975 0
    outer loop
      vertex 28.5599 -1.06246 18
      vertex 28.7024 -1.11081 11.3
      vertex 28.5599 -1.06246 11.3
    endloop
  endfacet
  facet normal -0.896695 0.442648 -2.90047e-19
    outer loop
      vertex 29.9959 -0.575 1.09
      vertex 30.0625 -0.440085 8.70001
      vertex 30.0625 -0.440085 1.09
    endloop
  endfacet
  facet normal -0.896695 0.442648 -2.90047e-19
    outer loop
      vertex 30.0625 -0.440085 8.70001
      vertex 29.9959 -0.575 1.09
      vertex 29.9959 -0.575 8.70001
    endloop
  endfacet
  facet normal -0.896695 0.442648 -3.29441e-19
    outer loop
      vertex 29.9959 -0.575 11.3
      vertex 30.0625 -0.440085 18
      vertex 30.0625 -0.440085 11.3
    endloop
  endfacet
  facet normal -0.896695 0.442648 -3.29441e-19
    outer loop
      vertex 30.0625 -0.440085 18
      vertex 29.9959 -0.575 11.3
      vertex 29.9959 -0.575 18
    endloop
  endfacet
  facet normal 0.659334 0.75185 -0
    outer loop
      vertex 28.2999 -0.912355 1.09
      vertex 28.1868 -0.813172 8.70001
      vertex 28.2999 -0.912355 8.70001
    endloop
  endfacet
  facet normal 0.659334 0.75185 0
    outer loop
      vertex 28.1868 -0.813172 8.70001
      vertex 28.2999 -0.912355 1.09
      vertex 28.1868 -0.813172 1.09
    endloop
  endfacet
  facet normal 0.659334 0.75185 -0
    outer loop
      vertex 28.2999 -0.912355 11.3
      vertex 28.1868 -0.813172 18
      vertex 28.2999 -0.912355 18
    endloop
  endfacet
  facet normal 0.659334 0.75185 0
    outer loop
      vertex 28.1868 -0.813172 18
      vertex 28.2999 -0.912355 11.3
      vertex 28.1868 -0.813172 11.3
    endloop
  endfacet
  facet normal 0.751785 -0.659408 -3.42097e-19
    outer loop
      vertex 28.0876 0.700075 8.70001
      vertex 28.1868 0.813172 1.09
      vertex 28.1868 0.813172 8.70001
    endloop
  endfacet
  facet normal 0.751785 -0.659408 -3.42097e-19
    outer loop
      vertex 28.1868 0.813172 1.09
      vertex 28.0876 0.700075 8.70001
      vertex 28.0876 0.700075 1.09
    endloop
  endfacet
  facet normal 0.751785 -0.659408 -3.88562e-19
    outer loop
      vertex 28.0876 0.700075 18
      vertex 28.1868 0.813172 11.3
      vertex 28.1868 0.813172 18
    endloop
  endfacet
  facet normal 0.751785 -0.659408 -3.88562e-19
    outer loop
      vertex 28.1868 0.813172 11.3
      vertex 28.0876 0.700075 18
      vertex 28.0876 0.700075 11.3
    endloop
  endfacet
  facet normal -0.751864 0.659319 2.6529e-18
    outer loop
      vertex 30.4849 -1.48492 0
      vertex 30.666 -1.2784 1.09
      vertex 30.666 -1.2784 0
    endloop
  endfacet
  facet normal -0.751864 0.659319 2.6529e-18
    outer loop
      vertex 30.666 -1.2784 1.09
      vertex 30.4849 -1.48492 0
      vertex 30.4849 -1.48492 1.09
    endloop
  endfacet
  facet normal -0.980778 -0.195125 2.75463e-18
    outer loop
      vertex 31.082 0.274104 0
      vertex 31.0284 0.54352 1.09
      vertex 31.0284 0.54352 0
    endloop
  endfacet
  facet normal -0.980778 -0.195125 2.75463e-18
    outer loop
      vertex 31.0284 0.54352 1.09
      vertex 31.082 0.274104 0
      vertex 31.082 0.274104 1.09
    endloop
  endfacet
  facet normal -0.997851 -0.0655274 -4.75536e-19
    outer loop
      vertex 31.1 0 0
      vertex 31.082 0.274104 1.09
      vertex 31.082 0.274104 0
    endloop
  endfacet
  facet normal -0.997851 -0.0655274 -4.75536e-19
    outer loop
      vertex 31.082 0.274104 1.09
      vertex 31.1 0 0
      vertex 31.1 0 1.09
    endloop
  endfacet
  facet normal -0.946927 -0.321449 -4.94669e-18
    outer loop
      vertex 31.0284 0.54352 0
      vertex 30.9401 0.803635 1.09
      vertex 30.9401 0.803635 0
    endloop
  endfacet
  facet normal -0.946927 -0.321449 -4.94669e-18
    outer loop
      vertex 30.9401 0.803635 1.09
      vertex 31.0284 0.54352 0
      vertex 31.0284 0.54352 1.09
    endloop
  endfacet
  facet normal -0.831322 -0.555792 1.03309e-17
    outer loop
      vertex 30.8187 1.05 0
      vertex 30.666 1.2784 1.09
      vertex 30.666 1.2784 0
    endloop
  endfacet
  facet normal -0.831322 -0.555792 1.03309e-17
    outer loop
      vertex 30.666 1.2784 1.09
      vertex 30.8187 1.05 0
      vertex 30.8187 1.05 1.09
    endloop
  endfacet
  facet normal 0.555565 0.831473 -0
    outer loop
      vertex 27.95 -1.81865 0
      vertex 27.7216 -1.66604 1.09
      vertex 27.95 -1.81865 1.09
    endloop
  endfacet
  facet normal 0.555565 0.831473 0
    outer loop
      vertex 27.7216 -1.66604 1.09
      vertex 27.95 -1.81865 0
      vertex 27.7216 -1.66604 0
    endloop
  endfacet
  facet normal -0.195101 -0.980783 0
    outer loop
      vertex 29.2741 2.08203 0
      vertex 29.5435 2.02844 1.09
      vertex 29.2741 2.08203 1.09
    endloop
  endfacet
  facet normal -0.195101 -0.980783 -0
    outer loop
      vertex 29.5435 2.02844 1.09
      vertex 29.2741 2.08203 0
      vertex 29.5435 2.02844 0
    endloop
  endfacet
  facet normal -0.997851 0.0655274 4.75536e-19
    outer loop
      vertex 31.082 -0.274104 0
      vertex 31.1 0 1.09
      vertex 31.1 0 0
    endloop
  endfacet
  facet normal -0.997851 0.0655274 4.75536e-19
    outer loop
      vertex 31.1 0 1.09
      vertex 31.082 -0.274104 0
      vertex 31.082 -0.274104 1.09
    endloop
  endfacet
  facet normal -0.897008 -0.442014 1.20947e-18
    outer loop
      vertex 30.9401 0.803635 0
      vertex 30.8187 1.05 1.09
      vertex 30.8187 1.05 0
    endloop
  endfacet
  facet normal -0.897008 -0.442014 1.20947e-18
    outer loop
      vertex 30.8187 1.05 1.09
      vertex 30.9401 0.803635 0
      vertex 30.9401 0.803635 1.09
    endloop
  endfacet
  facet normal 0.946927 0.321449 -4.94669e-18
    outer loop
      vertex 27.0599 -0.803635 1.09
      vertex 26.9716 -0.54352 0
      vertex 26.9716 -0.54352 1.09
    endloop
  endfacet
  facet normal 0.946927 0.321449 -4.94669e-18
    outer loop
      vertex 26.9716 -0.54352 0
      vertex 27.0599 -0.803635 1.09
      vertex 27.0599 -0.803635 0
    endloop
  endfacet
  facet normal 0.980778 -0.195125 -2.75463e-18
    outer loop
      vertex 26.918 0.274104 1.09
      vertex 26.9716 0.54352 0
      vertex 26.9716 0.54352 1.09
    endloop
  endfacet
  facet normal 0.980778 -0.195125 -2.75463e-18
    outer loop
      vertex 26.9716 0.54352 0
      vertex 26.918 0.274104 1.09
      vertex 26.918 0.274104 0
    endloop
  endfacet
  facet normal 0.659396 0.751796 -0
    outer loop
      vertex 27.7216 -1.66604 0
      vertex 27.5151 -1.48492 1.09
      vertex 27.7216 -1.66604 1.09
    endloop
  endfacet
  facet normal 0.659396 0.751796 0
    outer loop
      vertex 27.5151 -1.48492 1.09
      vertex 27.7216 -1.66604 0
      vertex 27.5151 -1.48492 0
    endloop
  endfacet
  facet normal 0.195101 -0.980783 0
    outer loop
      vertex 28.4565 2.02844 0
      vertex 28.7259 2.08203 1.09
      vertex 28.4565 2.02844 1.09
    endloop
  endfacet
  facet normal 0.195101 -0.980783 0
    outer loop
      vertex 28.7259 2.08203 1.09
      vertex 28.4565 2.02844 0
      vertex 28.7259 2.08203 0
    endloop
  endfacet
  facet normal -0.195101 0.980783 0
    outer loop
      vertex 29.5435 -2.02844 0
      vertex 29.2741 -2.08203 1.09
      vertex 29.5435 -2.02844 1.09
    endloop
  endfacet
  facet normal -0.195101 0.980783 0
    outer loop
      vertex 29.2741 -2.08203 1.09
      vertex 29.5435 -2.02844 0
      vertex 29.2741 -2.08203 0
    endloop
  endfacet
  facet normal -0.442256 0.896889 0
    outer loop
      vertex 30.05 -1.81865 0
      vertex 29.8036 -1.94015 1.09
      vertex 30.05 -1.81865 1.09
    endloop
  endfacet
  facet normal -0.442256 0.896889 0
    outer loop
      vertex 29.8036 -1.94015 1.09
      vertex 30.05 -1.81865 0
      vertex 29.8036 -1.94015 0
    endloop
  endfacet
  facet normal 0.831322 -0.555792 -1.03309e-17
    outer loop
      vertex 27.1813 1.05 1.09
      vertex 27.334 1.2784 0
      vertex 27.334 1.2784 1.09
    endloop
  endfacet
  facet normal 0.831322 -0.555792 -1.03309e-17
    outer loop
      vertex 27.334 1.2784 0
      vertex 27.1813 1.05 1.09
      vertex 27.1813 1.05 0
    endloop
  endfacet
  facet normal -0.555565 -0.831473 0
    outer loop
      vertex 30.05 1.81865 0
      vertex 30.2784 1.66604 1.09
      vertex 30.05 1.81865 1.09
    endloop
  endfacet
  facet normal -0.555565 -0.831473 -0
    outer loop
      vertex 30.2784 1.66604 1.09
      vertex 30.05 1.81865 0
      vertex 30.2784 1.66604 0
    endloop
  endfacet
  facet normal 0 0 -1
    outer loop
      vertex 30.15 0 1.09
      vertex 31.1 0 1.09
      vertex 31.082 -0.274104 1.09
    endloop
  endfacet
  facet normal 0 0 -1
    outer loop
      vertex 30.1402 -0.150105 1.09
      vertex 31.082 -0.274104 1.09
      vertex 31.0284 -0.54352 1.09
    endloop
  endfacet
  facet normal 0 0 -1
    outer loop
      vertex 31.1 0 1.09
      vertex 30.15 0 1.09
      vertex 31.082 0.274104 1.09
    endloop
  endfacet
  facet normal 0 0 -1
    outer loop
      vertex 30.1108 -0.297642 1.09
      vertex 31.0284 -0.54352 1.09
      vertex 30.9401 -0.803635 1.09
    endloop
  endfacet
  facet normal 0 0 -1
    outer loop
      vertex 30.1402 0.150105 1.09
      vertex 31.082 0.274104 1.09
      vertex 30.15 0 1.09
    endloop
  endfacet
  facet normal 0 0 -1
    outer loop
      vertex 30.0625 -0.440085 1.09
      vertex 30.9401 -0.803635 1.09
      vertex 30.8187 -1.05 1.09
    endloop
  endfacet
  facet normal -0 0 -1
    outer loop
      vertex 31.082 0.274104 1.09
      vertex 30.1402 0.150105 1.09
      vertex 31.0284 0.54352 1.09
    endloop
  endfacet
  facet normal 0 0 -1
    outer loop
      vertex 29.9959 -0.575 1.09
      vertex 30.8187 -1.05 1.09
      vertex 30.666 -1.2784 1.09
    endloop
  endfacet
  facet normal 0 0 -1
    outer loop
      vertex 30.1108 0.297642 1.09
      vertex 31.0284 0.54352 1.09
      vertex 30.1402 0.150105 1.09
    endloop
  endfacet
  facet normal 0 0 -1
    outer loop
      vertex 29.9124 -0.700075 1.09
      vertex 30.666 -1.2784 1.09
      vertex 30.4849 -1.48492 1.09
    endloop
  endfacet
  facet normal -0 0 -1
    outer loop
      vertex 31.0284 0.54352 1.09
      vertex 30.1108 0.297642 1.09
      vertex 30.9401 0.803635 1.09
    endloop
  endfacet
  facet normal 0 0 -1
    outer loop
      vertex 29.8132 -0.813172 1.09
      vertex 30.4849 -1.48492 1.09
      vertex 30.2784 -1.66604 1.09
    endloop
  endfacet
  facet normal 0 0 -1
    outer loop
      vertex 30.0625 0.440085 1.09
      vertex 30.9401 0.803635 1.09
      vertex 30.1108 0.297642 1.09
    endloop
  endfacet
  facet normal -0 0 -1
    outer loop
      vertex 30.9401 0.803635 1.09
      vertex 30.0625 0.440085 1.09
      vertex 30.8187 1.05 1.09
    endloop
  endfacet
  facet normal 0 0 -1
    outer loop
      vertex 31.082 -0.274104 1.09
      vertex 30.1402 -0.150105 1.09
      vertex 30.15 0 1.09
    endloop
  endfacet
  facet normal 0 0 -1
    outer loop
      vertex 31.0284 -0.54352 1.09
      vertex 30.1108 -0.297642 1.09
      vertex 30.1402 -0.150105 1.09
    endloop
  endfacet
  facet normal 0 0 -1
    outer loop
      vertex 30.9401 -0.803635 1.09
      vertex 30.0625 -0.440085 1.09
      vertex 30.1108 -0.297642 1.09
    endloop
  endfacet
  facet normal 0 0 -1
    outer loop
      vertex 29.7001 -0.912355 1.09
      vertex 30.2784 -1.66604 1.09
      vertex 30.05 -1.81865 1.09
    endloop
  endfacet
  facet normal 0 0 -1
    outer loop
      vertex 30.8187 -1.05 1.09
      vertex 29.9959 -0.575 1.09
      vertex 30.0625 -0.440085 1.09
    endloop
  endfacet
  facet normal 0 0 -1
    outer loop
      vertex 30.666 -1.2784 1.09
      vertex 29.9124 -0.700075 1.09
      vertex 29.9959 -0.575 1.09
    endloop
  endfacet
  facet normal 0 0 -1
    outer loop
      vertex 30.4849 -1.48492 1.09
      vertex 29.8132 -0.813172 1.09
      vertex 29.9124 -0.700075 1.09
    endloop
  endfacet
  facet normal 0 0 -1
    outer loop
      vertex 29.575 -0.995929 1.09
      vertex 30.05 -1.81865 1.09
      vertex 29.8036 -1.94015 1.09
    endloop
  endfacet
  facet normal 0 0 -1
    outer loop
      vertex 30.2784 -1.66604 1.09
      vertex 29.7001 -0.912355 1.09
      vertex 29.8132 -0.813172 1.09
    endloop
  endfacet
  facet normal 0 0 -1
    outer loop
      vertex 30.05 -1.81865 1.09
      vertex 29.575 -0.995929 1.09
      vertex 29.7001 -0.912355 1.09
    endloop
  endfacet
  facet normal 0 0 -1
    outer loop
      vertex 29.4401 -1.06246 1.09
      vertex 29.8036 -1.94015 1.09
      vertex 29.5435 -2.02844 1.09
    endloop
  endfacet
  facet normal 0 0 -1
    outer loop
      vertex 29.8036 -1.94015 1.09
      vertex 29.4401 -1.06246 1.09
      vertex 29.575 -0.995929 1.09
    endloop
  endfacet
  facet normal 0 0 -1
    outer loop
      vertex 29.5435 -2.02844 1.09
      vertex 29.2976 -1.11081 1.09
      vertex 29.4401 -1.06246 1.09
    endloop
  endfacet
  facet normal 0 0 -1
    outer loop
      vertex 29.2741 -2.08203 1.09
      vertex 29.2976 -1.11081 1.09
      vertex 29.5435 -2.02844 1.09
    endloop
  endfacet
  facet normal 0 0 -1
    outer loop
      vertex 29.2741 -2.08203 1.09
      vertex 29.1501 -1.14016 1.09
      vertex 29.2976 -1.11081 1.09
    endloop
  endfacet
  facet normal 0 0 -1
    outer loop
      vertex 29 -2.1 1.09
      vertex 29.1501 -1.14016 1.09
      vertex 29.2741 -2.08203 1.09
    endloop
  endfacet
  facet normal 0 0 -1
    outer loop
      vertex 29 -2.1 1.09
      vertex 29 -1.15 1.09
      vertex 29.1501 -1.14016 1.09
    endloop
  endfacet
  facet normal 0 0 -1
    outer loop
      vertex 29 -2.1 1.09
      vertex 28.8499 -1.14016 1.09
      vertex 29 -1.15 1.09
    endloop
  endfacet
  facet normal 0 0 -1
    outer loop
      vertex 28.7259 -2.08203 1.09
      vertex 28.8499 -1.14016 1.09
      vertex 29 -2.1 1.09
    endloop
  endfacet
  facet normal 0 0 -1
    outer loop
      vertex 28.7259 -2.08203 1.09
      vertex 28.7024 -1.11081 1.09
      vertex 28.8499 -1.14016 1.09
    endloop
  endfacet
  facet normal 0 0 -1
    outer loop
      vertex 28.4565 -2.02844 1.09
      vertex 28.7024 -1.11081 1.09
      vertex 28.7259 -2.08203 1.09
    endloop
  endfacet
  facet normal -0 0 -1
    outer loop
      vertex 28.7024 -1.11081 1.09
      vertex 28.4565 -2.02844 1.09
      vertex 28.5599 -1.06246 1.09
    endloop
  endfacet
  facet normal 0 0 -1
    outer loop
      vertex 28.1964 -1.94015 1.09
      vertex 28.5599 -1.06246 1.09
      vertex 28.4565 -2.02844 1.09
    endloop
  endfacet
  facet normal -0 0 -1
    outer loop
      vertex 28.5599 -1.06246 1.09
      vertex 28.1964 -1.94015 1.09
      vertex 28.425 -0.995929 1.09
    endloop
  endfacet
  facet normal 0 0 -1
    outer loop
      vertex 27.95 -1.81865 1.09
      vertex 28.425 -0.995929 1.09
      vertex 28.1964 -1.94015 1.09
    endloop
  endfacet
  facet normal -0 0 -1
    outer loop
      vertex 28.425 -0.995929 1.09
      vertex 27.95 -1.81865 1.09
      vertex 28.2999 -0.912355 1.09
    endloop
  endfacet
  facet normal 0 0 -1
    outer loop
      vertex 27.7216 -1.66604 1.09
      vertex 28.2999 -0.912355 1.09
      vertex 27.95 -1.81865 1.09
    endloop
  endfacet
  facet normal -0 0 -1
    outer loop
      vertex 28.2999 -0.912355 1.09
      vertex 27.7216 -1.66604 1.09
      vertex 28.1868 -0.813172 1.09
    endloop
  endfacet
  facet normal 0 0 -1
    outer loop
      vertex 27.5151 -1.48492 1.09
      vertex 28.1868 -0.813172 1.09
      vertex 27.7216 -1.66604 1.09
    endloop
  endfacet
  facet normal -0 0 -1
    outer loop
      vertex 28.1868 -0.813172 1.09
      vertex 27.5151 -1.48492 1.09
      vertex 28.0876 -0.700075 1.09
    endloop
  endfacet
  facet normal 0 0 -1
    outer loop
      vertex 27.334 -1.2784 1.09
      vertex 28.0876 -0.700075 1.09
      vertex 27.5151 -1.48492 1.09
    endloop
  endfacet
  facet normal -0 0 -1
    outer loop
      vertex 28.0876 -0.700075 1.09
      vertex 27.334 -1.2784 1.09
      vertex 28.0041 -0.575 1.09
    endloop
  endfacet
  facet normal 0 0 -1
    outer loop
      vertex 27.1813 -1.05 1.09
      vertex 28.0041 -0.575 1.09
      vertex 27.334 -1.2784 1.09
    endloop
  endfacet
  facet normal -0 0 -1
    outer loop
      vertex 28.0041 -0.575 1.09
      vertex 27.1813 -1.05 1.09
      vertex 27.9375 -0.440085 1.09
    endloop
  endfacet
  facet normal 0 0 -1
    outer loop
      vertex 29.9959 0.575 1.09
      vertex 30.8187 1.05 1.09
      vertex 30.0625 0.440085 1.09
    endloop
  endfacet
  facet normal -0 0 -1
    outer loop
      vertex 30.8187 1.05 1.09
      vertex 29.9959 0.575 1.09
      vertex 30.666 1.2784 1.09
    endloop
  endfacet
  facet normal 0 0 -1
    outer loop
      vertex 29.9124 0.700075 1.09
      vertex 30.666 1.2784 1.09
      vertex 29.9959 0.575 1.09
    endloop
  endfacet
  facet normal -0 0 -1
    outer loop
      vertex 30.666 1.2784 1.09
      vertex 29.9124 0.700075 1.09
      vertex 30.4849 1.48492 1.09
    endloop
  endfacet
  facet normal 0 0 -1
    outer loop
      vertex 29.8132 0.813172 1.09
      vertex 30.4849 1.48492 1.09
      vertex 29.9124 0.700075 1.09
    endloop
  endfacet
  facet normal -0 0 -1
    outer loop
      vertex 30.4849 1.48492 1.09
      vertex 29.8132 0.813172 1.09
      vertex 30.2784 1.66604 1.09
    endloop
  endfacet
  facet normal 0 0 -1
    outer loop
      vertex 29.7001 0.912355 1.09
      vertex 30.2784 1.66604 1.09
      vertex 29.8132 0.813172 1.09
    endloop
  endfacet
  facet normal -0 0 -1
    outer loop
      vertex 30.2784 1.66604 1.09
      vertex 29.7001 0.912355 1.09
      vertex 30.05 1.81865 1.09
    endloop
  endfacet
  facet normal 0 0 -1
    outer loop
      vertex 29.575 0.995929 1.09
      vertex 30.05 1.81865 1.09
      vertex 29.7001 0.912355 1.09
    endloop
  endfacet
  facet normal -0 0 -1
    outer loop
      vertex 30.05 1.81865 1.09
      vertex 29.575 0.995929 1.09
      vertex 29.8036 1.94015 1.09
    endloop
  endfacet
  facet normal 0 0 -1
    outer loop
      vertex 29.4401 1.06246 1.09
      vertex 29.8036 1.94015 1.09
      vertex 29.575 0.995929 1.09
    endloop
  endfacet
  facet normal -0 0 -1
    outer loop
      vertex 29.8036 1.94015 1.09
      vertex 29.4401 1.06246 1.09
      vertex 29.5435 2.02844 1.09
    endloop
  endfacet
  facet normal 0 0 -1
    outer loop
      vertex 29.2976 1.11081 1.09
      vertex 29.5435 2.02844 1.09
      vertex 29.4401 1.06246 1.09
    endloop
  endfacet
  facet normal 0 0 -1
    outer loop
      vertex 29.2976 1.11081 1.09
      vertex 29.2741 2.08203 1.09
      vertex 29.5435 2.02844 1.09
    endloop
  endfacet
  facet normal 0 0 -1
    outer loop
      vertex 29.1501 1.14016 1.09
      vertex 29.2741 2.08203 1.09
      vertex 29.2976 1.11081 1.09
    endloop
  endfacet
  facet normal 0 0 -1
    outer loop
      vertex 29 1.15 1.09
      vertex 29.2741 2.08203 1.09
      vertex 29.1501 1.14016 1.09
    endloop
  endfacet
  facet normal 0 0 -1
    outer loop
      vertex 29 1.15 1.09
      vertex 29 2.1 1.09
      vertex 29.2741 2.08203 1.09
    endloop
  endfacet
  facet normal 0 0 -1
    outer loop
      vertex 28.8499 1.14016 1.09
      vertex 29 2.1 1.09
      vertex 29 1.15 1.09
    endloop
  endfacet
  facet normal 0 0 -1
    outer loop
      vertex 28.8499 1.14016 1.09
      vertex 28.7259 2.08203 1.09
      vertex 29 2.1 1.09
    endloop
  endfacet
  facet normal 0 0 -1
    outer loop
      vertex 28.7024 1.11081 1.09
      vertex 28.7259 2.08203 1.09
      vertex 28.8499 1.14016 1.09
    endloop
  endfacet
  facet normal 0 0 -1
    outer loop
      vertex 28.4565 2.02844 1.09
      vertex 28.7024 1.11081 1.09
      vertex 28.5599 1.06246 1.09
    endloop
  endfacet
  facet normal 0 0 -1
    outer loop
      vertex 28.7024 1.11081 1.09
      vertex 28.4565 2.02844 1.09
      vertex 28.7259 2.08203 1.09
    endloop
  endfacet
  facet normal 0 0 -1
    outer loop
      vertex 28.1964 1.94015 1.09
      vertex 28.5599 1.06246 1.09
      vertex 28.425 0.995929 1.09
    endloop
  endfacet
  facet normal 0 0 -1
    outer loop
      vertex 27.95 1.81865 1.09
      vertex 28.425 0.995929 1.09
      vertex 28.2999 0.912355 1.09
    endloop
  endfacet
  facet normal 0 0 -1
    outer loop
      vertex 28.5599 1.06246 1.09
      vertex 28.1964 1.94015 1.09
      vertex 28.4565 2.02844 1.09
    endloop
  endfacet
  facet normal 0 0 -1
    outer loop
      vertex 27.7216 1.66604 1.09
      vertex 28.2999 0.912355 1.09
      vertex 28.1868 0.813172 1.09
    endloop
  endfacet
  facet normal 0 0 -1
    outer loop
      vertex 27.5151 1.48492 1.09
      vertex 28.1868 0.813172 1.09
      vertex 28.0876 0.700075 1.09
    endloop
  endfacet
  facet normal 0 0 -1
    outer loop
      vertex 27.334 1.2784 1.09
      vertex 28.0876 0.700075 1.09
      vertex 28.0041 0.575 1.09
    endloop
  endfacet
  facet normal 0 0 -1
    outer loop
      vertex 28.425 0.995929 1.09
      vertex 27.95 1.81865 1.09
      vertex 28.1964 1.94015 1.09
    endloop
  endfacet
  facet normal 0 0 -1
    outer loop
      vertex 27.1813 1.05 1.09
      vertex 28.0041 0.575 1.09
      vertex 27.9375 0.440085 1.09
    endloop
  endfacet
  facet normal 0 0 -1
    outer loop
      vertex 27.0599 0.803635 1.09
      vertex 27.9375 0.440085 1.09
      vertex 27.8892 0.297642 1.09
    endloop
  endfacet
  facet normal 0 0 -1
    outer loop
      vertex 26.9716 0.54352 1.09
      vertex 27.8892 0.297642 1.09
      vertex 27.8598 0.150105 1.09
    endloop
  endfacet
  facet normal 0 0 -1
    outer loop
      vertex 26.918 0.274104 1.09
      vertex 27.8598 0.150105 1.09
      vertex 27.85 0 1.09
    endloop
  endfacet
  facet normal 0 0 -1
    outer loop
      vertex 27.0599 -0.803635 1.09
      vertex 27.9375 -0.440085 1.09
      vertex 27.1813 -1.05 1.09
    endloop
  endfacet
  facet normal 0 0 -1
    outer loop
      vertex 28.2999 0.912355 1.09
      vertex 27.7216 1.66604 1.09
      vertex 27.95 1.81865 1.09
    endloop
  endfacet
  facet normal -0 0 -1
    outer loop
      vertex 27.9375 -0.440085 1.09
      vertex 27.0599 -0.803635 1.09
      vertex 27.8892 -0.297642 1.09
    endloop
  endfacet
  facet normal 0 0 -1
    outer loop
      vertex 28.1868 0.813172 1.09
      vertex 27.5151 1.48492 1.09
      vertex 27.7216 1.66604 1.09
    endloop
  endfacet
  facet normal 0 0 -1
    outer loop
      vertex 26.9716 -0.54352 1.09
      vertex 27.8892 -0.297642 1.09
      vertex 27.0599 -0.803635 1.09
    endloop
  endfacet
  facet normal 0 0 -1
    outer loop
      vertex 28.0876 0.700075 1.09
      vertex 27.334 1.2784 1.09
      vertex 27.5151 1.48492 1.09
    endloop
  endfacet
  facet normal -0 0 -1
    outer loop
      vertex 27.8892 -0.297642 1.09
      vertex 26.9716 -0.54352 1.09
      vertex 27.8598 -0.150105 1.09
    endloop
  endfacet
  facet normal 0 0 -1
    outer loop
      vertex 28.0041 0.575 1.09
      vertex 27.1813 1.05 1.09
      vertex 27.334 1.2784 1.09
    endloop
  endfacet
  facet normal 0 0 -1
    outer loop
      vertex 26.918 -0.274104 1.09
      vertex 27.8598 -0.150105 1.09
      vertex 26.9716 -0.54352 1.09
    endloop
  endfacet
  facet normal 0 0 -1
    outer loop
      vertex 27.9375 0.440085 1.09
      vertex 27.0599 0.803635 1.09
      vertex 27.1813 1.05 1.09
    endloop
  endfacet
  facet normal -0 0 -1
    outer loop
      vertex 27.8598 -0.150105 1.09
      vertex 26.918 -0.274104 1.09
      vertex 27.85 0 1.09
    endloop
  endfacet
  facet normal 0 0 -1
    outer loop
      vertex 27.8892 0.297642 1.09
      vertex 26.9716 0.54352 1.09
      vertex 27.0599 0.803635 1.09
    endloop
  endfacet
  facet normal 0 0 -1
    outer loop
      vertex 26.9 0 1.09
      vertex 27.85 0 1.09
      vertex 26.918 -0.274104 1.09
    endloop
  endfacet
  facet normal 0 0 -1
    outer loop
      vertex 27.8598 0.150105 1.09
      vertex 26.918 0.274104 1.09
      vertex 26.9716 0.54352 1.09
    endloop
  endfacet
  facet normal 0 0 -1
    outer loop
      vertex 27.85 0 1.09
      vertex 26.9 0 1.09
      vertex 26.918 0.274104 1.09
    endloop
  endfacet
  facet normal -0.831322 0.555792 -1.03309e-17
    outer loop
      vertex 30.666 -1.2784 0
      vertex 30.8187 -1.05 1.09
      vertex 30.8187 -1.05 0
    endloop
  endfacet
  facet normal -0.831322 0.555792 -1.03309e-17
    outer loop
      vertex 30.8187 -1.05 1.09
      vertex 30.666 -1.2784 0
      vertex 30.666 -1.2784 1.09
    endloop
  endfacet
  facet normal -0.442256 -0.896889 0
    outer loop
      vertex 29.8036 1.94015 0
      vertex 30.05 1.81865 1.09
      vertex 29.8036 1.94015 1.09
    endloop
  endfacet
  facet normal -0.442256 -0.896889 -0
    outer loop
      vertex 30.05 1.81865 1.09
      vertex 29.8036 1.94015 0
      vertex 30.05 1.81865 0
    endloop
  endfacet
  facet normal -0.980778 0.195125 -2.75463e-18
    outer loop
      vertex 31.0284 -0.54352 0
      vertex 31.082 -0.274104 1.09
      vertex 31.082 -0.274104 0
    endloop
  endfacet
  facet normal -0.980778 0.195125 -2.75463e-18
    outer loop
      vertex 31.082 -0.274104 1.09
      vertex 31.0284 -0.54352 0
      vertex 31.0284 -0.54352 1.09
    endloop
  endfacet
  facet normal 0.321433 -0.946932 0
    outer loop
      vertex 28.1964 1.94015 0
      vertex 28.4565 2.02844 1.09
      vertex 28.1964 1.94015 1.09
    endloop
  endfacet
  facet normal 0.321433 -0.946932 0
    outer loop
      vertex 28.4565 2.02844 1.09
      vertex 28.1964 1.94015 0
      vertex 28.4565 2.02844 0
    endloop
  endfacet
  facet normal 0.442256 -0.896889 0
    outer loop
      vertex 27.95 1.81865 0
      vertex 28.1964 1.94015 1.09
      vertex 27.95 1.81865 1.09
    endloop
  endfacet
  facet normal 0.442256 -0.896889 0
    outer loop
      vertex 28.1964 1.94015 1.09
      vertex 27.95 1.81865 0
      vertex 28.1964 1.94015 0
    endloop
  endfacet
  facet normal 0.555565 -0.831473 0
    outer loop
      vertex 27.7216 1.66604 0
      vertex 27.95 1.81865 1.09
      vertex 27.7216 1.66604 1.09
    endloop
  endfacet
  facet normal 0.555565 -0.831473 0
    outer loop
      vertex 27.95 1.81865 1.09
      vertex 27.7216 1.66604 0
      vertex 27.95 1.81865 0
    endloop
  endfacet
  facet normal -0.659396 0.751796 0
    outer loop
      vertex 30.4849 -1.48492 0
      vertex 30.2784 -1.66604 1.09
      vertex 30.4849 -1.48492 1.09
    endloop
  endfacet
  facet normal -0.659396 0.751796 0
    outer loop
      vertex 30.2784 -1.66604 1.09
      vertex 30.4849 -1.48492 0
      vertex 30.2784 -1.66604 0
    endloop
  endfacet
  facet normal 0.751864 -0.659319 2.6529e-18
    outer loop
      vertex 27.334 1.2784 1.09
      vertex 27.5151 1.48492 0
      vertex 27.5151 1.48492 1.09
    endloop
  endfacet
  facet normal 0.751864 -0.659319 2.6529e-18
    outer loop
      vertex 27.5151 1.48492 0
      vertex 27.334 1.2784 1.09
      vertex 27.334 1.2784 0
    endloop
  endfacet
  facet normal -0.0654196 -0.997858 0
    outer loop
      vertex 29 2.1 0
      vertex 29.2741 2.08203 1.09
      vertex 29 2.1 1.09
    endloop
  endfacet
  facet normal -0.0654196 -0.997858 -0
    outer loop
      vertex 29.2741 2.08203 1.09
      vertex 29 2.1 0
      vertex 29.2741 2.08203 0
    endloop
  endfacet
  facet normal -0.321433 0.946932 0
    outer loop
      vertex 29.8036 -1.94015 0
      vertex 29.5435 -2.02844 1.09
      vertex 29.8036 -1.94015 1.09
    endloop
  endfacet
  facet normal -0.321433 0.946932 0
    outer loop
      vertex 29.5435 -2.02844 1.09
      vertex 29.8036 -1.94015 0
      vertex 29.5435 -2.02844 0
    endloop
  endfacet
  facet normal 0.321433 0.946932 -0
    outer loop
      vertex 28.4565 -2.02844 0
      vertex 28.1964 -1.94015 1.09
      vertex 28.4565 -2.02844 1.09
    endloop
  endfacet
  facet normal 0.321433 0.946932 0
    outer loop
      vertex 28.1964 -1.94015 1.09
      vertex 28.4565 -2.02844 0
      vertex 28.1964 -1.94015 0
    endloop
  endfacet
  facet normal 0.751864 0.659319 -2.6529e-18
    outer loop
      vertex 27.5151 -1.48492 1.09
      vertex 27.334 -1.2784 0
      vertex 27.334 -1.2784 1.09
    endloop
  endfacet
  facet normal 0.751864 0.659319 -2.6529e-18
    outer loop
      vertex 27.334 -1.2784 0
      vertex 27.5151 -1.48492 1.09
      vertex 27.5151 -1.48492 0
    endloop
  endfacet
  facet normal 0.897008 -0.442014 -1.20947e-18
    outer loop
      vertex 27.0599 0.803635 1.09
      vertex 27.1813 1.05 0
      vertex 27.1813 1.05 1.09
    endloop
  endfacet
  facet normal 0.897008 -0.442014 -1.20947e-18
    outer loop
      vertex 27.1813 1.05 0
      vertex 27.0599 0.803635 1.09
      vertex 27.0599 0.803635 0
    endloop
  endfacet
  facet normal -0.897008 0.442014 -1.20947e-18
    outer loop
      vertex 30.8187 -1.05 0
      vertex 30.9401 -0.803635 1.09
      vertex 30.9401 -0.803635 0
    endloop
  endfacet
  facet normal -0.897008 0.442014 -1.20947e-18
    outer loop
      vertex 30.9401 -0.803635 1.09
      vertex 30.8187 -1.05 0
      vertex 30.8187 -1.05 1.09
    endloop
  endfacet
  facet normal 0.0654196 -0.997858 0
    outer loop
      vertex 28.7259 2.08203 0
      vertex 29 2.1 1.09
      vertex 28.7259 2.08203 1.09
    endloop
  endfacet
  facet normal 0.0654196 -0.997858 0
    outer loop
      vertex 29 2.1 1.09
      vertex 28.7259 2.08203 0
      vertex 29 2.1 0
    endloop
  endfacet
  facet normal 0.946927 -0.321449 4.94669e-18
    outer loop
      vertex 26.9716 0.54352 1.09
      vertex 27.0599 0.803635 0
      vertex 27.0599 0.803635 1.09
    endloop
  endfacet
  facet normal 0.946927 -0.321449 4.94669e-18
    outer loop
      vertex 27.0599 0.803635 0
      vertex 26.9716 0.54352 1.09
      vertex 26.9716 0.54352 0
    endloop
  endfacet
  facet normal -0.321433 -0.946932 0
    outer loop
      vertex 29.5435 2.02844 0
      vertex 29.8036 1.94015 1.09
      vertex 29.5435 2.02844 1.09
    endloop
  endfacet
  facet normal -0.321433 -0.946932 -0
    outer loop
      vertex 29.8036 1.94015 1.09
      vertex 29.5435 2.02844 0
      vertex 29.8036 1.94015 0
    endloop
  endfacet
  facet normal -0.946927 0.321449 4.94669e-18
    outer loop
      vertex 30.9401 -0.803635 0
      vertex 31.0284 -0.54352 1.09
      vertex 31.0284 -0.54352 0
    endloop
  endfacet
  facet normal -0.946927 0.321449 4.94669e-18
    outer loop
      vertex 31.0284 -0.54352 1.09
      vertex 30.9401 -0.803635 0
      vertex 30.9401 -0.803635 1.09
    endloop
  endfacet
  facet normal 0.980778 0.195125 2.75463e-18
    outer loop
      vertex 26.9716 -0.54352 1.09
      vertex 26.918 -0.274104 0
      vertex 26.918 -0.274104 1.09
    endloop
  endfacet
  facet normal 0.980778 0.195125 2.75463e-18
    outer loop
      vertex 26.918 -0.274104 0
      vertex 26.9716 -0.54352 1.09
      vertex 26.9716 -0.54352 0
    endloop
  endfacet
  facet normal -0.751864 -0.659319 -2.6529e-18
    outer loop
      vertex 30.666 1.2784 0
      vertex 30.4849 1.48492 1.09
      vertex 30.4849 1.48492 0
    endloop
  endfacet
  facet normal -0.751864 -0.659319 -2.6529e-18
    outer loop
      vertex 30.4849 1.48492 1.09
      vertex 30.666 1.2784 0
      vertex 30.666 1.2784 1.09
    endloop
  endfacet
  facet normal 0.659396 -0.751796 0
    outer loop
      vertex 27.5151 1.48492 0
      vertex 27.7216 1.66604 1.09
      vertex 27.5151 1.48492 1.09
    endloop
  endfacet
  facet normal 0.659396 -0.751796 0
    outer loop
      vertex 27.7216 1.66604 1.09
      vertex 27.5151 1.48492 0
      vertex 27.7216 1.66604 0
    endloop
  endfacet
  facet normal 0.897008 0.442014 1.20947e-18
    outer loop
      vertex 27.1813 -1.05 1.09
      vertex 27.0599 -0.803635 0
      vertex 27.0599 -0.803635 1.09
    endloop
  endfacet
  facet normal 0.897008 0.442014 1.20947e-18
    outer loop
      vertex 27.0599 -0.803635 0
      vertex 27.1813 -1.05 1.09
      vertex 27.1813 -1.05 0
    endloop
  endfacet
  facet normal -0.0654196 0.997858 0
    outer loop
      vertex 29.2741 -2.08203 0
      vertex 29 -2.1 1.09
      vertex 29.2741 -2.08203 1.09
    endloop
  endfacet
  facet normal -0.0654196 0.997858 0
    outer loop
      vertex 29 -2.1 1.09
      vertex 29.2741 -2.08203 0
      vertex 29 -2.1 0
    endloop
  endfacet
  facet normal 0.0654196 0.997858 -0
    outer loop
      vertex 29 -2.1 0
      vertex 28.7259 -2.08203 1.09
      vertex 29 -2.1 1.09
    endloop
  endfacet
  facet normal 0.0654196 0.997858 0
    outer loop
      vertex 28.7259 -2.08203 1.09
      vertex 29 -2.1 0
      vertex 28.7259 -2.08203 0
    endloop
  endfacet
  facet normal 0.997851 -0.0655274 4.75536e-19
    outer loop
      vertex 26.9 0 1.09
      vertex 26.918 0.274104 0
      vertex 26.918 0.274104 1.09
    endloop
  endfacet
  facet normal 0.997851 -0.0655274 4.75536e-19
    outer loop
      vertex 26.918 0.274104 0
      vertex 26.9 0 1.09
      vertex 26.9 0 0
    endloop
  endfacet
  facet normal -0.659396 -0.751796 0
    outer loop
      vertex 30.2784 1.66604 0
      vertex 30.4849 1.48492 1.09
      vertex 30.2784 1.66604 1.09
    endloop
  endfacet
  facet normal -0.659396 -0.751796 -0
    outer loop
      vertex 30.4849 1.48492 1.09
      vertex 30.2784 1.66604 0
      vertex 30.4849 1.48492 0
    endloop
  endfacet
  facet normal 0.831322 0.555792 1.03309e-17
    outer loop
      vertex 27.334 -1.2784 1.09
      vertex 27.1813 -1.05 0
      vertex 27.1813 -1.05 1.09
    endloop
  endfacet
  facet normal 0.831322 0.555792 1.03309e-17
    outer loop
      vertex 27.1813 -1.05 0
      vertex 27.334 -1.2784 1.09
      vertex 27.334 -1.2784 0
    endloop
  endfacet
  facet normal -0.555565 0.831473 0
    outer loop
      vertex 30.2784 -1.66604 0
      vertex 30.05 -1.81865 1.09
      vertex 30.2784 -1.66604 1.09
    endloop
  endfacet
  facet normal -0.555565 0.831473 0
    outer loop
      vertex 30.05 -1.81865 1.09
      vertex 30.2784 -1.66604 0
      vertex 30.05 -1.81865 0
    endloop
  endfacet
  facet normal 0.997851 0.0655274 -4.75536e-19
    outer loop
      vertex 26.918 -0.274104 1.09
      vertex 26.9 0 0
      vertex 26.9 0 1.09
    endloop
  endfacet
  facet normal 0.997851 0.0655274 -4.75536e-19
    outer loop
      vertex 26.9 0 0
      vertex 26.918 -0.274104 1.09
      vertex 26.918 -0.274104 0
    endloop
  endfacet
  facet normal 0.195101 0.980783 -0
    outer loop
      vertex 28.7259 -2.08203 0
      vertex 28.4565 -2.02844 1.09
      vertex 28.7259 -2.08203 1.09
    endloop
  endfacet
  facet normal 0.195101 0.980783 0
    outer loop
      vertex 28.4565 -2.02844 1.09
      vertex 28.7259 -2.08203 0
      vertex 28.4565 -2.02844 0
    endloop
  endfacet
  facet normal 0.442256 0.896889 -0
    outer loop
      vertex 28.1964 -1.94015 0
      vertex 27.95 -1.81865 1.09
      vertex 28.1964 -1.94015 1.09
    endloop
  endfacet
  facet normal 0.442256 0.896889 0
    outer loop
      vertex 27.95 -1.81865 1.09
      vertex 28.1964 -1.94015 0
      vertex 27.95 -1.81865 0
    endloop
  endfacet
  facet normal 0 0 1
    outer loop
      vertex 30.15 0 8.70001
      vertex 32.5 0 8.70001
      vertex 32.4701 0.456841 8.70001
    endloop
  endfacet
  facet normal 0 0 1
    outer loop
      vertex 30.1402 0.150105 8.70001
      vertex 32.4701 0.456841 8.70001
      vertex 32.3807 0.905867 8.70001
    endloop
  endfacet
  facet normal 0 0 1
    outer loop
      vertex 32.5 0 8.70001
      vertex 30.15 0 8.70001
      vertex 32.4701 -0.456841 8.70001
    endloop
  endfacet
  facet normal 0 0 1
    outer loop
      vertex 30.1108 0.297642 8.70001
      vertex 32.3807 0.905867 8.70001
      vertex 32.2336 1.33939 8.70001
    endloop
  endfacet
  facet normal -0 0 1
    outer loop
      vertex 30.1402 -0.150105 8.70001
      vertex 32.4701 -0.456841 8.70001
      vertex 30.15 0 8.70001
    endloop
  endfacet
  facet normal 0 0 1
    outer loop
      vertex 30.0625 0.440085 8.70001
      vertex 32.2336 1.33939 8.70001
      vertex 32.0311 1.75 8.70001
    endloop
  endfacet
  facet normal 0 0 1
    outer loop
      vertex 32.4701 -0.456841 8.70001
      vertex 30.1402 -0.150105 8.70001
      vertex 32.3807 -0.905867 8.70001
    endloop
  endfacet
  facet normal 0 0 1
    outer loop
      vertex 29.9959 0.575 8.70001
      vertex 32.0311 1.75 8.70001
      vertex 31.7767 2.13066 8.70001
    endloop
  endfacet
  facet normal -0 0 1
    outer loop
      vertex 30.1108 -0.297642 8.70001
      vertex 32.3807 -0.905867 8.70001
      vertex 30.1402 -0.150105 8.70001
    endloop
  endfacet
  facet normal 0 0 1
    outer loop
      vertex 29.9124 0.700075 8.70001
      vertex 31.7767 2.13066 8.70001
      vertex 31.4749 2.47487 8.70001
    endloop
  endfacet
  facet normal 0 0 1
    outer loop
      vertex 32.3807 -0.905867 8.70001
      vertex 30.1108 -0.297642 8.70001
      vertex 32.2336 -1.33939 8.70001
    endloop
  endfacet
  facet normal 0 0 1
    outer loop
      vertex 29.8132 0.813172 8.70001
      vertex 31.4749 2.47487 8.70001
      vertex 31.1307 2.77674 8.70001
    endloop
  endfacet
  facet normal -0 0 1
    outer loop
      vertex 30.0625 -0.440085 8.70001
      vertex 32.2336 -1.33939 8.70001
      vertex 30.1108 -0.297642 8.70001
    endloop
  endfacet
  facet normal 0 0 1
    outer loop
      vertex 29.7001 0.912355 8.70001
      vertex 31.1307 2.77674 8.70001
      vertex 30.75 3.03109 8.70001
    endloop
  endfacet
  facet normal 0 0 1
    outer loop
      vertex 32.2336 -1.33939 8.70001
      vertex 30.0625 -0.440085 8.70001
      vertex 32.0311 -1.75 8.70001
    endloop
  endfacet
  facet normal 0 0 1
    outer loop
      vertex 29.575 0.995929 8.70001
      vertex 30.75 3.03109 8.70001
      vertex 30.3394 3.23358 8.70001
    endloop
  endfacet
  facet normal -0 0 1
    outer loop
      vertex 29.9959 -0.575 8.70001
      vertex 32.0311 -1.75 8.70001
      vertex 30.0625 -0.440085 8.70001
    endloop
  endfacet
  facet normal 0 0 1
    outer loop
      vertex 32.0311 -1.75 8.70001
      vertex 29.9959 -0.575 8.70001
      vertex 31.7767 -2.13066 8.70001
    endloop
  endfacet
  facet normal 0 0 1
    outer loop
      vertex 32.4701 0.456841 8.70001
      vertex 30.1402 0.150105 8.70001
      vertex 30.15 0 8.70001
    endloop
  endfacet
  facet normal 0 0 1
    outer loop
      vertex 32.3807 0.905867 8.70001
      vertex 30.1108 0.297642 8.70001
      vertex 30.1402 0.150105 8.70001
    endloop
  endfacet
  facet normal 0 0 1
    outer loop
      vertex 32.2336 1.33939 8.70001
      vertex 30.0625 0.440085 8.70001
      vertex 30.1108 0.297642 8.70001
    endloop
  endfacet
  facet normal 0 0 1
    outer loop
      vertex 32.0311 1.75 8.70001
      vertex 29.9959 0.575 8.70001
      vertex 30.0625 0.440085 8.70001
    endloop
  endfacet
  facet normal 0 0 1
    outer loop
      vertex 31.7767 2.13066 8.70001
      vertex 29.9124 0.700075 8.70001
      vertex 29.9959 0.575 8.70001
    endloop
  endfacet
  facet normal 0 0 1
    outer loop
      vertex 29.4401 1.06246 8.70001
      vertex 30.3394 3.23358 8.70001
      vertex 29.9059 3.38074 8.70001
    endloop
  endfacet
  facet normal 0 0 1
    outer loop
      vertex 31.4749 2.47487 8.70001
      vertex 29.8132 0.813172 8.70001
      vertex 29.9124 0.700075 8.70001
    endloop
  endfacet
  facet normal 0 0 1
    outer loop
      vertex 31.1307 2.77674 8.70001
      vertex 29.7001 0.912355 8.70001
      vertex 29.8132 0.813172 8.70001
    endloop
  endfacet
  facet normal 0 0 1
    outer loop
      vertex 30.75 3.03109 8.70001
      vertex 29.575 0.995929 8.70001
      vertex 29.7001 0.912355 8.70001
    endloop
  endfacet
  facet normal 0 0 1
    outer loop
      vertex 29.2976 1.11081 8.70001
      vertex 29.9059 3.38074 8.70001
      vertex 29.4568 3.47006 8.70001
    endloop
  endfacet
  facet normal 0 0 1
    outer loop
      vertex 30.3394 3.23358 8.70001
      vertex 29.4401 1.06246 8.70001
      vertex 29.575 0.995929 8.70001
    endloop
  endfacet
  facet normal 0 0 1
    outer loop
      vertex 29.9059 3.38074 8.70001
      vertex 29.2976 1.11081 8.70001
      vertex 29.4401 1.06246 8.70001
    endloop
  endfacet
  facet normal 0 0 1
    outer loop
      vertex 29.4568 3.47006 8.70001
      vertex 29.1501 1.14016 8.70001
      vertex 29.2976 1.11081 8.70001
    endloop
  endfacet
  facet normal 0 0 1
    outer loop
      vertex 29 3.5 8.70001
      vertex 29.1501 1.14016 8.70001
      vertex 29.4568 3.47006 8.70001
    endloop
  endfacet
  facet normal 0 0 1
    outer loop
      vertex 29 3.5 8.70001
      vertex 29 1.15 8.70001
      vertex 29.1501 1.14016 8.70001
    endloop
  endfacet
  facet normal 0 0 1
    outer loop
      vertex 29 3.5 8.70001
      vertex 28.8499 1.14016 8.70001
      vertex 29 1.15 8.70001
    endloop
  endfacet
  facet normal -0 0 1
    outer loop
      vertex 28.5432 3.47006 8.70001
      vertex 28.8499 1.14016 8.70001
      vertex 29 3.5 8.70001
    endloop
  endfacet
  facet normal 0 0 1
    outer loop
      vertex 28.8499 1.14016 8.70001
      vertex 28.5432 3.47006 8.70001
      vertex 28.7024 1.11081 8.70001
    endloop
  endfacet
  facet normal -0 0 1
    outer loop
      vertex 28.0941 3.38074 8.70001
      vertex 28.7024 1.11081 8.70001
      vertex 28.5432 3.47006 8.70001
    endloop
  endfacet
  facet normal 0 0 1
    outer loop
      vertex 28.7024 1.11081 8.70001
      vertex 28.0941 3.38074 8.70001
      vertex 28.5599 1.06246 8.70001
    endloop
  endfacet
  facet normal -0 0 1
    outer loop
      vertex 27.6606 3.23358 8.70001
      vertex 28.5599 1.06246 8.70001
      vertex 28.0941 3.38074 8.70001
    endloop
  endfacet
  facet normal 0 0 1
    outer loop
      vertex 28.5599 1.06246 8.70001
      vertex 27.6606 3.23358 8.70001
      vertex 28.425 0.995929 8.70001
    endloop
  endfacet
  facet normal -0 0 1
    outer loop
      vertex 27.25 3.03109 8.70001
      vertex 28.425 0.995929 8.70001
      vertex 27.6606 3.23358 8.70001
    endloop
  endfacet
  facet normal -0 0 1
    outer loop
      vertex 27 2.86404 8.70001
      vertex 28.425 0.995929 8.70001
      vertex 27.25 3.03109 8.70001
    endloop
  endfacet
  facet normal 0 0 1
    outer loop
      vertex 28.425 0.995929 8.70001
      vertex 27 2.86404 8.70001
      vertex 28.2999 0.912355 8.70001
    endloop
  endfacet
  facet normal 0 0 1
    outer loop
      vertex 28.2999 0.912355 8.70001
      vertex 27 2.86404 8.70001
      vertex 28.1868 0.813172 8.70001
    endloop
  endfacet
  facet normal 0 0 1
    outer loop
      vertex 28.1868 0.813172 8.70001
      vertex 27 2.86404 8.70001
      vertex 28.0876 0.700075 8.70001
    endloop
  endfacet
  facet normal 0 0 1
    outer loop
      vertex 28.0876 0.700075 8.70001
      vertex 27 2.86404 8.70001
      vertex 28.0041 0.575 8.70001
    endloop
  endfacet
  facet normal 0 0 1
    outer loop
      vertex 27.9375 0.440085 8.70001
      vertex 27 2.86404 8.70001
      vertex 27.8892 0.297642 8.70001
    endloop
  endfacet
  facet normal 0 0 1
    outer loop
      vertex 28.0041 0.575 8.70001
      vertex 27 2.86404 8.70001
      vertex 27.9375 0.440085 8.70001
    endloop
  endfacet
  facet normal -0 0 1
    outer loop
      vertex 29.9124 -0.700075 8.70001
      vertex 31.7767 -2.13066 8.70001
      vertex 29.9959 -0.575 8.70001
    endloop
  endfacet
  facet normal 0 0 1
    outer loop
      vertex 31.7767 -2.13066 8.70001
      vertex 29.9124 -0.700075 8.70001
      vertex 31.4749 -2.47487 8.70001
    endloop
  endfacet
  facet normal -0 0 1
    outer loop
      vertex 29.8132 -0.813172 8.70001
      vertex 31.4749 -2.47487 8.70001
      vertex 29.9124 -0.700075 8.70001
    endloop
  endfacet
  facet normal 0 0 1
    outer loop
      vertex 31.4749 -2.47487 8.70001
      vertex 29.8132 -0.813172 8.70001
      vertex 31.1307 -2.77674 8.70001
    endloop
  endfacet
  facet normal -0 0 1
    outer loop
      vertex 29.7001 -0.912355 8.70001
      vertex 31.1307 -2.77674 8.70001
      vertex 29.8132 -0.813172 8.70001
    endloop
  endfacet
  facet normal 0 0 1
    outer loop
      vertex 31.1307 -2.77674 8.70001
      vertex 29.7001 -0.912355 8.70001
      vertex 30.75 -3.03109 8.70001
    endloop
  endfacet
  facet normal -0 0 1
    outer loop
      vertex 29.575 -0.995929 8.70001
      vertex 30.75 -3.03109 8.70001
      vertex 29.7001 -0.912355 8.70001
    endloop
  endfacet
  facet normal 0 0 1
    outer loop
      vertex 30.75 -3.03109 8.70001
      vertex 29.575 -0.995929 8.70001
      vertex 30.3394 -3.23358 8.70001
    endloop
  endfacet
  facet normal -0 0 1
    outer loop
      vertex 29.4401 -1.06246 8.70001
      vertex 30.3394 -3.23358 8.70001
      vertex 29.575 -0.995929 8.70001
    endloop
  endfacet
  facet normal 0 0 1
    outer loop
      vertex 30.3394 -3.23358 8.70001
      vertex 29.4401 -1.06246 8.70001
      vertex 29.9059 -3.38074 8.70001
    endloop
  endfacet
  facet normal -0 0 1
    outer loop
      vertex 29.2976 -1.11081 8.70001
      vertex 29.9059 -3.38074 8.70001
      vertex 29.4401 -1.06246 8.70001
    endloop
  endfacet
  facet normal 0 0 1
    outer loop
      vertex 29.9059 -3.38074 8.70001
      vertex 29.2976 -1.11081 8.70001
      vertex 29.4568 -3.47006 8.70001
    endloop
  endfacet
  facet normal -0 0 1
    outer loop
      vertex 29.1501 -1.14016 8.70001
      vertex 29.4568 -3.47006 8.70001
      vertex 29.2976 -1.11081 8.70001
    endloop
  endfacet
  facet normal -0 0 1
    outer loop
      vertex 29 -1.15 8.70001
      vertex 29.4568 -3.47006 8.70001
      vertex 29.1501 -1.14016 8.70001
    endloop
  endfacet
  facet normal 0 0 1
    outer loop
      vertex 29 -1.15 8.70001
      vertex 29 -3.5 8.70001
      vertex 29.4568 -3.47006 8.70001
    endloop
  endfacet
  facet normal 0 0 1
    outer loop
      vertex 28.8499 -1.14016 8.70001
      vertex 29 -3.5 8.70001
      vertex 29 -1.15 8.70001
    endloop
  endfacet
  facet normal 0 0 1
    outer loop
      vertex 28.5432 -3.47006 8.70001
      vertex 28.8499 -1.14016 8.70001
      vertex 28.7024 -1.11081 8.70001
    endloop
  endfacet
  facet normal 0 0 1
    outer loop
      vertex 28.0941 -3.38074 8.70001
      vertex 28.7024 -1.11081 8.70001
      vertex 28.5599 -1.06246 8.70001
    endloop
  endfacet
  facet normal 0 0 1
    outer loop
      vertex 28.8499 -1.14016 8.70001
      vertex 28.5432 -3.47006 8.70001
      vertex 29 -3.5 8.70001
    endloop
  endfacet
  facet normal 0 0 1
    outer loop
      vertex 27.6606 -3.23358 8.70001
      vertex 28.5599 -1.06246 8.70001
      vertex 28.425 -0.995929 8.70001
    endloop
  endfacet
  facet normal 0 0 1
    outer loop
      vertex 27 -2.86404 8.70001
      vertex 28.425 -0.995929 8.70001
      vertex 28.2999 -0.912355 8.70001
    endloop
  endfacet
  facet normal 0 0 1
    outer loop
      vertex 27 -2.86404 8.70001
      vertex 28.2999 -0.912355 8.70001
      vertex 28.1868 -0.813172 8.70001
    endloop
  endfacet
  facet normal 0 0 1
    outer loop
      vertex 28.7024 -1.11081 8.70001
      vertex 28.0941 -3.38074 8.70001
      vertex 28.5432 -3.47006 8.70001
    endloop
  endfacet
  facet normal 0 0 1
    outer loop
      vertex 27 -2.86404 8.70001
      vertex 28.1868 -0.813172 8.70001
      vertex 28.0876 -0.700075 8.70001
    endloop
  endfacet
  facet normal 0 0 1
    outer loop
      vertex 27 -2.86404 8.70001
      vertex 28.0876 -0.700075 8.70001
      vertex 28.0041 -0.575 8.70001
    endloop
  endfacet
  facet normal 0 0 1
    outer loop
      vertex 27 -2.86404 8.70001
      vertex 28.0041 -0.575 8.70001
      vertex 27.9375 -0.440085 8.70001
    endloop
  endfacet
  facet normal 0 0 1
    outer loop
      vertex 27 -2.86404 8.70001
      vertex 27.9375 -0.440085 8.70001
      vertex 27.8892 -0.297642 8.70001
    endloop
  endfacet
  facet normal 0 0 1
    outer loop
      vertex 27 -2.86404 8.70001
      vertex 27.8892 -0.297642 8.70001
      vertex 27.8598 -0.150105 8.70001
    endloop
  endfacet
  facet normal 0 0 1
    outer loop
      vertex 28.5599 -1.06246 8.70001
      vertex 27.6606 -3.23358 8.70001
      vertex 28.0941 -3.38074 8.70001
    endloop
  endfacet
  facet normal 0 0 1
    outer loop
      vertex 27 -2.86404 8.70001
      vertex 27.8598 -0.150105 8.70001
      vertex 27.85 0 8.70001
    endloop
  endfacet
  facet normal 0 0 1
    outer loop
      vertex 27.8892 0.297642 8.70001
      vertex 27 2.86404 8.70001
      vertex 27.8598 0.150105 8.70001
    endloop
  endfacet
  facet normal 0 0 1
    outer loop
      vertex 27.8598 0.150105 8.70001
      vertex 27 2.86404 8.70001
      vertex 27.85 0 8.70001
    endloop
  endfacet
  facet normal 0 0 1
    outer loop
      vertex 27 -2.86404 8.70001
      vertex 27.85 0 8.70001
      vertex 27 2.86404 8.70001
    endloop
  endfacet
  facet normal 0 0 1
    outer loop
      vertex 28.425 -0.995929 8.70001
      vertex 27 -2.86404 8.70001
      vertex 27.25 -3.03109 8.70001
    endloop
  endfacet
  facet normal 0 0 1
    outer loop
      vertex 28.425 -0.995929 8.70001
      vertex 27.25 -3.03109 8.70001
      vertex 27.6606 -3.23358 8.70001
    endloop
  endfacet
  facet normal 0 0 -1
    outer loop
      vertex 30.15 0 11.3
      vertex 32.5 0 11.3
      vertex 32.4701 -0.456841 11.3
    endloop
  endfacet
  facet normal 0 0 -1
    outer loop
      vertex 30.1402 -0.150105 11.3
      vertex 32.4701 -0.456841 11.3
      vertex 32.3807 -0.905867 11.3
    endloop
  endfacet
  facet normal 0 0 -1
    outer loop
      vertex 32.5 0 11.3
      vertex 30.15 0 11.3
      vertex 32.4701 0.456841 11.3
    endloop
  endfacet
  facet normal 0 0 -1
    outer loop
      vertex 30.1108 -0.297642 11.3
      vertex 32.3807 -0.905867 11.3
      vertex 32.2336 -1.33939 11.3
    endloop
  endfacet
  facet normal 0 0 -1
    outer loop
      vertex 30.1402 0.150105 11.3
      vertex 32.4701 0.456841 11.3
      vertex 30.15 0 11.3
    endloop
  endfacet
  facet normal 0 0 -1
    outer loop
      vertex 30.0625 -0.440085 11.3
      vertex 32.2336 -1.33939 11.3
      vertex 32.0311 -1.75 11.3
    endloop
  endfacet
  facet normal -0 0 -1
    outer loop
      vertex 32.4701 0.456841 11.3
      vertex 30.1402 0.150105 11.3
      vertex 32.3807 0.905867 11.3
    endloop
  endfacet
  facet normal 0 0 -1
    outer loop
      vertex 29.9959 -0.575 11.3
      vertex 32.0311 -1.75 11.3
      vertex 31.7767 -2.13066 11.3
    endloop
  endfacet
  facet normal 0 0 -1
    outer loop
      vertex 30.1108 0.297642 11.3
      vertex 32.3807 0.905867 11.3
      vertex 30.1402 0.150105 11.3
    endloop
  endfacet
  facet normal 0 0 -1
    outer loop
      vertex 29.9124 -0.700075 11.3
      vertex 31.7767 -2.13066 11.3
      vertex 31.4749 -2.47487 11.3
    endloop
  endfacet
  facet normal -0 0 -1
    outer loop
      vertex 32.3807 0.905867 11.3
      vertex 30.1108 0.297642 11.3
      vertex 32.2336 1.33939 11.3
    endloop
  endfacet
  facet normal 0 0 -1
    outer loop
      vertex 29.8132 -0.813172 11.3
      vertex 31.4749 -2.47487 11.3
      vertex 31.1307 -2.77674 11.3
    endloop
  endfacet
  facet normal 0 0 -1
    outer loop
      vertex 30.0625 0.440085 11.3
      vertex 32.2336 1.33939 11.3
      vertex 30.1108 0.297642 11.3
    endloop
  endfacet
  facet normal 0 0 -1
    outer loop
      vertex 29.7001 -0.912355 11.3
      vertex 31.1307 -2.77674 11.3
      vertex 30.75 -3.03109 11.3
    endloop
  endfacet
  facet normal -0 0 -1
    outer loop
      vertex 32.2336 1.33939 11.3
      vertex 30.0625 0.440085 11.3
      vertex 32.0311 1.75 11.3
    endloop
  endfacet
  facet normal 0 0 -1
    outer loop
      vertex 29.575 -0.995929 11.3
      vertex 30.75 -3.03109 11.3
      vertex 30.3394 -3.23358 11.3
    endloop
  endfacet
  facet normal 0 0 -1
    outer loop
      vertex 29.9959 0.575 11.3
      vertex 32.0311 1.75 11.3
      vertex 30.0625 0.440085 11.3
    endloop
  endfacet
  facet normal -0 0 -1
    outer loop
      vertex 32.0311 1.75 11.3
      vertex 29.9959 0.575 11.3
      vertex 31.7767 2.13066 11.3
    endloop
  endfacet
  facet normal 0 0 -1
    outer loop
      vertex 32.4701 -0.456841 11.3
      vertex 30.1402 -0.150105 11.3
      vertex 30.15 0 11.3
    endloop
  endfacet
  facet normal 0 0 -1
    outer loop
      vertex 32.3807 -0.905867 11.3
      vertex 30.1108 -0.297642 11.3
      vertex 30.1402 -0.150105 11.3
    endloop
  endfacet
  facet normal 0 0 -1
    outer loop
      vertex 32.2336 -1.33939 11.3
      vertex 30.0625 -0.440085 11.3
      vertex 30.1108 -0.297642 11.3
    endloop
  endfacet
  facet normal 0 0 -1
    outer loop
      vertex 32.0311 -1.75 11.3
      vertex 29.9959 -0.575 11.3
      vertex 30.0625 -0.440085 11.3
    endloop
  endfacet
  facet normal 0 0 -1
    outer loop
      vertex 31.7767 -2.13066 11.3
      vertex 29.9124 -0.700075 11.3
      vertex 29.9959 -0.575 11.3
    endloop
  endfacet
  facet normal 0 0 -1
    outer loop
      vertex 29.4401 -1.06246 11.3
      vertex 30.3394 -3.23358 11.3
      vertex 29.9059 -3.38074 11.3
    endloop
  endfacet
  facet normal 0 0 -1
    outer loop
      vertex 31.4749 -2.47487 11.3
      vertex 29.8132 -0.813172 11.3
      vertex 29.9124 -0.700075 11.3
    endloop
  endfacet
  facet normal 0 0 -1
    outer loop
      vertex 31.1307 -2.77674 11.3
      vertex 29.7001 -0.912355 11.3
      vertex 29.8132 -0.813172 11.3
    endloop
  endfacet
  facet normal 0 0 -1
    outer loop
      vertex 30.75 -3.03109 11.3
      vertex 29.575 -0.995929 11.3
      vertex 29.7001 -0.912355 11.3
    endloop
  endfacet
  facet normal 0 0 -1
    outer loop
      vertex 29.2976 -1.11081 11.3
      vertex 29.9059 -3.38074 11.3
      vertex 29.4568 -3.47006 11.3
    endloop
  endfacet
  facet normal 0 0 -1
    outer loop
      vertex 30.3394 -3.23358 11.3
      vertex 29.4401 -1.06246 11.3
      vertex 29.575 -0.995929 11.3
    endloop
  endfacet
  facet normal 0 0 -1
    outer loop
      vertex 29.9059 -3.38074 11.3
      vertex 29.2976 -1.11081 11.3
      vertex 29.4401 -1.06246 11.3
    endloop
  endfacet
  facet normal 0 0 -1
    outer loop
      vertex 29.4568 -3.47006 11.3
      vertex 29.1501 -1.14016 11.3
      vertex 29.2976 -1.11081 11.3
    endloop
  endfacet
  facet normal 0 0 -1
    outer loop
      vertex 29 -3.5 11.3
      vertex 29.1501 -1.14016 11.3
      vertex 29.4568 -3.47006 11.3
    endloop
  endfacet
  facet normal 0 0 -1
    outer loop
      vertex 29 -3.5 11.3
      vertex 29 -1.15 11.3
      vertex 29.1501 -1.14016 11.3
    endloop
  endfacet
  facet normal 0 0 -1
    outer loop
      vertex 29 -3.5 11.3
      vertex 28.8499 -1.14016 11.3
      vertex 29 -1.15 11.3
    endloop
  endfacet
  facet normal 0 0 -1
    outer loop
      vertex 28.5432 -3.47006 11.3
      vertex 28.8499 -1.14016 11.3
      vertex 29 -3.5 11.3
    endloop
  endfacet
  facet normal -0 0 -1
    outer loop
      vertex 28.8499 -1.14016 11.3
      vertex 28.5432 -3.47006 11.3
      vertex 28.7024 -1.11081 11.3
    endloop
  endfacet
  facet normal 0 0 -1
    outer loop
      vertex 28.0941 -3.38074 11.3
      vertex 28.7024 -1.11081 11.3
      vertex 28.5432 -3.47006 11.3
    endloop
  endfacet
  facet normal -0 0 -1
    outer loop
      vertex 28.7024 -1.11081 11.3
      vertex 28.0941 -3.38074 11.3
      vertex 28.5599 -1.06246 11.3
    endloop
  endfacet
  facet normal 0 0 -1
    outer loop
      vertex 27.6606 -3.23358 11.3
      vertex 28.5599 -1.06246 11.3
      vertex 28.0941 -3.38074 11.3
    endloop
  endfacet
  facet normal -0 0 -1
    outer loop
      vertex 28.5599 -1.06246 11.3
      vertex 27.6606 -3.23358 11.3
      vertex 28.425 -0.995929 11.3
    endloop
  endfacet
  facet normal 0 0 -1
    outer loop
      vertex 27.25 -3.03109 11.3
      vertex 28.425 -0.995929 11.3
      vertex 27.6606 -3.23358 11.3
    endloop
  endfacet
  facet normal 0 0 -1
    outer loop
      vertex 27 -2.86404 11.3
      vertex 28.425 -0.995929 11.3
      vertex 27.25 -3.03109 11.3
    endloop
  endfacet
  facet normal -0 0 -1
    outer loop
      vertex 28.425 -0.995929 11.3
      vertex 27 -2.86404 11.3
      vertex 28.2999 -0.912355 11.3
    endloop
  endfacet
  facet normal -0 0 -1
    outer loop
      vertex 28.2999 -0.912355 11.3
      vertex 27 -2.86404 11.3
      vertex 28.1868 -0.813172 11.3
    endloop
  endfacet
  facet normal -0 0 -1
    outer loop
      vertex 28.1868 -0.813172 11.3
      vertex 27 -2.86404 11.3
      vertex 28.0876 -0.700075 11.3
    endloop
  endfacet
  facet normal -0 0 -1
    outer loop
      vertex 28.0876 -0.700075 11.3
      vertex 27 -2.86404 11.3
      vertex 28.0041 -0.575 11.3
    endloop
  endfacet
  facet normal -0 0 -1
    outer loop
      vertex 27.9375 -0.440085 11.3
      vertex 27 -2.86404 11.3
      vertex 27.8892 -0.297642 11.3
    endloop
  endfacet
  facet normal -0 0 -1
    outer loop
      vertex 28.0041 -0.575 11.3
      vertex 27 -2.86404 11.3
      vertex 27.9375 -0.440085 11.3
    endloop
  endfacet
  facet normal 0 0 -1
    outer loop
      vertex 29.9124 0.700075 11.3
      vertex 31.7767 2.13066 11.3
      vertex 29.9959 0.575 11.3
    endloop
  endfacet
  facet normal -0 0 -1
    outer loop
      vertex 31.7767 2.13066 11.3
      vertex 29.9124 0.700075 11.3
      vertex 31.4749 2.47487 11.3
    endloop
  endfacet
  facet normal 0 0 -1
    outer loop
      vertex 29.8132 0.813172 11.3
      vertex 31.4749 2.47487 11.3
      vertex 29.9124 0.700075 11.3
    endloop
  endfacet
  facet normal -0 0 -1
    outer loop
      vertex 31.4749 2.47487 11.3
      vertex 29.8132 0.813172 11.3
      vertex 31.1307 2.77674 11.3
    endloop
  endfacet
  facet normal 0 0 -1
    outer loop
      vertex 29.7001 0.912355 11.3
      vertex 31.1307 2.77674 11.3
      vertex 29.8132 0.813172 11.3
    endloop
  endfacet
  facet normal -0 0 -1
    outer loop
      vertex 31.1307 2.77674 11.3
      vertex 29.7001 0.912355 11.3
      vertex 30.75 3.03109 11.3
    endloop
  endfacet
  facet normal 0 0 -1
    outer loop
      vertex 29.575 0.995929 11.3
      vertex 30.75 3.03109 11.3
      vertex 29.7001 0.912355 11.3
    endloop
  endfacet
  facet normal -0 0 -1
    outer loop
      vertex 30.75 3.03109 11.3
      vertex 29.575 0.995929 11.3
      vertex 30.3394 3.23358 11.3
    endloop
  endfacet
  facet normal 0 0 -1
    outer loop
      vertex 29.4401 1.06246 11.3
      vertex 30.3394 3.23358 11.3
      vertex 29.575 0.995929 11.3
    endloop
  endfacet
  facet normal -0 0 -1
    outer loop
      vertex 30.3394 3.23358 11.3
      vertex 29.4401 1.06246 11.3
      vertex 29.9059 3.38074 11.3
    endloop
  endfacet
  facet normal 0 0 -1
    outer loop
      vertex 29.2976 1.11081 11.3
      vertex 29.9059 3.38074 11.3
      vertex 29.4401 1.06246 11.3
    endloop
  endfacet
  facet normal -0 0 -1
    outer loop
      vertex 29.9059 3.38074 11.3
      vertex 29.2976 1.11081 11.3
      vertex 29.4568 3.47006 11.3
    endloop
  endfacet
  facet normal 0 0 -1
    outer loop
      vertex 29.1501 1.14016 11.3
      vertex 29.4568 3.47006 11.3
      vertex 29.2976 1.11081 11.3
    endloop
  endfacet
  facet normal 0 0 -1
    outer loop
      vertex 29 1.15 11.3
      vertex 29.4568 3.47006 11.3
      vertex 29.1501 1.14016 11.3
    endloop
  endfacet
  facet normal 0 0 -1
    outer loop
      vertex 29 1.15 11.3
      vertex 29 3.5 11.3
      vertex 29.4568 3.47006 11.3
    endloop
  endfacet
  facet normal 0 0 -1
    outer loop
      vertex 28.8499 1.14016 11.3
      vertex 29 3.5 11.3
      vertex 29 1.15 11.3
    endloop
  endfacet
  facet normal 0 0 -1
    outer loop
      vertex 28.5432 3.47006 11.3
      vertex 28.8499 1.14016 11.3
      vertex 28.7024 1.11081 11.3
    endloop
  endfacet
  facet normal 0 0 -1
    outer loop
      vertex 28.0941 3.38074 11.3
      vertex 28.7024 1.11081 11.3
      vertex 28.5599 1.06246 11.3
    endloop
  endfacet
  facet normal 0 0 -1
    outer loop
      vertex 28.8499 1.14016 11.3
      vertex 28.5432 3.47006 11.3
      vertex 29 3.5 11.3
    endloop
  endfacet
  facet normal 0 0 -1
    outer loop
      vertex 27.6606 3.23358 11.3
      vertex 28.5599 1.06246 11.3
      vertex 28.425 0.995929 11.3
    endloop
  endfacet
  facet normal 0 0 -1
    outer loop
      vertex 27 2.86404 11.3
      vertex 28.425 0.995929 11.3
      vertex 28.2999 0.912355 11.3
    endloop
  endfacet
  facet normal 0 0 -1
    outer loop
      vertex 27 2.86404 11.3
      vertex 28.2999 0.912355 11.3
      vertex 28.1868 0.813172 11.3
    endloop
  endfacet
  facet normal 0 0 -1
    outer loop
      vertex 28.7024 1.11081 11.3
      vertex 28.0941 3.38074 11.3
      vertex 28.5432 3.47006 11.3
    endloop
  endfacet
  facet normal 0 0 -1
    outer loop
      vertex 27 2.86404 11.3
      vertex 28.1868 0.813172 11.3
      vertex 28.0876 0.700075 11.3
    endloop
  endfacet
  facet normal 0 0 -1
    outer loop
      vertex 27 2.86404 11.3
      vertex 28.0876 0.700075 11.3
      vertex 28.0041 0.575 11.3
    endloop
  endfacet
  facet normal 0 0 -1
    outer loop
      vertex 27 2.86404 11.3
      vertex 28.0041 0.575 11.3
      vertex 27.9375 0.440085 11.3
    endloop
  endfacet
  facet normal 0 0 -1
    outer loop
      vertex 27 2.86404 11.3
      vertex 27.9375 0.440085 11.3
      vertex 27.8892 0.297642 11.3
    endloop
  endfacet
  facet normal 0 0 -1
    outer loop
      vertex 27 2.86404 11.3
      vertex 27.8892 0.297642 11.3
      vertex 27.8598 0.150105 11.3
    endloop
  endfacet
  facet normal 0 0 -1
    outer loop
      vertex 28.5599 1.06246 11.3
      vertex 27.6606 3.23358 11.3
      vertex 28.0941 3.38074 11.3
    endloop
  endfacet
  facet normal 0 0 -1
    outer loop
      vertex 27 2.86404 11.3
      vertex 27.8598 0.150105 11.3
      vertex 27.85 0 11.3
    endloop
  endfacet
  facet normal -0 0 -1
    outer loop
      vertex 27.8892 -0.297642 11.3
      vertex 27 -2.86404 11.3
      vertex 27.8598 -0.150105 11.3
    endloop
  endfacet
  facet normal -0 0 -1
    outer loop
      vertex 27.8598 -0.150105 11.3
      vertex 27 -2.86404 11.3
      vertex 27.85 0 11.3
    endloop
  endfacet
  facet normal 0 0 -1
    outer loop
      vertex 27 2.86404 11.3
      vertex 27.85 0 11.3
      vertex 27 -2.86404 11.3
    endloop
  endfacet
  facet normal 0 0 -1
    outer loop
      vertex 28.425 0.995929 11.3
      vertex 27 2.86404 11.3
      vertex 27.25 3.03109 11.3
    endloop
  endfacet
  facet normal 0 0 -1
    outer loop
      vertex 28.425 0.995929 11.3
      vertex 27.25 3.03109 11.3
      vertex 27.6606 3.23358 11.3
    endloop
  endfacet
  facet normal 1 -0 0
    outer loop
      vertex 27 -2.86404 11.3
      vertex 27 2.86404 8.70001
      vertex 27 2.86404 11.3
    endloop
  endfacet
  facet normal 1 0 0
    outer loop
      vertex 27 2.86404 8.70001
      vertex 27 -2.86404 11.3
      vertex 27 -2.86404 8.70001
    endloop
  endfacet
endsolid OpenSCAD_Model
