solid OpenSCAD_Model
  facet normal 0.707107 0.707107 0
    outer loop
      vertex 33 21 1.2
      vertex 30 24 0
      vertex 30 24 1.2
    endloop
  endfacet
  facet normal 0.707107 0.707107 0
    outer loop
      vertex 30 24 0
      vertex 33 21 1.2
      vertex 33 21 0
    endloop
  endfacet
  facet normal 0 0 1
    outer loop
      vertex 28.1868 -0.813172 1.2
      vertex 8.69144 -9.16948 1.2
      vertex 8.7 -9.3 1.2
    endloop
  endfacet
  facet normal 0 0 1
    outer loop
      vertex 9.65663 3.31027 1.2
      vertex 8.66592 -9.04118 1.2
      vertex 8.69144 -9.16948 1.2
    endloop
  endfacet
  facet normal 0 0 1
    outer loop
      vertex 9.65663 3.31027 1.2
      vertex 8.62387 -8.91731 1.2
      vertex 8.66592 -9.04118 1.2
    endloop
  endfacet
  facet normal 0 0 1
    outer loop
      vertex 9.65663 3.31027 1.2
      vertex 8.56602 -8.8 1.2
      vertex 8.62387 -8.91731 1.2
    endloop
  endfacet
  facet normal 0 0 1
    outer loop
      vertex 9.65663 3.31027 1.2
      vertex 8.49335 -8.69124 1.2
      vertex 8.56602 -8.8 1.2
    endloop
  endfacet
  facet normal 0 0 1
    outer loop
      vertex 9.65663 3.31027 1.2
      vertex 8.4071 -8.5929 1.2
      vertex 8.49335 -8.69124 1.2
    endloop
  endfacet
  facet normal 0 0 1
    outer loop
      vertex 9.65663 3.31027 1.2
      vertex 8.30876 -8.50665 1.2
      vertex 8.4071 -8.5929 1.2
    endloop
  endfacet
  facet normal 0 0 1
    outer loop
      vertex 9.65663 3.31027 1.2
      vertex 8.2 -8.43398 1.2
      vertex 8.30876 -8.50665 1.2
    endloop
  endfacet
  facet normal 0 0 1
    outer loop
      vertex 9.65663 3.31027 1.2
      vertex 8.08269 -8.37613 1.2
      vertex 8.2 -8.43398 1.2
    endloop
  endfacet
  facet normal 0 0 1
    outer loop
      vertex 9.5 3.3 1.2
      vertex 7.95882 -8.33408 1.2
      vertex 8.08269 -8.37613 1.2
    endloop
  endfacet
  facet normal 0 0 1
    outer loop
      vertex 9.5 3.3 1.2
      vertex 7.83052 -8.30856 1.2
      vertex 7.95882 -8.33408 1.2
    endloop
  endfacet
  facet normal 0 0 1
    outer loop
      vertex 9.5 3.3 1.2
      vertex 7.7 -8.3 1.2
      vertex 7.83052 -8.30856 1.2
    endloop
  endfacet
  facet normal 0 0 1
    outer loop
      vertex 9.5 3.3 1.2
      vertex -7.7 -8.3 1.2
      vertex 7.7 -8.3 1.2
    endloop
  endfacet
  facet normal -0 0 1
    outer loop
      vertex -9.5 3.3 1.2
      vertex -7.7 -8.3 1.2
      vertex 9.5 3.3 1.2
    endloop
  endfacet
  facet normal 0 0 1
    outer loop
      vertex -7.7 -8.3 1.2
      vertex -9.5 3.3 1.2
      vertex -7.83052 -8.30856 1.2
    endloop
  endfacet
  facet normal 0 0 1
    outer loop
      vertex -7.83052 -8.30856 1.2
      vertex -9.5 3.3 1.2
      vertex -7.95882 -8.33408 1.2
    endloop
  endfacet
  facet normal 0 0 1
    outer loop
      vertex -7.95882 -8.33408 1.2
      vertex -9.5 3.3 1.2
      vertex -8.08269 -8.37613 1.2
    endloop
  endfacet
  facet normal 0 0 1
    outer loop
      vertex -8.49335 -8.69124 1.2
      vertex -10.2305 3.54797 1.2
      vertex -8.56602 -8.8 1.2
    endloop
  endfacet
  facet normal 0 0 1
    outer loop
      vertex -10.2305 3.54797 1.2
      vertex -8.49335 -8.69124 1.2
      vertex -10.1 3.46077 1.2
    endloop
  endfacet
  facet normal 0 0 1
    outer loop
      vertex -8.4071 -8.5929 1.2
      vertex -10.1 3.46077 1.2
      vertex -8.49335 -8.69124 1.2
    endloop
  endfacet
  facet normal 0 0 1
    outer loop
      vertex -10.1 3.46077 1.2
      vertex -8.4071 -8.5929 1.2
      vertex -9.95921 3.39134 1.2
    endloop
  endfacet
  facet normal 0 0 1
    outer loop
      vertex -8.30876 -8.50665 1.2
      vertex -9.95921 3.39134 1.2
      vertex -8.4071 -8.5929 1.2
    endloop
  endfacet
  facet normal 0 0 1
    outer loop
      vertex -9.95921 3.39134 1.2
      vertex -8.30876 -8.50665 1.2
      vertex -9.81058 3.3409 1.2
    endloop
  endfacet
  facet normal 0 0 1
    outer loop
      vertex -8.2 -8.43398 1.2
      vertex -9.81058 3.3409 1.2
      vertex -8.30876 -8.50665 1.2
    endloop
  endfacet
  facet normal 0 0 1
    outer loop
      vertex -9.81058 3.3409 1.2
      vertex -8.2 -8.43398 1.2
      vertex -9.65663 3.31027 1.2
    endloop
  endfacet
  facet normal 0 0 1
    outer loop
      vertex -8.08269 -8.37613 1.2
      vertex -9.65663 3.31027 1.2
      vertex -8.2 -8.43398 1.2
    endloop
  endfacet
  facet normal 0 0 1
    outer loop
      vertex -9.65663 3.31027 1.2
      vertex -8.08269 -8.37613 1.2
      vertex -9.5 3.3 1.2
    endloop
  endfacet
  facet normal 0 0 1
    outer loop
      vertex 33 21 1.2
      vertex 30.15 0 1.2
      vertex 33 -21 1.2
    endloop
  endfacet
  facet normal 0 0 1
    outer loop
      vertex 33 21 1.2
      vertex 30.1402 0.150105 1.2
      vertex 30.15 0 1.2
    endloop
  endfacet
  facet normal 0 0 1
    outer loop
      vertex 33 21 1.2
      vertex 30.1108 0.297642 1.2
      vertex 30.1402 0.150105 1.2
    endloop
  endfacet
  facet normal 0 0 1
    outer loop
      vertex 33 21 1.2
      vertex 30.0625 0.440085 1.2
      vertex 30.1108 0.297642 1.2
    endloop
  endfacet
  facet normal 0 0 1
    outer loop
      vertex 10.6897 11.6566 1.2
      vertex 33 21 1.2
      vertex 30 24 1.2
    endloop
  endfacet
  facet normal 0 0 1
    outer loop
      vertex 33 21 1.2
      vertex 29.9959 0.575 1.2
      vertex 30.0625 0.440085 1.2
    endloop
  endfacet
  facet normal 0 0 1
    outer loop
      vertex 33 21 1.2
      vertex 29.9124 0.700075 1.2
      vertex 29.9959 0.575 1.2
    endloop
  endfacet
  facet normal 0 0 1
    outer loop
      vertex 33 21 1.2
      vertex 29.8132 0.813172 1.2
      vertex 29.9124 0.700075 1.2
    endloop
  endfacet
  facet normal 0 0 1
    outer loop
      vertex 33 21 1.2
      vertex 29.7001 0.912355 1.2
      vertex 29.8132 0.813172 1.2
    endloop
  endfacet
  facet normal 0 0 1
    outer loop
      vertex 33 21 1.2
      vertex 29.575 0.995929 1.2
      vertex 29.7001 0.912355 1.2
    endloop
  endfacet
  facet normal 0 0 1
    outer loop
      vertex 33 21 1.2
      vertex 29.4401 1.06246 1.2
      vertex 29.575 0.995929 1.2
    endloop
  endfacet
  facet normal 0 0 1
    outer loop
      vertex 33 21 1.2
      vertex 29.2976 1.11081 1.2
      vertex 29.4401 1.06246 1.2
    endloop
  endfacet
  facet normal 0 0 1
    outer loop
      vertex 33 21 1.2
      vertex 29.1501 1.14016 1.2
      vertex 29.2976 1.11081 1.2
    endloop
  endfacet
  facet normal 0 0 1
    outer loop
      vertex 33 21 1.2
      vertex 29 1.15 1.2
      vertex 29.1501 1.14016 1.2
    endloop
  endfacet
  facet normal 0 0 1
    outer loop
      vertex 33 21 1.2
      vertex 28.8499 1.14016 1.2
      vertex 29 1.15 1.2
    endloop
  endfacet
  facet normal 0 0 1
    outer loop
      vertex 33 21 1.2
      vertex 28.7024 1.11081 1.2
      vertex 28.8499 1.14016 1.2
    endloop
  endfacet
  facet normal 0 0 1
    outer loop
      vertex 33 21 1.2
      vertex 28.5599 1.06246 1.2
      vertex 28.7024 1.11081 1.2
    endloop
  endfacet
  facet normal 0 0 1
    outer loop
      vertex 33 21 1.2
      vertex 10.6897 11.6566 1.2
      vertex 28.5599 1.06246 1.2
    endloop
  endfacet
  facet normal -0 -0 1
    outer loop
      vertex 10.7 11.5 1.2
      vertex 28.5599 1.06246 1.2
      vertex 10.6897 11.6566 1.2
    endloop
  endfacet
  facet normal 0 0 1
    outer loop
      vertex 28.5599 1.06246 1.2
      vertex 10.7 11.5 1.2
      vertex 28.425 0.995929 1.2
    endloop
  endfacet
  facet normal 0 0 1
    outer loop
      vertex 28.425 0.995929 1.2
      vertex 10.7 11.5 1.2
      vertex 28.2999 0.912355 1.2
    endloop
  endfacet
  facet normal 0 0 1
    outer loop
      vertex 28.2999 0.912355 1.2
      vertex 10.7 11.5 1.2
      vertex 28.1868 0.813172 1.2
    endloop
  endfacet
  facet normal -0 0 1
    outer loop
      vertex 10.7 4.5 1.2
      vertex 28.1868 0.813172 1.2
      vertex 10.7 11.5 1.2
    endloop
  endfacet
  facet normal 0 0 1
    outer loop
      vertex 28.1868 0.813172 1.2
      vertex 10.7 4.5 1.2
      vertex 28.0876 0.700075 1.2
    endloop
  endfacet
  facet normal 0 0 1
    outer loop
      vertex 28.0876 0.700075 1.2
      vertex 10.7 4.5 1.2
      vertex 28.0041 0.575 1.2
    endloop
  endfacet
  facet normal 0 0 1
    outer loop
      vertex 27.9375 0.440085 1.2
      vertex 10.6897 4.34337 1.2
      vertex 27.8892 0.297642 1.2
    endloop
  endfacet
  facet normal -0 0 1
    outer loop
      vertex 10.6897 4.34337 1.2
      vertex 27.9375 0.440085 1.2
      vertex 10.7 4.5 1.2
    endloop
  endfacet
  facet normal 0 0 1
    outer loop
      vertex 28.0041 0.575 1.2
      vertex 10.7 4.5 1.2
      vertex 27.9375 0.440085 1.2
    endloop
  endfacet
  facet normal 0 0 1
    outer loop
      vertex 30 24 1.2
      vertex 10.6591 11.8106 1.2
      vertex 10.6897 11.6566 1.2
    endloop
  endfacet
  facet normal 0 0 1
    outer loop
      vertex 30 24 1.2
      vertex 10.6087 11.9592 1.2
      vertex 10.6591 11.8106 1.2
    endloop
  endfacet
  facet normal 0 0 1
    outer loop
      vertex 30 24 1.2
      vertex 10.5392 12.1 1.2
      vertex 10.6087 11.9592 1.2
    endloop
  endfacet
  facet normal 0 0 1
    outer loop
      vertex 30 24 1.2
      vertex 10.452 12.2305 1.2
      vertex 10.5392 12.1 1.2
    endloop
  endfacet
  facet normal 0 0 1
    outer loop
      vertex 30 24 1.2
      vertex 10.3485 12.3485 1.2
      vertex 10.452 12.2305 1.2
    endloop
  endfacet
  facet normal 0 0 1
    outer loop
      vertex 30 24 1.2
      vertex 10.2305 12.452 1.2
      vertex 10.3485 12.3485 1.2
    endloop
  endfacet
  facet normal 0 0 1
    outer loop
      vertex 30 24 1.2
      vertex 10.1 12.5392 1.2
      vertex 10.2305 12.452 1.2
    endloop
  endfacet
  facet normal 0 0 1
    outer loop
      vertex 30 24 1.2
      vertex 9.95921 12.6087 1.2
      vertex 10.1 12.5392 1.2
    endloop
  endfacet
  facet normal 0 0 1
    outer loop
      vertex 30 24 1.2
      vertex 9.81058 12.6591 1.2
      vertex 9.95921 12.6087 1.2
    endloop
  endfacet
  facet normal 0 0 1
    outer loop
      vertex 30 24 1.2
      vertex 9.65663 12.6897 1.2
      vertex 9.81058 12.6591 1.2
    endloop
  endfacet
  facet normal 0 0 1
    outer loop
      vertex 30 24 1.2
      vertex 9.5 12.7 1.2
      vertex 9.65663 12.6897 1.2
    endloop
  endfacet
  facet normal -0 0 1
    outer loop
      vertex -23.4217 19.7537 1.2
      vertex 9.5 12.7 1.2
      vertex 30 24 1.2
    endloop
  endfacet
  facet normal 0 0 1
    outer loop
      vertex 9.5 12.7 1.2
      vertex -23.4217 19.7537 1.2
      vertex -9.5 12.7 1.2
    endloop
  endfacet
  facet normal -0 -0 1
    outer loop
      vertex -23.3282 19.6718 1.2
      vertex -9.5 12.7 1.2
      vertex -23.4217 19.7537 1.2
    endloop
  endfacet
  facet normal 0 0 1
    outer loop
      vertex -10.5392 12.1 1.2
      vertex -23.1773 18.525 1.2
      vertex -10.6087 11.9592 1.2
    endloop
  endfacet
  facet normal -0 0 1
    outer loop
      vertex -23.1773 18.525 1.2
      vertex -10.5392 12.1 1.2
      vertex -23.1223 18.6364 1.2
    endloop
  endfacet
  facet normal 0 0 1
    outer loop
      vertex -10.452 12.2305 1.2
      vertex -23.1223 18.6364 1.2
      vertex -10.5392 12.1 1.2
    endloop
  endfacet
  facet normal -0 0 1
    outer loop
      vertex -23.1223 18.6364 1.2
      vertex -10.452 12.2305 1.2
      vertex -23.0824 18.7541 1.2
    endloop
  endfacet
  facet normal 0 0 1
    outer loop
      vertex -10.3485 12.3485 1.2
      vertex -23.0824 18.7541 1.2
      vertex -10.452 12.2305 1.2
    endloop
  endfacet
  facet normal -0 0 1
    outer loop
      vertex -23.0824 18.7541 1.2
      vertex -10.3485 12.3485 1.2
      vertex -23.0581 18.876 1.2
    endloop
  endfacet
  facet normal 0 0 1
    outer loop
      vertex -10.2305 12.452 1.2
      vertex -23.0581 18.876 1.2
      vertex -10.3485 12.3485 1.2
    endloop
  endfacet
  facet normal -0 0 1
    outer loop
      vertex -23.0581 18.876 1.2
      vertex -10.2305 12.452 1.2
      vertex -23.05 19 1.2
    endloop
  endfacet
  facet normal 0 0 1
    outer loop
      vertex -10.1 12.5392 1.2
      vertex -23.05 19 1.2
      vertex -10.2305 12.452 1.2
    endloop
  endfacet
  facet normal 0 0 1
    outer loop
      vertex -23.0581 19.124 1.2
      vertex -10.1 12.5392 1.2
      vertex -9.95921 12.6087 1.2
    endloop
  endfacet
  facet normal 0 0 1
    outer loop
      vertex -23.0824 19.2459 1.2
      vertex -9.95921 12.6087 1.2
      vertex -9.81058 12.6591 1.2
    endloop
  endfacet
  facet normal -0 -0 1
    outer loop
      vertex -23.2463 19.5783 1.2
      vertex -9.5 12.7 1.2
      vertex -23.3282 19.6718 1.2
    endloop
  endfacet
  facet normal 0 0 1
    outer loop
      vertex -10.1 12.5392 1.2
      vertex -23.0581 19.124 1.2
      vertex -23.05 19 1.2
    endloop
  endfacet
  facet normal 0 0 1
    outer loop
      vertex -9.95921 12.6087 1.2
      vertex -23.0824 19.2459 1.2
      vertex -23.0581 19.124 1.2
    endloop
  endfacet
  facet normal 0 0 1
    outer loop
      vertex -9.81058 12.6591 1.2
      vertex -23.1223 19.3635 1.2
      vertex -23.0824 19.2459 1.2
    endloop
  endfacet
  facet normal 0 0 1
    outer loop
      vertex -9.65663 12.6897 1.2
      vertex -23.1223 19.3635 1.2
      vertex -9.81058 12.6591 1.2
    endloop
  endfacet
  facet normal -0 -0 1
    outer loop
      vertex -23.1223 19.3635 1.2
      vertex -9.65663 12.6897 1.2
      vertex -23.1773 19.475 1.2
    endloop
  endfacet
  facet normal 0 0 1
    outer loop
      vertex -9.5 12.7 1.2
      vertex -23.1773 19.475 1.2
      vertex -9.65663 12.6897 1.2
    endloop
  endfacet
  facet normal -0 -0 1
    outer loop
      vertex -23.1773 19.475 1.2
      vertex -9.5 12.7 1.2
      vertex -23.2463 19.5783 1.2
    endloop
  endfacet
  facet normal 0 0 1
    outer loop
      vertex 30 24 1.2
      vertex -23.525 19.8227 1.2
      vertex -23.4217 19.7537 1.2
    endloop
  endfacet
  facet normal -0 0 1
    outer loop
      vertex -30 24 1.2
      vertex -23.525 19.8227 1.2
      vertex 30 24 1.2
    endloop
  endfacet
  facet normal 0 0 1
    outer loop
      vertex -23.525 19.8227 1.2
      vertex -30 24 1.2
      vertex -23.6364 19.8777 1.2
    endloop
  endfacet
  facet normal 0 0 1
    outer loop
      vertex -23.6364 19.8777 1.2
      vertex -30 24 1.2
      vertex -23.7541 19.9176 1.2
    endloop
  endfacet
  facet normal 0 0 1
    outer loop
      vertex -23.7541 19.9176 1.2
      vertex -30 24 1.2
      vertex -23.876 19.9419 1.2
    endloop
  endfacet
  facet normal 0 0 1
    outer loop
      vertex -23.876 19.9419 1.2
      vertex -30 24 1.2
      vertex -24 19.95 1.2
    endloop
  endfacet
  facet normal 0 0 1
    outer loop
      vertex -33 21 1.2
      vertex -24.95 19 1.2
      vertex -24.9419 19.124 1.2
    endloop
  endfacet
  facet normal 0 0 1
    outer loop
      vertex -24.95 19 1.2
      vertex -27.8598 0.150105 1.2
      vertex -27.85 0 1.2
    endloop
  endfacet
  facet normal 0 0 1
    outer loop
      vertex -24.95 19 1.2
      vertex -27.8892 0.297642 1.2
      vertex -27.8598 0.150105 1.2
    endloop
  endfacet
  facet normal 0 0 1
    outer loop
      vertex -24.95 19 1.2
      vertex -27.9375 0.440085 1.2
      vertex -27.8892 0.297642 1.2
    endloop
  endfacet
  facet normal 0 0 1
    outer loop
      vertex -24.95 19 1.2
      vertex -28.0041 0.575 1.2
      vertex -27.9375 0.440085 1.2
    endloop
  endfacet
  facet normal 0 0 1
    outer loop
      vertex -24.95 19 1.2
      vertex -28.0876 0.700075 1.2
      vertex -28.0041 0.575 1.2
    endloop
  endfacet
  facet normal 0 0 1
    outer loop
      vertex -24.95 19 1.2
      vertex -28.1868 0.813172 1.2
      vertex -28.0876 0.700075 1.2
    endloop
  endfacet
  facet normal 0 0 1
    outer loop
      vertex -24.95 19 1.2
      vertex -28.2999 0.912355 1.2
      vertex -28.1868 0.813172 1.2
    endloop
  endfacet
  facet normal 0 0 1
    outer loop
      vertex -24.95 19 1.2
      vertex -28.425 0.995929 1.2
      vertex -28.2999 0.912355 1.2
    endloop
  endfacet
  facet normal 0 0 1
    outer loop
      vertex -24.95 19 1.2
      vertex -28.5599 1.06246 1.2
      vertex -28.425 0.995929 1.2
    endloop
  endfacet
  facet normal 0 0 1
    outer loop
      vertex -33 21 1.2
      vertex -24.9419 19.124 1.2
      vertex -24.9176 19.2459 1.2
    endloop
  endfacet
  facet normal 0 0 1
    outer loop
      vertex -24.95 19 1.2
      vertex -28.7024 1.11081 1.2
      vertex -28.5599 1.06246 1.2
    endloop
  endfacet
  facet normal 0 0 1
    outer loop
      vertex -24.95 19 1.2
      vertex -28.8499 1.14016 1.2
      vertex -28.7024 1.11081 1.2
    endloop
  endfacet
  facet normal 0 0 1
    outer loop
      vertex -24.95 19 1.2
      vertex -29 1.15 1.2
      vertex -28.8499 1.14016 1.2
    endloop
  endfacet
  facet normal 0 0 1
    outer loop
      vertex -24.95 19 1.2
      vertex -29.1501 1.14016 1.2
      vertex -29 1.15 1.2
    endloop
  endfacet
  facet normal 0 0 1
    outer loop
      vertex -24.95 19 1.2
      vertex -33 21 1.2
      vertex -29.1501 1.14016 1.2
    endloop
  endfacet
  facet normal 0 0 1
    outer loop
      vertex -29.1501 1.14016 1.2
      vertex -33 21 1.2
      vertex -29.2976 1.11081 1.2
    endloop
  endfacet
  facet normal 0 0 1
    outer loop
      vertex -29.2976 1.11081 1.2
      vertex -33 21 1.2
      vertex -29.4401 1.06246 1.2
    endloop
  endfacet
  facet normal 0 0 1
    outer loop
      vertex -29.4401 1.06246 1.2
      vertex -33 21 1.2
      vertex -29.575 0.995929 1.2
    endloop
  endfacet
  facet normal 0 0 1
    outer loop
      vertex -29.575 0.995929 1.2
      vertex -33 21 1.2
      vertex -29.7001 0.912355 1.2
    endloop
  endfacet
  facet normal 0 0 1
    outer loop
      vertex -29.7001 0.912355 1.2
      vertex -33 21 1.2
      vertex -29.8132 0.813172 1.2
    endloop
  endfacet
  facet normal 0 0 1
    outer loop
      vertex -29.8132 0.813172 1.2
      vertex -33 21 1.2
      vertex -29.9124 0.700075 1.2
    endloop
  endfacet
  facet normal 0 0 1
    outer loop
      vertex -24 19.95 1.2
      vertex -30 24 1.2
      vertex -24.124 19.9419 1.2
    endloop
  endfacet
  facet normal 0 0 1
    outer loop
      vertex -30 24 1.2
      vertex -24.2459 19.9176 1.2
      vertex -24.124 19.9419 1.2
    endloop
  endfacet
  facet normal 0 0 1
    outer loop
      vertex -30 24 1.2
      vertex -24.3635 19.8777 1.2
      vertex -24.2459 19.9176 1.2
    endloop
  endfacet
  facet normal 0 0 1
    outer loop
      vertex -30 24 1.2
      vertex -24.475 19.8227 1.2
      vertex -24.3635 19.8777 1.2
    endloop
  endfacet
  facet normal 0 0 1
    outer loop
      vertex -30 24 1.2
      vertex -24.5783 19.7537 1.2
      vertex -24.475 19.8227 1.2
    endloop
  endfacet
  facet normal 0 0 1
    outer loop
      vertex -30 24 1.2
      vertex -24.6718 19.6718 1.2
      vertex -24.5783 19.7537 1.2
    endloop
  endfacet
  facet normal 0 0 1
    outer loop
      vertex -30 24 1.2
      vertex -24.7537 19.5783 1.2
      vertex -24.6718 19.6718 1.2
    endloop
  endfacet
  facet normal 0 0 1
    outer loop
      vertex -30 24 1.2
      vertex -24.8227 19.475 1.2
      vertex -24.7537 19.5783 1.2
    endloop
  endfacet
  facet normal 0 0 1
    outer loop
      vertex -30 24 1.2
      vertex -24.8777 19.3635 1.2
      vertex -24.8227 19.475 1.2
    endloop
  endfacet
  facet normal 0 0 1
    outer loop
      vertex -30 24 1.2
      vertex -24.9176 19.2459 1.2
      vertex -24.8777 19.3635 1.2
    endloop
  endfacet
  facet normal -0 0 1
    outer loop
      vertex -33 21 1.2
      vertex -24.9176 19.2459 1.2
      vertex -30 24 1.2
    endloop
  endfacet
  facet normal 0 0 1
    outer loop
      vertex -29.9124 0.700075 1.2
      vertex -33 21 1.2
      vertex -29.9959 0.575 1.2
    endloop
  endfacet
  facet normal 0 0 1
    outer loop
      vertex -29.9959 0.575 1.2
      vertex -33 21 1.2
      vertex -30.0625 0.440085 1.2
    endloop
  endfacet
  facet normal 0 0 1
    outer loop
      vertex -30.0625 0.440085 1.2
      vertex -33 21 1.2
      vertex -30.1108 0.297642 1.2
    endloop
  endfacet
  facet normal 0 0 1
    outer loop
      vertex -30.1108 0.297642 1.2
      vertex -33 21 1.2
      vertex -30.1402 0.150105 1.2
    endloop
  endfacet
  facet normal 0 0 1
    outer loop
      vertex -30.1402 0.150105 1.2
      vertex -33 21 1.2
      vertex -30.15 0 1.2
    endloop
  endfacet
  facet normal -0 0 1
    outer loop
      vertex 30.1402 -0.150105 1.2
      vertex 33 -21 1.2
      vertex 30.15 0 1.2
    endloop
  endfacet
  facet normal -0 0 1
    outer loop
      vertex 30.1108 -0.297642 1.2
      vertex 33 -21 1.2
      vertex 30.1402 -0.150105 1.2
    endloop
  endfacet
  facet normal -0 0 1
    outer loop
      vertex 30.0625 -0.440085 1.2
      vertex 33 -21 1.2
      vertex 30.1108 -0.297642 1.2
    endloop
  endfacet
  facet normal -0 0 1
    outer loop
      vertex 29.9959 -0.575 1.2
      vertex 33 -21 1.2
      vertex 30.0625 -0.440085 1.2
    endloop
  endfacet
  facet normal -0 0 1
    outer loop
      vertex 29.9124 -0.700075 1.2
      vertex 33 -21 1.2
      vertex 29.9959 -0.575 1.2
    endloop
  endfacet
  facet normal -0 0 1
    outer loop
      vertex 29.8132 -0.813172 1.2
      vertex 33 -21 1.2
      vertex 29.9124 -0.700075 1.2
    endloop
  endfacet
  facet normal -0 0 1
    outer loop
      vertex 29.7001 -0.912355 1.2
      vertex 33 -21 1.2
      vertex 29.8132 -0.813172 1.2
    endloop
  endfacet
  facet normal -0 0 1
    outer loop
      vertex 29.575 -0.995929 1.2
      vertex 33 -21 1.2
      vertex 29.7001 -0.912355 1.2
    endloop
  endfacet
  facet normal -0 0 1
    outer loop
      vertex 29.4401 -1.06246 1.2
      vertex 33 -21 1.2
      vertex 29.575 -0.995929 1.2
    endloop
  endfacet
  facet normal -0 0 1
    outer loop
      vertex 29.2976 -1.11081 1.2
      vertex 33 -21 1.2
      vertex 29.4401 -1.06246 1.2
    endloop
  endfacet
  facet normal -0 0 1
    outer loop
      vertex 29.1501 -1.14016 1.2
      vertex 33 -21 1.2
      vertex 29.2976 -1.11081 1.2
    endloop
  endfacet
  facet normal -0 0 1
    outer loop
      vertex 29 -1.15 1.2
      vertex 33 -21 1.2
      vertex 29.1501 -1.14016 1.2
    endloop
  endfacet
  facet normal 0 0 1
    outer loop
      vertex 28.8499 -1.14016 1.2
      vertex 33 -21 1.2
      vertex 29 -1.15 1.2
    endloop
  endfacet
  facet normal 0 0 1
    outer loop
      vertex 28.7024 -1.11081 1.2
      vertex 33 -21 1.2
      vertex 28.8499 -1.14016 1.2
    endloop
  endfacet
  facet normal 0 0 1
    outer loop
      vertex 28.5599 -1.06246 1.2
      vertex 33 -21 1.2
      vertex 28.7024 -1.11081 1.2
    endloop
  endfacet
  facet normal 0 0 1
    outer loop
      vertex 28.425 -0.995929 1.2
      vertex 33 -21 1.2
      vertex 28.5599 -1.06246 1.2
    endloop
  endfacet
  facet normal 0 0 1
    outer loop
      vertex 33 -21 1.2
      vertex 28.425 -0.995929 1.2
      vertex 30 -24 1.2
    endloop
  endfacet
  facet normal 0 0 1
    outer loop
      vertex 8.7 -9.3 1.2
      vertex 28.425 -0.995929 1.2
      vertex 28.2999 -0.912355 1.2
    endloop
  endfacet
  facet normal 0 0 1
    outer loop
      vertex 8.7 -9.3 1.2
      vertex 28.2999 -0.912355 1.2
      vertex 28.1868 -0.813172 1.2
    endloop
  endfacet
  facet normal 0 0 1
    outer loop
      vertex 8.69144 -9.16948 1.2
      vertex 28.1868 -0.813172 1.2
      vertex 28.0876 -0.700075 1.2
    endloop
  endfacet
  facet normal 0 0 1
    outer loop
      vertex 8.69144 -9.16948 1.2
      vertex 28.0876 -0.700075 1.2
      vertex 28.0041 -0.575 1.2
    endloop
  endfacet
  facet normal 0 0 1
    outer loop
      vertex 8.69144 -9.16948 1.2
      vertex 28.0041 -0.575 1.2
      vertex 27.9375 -0.440085 1.2
    endloop
  endfacet
  facet normal 0 0 1
    outer loop
      vertex 8.69144 -9.16948 1.2
      vertex 27.9375 -0.440085 1.2
      vertex 27.8892 -0.297642 1.2
    endloop
  endfacet
  facet normal 0 0 1
    outer loop
      vertex 10.452 3.76949 1.2
      vertex 27.8892 -0.297642 1.2
      vertex 27.8598 -0.150105 1.2
    endloop
  endfacet
  facet normal -0 0 1
    outer loop
      vertex 10.6591 4.18942 1.2
      vertex 27.8892 0.297642 1.2
      vertex 10.6897 4.34337 1.2
    endloop
  endfacet
  facet normal 0 0 1
    outer loop
      vertex 27.8892 0.297642 1.2
      vertex 10.6591 4.18942 1.2
      vertex 27.8598 0.150105 1.2
    endloop
  endfacet
  facet normal -0 0 1
    outer loop
      vertex 10.6087 4.04079 1.2
      vertex 27.8598 0.150105 1.2
      vertex 10.6591 4.18942 1.2
    endloop
  endfacet
  facet normal 0 0 1
    outer loop
      vertex 27.8598 0.150105 1.2
      vertex 10.6087 4.04079 1.2
      vertex 27.85 0 1.2
    endloop
  endfacet
  facet normal -0 0 1
    outer loop
      vertex 10.5392 3.89999 1.2
      vertex 27.85 0 1.2
      vertex 10.6087 4.04079 1.2
    endloop
  endfacet
  facet normal 0 0 1
    outer loop
      vertex 27.85 0 1.2
      vertex 10.5392 3.89999 1.2
      vertex 27.8598 -0.150105 1.2
    endloop
  endfacet
  facet normal -0 0 1
    outer loop
      vertex 10.452 3.76949 1.2
      vertex 27.8598 -0.150105 1.2
      vertex 10.5392 3.89999 1.2
    endloop
  endfacet
  facet normal 0 0 1
    outer loop
      vertex 27.8892 -0.297642 1.2
      vertex 10.452 3.76949 1.2
      vertex 10.3485 3.65147 1.2
    endloop
  endfacet
  facet normal 0 0 1
    outer loop
      vertex 8.69144 -9.16948 1.2
      vertex 27.8892 -0.297642 1.2
      vertex 10.3485 3.65147 1.2
    endloop
  endfacet
  facet normal 0 0 1
    outer loop
      vertex 8.69144 -9.16948 1.2
      vertex 10.3485 3.65147 1.2
      vertex 10.2305 3.54797 1.2
    endloop
  endfacet
  facet normal 0 0 1
    outer loop
      vertex 8.69144 -9.16948 1.2
      vertex 10.2305 3.54797 1.2
      vertex 10.1 3.46077 1.2
    endloop
  endfacet
  facet normal 0 0 1
    outer loop
      vertex 8.69144 -9.16948 1.2
      vertex 10.1 3.46077 1.2
      vertex 9.95921 3.39134 1.2
    endloop
  endfacet
  facet normal 0 0 1
    outer loop
      vertex 8.69144 -9.16948 1.2
      vertex 9.95921 3.39134 1.2
      vertex 9.81058 3.3409 1.2
    endloop
  endfacet
  facet normal 0 0 1
    outer loop
      vertex 8.69144 -9.16948 1.2
      vertex 9.81058 3.3409 1.2
      vertex 9.65663 3.31027 1.2
    endloop
  endfacet
  facet normal 0 0 1
    outer loop
      vertex 8.08269 -8.37613 1.2
      vertex 9.65663 3.31027 1.2
      vertex 9.5 3.3 1.2
    endloop
  endfacet
  facet normal 0 0 1
    outer loop
      vertex 28.425 -0.995929 1.2
      vertex 8.7 -9.3 1.2
      vertex 8.7 -14.7 1.2
    endloop
  endfacet
  facet normal 0 0 1
    outer loop
      vertex 28.425 -0.995929 1.2
      vertex 8.7 -14.7 1.2
      vertex 30 -24 1.2
    endloop
  endfacet
  facet normal -0 0 1
    outer loop
      vertex 8.69144 -14.8305 1.2
      vertex 30 -24 1.2
      vertex 8.7 -14.7 1.2
    endloop
  endfacet
  facet normal -0 0 1
    outer loop
      vertex 8.66592 -14.9588 1.2
      vertex 30 -24 1.2
      vertex 8.69144 -14.8305 1.2
    endloop
  endfacet
  facet normal -0 0 1
    outer loop
      vertex 8.62387 -15.0827 1.2
      vertex 30 -24 1.2
      vertex 8.66592 -14.9588 1.2
    endloop
  endfacet
  facet normal -0 0 1
    outer loop
      vertex 8.56602 -15.2 1.2
      vertex 30 -24 1.2
      vertex 8.62387 -15.0827 1.2
    endloop
  endfacet
  facet normal -0 0 1
    outer loop
      vertex 8.49335 -15.3088 1.2
      vertex 30 -24 1.2
      vertex 8.56602 -15.2 1.2
    endloop
  endfacet
  facet normal -0 0 1
    outer loop
      vertex 8.4071 -15.4071 1.2
      vertex 30 -24 1.2
      vertex 8.49335 -15.3088 1.2
    endloop
  endfacet
  facet normal -0 0 1
    outer loop
      vertex 8.30876 -15.4933 1.2
      vertex 30 -24 1.2
      vertex 8.4071 -15.4071 1.2
    endloop
  endfacet
  facet normal -0 0 1
    outer loop
      vertex 8.2 -15.566 1.2
      vertex 30 -24 1.2
      vertex 8.30876 -15.4933 1.2
    endloop
  endfacet
  facet normal -0 0 1
    outer loop
      vertex 8.08269 -15.6239 1.2
      vertex 30 -24 1.2
      vertex 8.2 -15.566 1.2
    endloop
  endfacet
  facet normal -0 0 1
    outer loop
      vertex 7.95882 -15.6659 1.2
      vertex 30 -24 1.2
      vertex 8.08269 -15.6239 1.2
    endloop
  endfacet
  facet normal -0 0 1
    outer loop
      vertex 7.83052 -15.6914 1.2
      vertex 30 -24 1.2
      vertex 7.95882 -15.6659 1.2
    endloop
  endfacet
  facet normal -0 0 1
    outer loop
      vertex 7.7 -15.7 1.2
      vertex 30 -24 1.2
      vertex 7.83052 -15.6914 1.2
    endloop
  endfacet
  facet normal -0 0 1
    outer loop
      vertex -7.7 -15.7 1.2
      vertex 30 -24 1.2
      vertex 7.7 -15.7 1.2
    endloop
  endfacet
  facet normal 0 0 1
    outer loop
      vertex -30 -24 1.2
      vertex -7.7 -15.7 1.2
      vertex -7.83052 -15.6914 1.2
    endloop
  endfacet
  facet normal 0 0 1
    outer loop
      vertex -30 -24 1.2
      vertex -7.83052 -15.6914 1.2
      vertex -7.95882 -15.6659 1.2
    endloop
  endfacet
  facet normal 0 0 1
    outer loop
      vertex -10.3485 3.65147 1.2
      vertex -8.56602 -8.8 1.2
      vertex -10.2305 3.54797 1.2
    endloop
  endfacet
  facet normal -0 0 1
    outer loop
      vertex -27.9375 -0.440085 1.2
      vertex -8.56602 -8.8 1.2
      vertex -10.3485 3.65147 1.2
    endloop
  endfacet
  facet normal 0 0 1
    outer loop
      vertex -8.56602 -8.8 1.2
      vertex -27.9375 -0.440085 1.2
      vertex -8.62387 -8.91731 1.2
    endloop
  endfacet
  facet normal -0 0 1
    outer loop
      vertex -28.0041 -0.575 1.2
      vertex -8.62387 -8.91731 1.2
      vertex -27.9375 -0.440085 1.2
    endloop
  endfacet
  facet normal 0 0 1
    outer loop
      vertex -8.62387 -8.91731 1.2
      vertex -28.0041 -0.575 1.2
      vertex -8.66592 -9.04118 1.2
    endloop
  endfacet
  facet normal -0 0 1
    outer loop
      vertex -28.1868 -0.813172 1.2
      vertex -8.69144 -9.16948 1.2
      vertex -28.0876 -0.700075 1.2
    endloop
  endfacet
  facet normal -0 0 1
    outer loop
      vertex -28.0876 -0.700075 1.2
      vertex -8.66592 -9.04118 1.2
      vertex -28.0041 -0.575 1.2
    endloop
  endfacet
  facet normal 0 0 1
    outer loop
      vertex -27.8892 -0.297642 1.2
      vertex -10.3485 3.65147 1.2
      vertex -10.452 3.76949 1.2
    endloop
  endfacet
  facet normal 0 0 1
    outer loop
      vertex -27.8598 -0.150105 1.2
      vertex -10.452 3.76949 1.2
      vertex -10.5392 3.89999 1.2
    endloop
  endfacet
  facet normal 0 0 1
    outer loop
      vertex -27.85 0 1.2
      vertex -10.5392 3.89999 1.2
      vertex -10.6087 4.04079 1.2
    endloop
  endfacet
  facet normal 0 0 1
    outer loop
      vertex -27.85 0 1.2
      vertex -10.6087 4.04079 1.2
      vertex -10.6591 4.18942 1.2
    endloop
  endfacet
  facet normal 0 0 1
    outer loop
      vertex -27.85 0 1.2
      vertex -10.6591 4.18942 1.2
      vertex -10.6897 4.34337 1.2
    endloop
  endfacet
  facet normal -0 0 1
    outer loop
      vertex -23.2463 18.4217 1.2
      vertex -10.6087 11.9592 1.2
      vertex -23.1773 18.525 1.2
    endloop
  endfacet
  facet normal 0 0 1
    outer loop
      vertex -10.6087 11.9592 1.2
      vertex -23.2463 18.4217 1.2
      vertex -10.6591 11.8106 1.2
    endloop
  endfacet
  facet normal -0 0 1
    outer loop
      vertex -23.3282 18.3282 1.2
      vertex -10.6591 11.8106 1.2
      vertex -23.2463 18.4217 1.2
    endloop
  endfacet
  facet normal 0 0 1
    outer loop
      vertex -10.6591 11.8106 1.2
      vertex -23.3282 18.3282 1.2
      vertex -10.6897 11.6566 1.2
    endloop
  endfacet
  facet normal -0 0 1
    outer loop
      vertex -23.4217 18.2463 1.2
      vertex -10.6897 11.6566 1.2
      vertex -23.3282 18.3282 1.2
    endloop
  endfacet
  facet normal 0 0 1
    outer loop
      vertex -10.6897 11.6566 1.2
      vertex -23.4217 18.2463 1.2
      vertex -10.7 11.5 1.2
    endloop
  endfacet
  facet normal -0 0 1
    outer loop
      vertex -23.525 18.1773 1.2
      vertex -10.7 11.5 1.2
      vertex -23.4217 18.2463 1.2
    endloop
  endfacet
  facet normal -0 0 1
    outer loop
      vertex -23.6364 18.1223 1.2
      vertex -10.7 11.5 1.2
      vertex -23.525 18.1773 1.2
    endloop
  endfacet
  facet normal 0 0 1
    outer loop
      vertex -10.5392 3.89999 1.2
      vertex -27.85 0 1.2
      vertex -27.8598 -0.150105 1.2
    endloop
  endfacet
  facet normal 0 0 1
    outer loop
      vertex -10.452 3.76949 1.2
      vertex -27.8598 -0.150105 1.2
      vertex -27.8892 -0.297642 1.2
    endloop
  endfacet
  facet normal -0 0 1
    outer loop
      vertex -23.7541 18.0824 1.2
      vertex -10.7 11.5 1.2
      vertex -23.6364 18.1223 1.2
    endloop
  endfacet
  facet normal 0 0 1
    outer loop
      vertex -10.7 11.5 1.2
      vertex -23.7541 18.0824 1.2
      vertex -10.7 4.5 1.2
    endloop
  endfacet
  facet normal 0 0 1
    outer loop
      vertex -27.85 0 1.2
      vertex -10.7 4.5 1.2
      vertex -23.7541 18.0824 1.2
    endloop
  endfacet
  facet normal 0 0 1
    outer loop
      vertex -10.7 4.5 1.2
      vertex -27.85 0 1.2
      vertex -10.6897 4.34337 1.2
    endloop
  endfacet
  facet normal 0 0 1
    outer loop
      vertex -27.85 0 1.2
      vertex -23.7541 18.0824 1.2
      vertex -23.876 18.0581 1.2
    endloop
  endfacet
  facet normal 0 0 1
    outer loop
      vertex -27.85 0 1.2
      vertex -23.876 18.0581 1.2
      vertex -24 18.05 1.2
    endloop
  endfacet
  facet normal 0 0 1
    outer loop
      vertex -27.85 0 1.2
      vertex -24 18.05 1.2
      vertex -24.124 18.0581 1.2
    endloop
  endfacet
  facet normal 0 0 1
    outer loop
      vertex -27.85 0 1.2
      vertex -24.124 18.0581 1.2
      vertex -24.2459 18.0824 1.2
    endloop
  endfacet
  facet normal 0 0 1
    outer loop
      vertex -27.85 0 1.2
      vertex -24.2459 18.0824 1.2
      vertex -24.3635 18.1223 1.2
    endloop
  endfacet
  facet normal 0 0 1
    outer loop
      vertex -27.85 0 1.2
      vertex -24.3635 18.1223 1.2
      vertex -24.475 18.1773 1.2
    endloop
  endfacet
  facet normal 0 0 1
    outer loop
      vertex -27.85 0 1.2
      vertex -24.475 18.1773 1.2
      vertex -24.5783 18.2463 1.2
    endloop
  endfacet
  facet normal 0 0 1
    outer loop
      vertex -27.85 0 1.2
      vertex -24.5783 18.2463 1.2
      vertex -24.6718 18.3282 1.2
    endloop
  endfacet
  facet normal 0 0 1
    outer loop
      vertex -27.85 0 1.2
      vertex -24.6718 18.3282 1.2
      vertex -24.7537 18.4217 1.2
    endloop
  endfacet
  facet normal 0 0 1
    outer loop
      vertex -27.85 0 1.2
      vertex -24.7537 18.4217 1.2
      vertex -24.8227 18.525 1.2
    endloop
  endfacet
  facet normal 0 0 1
    outer loop
      vertex -27.85 0 1.2
      vertex -24.8227 18.525 1.2
      vertex -24.8777 18.6364 1.2
    endloop
  endfacet
  facet normal 0 0 1
    outer loop
      vertex -27.85 0 1.2
      vertex -24.9419 18.876 1.2
      vertex -24.95 19 1.2
    endloop
  endfacet
  facet normal 0 0 1
    outer loop
      vertex -27.85 0 1.2
      vertex -24.9176 18.7541 1.2
      vertex -24.9419 18.876 1.2
    endloop
  endfacet
  facet normal 0 0 1
    outer loop
      vertex -27.85 0 1.2
      vertex -24.8777 18.6364 1.2
      vertex -24.9176 18.7541 1.2
    endloop
  endfacet
  facet normal 0 0 1
    outer loop
      vertex -10.3485 3.65147 1.2
      vertex -27.8892 -0.297642 1.2
      vertex -27.9375 -0.440085 1.2
    endloop
  endfacet
  facet normal 0 0 1
    outer loop
      vertex -8.66592 -9.04118 1.2
      vertex -28.0876 -0.700075 1.2
      vertex -8.69144 -9.16948 1.2
    endloop
  endfacet
  facet normal 0 0 1
    outer loop
      vertex -8.69144 -9.16948 1.2
      vertex -28.1868 -0.813172 1.2
      vertex -8.7 -9.3 1.2
    endloop
  endfacet
  facet normal -0 0 1
    outer loop
      vertex -28.2999 -0.912355 1.2
      vertex -8.7 -9.3 1.2
      vertex -28.1868 -0.813172 1.2
    endloop
  endfacet
  facet normal -0 0 1
    outer loop
      vertex -28.425 -0.995929 1.2
      vertex -8.7 -9.3 1.2
      vertex -28.2999 -0.912355 1.2
    endloop
  endfacet
  facet normal 0 0 1
    outer loop
      vertex -8.7 -9.3 1.2
      vertex -28.425 -0.995929 1.2
      vertex -8.7 -14.7 1.2
    endloop
  endfacet
  facet normal 0 0 1
    outer loop
      vertex -30 -24 1.2
      vertex -8.7 -14.7 1.2
      vertex -28.425 -0.995929 1.2
    endloop
  endfacet
  facet normal 0 0 1
    outer loop
      vertex -8.7 -14.7 1.2
      vertex -30 -24 1.2
      vertex -8.69144 -14.8305 1.2
    endloop
  endfacet
  facet normal 0 0 1
    outer loop
      vertex -8.69144 -14.8305 1.2
      vertex -30 -24 1.2
      vertex -8.66592 -14.9588 1.2
    endloop
  endfacet
  facet normal 0 0 1
    outer loop
      vertex -8.66592 -14.9588 1.2
      vertex -30 -24 1.2
      vertex -8.62387 -15.0827 1.2
    endloop
  endfacet
  facet normal 0 0 1
    outer loop
      vertex -8.62387 -15.0827 1.2
      vertex -30 -24 1.2
      vertex -8.56602 -15.2 1.2
    endloop
  endfacet
  facet normal 0 0 1
    outer loop
      vertex -8.56602 -15.2 1.2
      vertex -30 -24 1.2
      vertex -8.49335 -15.3088 1.2
    endloop
  endfacet
  facet normal 0 0 1
    outer loop
      vertex -8.49335 -15.3088 1.2
      vertex -30 -24 1.2
      vertex -8.4071 -15.4071 1.2
    endloop
  endfacet
  facet normal 0 0 1
    outer loop
      vertex -33 -21 1.2
      vertex -28.425 -0.995929 1.2
      vertex -28.5599 -1.06246 1.2
    endloop
  endfacet
  facet normal 0 0 1
    outer loop
      vertex -33 -21 1.2
      vertex -28.5599 -1.06246 1.2
      vertex -28.7024 -1.11081 1.2
    endloop
  endfacet
  facet normal 0 0 1
    outer loop
      vertex -33 -21 1.2
      vertex -28.7024 -1.11081 1.2
      vertex -28.8499 -1.14016 1.2
    endloop
  endfacet
  facet normal 0 0 1
    outer loop
      vertex -33 -21 1.2
      vertex -28.8499 -1.14016 1.2
      vertex -29 -1.15 1.2
    endloop
  endfacet
  facet normal 0 0 1
    outer loop
      vertex -33 -21 1.2
      vertex -29 -1.15 1.2
      vertex -29.1501 -1.14016 1.2
    endloop
  endfacet
  facet normal 0 0 1
    outer loop
      vertex -33 -21 1.2
      vertex -29.1501 -1.14016 1.2
      vertex -29.2976 -1.11081 1.2
    endloop
  endfacet
  facet normal 0 0 1
    outer loop
      vertex -33 -21 1.2
      vertex -29.2976 -1.11081 1.2
      vertex -29.4401 -1.06246 1.2
    endloop
  endfacet
  facet normal 0 0 1
    outer loop
      vertex -33 -21 1.2
      vertex -29.4401 -1.06246 1.2
      vertex -29.575 -0.995929 1.2
    endloop
  endfacet
  facet normal 0 0 1
    outer loop
      vertex -33 -21 1.2
      vertex -29.575 -0.995929 1.2
      vertex -29.7001 -0.912355 1.2
    endloop
  endfacet
  facet normal 0 0 1
    outer loop
      vertex -7.7 -15.7 1.2
      vertex -30 -24 1.2
      vertex 30 -24 1.2
    endloop
  endfacet
  facet normal 0 0 1
    outer loop
      vertex -8.08269 -15.6239 1.2
      vertex -30 -24 1.2
      vertex -7.95882 -15.6659 1.2
    endloop
  endfacet
  facet normal 0 0 1
    outer loop
      vertex -8.2 -15.566 1.2
      vertex -30 -24 1.2
      vertex -8.08269 -15.6239 1.2
    endloop
  endfacet
  facet normal 0 0 1
    outer loop
      vertex -8.30876 -15.4933 1.2
      vertex -30 -24 1.2
      vertex -8.2 -15.566 1.2
    endloop
  endfacet
  facet normal 0 0 1
    outer loop
      vertex -28.425 -0.995929 1.2
      vertex -33 -21 1.2
      vertex -30 -24 1.2
    endloop
  endfacet
  facet normal 0 0 1
    outer loop
      vertex -33 -21 1.2
      vertex -29.7001 -0.912355 1.2
      vertex -29.8132 -0.813172 1.2
    endloop
  endfacet
  facet normal 0 0 1
    outer loop
      vertex -33 -21 1.2
      vertex -29.8132 -0.813172 1.2
      vertex -29.9124 -0.700075 1.2
    endloop
  endfacet
  facet normal 0 0 1
    outer loop
      vertex -33 -21 1.2
      vertex -29.9124 -0.700075 1.2
      vertex -29.9959 -0.575 1.2
    endloop
  endfacet
  facet normal 0 0 1
    outer loop
      vertex -33 -21 1.2
      vertex -29.9959 -0.575 1.2
      vertex -30.0625 -0.440085 1.2
    endloop
  endfacet
  facet normal 0 0 1
    outer loop
      vertex -33 -21 1.2
      vertex -30.0625 -0.440085 1.2
      vertex -30.1108 -0.297642 1.2
    endloop
  endfacet
  facet normal 0 0 1
    outer loop
      vertex -33 -21 1.2
      vertex -30.1108 -0.297642 1.2
      vertex -30.1402 -0.150105 1.2
    endloop
  endfacet
  facet normal 0 0 1
    outer loop
      vertex -33 -21 1.2
      vertex -30.1402 -0.150105 1.2
      vertex -30.15 0 1.2
    endloop
  endfacet
  facet normal 0 0 1
    outer loop
      vertex -33 -21 1.2
      vertex -30.15 0 1.2
      vertex -33 21 1.2
    endloop
  endfacet
  facet normal 0 0 1
    outer loop
      vertex -8.4071 -15.4071 1.2
      vertex -30 -24 1.2
      vertex -8.30876 -15.4933 1.2
    endloop
  endfacet
  facet normal -0.707107 -0.707107 0
    outer loop
      vertex -30 -24 0
      vertex -33 -21 1.2
      vertex -33 -21 0
    endloop
  endfacet
  facet normal -0.707107 -0.707107 0
    outer loop
      vertex -33 -21 1.2
      vertex -30 -24 0
      vertex -30 -24 1.2
    endloop
  endfacet
  facet normal 1 -0 0
    outer loop
      vertex 33 -21 1.2
      vertex 33 21 0
      vertex 33 21 1.2
    endloop
  endfacet
  facet normal 1 0 0
    outer loop
      vertex 33 21 0
      vertex 33 -21 1.2
      vertex 33 -21 0
    endloop
  endfacet
  facet normal 0 -1 0
    outer loop
      vertex -30 -24 0
      vertex 30 -24 1.2
      vertex -30 -24 1.2
    endloop
  endfacet
  facet normal 0 -1 -0
    outer loop
      vertex 30 -24 1.2
      vertex -30 -24 0
      vertex 30 -24 0
    endloop
  endfacet
  facet normal -0.707107 0.707107 0
    outer loop
      vertex -33 21 0
      vertex -30 24 1.2
      vertex -30 24 0
    endloop
  endfacet
  facet normal -0.707107 0.707107 0
    outer loop
      vertex -30 24 1.2
      vertex -33 21 0
      vertex -33 21 1.2
    endloop
  endfacet
  facet normal 0 0 -1
    outer loop
      vertex 33 -21 0
      vertex 30.15 0 0
      vertex 33 21 0
    endloop
  endfacet
  facet normal 0 0 -1
    outer loop
      vertex 33 -21 0
      vertex 30.1402 -0.150105 0
      vertex 30.15 0 0
    endloop
  endfacet
  facet normal 0 0 -1
    outer loop
      vertex 33 -21 0
      vertex 30.1108 -0.297642 0
      vertex 30.1402 -0.150105 0
    endloop
  endfacet
  facet normal 0 0 -1
    outer loop
      vertex 33 -21 0
      vertex 30.0625 -0.440085 0
      vertex 30.1108 -0.297642 0
    endloop
  endfacet
  facet normal 0 0 -1
    outer loop
      vertex 28.425 -0.995929 0
      vertex 33 -21 0
      vertex 30 -24 0
    endloop
  endfacet
  facet normal 0 0 -1
    outer loop
      vertex 33 -21 0
      vertex 29.9959 -0.575 0
      vertex 30.0625 -0.440085 0
    endloop
  endfacet
  facet normal 0 0 -1
    outer loop
      vertex 33 -21 0
      vertex 29.9124 -0.700075 0
      vertex 29.9959 -0.575 0
    endloop
  endfacet
  facet normal 0 0 -1
    outer loop
      vertex 33 -21 0
      vertex 29.8132 -0.813172 0
      vertex 29.9124 -0.700075 0
    endloop
  endfacet
  facet normal 0 0 -1
    outer loop
      vertex 33 -21 0
      vertex 29.7001 -0.912355 0
      vertex 29.8132 -0.813172 0
    endloop
  endfacet
  facet normal 0 0 -1
    outer loop
      vertex 33 -21 0
      vertex 29.575 -0.995929 0
      vertex 29.7001 -0.912355 0
    endloop
  endfacet
  facet normal 0 0 -1
    outer loop
      vertex 33 -21 0
      vertex 29.4401 -1.06246 0
      vertex 29.575 -0.995929 0
    endloop
  endfacet
  facet normal 0 0 -1
    outer loop
      vertex 33 -21 0
      vertex 29.2976 -1.11081 0
      vertex 29.4401 -1.06246 0
    endloop
  endfacet
  facet normal 0 0 -1
    outer loop
      vertex 33 -21 0
      vertex 29.1501 -1.14016 0
      vertex 29.2976 -1.11081 0
    endloop
  endfacet
  facet normal 0 0 -1
    outer loop
      vertex 33 -21 0
      vertex 29 -1.15 0
      vertex 29.1501 -1.14016 0
    endloop
  endfacet
  facet normal 0 0 -1
    outer loop
      vertex 33 -21 0
      vertex 28.8499 -1.14016 0
      vertex 29 -1.15 0
    endloop
  endfacet
  facet normal 0 0 -1
    outer loop
      vertex 33 -21 0
      vertex 28.7024 -1.11081 0
      vertex 28.8499 -1.14016 0
    endloop
  endfacet
  facet normal 0 0 -1
    outer loop
      vertex 33 -21 0
      vertex 28.5599 -1.06246 0
      vertex 28.7024 -1.11081 0
    endloop
  endfacet
  facet normal 0 0 -1
    outer loop
      vertex 33 -21 0
      vertex 28.425 -0.995929 0
      vertex 28.5599 -1.06246 0
    endloop
  endfacet
  facet normal 0 0 -1
    outer loop
      vertex 30 -24 0
      vertex 28.2999 -0.912355 0
      vertex 28.425 -0.995929 0
    endloop
  endfacet
  facet normal 0 0 -1
    outer loop
      vertex 30 -24 0
      vertex 28.1868 -0.813172 0
      vertex 28.2999 -0.912355 0
    endloop
  endfacet
  facet normal 0 0 -1
    outer loop
      vertex 30 -24 0
      vertex 28.0876 -0.700075 0
      vertex 28.1868 -0.813172 0
    endloop
  endfacet
  facet normal 0 0 -1
    outer loop
      vertex 30 -24 0
      vertex 28.0041 -0.575 0
      vertex 28.0876 -0.700075 0
    endloop
  endfacet
  facet normal 0 0 -1
    outer loop
      vertex -28.0041 -0.575 0
      vertex 28.0041 -0.575 0
      vertex 30 -24 0
    endloop
  endfacet
  facet normal 0 0 -1
    outer loop
      vertex 28.0041 -0.575 0
      vertex -28.0041 -0.575 0
      vertex 27.9375 -0.440085 0
    endloop
  endfacet
  facet normal 0 -0 -1
    outer loop
      vertex -27.9375 -0.440085 0
      vertex 27.9375 -0.440085 0
      vertex -28.0041 -0.575 0
    endloop
  endfacet
  facet normal 0 0 -1
    outer loop
      vertex 27.8598 -0.150105 0
      vertex -27.85 0 0
      vertex 27.85 0 0
    endloop
  endfacet
  facet normal 0 -0 -1
    outer loop
      vertex -27.8892 -0.297642 0
      vertex 27.8892 -0.297642 0
      vertex -27.9375 -0.440085 0
    endloop
  endfacet
  facet normal 0 0 -1
    outer loop
      vertex 27.8598 -0.150105 0
      vertex -27.8598 -0.150105 0
      vertex -27.85 0 0
    endloop
  endfacet
  facet normal -0 0 -1
    outer loop
      vertex 27.8598 -0.150105 0
      vertex -27.8892 -0.297642 0
      vertex -27.8598 -0.150105 0
    endloop
  endfacet
  facet normal 0 0 -1
    outer loop
      vertex 27.8892 -0.297642 0
      vertex -27.8892 -0.297642 0
      vertex 27.8598 -0.150105 0
    endloop
  endfacet
  facet normal 0 0 -1
    outer loop
      vertex 27.9375 -0.440085 0
      vertex -27.9375 -0.440085 0
      vertex 27.8892 -0.297642 0
    endloop
  endfacet
  facet normal 0 0 -1
    outer loop
      vertex -30 -24 0
      vertex -28.0041 -0.575 0
      vertex 30 -24 0
    endloop
  endfacet
  facet normal 0 0 -1
    outer loop
      vertex -28.0041 -0.575 0
      vertex -30 -24 0
      vertex -28.0876 -0.700075 0
    endloop
  endfacet
  facet normal 0 0 -1
    outer loop
      vertex -28.0876 -0.700075 0
      vertex -30 -24 0
      vertex -28.1868 -0.813172 0
    endloop
  endfacet
  facet normal 0 0 -1
    outer loop
      vertex -28.1868 -0.813172 0
      vertex -30 -24 0
      vertex -28.2999 -0.912355 0
    endloop
  endfacet
  facet normal 0 0 -1
    outer loop
      vertex -28.2999 -0.912355 0
      vertex -30 -24 0
      vertex -28.425 -0.995929 0
    endloop
  endfacet
  facet normal 0 0 -1
    outer loop
      vertex -33 -21 0
      vertex -28.425 -0.995929 0
      vertex -30 -24 0
    endloop
  endfacet
  facet normal 0 0 -1
    outer loop
      vertex -28.425 -0.995929 0
      vertex -33 -21 0
      vertex -28.5599 -1.06246 0
    endloop
  endfacet
  facet normal 0 0 -1
    outer loop
      vertex -28.5599 -1.06246 0
      vertex -33 -21 0
      vertex -28.7024 -1.11081 0
    endloop
  endfacet
  facet normal 0 0 -1
    outer loop
      vertex -28.7024 -1.11081 0
      vertex -33 -21 0
      vertex -28.8499 -1.14016 0
    endloop
  endfacet
  facet normal 0 0 -1
    outer loop
      vertex -28.8499 -1.14016 0
      vertex -33 -21 0
      vertex -29 -1.15 0
    endloop
  endfacet
  facet normal -0 0 -1
    outer loop
      vertex -29 -1.15 0
      vertex -33 -21 0
      vertex -29.1501 -1.14016 0
    endloop
  endfacet
  facet normal -0 0 -1
    outer loop
      vertex -29.1501 -1.14016 0
      vertex -33 -21 0
      vertex -29.2976 -1.11081 0
    endloop
  endfacet
  facet normal -0 0 -1
    outer loop
      vertex -29.2976 -1.11081 0
      vertex -33 -21 0
      vertex -29.4401 -1.06246 0
    endloop
  endfacet
  facet normal -0 0 -1
    outer loop
      vertex -29.4401 -1.06246 0
      vertex -33 -21 0
      vertex -29.575 -0.995929 0
    endloop
  endfacet
  facet normal -0 0 -1
    outer loop
      vertex -29.575 -0.995929 0
      vertex -33 -21 0
      vertex -29.7001 -0.912355 0
    endloop
  endfacet
  facet normal -0 0 -1
    outer loop
      vertex -29.7001 -0.912355 0
      vertex -33 -21 0
      vertex -29.8132 -0.813172 0
    endloop
  endfacet
  facet normal -0 0 -1
    outer loop
      vertex -29.8132 -0.813172 0
      vertex -33 -21 0
      vertex -29.9124 -0.700075 0
    endloop
  endfacet
  facet normal -0 0 -1
    outer loop
      vertex -29.9124 -0.700075 0
      vertex -33 -21 0
      vertex -29.9959 -0.575 0
    endloop
  endfacet
  facet normal -0 0 -1
    outer loop
      vertex -29.9959 -0.575 0
      vertex -33 -21 0
      vertex -30.0625 -0.440085 0
    endloop
  endfacet
  facet normal -0 0 -1
    outer loop
      vertex -30.0625 -0.440085 0
      vertex -33 -21 0
      vertex -30.1108 -0.297642 0
    endloop
  endfacet
  facet normal -0 0 -1
    outer loop
      vertex -30.1108 -0.297642 0
      vertex -33 -21 0
      vertex -30.1402 -0.150105 0
    endloop
  endfacet
  facet normal -0 0 -1
    outer loop
      vertex -30.1402 -0.150105 0
      vertex -33 -21 0
      vertex -30.15 0 0
    endloop
  endfacet
  facet normal 0 0 -1
    outer loop
      vertex 30.1402 0.150105 0
      vertex 33 21 0
      vertex 30.15 0 0
    endloop
  endfacet
  facet normal 0 0 -1
    outer loop
      vertex 30.1108 0.297642 0
      vertex 33 21 0
      vertex 30.1402 0.150105 0
    endloop
  endfacet
  facet normal 0 0 -1
    outer loop
      vertex 30.0625 0.440085 0
      vertex 33 21 0
      vertex 30.1108 0.297642 0
    endloop
  endfacet
  facet normal 0 0 -1
    outer loop
      vertex 29.9959 0.575 0
      vertex 33 21 0
      vertex 30.0625 0.440085 0
    endloop
  endfacet
  facet normal 0 0 -1
    outer loop
      vertex 29.9124 0.700075 0
      vertex 33 21 0
      vertex 29.9959 0.575 0
    endloop
  endfacet
  facet normal 0 0 -1
    outer loop
      vertex 29.8132 0.813172 0
      vertex 33 21 0
      vertex 29.9124 0.700075 0
    endloop
  endfacet
  facet normal 0 0 -1
    outer loop
      vertex 29.7001 0.912355 0
      vertex 33 21 0
      vertex 29.8132 0.813172 0
    endloop
  endfacet
  facet normal 0 0 -1
    outer loop
      vertex 29.575 0.995929 0
      vertex 33 21 0
      vertex 29.7001 0.912355 0
    endloop
  endfacet
  facet normal 0 0 -1
    outer loop
      vertex 29.4401 1.06246 0
      vertex 33 21 0
      vertex 29.575 0.995929 0
    endloop
  endfacet
  facet normal 0 0 -1
    outer loop
      vertex 29.2976 1.11081 0
      vertex 33 21 0
      vertex 29.4401 1.06246 0
    endloop
  endfacet
  facet normal 0 0 -1
    outer loop
      vertex 29.1501 1.14016 0
      vertex 33 21 0
      vertex 29.2976 1.11081 0
    endloop
  endfacet
  facet normal 0 0 -1
    outer loop
      vertex 29 1.15 0
      vertex 33 21 0
      vertex 29.1501 1.14016 0
    endloop
  endfacet
  facet normal 0 0 -1
    outer loop
      vertex 28.8499 1.14016 0
      vertex 33 21 0
      vertex 29 1.15 0
    endloop
  endfacet
  facet normal 0 0 -1
    outer loop
      vertex 28.7024 1.11081 0
      vertex 33 21 0
      vertex 28.8499 1.14016 0
    endloop
  endfacet
  facet normal 0 0 -1
    outer loop
      vertex 28.5599 1.06246 0
      vertex 33 21 0
      vertex 28.7024 1.11081 0
    endloop
  endfacet
  facet normal 0 0 -1
    outer loop
      vertex 28.425 0.995929 0
      vertex 33 21 0
      vertex 28.5599 1.06246 0
    endloop
  endfacet
  facet normal -0 0 -1
    outer loop
      vertex 33 21 0
      vertex 28.425 0.995929 0
      vertex 30 24 0
    endloop
  endfacet
  facet normal 0 0 -1
    outer loop
      vertex 28.2999 0.912355 0
      vertex 30 24 0
      vertex 28.425 0.995929 0
    endloop
  endfacet
  facet normal 0 0 -1
    outer loop
      vertex 28.1868 0.813172 0
      vertex 30 24 0
      vertex 28.2999 0.912355 0
    endloop
  endfacet
  facet normal 0 0 -1
    outer loop
      vertex 28.0876 0.700075 0
      vertex 30 24 0
      vertex 28.1868 0.813172 0
    endloop
  endfacet
  facet normal 0 0 -1
    outer loop
      vertex 28.0041 0.575 0
      vertex 30 24 0
      vertex 28.0876 0.700075 0
    endloop
  endfacet
  facet normal 0 0 -1
    outer loop
      vertex -28.0041 0.575 0
      vertex 28.0041 0.575 0
      vertex 27.9375 0.440085 0
    endloop
  endfacet
  facet normal 0 0 -1
    outer loop
      vertex -27.9375 0.440085 0
      vertex 27.9375 0.440085 0
      vertex 27.8892 0.297642 0
    endloop
  endfacet
  facet normal 0 0 -1
    outer loop
      vertex -27.8892 0.297642 0
      vertex 27.8892 0.297642 0
      vertex 27.8598 0.150105 0
    endloop
  endfacet
  facet normal 0 0 -1
    outer loop
      vertex -27.85 0 0
      vertex 27.8598 0.150105 0
      vertex 27.85 0 0
    endloop
  endfacet
  facet normal 0 0 -1
    outer loop
      vertex -27.8598 0.150105 0
      vertex 27.8598 0.150105 0
      vertex -27.85 0 0
    endloop
  endfacet
  facet normal 0 0 -1
    outer loop
      vertex -27.8892 0.297642 0
      vertex 27.8598 0.150105 0
      vertex -27.8598 0.150105 0
    endloop
  endfacet
  facet normal 0 0 -1
    outer loop
      vertex 27.8892 0.297642 0
      vertex -27.8892 0.297642 0
      vertex -27.9375 0.440085 0
    endloop
  endfacet
  facet normal 0 0 -1
    outer loop
      vertex 27.9375 0.440085 0
      vertex -27.9375 0.440085 0
      vertex -28.0041 0.575 0
    endloop
  endfacet
  facet normal 0 0 -1
    outer loop
      vertex 28.0041 0.575 0
      vertex -28.0041 0.575 0
      vertex 30 24 0
    endloop
  endfacet
  facet normal 0 0 -1
    outer loop
      vertex -30 24 0
      vertex -28.0041 0.575 0
      vertex -28.0876 0.700075 0
    endloop
  endfacet
  facet normal 0 0 -1
    outer loop
      vertex -30 24 0
      vertex -28.0876 0.700075 0
      vertex -28.1868 0.813172 0
    endloop
  endfacet
  facet normal 0 0 -1
    outer loop
      vertex -30 24 0
      vertex -28.1868 0.813172 0
      vertex -28.2999 0.912355 0
    endloop
  endfacet
  facet normal 0 0 -1
    outer loop
      vertex -30 24 0
      vertex -28.2999 0.912355 0
      vertex -28.425 0.995929 0
    endloop
  endfacet
  facet normal 0 0 -1
    outer loop
      vertex -33 21 0
      vertex -28.425 0.995929 0
      vertex -28.5599 1.06246 0
    endloop
  endfacet
  facet normal 0 0 -1
    outer loop
      vertex -33 21 0
      vertex -28.5599 1.06246 0
      vertex -28.7024 1.11081 0
    endloop
  endfacet
  facet normal 0 0 -1
    outer loop
      vertex -33 21 0
      vertex -28.7024 1.11081 0
      vertex -28.8499 1.14016 0
    endloop
  endfacet
  facet normal 0 0 -1
    outer loop
      vertex -33 21 0
      vertex -28.8499 1.14016 0
      vertex -29 1.15 0
    endloop
  endfacet
  facet normal 0 0 -1
    outer loop
      vertex -33 21 0
      vertex -29 1.15 0
      vertex -29.1501 1.14016 0
    endloop
  endfacet
  facet normal 0 0 -1
    outer loop
      vertex -33 21 0
      vertex -29.1501 1.14016 0
      vertex -29.2976 1.11081 0
    endloop
  endfacet
  facet normal 0 0 -1
    outer loop
      vertex -33 21 0
      vertex -29.2976 1.11081 0
      vertex -29.4401 1.06246 0
    endloop
  endfacet
  facet normal 0 0 -1
    outer loop
      vertex -28.0041 0.575 0
      vertex -30 24 0
      vertex 30 24 0
    endloop
  endfacet
  facet normal 0 0 -1
    outer loop
      vertex -33 21 0
      vertex -29.4401 1.06246 0
      vertex -29.575 0.995929 0
    endloop
  endfacet
  facet normal 0 0 -1
    outer loop
      vertex -33 21 0
      vertex -29.575 0.995929 0
      vertex -29.7001 0.912355 0
    endloop
  endfacet
  facet normal 0 0 -1
    outer loop
      vertex -33 21 0
      vertex -29.7001 0.912355 0
      vertex -29.8132 0.813172 0
    endloop
  endfacet
  facet normal 0 0 -1
    outer loop
      vertex -33 21 0
      vertex -29.8132 0.813172 0
      vertex -29.9124 0.700075 0
    endloop
  endfacet
  facet normal 0 0 -1
    outer loop
      vertex -33 21 0
      vertex -29.9124 0.700075 0
      vertex -29.9959 0.575 0
    endloop
  endfacet
  facet normal 0 0 -1
    outer loop
      vertex -33 21 0
      vertex -29.9959 0.575 0
      vertex -30.0625 0.440085 0
    endloop
  endfacet
  facet normal 0 0 -1
    outer loop
      vertex -33 21 0
      vertex -30.0625 0.440085 0
      vertex -30.1108 0.297642 0
    endloop
  endfacet
  facet normal 0 0 -1
    outer loop
      vertex -33 21 0
      vertex -30.1108 0.297642 0
      vertex -30.1402 0.150105 0
    endloop
  endfacet
  facet normal 0 0 -1
    outer loop
      vertex -33 21 0
      vertex -30.1402 0.150105 0
      vertex -30.15 0 0
    endloop
  endfacet
  facet normal 0 0 -1
    outer loop
      vertex -33 21 0
      vertex -30.15 0 0
      vertex -33 -21 0
    endloop
  endfacet
  facet normal 0 0 -1
    outer loop
      vertex -28.425 0.995929 0
      vertex -33 21 0
      vertex -30 24 0
    endloop
  endfacet
  facet normal 0 1 -0
    outer loop
      vertex 30 24 0
      vertex -30 24 1.2
      vertex 30 24 1.2
    endloop
  endfacet
  facet normal 0 1 0
    outer loop
      vertex -30 24 1.2
      vertex 30 24 0
      vertex -30 24 0
    endloop
  endfacet
  facet normal -1 0 0
    outer loop
      vertex -33 -21 0
      vertex -33 21 1.2
      vertex -33 21 0
    endloop
  endfacet
  facet normal -1 -0 0
    outer loop
      vertex -33 21 1.2
      vertex -33 -21 0
      vertex -33 -21 1.2
    endloop
  endfacet
  facet normal 0.707107 -0.707107 0
    outer loop
      vertex 30 -24 1.2
      vertex 33 -21 0
      vertex 33 -21 1.2
    endloop
  endfacet
  facet normal 0.707107 -0.707107 0
    outer loop
      vertex 33 -21 0
      vertex 30 -24 1.2
      vertex 30 -24 0
    endloop
  endfacet
  facet normal 0.065428 -0.997857 0
    outer loop
      vertex 9.5 3.3 1.2
      vertex 9.65663 3.31027 2
      vertex 9.5 3.3 2
    endloop
  endfacet
  facet normal 0.065428 -0.997857 0
    outer loop
      vertex 9.65663 3.31027 2
      vertex 9.5 3.3 1.2
      vertex 9.65663 3.31027 1.2
    endloop
  endfacet
  facet normal 0 0 1
    outer loop
      vertex 9.5 12.7 2
      vertex 10.7 11.5 2
      vertex 10.6897 11.6566 2
    endloop
  endfacet
  facet normal 0 0 1
    outer loop
      vertex 10.7 11.5 2
      vertex 9.5 12.7 2
      vertex 10.7 4.5 2
    endloop
  endfacet
  facet normal 0 0 1
    outer loop
      vertex 9.5 12.7 2
      vertex 10.6897 11.6566 2
      vertex 10.6591 11.8106 2
    endloop
  endfacet
  facet normal 0 0 1
    outer loop
      vertex 9.5 3.3 2
      vertex 10.7 4.5 2
      vertex 9.5 12.7 2
    endloop
  endfacet
  facet normal 0 0 1
    outer loop
      vertex 9.5 12.7 2
      vertex 10.6591 11.8106 2
      vertex 10.6087 11.9592 2
    endloop
  endfacet
  facet normal 0 0 1
    outer loop
      vertex 10.7 4.5 2
      vertex 9.5 3.3 2
      vertex 10.6897 4.34337 2
    endloop
  endfacet
  facet normal 0 0 1
    outer loop
      vertex 9.5 12.7 2
      vertex 10.6087 11.9592 2
      vertex 10.5392 12.1 2
    endloop
  endfacet
  facet normal 0 0 1
    outer loop
      vertex 10.6897 4.34337 2
      vertex 9.5 3.3 2
      vertex 10.6591 4.18942 2
    endloop
  endfacet
  facet normal 0 0 1
    outer loop
      vertex 9.5 12.7 2
      vertex 10.5392 12.1 2
      vertex 10.452 12.2305 2
    endloop
  endfacet
  facet normal 0 0 1
    outer loop
      vertex 10.6591 4.18942 2
      vertex 9.5 3.3 2
      vertex 10.6087 4.04079 2
    endloop
  endfacet
  facet normal 0 0 1
    outer loop
      vertex 9.5 12.7 2
      vertex 10.452 12.2305 2
      vertex 10.3485 12.3485 2
    endloop
  endfacet
  facet normal 0 0 1
    outer loop
      vertex 10.6087 4.04079 2
      vertex 9.5 3.3 2
      vertex 10.5392 3.89999 2
    endloop
  endfacet
  facet normal 0 0 1
    outer loop
      vertex 9.5 12.7 2
      vertex 10.3485 12.3485 2
      vertex 10.2305 12.452 2
    endloop
  endfacet
  facet normal 0 0 1
    outer loop
      vertex 10.5392 3.89999 2
      vertex 9.5 3.3 2
      vertex 10.452 3.76949 2
    endloop
  endfacet
  facet normal 0 0 1
    outer loop
      vertex 9.5 12.7 2
      vertex 10.2305 12.452 2
      vertex 10.1 12.5392 2
    endloop
  endfacet
  facet normal 0 0 1
    outer loop
      vertex 10.452 3.76949 2
      vertex 9.5 3.3 2
      vertex 10.3485 3.65147 2
    endloop
  endfacet
  facet normal 0 0 1
    outer loop
      vertex 9.5 12.7 2
      vertex 10.1 12.5392 2
      vertex 9.95921 12.6087 2
    endloop
  endfacet
  facet normal 0 0 1
    outer loop
      vertex 10.3485 3.65147 2
      vertex 9.5 3.3 2
      vertex 10.2305 3.54797 2
    endloop
  endfacet
  facet normal 0 0 1
    outer loop
      vertex 9.5 12.7 2
      vertex 9.95921 12.6087 2
      vertex 9.81058 12.6591 2
    endloop
  endfacet
  facet normal 0 0 1
    outer loop
      vertex 10.2305 3.54797 2
      vertex 9.5 3.3 2
      vertex 10.1 3.46077 2
    endloop
  endfacet
  facet normal 0 0 1
    outer loop
      vertex 9.5 12.7 2
      vertex 9.81058 12.6591 2
      vertex 9.65663 12.6897 2
    endloop
  endfacet
  facet normal 0 0 1
    outer loop
      vertex 10.1 3.46077 2
      vertex 9.5 3.3 2
      vertex 9.95921 3.39134 2
    endloop
  endfacet
  facet normal 0 0 1
    outer loop
      vertex 9.95921 3.39134 2
      vertex 9.5 3.3 2
      vertex 9.81058 3.3409 2
    endloop
  endfacet
  facet normal 0 0 1
    outer loop
      vertex 9.81058 3.3409 2
      vertex 9.5 3.3 2
      vertex 9.65663 3.31027 2
    endloop
  endfacet
  facet normal -0 0 1
    outer loop
      vertex -9.5 12.7 2
      vertex 9.5 3.3 2
      vertex 9.5 12.7 2
    endloop
  endfacet
  facet normal 0 0 1
    outer loop
      vertex -9.5 12.7 2
      vertex -9.5 3.3 2
      vertex 9.5 3.3 2
    endloop
  endfacet
  facet normal 0 0 1
    outer loop
      vertex -10.7 11.5 2
      vertex -9.5 12.7 2
      vertex -9.65663 12.6897 2
    endloop
  endfacet
  facet normal 0 0 1
    outer loop
      vertex -9.5 12.7 2
      vertex -10.7 11.5 2
      vertex -9.5 3.3 2
    endloop
  endfacet
  facet normal 0 0 1
    outer loop
      vertex -10.7 11.5 2
      vertex -9.65663 12.6897 2
      vertex -9.81058 12.6591 2
    endloop
  endfacet
  facet normal -0 0 1
    outer loop
      vertex -10.7 4.5 2
      vertex -9.5 3.3 2
      vertex -10.7 11.5 2
    endloop
  endfacet
  facet normal 0 0 1
    outer loop
      vertex -10.7 11.5 2
      vertex -9.81058 12.6591 2
      vertex -9.95921 12.6087 2
    endloop
  endfacet
  facet normal 0 0 1
    outer loop
      vertex -9.5 3.3 2
      vertex -10.7 4.5 2
      vertex -9.65663 3.31027 2
    endloop
  endfacet
  facet normal 0 0 1
    outer loop
      vertex -10.7 11.5 2
      vertex -9.95921 12.6087 2
      vertex -10.1 12.5392 2
    endloop
  endfacet
  facet normal 0 0 1
    outer loop
      vertex -9.65663 3.31027 2
      vertex -10.7 4.5 2
      vertex -9.81058 3.3409 2
    endloop
  endfacet
  facet normal 0 0 1
    outer loop
      vertex -10.7 11.5 2
      vertex -10.1 12.5392 2
      vertex -10.2305 12.452 2
    endloop
  endfacet
  facet normal 0 0 1
    outer loop
      vertex -9.81058 3.3409 2
      vertex -10.7 4.5 2
      vertex -9.95921 3.39134 2
    endloop
  endfacet
  facet normal 0 0 1
    outer loop
      vertex -10.7 11.5 2
      vertex -10.2305 12.452 2
      vertex -10.3485 12.3485 2
    endloop
  endfacet
  facet normal 0 0 1
    outer loop
      vertex -9.95921 3.39134 2
      vertex -10.7 4.5 2
      vertex -10.1 3.46077 2
    endloop
  endfacet
  facet normal 0 0 1
    outer loop
      vertex -10.7 11.5 2
      vertex -10.3485 12.3485 2
      vertex -10.452 12.2305 2
    endloop
  endfacet
  facet normal 0 0 1
    outer loop
      vertex -10.1 3.46077 2
      vertex -10.7 4.5 2
      vertex -10.2305 3.54797 2
    endloop
  endfacet
  facet normal 0 0 1
    outer loop
      vertex -10.7 11.5 2
      vertex -10.452 12.2305 2
      vertex -10.5392 12.1 2
    endloop
  endfacet
  facet normal 0 0 1
    outer loop
      vertex -10.2305 3.54797 2
      vertex -10.7 4.5 2
      vertex -10.3485 3.65147 2
    endloop
  endfacet
  facet normal 0 0 1
    outer loop
      vertex -10.7 11.5 2
      vertex -10.5392 12.1 2
      vertex -10.6087 11.9592 2
    endloop
  endfacet
  facet normal 0 0 1
    outer loop
      vertex -10.3485 3.65147 2
      vertex -10.7 4.5 2
      vertex -10.452 3.76949 2
    endloop
  endfacet
  facet normal 0 0 1
    outer loop
      vertex -10.7 11.5 2
      vertex -10.6087 11.9592 2
      vertex -10.6591 11.8106 2
    endloop
  endfacet
  facet normal 0 0 1
    outer loop
      vertex -10.452 3.76949 2
      vertex -10.7 4.5 2
      vertex -10.5392 3.89999 2
    endloop
  endfacet
  facet normal 0 0 1
    outer loop
      vertex -10.7 11.5 2
      vertex -10.6591 11.8106 2
      vertex -10.6897 11.6566 2
    endloop
  endfacet
  facet normal 0 0 1
    outer loop
      vertex -10.5392 3.89999 2
      vertex -10.7 4.5 2
      vertex -10.6087 4.04079 2
    endloop
  endfacet
  facet normal 0 0 1
    outer loop
      vertex -10.6087 4.04079 2
      vertex -10.7 4.5 2
      vertex -10.6591 4.18942 2
    endloop
  endfacet
  facet normal 0 0 1
    outer loop
      vertex -10.6591 4.18942 2
      vertex -10.7 4.5 2
      vertex -10.6897 4.34337 2
    endloop
  endfacet
  facet normal -0.065428 -0.997857 0
    outer loop
      vertex -9.65663 3.31027 1.2
      vertex -9.5 3.3 2
      vertex -9.65663 3.31027 2
    endloop
  endfacet
  facet normal -0.065428 -0.997857 -0
    outer loop
      vertex -9.5 3.3 2
      vertex -9.65663 3.31027 1.2
      vertex -9.5 3.3 1.2
    endloop
  endfacet
  facet normal -0.659406 -0.751787 0
    outer loop
      vertex -10.3485 3.65147 1.2
      vertex -10.2305 3.54797 2
      vertex -10.3485 3.65147 2
    endloop
  endfacet
  facet normal -0.659406 -0.751787 -0
    outer loop
      vertex -10.2305 3.54797 2
      vertex -10.3485 3.65147 1.2
      vertex -10.2305 3.54797 1.2
    endloop
  endfacet
  facet normal 0.751842 -0.659343 -5.39681e-18
    outer loop
      vertex 10.3485 3.65147 2
      vertex 10.452 3.76949 1.2
      vertex 10.452 3.76949 2
    endloop
  endfacet
  facet normal 0.751842 -0.659343 -5.39681e-18
    outer loop
      vertex 10.452 3.76949 1.2
      vertex 10.3485 3.65147 2
      vertex 10.3485 3.65147 1.2
    endloop
  endfacet
  facet normal 0 1 -0
    outer loop
      vertex 9.5 12.7 1.2
      vertex -9.5 12.7 2
      vertex 9.5 12.7 2
    endloop
  endfacet
  facet normal 0 1 0
    outer loop
      vertex -9.5 12.7 2
      vertex 9.5 12.7 1.2
      vertex -9.5 12.7 1.2
    endloop
  endfacet
  facet normal -0.321365 -0.946956 0
    outer loop
      vertex -9.95921 3.39134 1.2
      vertex -9.81058 3.3409 2
      vertex -9.95921 3.39134 2
    endloop
  endfacet
  facet normal -0.321365 -0.946956 -0
    outer loop
      vertex -9.81058 3.3409 2
      vertex -9.95921 3.39134 1.2
      vertex -9.81058 3.3409 1.2
    endloop
  endfacet
  facet normal 0.0656183 0.997845 -0
    outer loop
      vertex 9.65663 12.6897 1.2
      vertex 9.5 12.7 2
      vertex 9.65663 12.6897 2
    endloop
  endfacet
  facet normal 0.0656183 0.997845 0
    outer loop
      vertex 9.5 12.7 2
      vertex 9.65663 12.6897 1.2
      vertex 9.5 12.7 1.2
    endloop
  endfacet
  facet normal -1 0 0
    outer loop
      vertex -10.7 4.5 1.2
      vertex -10.7 11.5 2
      vertex -10.7 11.5 1.2
    endloop
  endfacet
  facet normal -1 -0 0
    outer loop
      vertex -10.7 11.5 2
      vertex -10.7 4.5 1.2
      vertex -10.7 4.5 2
    endloop
  endfacet
  facet normal 0 -1 0
    outer loop
      vertex -9.5 3.3 1.2
      vertex 9.5 3.3 2
      vertex -9.5 3.3 2
    endloop
  endfacet
  facet normal 0 -1 -0
    outer loop
      vertex 9.5 3.3 2
      vertex -9.5 3.3 1.2
      vertex 9.5 3.3 1.2
    endloop
  endfacet
  facet normal -0.442648 0.896696 0
    outer loop
      vertex -9.95921 12.6087 1.2
      vertex -10.1 12.5392 2
      vertex -9.95921 12.6087 2
    endloop
  endfacet
  facet normal -0.442648 0.896696 0
    outer loop
      vertex -10.1 12.5392 2
      vertex -9.95921 12.6087 1.2
      vertex -10.1 12.5392 1.2
    endloop
  endfacet
  facet normal -0.997844 0.0656309 -8.38331e-19
    outer loop
      vertex -10.7 11.5 1.2
      vertex -10.6897 11.6566 2
      vertex -10.6897 11.6566 1.2
    endloop
  endfacet
  facet normal -0.997844 0.0656309 -8.38331e-19
    outer loop
      vertex -10.6897 11.6566 2
      vertex -10.7 11.5 1.2
      vertex -10.7 11.5 2
    endloop
  endfacet
  facet normal -0.980825 0.194891 -5.19984e-19
    outer loop
      vertex -10.6897 11.6566 1.2
      vertex -10.6591 11.8106 2
      vertex -10.6591 11.8106 1.2
    endloop
  endfacet
  facet normal -0.980825 0.194891 -5.19984e-19
    outer loop
      vertex -10.6591 11.8106 2
      vertex -10.6897 11.6566 1.2
      vertex -10.6897 11.6566 2
    endloop
  endfacet
  facet normal -0.997845 -0.0656183 2.0517e-19
    outer loop
      vertex -10.6897 4.34337 1.2
      vertex -10.7 4.5 2
      vertex -10.7 4.5 1.2
    endloop
  endfacet
  facet normal -0.997845 -0.0656183 2.0517e-19
    outer loop
      vertex -10.7 4.5 2
      vertex -10.6897 4.34337 1.2
      vertex -10.6897 4.34337 2
    endloop
  endfacet
  facet normal 0.555582 0.831462 -0
    outer loop
      vertex 10.2305 12.452 1.2
      vertex 10.1 12.5392 2
      vertex 10.2305 12.452 2
    endloop
  endfacet
  facet normal 0.555582 0.831462 0
    outer loop
      vertex 10.1 12.5392 2
      vertex 10.2305 12.452 1.2
      vertex 10.1 12.5392 1.2
    endloop
  endfacet
  facet normal -0.947013 0.321194 -2.66385e-18
    outer loop
      vertex -10.6591 11.8106 1.2
      vertex -10.6087 11.9592 2
      vertex -10.6087 11.9592 1.2
    endloop
  endfacet
  facet normal -0.947013 0.321194 -2.66385e-18
    outer loop
      vertex -10.6087 11.9592 2
      vertex -10.6591 11.8106 1.2
      vertex -10.6591 11.8106 2
    endloop
  endfacet
  facet normal -0.555582 0.831462 0
    outer loop
      vertex -10.1 12.5392 1.2
      vertex -10.2305 12.452 2
      vertex -10.1 12.5392 2
    endloop
  endfacet
  facet normal -0.555582 0.831462 0
    outer loop
      vertex -10.2305 12.452 2
      vertex -10.1 12.5392 1.2
      vertex -10.2305 12.452 1.2
    endloop
  endfacet
  facet normal -0.0656183 0.997845 0
    outer loop
      vertex -9.5 12.7 1.2
      vertex -9.65663 12.6897 2
      vertex -9.5 12.7 2
    endloop
  endfacet
  facet normal -0.0656183 0.997845 0
    outer loop
      vertex -9.65663 12.6897 2
      vertex -9.5 12.7 1.2
      vertex -9.65663 12.6897 1.2
    endloop
  endfacet
  facet normal -0.195136 -0.980776 0
    outer loop
      vertex -9.81058 3.3409 1.2
      vertex -9.65663 3.31027 2
      vertex -9.81058 3.3409 2
    endloop
  endfacet
  facet normal -0.195136 -0.980776 -0
    outer loop
      vertex -9.65663 3.31027 2
      vertex -9.81058 3.3409 1.2
      vertex -9.65663 3.31027 1.2
    endloop
  endfacet
  facet normal -0.831462 -0.555582 4.80847e-18
    outer loop
      vertex -10.452 3.76949 1.2
      vertex -10.5392 3.89999 2
      vertex -10.5392 3.89999 1.2
    endloop
  endfacet
  facet normal -0.831462 -0.555582 4.80847e-18
    outer loop
      vertex -10.5392 3.89999 2
      vertex -10.452 3.76949 1.2
      vertex -10.452 3.76949 2
    endloop
  endfacet
  facet normal 0.194952 0.980813 -0
    outer loop
      vertex 9.81058 12.6591 1.2
      vertex 9.65663 12.6897 2
      vertex 9.81058 12.6591 2
    endloop
  endfacet
  facet normal 0.194952 0.980813 0
    outer loop
      vertex 9.65663 12.6897 2
      vertex 9.81058 12.6591 1.2
      vertex 9.65663 12.6897 1.2
    endloop
  endfacet
  facet normal 0.947013 0.321194 2.66385e-18
    outer loop
      vertex 10.6591 11.8106 2
      vertex 10.6087 11.9592 1.2
      vertex 10.6087 11.9592 2
    endloop
  endfacet
  facet normal 0.947013 0.321194 2.66385e-18
    outer loop
      vertex 10.6087 11.9592 1.2
      vertex 10.6591 11.8106 2
      vertex 10.6591 11.8106 1.2
    endloop
  endfacet
  facet normal -0.751787 0.659406 -4.24045e-18
    outer loop
      vertex -10.452 12.2305 1.2
      vertex -10.3485 12.3485 2
      vertex -10.3485 12.3485 1.2
    endloop
  endfacet
  facet normal -0.751787 0.659406 -4.24045e-18
    outer loop
      vertex -10.3485 12.3485 2
      vertex -10.452 12.2305 1.2
      vertex -10.452 12.2305 2
    endloop
  endfacet
  facet normal -0.555582 -0.831462 0
    outer loop
      vertex -10.2305 3.54797 1.2
      vertex -10.1 3.46077 2
      vertex -10.2305 3.54797 2
    endloop
  endfacet
  facet normal -0.555582 -0.831462 -0
    outer loop
      vertex -10.1 3.46077 2
      vertex -10.2305 3.54797 1.2
      vertex -10.1 3.46077 1.2
    endloop
  endfacet
  facet normal 0.321136 0.947033 -0
    outer loop
      vertex 9.95921 12.6087 1.2
      vertex 9.81058 12.6591 2
      vertex 9.95921 12.6087 2
    endloop
  endfacet
  facet normal 0.321136 0.947033 0
    outer loop
      vertex 9.81058 12.6591 2
      vertex 9.95921 12.6087 1.2
      vertex 9.81058 12.6591 1.2
    endloop
  endfacet
  facet normal 0.831462 -0.555582 -4.80847e-18
    outer loop
      vertex 10.452 3.76949 2
      vertex 10.5392 3.89999 1.2
      vertex 10.5392 3.89999 2
    endloop
  endfacet
  facet normal 0.831462 -0.555582 -4.80847e-18
    outer loop
      vertex 10.5392 3.89999 1.2
      vertex 10.452 3.76949 2
      vertex 10.452 3.76949 1.2
    endloop
  endfacet
  facet normal -0.980813 -0.194952 6.48118e-19
    outer loop
      vertex -10.6591 4.18942 1.2
      vertex -10.6897 4.34337 2
      vertex -10.6897 4.34337 1.2
    endloop
  endfacet
  facet normal -0.980813 -0.194952 6.48118e-19
    outer loop
      vertex -10.6897 4.34337 2
      vertex -10.6591 4.18942 1.2
      vertex -10.6591 4.18942 2
    endloop
  endfacet
  facet normal -0.659406 0.751787 0
    outer loop
      vertex -10.2305 12.452 1.2
      vertex -10.3485 12.3485 2
      vertex -10.2305 12.452 2
    endloop
  endfacet
  facet normal -0.659406 0.751787 0
    outer loop
      vertex -10.3485 12.3485 2
      vertex -10.2305 12.452 1.2
      vertex -10.3485 12.3485 1.2
    endloop
  endfacet
  facet normal -0.831462 0.555582 4.54197e-18
    outer loop
      vertex -10.5392 12.1 1.2
      vertex -10.452 12.2305 2
      vertex -10.452 12.2305 1.2
    endloop
  endfacet
  facet normal -0.831462 0.555582 4.54197e-18
    outer loop
      vertex -10.452 12.2305 2
      vertex -10.5392 12.1 1.2
      vertex -10.5392 12.1 2
    endloop
  endfacet
  facet normal -0.896708 0.442622 -3.06265e-18
    outer loop
      vertex -10.6087 11.9592 1.2
      vertex -10.5392 12.1 2
      vertex -10.5392 12.1 1.2
    endloop
  endfacet
  facet normal -0.896708 0.442622 -3.06265e-18
    outer loop
      vertex -10.5392 12.1 2
      vertex -10.6087 11.9592 1.2
      vertex -10.6087 11.9592 2
    endloop
  endfacet
  facet normal -0.194952 0.980813 0
    outer loop
      vertex -9.65663 12.6897 1.2
      vertex -9.81058 12.6591 2
      vertex -9.65663 12.6897 2
    endloop
  endfacet
  facet normal -0.194952 0.980813 0
    outer loop
      vertex -9.81058 12.6591 2
      vertex -9.65663 12.6897 1.2
      vertex -9.81058 12.6591 1.2
    endloop
  endfacet
  facet normal -0.321136 0.947033 0
    outer loop
      vertex -9.81058 12.6591 1.2
      vertex -9.95921 12.6087 2
      vertex -9.81058 12.6591 2
    endloop
  endfacet
  facet normal -0.321136 0.947033 0
    outer loop
      vertex -9.95921 12.6087 2
      vertex -9.81058 12.6591 1.2
      vertex -9.95921 12.6087 1.2
    endloop
  endfacet
  facet normal 0.980813 -0.194952 -6.48118e-19
    outer loop
      vertex 10.6591 4.18942 2
      vertex 10.6897 4.34337 1.2
      vertex 10.6897 4.34337 2
    endloop
  endfacet
  facet normal 0.980813 -0.194952 -6.48118e-19
    outer loop
      vertex 10.6897 4.34337 1.2
      vertex 10.6591 4.18942 2
      vertex 10.6591 4.18942 1.2
    endloop
  endfacet
  facet normal 1 -0 0
    outer loop
      vertex 10.7 4.5 2
      vertex 10.7 11.5 1.2
      vertex 10.7 11.5 2
    endloop
  endfacet
  facet normal 1 0 0
    outer loop
      vertex 10.7 11.5 1.2
      vertex 10.7 4.5 2
      vertex 10.7 4.5 1.2
    endloop
  endfacet
  facet normal 0.321365 -0.946956 0
    outer loop
      vertex 9.81058 3.3409 1.2
      vertex 9.95921 3.39134 2
      vertex 9.81058 3.3409 2
    endloop
  endfacet
  facet normal 0.321365 -0.946956 0
    outer loop
      vertex 9.95921 3.39134 2
      vertex 9.81058 3.3409 1.2
      vertex 9.95921 3.39134 1.2
    endloop
  endfacet
  facet normal 0.896708 0.442622 3.06265e-18
    outer loop
      vertex 10.6087 11.9592 2
      vertex 10.5392 12.1 1.2
      vertex 10.5392 12.1 2
    endloop
  endfacet
  facet normal 0.896708 0.442622 3.06265e-18
    outer loop
      vertex 10.5392 12.1 1.2
      vertex 10.6087 11.9592 2
      vertex 10.6087 11.9592 1.2
    endloop
  endfacet
  facet normal 0.947033 -0.321136 -4.14575e-20
    outer loop
      vertex 10.6087 4.04079 2
      vertex 10.6591 4.18942 1.2
      vertex 10.6591 4.18942 2
    endloop
  endfacet
  facet normal 0.947033 -0.321136 -4.14575e-20
    outer loop
      vertex 10.6591 4.18942 1.2
      vertex 10.6087 4.04079 2
      vertex 10.6087 4.04079 1.2
    endloop
  endfacet
  facet normal 0.659406 -0.751787 0
    outer loop
      vertex 10.2305 3.54797 1.2
      vertex 10.3485 3.65147 2
      vertex 10.2305 3.54797 2
    endloop
  endfacet
  facet normal 0.659406 -0.751787 0
    outer loop
      vertex 10.3485 3.65147 2
      vertex 10.2305 3.54797 1.2
      vertex 10.3485 3.65147 1.2
    endloop
  endfacet
  facet normal 0.555582 -0.831462 0
    outer loop
      vertex 10.1 3.46077 1.2
      vertex 10.2305 3.54797 2
      vertex 10.1 3.46077 2
    endloop
  endfacet
  facet normal 0.555582 -0.831462 0
    outer loop
      vertex 10.2305 3.54797 2
      vertex 10.1 3.46077 1.2
      vertex 10.2305 3.54797 1.2
    endloop
  endfacet
  facet normal 0.751787 0.659406 4.24045e-18
    outer loop
      vertex 10.452 12.2305 2
      vertex 10.3485 12.3485 1.2
      vertex 10.3485 12.3485 2
    endloop
  endfacet
  facet normal 0.751787 0.659406 4.24045e-18
    outer loop
      vertex 10.3485 12.3485 1.2
      vertex 10.452 12.2305 2
      vertex 10.452 12.2305 1.2
    endloop
  endfacet
  facet normal 0.442648 0.896696 -0
    outer loop
      vertex 10.1 12.5392 1.2
      vertex 9.95921 12.6087 2
      vertex 10.1 12.5392 2
    endloop
  endfacet
  facet normal 0.442648 0.896696 0
    outer loop
      vertex 9.95921 12.6087 2
      vertex 10.1 12.5392 1.2
      vertex 9.95921 12.6087 1.2
    endloop
  endfacet
  facet normal -0.442289 -0.896873 0
    outer loop
      vertex -10.1 3.46077 1.2
      vertex -9.95921 3.39134 2
      vertex -10.1 3.46077 2
    endloop
  endfacet
  facet normal -0.442289 -0.896873 -0
    outer loop
      vertex -9.95921 3.39134 2
      vertex -10.1 3.46077 1.2
      vertex -9.95921 3.39134 1.2
    endloop
  endfacet
  facet normal -0.751842 -0.659343 5.39681e-18
    outer loop
      vertex -10.3485 3.65147 1.2
      vertex -10.452 3.76949 2
      vertex -10.452 3.76949 1.2
    endloop
  endfacet
  facet normal -0.751842 -0.659343 5.39681e-18
    outer loop
      vertex -10.452 3.76949 2
      vertex -10.3485 3.65147 1.2
      vertex -10.3485 3.65147 2
    endloop
  endfacet
  facet normal 0.442289 -0.896873 0
    outer loop
      vertex 9.95921 3.39134 1.2
      vertex 10.1 3.46077 2
      vertex 9.95921 3.39134 2
    endloop
  endfacet
  facet normal 0.442289 -0.896873 0
    outer loop
      vertex 10.1 3.46077 2
      vertex 9.95921 3.39134 1.2
      vertex 10.1 3.46077 1.2
    endloop
  endfacet
  facet normal 0.195136 -0.980776 0
    outer loop
      vertex 9.65663 3.31027 1.2
      vertex 9.81058 3.3409 2
      vertex 9.65663 3.31027 2
    endloop
  endfacet
  facet normal 0.195136 -0.980776 0
    outer loop
      vertex 9.81058 3.3409 2
      vertex 9.65663 3.31027 1.2
      vertex 9.81058 3.3409 1.2
    endloop
  endfacet
  facet normal 0.980825 0.194891 5.19984e-19
    outer loop
      vertex 10.6897 11.6566 2
      vertex 10.6591 11.8106 1.2
      vertex 10.6591 11.8106 2
    endloop
  endfacet
  facet normal 0.980825 0.194891 5.19984e-19
    outer loop
      vertex 10.6591 11.8106 1.2
      vertex 10.6897 11.6566 2
      vertex 10.6897 11.6566 1.2
    endloop
  endfacet
  facet normal 0.896708 -0.442622 -3.06265e-18
    outer loop
      vertex 10.5392 3.89999 2
      vertex 10.6087 4.04079 1.2
      vertex 10.6087 4.04079 2
    endloop
  endfacet
  facet normal 0.896708 -0.442622 -3.06265e-18
    outer loop
      vertex 10.6087 4.04079 1.2
      vertex 10.5392 3.89999 2
      vertex 10.5392 3.89999 1.2
    endloop
  endfacet
  facet normal 0.997844 0.0656309 8.38331e-19
    outer loop
      vertex 10.7 11.5 2
      vertex 10.6897 11.6566 1.2
      vertex 10.6897 11.6566 2
    endloop
  endfacet
  facet normal 0.997844 0.0656309 8.38331e-19
    outer loop
      vertex 10.6897 11.6566 1.2
      vertex 10.7 11.5 2
      vertex 10.7 11.5 1.2
    endloop
  endfacet
  facet normal -0.947033 -0.321136 4.14575e-20
    outer loop
      vertex -10.6087 4.04079 1.2
      vertex -10.6591 4.18942 2
      vertex -10.6591 4.18942 1.2
    endloop
  endfacet
  facet normal -0.947033 -0.321136 4.14575e-20
    outer loop
      vertex -10.6591 4.18942 2
      vertex -10.6087 4.04079 1.2
      vertex -10.6087 4.04079 2
    endloop
  endfacet
  facet normal -0.896708 -0.442622 3.06265e-18
    outer loop
      vertex -10.5392 3.89999 1.2
      vertex -10.6087 4.04079 2
      vertex -10.6087 4.04079 1.2
    endloop
  endfacet
  facet normal -0.896708 -0.442622 3.06265e-18
    outer loop
      vertex -10.6087 4.04079 2
      vertex -10.5392 3.89999 1.2
      vertex -10.5392 3.89999 2
    endloop
  endfacet
  facet normal 0.997845 -0.0656183 -2.0517e-19
    outer loop
      vertex 10.6897 4.34337 2
      vertex 10.7 4.5 1.2
      vertex 10.7 4.5 2
    endloop
  endfacet
  facet normal 0.997845 -0.0656183 -2.0517e-19
    outer loop
      vertex 10.7 4.5 1.2
      vertex 10.6897 4.34337 2
      vertex 10.6897 4.34337 1.2
    endloop
  endfacet
  facet normal 0.831462 0.555582 -4.54197e-18
    outer loop
      vertex 10.5392 12.1 2
      vertex 10.452 12.2305 1.2
      vertex 10.452 12.2305 2
    endloop
  endfacet
  facet normal 0.831462 0.555582 -4.54197e-18
    outer loop
      vertex 10.452 12.2305 1.2
      vertex 10.5392 12.1 2
      vertex 10.5392 12.1 1.2
    endloop
  endfacet
  facet normal 0.659406 0.751787 -0
    outer loop
      vertex 10.3485 12.3485 1.2
      vertex 10.2305 12.452 2
      vertex 10.3485 12.3485 2
    endloop
  endfacet
  facet normal 0.659406 0.751787 0
    outer loop
      vertex 10.2305 12.452 2
      vertex 10.3485 12.3485 1.2
      vertex 10.2305 12.452 1.2
    endloop
  endfacet
  facet normal 0.321109 -0.947042 0
    outer loop
      vertex 7.95882 -15.6659 1.2
      vertex 8.08269 -15.6239 2
      vertex 7.95882 -15.6659 2
    endloop
  endfacet
  facet normal 0.321109 -0.947042 0
    outer loop
      vertex 8.08269 -15.6239 2
      vertex 7.95882 -15.6659 1.2
      vertex 8.08269 -15.6239 1.2
    endloop
  endfacet
  facet normal 0 -1 0
    outer loop
      vertex -7.7 -15.7 1.2
      vertex 7.7 -15.7 2
      vertex -7.7 -15.7 2
    endloop
  endfacet
  facet normal 0 -1 -0
    outer loop
      vertex 7.7 -15.7 2
      vertex -7.7 -15.7 1.2
      vertex 7.7 -15.7 1.2
    endloop
  endfacet
  facet normal 0.19494 -0.980815 0
    outer loop
      vertex 7.83052 -15.6914 1.2
      vertex 7.95882 -15.6659 2
      vertex 7.83052 -15.6914 2
    endloop
  endfacet
  facet normal 0.19494 -0.980815 0
    outer loop
      vertex 7.95882 -15.6659 2
      vertex 7.83052 -15.6914 1.2
      vertex 7.95882 -15.6659 1.2
    endloop
  endfacet
  facet normal -0.0654432 0.997856 0
    outer loop
      vertex -7.7 -8.3 1.2
      vertex -7.83052 -8.30856 2
      vertex -7.7 -8.3 2
    endloop
  endfacet
  facet normal -0.0654432 0.997856 0
    outer loop
      vertex -7.83052 -8.30856 2
      vertex -7.7 -8.3 1.2
      vertex -7.83052 -8.30856 1.2
    endloop
  endfacet
  facet normal -0.555564 0.831474 0
    outer loop
      vertex -8.2 -8.43398 1.2
      vertex -8.30876 -8.50665 2
      vertex -8.2 -8.43398 2
    endloop
  endfacet
  facet normal -0.555564 0.831474 0
    outer loop
      vertex -8.30876 -8.50665 2
      vertex -8.2 -8.43398 1.2
      vertex -8.30876 -8.50665 1.2
    endloop
  endfacet
  facet normal 0.0657477 -0.997836 0
    outer loop
      vertex 7.7 -15.7 1.2
      vertex 7.83052 -15.6914 2
      vertex 7.7 -15.7 2
    endloop
  endfacet
  facet normal 0.0657477 -0.997836 0
    outer loop
      vertex 7.83052 -15.6914 2
      vertex 7.7 -15.7 1.2
      vertex 7.83052 -15.6914 1.2
    endloop
  endfacet
  facet normal -0.555723 -0.831368 0
    outer loop
      vertex -8.30876 -15.4933 1.2
      vertex -8.2 -15.566 2
      vertex -8.30876 -15.4933 2
    endloop
  endfacet
  facet normal -0.555723 -0.831368 -0
    outer loop
      vertex -8.2 -15.566 2
      vertex -8.30876 -15.4933 1.2
      vertex -8.2 -15.566 1.2
    endloop
  endfacet
  facet normal -0.751676 -0.659533 5.06511e-18
    outer loop
      vertex -8.4071 -15.4071 1.2
      vertex -8.49335 -15.3088 2
      vertex -8.49335 -15.3088 1.2
    endloop
  endfacet
  facet normal -0.751676 -0.659533 5.06511e-18
    outer loop
      vertex -8.49335 -15.3088 2
      vertex -8.4071 -15.4071 1.2
      vertex -8.4071 -15.4071 2
    endloop
  endfacet
  facet normal -0.442591 -0.896724 0
    outer loop
      vertex -8.2 -15.566 1.2
      vertex -8.08269 -15.6239 2
      vertex -8.2 -15.566 2
    endloop
  endfacet
  facet normal -0.442591 -0.896724 -0
    outer loop
      vertex -8.08269 -15.6239 2
      vertex -8.2 -15.566 1.2
      vertex -8.08269 -15.6239 1.2
    endloop
  endfacet
  facet normal -0.896875 0.442283 3.35285e-18
    outer loop
      vertex -8.62387 -8.91731 1.2
      vertex -8.56602 -8.8 2
      vertex -8.56602 -8.8 1.2
    endloop
  endfacet
  facet normal -0.896875 0.442283 3.35285e-18
    outer loop
      vertex -8.56602 -8.8 2
      vertex -8.62387 -8.91731 1.2
      vertex -8.62387 -8.91731 2
    endloop
  endfacet
  facet normal -1 0 0
    outer loop
      vertex -8.7 -14.7 1.2
      vertex -8.7 -9.3 2
      vertex -8.7 -9.3 1.2
    endloop
  endfacet
  facet normal -1 -0 0
    outer loop
      vertex -8.7 -9.3 2
      vertex -8.7 -14.7 1.2
      vertex -8.7 -14.7 2
    endloop
  endfacet
  facet normal 0.980786 -0.195087 -1.70513e-18
    outer loop
      vertex 8.66592 -14.9588 2
      vertex 8.69144 -14.8305 1.2
      vertex 8.69144 -14.8305 2
    endloop
  endfacet
  facet normal 0.980786 -0.195087 -1.70513e-18
    outer loop
      vertex 8.69144 -14.8305 1.2
      vertex 8.66592 -14.9588 2
      vertex 8.66592 -14.9588 1.2
    endloop
  endfacet
  facet normal -0.831568 -0.555423 -2.54138e-18
    outer loop
      vertex -8.49335 -15.3088 1.2
      vertex -8.56602 -15.2 2
      vertex -8.56602 -15.2 1.2
    endloop
  endfacet
  facet normal -0.831568 -0.555423 -2.54138e-18
    outer loop
      vertex -8.56602 -15.2 2
      vertex -8.49335 -15.3088 1.2
      vertex -8.49335 -15.3088 2
    endloop
  endfacet
  facet normal 0.659381 0.751809 -0
    outer loop
      vertex 8.4071 -8.5929 1.2
      vertex 8.30876 -8.50665 2
      vertex 8.4071 -8.5929 2
    endloop
  endfacet
  facet normal 0.659381 0.751809 0
    outer loop
      vertex 8.30876 -8.50665 2
      vertex 8.4071 -8.5929 1.2
      vertex 8.30876 -8.50665 1.2
    endloop
  endfacet
  facet normal -0.321109 -0.947042 0
    outer loop
      vertex -8.08269 -15.6239 1.2
      vertex -7.95882 -15.6659 2
      vertex -8.08269 -15.6239 2
    endloop
  endfacet
  facet normal -0.321109 -0.947042 -0
    outer loop
      vertex -7.95882 -15.6659 2
      vertex -8.08269 -15.6239 1.2
      vertex -7.95882 -15.6659 1.2
    endloop
  endfacet
  facet normal 0 1 -0
    outer loop
      vertex 7.7 -8.3 1.2
      vertex -7.7 -8.3 2
      vertex 7.7 -8.3 2
    endloop
  endfacet
  facet normal 0 1 0
    outer loop
      vertex -7.7 -8.3 2
      vertex 7.7 -8.3 1.2
      vertex -7.7 -8.3 1.2
    endloop
  endfacet
  facet normal -0.195087 0.980786 0
    outer loop
      vertex -7.83052 -8.30856 1.2
      vertex -7.95882 -8.33408 2
      vertex -7.83052 -8.30856 2
    endloop
  endfacet
  facet normal -0.195087 0.980786 0
    outer loop
      vertex -7.95882 -8.33408 2
      vertex -7.83052 -8.30856 1.2
      vertex -7.95882 -8.33408 1.2
    endloop
  endfacet
  facet normal -0.442283 0.896875 0
    outer loop
      vertex -8.08269 -8.37613 1.2
      vertex -8.2 -8.43398 2
      vertex -8.08269 -8.37613 2
    endloop
  endfacet
  facet normal -0.442283 0.896875 0
    outer loop
      vertex -8.2 -8.43398 2
      vertex -8.08269 -8.37613 1.2
      vertex -8.2 -8.43398 1.2
    endloop
  endfacet
  facet normal 0.997856 0.0654432 4.1107e-19
    outer loop
      vertex 8.7 -9.3 2
      vertex 8.69144 -9.16948 1.2
      vertex 8.69144 -9.16948 2
    endloop
  endfacet
  facet normal 0.997856 0.0654432 4.1107e-19
    outer loop
      vertex 8.69144 -9.16948 1.2
      vertex 8.7 -9.3 2
      vertex 8.7 -9.3 1.2
    endloop
  endfacet
  facet normal 1 -0 0
    outer loop
      vertex 8.7 -14.7 2
      vertex 8.7 -9.3 1.2
      vertex 8.7 -9.3 2
    endloop
  endfacet
  facet normal 1 0 0
    outer loop
      vertex 8.7 -9.3 1.2
      vertex 8.7 -14.7 2
      vertex 8.7 -14.7 1.2
    endloop
  endfacet
  facet normal -0.321452 0.946926 0
    outer loop
      vertex -7.95882 -8.33408 1.2
      vertex -8.08269 -8.37613 2
      vertex -7.95882 -8.33408 2
    endloop
  endfacet
  facet normal -0.321452 0.946926 0
    outer loop
      vertex -8.08269 -8.37613 2
      vertex -7.95882 -8.33408 1.2
      vertex -8.08269 -8.37613 1.2
    endloop
  endfacet
  facet normal 0.751809 0.659381 7.82498e-18
    outer loop
      vertex 8.49335 -8.69124 2
      vertex 8.4071 -8.5929 1.2
      vertex 8.4071 -8.5929 2
    endloop
  endfacet
  facet normal 0.751809 0.659381 7.82498e-18
    outer loop
      vertex 8.4071 -8.5929 1.2
      vertex 8.49335 -8.69124 2
      vertex 8.49335 -8.69124 1.2
    endloop
  endfacet
  facet normal -0.997856 -0.0654532 1.48402e-20
    outer loop
      vertex -8.69144 -14.8305 1.2
      vertex -8.7 -14.7 2
      vertex -8.7 -14.7 1.2
    endloop
  endfacet
  facet normal -0.997856 -0.0654532 1.48402e-20
    outer loop
      vertex -8.7 -14.7 2
      vertex -8.69144 -14.8305 1.2
      vertex -8.69144 -14.8305 2
    endloop
  endfacet
  facet normal 0.195087 0.980786 -0
    outer loop
      vertex 7.95882 -8.33408 1.2
      vertex 7.83052 -8.30856 2
      vertex 7.95882 -8.33408 2
    endloop
  endfacet
  facet normal 0.195087 0.980786 0
    outer loop
      vertex 7.83052 -8.30856 2
      vertex 7.95882 -8.33408 1.2
      vertex 7.83052 -8.30856 1.2
    endloop
  endfacet
  facet normal -0.19494 -0.980815 0
    outer loop
      vertex -7.95882 -15.6659 1.2
      vertex -7.83052 -15.6914 2
      vertex -7.95882 -15.6659 2
    endloop
  endfacet
  facet normal -0.19494 -0.980815 -0
    outer loop
      vertex -7.83052 -15.6914 2
      vertex -7.95882 -15.6659 1.2
      vertex -7.83052 -15.6914 1.2
    endloop
  endfacet
  facet normal -0.0657477 -0.997836 0
    outer loop
      vertex -7.83052 -15.6914 1.2
      vertex -7.7 -15.7 2
      vertex -7.83052 -15.6914 2
    endloop
  endfacet
  facet normal -0.0657477 -0.997836 -0
    outer loop
      vertex -7.7 -15.7 2
      vertex -7.83052 -15.6914 1.2
      vertex -7.7 -15.7 1.2
    endloop
  endfacet
  facet normal 0.321452 0.946926 -0
    outer loop
      vertex 8.08269 -8.37613 1.2
      vertex 7.95882 -8.33408 2
      vertex 8.08269 -8.37613 2
    endloop
  endfacet
  facet normal 0.321452 0.946926 0
    outer loop
      vertex 7.95882 -8.33408 2
      vertex 8.08269 -8.37613 1.2
      vertex 7.95882 -8.33408 1.2
    endloop
  endfacet
  facet normal -0.751809 0.659381 -7.82498e-18
    outer loop
      vertex -8.49335 -8.69124 1.2
      vertex -8.4071 -8.5929 2
      vertex -8.4071 -8.5929 1.2
    endloop
  endfacet
  facet normal -0.751809 0.659381 -7.82498e-18
    outer loop
      vertex -8.4071 -8.5929 2
      vertex -8.49335 -8.69124 1.2
      vertex -8.49335 -8.69124 2
    endloop
  endfacet
  facet normal -0.831474 0.555564 -7.0644e-18
    outer loop
      vertex -8.56602 -8.8 1.2
      vertex -8.49335 -8.69124 2
      vertex -8.49335 -8.69124 1.2
    endloop
  endfacet
  facet normal -0.831474 0.555564 -7.0644e-18
    outer loop
      vertex -8.49335 -8.69124 2
      vertex -8.56602 -8.8 1.2
      vertex -8.56602 -8.8 2
    endloop
  endfacet
  facet normal -0.659165 -0.751998 0
    outer loop
      vertex -8.4071 -15.4071 1.2
      vertex -8.30876 -15.4933 2
      vertex -8.4071 -15.4071 2
    endloop
  endfacet
  facet normal -0.659165 -0.751998 -0
    outer loop
      vertex -8.30876 -15.4933 2
      vertex -8.4071 -15.4071 1.2
      vertex -8.30876 -15.4933 1.2
    endloop
  endfacet
  facet normal -0.946926 0.321452 2.13914e-18
    outer loop
      vertex -8.66592 -9.04118 1.2
      vertex -8.62387 -8.91731 2
      vertex -8.62387 -8.91731 1.2
    endloop
  endfacet
  facet normal -0.946926 0.321452 2.13914e-18
    outer loop
      vertex -8.62387 -8.91731 2
      vertex -8.66592 -9.04118 1.2
      vertex -8.66592 -9.04118 2
    endloop
  endfacet
  facet normal 0.0654432 0.997856 -0
    outer loop
      vertex 7.83052 -8.30856 1.2
      vertex 7.7 -8.3 2
      vertex 7.83052 -8.30856 2
    endloop
  endfacet
  facet normal 0.0654432 0.997856 0
    outer loop
      vertex 7.7 -8.3 2
      vertex 7.83052 -8.30856 1.2
      vertex 7.7 -8.3 1.2
    endloop
  endfacet
  facet normal -0.659381 0.751809 0
    outer loop
      vertex -8.30876 -8.50665 1.2
      vertex -8.4071 -8.5929 2
      vertex -8.30876 -8.50665 2
    endloop
  endfacet
  facet normal -0.659381 0.751809 0
    outer loop
      vertex -8.4071 -8.5929 2
      vertex -8.30876 -8.50665 1.2
      vertex -8.4071 -8.5929 1.2
    endloop
  endfacet
  facet normal 0.751676 -0.659533 -5.06511e-18
    outer loop
      vertex 8.4071 -15.4071 2
      vertex 8.49335 -15.3088 1.2
      vertex 8.49335 -15.3088 2
    endloop
  endfacet
  facet normal 0.751676 -0.659533 -5.06511e-18
    outer loop
      vertex 8.49335 -15.3088 1.2
      vertex 8.4071 -15.4071 2
      vertex 8.4071 -15.4071 1.2
    endloop
  endfacet
  facet normal 0.659165 -0.751998 0
    outer loop
      vertex 8.30876 -15.4933 1.2
      vertex 8.4071 -15.4071 2
      vertex 8.30876 -15.4933 2
    endloop
  endfacet
  facet normal 0.659165 -0.751998 0
    outer loop
      vertex 8.4071 -15.4071 2
      vertex 8.30876 -15.4933 1.2
      vertex 8.4071 -15.4071 1.2
    endloop
  endfacet
  facet normal -0.980786 0.195087 -1.70513e-18
    outer loop
      vertex -8.69144 -9.16948 1.2
      vertex -8.66592 -9.04118 2
      vertex -8.66592 -9.04118 1.2
    endloop
  endfacet
  facet normal -0.980786 0.195087 -1.70513e-18
    outer loop
      vertex -8.66592 -9.04118 2
      vertex -8.69144 -9.16948 1.2
      vertex -8.69144 -9.16948 2
    endloop
  endfacet
  facet normal -0.997856 0.0654432 -4.1107e-19
    outer loop
      vertex -8.7 -9.3 1.2
      vertex -8.69144 -9.16948 2
      vertex -8.69144 -9.16948 1.2
    endloop
  endfacet
  facet normal -0.997856 0.0654432 -4.1107e-19
    outer loop
      vertex -8.69144 -9.16948 2
      vertex -8.7 -9.3 1.2
      vertex -8.7 -9.3 2
    endloop
  endfacet
  facet normal -0.89686 -0.442314 -9.4854e-19
    outer loop
      vertex -8.56602 -15.2 1.2
      vertex -8.62387 -15.0827 2
      vertex -8.62387 -15.0827 1.2
    endloop
  endfacet
  facet normal -0.89686 -0.442314 -9.4854e-19
    outer loop
      vertex -8.62387 -15.0827 2
      vertex -8.56602 -15.2 1.2
      vertex -8.56602 -15.2 2
    endloop
  endfacet
  facet normal 0.946926 0.321452 -2.13914e-18
    outer loop
      vertex 8.66592 -9.04118 2
      vertex 8.62387 -8.91731 1.2
      vertex 8.62387 -8.91731 2
    endloop
  endfacet
  facet normal 0.946926 0.321452 -2.13914e-18
    outer loop
      vertex 8.62387 -8.91731 1.2
      vertex 8.66592 -9.04118 2
      vertex 8.66592 -9.04118 1.2
    endloop
  endfacet
  facet normal 0.89686 -0.442314 9.4854e-19
    outer loop
      vertex 8.56602 -15.2 2
      vertex 8.62387 -15.0827 1.2
      vertex 8.62387 -15.0827 2
    endloop
  endfacet
  facet normal 0.89686 -0.442314 9.4854e-19
    outer loop
      vertex 8.62387 -15.0827 1.2
      vertex 8.56602 -15.2 2
      vertex 8.56602 -15.2 1.2
    endloop
  endfacet
  facet normal 0.831474 0.555564 7.0644e-18
    outer loop
      vertex 8.56602 -8.8 2
      vertex 8.49335 -8.69124 1.2
      vertex 8.49335 -8.69124 2
    endloop
  endfacet
  facet normal 0.831474 0.555564 7.0644e-18
    outer loop
      vertex 8.49335 -8.69124 1.2
      vertex 8.56602 -8.8 2
      vertex 8.56602 -8.8 1.2
    endloop
  endfacet
  facet normal 0.896875 0.442283 -3.35285e-18
    outer loop
      vertex 8.62387 -8.91731 2
      vertex 8.56602 -8.8 1.2
      vertex 8.56602 -8.8 2
    endloop
  endfacet
  facet normal 0.896875 0.442283 -3.35285e-18
    outer loop
      vertex 8.56602 -8.8 1.2
      vertex 8.62387 -8.91731 2
      vertex 8.62387 -8.91731 1.2
    endloop
  endfacet
  facet normal 0.94695 -0.321382 -1.302e-18
    outer loop
      vertex 8.62387 -15.0827 2
      vertex 8.66592 -14.9588 1.2
      vertex 8.66592 -14.9588 2
    endloop
  endfacet
  facet normal 0.94695 -0.321382 -1.302e-18
    outer loop
      vertex 8.66592 -14.9588 1.2
      vertex 8.62387 -15.0827 2
      vertex 8.62387 -15.0827 1.2
    endloop
  endfacet
  facet normal 0.980786 0.195087 1.70513e-18
    outer loop
      vertex 8.69144 -9.16948 2
      vertex 8.66592 -9.04118 1.2
      vertex 8.66592 -9.04118 2
    endloop
  endfacet
  facet normal 0.980786 0.195087 1.70513e-18
    outer loop
      vertex 8.66592 -9.04118 1.2
      vertex 8.69144 -9.16948 2
      vertex 8.69144 -9.16948 1.2
    endloop
  endfacet
  facet normal -0.94695 -0.321382 1.302e-18
    outer loop
      vertex -8.62387 -15.0827 1.2
      vertex -8.66592 -14.9588 2
      vertex -8.66592 -14.9588 1.2
    endloop
  endfacet
  facet normal -0.94695 -0.321382 1.302e-18
    outer loop
      vertex -8.66592 -14.9588 2
      vertex -8.62387 -15.0827 1.2
      vertex -8.62387 -15.0827 2
    endloop
  endfacet
  facet normal 0.555564 0.831474 -0
    outer loop
      vertex 8.30876 -8.50665 1.2
      vertex 8.2 -8.43398 2
      vertex 8.30876 -8.50665 2
    endloop
  endfacet
  facet normal 0.555564 0.831474 0
    outer loop
      vertex 8.2 -8.43398 2
      vertex 8.30876 -8.50665 1.2
      vertex 8.2 -8.43398 1.2
    endloop
  endfacet
  facet normal 0.442283 0.896875 -0
    outer loop
      vertex 8.2 -8.43398 1.2
      vertex 8.08269 -8.37613 2
      vertex 8.2 -8.43398 2
    endloop
  endfacet
  facet normal 0.442283 0.896875 0
    outer loop
      vertex 8.08269 -8.37613 2
      vertex 8.2 -8.43398 1.2
      vertex 8.08269 -8.37613 1.2
    endloop
  endfacet
  facet normal 0.831568 -0.555423 2.54138e-18
    outer loop
      vertex 8.49335 -15.3088 2
      vertex 8.56602 -15.2 1.2
      vertex 8.56602 -15.2 2
    endloop
  endfacet
  facet normal 0.831568 -0.555423 2.54138e-18
    outer loop
      vertex 8.56602 -15.2 1.2
      vertex 8.49335 -15.3088 2
      vertex 8.49335 -15.3088 1.2
    endloop
  endfacet
  facet normal -0.980786 -0.195087 1.70513e-18
    outer loop
      vertex -8.66592 -14.9588 1.2
      vertex -8.69144 -14.8305 2
      vertex -8.69144 -14.8305 1.2
    endloop
  endfacet
  facet normal -0.980786 -0.195087 1.70513e-18
    outer loop
      vertex -8.69144 -14.8305 2
      vertex -8.66592 -14.9588 1.2
      vertex -8.66592 -14.9588 2
    endloop
  endfacet
  facet normal 0.997856 -0.0654532 -1.48402e-20
    outer loop
      vertex 8.69144 -14.8305 2
      vertex 8.7 -14.7 1.2
      vertex 8.7 -14.7 2
    endloop
  endfacet
  facet normal 0.997856 -0.0654532 -1.48402e-20
    outer loop
      vertex 8.7 -14.7 1.2
      vertex 8.69144 -14.8305 2
      vertex 8.69144 -14.8305 1.2
    endloop
  endfacet
  facet normal 0 0 1
    outer loop
      vertex 7.7 -8.3 2
      vertex 8.7 -9.3 2
      vertex 8.69144 -9.16948 2
    endloop
  endfacet
  facet normal 0 0 1
    outer loop
      vertex 8.7 -9.3 2
      vertex 7.7 -8.3 2
      vertex 8.7 -14.7 2
    endloop
  endfacet
  facet normal 0 0 1
    outer loop
      vertex 7.7 -8.3 2
      vertex 8.69144 -9.16948 2
      vertex 8.66592 -9.04118 2
    endloop
  endfacet
  facet normal 0 0 1
    outer loop
      vertex 7.7 -15.7 2
      vertex 8.7 -14.7 2
      vertex 7.7 -8.3 2
    endloop
  endfacet
  facet normal 0 0 1
    outer loop
      vertex 7.7 -8.3 2
      vertex 8.66592 -9.04118 2
      vertex 8.62387 -8.91731 2
    endloop
  endfacet
  facet normal 0 0 1
    outer loop
      vertex 8.7 -14.7 2
      vertex 7.7 -15.7 2
      vertex 8.69144 -14.8305 2
    endloop
  endfacet
  facet normal 0 0 1
    outer loop
      vertex 7.7 -8.3 2
      vertex 8.62387 -8.91731 2
      vertex 8.56602 -8.8 2
    endloop
  endfacet
  facet normal 0 0 1
    outer loop
      vertex 8.69144 -14.8305 2
      vertex 7.7 -15.7 2
      vertex 8.66592 -14.9588 2
    endloop
  endfacet
  facet normal 0 0 1
    outer loop
      vertex 7.7 -8.3 2
      vertex 8.56602 -8.8 2
      vertex 8.49335 -8.69124 2
    endloop
  endfacet
  facet normal 0 0 1
    outer loop
      vertex 8.66592 -14.9588 2
      vertex 7.7 -15.7 2
      vertex 8.62387 -15.0827 2
    endloop
  endfacet
  facet normal 0 0 1
    outer loop
      vertex 7.7 -8.3 2
      vertex 8.49335 -8.69124 2
      vertex 8.4071 -8.5929 2
    endloop
  endfacet
  facet normal 0 0 1
    outer loop
      vertex 8.62387 -15.0827 2
      vertex 7.7 -15.7 2
      vertex 8.56602 -15.2 2
    endloop
  endfacet
  facet normal 0 0 1
    outer loop
      vertex 7.7 -8.3 2
      vertex 8.4071 -8.5929 2
      vertex 8.30876 -8.50665 2
    endloop
  endfacet
  facet normal 0 0 1
    outer loop
      vertex 8.56602 -15.2 2
      vertex 7.7 -15.7 2
      vertex 8.49335 -15.3088 2
    endloop
  endfacet
  facet normal 0 0 1
    outer loop
      vertex 7.7 -8.3 2
      vertex 8.30876 -8.50665 2
      vertex 8.2 -8.43398 2
    endloop
  endfacet
  facet normal 0 0 1
    outer loop
      vertex 8.49335 -15.3088 2
      vertex 7.7 -15.7 2
      vertex 8.4071 -15.4071 2
    endloop
  endfacet
  facet normal 0 0 1
    outer loop
      vertex 7.7 -8.3 2
      vertex 8.2 -8.43398 2
      vertex 8.08269 -8.37613 2
    endloop
  endfacet
  facet normal 0 0 1
    outer loop
      vertex 8.4071 -15.4071 2
      vertex 7.7 -15.7 2
      vertex 8.30876 -15.4933 2
    endloop
  endfacet
  facet normal 0 0 1
    outer loop
      vertex 7.7 -8.3 2
      vertex 8.08269 -8.37613 2
      vertex 7.95882 -8.33408 2
    endloop
  endfacet
  facet normal 0 0 1
    outer loop
      vertex 8.30876 -15.4933 2
      vertex 7.7 -15.7 2
      vertex 8.2 -15.566 2
    endloop
  endfacet
  facet normal 0 0 1
    outer loop
      vertex 7.7 -8.3 2
      vertex 7.95882 -8.33408 2
      vertex 7.83052 -8.30856 2
    endloop
  endfacet
  facet normal 0 0 1
    outer loop
      vertex 8.2 -15.566 2
      vertex 7.7 -15.7 2
      vertex 8.08269 -15.6239 2
    endloop
  endfacet
  facet normal 0 0 1
    outer loop
      vertex 8.08269 -15.6239 2
      vertex 7.7 -15.7 2
      vertex 7.95882 -15.6659 2
    endloop
  endfacet
  facet normal 0 0 1
    outer loop
      vertex 7.95882 -15.6659 2
      vertex 7.7 -15.7 2
      vertex 7.83052 -15.6914 2
    endloop
  endfacet
  facet normal -0 0 1
    outer loop
      vertex -7.7 -8.3 2
      vertex 7.7 -15.7 2
      vertex 7.7 -8.3 2
    endloop
  endfacet
  facet normal 0 0 1
    outer loop
      vertex -7.7 -8.3 2
      vertex -7.7 -15.7 2
      vertex 7.7 -15.7 2
    endloop
  endfacet
  facet normal 0 0 1
    outer loop
      vertex -8.7 -9.3 2
      vertex -7.7 -8.3 2
      vertex -7.83052 -8.30856 2
    endloop
  endfacet
  facet normal 0 0 1
    outer loop
      vertex -7.7 -8.3 2
      vertex -8.7 -9.3 2
      vertex -7.7 -15.7 2
    endloop
  endfacet
  facet normal 0 0 1
    outer loop
      vertex -8.7 -9.3 2
      vertex -7.83052 -8.30856 2
      vertex -7.95882 -8.33408 2
    endloop
  endfacet
  facet normal -0 0 1
    outer loop
      vertex -8.7 -14.7 2
      vertex -7.7 -15.7 2
      vertex -8.7 -9.3 2
    endloop
  endfacet
  facet normal 0 0 1
    outer loop
      vertex -8.7 -9.3 2
      vertex -7.95882 -8.33408 2
      vertex -8.08269 -8.37613 2
    endloop
  endfacet
  facet normal 0 0 1
    outer loop
      vertex -7.7 -15.7 2
      vertex -8.7 -14.7 2
      vertex -7.83052 -15.6914 2
    endloop
  endfacet
  facet normal 0 0 1
    outer loop
      vertex -8.7 -9.3 2
      vertex -8.08269 -8.37613 2
      vertex -8.2 -8.43398 2
    endloop
  endfacet
  facet normal 0 0 1
    outer loop
      vertex -7.83052 -15.6914 2
      vertex -8.7 -14.7 2
      vertex -7.95882 -15.6659 2
    endloop
  endfacet
  facet normal 0 0 1
    outer loop
      vertex -8.7 -9.3 2
      vertex -8.2 -8.43398 2
      vertex -8.30876 -8.50665 2
    endloop
  endfacet
  facet normal 0 0 1
    outer loop
      vertex -7.95882 -15.6659 2
      vertex -8.7 -14.7 2
      vertex -8.08269 -15.6239 2
    endloop
  endfacet
  facet normal 0 0 1
    outer loop
      vertex -8.7 -9.3 2
      vertex -8.30876 -8.50665 2
      vertex -8.4071 -8.5929 2
    endloop
  endfacet
  facet normal 0 0 1
    outer loop
      vertex -8.08269 -15.6239 2
      vertex -8.7 -14.7 2
      vertex -8.2 -15.566 2
    endloop
  endfacet
  facet normal 0 0 1
    outer loop
      vertex -8.7 -9.3 2
      vertex -8.4071 -8.5929 2
      vertex -8.49335 -8.69124 2
    endloop
  endfacet
  facet normal 0 0 1
    outer loop
      vertex -8.2 -15.566 2
      vertex -8.7 -14.7 2
      vertex -8.30876 -15.4933 2
    endloop
  endfacet
  facet normal 0 0 1
    outer loop
      vertex -8.7 -9.3 2
      vertex -8.49335 -8.69124 2
      vertex -8.56602 -8.8 2
    endloop
  endfacet
  facet normal 0 0 1
    outer loop
      vertex -8.30876 -15.4933 2
      vertex -8.7 -14.7 2
      vertex -8.4071 -15.4071 2
    endloop
  endfacet
  facet normal 0 0 1
    outer loop
      vertex -8.7 -9.3 2
      vertex -8.56602 -8.8 2
      vertex -8.62387 -8.91731 2
    endloop
  endfacet
  facet normal 0 0 1
    outer loop
      vertex -8.4071 -15.4071 2
      vertex -8.7 -14.7 2
      vertex -8.49335 -15.3088 2
    endloop
  endfacet
  facet normal 0 0 1
    outer loop
      vertex -8.7 -9.3 2
      vertex -8.62387 -8.91731 2
      vertex -8.66592 -9.04118 2
    endloop
  endfacet
  facet normal 0 0 1
    outer loop
      vertex -8.49335 -15.3088 2
      vertex -8.7 -14.7 2
      vertex -8.56602 -15.2 2
    endloop
  endfacet
  facet normal 0 0 1
    outer loop
      vertex -8.7 -9.3 2
      vertex -8.66592 -9.04118 2
      vertex -8.69144 -9.16948 2
    endloop
  endfacet
  facet normal 0 0 1
    outer loop
      vertex -8.56602 -15.2 2
      vertex -8.7 -14.7 2
      vertex -8.62387 -15.0827 2
    endloop
  endfacet
  facet normal 0 0 1
    outer loop
      vertex -8.62387 -15.0827 2
      vertex -8.7 -14.7 2
      vertex -8.66592 -14.9588 2
    endloop
  endfacet
  facet normal 0 0 1
    outer loop
      vertex -8.66592 -14.9588 2
      vertex -8.7 -14.7 2
      vertex -8.69144 -14.8305 2
    endloop
  endfacet
  facet normal 0.442591 -0.896724 0
    outer loop
      vertex 8.08269 -15.6239 1.2
      vertex 8.2 -15.566 2
      vertex 8.08269 -15.6239 2
    endloop
  endfacet
  facet normal 0.442591 -0.896724 0
    outer loop
      vertex 8.2 -15.566 2
      vertex 8.08269 -15.6239 1.2
      vertex 8.2 -15.566 1.2
    endloop
  endfacet
  facet normal 0.555723 -0.831368 0
    outer loop
      vertex 8.2 -15.566 1.2
      vertex 8.30876 -15.4933 2
      vertex 8.2 -15.566 2
    endloop
  endfacet
  facet normal 0.555723 -0.831368 0
    outer loop
      vertex 8.30876 -15.4933 2
      vertex 8.2 -15.566 1.2
      vertex 8.30876 -15.4933 1.2
    endloop
  endfacet
  facet normal 0.89667 -0.4427 1.79039e-18
    outer loop
      vertex -23.1773 18.525 2.2
      vertex -23.1223 18.6364 1.2
      vertex -23.1223 18.6364 2.2
    endloop
  endfacet
  facet normal 0.89667 -0.4427 1.79039e-18
    outer loop
      vertex -23.1223 18.6364 1.2
      vertex -23.1773 18.525 2.2
      vertex -23.1773 18.525 1.2
    endloop
  endfacet
  facet normal 0.980704 0.195497 1.32651e-18
    outer loop
      vertex -23.0581 19.124 2.2
      vertex -23.0824 19.2459 1.2
      vertex -23.0824 19.2459 2.2
    endloop
  endfacet
  facet normal 0.980704 0.195497 1.32651e-18
    outer loop
      vertex -23.0824 19.2459 1.2
      vertex -23.0581 19.124 2.2
      vertex -23.0581 19.124 1.2
    endloop
  endfacet
  facet normal 0.997873 0.0651837 6.21877e-19
    outer loop
      vertex -23.05 19 2.2
      vertex -23.0581 19.124 1.2
      vertex -23.0581 19.124 2.2
    endloop
  endfacet
  facet normal 0.997873 0.0651837 6.21877e-19
    outer loop
      vertex -23.0581 19.124 1.2
      vertex -23.05 19 2.2
      vertex -23.05 19 1.2
    endloop
  endfacet
  facet normal 0.946979 0.321296 1.02997e-18
    outer loop
      vertex -23.0824 19.2459 2.2
      vertex -23.1223 19.3635 1.2
      vertex -23.1223 19.3635 2.2
    endloop
  endfacet
  facet normal 0.946979 0.321296 1.02997e-18
    outer loop
      vertex -23.1223 19.3635 1.2
      vertex -23.0824 19.2459 2.2
      vertex -23.0824 19.2459 1.2
    endloop
  endfacet
  facet normal 0.980704 -0.195497 -1.32651e-18
    outer loop
      vertex -23.0824 18.7541 2.2
      vertex -23.0581 18.876 1.2
      vertex -23.0581 18.876 2.2
    endloop
  endfacet
  facet normal 0.980704 -0.195497 -1.32651e-18
    outer loop
      vertex -23.0581 18.876 1.2
      vertex -23.0824 18.7541 2.2
      vertex -23.0824 18.7541 1.2
    endloop
  endfacet
  facet normal 0.896827 0.442381 -2.67672e-18
    outer loop
      vertex -23.1223 19.3635 2.2
      vertex -23.1773 19.475 1.2
      vertex -23.1773 19.475 2.2
    endloop
  endfacet
  facet normal 0.896827 0.442381 -2.67672e-18
    outer loop
      vertex -23.1773 19.475 1.2
      vertex -23.1223 19.3635 2.2
      vertex -23.1223 19.3635 1.2
    endloop
  endfacet
  facet normal -0.946979 0.321296 -1.02997e-18
    outer loop
      vertex -24.9176 19.2459 1.2
      vertex -24.8777 19.3635 2.2
      vertex -24.8777 19.3635 1.2
    endloop
  endfacet
  facet normal -0.946979 0.321296 -1.02997e-18
    outer loop
      vertex -24.8777 19.3635 2.2
      vertex -24.9176 19.2459 1.2
      vertex -24.9176 19.2459 2.2
    endloop
  endfacet
  facet normal 0.831555 -0.555443 3.16966e-18
    outer loop
      vertex -23.2463 18.4217 2.2
      vertex -23.1773 18.525 1.2
      vertex -23.1773 18.525 2.2
    endloop
  endfacet
  facet normal 0.831555 -0.555443 3.16966e-18
    outer loop
      vertex -23.1773 18.525 1.2
      vertex -23.2463 18.4217 2.2
      vertex -23.2463 18.4217 1.2
    endloop
  endfacet
  facet normal 0.321052 0.947062 -0
    outer loop
      vertex -23.6364 19.8777 1.2
      vertex -23.7541 19.9176 2.2
      vertex -23.6364 19.8777 2.2
    endloop
  endfacet
  facet normal 0.321052 0.947062 0
    outer loop
      vertex -23.7541 19.9176 2.2
      vertex -23.6364 19.8777 1.2
      vertex -23.7541 19.9176 1.2
    endloop
  endfacet
  facet normal -0.555443 0.831555 0
    outer loop
      vertex -24.475 19.8227 1.2
      vertex -24.5783 19.7537 2.2
      vertex -24.475 19.8227 2.2
    endloop
  endfacet
  facet normal -0.555443 0.831555 0
    outer loop
      vertex -24.5783 19.7537 2.2
      vertex -24.475 19.8227 1.2
      vertex -24.5783 19.7537 1.2
    endloop
  endfacet
  facet normal -0.896827 0.442381 2.67672e-18
    outer loop
      vertex -24.8777 19.3635 1.2
      vertex -24.8227 19.475 2.2
      vertex -24.8227 19.475 1.2
    endloop
  endfacet
  facet normal -0.896827 0.442381 2.67672e-18
    outer loop
      vertex -24.8227 19.475 2.2
      vertex -24.8777 19.3635 1.2
      vertex -24.8777 19.3635 2.2
    endloop
  endfacet
  facet normal 0.4427 0.89667 -0
    outer loop
      vertex -23.525 19.8227 1.2
      vertex -23.6364 19.8777 2.2
      vertex -23.525 19.8227 2.2
    endloop
  endfacet
  facet normal 0.4427 0.89667 0
    outer loop
      vertex -23.6364 19.8777 2.2
      vertex -23.525 19.8227 1.2
      vertex -23.6364 19.8777 1.2
    endloop
  endfacet
  facet normal 0.658903 0.752228 -0
    outer loop
      vertex -23.3282 19.6718 1.2
      vertex -23.4217 19.7537 2.2
      vertex -23.3282 19.6718 2.2
    endloop
  endfacet
  facet normal 0.658903 0.752228 0
    outer loop
      vertex -23.4217 19.7537 2.2
      vertex -23.3282 19.6718 1.2
      vertex -23.4217 19.7537 1.2
    endloop
  endfacet
  facet normal -0.89667 -0.4427 -1.79039e-18
    outer loop
      vertex -24.8227 18.525 1.2
      vertex -24.8777 18.6364 2.2
      vertex -24.8777 18.6364 1.2
    endloop
  endfacet
  facet normal -0.89667 -0.4427 -1.79039e-18
    outer loop
      vertex -24.8777 18.6364 2.2
      vertex -24.8227 18.525 1.2
      vertex -24.8227 18.525 2.2
    endloop
  endfacet
  facet normal -0.997873 0.0651837 -6.21877e-19
    outer loop
      vertex -24.95 19 1.2
      vertex -24.9419 19.124 2.2
      vertex -24.9419 19.124 1.2
    endloop
  endfacet
  facet normal -0.997873 0.0651837 -6.21877e-19
    outer loop
      vertex -24.9419 19.124 2.2
      vertex -24.95 19 1.2
      vertex -24.95 19 2.2
    endloop
  endfacet
  facet normal -0.658903 -0.752228 0
    outer loop
      vertex -24.6718 18.3282 1.2
      vertex -24.5783 18.2463 2.2
      vertex -24.6718 18.3282 2.2
    endloop
  endfacet
  facet normal -0.658903 -0.752228 -0
    outer loop
      vertex -24.5783 18.2463 2.2
      vertex -24.6718 18.3282 1.2
      vertex -24.5783 18.2463 1.2
    endloop
  endfacet
  facet normal -0.752228 0.658903 2.08669e-18
    outer loop
      vertex -24.7537 19.5783 1.2
      vertex -24.6718 19.6718 2.2
      vertex -24.6718 19.6718 1.2
    endloop
  endfacet
  facet normal -0.752228 0.658903 2.08669e-18
    outer loop
      vertex -24.6718 19.6718 2.2
      vertex -24.7537 19.5783 1.2
      vertex -24.7537 19.5783 2.2
    endloop
  endfacet
  facet normal -0.442381 0.896827 0
    outer loop
      vertex -24.3635 19.8777 1.2
      vertex -24.475 19.8227 2.2
      vertex -24.3635 19.8777 2.2
    endloop
  endfacet
  facet normal -0.442381 0.896827 0
    outer loop
      vertex -24.475 19.8227 2.2
      vertex -24.3635 19.8777 1.2
      vertex -24.475 19.8227 1.2
    endloop
  endfacet
  facet normal 0.195497 0.980704 -0
    outer loop
      vertex -23.7541 19.9176 1.2
      vertex -23.876 19.9419 2.2
      vertex -23.7541 19.9176 2.2
    endloop
  endfacet
  facet normal 0.195497 0.980704 0
    outer loop
      vertex -23.876 19.9419 2.2
      vertex -23.7541 19.9176 1.2
      vertex -23.876 19.9419 1.2
    endloop
  endfacet
  facet normal 0.4427 -0.89667 0
    outer loop
      vertex -23.6364 18.1223 1.2
      vertex -23.525 18.1773 2.2
      vertex -23.6364 18.1223 2.2
    endloop
  endfacet
  facet normal 0.4427 -0.89667 0
    outer loop
      vertex -23.525 18.1773 2.2
      vertex -23.6364 18.1223 1.2
      vertex -23.525 18.1773 1.2
    endloop
  endfacet
  facet normal 0.997873 -0.0651837 -6.21877e-19
    outer loop
      vertex -23.0581 18.876 2.2
      vertex -23.05 19 1.2
      vertex -23.05 19 2.2
    endloop
  endfacet
  facet normal 0.997873 -0.0651837 -6.21877e-19
    outer loop
      vertex -23.05 19 1.2
      vertex -23.0581 18.876 2.2
      vertex -23.0581 18.876 1.2
    endloop
  endfacet
  facet normal 0.321052 -0.947062 0
    outer loop
      vertex -23.7541 18.0824 1.2
      vertex -23.6364 18.1223 2.2
      vertex -23.7541 18.0824 2.2
    endloop
  endfacet
  facet normal 0.321052 -0.947062 0
    outer loop
      vertex -23.6364 18.1223 2.2
      vertex -23.7541 18.0824 1.2
      vertex -23.6364 18.1223 1.2
    endloop
  endfacet
  facet normal 0.555443 0.831555 -0
    outer loop
      vertex -23.4217 19.7537 1.2
      vertex -23.525 19.8227 2.2
      vertex -23.4217 19.7537 2.2
    endloop
  endfacet
  facet normal 0.555443 0.831555 0
    outer loop
      vertex -23.525 19.8227 2.2
      vertex -23.4217 19.7537 1.2
      vertex -23.525 19.8227 1.2
    endloop
  endfacet
  facet normal 0 0 1
    outer loop
      vertex -23.0581 19.124 2.2
      vertex -23.0581 18.876 2.2
      vertex -23.05 19 2.2
    endloop
  endfacet
  facet normal 0 0 1
    outer loop
      vertex -23.0824 19.2459 2.2
      vertex -23.0581 18.876 2.2
      vertex -23.0581 19.124 2.2
    endloop
  endfacet
  facet normal 0 0 1
    outer loop
      vertex -23.0824 19.2459 2.2
      vertex -23.0824 18.7541 2.2
      vertex -23.0581 18.876 2.2
    endloop
  endfacet
  facet normal 0 0 1
    outer loop
      vertex -23.1223 19.3635 2.2
      vertex -23.0824 18.7541 2.2
      vertex -23.0824 19.2459 2.2
    endloop
  endfacet
  facet normal 0 0 1
    outer loop
      vertex -23.1223 19.3635 2.2
      vertex -23.1223 18.6364 2.2
      vertex -23.0824 18.7541 2.2
    endloop
  endfacet
  facet normal 0 0 1
    outer loop
      vertex -23.1773 19.475 2.2
      vertex -23.1223 18.6364 2.2
      vertex -23.1223 19.3635 2.2
    endloop
  endfacet
  facet normal 0 0 1
    outer loop
      vertex -23.1773 19.475 2.2
      vertex -23.1773 18.525 2.2
      vertex -23.1223 18.6364 2.2
    endloop
  endfacet
  facet normal 0 0 1
    outer loop
      vertex -23.2463 19.5783 2.2
      vertex -23.1773 18.525 2.2
      vertex -23.1773 19.475 2.2
    endloop
  endfacet
  facet normal 0 0 1
    outer loop
      vertex -23.2463 19.5783 2.2
      vertex -23.2463 18.4217 2.2
      vertex -23.1773 18.525 2.2
    endloop
  endfacet
  facet normal 0 0 1
    outer loop
      vertex -23.3282 19.6718 2.2
      vertex -23.2463 18.4217 2.2
      vertex -23.2463 19.5783 2.2
    endloop
  endfacet
  facet normal 0 0 1
    outer loop
      vertex -23.3282 19.6718 2.2
      vertex -23.3282 18.3282 2.2
      vertex -23.2463 18.4217 2.2
    endloop
  endfacet
  facet normal 0 0 1
    outer loop
      vertex -23.4217 19.7537 2.2
      vertex -23.3282 18.3282 2.2
      vertex -23.3282 19.6718 2.2
    endloop
  endfacet
  facet normal 0 0 1
    outer loop
      vertex -23.4217 19.7537 2.2
      vertex -23.4217 18.2463 2.2
      vertex -23.3282 18.3282 2.2
    endloop
  endfacet
  facet normal 0 0 1
    outer loop
      vertex -23.525 19.8227 2.2
      vertex -23.4217 18.2463 2.2
      vertex -23.4217 19.7537 2.2
    endloop
  endfacet
  facet normal 0 0 1
    outer loop
      vertex -23.525 19.8227 2.2
      vertex -23.525 18.1773 2.2
      vertex -23.4217 18.2463 2.2
    endloop
  endfacet
  facet normal 0 0 1
    outer loop
      vertex -23.6364 19.8777 2.2
      vertex -23.525 18.1773 2.2
      vertex -23.525 19.8227 2.2
    endloop
  endfacet
  facet normal 0 0 1
    outer loop
      vertex -23.6364 19.8777 2.2
      vertex -23.6364 18.1223 2.2
      vertex -23.525 18.1773 2.2
    endloop
  endfacet
  facet normal 0 0 1
    outer loop
      vertex -23.7541 19.9176 2.2
      vertex -23.6364 18.1223 2.2
      vertex -23.6364 19.8777 2.2
    endloop
  endfacet
  facet normal 0 0 1
    outer loop
      vertex -23.7541 19.9176 2.2
      vertex -23.7541 18.0824 2.2
      vertex -23.6364 18.1223 2.2
    endloop
  endfacet
  facet normal 0 0 1
    outer loop
      vertex -23.876 19.9419 2.2
      vertex -23.7541 18.0824 2.2
      vertex -23.7541 19.9176 2.2
    endloop
  endfacet
  facet normal 0 0 1
    outer loop
      vertex -23.876 19.9419 2.2
      vertex -23.876 18.0581 2.2
      vertex -23.7541 18.0824 2.2
    endloop
  endfacet
  facet normal 0 0 1
    outer loop
      vertex -24 19.95 2.2
      vertex -23.876 18.0581 2.2
      vertex -23.876 19.9419 2.2
    endloop
  endfacet
  facet normal 0 0 1
    outer loop
      vertex -24 19.95 2.2
      vertex -24 18.05 2.2
      vertex -23.876 18.0581 2.2
    endloop
  endfacet
  facet normal -0 0 1
    outer loop
      vertex -24.124 19.9419 2.2
      vertex -24 18.05 2.2
      vertex -24 19.95 2.2
    endloop
  endfacet
  facet normal 0 0 1
    outer loop
      vertex -24.124 19.9419 2.2
      vertex -24.124 18.0581 2.2
      vertex -24 18.05 2.2
    endloop
  endfacet
  facet normal -0 0 1
    outer loop
      vertex -24.2459 19.9176 2.2
      vertex -24.124 18.0581 2.2
      vertex -24.124 19.9419 2.2
    endloop
  endfacet
  facet normal 0 0 1
    outer loop
      vertex -24.2459 19.9176 2.2
      vertex -24.2459 18.0824 2.2
      vertex -24.124 18.0581 2.2
    endloop
  endfacet
  facet normal -0 0 1
    outer loop
      vertex -24.3635 19.8777 2.2
      vertex -24.2459 18.0824 2.2
      vertex -24.2459 19.9176 2.2
    endloop
  endfacet
  facet normal 0 0 1
    outer loop
      vertex -24.3635 19.8777 2.2
      vertex -24.3635 18.1223 2.2
      vertex -24.2459 18.0824 2.2
    endloop
  endfacet
  facet normal -0 0 1
    outer loop
      vertex -24.475 19.8227 2.2
      vertex -24.3635 18.1223 2.2
      vertex -24.3635 19.8777 2.2
    endloop
  endfacet
  facet normal 0 0 1
    outer loop
      vertex -24.475 19.8227 2.2
      vertex -24.475 18.1773 2.2
      vertex -24.3635 18.1223 2.2
    endloop
  endfacet
  facet normal -0 0 1
    outer loop
      vertex -24.5783 19.7537 2.2
      vertex -24.475 18.1773 2.2
      vertex -24.475 19.8227 2.2
    endloop
  endfacet
  facet normal 0 0 1
    outer loop
      vertex -24.5783 19.7537 2.2
      vertex -24.5783 18.2463 2.2
      vertex -24.475 18.1773 2.2
    endloop
  endfacet
  facet normal -0 0 1
    outer loop
      vertex -24.6718 19.6718 2.2
      vertex -24.5783 18.2463 2.2
      vertex -24.5783 19.7537 2.2
    endloop
  endfacet
  facet normal 0 0 1
    outer loop
      vertex -24.6718 19.6718 2.2
      vertex -24.6718 18.3282 2.2
      vertex -24.5783 18.2463 2.2
    endloop
  endfacet
  facet normal -0 0 1
    outer loop
      vertex -24.7537 19.5783 2.2
      vertex -24.6718 18.3282 2.2
      vertex -24.6718 19.6718 2.2
    endloop
  endfacet
  facet normal 0 0 1
    outer loop
      vertex -24.7537 19.5783 2.2
      vertex -24.7537 18.4217 2.2
      vertex -24.6718 18.3282 2.2
    endloop
  endfacet
  facet normal -0 0 1
    outer loop
      vertex -24.8227 19.475 2.2
      vertex -24.7537 18.4217 2.2
      vertex -24.7537 19.5783 2.2
    endloop
  endfacet
  facet normal 0 0 1
    outer loop
      vertex -24.8227 19.475 2.2
      vertex -24.8227 18.525 2.2
      vertex -24.7537 18.4217 2.2
    endloop
  endfacet
  facet normal -0 0 1
    outer loop
      vertex -24.8777 19.3635 2.2
      vertex -24.8227 18.525 2.2
      vertex -24.8227 19.475 2.2
    endloop
  endfacet
  facet normal 0 0 1
    outer loop
      vertex -24.8777 19.3635 2.2
      vertex -24.8777 18.6364 2.2
      vertex -24.8227 18.525 2.2
    endloop
  endfacet
  facet normal -0 0 1
    outer loop
      vertex -24.9176 19.2459 2.2
      vertex -24.8777 18.6364 2.2
      vertex -24.8777 19.3635 2.2
    endloop
  endfacet
  facet normal 0 0 1
    outer loop
      vertex -24.9176 19.2459 2.2
      vertex -24.9176 18.7541 2.2
      vertex -24.8777 18.6364 2.2
    endloop
  endfacet
  facet normal -0 0 1
    outer loop
      vertex -24.9419 19.124 2.2
      vertex -24.9176 18.7541 2.2
      vertex -24.9176 19.2459 2.2
    endloop
  endfacet
  facet normal 0 0 1
    outer loop
      vertex -24.9419 19.124 2.2
      vertex -24.9419 18.876 2.2
      vertex -24.9176 18.7541 2.2
    endloop
  endfacet
  facet normal 0 -0 1
    outer loop
      vertex -24.9419 18.876 2.2
      vertex -24.9419 19.124 2.2
      vertex -24.95 19 2.2
    endloop
  endfacet
  facet normal 0.831555 0.555443 -3.16966e-18
    outer loop
      vertex -23.1773 19.475 2.2
      vertex -23.2463 19.5783 1.2
      vertex -23.2463 19.5783 2.2
    endloop
  endfacet
  facet normal 0.831555 0.555443 -3.16966e-18
    outer loop
      vertex -23.2463 19.5783 1.2
      vertex -23.1773 19.475 2.2
      vertex -23.1773 19.475 1.2
    endloop
  endfacet
  facet normal -0.195497 0.980704 0
    outer loop
      vertex -24.124 19.9419 1.2
      vertex -24.2459 19.9176 2.2
      vertex -24.124 19.9419 2.2
    endloop
  endfacet
  facet normal -0.195497 0.980704 0
    outer loop
      vertex -24.2459 19.9176 2.2
      vertex -24.124 19.9419 1.2
      vertex -24.2459 19.9176 1.2
    endloop
  endfacet
  facet normal 0.752228 -0.658903 2.08669e-18
    outer loop
      vertex -23.3282 18.3282 2.2
      vertex -23.2463 18.4217 1.2
      vertex -23.2463 18.4217 2.2
    endloop
  endfacet
  facet normal 0.752228 -0.658903 2.08669e-18
    outer loop
      vertex -23.2463 18.4217 1.2
      vertex -23.3282 18.3282 2.2
      vertex -23.3282 18.3282 1.2
    endloop
  endfacet
  facet normal 0.0651837 -0.997873 0
    outer loop
      vertex -24 18.05 1.2
      vertex -23.876 18.0581 2.2
      vertex -24 18.05 2.2
    endloop
  endfacet
  facet normal 0.0651837 -0.997873 0
    outer loop
      vertex -23.876 18.0581 2.2
      vertex -24 18.05 1.2
      vertex -23.876 18.0581 1.2
    endloop
  endfacet
  facet normal 0.947062 -0.321052 -1.32674e-18
    outer loop
      vertex -23.1223 18.6364 2.2
      vertex -23.0824 18.7541 1.2
      vertex -23.0824 18.7541 2.2
    endloop
  endfacet
  facet normal 0.947062 -0.321052 -1.32674e-18
    outer loop
      vertex -23.0824 18.7541 1.2
      vertex -23.1223 18.6364 2.2
      vertex -23.1223 18.6364 1.2
    endloop
  endfacet
  facet normal -0.752228 -0.658903 -2.08669e-18
    outer loop
      vertex -24.6718 18.3282 1.2
      vertex -24.7537 18.4217 2.2
      vertex -24.7537 18.4217 1.2
    endloop
  endfacet
  facet normal -0.752228 -0.658903 -2.08669e-18
    outer loop
      vertex -24.7537 18.4217 2.2
      vertex -24.6718 18.3282 1.2
      vertex -24.6718 18.3282 2.2
    endloop
  endfacet
  facet normal -0.321296 0.946979 0
    outer loop
      vertex -24.2459 19.9176 1.2
      vertex -24.3635 19.8777 2.2
      vertex -24.2459 19.9176 2.2
    endloop
  endfacet
  facet normal -0.321296 0.946979 0
    outer loop
      vertex -24.3635 19.8777 2.2
      vertex -24.2459 19.9176 1.2
      vertex -24.3635 19.8777 1.2
    endloop
  endfacet
  facet normal -0.195497 -0.980704 0
    outer loop
      vertex -24.2459 18.0824 1.2
      vertex -24.124 18.0581 2.2
      vertex -24.2459 18.0824 2.2
    endloop
  endfacet
  facet normal -0.195497 -0.980704 -0
    outer loop
      vertex -24.124 18.0581 2.2
      vertex -24.2459 18.0824 1.2
      vertex -24.124 18.0581 1.2
    endloop
  endfacet
  facet normal 0.752228 0.658903 -2.08669e-18
    outer loop
      vertex -23.2463 19.5783 2.2
      vertex -23.3282 19.6718 1.2
      vertex -23.3282 19.6718 2.2
    endloop
  endfacet
  facet normal 0.752228 0.658903 -2.08669e-18
    outer loop
      vertex -23.3282 19.6718 1.2
      vertex -23.2463 19.5783 2.2
      vertex -23.2463 19.5783 1.2
    endloop
  endfacet
  facet normal -0.442381 -0.896827 0
    outer loop
      vertex -24.475 18.1773 1.2
      vertex -24.3635 18.1223 2.2
      vertex -24.475 18.1773 2.2
    endloop
  endfacet
  facet normal -0.442381 -0.896827 -0
    outer loop
      vertex -24.3635 18.1223 2.2
      vertex -24.475 18.1773 1.2
      vertex -24.3635 18.1223 1.2
    endloop
  endfacet
  facet normal 0.195497 -0.980704 0
    outer loop
      vertex -23.876 18.0581 1.2
      vertex -23.7541 18.0824 2.2
      vertex -23.876 18.0581 2.2
    endloop
  endfacet
  facet normal 0.195497 -0.980704 0
    outer loop
      vertex -23.7541 18.0824 2.2
      vertex -23.876 18.0581 1.2
      vertex -23.7541 18.0824 1.2
    endloop
  endfacet
  facet normal -0.321296 -0.946979 0
    outer loop
      vertex -24.3635 18.1223 1.2
      vertex -24.2459 18.0824 2.2
      vertex -24.3635 18.1223 2.2
    endloop
  endfacet
  facet normal -0.321296 -0.946979 -0
    outer loop
      vertex -24.2459 18.0824 2.2
      vertex -24.3635 18.1223 1.2
      vertex -24.2459 18.0824 1.2
    endloop
  endfacet
  facet normal 0.658903 -0.752228 0
    outer loop
      vertex -23.4217 18.2463 1.2
      vertex -23.3282 18.3282 2.2
      vertex -23.4217 18.2463 2.2
    endloop
  endfacet
  facet normal 0.658903 -0.752228 0
    outer loop
      vertex -23.3282 18.3282 2.2
      vertex -23.4217 18.2463 1.2
      vertex -23.3282 18.3282 1.2
    endloop
  endfacet
  facet normal -0.555443 -0.831555 0
    outer loop
      vertex -24.5783 18.2463 1.2
      vertex -24.475 18.1773 2.2
      vertex -24.5783 18.2463 2.2
    endloop
  endfacet
  facet normal -0.555443 -0.831555 -0
    outer loop
      vertex -24.475 18.1773 2.2
      vertex -24.5783 18.2463 1.2
      vertex -24.475 18.1773 1.2
    endloop
  endfacet
  facet normal -0.947062 -0.321052 1.32674e-18
    outer loop
      vertex -24.8777 18.6364 1.2
      vertex -24.9176 18.7541 2.2
      vertex -24.9176 18.7541 1.2
    endloop
  endfacet
  facet normal -0.947062 -0.321052 1.32674e-18
    outer loop
      vertex -24.9176 18.7541 2.2
      vertex -24.8777 18.6364 1.2
      vertex -24.8777 18.6364 2.2
    endloop
  endfacet
  facet normal 0.555443 -0.831555 0
    outer loop
      vertex -23.525 18.1773 1.2
      vertex -23.4217 18.2463 2.2
      vertex -23.525 18.1773 2.2
    endloop
  endfacet
  facet normal 0.555443 -0.831555 0
    outer loop
      vertex -23.4217 18.2463 2.2
      vertex -23.525 18.1773 1.2
      vertex -23.4217 18.2463 1.2
    endloop
  endfacet
  facet normal -0.980704 0.195497 -1.32651e-18
    outer loop
      vertex -24.9419 19.124 1.2
      vertex -24.9176 19.2459 2.2
      vertex -24.9176 19.2459 1.2
    endloop
  endfacet
  facet normal -0.980704 0.195497 -1.32651e-18
    outer loop
      vertex -24.9176 19.2459 2.2
      vertex -24.9419 19.124 1.2
      vertex -24.9419 19.124 2.2
    endloop
  endfacet
  facet normal -0.658903 0.752228 0
    outer loop
      vertex -24.5783 19.7537 1.2
      vertex -24.6718 19.6718 2.2
      vertex -24.5783 19.7537 2.2
    endloop
  endfacet
  facet normal -0.658903 0.752228 0
    outer loop
      vertex -24.6718 19.6718 2.2
      vertex -24.5783 19.7537 1.2
      vertex -24.6718 19.6718 1.2
    endloop
  endfacet
  facet normal -0.980704 -0.195497 1.32651e-18
    outer loop
      vertex -24.9176 18.7541 1.2
      vertex -24.9419 18.876 2.2
      vertex -24.9419 18.876 1.2
    endloop
  endfacet
  facet normal -0.980704 -0.195497 1.32651e-18
    outer loop
      vertex -24.9419 18.876 2.2
      vertex -24.9176 18.7541 1.2
      vertex -24.9176 18.7541 2.2
    endloop
  endfacet
  facet normal 0.0651837 0.997873 -0
    outer loop
      vertex -23.876 19.9419 1.2
      vertex -24 19.95 2.2
      vertex -23.876 19.9419 2.2
    endloop
  endfacet
  facet normal 0.0651837 0.997873 0
    outer loop
      vertex -24 19.95 2.2
      vertex -23.876 19.9419 1.2
      vertex -24 19.95 1.2
    endloop
  endfacet
  facet normal -0.997873 -0.0651837 6.21877e-19
    outer loop
      vertex -24.9419 18.876 1.2
      vertex -24.95 19 2.2
      vertex -24.95 19 1.2
    endloop
  endfacet
  facet normal -0.997873 -0.0651837 6.21877e-19
    outer loop
      vertex -24.95 19 2.2
      vertex -24.9419 18.876 1.2
      vertex -24.9419 18.876 2.2
    endloop
  endfacet
  facet normal -0.831555 0.555443 3.16966e-18
    outer loop
      vertex -24.8227 19.475 1.2
      vertex -24.7537 19.5783 2.2
      vertex -24.7537 19.5783 1.2
    endloop
  endfacet
  facet normal -0.831555 0.555443 3.16966e-18
    outer loop
      vertex -24.7537 19.5783 2.2
      vertex -24.8227 19.475 1.2
      vertex -24.8227 19.475 2.2
    endloop
  endfacet
  facet normal -0.0651837 0.997873 0
    outer loop
      vertex -24 19.95 1.2
      vertex -24.124 19.9419 2.2
      vertex -24 19.95 2.2
    endloop
  endfacet
  facet normal -0.0651837 0.997873 0
    outer loop
      vertex -24.124 19.9419 2.2
      vertex -24 19.95 1.2
      vertex -24.124 19.9419 1.2
    endloop
  endfacet
  facet normal -0.831555 -0.555443 -3.16966e-18
    outer loop
      vertex -24.7537 18.4217 1.2
      vertex -24.8227 18.525 2.2
      vertex -24.8227 18.525 1.2
    endloop
  endfacet
  facet normal -0.831555 -0.555443 -3.16966e-18
    outer loop
      vertex -24.8227 18.525 2.2
      vertex -24.7537 18.4217 1.2
      vertex -24.7537 18.4217 2.2
    endloop
  endfacet
  facet normal -0.0651837 -0.997873 0
    outer loop
      vertex -24.124 18.0581 1.2
      vertex -24 18.05 2.2
      vertex -24.124 18.0581 2.2
    endloop
  endfacet
  facet normal -0.0651837 -0.997873 -0
    outer loop
      vertex -24 18.05 2.2
      vertex -24.124 18.0581 1.2
      vertex -24 18.05 1.2
    endloop
  endfacet
  facet normal -0.980718 -0.19543 -7.47467e-19
    outer loop
      vertex -27.8598 0.150105 0
      vertex -27.8892 0.297642 1.2
      vertex -27.8892 0.297642 0
    endloop
  endfacet
  facet normal -0.980718 -0.19543 -7.47467e-19
    outer loop
      vertex -27.8892 0.297642 1.2
      vertex -27.8598 0.150105 0
      vertex -27.8598 0.150105 1.2
    endloop
  endfacet
  facet normal -0.997876 -0.0651489 9.3883e-20
    outer loop
      vertex -27.85 0 0
      vertex -27.8598 0.150105 1.2
      vertex -27.8598 0.150105 0
    endloop
  endfacet
  facet normal -0.997876 -0.0651489 9.3883e-20
    outer loop
      vertex -27.8598 0.150105 1.2
      vertex -27.85 0 0
      vertex -27.85 0 1.2
    endloop
  endfacet
  facet normal 0.442319 -0.896858 0
    outer loop
      vertex -29.575 0.995929 0
      vertex -29.4401 1.06246 1.2
      vertex -29.575 0.995929 1.2
    endloop
  endfacet
  facet normal 0.442319 -0.896858 0
    outer loop
      vertex -29.4401 1.06246 1.2
      vertex -29.575 0.995929 0
      vertex -29.4401 1.06246 0
    endloop
  endfacet
  facet normal -0.659334 -0.75185 0
    outer loop
      vertex -28.2999 0.912355 0
      vertex -28.1868 0.813172 1.2
      vertex -28.2999 0.912355 1.2
    endloop
  endfacet
  facet normal -0.659334 -0.75185 -0
    outer loop
      vertex -28.1868 0.813172 1.2
      vertex -28.2999 0.912355 0
      vertex -28.1868 0.813172 0
    endloop
  endfacet
  facet normal 0.0654159 -0.997858 0
    outer loop
      vertex -29.1501 1.14016 0
      vertex -29 1.15 1.2
      vertex -29.1501 1.14016 1.2
    endloop
  endfacet
  facet normal 0.0654159 -0.997858 0
    outer loop
      vertex -29 1.15 1.2
      vertex -29.1501 1.14016 0
      vertex -29 1.15 0
    endloop
  endfacet
  facet normal -0.442319 0.896858 0
    outer loop
      vertex -28.425 -0.995929 0
      vertex -28.5599 -1.06246 1.2
      vertex -28.425 -0.995929 1.2
    endloop
  endfacet
  facet normal -0.442319 0.896858 0
    outer loop
      vertex -28.5599 -1.06246 1.2
      vertex -28.425 -0.995929 0
      vertex -28.5599 -1.06246 0
    endloop
  endfacet
  facet normal 0.980718 -0.19543 7.47467e-19
    outer loop
      vertex -30.1402 0.150105 1.2
      vertex -30.1108 0.297642 0
      vertex -30.1108 0.297642 1.2
    endloop
  endfacet
  facet normal 0.980718 -0.19543 7.47467e-19
    outer loop
      vertex -30.1108 0.297642 0
      vertex -30.1402 0.150105 1.2
      vertex -30.1402 0.150105 0
    endloop
  endfacet
  facet normal -0.195157 0.980772 0
    outer loop
      vertex -28.7024 -1.11081 0
      vertex -28.8499 -1.14016 1.2
      vertex -28.7024 -1.11081 1.2
    endloop
  endfacet
  facet normal -0.195157 0.980772 0
    outer loop
      vertex -28.8499 -1.14016 1.2
      vertex -28.7024 -1.11081 0
      vertex -28.8499 -1.14016 0
    endloop
  endfacet
  facet normal 0.0654159 0.997858 -0
    outer loop
      vertex -29 -1.15 0
      vertex -29.1501 -1.14016 1.2
      vertex -29 -1.15 1.2
    endloop
  endfacet
  facet normal 0.0654159 0.997858 0
    outer loop
      vertex -29.1501 -1.14016 1.2
      vertex -29 -1.15 0
      vertex -29.1501 -1.14016 0
    endloop
  endfacet
  facet normal 0.555501 0.831516 -0
    outer loop
      vertex -29.575 -0.995929 0
      vertex -29.7001 -0.912355 1.2
      vertex -29.575 -0.995929 1.2
    endloop
  endfacet
  facet normal 0.555501 0.831516 0
    outer loop
      vertex -29.7001 -0.912355 1.2
      vertex -29.575 -0.995929 0
      vertex -29.7001 -0.912355 0
    endloop
  endfacet
  facet normal -0.997876 0.0651489 -9.3883e-20
    outer loop
      vertex -27.8598 -0.150105 0
      vertex -27.85 0 1.2
      vertex -27.85 0 0
    endloop
  endfacet
  facet normal -0.997876 0.0651489 -9.3883e-20
    outer loop
      vertex -27.85 0 1.2
      vertex -27.8598 -0.150105 0
      vertex -27.8598 -0.150105 1.2
    endloop
  endfacet
  facet normal 0.997876 -0.0651489 -9.3883e-20
    outer loop
      vertex -30.15 0 1.2
      vertex -30.1402 0.150105 0
      vertex -30.1402 0.150105 1.2
    endloop
  endfacet
  facet normal 0.997876 -0.0651489 -9.3883e-20
    outer loop
      vertex -30.1402 0.150105 0
      vertex -30.15 0 1.2
      vertex -30.15 0 0
    endloop
  endfacet
  facet normal -0.831692 -0.555237 -3.31449e-18
    outer loop
      vertex -28.0041 0.575 0
      vertex -28.0876 0.700075 1.2
      vertex -28.0876 0.700075 0
    endloop
  endfacet
  facet normal -0.831692 -0.555237 -3.31449e-18
    outer loop
      vertex -28.0876 0.700075 1.2
      vertex -28.0041 0.575 0
      vertex -28.0041 0.575 1.2
    endloop
  endfacet
  facet normal -0.896695 -0.442648 1.83938e-18
    outer loop
      vertex -27.9375 0.440085 0
      vertex -28.0041 0.575 1.2
      vertex -28.0041 0.575 0
    endloop
  endfacet
  facet normal -0.896695 -0.442648 1.83938e-18
    outer loop
      vertex -28.0041 0.575 1.2
      vertex -27.9375 0.440085 0
      vertex -27.9375 0.440085 1.2
    endloop
  endfacet
  facet normal 0.947037 0.321124 -2.53473e-19
    outer loop
      vertex -30.0625 -0.440085 1.2
      vertex -30.1108 -0.297642 0
      vertex -30.1108 -0.297642 1.2
    endloop
  endfacet
  facet normal 0.947037 0.321124 -2.53473e-19
    outer loop
      vertex -30.1108 -0.297642 0
      vertex -30.0625 -0.440085 1.2
      vertex -30.0625 -0.440085 0
    endloop
  endfacet
  facet normal -0.751785 0.659408 -2.16947e-18
    outer loop
      vertex -28.1868 -0.813172 0
      vertex -28.0876 -0.700075 1.2
      vertex -28.0876 -0.700075 0
    endloop
  endfacet
  facet normal -0.751785 0.659408 -2.16947e-18
    outer loop
      vertex -28.0876 -0.700075 1.2
      vertex -28.1868 -0.813172 0
      vertex -28.1868 -0.813172 1.2
    endloop
  endfacet
  facet normal -0.980718 0.19543 7.47467e-19
    outer loop
      vertex -27.8892 -0.297642 0
      vertex -27.8598 -0.150105 1.2
      vertex -27.8598 -0.150105 0
    endloop
  endfacet
  facet normal -0.980718 0.19543 7.47467e-19
    outer loop
      vertex -27.8598 -0.150105 1.2
      vertex -27.8892 -0.297642 0
      vertex -27.8892 -0.297642 1.2
    endloop
  endfacet
  facet normal 0.896695 0.442648 1.83938e-18
    outer loop
      vertex -29.9959 -0.575 1.2
      vertex -30.0625 -0.440085 0
      vertex -30.0625 -0.440085 1.2
    endloop
  endfacet
  facet normal 0.896695 0.442648 1.83938e-18
    outer loop
      vertex -30.0625 -0.440085 0
      vertex -29.9959 -0.575 1.2
      vertex -29.9959 -0.575 0
    endloop
  endfacet
  facet normal 0.321307 -0.946975 0
    outer loop
      vertex -29.4401 1.06246 0
      vertex -29.2976 1.11081 1.2
      vertex -29.4401 1.06246 1.2
    endloop
  endfacet
  facet normal 0.321307 -0.946975 0
    outer loop
      vertex -29.2976 1.11081 1.2
      vertex -29.4401 1.06246 0
      vertex -29.2976 1.11081 0
    endloop
  endfacet
  facet normal 0.659334 -0.75185 0
    outer loop
      vertex -29.8132 0.813172 0
      vertex -29.7001 0.912355 1.2
      vertex -29.8132 0.813172 1.2
    endloop
  endfacet
  facet normal 0.659334 -0.75185 0
    outer loop
      vertex -29.7001 0.912355 1.2
      vertex -29.8132 0.813172 0
      vertex -29.7001 0.912355 0
    endloop
  endfacet
  facet normal 0.555501 -0.831516 0
    outer loop
      vertex -29.7001 0.912355 0
      vertex -29.575 0.995929 1.2
      vertex -29.7001 0.912355 1.2
    endloop
  endfacet
  facet normal 0.555501 -0.831516 0
    outer loop
      vertex -29.575 0.995929 1.2
      vertex -29.7001 0.912355 0
      vertex -29.575 0.995929 0
    endloop
  endfacet
  facet normal -0.0654159 -0.997858 0
    outer loop
      vertex -29 1.15 0
      vertex -28.8499 1.14016 1.2
      vertex -29 1.15 1.2
    endloop
  endfacet
  facet normal -0.0654159 -0.997858 -0
    outer loop
      vertex -28.8499 1.14016 1.2
      vertex -29 1.15 0
      vertex -28.8499 1.14016 0
    endloop
  endfacet
  facet normal -0.321307 0.946975 0
    outer loop
      vertex -28.5599 -1.06246 0
      vertex -28.7024 -1.11081 1.2
      vertex -28.5599 -1.06246 1.2
    endloop
  endfacet
  facet normal -0.321307 0.946975 0
    outer loop
      vertex -28.7024 -1.11081 1.2
      vertex -28.5599 -1.06246 0
      vertex -28.7024 -1.11081 0
    endloop
  endfacet
  facet normal 0.751785 0.659408 2.16947e-18
    outer loop
      vertex -29.8132 -0.813172 1.2
      vertex -29.9124 -0.700075 0
      vertex -29.9124 -0.700075 1.2
    endloop
  endfacet
  facet normal 0.751785 0.659408 2.16947e-18
    outer loop
      vertex -29.9124 -0.700075 0
      vertex -29.8132 -0.813172 1.2
      vertex -29.8132 -0.813172 0
    endloop
  endfacet
  facet normal -0.659334 0.75185 0
    outer loop
      vertex -28.1868 -0.813172 0
      vertex -28.2999 -0.912355 1.2
      vertex -28.1868 -0.813172 1.2
    endloop
  endfacet
  facet normal -0.659334 0.75185 0
    outer loop
      vertex -28.2999 -0.912355 1.2
      vertex -28.1868 -0.813172 0
      vertex -28.2999 -0.912355 0
    endloop
  endfacet
  facet normal -0.0654159 0.997858 0
    outer loop
      vertex -28.8499 -1.14016 0
      vertex -29 -1.15 1.2
      vertex -28.8499 -1.14016 1.2
    endloop
  endfacet
  facet normal -0.0654159 0.997858 0
    outer loop
      vertex -29 -1.15 1.2
      vertex -28.8499 -1.14016 0
      vertex -29 -1.15 0
    endloop
  endfacet
  facet normal -0.555501 -0.831516 0
    outer loop
      vertex -28.425 0.995929 0
      vertex -28.2999 0.912355 1.2
      vertex -28.425 0.995929 1.2
    endloop
  endfacet
  facet normal -0.555501 -0.831516 -0
    outer loop
      vertex -28.2999 0.912355 1.2
      vertex -28.425 0.995929 0
      vertex -28.2999 0.912355 0
    endloop
  endfacet
  facet normal 0.442319 0.896858 -0
    outer loop
      vertex -29.4401 -1.06246 0
      vertex -29.575 -0.995929 1.2
      vertex -29.4401 -1.06246 1.2
    endloop
  endfacet
  facet normal 0.442319 0.896858 0
    outer loop
      vertex -29.575 -0.995929 1.2
      vertex -29.4401 -1.06246 0
      vertex -29.575 -0.995929 0
    endloop
  endfacet
  facet normal -0.555501 0.831516 0
    outer loop
      vertex -28.2999 -0.912355 0
      vertex -28.425 -0.995929 1.2
      vertex -28.2999 -0.912355 1.2
    endloop
  endfacet
  facet normal -0.555501 0.831516 0
    outer loop
      vertex -28.425 -0.995929 1.2
      vertex -28.2999 -0.912355 0
      vertex -28.425 -0.995929 0
    endloop
  endfacet
  facet normal 0.195157 -0.980772 0
    outer loop
      vertex -29.2976 1.11081 0
      vertex -29.1501 1.14016 1.2
      vertex -29.2976 1.11081 1.2
    endloop
  endfacet
  facet normal 0.195157 -0.980772 0
    outer loop
      vertex -29.1501 1.14016 1.2
      vertex -29.2976 1.11081 0
      vertex -29.1501 1.14016 0
    endloop
  endfacet
  facet normal -0.442319 -0.896858 0
    outer loop
      vertex -28.5599 1.06246 0
      vertex -28.425 0.995929 1.2
      vertex -28.5599 1.06246 1.2
    endloop
  endfacet
  facet normal -0.442319 -0.896858 -0
    outer loop
      vertex -28.425 0.995929 1.2
      vertex -28.5599 1.06246 0
      vertex -28.425 0.995929 0
    endloop
  endfacet
  facet normal 0.980718 0.19543 -7.47467e-19
    outer loop
      vertex -30.1108 -0.297642 1.2
      vertex -30.1402 -0.150105 0
      vertex -30.1402 -0.150105 1.2
    endloop
  endfacet
  facet normal 0.980718 0.19543 -7.47467e-19
    outer loop
      vertex -30.1402 -0.150105 0
      vertex -30.1108 -0.297642 1.2
      vertex -30.1108 -0.297642 0
    endloop
  endfacet
  facet normal -0.321307 -0.946975 0
    outer loop
      vertex -28.7024 1.11081 0
      vertex -28.5599 1.06246 1.2
      vertex -28.7024 1.11081 1.2
    endloop
  endfacet
  facet normal -0.321307 -0.946975 -0
    outer loop
      vertex -28.5599 1.06246 1.2
      vertex -28.7024 1.11081 0
      vertex -28.5599 1.06246 0
    endloop
  endfacet
  facet normal 0.896695 -0.442648 -1.83938e-18
    outer loop
      vertex -30.0625 0.440085 1.2
      vertex -29.9959 0.575 0
      vertex -29.9959 0.575 1.2
    endloop
  endfacet
  facet normal 0.896695 -0.442648 -1.83938e-18
    outer loop
      vertex -29.9959 0.575 0
      vertex -30.0625 0.440085 1.2
      vertex -30.0625 0.440085 0
    endloop
  endfacet
  facet normal 0.831692 -0.555237 3.31449e-18
    outer loop
      vertex -29.9959 0.575 1.2
      vertex -29.9124 0.700075 0
      vertex -29.9124 0.700075 1.2
    endloop
  endfacet
  facet normal 0.831692 -0.555237 3.31449e-18
    outer loop
      vertex -29.9124 0.700075 0
      vertex -29.9959 0.575 1.2
      vertex -29.9959 0.575 0
    endloop
  endfacet
  facet normal -0.831692 0.555237 3.31449e-18
    outer loop
      vertex -28.0876 -0.700075 0
      vertex -28.0041 -0.575 1.2
      vertex -28.0041 -0.575 0
    endloop
  endfacet
  facet normal -0.831692 0.555237 3.31449e-18
    outer loop
      vertex -28.0041 -0.575 1.2
      vertex -28.0876 -0.700075 0
      vertex -28.0876 -0.700075 1.2
    endloop
  endfacet
  facet normal -0.947037 0.321124 2.53473e-19
    outer loop
      vertex -27.9375 -0.440085 0
      vertex -27.8892 -0.297642 1.2
      vertex -27.8892 -0.297642 0
    endloop
  endfacet
  facet normal -0.947037 0.321124 2.53473e-19
    outer loop
      vertex -27.8892 -0.297642 1.2
      vertex -27.9375 -0.440085 0
      vertex -27.9375 -0.440085 1.2
    endloop
  endfacet
  facet normal -0.195157 -0.980772 0
    outer loop
      vertex -28.8499 1.14016 0
      vertex -28.7024 1.11081 1.2
      vertex -28.8499 1.14016 1.2
    endloop
  endfacet
  facet normal -0.195157 -0.980772 -0
    outer loop
      vertex -28.7024 1.11081 1.2
      vertex -28.8499 1.14016 0
      vertex -28.7024 1.11081 0
    endloop
  endfacet
  facet normal 0.997876 0.0651489 9.3883e-20
    outer loop
      vertex -30.1402 -0.150105 1.2
      vertex -30.15 0 0
      vertex -30.15 0 1.2
    endloop
  endfacet
  facet normal 0.997876 0.0651489 9.3883e-20
    outer loop
      vertex -30.15 0 0
      vertex -30.1402 -0.150105 1.2
      vertex -30.1402 -0.150105 0
    endloop
  endfacet
  facet normal 0.195157 0.980772 -0
    outer loop
      vertex -29.1501 -1.14016 0
      vertex -29.2976 -1.11081 1.2
      vertex -29.1501 -1.14016 1.2
    endloop
  endfacet
  facet normal 0.195157 0.980772 0
    outer loop
      vertex -29.2976 -1.11081 1.2
      vertex -29.1501 -1.14016 0
      vertex -29.2976 -1.11081 0
    endloop
  endfacet
  facet normal -0.751785 -0.659408 2.16947e-18
    outer loop
      vertex -28.0876 0.700075 0
      vertex -28.1868 0.813172 1.2
      vertex -28.1868 0.813172 0
    endloop
  endfacet
  facet normal -0.751785 -0.659408 2.16947e-18
    outer loop
      vertex -28.1868 0.813172 1.2
      vertex -28.0876 0.700075 0
      vertex -28.0876 0.700075 1.2
    endloop
  endfacet
  facet normal -0.947037 -0.321124 -2.53473e-19
    outer loop
      vertex -27.8892 0.297642 0
      vertex -27.9375 0.440085 1.2
      vertex -27.9375 0.440085 0
    endloop
  endfacet
  facet normal -0.947037 -0.321124 -2.53473e-19
    outer loop
      vertex -27.9375 0.440085 1.2
      vertex -27.8892 0.297642 0
      vertex -27.8892 0.297642 1.2
    endloop
  endfacet
  facet normal 0.947037 -0.321124 2.53473e-19
    outer loop
      vertex -30.1108 0.297642 1.2
      vertex -30.0625 0.440085 0
      vertex -30.0625 0.440085 1.2
    endloop
  endfacet
  facet normal 0.947037 -0.321124 2.53473e-19
    outer loop
      vertex -30.0625 0.440085 0
      vertex -30.1108 0.297642 1.2
      vertex -30.1108 0.297642 0
    endloop
  endfacet
  facet normal 0.831692 0.555237 -3.31449e-18
    outer loop
      vertex -29.9124 -0.700075 1.2
      vertex -29.9959 -0.575 0
      vertex -29.9959 -0.575 1.2
    endloop
  endfacet
  facet normal 0.831692 0.555237 -3.31449e-18
    outer loop
      vertex -29.9959 -0.575 0
      vertex -29.9124 -0.700075 1.2
      vertex -29.9124 -0.700075 0
    endloop
  endfacet
  facet normal 0.321307 0.946975 -0
    outer loop
      vertex -29.2976 -1.11081 0
      vertex -29.4401 -1.06246 1.2
      vertex -29.2976 -1.11081 1.2
    endloop
  endfacet
  facet normal 0.321307 0.946975 0
    outer loop
      vertex -29.4401 -1.06246 1.2
      vertex -29.2976 -1.11081 0
      vertex -29.4401 -1.06246 0
    endloop
  endfacet
  facet normal -0.896695 0.442648 -1.83938e-18
    outer loop
      vertex -28.0041 -0.575 0
      vertex -27.9375 -0.440085 1.2
      vertex -27.9375 -0.440085 0
    endloop
  endfacet
  facet normal -0.896695 0.442648 -1.83938e-18
    outer loop
      vertex -27.9375 -0.440085 1.2
      vertex -28.0041 -0.575 0
      vertex -28.0041 -0.575 1.2
    endloop
  endfacet
  facet normal 0.659334 0.75185 -0
    outer loop
      vertex -29.7001 -0.912355 0
      vertex -29.8132 -0.813172 1.2
      vertex -29.7001 -0.912355 1.2
    endloop
  endfacet
  facet normal 0.659334 0.75185 0
    outer loop
      vertex -29.8132 -0.813172 1.2
      vertex -29.7001 -0.912355 0
      vertex -29.8132 -0.813172 0
    endloop
  endfacet
  facet normal 0.751785 -0.659408 -2.16947e-18
    outer loop
      vertex -29.9124 0.700075 1.2
      vertex -29.8132 0.813172 0
      vertex -29.8132 0.813172 1.2
    endloop
  endfacet
  facet normal 0.751785 -0.659408 -2.16947e-18
    outer loop
      vertex -29.8132 0.813172 0
      vertex -29.9124 0.700075 1.2
      vertex -29.9124 0.700075 0
    endloop
  endfacet
  facet normal -0.980718 -0.19543 -7.47467e-19
    outer loop
      vertex 30.1402 0.150105 0
      vertex 30.1108 0.297642 1.2
      vertex 30.1108 0.297642 0
    endloop
  endfacet
  facet normal -0.980718 -0.19543 -7.47467e-19
    outer loop
      vertex 30.1108 0.297642 1.2
      vertex 30.1402 0.150105 0
      vertex 30.1402 0.150105 1.2
    endloop
  endfacet
  facet normal -0.997876 -0.0651489 9.3883e-20
    outer loop
      vertex 30.15 0 0
      vertex 30.1402 0.150105 1.2
      vertex 30.1402 0.150105 0
    endloop
  endfacet
  facet normal -0.997876 -0.0651489 9.3883e-20
    outer loop
      vertex 30.1402 0.150105 1.2
      vertex 30.15 0 0
      vertex 30.15 0 1.2
    endloop
  endfacet
  facet normal 0.442319 -0.896858 0
    outer loop
      vertex 28.425 0.995929 0
      vertex 28.5599 1.06246 1.2
      vertex 28.425 0.995929 1.2
    endloop
  endfacet
  facet normal 0.442319 -0.896858 0
    outer loop
      vertex 28.5599 1.06246 1.2
      vertex 28.425 0.995929 0
      vertex 28.5599 1.06246 0
    endloop
  endfacet
  facet normal -0.659334 -0.75185 0
    outer loop
      vertex 29.7001 0.912355 0
      vertex 29.8132 0.813172 1.2
      vertex 29.7001 0.912355 1.2
    endloop
  endfacet
  facet normal -0.659334 -0.75185 -0
    outer loop
      vertex 29.8132 0.813172 1.2
      vertex 29.7001 0.912355 0
      vertex 29.8132 0.813172 0
    endloop
  endfacet
  facet normal 0.0654159 -0.997858 0
    outer loop
      vertex 28.8499 1.14016 0
      vertex 29 1.15 1.2
      vertex 28.8499 1.14016 1.2
    endloop
  endfacet
  facet normal 0.0654159 -0.997858 0
    outer loop
      vertex 29 1.15 1.2
      vertex 28.8499 1.14016 0
      vertex 29 1.15 0
    endloop
  endfacet
  facet normal -0.442319 0.896858 0
    outer loop
      vertex 29.575 -0.995929 0
      vertex 29.4401 -1.06246 1.2
      vertex 29.575 -0.995929 1.2
    endloop
  endfacet
  facet normal -0.442319 0.896858 0
    outer loop
      vertex 29.4401 -1.06246 1.2
      vertex 29.575 -0.995929 0
      vertex 29.4401 -1.06246 0
    endloop
  endfacet
  facet normal 0.980718 -0.19543 7.47467e-19
    outer loop
      vertex 27.8598 0.150105 1.2
      vertex 27.8892 0.297642 0
      vertex 27.8892 0.297642 1.2
    endloop
  endfacet
  facet normal 0.980718 -0.19543 7.47467e-19
    outer loop
      vertex 27.8892 0.297642 0
      vertex 27.8598 0.150105 1.2
      vertex 27.8598 0.150105 0
    endloop
  endfacet
  facet normal -0.195157 0.980772 0
    outer loop
      vertex 29.2976 -1.11081 0
      vertex 29.1501 -1.14016 1.2
      vertex 29.2976 -1.11081 1.2
    endloop
  endfacet
  facet normal -0.195157 0.980772 0
    outer loop
      vertex 29.1501 -1.14016 1.2
      vertex 29.2976 -1.11081 0
      vertex 29.1501 -1.14016 0
    endloop
  endfacet
  facet normal 0.0654159 0.997858 -0
    outer loop
      vertex 29 -1.15 0
      vertex 28.8499 -1.14016 1.2
      vertex 29 -1.15 1.2
    endloop
  endfacet
  facet normal 0.0654159 0.997858 0
    outer loop
      vertex 28.8499 -1.14016 1.2
      vertex 29 -1.15 0
      vertex 28.8499 -1.14016 0
    endloop
  endfacet
  facet normal 0.555501 0.831516 -0
    outer loop
      vertex 28.425 -0.995929 0
      vertex 28.2999 -0.912355 1.2
      vertex 28.425 -0.995929 1.2
    endloop
  endfacet
  facet normal 0.555501 0.831516 0
    outer loop
      vertex 28.2999 -0.912355 1.2
      vertex 28.425 -0.995929 0
      vertex 28.2999 -0.912355 0
    endloop
  endfacet
  facet normal -0.997876 0.0651489 -9.3883e-20
    outer loop
      vertex 30.1402 -0.150105 0
      vertex 30.15 0 1.2
      vertex 30.15 0 0
    endloop
  endfacet
  facet normal -0.997876 0.0651489 -9.3883e-20
    outer loop
      vertex 30.15 0 1.2
      vertex 30.1402 -0.150105 0
      vertex 30.1402 -0.150105 1.2
    endloop
  endfacet
  facet normal 0.997876 -0.0651489 -9.3883e-20
    outer loop
      vertex 27.85 0 1.2
      vertex 27.8598 0.150105 0
      vertex 27.8598 0.150105 1.2
    endloop
  endfacet
  facet normal 0.997876 -0.0651489 -9.3883e-20
    outer loop
      vertex 27.8598 0.150105 0
      vertex 27.85 0 1.2
      vertex 27.85 0 0
    endloop
  endfacet
  facet normal -0.831692 -0.555237 -3.31449e-18
    outer loop
      vertex 29.9959 0.575 0
      vertex 29.9124 0.700075 1.2
      vertex 29.9124 0.700075 0
    endloop
  endfacet
  facet normal -0.831692 -0.555237 -3.31449e-18
    outer loop
      vertex 29.9124 0.700075 1.2
      vertex 29.9959 0.575 0
      vertex 29.9959 0.575 1.2
    endloop
  endfacet
  facet normal -0.896695 -0.442648 1.83938e-18
    outer loop
      vertex 30.0625 0.440085 0
      vertex 29.9959 0.575 1.2
      vertex 29.9959 0.575 0
    endloop
  endfacet
  facet normal -0.896695 -0.442648 1.83938e-18
    outer loop
      vertex 29.9959 0.575 1.2
      vertex 30.0625 0.440085 0
      vertex 30.0625 0.440085 1.2
    endloop
  endfacet
  facet normal 0.947037 0.321124 -2.53473e-19
    outer loop
      vertex 27.9375 -0.440085 1.2
      vertex 27.8892 -0.297642 0
      vertex 27.8892 -0.297642 1.2
    endloop
  endfacet
  facet normal 0.947037 0.321124 -2.53473e-19
    outer loop
      vertex 27.8892 -0.297642 0
      vertex 27.9375 -0.440085 1.2
      vertex 27.9375 -0.440085 0
    endloop
  endfacet
  facet normal -0.751785 0.659408 -2.16947e-18
    outer loop
      vertex 29.8132 -0.813172 0
      vertex 29.9124 -0.700075 1.2
      vertex 29.9124 -0.700075 0
    endloop
  endfacet
  facet normal -0.751785 0.659408 -2.16947e-18
    outer loop
      vertex 29.9124 -0.700075 1.2
      vertex 29.8132 -0.813172 0
      vertex 29.8132 -0.813172 1.2
    endloop
  endfacet
  facet normal -0.980718 0.19543 7.47467e-19
    outer loop
      vertex 30.1108 -0.297642 0
      vertex 30.1402 -0.150105 1.2
      vertex 30.1402 -0.150105 0
    endloop
  endfacet
  facet normal -0.980718 0.19543 7.47467e-19
    outer loop
      vertex 30.1402 -0.150105 1.2
      vertex 30.1108 -0.297642 0
      vertex 30.1108 -0.297642 1.2
    endloop
  endfacet
  facet normal 0.896695 0.442648 1.83938e-18
    outer loop
      vertex 28.0041 -0.575 1.2
      vertex 27.9375 -0.440085 0
      vertex 27.9375 -0.440085 1.2
    endloop
  endfacet
  facet normal 0.896695 0.442648 1.83938e-18
    outer loop
      vertex 27.9375 -0.440085 0
      vertex 28.0041 -0.575 1.2
      vertex 28.0041 -0.575 0
    endloop
  endfacet
  facet normal 0.321307 -0.946975 0
    outer loop
      vertex 28.5599 1.06246 0
      vertex 28.7024 1.11081 1.2
      vertex 28.5599 1.06246 1.2
    endloop
  endfacet
  facet normal 0.321307 -0.946975 0
    outer loop
      vertex 28.7024 1.11081 1.2
      vertex 28.5599 1.06246 0
      vertex 28.7024 1.11081 0
    endloop
  endfacet
  facet normal 0.659334 -0.75185 0
    outer loop
      vertex 28.1868 0.813172 0
      vertex 28.2999 0.912355 1.2
      vertex 28.1868 0.813172 1.2
    endloop
  endfacet
  facet normal 0.659334 -0.75185 0
    outer loop
      vertex 28.2999 0.912355 1.2
      vertex 28.1868 0.813172 0
      vertex 28.2999 0.912355 0
    endloop
  endfacet
  facet normal 0.555501 -0.831516 0
    outer loop
      vertex 28.2999 0.912355 0
      vertex 28.425 0.995929 1.2
      vertex 28.2999 0.912355 1.2
    endloop
  endfacet
  facet normal 0.555501 -0.831516 0
    outer loop
      vertex 28.425 0.995929 1.2
      vertex 28.2999 0.912355 0
      vertex 28.425 0.995929 0
    endloop
  endfacet
  facet normal -0.0654159 -0.997858 0
    outer loop
      vertex 29 1.15 0
      vertex 29.1501 1.14016 1.2
      vertex 29 1.15 1.2
    endloop
  endfacet
  facet normal -0.0654159 -0.997858 -0
    outer loop
      vertex 29.1501 1.14016 1.2
      vertex 29 1.15 0
      vertex 29.1501 1.14016 0
    endloop
  endfacet
  facet normal 0.751785 0.659408 2.16947e-18
    outer loop
      vertex 28.1868 -0.813172 1.2
      vertex 28.0876 -0.700075 0
      vertex 28.0876 -0.700075 1.2
    endloop
  endfacet
  facet normal 0.751785 0.659408 2.16947e-18
    outer loop
      vertex 28.0876 -0.700075 0
      vertex 28.1868 -0.813172 1.2
      vertex 28.1868 -0.813172 0
    endloop
  endfacet
  facet normal -0.659334 0.75185 0
    outer loop
      vertex 29.8132 -0.813172 0
      vertex 29.7001 -0.912355 1.2
      vertex 29.8132 -0.813172 1.2
    endloop
  endfacet
  facet normal -0.659334 0.75185 0
    outer loop
      vertex 29.7001 -0.912355 1.2
      vertex 29.8132 -0.813172 0
      vertex 29.7001 -0.912355 0
    endloop
  endfacet
  facet normal -0.0654159 0.997858 0
    outer loop
      vertex 29.1501 -1.14016 0
      vertex 29 -1.15 1.2
      vertex 29.1501 -1.14016 1.2
    endloop
  endfacet
  facet normal -0.0654159 0.997858 0
    outer loop
      vertex 29 -1.15 1.2
      vertex 29.1501 -1.14016 0
      vertex 29 -1.15 0
    endloop
  endfacet
  facet normal -0.555501 -0.831516 0
    outer loop
      vertex 29.575 0.995929 0
      vertex 29.7001 0.912355 1.2
      vertex 29.575 0.995929 1.2
    endloop
  endfacet
  facet normal -0.555501 -0.831516 -0
    outer loop
      vertex 29.7001 0.912355 1.2
      vertex 29.575 0.995929 0
      vertex 29.7001 0.912355 0
    endloop
  endfacet
  facet normal 0.442319 0.896858 -0
    outer loop
      vertex 28.5599 -1.06246 0
      vertex 28.425 -0.995929 1.2
      vertex 28.5599 -1.06246 1.2
    endloop
  endfacet
  facet normal 0.442319 0.896858 0
    outer loop
      vertex 28.425 -0.995929 1.2
      vertex 28.5599 -1.06246 0
      vertex 28.425 -0.995929 0
    endloop
  endfacet
  facet normal -0.555501 0.831516 0
    outer loop
      vertex 29.7001 -0.912355 0
      vertex 29.575 -0.995929 1.2
      vertex 29.7001 -0.912355 1.2
    endloop
  endfacet
  facet normal -0.555501 0.831516 0
    outer loop
      vertex 29.575 -0.995929 1.2
      vertex 29.7001 -0.912355 0
      vertex 29.575 -0.995929 0
    endloop
  endfacet
  facet normal -0.321307 0.946975 0
    outer loop
      vertex 29.4401 -1.06246 0
      vertex 29.2976 -1.11081 1.2
      vertex 29.4401 -1.06246 1.2
    endloop
  endfacet
  facet normal -0.321307 0.946975 0
    outer loop
      vertex 29.2976 -1.11081 1.2
      vertex 29.4401 -1.06246 0
      vertex 29.2976 -1.11081 0
    endloop
  endfacet
  facet normal 0.195157 -0.980772 0
    outer loop
      vertex 28.7024 1.11081 0
      vertex 28.8499 1.14016 1.2
      vertex 28.7024 1.11081 1.2
    endloop
  endfacet
  facet normal 0.195157 -0.980772 0
    outer loop
      vertex 28.8499 1.14016 1.2
      vertex 28.7024 1.11081 0
      vertex 28.8499 1.14016 0
    endloop
  endfacet
  facet normal -0.442319 -0.896858 0
    outer loop
      vertex 29.4401 1.06246 0
      vertex 29.575 0.995929 1.2
      vertex 29.4401 1.06246 1.2
    endloop
  endfacet
  facet normal -0.442319 -0.896858 -0
    outer loop
      vertex 29.575 0.995929 1.2
      vertex 29.4401 1.06246 0
      vertex 29.575 0.995929 0
    endloop
  endfacet
  facet normal 0.980718 0.19543 -7.47467e-19
    outer loop
      vertex 27.8892 -0.297642 1.2
      vertex 27.8598 -0.150105 0
      vertex 27.8598 -0.150105 1.2
    endloop
  endfacet
  facet normal 0.980718 0.19543 -7.47467e-19
    outer loop
      vertex 27.8598 -0.150105 0
      vertex 27.8892 -0.297642 1.2
      vertex 27.8892 -0.297642 0
    endloop
  endfacet
  facet normal -0.321307 -0.946975 0
    outer loop
      vertex 29.2976 1.11081 0
      vertex 29.4401 1.06246 1.2
      vertex 29.2976 1.11081 1.2
    endloop
  endfacet
  facet normal -0.321307 -0.946975 -0
    outer loop
      vertex 29.4401 1.06246 1.2
      vertex 29.2976 1.11081 0
      vertex 29.4401 1.06246 0
    endloop
  endfacet
  facet normal 0.896695 -0.442648 -1.83938e-18
    outer loop
      vertex 27.9375 0.440085 1.2
      vertex 28.0041 0.575 0
      vertex 28.0041 0.575 1.2
    endloop
  endfacet
  facet normal 0.896695 -0.442648 -1.83938e-18
    outer loop
      vertex 28.0041 0.575 0
      vertex 27.9375 0.440085 1.2
      vertex 27.9375 0.440085 0
    endloop
  endfacet
  facet normal 0.831692 -0.555237 3.31449e-18
    outer loop
      vertex 28.0041 0.575 1.2
      vertex 28.0876 0.700075 0
      vertex 28.0876 0.700075 1.2
    endloop
  endfacet
  facet normal 0.831692 -0.555237 3.31449e-18
    outer loop
      vertex 28.0876 0.700075 0
      vertex 28.0041 0.575 1.2
      vertex 28.0041 0.575 0
    endloop
  endfacet
  facet normal -0.831692 0.555237 3.31449e-18
    outer loop
      vertex 29.9124 -0.700075 0
      vertex 29.9959 -0.575 1.2
      vertex 29.9959 -0.575 0
    endloop
  endfacet
  facet normal -0.831692 0.555237 3.31449e-18
    outer loop
      vertex 29.9959 -0.575 1.2
      vertex 29.9124 -0.700075 0
      vertex 29.9124 -0.700075 1.2
    endloop
  endfacet
  facet normal -0.947037 0.321124 2.53473e-19
    outer loop
      vertex 30.0625 -0.440085 0
      vertex 30.1108 -0.297642 1.2
      vertex 30.1108 -0.297642 0
    endloop
  endfacet
  facet normal -0.947037 0.321124 2.53473e-19
    outer loop
      vertex 30.1108 -0.297642 1.2
      vertex 30.0625 -0.440085 0
      vertex 30.0625 -0.440085 1.2
    endloop
  endfacet
  facet normal -0.195157 -0.980772 0
    outer loop
      vertex 29.1501 1.14016 0
      vertex 29.2976 1.11081 1.2
      vertex 29.1501 1.14016 1.2
    endloop
  endfacet
  facet normal -0.195157 -0.980772 -0
    outer loop
      vertex 29.2976 1.11081 1.2
      vertex 29.1501 1.14016 0
      vertex 29.2976 1.11081 0
    endloop
  endfacet
  facet normal 0.997876 0.0651489 9.3883e-20
    outer loop
      vertex 27.8598 -0.150105 1.2
      vertex 27.85 0 0
      vertex 27.85 0 1.2
    endloop
  endfacet
  facet normal 0.997876 0.0651489 9.3883e-20
    outer loop
      vertex 27.85 0 0
      vertex 27.8598 -0.150105 1.2
      vertex 27.8598 -0.150105 0
    endloop
  endfacet
  facet normal 0.195157 0.980772 -0
    outer loop
      vertex 28.8499 -1.14016 0
      vertex 28.7024 -1.11081 1.2
      vertex 28.8499 -1.14016 1.2
    endloop
  endfacet
  facet normal 0.195157 0.980772 0
    outer loop
      vertex 28.7024 -1.11081 1.2
      vertex 28.8499 -1.14016 0
      vertex 28.7024 -1.11081 0
    endloop
  endfacet
  facet normal -0.751785 -0.659408 2.16947e-18
    outer loop
      vertex 29.9124 0.700075 0
      vertex 29.8132 0.813172 1.2
      vertex 29.8132 0.813172 0
    endloop
  endfacet
  facet normal -0.751785 -0.659408 2.16947e-18
    outer loop
      vertex 29.8132 0.813172 1.2
      vertex 29.9124 0.700075 0
      vertex 29.9124 0.700075 1.2
    endloop
  endfacet
  facet normal -0.947037 -0.321124 -2.53473e-19
    outer loop
      vertex 30.1108 0.297642 0
      vertex 30.0625 0.440085 1.2
      vertex 30.0625 0.440085 0
    endloop
  endfacet
  facet normal -0.947037 -0.321124 -2.53473e-19
    outer loop
      vertex 30.0625 0.440085 1.2
      vertex 30.1108 0.297642 0
      vertex 30.1108 0.297642 1.2
    endloop
  endfacet
  facet normal 0.947037 -0.321124 2.53473e-19
    outer loop
      vertex 27.8892 0.297642 1.2
      vertex 27.9375 0.440085 0
      vertex 27.9375 0.440085 1.2
    endloop
  endfacet
  facet normal 0.947037 -0.321124 2.53473e-19
    outer loop
      vertex 27.9375 0.440085 0
      vertex 27.8892 0.297642 1.2
      vertex 27.8892 0.297642 0
    endloop
  endfacet
  facet normal 0.831692 0.555237 -3.31449e-18
    outer loop
      vertex 28.0876 -0.700075 1.2
      vertex 28.0041 -0.575 0
      vertex 28.0041 -0.575 1.2
    endloop
  endfacet
  facet normal 0.831692 0.555237 -3.31449e-18
    outer loop
      vertex 28.0041 -0.575 0
      vertex 28.0876 -0.700075 1.2
      vertex 28.0876 -0.700075 0
    endloop
  endfacet
  facet normal 0.321307 0.946975 -0
    outer loop
      vertex 28.7024 -1.11081 0
      vertex 28.5599 -1.06246 1.2
      vertex 28.7024 -1.11081 1.2
    endloop
  endfacet
  facet normal 0.321307 0.946975 0
    outer loop
      vertex 28.5599 -1.06246 1.2
      vertex 28.7024 -1.11081 0
      vertex 28.5599 -1.06246 0
    endloop
  endfacet
  facet normal -0.896695 0.442648 -1.83938e-18
    outer loop
      vertex 29.9959 -0.575 0
      vertex 30.0625 -0.440085 1.2
      vertex 30.0625 -0.440085 0
    endloop
  endfacet
  facet normal -0.896695 0.442648 -1.83938e-18
    outer loop
      vertex 30.0625 -0.440085 1.2
      vertex 29.9959 -0.575 0
      vertex 29.9959 -0.575 1.2
    endloop
  endfacet
  facet normal 0.659334 0.75185 -0
    outer loop
      vertex 28.2999 -0.912355 0
      vertex 28.1868 -0.813172 1.2
      vertex 28.2999 -0.912355 1.2
    endloop
  endfacet
  facet normal 0.659334 0.75185 0
    outer loop
      vertex 28.1868 -0.813172 1.2
      vertex 28.2999 -0.912355 0
      vertex 28.1868 -0.813172 0
    endloop
  endfacet
  facet normal 0.751785 -0.659408 -2.16947e-18
    outer loop
      vertex 28.0876 0.700075 1.2
      vertex 28.1868 0.813172 0
      vertex 28.1868 0.813172 1.2
    endloop
  endfacet
  facet normal 0.751785 -0.659408 -2.16947e-18
    outer loop
      vertex 28.1868 0.813172 0
      vertex 28.0876 0.700075 1.2
      vertex 28.0876 0.700075 0
    endloop
  endfacet
endsolid OpenSCAD_Model
