solid OpenSCAD_Model
  facet normal 0.490815 -0.490815 -0.719862
    outer loop
      vertex 30 -77 1.5
      vertex 35.5 -69.3 0
      vertex 37 -70 1.5
    endloop
  endfacet
  facet normal 0.490815 -0.490815 -0.719862
    outer loop
      vertex 35.5 -69.3 0
      vertex 30 -77 1.5
      vertex 29.3 -75.5 0
    endloop
  endfacet
  facet normal -0.490815 -0.490815 -0.719862
    outer loop
      vertex -30 -77 1.5
      vertex -35.5 -69.3 0
      vertex -29.3 -75.5 0
    endloop
  endfacet
  facet normal -0.490815 -0.490815 -0.719862
    outer loop
      vertex -35.5 -69.3 0
      vertex -30 -77 1.5
      vertex -37 -70 1.5
    endloop
  endfacet
  facet normal 1 0 0
    outer loop
      vertex 37 50 16.75
      vertex 37 70 23.6
      vertex 37 50 21.25
    endloop
  endfacet
  facet normal 1 0 0
    outer loop
      vertex 37 70 23.6
      vertex 37 49.9914 21.3805
      vertex 37 50 21.25
    endloop
  endfacet
  facet normal 1 0 0
    outer loop
      vertex 37 70 23.6
      vertex 37 49.9659 21.5088
      vertex 37 49.9914 21.3805
    endloop
  endfacet
  facet normal 1 0 0
    outer loop
      vertex 37 70 23.6
      vertex 37 49.9239 21.6327
      vertex 37 49.9659 21.5088
    endloop
  endfacet
  facet normal 1 0 0
    outer loop
      vertex 37 70 23.6
      vertex 37 49.866 21.75
      vertex 37 49.9239 21.6327
    endloop
  endfacet
  facet normal 1 0 0
    outer loop
      vertex 37 70 23.6
      vertex 37 49.7934 21.8588
      vertex 37 49.866 21.75
    endloop
  endfacet
  facet normal 1 0 0
    outer loop
      vertex 37 70 23.6
      vertex 37 49.7071 21.9571
      vertex 37 49.7934 21.8588
    endloop
  endfacet
  facet normal 1 0 0
    outer loop
      vertex 37 70 23.6
      vertex 37 49.6088 22.0434
      vertex 37 49.7071 21.9571
    endloop
  endfacet
  facet normal 1 0 0
    outer loop
      vertex 37 70 23.6
      vertex 37 49.5 22.116
      vertex 37 49.6088 22.0434
    endloop
  endfacet
  facet normal 1 0 0
    outer loop
      vertex 37 70 23.6
      vertex 37 49.3827 22.1739
      vertex 37 49.5 22.116
    endloop
  endfacet
  facet normal 1 0 0
    outer loop
      vertex 37 70 23.6
      vertex 37 49.2588 22.2159
      vertex 37 49.3827 22.1739
    endloop
  endfacet
  facet normal 1 0 0
    outer loop
      vertex 37 70 23.6
      vertex 37 49.1305 22.2414
      vertex 37 49.2588 22.2159
    endloop
  endfacet
  facet normal 1 0 0
    outer loop
      vertex 37 70 23.6
      vertex 37 49 22.25
      vertex 37 49.1305 22.2414
    endloop
  endfacet
  facet normal 1 0 0
    outer loop
      vertex 37 70 23.6
      vertex 37 39 22.25
      vertex 37 49 22.25
    endloop
  endfacet
  facet normal 1 0 0
    outer loop
      vertex 37 38 21.25
      vertex 37 6.89999 19.6
      vertex 37 38 16.75
    endloop
  endfacet
  facet normal 1 0 0
    outer loop
      vertex 37 6.89658 19.6522
      vertex 37 38 21.25
      vertex 37 38.0086 21.3805
    endloop
  endfacet
  facet normal 1 0 0
    outer loop
      vertex 37 6.88637 19.7035
      vertex 37 38.0086 21.3805
      vertex 37 38.0341 21.5088
    endloop
  endfacet
  facet normal 1 0 0
    outer loop
      vertex 37 6.86955 19.7531
      vertex 37 38.0341 21.5088
      vertex 37 38.0761 21.6327
    endloop
  endfacet
  facet normal 1 0 0
    outer loop
      vertex 37 6.84641 19.8
      vertex 37 38.0761 21.6327
      vertex 37 38.134 21.75
    endloop
  endfacet
  facet normal 1 0 0
    outer loop
      vertex 37 6.81734 19.8435
      vertex 37 38.134 21.75
      vertex 37 38.2066 21.8588
    endloop
  endfacet
  facet normal 1 0 0
    outer loop
      vertex 37 6.78284 19.8828
      vertex 37 38.2066 21.8588
      vertex 37 38.2929 21.9571
    endloop
  endfacet
  facet normal 1 0 0
    outer loop
      vertex 37 6.7435 19.9173
      vertex 37 38.2929 21.9571
      vertex 37 38.3912 22.0434
    endloop
  endfacet
  facet normal 1 0 0
    outer loop
      vertex 37 6.7 19.9464
      vertex 37 38.3912 22.0434
      vertex 37 38.5 22.116
    endloop
  endfacet
  facet normal 1 0 0
    outer loop
      vertex 37 6.65308 19.9695
      vertex 37 38.5 22.116
      vertex 37 38.6173 22.1739
    endloop
  endfacet
  facet normal 1 0 0
    outer loop
      vertex 37 6.60353 19.9864
      vertex 37 38.6173 22.1739
      vertex 37 38.7412 22.2159
    endloop
  endfacet
  facet normal 1 0 0
    outer loop
      vertex 37 6.55222 19.9966
      vertex 37 38.7412 22.2159
      vertex 37 38.8695 22.2414
    endloop
  endfacet
  facet normal 1 0 0
    outer loop
      vertex 37 38 21.25
      vertex 37 6.89658 19.6522
      vertex 37 6.89999 19.6
    endloop
  endfacet
  facet normal 1 0 0
    outer loop
      vertex 37 38.0086 21.3805
      vertex 37 6.88637 19.7035
      vertex 37 6.89658 19.6522
    endloop
  endfacet
  facet normal 1 0 0
    outer loop
      vertex 37 38.0341 21.5088
      vertex 37 6.86955 19.7531
      vertex 37 6.88637 19.7035
    endloop
  endfacet
  facet normal 1 0 0
    outer loop
      vertex 37 38.0761 21.6327
      vertex 37 6.84641 19.8
      vertex 37 6.86955 19.7531
    endloop
  endfacet
  facet normal 1 0 0
    outer loop
      vertex 37 38.134 21.75
      vertex 37 6.81734 19.8435
      vertex 37 6.84641 19.8
    endloop
  endfacet
  facet normal 1 0 0
    outer loop
      vertex 37 38.2066 21.8588
      vertex 37 6.78284 19.8828
      vertex 37 6.81734 19.8435
    endloop
  endfacet
  facet normal 1 0 0
    outer loop
      vertex 37 38.2929 21.9571
      vertex 37 6.7435 19.9173
      vertex 37 6.78284 19.8828
    endloop
  endfacet
  facet normal 1 0 0
    outer loop
      vertex 37 38.3912 22.0434
      vertex 37 6.7 19.9464
      vertex 37 6.7435 19.9173
    endloop
  endfacet
  facet normal 1 0 0
    outer loop
      vertex 37 38.5 22.116
      vertex 37 6.65308 19.9695
      vertex 37 6.7 19.9464
    endloop
  endfacet
  facet normal 1 0 0
    outer loop
      vertex 37 38.6173 22.1739
      vertex 37 6.60353 19.9864
      vertex 37 6.65308 19.9695
    endloop
  endfacet
  facet normal 1 0 0
    outer loop
      vertex 37 38.7412 22.2159
      vertex 37 6.55222 19.9966
      vertex 37 6.60353 19.9864
    endloop
  endfacet
  facet normal 1 0 0
    outer loop
      vertex 37 38.8695 22.2414
      vertex 37 6.5 20
      vertex 37 6.55222 19.9966
    endloop
  endfacet
  facet normal 1 0 0
    outer loop
      vertex 37 38.8695 22.2414
      vertex 37 -6.5 20
      vertex 37 6.5 20
    endloop
  endfacet
  facet normal 1 0 0
    outer loop
      vertex 37 -70 23.6
      vertex 37 38.8695 22.2414
      vertex 37 39 22.25
    endloop
  endfacet
  facet normal 1 0 0
    outer loop
      vertex 37 -6.89999 19.6
      vertex 37 -28.45 13
      vertex 37 -6.89999 17.8
    endloop
  endfacet
  facet normal 1 0 0
    outer loop
      vertex 37 -6.89658 19.6522
      vertex 37 -28.45 13
      vertex 37 -6.89999 19.6
    endloop
  endfacet
  facet normal 1 0 0
    outer loop
      vertex 37 -6.88637 19.7035
      vertex 37 -28.45 13
      vertex 37 -6.89658 19.6522
    endloop
  endfacet
  facet normal 1 0 0
    outer loop
      vertex 37 -6.86955 19.7531
      vertex 37 -28.45 13
      vertex 37 -6.88637 19.7035
    endloop
  endfacet
  facet normal 1 0 0
    outer loop
      vertex 37 -6.84641 19.8
      vertex 37 -28.45 13
      vertex 37 -6.86955 19.7531
    endloop
  endfacet
  facet normal 1 0 0
    outer loop
      vertex 37 -6.81734 19.8435
      vertex 37 -28.45 13
      vertex 37 -6.84641 19.8
    endloop
  endfacet
  facet normal 1 0 0
    outer loop
      vertex 37 -6.78284 19.8828
      vertex 37 -28.45 13
      vertex 37 -6.81734 19.8435
    endloop
  endfacet
  facet normal 1 0 0
    outer loop
      vertex 37 -6.7435 19.9173
      vertex 37 -28.45 13
      vertex 37 -6.78284 19.8828
    endloop
  endfacet
  facet normal 1 0 0
    outer loop
      vertex 37 -29.55 13
      vertex 37 -6.7435 19.9173
      vertex 37 -6.7 19.9464
    endloop
  endfacet
  facet normal 1 0 0
    outer loop
      vertex 37 -70 23.6
      vertex 37 -6.7 19.9464
      vertex 37 -6.65308 19.9695
    endloop
  endfacet
  facet normal 1 0 0
    outer loop
      vertex 37 -70 23.6
      vertex 37 -6.65308 19.9695
      vertex 37 -6.60353 19.9864
    endloop
  endfacet
  facet normal 1 0 0
    outer loop
      vertex 37 -6.7435 19.9173
      vertex 37 -29.55 13
      vertex 37 -28.45 13
    endloop
  endfacet
  facet normal 1 0 0
    outer loop
      vertex 37 -29.55 13
      vertex 37 -33.45 13
      vertex 37 -29.55 5
    endloop
  endfacet
  facet normal 1 0 0
    outer loop
      vertex 37 -6.7 19.9464
      vertex 37 -33.45 13
      vertex 37 -29.55 13
    endloop
  endfacet
  facet normal 1 0 0
    outer loop
      vertex 37 -6.7 19.9464
      vertex 37 -34.55 13
      vertex 37 -33.45 13
    endloop
  endfacet
  facet normal 1 0 0
    outer loop
      vertex 37 -34.55 13
      vertex 37 -38.45 13
      vertex 37 -34.55 5
    endloop
  endfacet
  facet normal 1 0 0
    outer loop
      vertex 37 -6.7 19.9464
      vertex 37 -70 23.6
      vertex 37 -34.55 13
    endloop
  endfacet
  facet normal 1 0 0
    outer loop
      vertex 37 -34.55 13
      vertex 37 -70 23.6
      vertex 37 -38.45 13
    endloop
  endfacet
  facet normal 1 0 0
    outer loop
      vertex 37 -39.55 13
      vertex 37 -43.45 13
      vertex 37 -39.55 5
    endloop
  endfacet
  facet normal 1 0 0
    outer loop
      vertex 37 -38.45 13
      vertex 37 -70 23.6
      vertex 37 -39.55 13
    endloop
  endfacet
  facet normal 1 0 0
    outer loop
      vertex 37 -70 23.6
      vertex 37 -6.60353 19.9864
      vertex 37 -6.55222 19.9966
    endloop
  endfacet
  facet normal 1 0 0
    outer loop
      vertex 37 -39.55 13
      vertex 37 -70 23.6
      vertex 37 -43.45 13
    endloop
  endfacet
  facet normal 1 0 0
    outer loop
      vertex 37 -44.55 13
      vertex 37 -48.45 13
      vertex 37 -44.55 5
    endloop
  endfacet
  facet normal 1 0 0
    outer loop
      vertex 37 -43.45 13
      vertex 37 -70 23.6
      vertex 37 -44.55 13
    endloop
  endfacet
  facet normal 1 0 0
    outer loop
      vertex 37 -44.55 13
      vertex 37 -70 23.6
      vertex 37 -48.45 13
    endloop
  endfacet
  facet normal 1 0 0
    outer loop
      vertex 37 -70 1.5
      vertex 37 -49.55 13
      vertex 37 -70 23.6
    endloop
  endfacet
  facet normal 1 0 0
    outer loop
      vertex 37 -48.45 13
      vertex 37 -70 23.6
      vertex 37 -49.55 13
    endloop
  endfacet
  facet normal 1 0 0
    outer loop
      vertex 37 -6.5 20
      vertex 37 -70 23.6
      vertex 37 -6.55222 19.9966
    endloop
  endfacet
  facet normal 1 0 0
    outer loop
      vertex 37 38.8695 22.2414
      vertex 37 -70 23.6
      vertex 37 -6.5 20
    endloop
  endfacet
  facet normal 1 -0 0
    outer loop
      vertex 37 -70 23.6
      vertex 37 39 22.25
      vertex 37 70 23.6
    endloop
  endfacet
  facet normal 1 0 0
    outer loop
      vertex 37 49.9914 16.6195
      vertex 37 70 23.6
      vertex 37 50 16.75
    endloop
  endfacet
  facet normal 1 0 0
    outer loop
      vertex 37 49.9659 16.4912
      vertex 37 70 23.6
      vertex 37 49.9914 16.6195
    endloop
  endfacet
  facet normal 1 0 0
    outer loop
      vertex 37 70 23.6
      vertex 37 49.9659 16.4912
      vertex 37 70 1.5
    endloop
  endfacet
  facet normal 1 -0 0
    outer loop
      vertex 37 49.9239 16.3673
      vertex 37 70 1.5
      vertex 37 49.9659 16.4912
    endloop
  endfacet
  facet normal 1 -0 0
    outer loop
      vertex 37 49.866 16.25
      vertex 37 70 1.5
      vertex 37 49.9239 16.3673
    endloop
  endfacet
  facet normal 1 -0 0
    outer loop
      vertex 37 49.7934 16.1412
      vertex 37 70 1.5
      vertex 37 49.866 16.25
    endloop
  endfacet
  facet normal 1 -0 0
    outer loop
      vertex 37 49.7071 16.0429
      vertex 37 70 1.5
      vertex 37 49.7934 16.1412
    endloop
  endfacet
  facet normal 1 -0 0
    outer loop
      vertex 37 49.6088 15.9566
      vertex 37 70 1.5
      vertex 37 49.7071 16.0429
    endloop
  endfacet
  facet normal 1 -0 0
    outer loop
      vertex 37 49.5 15.884
      vertex 37 70 1.5
      vertex 37 49.6088 15.9566
    endloop
  endfacet
  facet normal 1 -0 0
    outer loop
      vertex 37 49.3827 15.8261
      vertex 37 70 1.5
      vertex 37 49.5 15.884
    endloop
  endfacet
  facet normal 1 -0 0
    outer loop
      vertex 37 49.2588 15.7841
      vertex 37 70 1.5
      vertex 37 49.3827 15.8261
    endloop
  endfacet
  facet normal 1 -0 0
    outer loop
      vertex 37 49.1305 15.7586
      vertex 37 70 1.5
      vertex 37 49.2588 15.7841
    endloop
  endfacet
  facet normal 1 -0 0
    outer loop
      vertex 37 49 15.75
      vertex 37 70 1.5
      vertex 37 49.1305 15.7586
    endloop
  endfacet
  facet normal 1 -0 0
    outer loop
      vertex 37 39 15.75
      vertex 37 70 1.5
      vertex 37 49 15.75
    endloop
  endfacet
  facet normal 1 0 0
    outer loop
      vertex 37 38.8695 15.7586
      vertex 37 70 1.5
      vertex 37 39 15.75
    endloop
  endfacet
  facet normal 1 0 0
    outer loop
      vertex 37 38.7412 15.7841
      vertex 37 70 1.5
      vertex 37 38.8695 15.7586
    endloop
  endfacet
  facet normal 1 0 0
    outer loop
      vertex 37 6.60353 17.4136
      vertex 37 38.7412 15.7841
      vertex 37 38.6173 15.8261
    endloop
  endfacet
  facet normal 1 -0 0
    outer loop
      vertex 37 6.89999 17.8
      vertex 37 38 16.75
      vertex 37 6.89999 19.6
    endloop
  endfacet
  facet normal 1 -0 0
    outer loop
      vertex 37 6.89658 17.7478
      vertex 37 38 16.75
      vertex 37 6.89999 17.8
    endloop
  endfacet
  facet normal 1 0 0
    outer loop
      vertex 37 38 16.75
      vertex 37 6.89658 17.7478
      vertex 37 38.0086 16.6195
    endloop
  endfacet
  facet normal 1 -0 0
    outer loop
      vertex 37 6.88637 17.6965
      vertex 37 38.0086 16.6195
      vertex 37 6.89658 17.7478
    endloop
  endfacet
  facet normal 1 0 0
    outer loop
      vertex 37 38.0086 16.6195
      vertex 37 6.88637 17.6965
      vertex 37 38.0341 16.4912
    endloop
  endfacet
  facet normal 1 -0 0
    outer loop
      vertex 37 6.86955 17.6469
      vertex 37 38.0341 16.4912
      vertex 37 6.88637 17.6965
    endloop
  endfacet
  facet normal 1 0 0
    outer loop
      vertex 37 38.0341 16.4912
      vertex 37 6.86955 17.6469
      vertex 37 38.0761 16.3673
    endloop
  endfacet
  facet normal 1 -0 0
    outer loop
      vertex 37 6.84641 17.6
      vertex 37 38.0761 16.3673
      vertex 37 6.86955 17.6469
    endloop
  endfacet
  facet normal 1 0 0
    outer loop
      vertex 37 38.0761 16.3673
      vertex 37 6.84641 17.6
      vertex 37 38.134 16.25
    endloop
  endfacet
  facet normal 1 -0 0
    outer loop
      vertex 37 6.81734 17.5565
      vertex 37 38.134 16.25
      vertex 37 6.84641 17.6
    endloop
  endfacet
  facet normal 1 0 0
    outer loop
      vertex 37 38.134 16.25
      vertex 37 6.81734 17.5565
      vertex 37 38.2066 16.1412
    endloop
  endfacet
  facet normal 1 -0 0
    outer loop
      vertex 37 6.78284 17.5172
      vertex 37 38.2066 16.1412
      vertex 37 6.81734 17.5565
    endloop
  endfacet
  facet normal 1 0 0
    outer loop
      vertex 37 38.2066 16.1412
      vertex 37 6.78284 17.5172
      vertex 37 38.2929 16.0429
    endloop
  endfacet
  facet normal 1 -0 0
    outer loop
      vertex 37 6.7435 17.4827
      vertex 37 38.2929 16.0429
      vertex 37 6.78284 17.5172
    endloop
  endfacet
  facet normal 1 0 0
    outer loop
      vertex 37 38.2929 16.0429
      vertex 37 6.7435 17.4827
      vertex 37 38.3912 15.9566
    endloop
  endfacet
  facet normal 1 -0 0
    outer loop
      vertex 37 6.7 17.4536
      vertex 37 38.3912 15.9566
      vertex 37 6.7435 17.4827
    endloop
  endfacet
  facet normal 1 0 0
    outer loop
      vertex 37 38.3912 15.9566
      vertex 37 6.7 17.4536
      vertex 37 38.5 15.884
    endloop
  endfacet
  facet normal 1 -0 0
    outer loop
      vertex 37 6.65308 17.4305
      vertex 37 38.5 15.884
      vertex 37 6.7 17.4536
    endloop
  endfacet
  facet normal 1 0 0
    outer loop
      vertex 37 38.5 15.884
      vertex 37 6.65308 17.4305
      vertex 37 38.6173 15.8261
    endloop
  endfacet
  facet normal 1 -0 0
    outer loop
      vertex 37 6.60353 17.4136
      vertex 37 38.6173 15.8261
      vertex 37 6.65308 17.4305
    endloop
  endfacet
  facet normal 1 0 0
    outer loop
      vertex 37 38.7412 15.7841
      vertex 37 6.60353 17.4136
      vertex 37 6.55222 17.4034
    endloop
  endfacet
  facet normal 1 0 0
    outer loop
      vertex 37 38.7412 15.7841
      vertex 37 6.55222 17.4034
      vertex 37 70 1.5
    endloop
  endfacet
  facet normal 1 0 0
    outer loop
      vertex 37 -28.45 5
      vertex 37 6.55222 17.4034
      vertex 37 6.5 17.4
    endloop
  endfacet
  facet normal 1 0 0
    outer loop
      vertex 37 -28.45 5
      vertex 37 6.5 17.4
      vertex 37 -6.5 17.4
    endloop
  endfacet
  facet normal 1 0 0
    outer loop
      vertex 37 -28.45 5
      vertex 37 -6.5 17.4
      vertex 37 -6.55222 17.4034
    endloop
  endfacet
  facet normal 1 0 0
    outer loop
      vertex 37 -28.45 5
      vertex 37 -6.55222 17.4034
      vertex 37 -6.60353 17.4136
    endloop
  endfacet
  facet normal 1 0 0
    outer loop
      vertex 37 -28.45 13
      vertex 37 -6.89658 17.7478
      vertex 37 -6.89999 17.8
    endloop
  endfacet
  facet normal 1 0 0
    outer loop
      vertex 37 -28.45 13
      vertex 37 -6.88637 17.6965
      vertex 37 -6.89658 17.7478
    endloop
  endfacet
  facet normal 1 0 0
    outer loop
      vertex 37 -28.45 13
      vertex 37 -6.86955 17.6469
      vertex 37 -6.88637 17.6965
    endloop
  endfacet
  facet normal 1 0 0
    outer loop
      vertex 37 -28.45 13
      vertex 37 -6.84641 17.6
      vertex 37 -6.86955 17.6469
    endloop
  endfacet
  facet normal 1 0 0
    outer loop
      vertex 37 -28.45 13
      vertex 37 -6.81734 17.5565
      vertex 37 -6.84641 17.6
    endloop
  endfacet
  facet normal 1 0 0
    outer loop
      vertex 37 -28.45 13
      vertex 37 -6.78284 17.5172
      vertex 37 -6.81734 17.5565
    endloop
  endfacet
  facet normal 1 0 0
    outer loop
      vertex 37 -28.45 5
      vertex 37 -6.78284 17.5172
      vertex 37 -28.45 13
    endloop
  endfacet
  facet normal 1 0 0
    outer loop
      vertex 37 -6.78284 17.5172
      vertex 37 -28.45 5
      vertex 37 -6.7435 17.4827
    endloop
  endfacet
  facet normal 1 0 0
    outer loop
      vertex 37 -6.7435 17.4827
      vertex 37 -28.45 5
      vertex 37 -6.7 17.4536
    endloop
  endfacet
  facet normal 1 0 0
    outer loop
      vertex 37 -6.7 17.4536
      vertex 37 -28.45 5
      vertex 37 -6.65308 17.4305
    endloop
  endfacet
  facet normal 1 0 0
    outer loop
      vertex 37 -6.65308 17.4305
      vertex 37 -28.45 5
      vertex 37 -6.60353 17.4136
    endloop
  endfacet
  facet normal 1 0 0
    outer loop
      vertex 37 6.55222 17.4034
      vertex 37 -28.45 5
      vertex 37 70 1.5
    endloop
  endfacet
  facet normal 1 0 0
    outer loop
      vertex 37 -70 1.5
      vertex 37 -28.45 5
      vertex 37 -29.55 5
    endloop
  endfacet
  facet normal 1 0 0
    outer loop
      vertex 37 -33.45 5
      vertex 37 -29.55 5
      vertex 37 -33.45 13
    endloop
  endfacet
  facet normal 1 0 0
    outer loop
      vertex 37 -70 1.5
      vertex 37 -29.55 5
      vertex 37 -33.45 5
    endloop
  endfacet
  facet normal 1 0 0
    outer loop
      vertex 37 -70 1.5
      vertex 37 -33.45 5
      vertex 37 -34.55 5
    endloop
  endfacet
  facet normal 1 0 0
    outer loop
      vertex 37 -38.45 5
      vertex 37 -34.55 5
      vertex 37 -38.45 13
    endloop
  endfacet
  facet normal 1 0 0
    outer loop
      vertex 37 -70 1.5
      vertex 37 -34.55 5
      vertex 37 -38.45 5
    endloop
  endfacet
  facet normal 1 0 0
    outer loop
      vertex 37 -70 1.5
      vertex 37 -38.45 5
      vertex 37 -39.55 5
    endloop
  endfacet
  facet normal 1 0 0
    outer loop
      vertex 37 -43.45 5
      vertex 37 -39.55 5
      vertex 37 -43.45 13
    endloop
  endfacet
  facet normal 1 0 0
    outer loop
      vertex 37 -70 1.5
      vertex 37 -39.55 5
      vertex 37 -43.45 5
    endloop
  endfacet
  facet normal 1 0 0
    outer loop
      vertex 37 -70 1.5
      vertex 37 -43.45 5
      vertex 37 -44.55 5
    endloop
  endfacet
  facet normal 1 0 0
    outer loop
      vertex 37 -48.45 5
      vertex 37 -44.55 5
      vertex 37 -48.45 13
    endloop
  endfacet
  facet normal 1 0 0
    outer loop
      vertex 37 -70 1.5
      vertex 37 -44.55 5
      vertex 37 -48.45 5
    endloop
  endfacet
  facet normal 1 0 0
    outer loop
      vertex 37 -70 1.5
      vertex 37 -48.45 5
      vertex 37 -49.55 5
    endloop
  endfacet
  facet normal 1 0 0
    outer loop
      vertex 37 -28.45 5
      vertex 37 -70 1.5
      vertex 37 70 1.5
    endloop
  endfacet
  facet normal 1 0 0
    outer loop
      vertex 37 -49.55 13
      vertex 37 -70 1.5
      vertex 37 -49.55 5
    endloop
  endfacet
  facet normal 0 -1 0
    outer loop
      vertex -30 -77 1.5
      vertex 30 -77 23.6
      vertex -30 -77 23.6
    endloop
  endfacet
  facet normal 0 -1 -0
    outer loop
      vertex 30 -77 23.6
      vertex -30 -77 1.5
      vertex 30 -77 1.5
    endloop
  endfacet
  facet normal 0 1 0
    outer loop
      vertex 16.8519 77 14.7716
      vertex 30 77 23.6
      vertex 17.2235 77 14.8978
    endloop
  endfacet
  facet normal 0 1 0
    outer loop
      vertex -30 77 23.6
      vertex -17.6084 77 14.9743
      vertex -18 77 15
    endloop
  endfacet
  facet normal 0 1 0
    outer loop
      vertex 30 77 23.6
      vertex 16.8519 77 14.7716
      vertex -30 77 23.6
    endloop
  endfacet
  facet normal 0 1 0
    outer loop
      vertex -30 77 23.6
      vertex -17.2235 77 14.8978
      vertex -17.6084 77 14.9743
    endloop
  endfacet
  facet normal 0 1 -0
    outer loop
      vertex -16.8519 77 14.7716
      vertex -30 77 23.6
      vertex 16.8519 77 14.7716
    endloop
  endfacet
  facet normal 0 1 0
    outer loop
      vertex -30 77 23.6
      vertex -16.8519 77 14.7716
      vertex -17.2235 77 14.8978
    endloop
  endfacet
  facet normal 0 1 -0
    outer loop
      vertex 16.5 77 14.5981
      vertex -16.8519 77 14.7716
      vertex 16.8519 77 14.7716
    endloop
  endfacet
  facet normal 0 1 0
    outer loop
      vertex 16.5 77 14.5981
      vertex -16.5 77 14.5981
      vertex -16.8519 77 14.7716
    endloop
  endfacet
  facet normal 0 1 -0
    outer loop
      vertex 16.1737 77 14.3801
      vertex -16.5 77 14.5981
      vertex 16.5 77 14.5981
    endloop
  endfacet
  facet normal 0 1 0
    outer loop
      vertex 16.1737 77 14.3801
      vertex -16.1737 77 14.3801
      vertex -16.5 77 14.5981
    endloop
  endfacet
  facet normal 0 1 -0
    outer loop
      vertex 15.8787 77 14.1213
      vertex -16.1737 77 14.3801
      vertex 16.1737 77 14.3801
    endloop
  endfacet
  facet normal 0 1 0
    outer loop
      vertex 15.8787 77 14.1213
      vertex -15.8787 77 14.1213
      vertex -16.1737 77 14.3801
    endloop
  endfacet
  facet normal 0 1 -0
    outer loop
      vertex 15.6199 77 13.8263
      vertex -15.8787 77 14.1213
      vertex 15.8787 77 14.1213
    endloop
  endfacet
  facet normal 0 1 0
    outer loop
      vertex 15.6199 77 13.8263
      vertex -15.6199 77 13.8263
      vertex -15.8787 77 14.1213
    endloop
  endfacet
  facet normal 0 1 -0
    outer loop
      vertex 15.4019 77 13.5
      vertex -15.6199 77 13.8263
      vertex 15.6199 77 13.8263
    endloop
  endfacet
  facet normal 0 1 0
    outer loop
      vertex 15.4019 77 13.5
      vertex -15.4019 77 13.5
      vertex -15.6199 77 13.8263
    endloop
  endfacet
  facet normal 0 1 -0
    outer loop
      vertex 15.2284 77 13.148
      vertex -15.4019 77 13.5
      vertex 15.4019 77 13.5
    endloop
  endfacet
  facet normal 0 1 0
    outer loop
      vertex 15.2284 77 13.148
      vertex -15.2284 77 13.148
      vertex -15.4019 77 13.5
    endloop
  endfacet
  facet normal 0 1 -0
    outer loop
      vertex 15.1022 77 12.7765
      vertex -15.2284 77 13.148
      vertex 15.2284 77 13.148
    endloop
  endfacet
  facet normal 0 1 0
    outer loop
      vertex 15.1022 77 12.7765
      vertex -15.1022 77 12.7765
      vertex -15.2284 77 13.148
    endloop
  endfacet
  facet normal 0 1 -0
    outer loop
      vertex 15.0257 77 12.3916
      vertex -15.1022 77 12.7765
      vertex 15.1022 77 12.7765
    endloop
  endfacet
  facet normal 0 1 0
    outer loop
      vertex 15.0257 77 12.3916
      vertex -15.0257 77 12.3916
      vertex -15.1022 77 12.7765
    endloop
  endfacet
  facet normal 0 1 -0
    outer loop
      vertex 15 77 12
      vertex -15.0257 77 12.3916
      vertex 15.0257 77 12.3916
    endloop
  endfacet
  facet normal 0 1 0
    outer loop
      vertex 15 77 12
      vertex -15 77 12
      vertex -15.0257 77 12.3916
    endloop
  endfacet
  facet normal 0 1 0
    outer loop
      vertex 15.0257 77 11.6084
      vertex -15 77 12
      vertex 15 77 12
    endloop
  endfacet
  facet normal 0 1 0
    outer loop
      vertex 15.0257 77 11.6084
      vertex -15.0257 77 11.6084
      vertex -15 77 12
    endloop
  endfacet
  facet normal 0 1 0
    outer loop
      vertex 15.1022 77 11.2235
      vertex -15.0257 77 11.6084
      vertex 15.0257 77 11.6084
    endloop
  endfacet
  facet normal 0 1 0
    outer loop
      vertex 15.1022 77 11.2235
      vertex -15.1022 77 11.2235
      vertex -15.0257 77 11.6084
    endloop
  endfacet
  facet normal 0 1 0
    outer loop
      vertex 15.2284 77 10.8519
      vertex -15.1022 77 11.2235
      vertex 15.1022 77 11.2235
    endloop
  endfacet
  facet normal 0 1 0
    outer loop
      vertex 15.2284 77 10.8519
      vertex -15.2284 77 10.8519
      vertex -15.1022 77 11.2235
    endloop
  endfacet
  facet normal 0 1 0
    outer loop
      vertex 15.4019 77 10.5
      vertex -15.2284 77 10.8519
      vertex 15.2284 77 10.8519
    endloop
  endfacet
  facet normal 0 1 0
    outer loop
      vertex 15.4019 77 10.5
      vertex -15.4019 77 10.5
      vertex -15.2284 77 10.8519
    endloop
  endfacet
  facet normal 0 1 0
    outer loop
      vertex 15.6199 77 10.1737
      vertex -15.4019 77 10.5
      vertex 15.4019 77 10.5
    endloop
  endfacet
  facet normal 0 1 0
    outer loop
      vertex 15.6199 77 10.1737
      vertex -15.6199 77 10.1737
      vertex -15.4019 77 10.5
    endloop
  endfacet
  facet normal 0 1 0
    outer loop
      vertex 15.8787 77 9.87868
      vertex -15.6199 77 10.1737
      vertex 15.6199 77 10.1737
    endloop
  endfacet
  facet normal 0 1 0
    outer loop
      vertex 15.8787 77 9.87868
      vertex -15.8787 77 9.87868
      vertex -15.6199 77 10.1737
    endloop
  endfacet
  facet normal 0 1 0
    outer loop
      vertex 16.1737 77 9.61994
      vertex -15.8787 77 9.87868
      vertex 15.8787 77 9.87868
    endloop
  endfacet
  facet normal 0 1 0
    outer loop
      vertex 16.1737 77 9.61994
      vertex -16.1737 77 9.61994
      vertex -15.8787 77 9.87868
    endloop
  endfacet
  facet normal 0 1 0
    outer loop
      vertex 16.5 77 9.40192
      vertex -16.1737 77 9.61994
      vertex 16.1737 77 9.61994
    endloop
  endfacet
  facet normal 0 1 0
    outer loop
      vertex 16.5 77 9.40192
      vertex -16.5 77 9.40192
      vertex -16.1737 77 9.61994
    endloop
  endfacet
  facet normal 0 1 0
    outer loop
      vertex 16.8519 77 9.22836
      vertex -16.5 77 9.40192
      vertex 16.5 77 9.40192
    endloop
  endfacet
  facet normal 0 1 0
    outer loop
      vertex 16.8519 77 9.22836
      vertex -16.8519 77 9.22836
      vertex -16.5 77 9.40192
    endloop
  endfacet
  facet normal 0 1 0
    outer loop
      vertex 30 77 1.5
      vertex 16.8519 77 9.22836
      vertex 17.2235 77 9.10222
    endloop
  endfacet
  facet normal 0 1 0
    outer loop
      vertex 16.8519 77 9.22836
      vertex 30 77 1.5
      vertex -16.8519 77 9.22836
    endloop
  endfacet
  facet normal 0 1 0
    outer loop
      vertex 30 77 1.5
      vertex 17.2235 77 9.10222
      vertex 17.6084 77 9.02567
    endloop
  endfacet
  facet normal 0 1 0
    outer loop
      vertex -30 77 1.5
      vertex -16.8519 77 9.22836
      vertex 30 77 1.5
    endloop
  endfacet
  facet normal 0 1 0
    outer loop
      vertex 30 77 1.5
      vertex 17.6084 77 9.02567
      vertex 18 77 9
    endloop
  endfacet
  facet normal 0 1 0
    outer loop
      vertex -16.8519 77 9.22836
      vertex -30 77 1.5
      vertex -17.2235 77 9.10222
    endloop
  endfacet
  facet normal 0 1 0
    outer loop
      vertex 17.6084 77 14.9743
      vertex 30 77 23.6
      vertex 18 77 15
    endloop
  endfacet
  facet normal 0 1 0
    outer loop
      vertex 30 77 23.6
      vertex 18.3916 77 14.9743
      vertex 18 77 15
    endloop
  endfacet
  facet normal 0 1 0
    outer loop
      vertex 30 77 23.6
      vertex 18.7765 77 14.8978
      vertex 18.3916 77 14.9743
    endloop
  endfacet
  facet normal 0 1 0
    outer loop
      vertex 30 77 23.6
      vertex 19.148 77 14.7716
      vertex 18.7765 77 14.8978
    endloop
  endfacet
  facet normal 0 1 0
    outer loop
      vertex 30 77 23.6
      vertex 19.5 77 14.5981
      vertex 19.148 77 14.7716
    endloop
  endfacet
  facet normal 0 1 0
    outer loop
      vertex 30 77 23.6
      vertex 19.8263 77 14.3801
      vertex 19.5 77 14.5981
    endloop
  endfacet
  facet normal 0 1 0
    outer loop
      vertex 30 77 23.6
      vertex 20.1213 77 14.1213
      vertex 19.8263 77 14.3801
    endloop
  endfacet
  facet normal 0 1 0
    outer loop
      vertex 30 77 23.6
      vertex 20.3801 77 13.8263
      vertex 20.1213 77 14.1213
    endloop
  endfacet
  facet normal 0 1 0
    outer loop
      vertex 30 77 23.6
      vertex 20.5981 77 13.5
      vertex 20.3801 77 13.8263
    endloop
  endfacet
  facet normal 0 1 0
    outer loop
      vertex 30 77 23.6
      vertex 20.7716 77 13.148
      vertex 20.5981 77 13.5
    endloop
  endfacet
  facet normal 0 1 0
    outer loop
      vertex 30 77 23.6
      vertex 20.8978 77 12.7765
      vertex 20.7716 77 13.148
    endloop
  endfacet
  facet normal 0 1 0
    outer loop
      vertex 30 77 23.6
      vertex 20.9743 77 12.3916
      vertex 20.8978 77 12.7765
    endloop
  endfacet
  facet normal 0 1 0
    outer loop
      vertex 30 77 23.6
      vertex 21 77 12
      vertex 20.9743 77 12.3916
    endloop
  endfacet
  facet normal 0 1 -0
    outer loop
      vertex 30 77 1.5
      vertex 21 77 12
      vertex 30 77 23.6
    endloop
  endfacet
  facet normal 0 1 0
    outer loop
      vertex 21 77 12
      vertex 30 77 1.5
      vertex 20.9743 77 11.6084
    endloop
  endfacet
  facet normal 0 1 0
    outer loop
      vertex 20.9743 77 11.6084
      vertex 30 77 1.5
      vertex 20.8978 77 11.2235
    endloop
  endfacet
  facet normal 0 1 0
    outer loop
      vertex 20.8978 77 11.2235
      vertex 30 77 1.5
      vertex 20.7716 77 10.8519
    endloop
  endfacet
  facet normal 0 1 0
    outer loop
      vertex 20.7716 77 10.8519
      vertex 30 77 1.5
      vertex 20.5981 77 10.5
    endloop
  endfacet
  facet normal 0 1 0
    outer loop
      vertex -17.2235 77 9.10222
      vertex -30 77 1.5
      vertex -17.6084 77 9.02567
    endloop
  endfacet
  facet normal 0 1 0
    outer loop
      vertex 18.3916 77 9.02567
      vertex 30 77 1.5
      vertex 18 77 9
    endloop
  endfacet
  facet normal 0 1 0
    outer loop
      vertex 18.7765 77 9.10222
      vertex 30 77 1.5
      vertex 18.3916 77 9.02567
    endloop
  endfacet
  facet normal 0 1 0
    outer loop
      vertex 19.148 77 9.22836
      vertex 30 77 1.5
      vertex 18.7765 77 9.10222
    endloop
  endfacet
  facet normal 0 1 0
    outer loop
      vertex 19.5 77 9.40192
      vertex 30 77 1.5
      vertex 19.148 77 9.22836
    endloop
  endfacet
  facet normal 0 1 0
    outer loop
      vertex 19.8263 77 9.61994
      vertex 30 77 1.5
      vertex 19.5 77 9.40192
    endloop
  endfacet
  facet normal 0 1 0
    outer loop
      vertex 20.1213 77 9.87868
      vertex 30 77 1.5
      vertex 19.8263 77 9.61994
    endloop
  endfacet
  facet normal 0 1 0
    outer loop
      vertex 20.3801 77 10.1737
      vertex 30 77 1.5
      vertex 20.1213 77 9.87868
    endloop
  endfacet
  facet normal 0 1 0
    outer loop
      vertex 20.5981 77 10.5
      vertex 30 77 1.5
      vertex 20.3801 77 10.1737
    endloop
  endfacet
  facet normal 0 1 0
    outer loop
      vertex 17.2235 77 14.8978
      vertex 30 77 23.6
      vertex 17.6084 77 14.9743
    endloop
  endfacet
  facet normal 0 1 -0
    outer loop
      vertex -18.3916 77 14.9743
      vertex -30 77 23.6
      vertex -18 77 15
    endloop
  endfacet
  facet normal 0 1 -0
    outer loop
      vertex -18.7765 77 14.8978
      vertex -30 77 23.6
      vertex -18.3916 77 14.9743
    endloop
  endfacet
  facet normal 0 1 -0
    outer loop
      vertex -19.148 77 14.7716
      vertex -30 77 23.6
      vertex -18.7765 77 14.8978
    endloop
  endfacet
  facet normal 0 1 -0
    outer loop
      vertex -19.5 77 14.5981
      vertex -30 77 23.6
      vertex -19.148 77 14.7716
    endloop
  endfacet
  facet normal 0 1 -0
    outer loop
      vertex -19.8263 77 14.3801
      vertex -30 77 23.6
      vertex -19.5 77 14.5981
    endloop
  endfacet
  facet normal 0 1 -0
    outer loop
      vertex -20.1213 77 14.1213
      vertex -30 77 23.6
      vertex -19.8263 77 14.3801
    endloop
  endfacet
  facet normal 0 1 -0
    outer loop
      vertex -20.3801 77 13.8263
      vertex -30 77 23.6
      vertex -20.1213 77 14.1213
    endloop
  endfacet
  facet normal 0 1 -0
    outer loop
      vertex -20.5981 77 13.5
      vertex -30 77 23.6
      vertex -20.3801 77 13.8263
    endloop
  endfacet
  facet normal 0 1 -0
    outer loop
      vertex -20.7716 77 13.148
      vertex -30 77 23.6
      vertex -20.5981 77 13.5
    endloop
  endfacet
  facet normal 0 1 -0
    outer loop
      vertex -20.8978 77 12.7765
      vertex -30 77 23.6
      vertex -20.7716 77 13.148
    endloop
  endfacet
  facet normal 0 1 -0
    outer loop
      vertex -20.9743 77 12.3916
      vertex -30 77 23.6
      vertex -20.8978 77 12.7765
    endloop
  endfacet
  facet normal 0 1 -0
    outer loop
      vertex -21 77 12
      vertex -30 77 23.6
      vertex -20.9743 77 12.3916
    endloop
  endfacet
  facet normal 0 1 0
    outer loop
      vertex -30 77 1.5
      vertex -21 77 12
      vertex -20.9743 77 11.6084
    endloop
  endfacet
  facet normal 0 1 0
    outer loop
      vertex -30 77 1.5
      vertex -20.9743 77 11.6084
      vertex -20.8978 77 11.2235
    endloop
  endfacet
  facet normal 0 1 0
    outer loop
      vertex -30 77 1.5
      vertex -20.8978 77 11.2235
      vertex -20.7716 77 10.8519
    endloop
  endfacet
  facet normal 0 1 0
    outer loop
      vertex -30 77 1.5
      vertex -20.7716 77 10.8519
      vertex -20.5981 77 10.5
    endloop
  endfacet
  facet normal 0 1 0
    outer loop
      vertex -30 77 1.5
      vertex -20.5981 77 10.5
      vertex -20.3801 77 10.1737
    endloop
  endfacet
  facet normal 0 1 0
    outer loop
      vertex -17.6084 77 9.02567
      vertex -30 77 1.5
      vertex -18 77 9
    endloop
  endfacet
  facet normal 0 1 0
    outer loop
      vertex -21 77 12
      vertex -30 77 1.5
      vertex -30 77 23.6
    endloop
  endfacet
  facet normal 0 1 0
    outer loop
      vertex -20.1213 77 9.87868
      vertex -30 77 1.5
      vertex -20.3801 77 10.1737
    endloop
  endfacet
  facet normal 0 1 0
    outer loop
      vertex -19.8263 77 9.61994
      vertex -30 77 1.5
      vertex -20.1213 77 9.87868
    endloop
  endfacet
  facet normal 0 1 0
    outer loop
      vertex -19.5 77 9.40192
      vertex -30 77 1.5
      vertex -19.8263 77 9.61994
    endloop
  endfacet
  facet normal 0 1 0
    outer loop
      vertex -19.148 77 9.22836
      vertex -30 77 1.5
      vertex -19.5 77 9.40192
    endloop
  endfacet
  facet normal 0 1 0
    outer loop
      vertex -18.7765 77 9.10222
      vertex -30 77 1.5
      vertex -19.148 77 9.22836
    endloop
  endfacet
  facet normal 0 1 0
    outer loop
      vertex -18.3916 77 9.02567
      vertex -30 77 1.5
      vertex -18.7765 77 9.10222
    endloop
  endfacet
  facet normal 0 1 0
    outer loop
      vertex -18 77 9
      vertex -30 77 1.5
      vertex -18.3916 77 9.02567
    endloop
  endfacet
  facet normal 0.490815 0.490815 -0.719862
    outer loop
      vertex 35.5 69.3 0
      vertex 30 77 1.5
      vertex 37 70 1.5
    endloop
  endfacet
  facet normal 0.490815 0.490815 -0.719862
    outer loop
      vertex 30 77 1.5
      vertex 35.5 69.3 0
      vertex 29.3 75.5 0
    endloop
  endfacet
  facet normal -0.707107 0.707107 0
    outer loop
      vertex -37 70 1.5
      vertex -30 77 23.6
      vertex -30 77 1.5
    endloop
  endfacet
  facet normal -0.707107 0.707107 0
    outer loop
      vertex -30 77 23.6
      vertex -37 70 1.5
      vertex -37 70 23.6
    endloop
  endfacet
  facet normal 0.707107 0 -0.707107
    outer loop
      vertex 37 70 1.5
      vertex 35.5 -69.3 0
      vertex 35.5 69.3 0
    endloop
  endfacet
  facet normal 0.707107 0 -0.707107
    outer loop
      vertex 35.5 -69.3 0
      vertex 37 70 1.5
      vertex 37 -70 1.5
    endloop
  endfacet
  facet normal 0.707107 0.707107 0
    outer loop
      vertex 37 70 23.6
      vertex 30 77 1.5
      vertex 30 77 23.6
    endloop
  endfacet
  facet normal 0.707107 0.707107 0
    outer loop
      vertex 30 77 1.5
      vertex 37 70 23.6
      vertex 37 70 1.5
    endloop
  endfacet
  facet normal 0.707107 -0.707107 0
    outer loop
      vertex 30 -77 23.6
      vertex 37 -70 1.5
      vertex 37 -70 23.6
    endloop
  endfacet
  facet normal 0.707107 -0.707107 0
    outer loop
      vertex 37 -70 1.5
      vertex 30 -77 23.6
      vertex 30 -77 1.5
    endloop
  endfacet
  facet normal -0.707107 0 -0.707107
    outer loop
      vertex -35.5 -69.3 0
      vertex -37 70 1.5
      vertex -35.5 69.3 0
    endloop
  endfacet
  facet normal -0.707107 -0 -0.707107
    outer loop
      vertex -37 70 1.5
      vertex -35.5 -69.3 0
      vertex -37 -70 1.5
    endloop
  endfacet
  facet normal -1 0 0
    outer loop
      vertex -37 62.7244 10.1941
      vertex -37 70 23.6
      vertex -37 70 1.5
    endloop
  endfacet
  facet normal -1 0 0
    outer loop
      vertex -37 70 23.6
      vertex -37 62.7932 17.7956
      vertex -37 62.8 17.9
    endloop
  endfacet
  facet normal -1 0 0
    outer loop
      vertex -37 70 23.6
      vertex -37 62.7727 17.6929
      vertex -37 62.7932 17.7956
    endloop
  endfacet
  facet normal -1 0 0
    outer loop
      vertex -37 62.7436 10.0979
      vertex -37 70 1.5
      vertex -37 62.75 10
    endloop
  endfacet
  facet normal -1 0 0
    outer loop
      vertex -37 70 1.5
      vertex -37 62.7436 9.90211
      vertex -37 62.75 10
    endloop
  endfacet
  facet normal -1 0 0
    outer loop
      vertex -37 70 1.5
      vertex -37 62.7244 9.80589
      vertex -37 62.7436 9.90211
    endloop
  endfacet
  facet normal -1 0 0
    outer loop
      vertex -37 70 1.5
      vertex -37 62.6929 9.71299
      vertex -37 62.7244 9.80589
    endloop
  endfacet
  facet normal -1 0 0
    outer loop
      vertex -37 70 1.5
      vertex -37 62.6495 9.625
      vertex -37 62.6929 9.71299
    endloop
  endfacet
  facet normal -1 0 0
    outer loop
      vertex -37 70 1.5
      vertex -37 62.595 9.54343
      vertex -37 62.6495 9.625
    endloop
  endfacet
  facet normal -1 0 0
    outer loop
      vertex -37 70 1.5
      vertex -37 62.5303 9.46967
      vertex -37 62.595 9.54343
    endloop
  endfacet
  facet normal -1 0 0
    outer loop
      vertex -37 70 1.5
      vertex -37 62.4566 9.40498
      vertex -37 62.5303 9.46967
    endloop
  endfacet
  facet normal -1 0 0
    outer loop
      vertex -37 70 1.5
      vertex -37 62.375 9.35048
      vertex -37 62.4566 9.40498
    endloop
  endfacet
  facet normal -1 0 0
    outer loop
      vertex -37 70 1.5
      vertex -37 62.287 9.30709
      vertex -37 62.375 9.35048
    endloop
  endfacet
  facet normal -1 0 0
    outer loop
      vertex -37 70 1.5
      vertex -37 62.1941 9.27556
      vertex -37 62.287 9.30709
    endloop
  endfacet
  facet normal -1 0 0
    outer loop
      vertex -37 70 1.5
      vertex -37 62.0979 9.25642
      vertex -37 62.1941 9.27556
    endloop
  endfacet
  facet normal -1 0 0
    outer loop
      vertex -37 70 1.5
      vertex -37 62 9.25
      vertex -37 62.0979 9.25642
    endloop
  endfacet
  facet normal -1 0 0
    outer loop
      vertex -37 70 1.5
      vertex -37 61.9021 9.25642
      vertex -37 62 9.25
    endloop
  endfacet
  facet normal -1 0 0
    outer loop
      vertex -37 59.0979 9.25642
      vertex -37 61.9021 9.25642
      vertex -37 70 1.5
    endloop
  endfacet
  facet normal -1 0 0
    outer loop
      vertex -37 61.9021 9.25642
      vertex -37 59.0979 9.25642
      vertex -37 61.8059 9.27556
    endloop
  endfacet
  facet normal -1 0 -0
    outer loop
      vertex -37 59.1941 9.27556
      vertex -37 61.8059 9.27556
      vertex -37 59.0979 9.25642
    endloop
  endfacet
  facet normal -1 0 0
    outer loop
      vertex -37 61.8059 9.27556
      vertex -37 59.1941 9.27556
      vertex -37 61.713 9.30709
    endloop
  endfacet
  facet normal -1 0 0
    outer loop
      vertex -37 61.713 9.30709
      vertex -37 59.287 9.30709
      vertex -37 61.625 9.35048
    endloop
  endfacet
  facet normal -1 0 0
    outer loop
      vertex -37 61.2564 9.90211
      vertex -37 59.75 10
      vertex -37 61.25 10
    endloop
  endfacet
  facet normal -1 0 0
    outer loop
      vertex -37 59.7436 9.90211
      vertex -37 61.2564 9.90211
      vertex -37 61.2756 9.80589
    endloop
  endfacet
  facet normal -1 0 0
    outer loop
      vertex -37 59.7244 9.80589
      vertex -37 61.2756 9.80589
      vertex -37 61.3071 9.71299
    endloop
  endfacet
  facet normal -1 0 0
    outer loop
      vertex -37 59.6929 9.71299
      vertex -37 61.3071 9.71299
      vertex -37 61.3505 9.625
    endloop
  endfacet
  facet normal -1 0 0
    outer loop
      vertex -37 59.6495 9.625
      vertex -37 61.3505 9.625
      vertex -37 61.405 9.54343
    endloop
  endfacet
  facet normal -1 0 0
    outer loop
      vertex -37 59.595 9.54343
      vertex -37 61.405 9.54343
      vertex -37 61.4697 9.46967
    endloop
  endfacet
  facet normal -1 0 -0
    outer loop
      vertex -37 59.375 9.35048
      vertex -37 61.625 9.35048
      vertex -37 59.287 9.30709
    endloop
  endfacet
  facet normal -1 0 0
    outer loop
      vertex -37 61.2564 9.90211
      vertex -37 59.7436 9.90211
      vertex -37 59.75 10
    endloop
  endfacet
  facet normal -1 0 0
    outer loop
      vertex -37 61.2756 9.80589
      vertex -37 59.7244 9.80589
      vertex -37 59.7436 9.90211
    endloop
  endfacet
  facet normal -1 0 0
    outer loop
      vertex -37 61.3071 9.71299
      vertex -37 59.6929 9.71299
      vertex -37 59.7244 9.80589
    endloop
  endfacet
  facet normal -1 0 0
    outer loop
      vertex -37 61.3505 9.625
      vertex -37 59.6495 9.625
      vertex -37 59.6929 9.71299
    endloop
  endfacet
  facet normal -1 0 0
    outer loop
      vertex -37 61.405 9.54343
      vertex -37 59.595 9.54343
      vertex -37 59.6495 9.625
    endloop
  endfacet
  facet normal -1 0 0
    outer loop
      vertex -37 61.4697 9.46967
      vertex -37 59.5303 9.46967
      vertex -37 59.595 9.54343
    endloop
  endfacet
  facet normal -1 -0 0
    outer loop
      vertex -37 61.4697 9.46967
      vertex -37 59.4566 9.40498
      vertex -37 59.5303 9.46967
    endloop
  endfacet
  facet normal -1 0 0
    outer loop
      vertex -37 61.5434 9.40498
      vertex -37 59.4566 9.40498
      vertex -37 61.4697 9.46967
    endloop
  endfacet
  facet normal -1 0 -0
    outer loop
      vertex -37 59.4566 9.40498
      vertex -37 61.5434 9.40498
      vertex -37 59.375 9.35048
    endloop
  endfacet
  facet normal -1 0 0
    outer loop
      vertex -37 61.625 9.35048
      vertex -37 59.375 9.35048
      vertex -37 61.5434 9.40498
    endloop
  endfacet
  facet normal -1 0 -0
    outer loop
      vertex -37 59.287 9.30709
      vertex -37 61.713 9.30709
      vertex -37 59.1941 9.27556
    endloop
  endfacet
  facet normal -1 0 0
    outer loop
      vertex -37 70 1.5
      vertex -37 59 9.25
      vertex -37 59.0979 9.25642
    endloop
  endfacet
  facet normal -1 0 0
    outer loop
      vertex -37 70 1.5
      vertex -37 58.9021 9.25642
      vertex -37 59 9.25
    endloop
  endfacet
  facet normal -1 0 0
    outer loop
      vertex -37 56.0979 9.25642
      vertex -37 58.9021 9.25642
      vertex -37 70 1.5
    endloop
  endfacet
  facet normal -1 0 0
    outer loop
      vertex -37 58.9021 9.25642
      vertex -37 56.0979 9.25642
      vertex -37 58.8059 9.27556
    endloop
  endfacet
  facet normal -1 0 -0
    outer loop
      vertex -37 56.1941 9.27556
      vertex -37 58.8059 9.27556
      vertex -37 56.0979 9.25642
    endloop
  endfacet
  facet normal -1 0 0
    outer loop
      vertex -37 58.8059 9.27556
      vertex -37 56.1941 9.27556
      vertex -37 58.713 9.30709
    endloop
  endfacet
  facet normal -1 0 0
    outer loop
      vertex -37 58.2564 9.90211
      vertex -37 56.75 10
      vertex -37 58.25 10
    endloop
  endfacet
  facet normal -1 0 0
    outer loop
      vertex -37 56.7436 9.90211
      vertex -37 58.2564 9.90211
      vertex -37 58.2756 9.80589
    endloop
  endfacet
  facet normal -1 0 0
    outer loop
      vertex -37 56.7244 9.80589
      vertex -37 58.2756 9.80589
      vertex -37 58.3071 9.71299
    endloop
  endfacet
  facet normal -1 0 0
    outer loop
      vertex -37 56.6929 9.71299
      vertex -37 58.3071 9.71299
      vertex -37 58.3505 9.625
    endloop
  endfacet
  facet normal -1 0 0
    outer loop
      vertex -37 56.6495 9.625
      vertex -37 58.3505 9.625
      vertex -37 58.405 9.54343
    endloop
  endfacet
  facet normal -1 0 0
    outer loop
      vertex -37 56.595 9.54343
      vertex -37 58.405 9.54343
      vertex -37 58.4697 9.46967
    endloop
  endfacet
  facet normal -1 0 0
    outer loop
      vertex -37 56.5303 9.46967
      vertex -37 58.4697 9.46967
      vertex -37 58.5434 9.40498
    endloop
  endfacet
  facet normal -1 0 -0
    outer loop
      vertex -37 56.287 9.30709
      vertex -37 58.713 9.30709
      vertex -37 56.1941 9.27556
    endloop
  endfacet
  facet normal -1 0 0
    outer loop
      vertex -37 58.2564 9.90211
      vertex -37 56.7436 9.90211
      vertex -37 56.75 10
    endloop
  endfacet
  facet normal -1 0 0
    outer loop
      vertex -37 58.2756 9.80589
      vertex -37 56.7244 9.80589
      vertex -37 56.7436 9.90211
    endloop
  endfacet
  facet normal -1 0 0
    outer loop
      vertex -37 58.3071 9.71299
      vertex -37 56.6929 9.71299
      vertex -37 56.7244 9.80589
    endloop
  endfacet
  facet normal -1 0 0
    outer loop
      vertex -37 58.3505 9.625
      vertex -37 56.6495 9.625
      vertex -37 56.6929 9.71299
    endloop
  endfacet
  facet normal -1 0 0
    outer loop
      vertex -37 58.405 9.54343
      vertex -37 56.595 9.54343
      vertex -37 56.6495 9.625
    endloop
  endfacet
  facet normal -1 0 0
    outer loop
      vertex -37 58.4697 9.46967
      vertex -37 56.5303 9.46967
      vertex -37 56.595 9.54343
    endloop
  endfacet
  facet normal -1 0 0
    outer loop
      vertex -37 58.5434 9.40498
      vertex -37 56.4566 9.40498
      vertex -37 56.5303 9.46967
    endloop
  endfacet
  facet normal -1 -0 0
    outer loop
      vertex -37 58.5434 9.40498
      vertex -37 56.375 9.35048
      vertex -37 56.4566 9.40498
    endloop
  endfacet
  facet normal -1 0 0
    outer loop
      vertex -37 58.625 9.35048
      vertex -37 56.375 9.35048
      vertex -37 58.5434 9.40498
    endloop
  endfacet
  facet normal -1 0 -0
    outer loop
      vertex -37 56.375 9.35048
      vertex -37 58.625 9.35048
      vertex -37 56.287 9.30709
    endloop
  endfacet
  facet normal -1 0 0
    outer loop
      vertex -37 58.713 9.30709
      vertex -37 56.287 9.30709
      vertex -37 58.625 9.35048
    endloop
  endfacet
  facet normal -1 0 0
    outer loop
      vertex -37 70 1.5
      vertex -37 56 9.25
      vertex -37 56.0979 9.25642
    endloop
  endfacet
  facet normal -1 0 0
    outer loop
      vertex -37 70 1.5
      vertex -37 55.9021 9.25642
      vertex -37 56 9.25
    endloop
  endfacet
  facet normal -1 0 0
    outer loop
      vertex -37 70 1.5
      vertex -37 55.8059 9.27556
      vertex -37 55.9021 9.25642
    endloop
  endfacet
  facet normal -1 0 0
    outer loop
      vertex -37 70 1.5
      vertex -37 55.713 9.30709
      vertex -37 55.8059 9.27556
    endloop
  endfacet
  facet normal -1 0 0
    outer loop
      vertex -37 -28.45 5
      vertex -37 55.713 9.30709
      vertex -37 70 1.5
    endloop
  endfacet
  facet normal -1 0 0
    outer loop
      vertex -37 55.2564 10.0979
      vertex -37 55.2068 17.7956
      vertex -37 55.2273 17.6929
    endloop
  endfacet
  facet normal -1 0 0
    outer loop
      vertex -37 55.2564 10.0979
      vertex -37 -28.45 13
      vertex -37 55.2068 17.7956
    endloop
  endfacet
  facet normal -1 -0 0
    outer loop
      vertex -37 55.2068 17.7956
      vertex -37 -28.45 13
      vertex -37 55.2 17.9
    endloop
  endfacet
  facet normal -1 0 0
    outer loop
      vertex -37 -28.45 13
      vertex -37 55.25 10
      vertex -37 -28.45 5
    endloop
  endfacet
  facet normal -1 -0 0
    outer loop
      vertex -37 55.2564 9.90211
      vertex -37 -28.45 5
      vertex -37 55.25 10
    endloop
  endfacet
  facet normal -1 -0 0
    outer loop
      vertex -37 55.2756 9.80589
      vertex -37 -28.45 5
      vertex -37 55.2564 9.90211
    endloop
  endfacet
  facet normal -1 -0 0
    outer loop
      vertex -37 55.3071 9.71299
      vertex -37 -28.45 5
      vertex -37 55.2756 9.80589
    endloop
  endfacet
  facet normal -1 -0 0
    outer loop
      vertex -37 55.3505 9.625
      vertex -37 -28.45 5
      vertex -37 55.3071 9.71299
    endloop
  endfacet
  facet normal -1 -0 0
    outer loop
      vertex -37 55.405 9.54343
      vertex -37 -28.45 5
      vertex -37 55.3505 9.625
    endloop
  endfacet
  facet normal -1 -0 0
    outer loop
      vertex -37 55.4697 9.46967
      vertex -37 -28.45 5
      vertex -37 55.405 9.54343
    endloop
  endfacet
  facet normal -1 -0 0
    outer loop
      vertex -37 55.5434 9.40498
      vertex -37 -28.45 5
      vertex -37 55.4697 9.46967
    endloop
  endfacet
  facet normal -1 -0 0
    outer loop
      vertex -37 55.625 9.35048
      vertex -37 -28.45 5
      vertex -37 55.5434 9.40498
    endloop
  endfacet
  facet normal -1 -0 0
    outer loop
      vertex -37 55.713 9.30709
      vertex -37 -28.45 5
      vertex -37 55.625 9.35048
    endloop
  endfacet
  facet normal -1 0 0
    outer loop
      vertex -37 -70 1.5
      vertex -37 -28.45 5
      vertex -37 70 1.5
    endloop
  endfacet
  facet normal -1 0 0
    outer loop
      vertex -37 -29.55 5
      vertex -37 -33.45 5
      vertex -37 -29.55 13
    endloop
  endfacet
  facet normal -1 -0 0
    outer loop
      vertex -37 -28.45 5
      vertex -37 -70 1.5
      vertex -37 -29.55 5
    endloop
  endfacet
  facet normal -1 -0 0
    outer loop
      vertex -37 -29.55 5
      vertex -37 -70 1.5
      vertex -37 -33.45 5
    endloop
  endfacet
  facet normal -1 0 0
    outer loop
      vertex -37 -34.55 5
      vertex -37 -38.45 5
      vertex -37 -34.55 13
    endloop
  endfacet
  facet normal -1 -0 0
    outer loop
      vertex -37 -33.45 5
      vertex -37 -70 1.5
      vertex -37 -34.55 5
    endloop
  endfacet
  facet normal -1 -0 0
    outer loop
      vertex -37 -34.55 5
      vertex -37 -70 1.5
      vertex -37 -38.45 5
    endloop
  endfacet
  facet normal -1 0 0
    outer loop
      vertex -37 -39.55 5
      vertex -37 -43.45 5
      vertex -37 -39.55 13
    endloop
  endfacet
  facet normal -1 -0 0
    outer loop
      vertex -37 -38.45 5
      vertex -37 -70 1.5
      vertex -37 -39.55 5
    endloop
  endfacet
  facet normal -1 -0 0
    outer loop
      vertex -37 -39.55 5
      vertex -37 -70 1.5
      vertex -37 -43.45 5
    endloop
  endfacet
  facet normal -1 0 0
    outer loop
      vertex -37 -44.55 5
      vertex -37 -48.45 5
      vertex -37 -44.55 13
    endloop
  endfacet
  facet normal -1 -0 0
    outer loop
      vertex -37 -43.45 5
      vertex -37 -70 1.5
      vertex -37 -44.55 5
    endloop
  endfacet
  facet normal -1 -0 0
    outer loop
      vertex -37 -44.55 5
      vertex -37 -70 1.5
      vertex -37 -48.45 5
    endloop
  endfacet
  facet normal -1 -0 0
    outer loop
      vertex -37 -49.55 5
      vertex -37 -70 1.5
      vertex -37 -49.55 13
    endloop
  endfacet
  facet normal -1 -0 0
    outer loop
      vertex -37 -48.45 5
      vertex -37 -70 1.5
      vertex -37 -49.55 5
    endloop
  endfacet
  facet normal -1 0 0
    outer loop
      vertex -37 62.8 20.9
      vertex -37 70 23.6
      vertex -37 62.8 17.9
    endloop
  endfacet
  facet normal -1 0 0
    outer loop
      vertex -37 62.7932 21.0044
      vertex -37 70 23.6
      vertex -37 62.8 20.9
    endloop
  endfacet
  facet normal -1 0 0
    outer loop
      vertex -37 62.7727 21.1071
      vertex -37 70 23.6
      vertex -37 62.7932 21.0044
    endloop
  endfacet
  facet normal -1 0 0
    outer loop
      vertex -37 62.7391 21.2062
      vertex -37 70 23.6
      vertex -37 62.7727 21.1071
    endloop
  endfacet
  facet normal -1 0 0
    outer loop
      vertex -37 62.6928 21.3
      vertex -37 70 23.6
      vertex -37 62.7391 21.2062
    endloop
  endfacet
  facet normal -1 0 0
    outer loop
      vertex -37 62.6347 21.387
      vertex -37 70 23.6
      vertex -37 62.6928 21.3
    endloop
  endfacet
  facet normal -1 0 0
    outer loop
      vertex -37 62.5657 21.4657
      vertex -37 70 23.6
      vertex -37 62.6347 21.387
    endloop
  endfacet
  facet normal -1 0 0
    outer loop
      vertex -37 62.487 21.5347
      vertex -37 70 23.6
      vertex -37 62.5657 21.4657
    endloop
  endfacet
  facet normal -1 0 0
    outer loop
      vertex -37 62.4 21.5928
      vertex -37 70 23.6
      vertex -37 62.487 21.5347
    endloop
  endfacet
  facet normal -1 0 0
    outer loop
      vertex -37 62.3062 21.6391
      vertex -37 70 23.6
      vertex -37 62.4 21.5928
    endloop
  endfacet
  facet normal -1 0 0
    outer loop
      vertex -37 62.2071 21.6727
      vertex -37 70 23.6
      vertex -37 62.3062 21.6391
    endloop
  endfacet
  facet normal -1 0 0
    outer loop
      vertex -37 62.1044 21.6932
      vertex -37 70 23.6
      vertex -37 62.2071 21.6727
    endloop
  endfacet
  facet normal -1 0 0
    outer loop
      vertex -37 62 21.7
      vertex -37 70 23.6
      vertex -37 62.1044 21.6932
    endloop
  endfacet
  facet normal -1 0 0
    outer loop
      vertex -37 56 21.7
      vertex -37 70 23.6
      vertex -37 62 21.7
    endloop
  endfacet
  facet normal -1 0 0
    outer loop
      vertex -37 55.8956 21.6932
      vertex -37 70 23.6
      vertex -37 56 21.7
    endloop
  endfacet
  facet normal -1 -0 0
    outer loop
      vertex -37 55.2 17.9
      vertex -37 -28.45 13
      vertex -37 55.2 20.9
    endloop
  endfacet
  facet normal -1 -0 0
    outer loop
      vertex -37 55.2 20.9
      vertex -37 -28.45 13
      vertex -37 55.2068 21.0044
    endloop
  endfacet
  facet normal -1 -0 0
    outer loop
      vertex -37 55.2068 21.0044
      vertex -37 -28.45 13
      vertex -37 55.2273 21.1071
    endloop
  endfacet
  facet normal -1 -0 0
    outer loop
      vertex -37 55.2273 21.1071
      vertex -37 -28.45 13
      vertex -37 55.2609 21.2062
    endloop
  endfacet
  facet normal -1 -0 0
    outer loop
      vertex -37 55.2609 21.2062
      vertex -37 -28.45 13
      vertex -37 55.3072 21.3
    endloop
  endfacet
  facet normal -1 -0 0
    outer loop
      vertex -37 55.3072 21.3
      vertex -37 -28.45 13
      vertex -37 55.3653 21.387
    endloop
  endfacet
  facet normal -1 -0 0
    outer loop
      vertex -37 55.3653 21.387
      vertex -37 -28.45 13
      vertex -37 55.4343 21.4657
    endloop
  endfacet
  facet normal -1 -0 0
    outer loop
      vertex -37 55.4343 21.4657
      vertex -37 -28.45 13
      vertex -37 55.513 21.5347
    endloop
  endfacet
  facet normal -1 -0 0
    outer loop
      vertex -37 55.513 21.5347
      vertex -37 -28.45 13
      vertex -37 55.6 21.5928
    endloop
  endfacet
  facet normal -1 -0 0
    outer loop
      vertex -37 55.6 21.5928
      vertex -37 -28.45 13
      vertex -37 55.6938 21.6391
    endloop
  endfacet
  facet normal -1 -0 0
    outer loop
      vertex -37 55.6938 21.6391
      vertex -37 -28.45 13
      vertex -37 55.7929 21.6727
    endloop
  endfacet
  facet normal -1 0 0
    outer loop
      vertex -37 -70 23.6
      vertex -37 55.7929 21.6727
      vertex -37 -28.45 13
    endloop
  endfacet
  facet normal -1 0 0
    outer loop
      vertex -37 55.7929 21.6727
      vertex -37 -70 23.6
      vertex -37 55.8956 21.6932
    endloop
  endfacet
  facet normal -1 0 0
    outer loop
      vertex -37 -70 23.6
      vertex -37 -28.45 13
      vertex -37 -29.55 13
    endloop
  endfacet
  facet normal -1 0 0
    outer loop
      vertex -37 -33.45 13
      vertex -37 -29.55 13
      vertex -37 -33.45 5
    endloop
  endfacet
  facet normal -1 0 0
    outer loop
      vertex -37 -70 23.6
      vertex -37 -29.55 13
      vertex -37 -33.45 13
    endloop
  endfacet
  facet normal -1 0 0
    outer loop
      vertex -37 -70 23.6
      vertex -37 -33.45 13
      vertex -37 -34.55 13
    endloop
  endfacet
  facet normal -1 0 0
    outer loop
      vertex -37 -38.45 13
      vertex -37 -34.55 13
      vertex -37 -38.45 5
    endloop
  endfacet
  facet normal -1 0 0
    outer loop
      vertex -37 -70 23.6
      vertex -37 -34.55 13
      vertex -37 -38.45 13
    endloop
  endfacet
  facet normal -1 0 0
    outer loop
      vertex -37 -70 23.6
      vertex -37 -38.45 13
      vertex -37 -39.55 13
    endloop
  endfacet
  facet normal -1 0 0
    outer loop
      vertex -37 -43.45 13
      vertex -37 -39.55 13
      vertex -37 -43.45 5
    endloop
  endfacet
  facet normal -1 0 0
    outer loop
      vertex -37 -70 23.6
      vertex -37 -39.55 13
      vertex -37 -43.45 13
    endloop
  endfacet
  facet normal -1 0 0
    outer loop
      vertex -37 -70 23.6
      vertex -37 -43.45 13
      vertex -37 -44.55 13
    endloop
  endfacet
  facet normal -1 0 0
    outer loop
      vertex -37 -48.45 13
      vertex -37 -44.55 13
      vertex -37 -48.45 5
    endloop
  endfacet
  facet normal -1 0 0
    outer loop
      vertex -37 -70 23.6
      vertex -37 -44.55 13
      vertex -37 -48.45 13
    endloop
  endfacet
  facet normal -1 0 0
    outer loop
      vertex -37 -70 23.6
      vertex -37 -48.45 13
      vertex -37 -49.55 13
    endloop
  endfacet
  facet normal -1 0 0
    outer loop
      vertex -37 55.8956 21.6932
      vertex -37 -70 23.6
      vertex -37 70 23.6
    endloop
  endfacet
  facet normal -1 0 0
    outer loop
      vertex -37 -70 23.6
      vertex -37 -49.55 13
      vertex -37 -70 1.5
    endloop
  endfacet
  facet normal -1 0 0
    outer loop
      vertex -37 62.7244 10.1941
      vertex -37 70 1.5
      vertex -37 62.7436 10.0979
    endloop
  endfacet
  facet normal -1 0 0
    outer loop
      vertex -37 62.6929 10.287
      vertex -37 70 23.6
      vertex -37 62.7244 10.1941
    endloop
  endfacet
  facet normal -1 0 0
    outer loop
      vertex -37 70 23.6
      vertex -37 62.7391 17.5938
      vertex -37 62.7727 17.6929
    endloop
  endfacet
  facet normal -1 0 0
    outer loop
      vertex -37 70 23.6
      vertex -37 62.6929 10.287
      vertex -37 62.7391 17.5938
    endloop
  endfacet
  facet normal -1 0 0
    outer loop
      vertex -37 62.6929 10.287
      vertex -37 62.6928 17.5
      vertex -37 62.7391 17.5938
    endloop
  endfacet
  facet normal -1 0 0
    outer loop
      vertex -37 62.6495 10.375
      vertex -37 62.6928 17.5
      vertex -37 62.6929 10.287
    endloop
  endfacet
  facet normal -1 0 0
    outer loop
      vertex -37 62.6495 10.375
      vertex -37 62.6347 17.413
      vertex -37 62.6928 17.5
    endloop
  endfacet
  facet normal -1 0 0
    outer loop
      vertex -37 62.595 10.4566
      vertex -37 62.6347 17.413
      vertex -37 62.6495 10.375
    endloop
  endfacet
  facet normal -1 0 0
    outer loop
      vertex -37 62.595 10.4566
      vertex -37 62.5657 17.3343
      vertex -37 62.6347 17.413
    endloop
  endfacet
  facet normal -1 0 0
    outer loop
      vertex -37 62.5303 10.5303
      vertex -37 62.5657 17.3343
      vertex -37 62.595 10.4566
    endloop
  endfacet
  facet normal -1 0 0
    outer loop
      vertex -37 62.5303 10.5303
      vertex -37 62.487 17.2653
      vertex -37 62.5657 17.3343
    endloop
  endfacet
  facet normal -1 0 0
    outer loop
      vertex -37 62.4566 10.595
      vertex -37 62.487 17.2653
      vertex -37 62.5303 10.5303
    endloop
  endfacet
  facet normal -1 0 0
    outer loop
      vertex -37 62.4566 10.595
      vertex -37 62.4 17.2072
      vertex -37 62.487 17.2653
    endloop
  endfacet
  facet normal -1 0 0
    outer loop
      vertex -37 62.375 10.6495
      vertex -37 62.4 17.2072
      vertex -37 62.4566 10.595
    endloop
  endfacet
  facet normal -1 0 0
    outer loop
      vertex -37 62.375 10.6495
      vertex -37 62.3062 17.1609
      vertex -37 62.4 17.2072
    endloop
  endfacet
  facet normal -1 0 0
    outer loop
      vertex -37 62.287 10.6929
      vertex -37 62.3062 17.1609
      vertex -37 62.375 10.6495
    endloop
  endfacet
  facet normal -1 0 0
    outer loop
      vertex -37 62.287 10.6929
      vertex -37 62.2071 17.1273
      vertex -37 62.3062 17.1609
    endloop
  endfacet
  facet normal -1 0 0
    outer loop
      vertex -37 62.1941 10.7244
      vertex -37 62.2071 17.1273
      vertex -37 62.287 10.6929
    endloop
  endfacet
  facet normal -1 0 0
    outer loop
      vertex -37 62.1941 10.7244
      vertex -37 62.1044 17.1068
      vertex -37 62.2071 17.1273
    endloop
  endfacet
  facet normal -1 0 0
    outer loop
      vertex -37 62.0979 10.7436
      vertex -37 62.1044 17.1068
      vertex -37 62.1941 10.7244
    endloop
  endfacet
  facet normal -1 0 0
    outer loop
      vertex -37 62 10.75
      vertex -37 62.1044 17.1068
      vertex -37 62.0979 10.7436
    endloop
  endfacet
  facet normal -1 0 0
    outer loop
      vertex -37 62 10.75
      vertex -37 62 17.1
      vertex -37 62.1044 17.1068
    endloop
  endfacet
  facet normal -1 0 0
    outer loop
      vertex -37 61.9021 10.7436
      vertex -37 62 17.1
      vertex -37 62 10.75
    endloop
  endfacet
  facet normal -1 0 0
    outer loop
      vertex -37 61.8059 10.7244
      vertex -37 62 17.1
      vertex -37 61.9021 10.7436
    endloop
  endfacet
  facet normal -1 0 0
    outer loop
      vertex -37 61.713 10.6929
      vertex -37 62 17.1
      vertex -37 61.8059 10.7244
    endloop
  endfacet
  facet normal -1 0 0
    outer loop
      vertex -37 59.287 10.6929
      vertex -37 61.713 10.6929
      vertex -37 61.625 10.6495
    endloop
  endfacet
  facet normal -1 0 0
    outer loop
      vertex -37 59.375 10.6495
      vertex -37 61.625 10.6495
      vertex -37 61.5434 10.595
    endloop
  endfacet
  facet normal -1 0 0
    outer loop
      vertex -37 59.4566 10.595
      vertex -37 61.5434 10.595
      vertex -37 61.4697 10.5303
    endloop
  endfacet
  facet normal -1 0 0
    outer loop
      vertex -37 59.5303 10.5303
      vertex -37 61.4697 10.5303
      vertex -37 61.405 10.4566
    endloop
  endfacet
  facet normal -1 0 0
    outer loop
      vertex -37 59.595 10.4566
      vertex -37 61.405 10.4566
      vertex -37 61.3505 10.375
    endloop
  endfacet
  facet normal -1 0 0
    outer loop
      vertex -37 59.6495 10.375
      vertex -37 61.3505 10.375
      vertex -37 61.3071 10.287
    endloop
  endfacet
  facet normal -1 0 0
    outer loop
      vertex -37 59.6929 10.287
      vertex -37 61.3071 10.287
      vertex -37 61.2756 10.1941
    endloop
  endfacet
  facet normal -1 0 0
    outer loop
      vertex -37 59.7244 10.1941
      vertex -37 61.2756 10.1941
      vertex -37 61.2564 10.0979
    endloop
  endfacet
  facet normal -1 0 0
    outer loop
      vertex -37 59.75 10
      vertex -37 61.2564 10.0979
      vertex -37 61.25 10
    endloop
  endfacet
  facet normal -1 0 0
    outer loop
      vertex -37 59.7436 10.0979
      vertex -37 61.2564 10.0979
      vertex -37 59.75 10
    endloop
  endfacet
  facet normal -1 0 0
    outer loop
      vertex -37 59.7244 10.1941
      vertex -37 61.2564 10.0979
      vertex -37 59.7436 10.0979
    endloop
  endfacet
  facet normal -1 0 0
    outer loop
      vertex -37 61.2756 10.1941
      vertex -37 59.7244 10.1941
      vertex -37 59.6929 10.287
    endloop
  endfacet
  facet normal -1 0 0
    outer loop
      vertex -37 61.3071 10.287
      vertex -37 59.6929 10.287
      vertex -37 59.6495 10.375
    endloop
  endfacet
  facet normal -1 0 0
    outer loop
      vertex -37 61.3505 10.375
      vertex -37 59.6495 10.375
      vertex -37 59.595 10.4566
    endloop
  endfacet
  facet normal -1 0 0
    outer loop
      vertex -37 61.405 10.4566
      vertex -37 59.595 10.4566
      vertex -37 59.5303 10.5303
    endloop
  endfacet
  facet normal -1 0 0
    outer loop
      vertex -37 61.4697 10.5303
      vertex -37 59.5303 10.5303
      vertex -37 59.4566 10.595
    endloop
  endfacet
  facet normal -1 0 0
    outer loop
      vertex -37 61.5434 10.595
      vertex -37 59.4566 10.595
      vertex -37 59.375 10.6495
    endloop
  endfacet
  facet normal -1 0 0
    outer loop
      vertex -37 61.625 10.6495
      vertex -37 59.375 10.6495
      vertex -37 59.287 10.6929
    endloop
  endfacet
  facet normal -1 0 0
    outer loop
      vertex -37 61.713 10.6929
      vertex -37 59.287 10.6929
      vertex -37 62 17.1
    endloop
  endfacet
  facet normal -1 0 0
    outer loop
      vertex -37 59.1941 10.7244
      vertex -37 62 17.1
      vertex -37 59.287 10.6929
    endloop
  endfacet
  facet normal -1 0 0
    outer loop
      vertex -37 59.0979 10.7436
      vertex -37 62 17.1
      vertex -37 59.1941 10.7244
    endloop
  endfacet
  facet normal -1 0 0
    outer loop
      vertex -37 59 10.75
      vertex -37 62 17.1
      vertex -37 59.0979 10.7436
    endloop
  endfacet
  facet normal -1 0 0
    outer loop
      vertex -37 56 17.1
      vertex -37 59 10.75
      vertex -37 58.9021 10.7436
    endloop
  endfacet
  facet normal -1 0 0
    outer loop
      vertex -37 56 17.1
      vertex -37 58.9021 10.7436
      vertex -37 58.8059 10.7244
    endloop
  endfacet
  facet normal -1 0 0
    outer loop
      vertex -37 56 17.1
      vertex -37 58.8059 10.7244
      vertex -37 58.713 10.6929
    endloop
  endfacet
  facet normal -1 0 0
    outer loop
      vertex -37 56.287 10.6929
      vertex -37 58.713 10.6929
      vertex -37 58.625 10.6495
    endloop
  endfacet
  facet normal -1 0 0
    outer loop
      vertex -37 56.375 10.6495
      vertex -37 58.625 10.6495
      vertex -37 58.5434 10.595
    endloop
  endfacet
  facet normal -1 0 0
    outer loop
      vertex -37 56.4566 10.595
      vertex -37 58.5434 10.595
      vertex -37 58.4697 10.5303
    endloop
  endfacet
  facet normal -1 0 0
    outer loop
      vertex -37 56.5303 10.5303
      vertex -37 58.4697 10.5303
      vertex -37 58.405 10.4566
    endloop
  endfacet
  facet normal -1 0 0
    outer loop
      vertex -37 56.595 10.4566
      vertex -37 58.405 10.4566
      vertex -37 58.3505 10.375
    endloop
  endfacet
  facet normal -1 0 0
    outer loop
      vertex -37 56.75 10
      vertex -37 58.2564 10.0979
      vertex -37 58.25 10
    endloop
  endfacet
  facet normal -1 0 0
    outer loop
      vertex -37 56.7436 10.0979
      vertex -37 58.2564 10.0979
      vertex -37 56.75 10
    endloop
  endfacet
  facet normal -1 0 0
    outer loop
      vertex -37 58.2564 10.0979
      vertex -37 56.7436 10.0979
      vertex -37 58.2756 10.1941
    endloop
  endfacet
  facet normal -1 0 0
    outer loop
      vertex -37 56.7244 10.1941
      vertex -37 58.2756 10.1941
      vertex -37 56.7436 10.0979
    endloop
  endfacet
  facet normal -1 0 0
    outer loop
      vertex -37 58.2756 10.1941
      vertex -37 56.7244 10.1941
      vertex -37 58.3071 10.287
    endloop
  endfacet
  facet normal -1 0 0
    outer loop
      vertex -37 56.6929 10.287
      vertex -37 58.3071 10.287
      vertex -37 56.7244 10.1941
    endloop
  endfacet
  facet normal -1 0 0
    outer loop
      vertex -37 58.3071 10.287
      vertex -37 56.6929 10.287
      vertex -37 58.3505 10.375
    endloop
  endfacet
  facet normal -1 0 0
    outer loop
      vertex -37 56.6495 10.375
      vertex -37 58.3505 10.375
      vertex -37 56.6929 10.287
    endloop
  endfacet
  facet normal -1 0 0
    outer loop
      vertex -37 56.595 10.4566
      vertex -37 58.3505 10.375
      vertex -37 56.6495 10.375
    endloop
  endfacet
  facet normal -1 0 0
    outer loop
      vertex -37 58.405 10.4566
      vertex -37 56.595 10.4566
      vertex -37 56.5303 10.5303
    endloop
  endfacet
  facet normal -1 0 0
    outer loop
      vertex -37 58.4697 10.5303
      vertex -37 56.5303 10.5303
      vertex -37 56.4566 10.595
    endloop
  endfacet
  facet normal -1 0 0
    outer loop
      vertex -37 58.5434 10.595
      vertex -37 56.4566 10.595
      vertex -37 56.375 10.6495
    endloop
  endfacet
  facet normal -1 0 0
    outer loop
      vertex -37 58.625 10.6495
      vertex -37 56.375 10.6495
      vertex -37 56.287 10.6929
    endloop
  endfacet
  facet normal -1 0 0
    outer loop
      vertex -37 58.713 10.6929
      vertex -37 56.287 10.6929
      vertex -37 56 17.1
    endloop
  endfacet
  facet normal -1 0 0
    outer loop
      vertex -37 56 17.1
      vertex -37 56.287 10.6929
      vertex -37 56.1941 10.7244
    endloop
  endfacet
  facet normal -1 0 0
    outer loop
      vertex -37 56 17.1
      vertex -37 56.1941 10.7244
      vertex -37 56.0979 10.7436
    endloop
  endfacet
  facet normal -1 0 0
    outer loop
      vertex -37 56 17.1
      vertex -37 56.0979 10.7436
      vertex -37 56 10.75
    endloop
  endfacet
  facet normal -1 0 0
    outer loop
      vertex -37 59 10.75
      vertex -37 56 17.1
      vertex -37 62 17.1
    endloop
  endfacet
  facet normal -1 0 0
    outer loop
      vertex -37 55.9021 10.7436
      vertex -37 56 17.1
      vertex -37 56 10.75
    endloop
  endfacet
  facet normal -1 0 0
    outer loop
      vertex -37 55.9021 10.7436
      vertex -37 55.8956 17.1068
      vertex -37 56 17.1
    endloop
  endfacet
  facet normal -1 0 0
    outer loop
      vertex -37 55.8059 10.7244
      vertex -37 55.8956 17.1068
      vertex -37 55.9021 10.7436
    endloop
  endfacet
  facet normal -1 0 0
    outer loop
      vertex -37 55.8059 10.7244
      vertex -37 55.7929 17.1273
      vertex -37 55.8956 17.1068
    endloop
  endfacet
  facet normal -1 0 0
    outer loop
      vertex -37 55.713 10.6929
      vertex -37 55.7929 17.1273
      vertex -37 55.8059 10.7244
    endloop
  endfacet
  facet normal -1 0 0
    outer loop
      vertex -37 55.713 10.6929
      vertex -37 55.6938 17.1609
      vertex -37 55.7929 17.1273
    endloop
  endfacet
  facet normal -1 0 0
    outer loop
      vertex -37 55.625 10.6495
      vertex -37 55.6938 17.1609
      vertex -37 55.713 10.6929
    endloop
  endfacet
  facet normal -1 0 0
    outer loop
      vertex -37 55.625 10.6495
      vertex -37 55.6 17.2072
      vertex -37 55.6938 17.1609
    endloop
  endfacet
  facet normal -1 0 0
    outer loop
      vertex -37 55.5434 10.595
      vertex -37 55.6 17.2072
      vertex -37 55.625 10.6495
    endloop
  endfacet
  facet normal -1 0 0
    outer loop
      vertex -37 55.5434 10.595
      vertex -37 55.513 17.2653
      vertex -37 55.6 17.2072
    endloop
  endfacet
  facet normal -1 0 0
    outer loop
      vertex -37 55.4697 10.5303
      vertex -37 55.513 17.2653
      vertex -37 55.5434 10.595
    endloop
  endfacet
  facet normal -1 0 0
    outer loop
      vertex -37 55.4697 10.5303
      vertex -37 55.4343 17.3343
      vertex -37 55.513 17.2653
    endloop
  endfacet
  facet normal -1 0 0
    outer loop
      vertex -37 55.405 10.4566
      vertex -37 55.4343 17.3343
      vertex -37 55.4697 10.5303
    endloop
  endfacet
  facet normal -1 0 0
    outer loop
      vertex -37 55.405 10.4566
      vertex -37 55.3653 17.413
      vertex -37 55.4343 17.3343
    endloop
  endfacet
  facet normal -1 0 0
    outer loop
      vertex -37 55.3505 10.375
      vertex -37 55.3653 17.413
      vertex -37 55.405 10.4566
    endloop
  endfacet
  facet normal -1 0 0
    outer loop
      vertex -37 55.3505 10.375
      vertex -37 55.3072 17.5
      vertex -37 55.3653 17.413
    endloop
  endfacet
  facet normal -1 0 0
    outer loop
      vertex -37 55.3071 10.287
      vertex -37 55.3072 17.5
      vertex -37 55.3505 10.375
    endloop
  endfacet
  facet normal -1 0 0
    outer loop
      vertex -37 55.2609 17.5938
      vertex -37 55.3071 10.287
      vertex -37 55.2756 10.1941
    endloop
  endfacet
  facet normal -1 0 0
    outer loop
      vertex -37 55.3071 10.287
      vertex -37 55.2609 17.5938
      vertex -37 55.3072 17.5
    endloop
  endfacet
  facet normal -1 0 0
    outer loop
      vertex -37 55.2273 17.6929
      vertex -37 55.2756 10.1941
      vertex -37 55.2564 10.0979
    endloop
  endfacet
  facet normal -1 0 0
    outer loop
      vertex -37 -28.45 13
      vertex -37 55.2564 10.0979
      vertex -37 55.25 10
    endloop
  endfacet
  facet normal -1 0 0
    outer loop
      vertex -37 55.2756 10.1941
      vertex -37 55.2273 17.6929
      vertex -37 55.2609 17.5938
    endloop
  endfacet
  facet normal -0.490815 0.490815 -0.719862
    outer loop
      vertex -35.5 69.3 0
      vertex -30 77 1.5
      vertex -29.3 75.5 0
    endloop
  endfacet
  facet normal -0.490815 0.490815 -0.719862
    outer loop
      vertex -30 77 1.5
      vertex -35.5 69.3 0
      vertex -37 70 1.5
    endloop
  endfacet
  facet normal 0 0.707107 -0.707107
    outer loop
      vertex 29.3 75.5 0
      vertex -30 77 1.5
      vertex 30 77 1.5
    endloop
  endfacet
  facet normal 0 0.707107 -0.707107
    outer loop
      vertex -30 77 1.5
      vertex 29.3 75.5 0
      vertex -29.3 75.5 0
    endloop
  endfacet
  facet normal -0.707107 -0.707107 0
    outer loop
      vertex -30 -77 1.5
      vertex -37 -70 23.6
      vertex -37 -70 1.5
    endloop
  endfacet
  facet normal -0.707107 -0.707107 0
    outer loop
      vertex -37 -70 23.6
      vertex -30 -77 1.5
      vertex -30 -77 23.6
    endloop
  endfacet
  facet normal 0 0 -1
    outer loop
      vertex 35.5 -69.3 0
      vertex 33.3 18.7 0
      vertex 35.5 69.3 0
    endloop
  endfacet
  facet normal 0 0 -1
    outer loop
      vertex 35.5 -69.3 0
      vertex 30.3 15.7 0
      vertex 33.3 18.7 0
    endloop
  endfacet
  facet normal 0 0 -1
    outer loop
      vertex -35.5 -69.3 0
      vertex 35.5 -69.3 0
      vertex 29.3 -75.5 0
    endloop
  endfacet
  facet normal 0 0 -1
    outer loop
      vertex -35.5 -69.3 0
      vertex 29.3 -75.5 0
      vertex -29.3 -75.5 0
    endloop
  endfacet
  facet normal 0 0 -1
    outer loop
      vertex 35.5 -69.3 0
      vertex -35.5 -69.3 0
      vertex 30.3 15.7 0
    endloop
  endfacet
  facet normal -0 0 -1
    outer loop
      vertex 30.3 15.7 0
      vertex -35.5 -69.3 0
      vertex -30.3 15.7 0
    endloop
  endfacet
  facet normal 0 0 -1
    outer loop
      vertex -35.5 69.3 0
      vertex -33.3 18.7 0
      vertex -35.5 -69.3 0
    endloop
  endfacet
  facet normal -0 0 -1
    outer loop
      vertex -30.3 15.7 0
      vertex -35.5 -69.3 0
      vertex -33.3 18.7 0
    endloop
  endfacet
  facet normal 0 0 -1
    outer loop
      vertex 33.3 61.3 0
      vertex 35.5 69.3 0
      vertex 33.3 18.7 0
    endloop
  endfacet
  facet normal 0 0 -1
    outer loop
      vertex 30.3 64.3 0
      vertex 35.5 69.3 0
      vertex 33.3 61.3 0
    endloop
  endfacet
  facet normal 0 0 -1
    outer loop
      vertex 30.3 64.3 0
      vertex 29.3 75.5 0
      vertex 35.5 69.3 0
    endloop
  endfacet
  facet normal 0 0 -1
    outer loop
      vertex 30.3 64.3 0
      vertex -29.3 75.5 0
      vertex 29.3 75.5 0
    endloop
  endfacet
  facet normal 0 0 -1
    outer loop
      vertex -30.3 64.3 0
      vertex -29.3 75.5 0
      vertex 30.3 64.3 0
    endloop
  endfacet
  facet normal 0 0 -1
    outer loop
      vertex -35.5 69.3 0
      vertex -30.3 64.3 0
      vertex -33.3 61.3 0
    endloop
  endfacet
  facet normal 0 0 -1
    outer loop
      vertex -30.3 64.3 0
      vertex -35.5 69.3 0
      vertex -29.3 75.5 0
    endloop
  endfacet
  facet normal 0 0 -1
    outer loop
      vertex -33.3 18.7 0
      vertex -35.5 69.3 0
      vertex -33.3 61.3 0
    endloop
  endfacet
  facet normal 0 -0.707107 -0.707107
    outer loop
      vertex -29.3 -75.5 0
      vertex 30 -77 1.5
      vertex -30 -77 1.5
    endloop
  endfacet
  facet normal 0 -0.707107 -0.707107
    outer loop
      vertex 30 -77 1.5
      vertex -29.3 -75.5 0
      vertex 29.3 -75.5 0
    endloop
  endfacet
  facet normal 0 0 1
    outer loop
      vertex 37 70 23.6
      vertex 34.6 70 23.6
      vertex 37 -70 23.6
    endloop
  endfacet
  facet normal 0 0 1
    outer loop
      vertex 30 77 23.6
      vertex 34.6 70 23.6
      vertex 37 70 23.6
    endloop
  endfacet
  facet normal 0 0 1
    outer loop
      vertex 30 77 23.6
      vertex 30 74.6 23.6
      vertex 34.6 70 23.6
    endloop
  endfacet
  facet normal -0 0 1
    outer loop
      vertex -30 77 23.6
      vertex 30 74.6 23.6
      vertex 30 77 23.6
    endloop
  endfacet
  facet normal 0 0 1
    outer loop
      vertex -30 77 23.6
      vertex -30 74.6 23.6
      vertex 30 74.6 23.6
    endloop
  endfacet
  facet normal 0 0 1
    outer loop
      vertex -30 77 23.6
      vertex -34.6 70 23.6
      vertex -30 74.6 23.6
    endloop
  endfacet
  facet normal 0 0 1
    outer loop
      vertex -34.6 70 23.6
      vertex -37 70 23.6
      vertex -34.6 -70 23.6
    endloop
  endfacet
  facet normal 0 0 1
    outer loop
      vertex -37 70 23.6
      vertex -34.6 70 23.6
      vertex -30 77 23.6
    endloop
  endfacet
  facet normal 0 0 1
    outer loop
      vertex 34.6 -70 23.6
      vertex 37 -70 23.6
      vertex 34.6 70 23.6
    endloop
  endfacet
  facet normal 0 0 1
    outer loop
      vertex 30 -74.6 23.6
      vertex 37 -70 23.6
      vertex 34.6 -70 23.6
    endloop
  endfacet
  facet normal -0 0 1
    outer loop
      vertex 30 -74.6 23.6
      vertex 30 -77 23.6
      vertex 37 -70 23.6
    endloop
  endfacet
  facet normal -0 0 1
    outer loop
      vertex -30 -74.6 23.6
      vertex 30 -77 23.6
      vertex 30 -74.6 23.6
    endloop
  endfacet
  facet normal 0 0 1
    outer loop
      vertex -30 -74.6 23.6
      vertex -30 -77 23.6
      vertex 30 -77 23.6
    endloop
  endfacet
  facet normal 0 0 1
    outer loop
      vertex -34.6 -70 23.6
      vertex -30 -77 23.6
      vertex -30 -74.6 23.6
    endloop
  endfacet
  facet normal 0 0 1
    outer loop
      vertex -34.6 -70 23.6
      vertex -37 -70 23.6
      vertex -30 -77 23.6
    endloop
  endfacet
  facet normal 0 0 1
    outer loop
      vertex -37 -70 23.6
      vertex -34.6 -70 23.6
      vertex -37 70 23.6
    endloop
  endfacet
  facet normal 0 -1 0
    outer loop
      vertex -16.8519 74.6 14.7716
      vertex -30 74.6 23.6
      vertex -17.2235 74.6 14.8978
    endloop
  endfacet
  facet normal 0 -1 0
    outer loop
      vertex 30 74.6 23.6
      vertex 17.6084 74.6 14.9743
      vertex 18 74.6 15
    endloop
  endfacet
  facet normal 0 -1 0
    outer loop
      vertex -30 74.6 23.6
      vertex -16.8519 74.6 14.7716
      vertex 30 74.6 23.6
    endloop
  endfacet
  facet normal 0 -1 0
    outer loop
      vertex 30 74.6 23.6
      vertex 17.2235 74.6 14.8978
      vertex 17.6084 74.6 14.9743
    endloop
  endfacet
  facet normal 0 -1 0
    outer loop
      vertex 16.8519 74.6 14.7716
      vertex 30 74.6 23.6
      vertex -16.8519 74.6 14.7716
    endloop
  endfacet
  facet normal 0 -1 0
    outer loop
      vertex 30 74.6 23.6
      vertex 16.8519 74.6 14.7716
      vertex 17.2235 74.6 14.8978
    endloop
  endfacet
  facet normal 0 -1 0
    outer loop
      vertex -16.5 74.6 14.5981
      vertex 16.8519 74.6 14.7716
      vertex -16.8519 74.6 14.7716
    endloop
  endfacet
  facet normal 0 -1 0
    outer loop
      vertex -16.5 74.6 14.5981
      vertex 16.5 74.6 14.5981
      vertex 16.8519 74.6 14.7716
    endloop
  endfacet
  facet normal 0 -1 0
    outer loop
      vertex -16.1737 74.6 14.3801
      vertex 16.5 74.6 14.5981
      vertex -16.5 74.6 14.5981
    endloop
  endfacet
  facet normal 0 -1 0
    outer loop
      vertex -16.1737 74.6 14.3801
      vertex 16.1737 74.6 14.3801
      vertex 16.5 74.6 14.5981
    endloop
  endfacet
  facet normal 0 -1 0
    outer loop
      vertex -15.8787 74.6 14.1213
      vertex 16.1737 74.6 14.3801
      vertex -16.1737 74.6 14.3801
    endloop
  endfacet
  facet normal 0 -1 0
    outer loop
      vertex -15.8787 74.6 14.1213
      vertex 15.8787 74.6 14.1213
      vertex 16.1737 74.6 14.3801
    endloop
  endfacet
  facet normal 0 -1 0
    outer loop
      vertex -15.6199 74.6 13.8263
      vertex 15.8787 74.6 14.1213
      vertex -15.8787 74.6 14.1213
    endloop
  endfacet
  facet normal 0 -1 0
    outer loop
      vertex -15.6199 74.6 13.8263
      vertex 15.6199 74.6 13.8263
      vertex 15.8787 74.6 14.1213
    endloop
  endfacet
  facet normal 0 -1 0
    outer loop
      vertex -15.4019 74.6 13.5
      vertex 15.6199 74.6 13.8263
      vertex -15.6199 74.6 13.8263
    endloop
  endfacet
  facet normal 0 -1 0
    outer loop
      vertex -15.4019 74.6 13.5
      vertex 15.4019 74.6 13.5
      vertex 15.6199 74.6 13.8263
    endloop
  endfacet
  facet normal 0 -1 0
    outer loop
      vertex -15.2284 74.6 13.148
      vertex 15.4019 74.6 13.5
      vertex -15.4019 74.6 13.5
    endloop
  endfacet
  facet normal 0 -1 0
    outer loop
      vertex -15.2284 74.6 13.148
      vertex 15.2284 74.6 13.148
      vertex 15.4019 74.6 13.5
    endloop
  endfacet
  facet normal 0 -1 0
    outer loop
      vertex -15.1022 74.6 12.7765
      vertex 15.2284 74.6 13.148
      vertex -15.2284 74.6 13.148
    endloop
  endfacet
  facet normal 0 -1 0
    outer loop
      vertex -15.1022 74.6 12.7765
      vertex 15.1022 74.6 12.7765
      vertex 15.2284 74.6 13.148
    endloop
  endfacet
  facet normal 0 -1 0
    outer loop
      vertex -15.0257 74.6 12.3916
      vertex 15.1022 74.6 12.7765
      vertex -15.1022 74.6 12.7765
    endloop
  endfacet
  facet normal 0 -1 0
    outer loop
      vertex -15.0257 74.6 12.3916
      vertex 15.0257 74.6 12.3916
      vertex 15.1022 74.6 12.7765
    endloop
  endfacet
  facet normal 0 -1 0
    outer loop
      vertex -15 74.6 12
      vertex 15.0257 74.6 12.3916
      vertex -15.0257 74.6 12.3916
    endloop
  endfacet
  facet normal 0 -1 0
    outer loop
      vertex -15 74.6 12
      vertex 15 74.6 12
      vertex 15.0257 74.6 12.3916
    endloop
  endfacet
  facet normal 0 -1 0
    outer loop
      vertex -15.0257 74.6 11.6084
      vertex 15 74.6 12
      vertex -15 74.6 12
    endloop
  endfacet
  facet normal 0 -1 0
    outer loop
      vertex -15.0257 74.6 11.6084
      vertex 15.0257 74.6 11.6084
      vertex 15 74.6 12
    endloop
  endfacet
  facet normal 0 -1 0
    outer loop
      vertex -15.1022 74.6 11.2235
      vertex 15.0257 74.6 11.6084
      vertex -15.0257 74.6 11.6084
    endloop
  endfacet
  facet normal 0 -1 0
    outer loop
      vertex -15.1022 74.6 11.2235
      vertex 15.1022 74.6 11.2235
      vertex 15.0257 74.6 11.6084
    endloop
  endfacet
  facet normal 0 -1 0
    outer loop
      vertex -15.2284 74.6 10.8519
      vertex 15.1022 74.6 11.2235
      vertex -15.1022 74.6 11.2235
    endloop
  endfacet
  facet normal 0 -1 0
    outer loop
      vertex -15.2284 74.6 10.8519
      vertex 15.2284 74.6 10.8519
      vertex 15.1022 74.6 11.2235
    endloop
  endfacet
  facet normal 0 -1 0
    outer loop
      vertex -15.4019 74.6 10.5
      vertex 15.2284 74.6 10.8519
      vertex -15.2284 74.6 10.8519
    endloop
  endfacet
  facet normal 0 -1 0
    outer loop
      vertex -15.4019 74.6 10.5
      vertex 15.4019 74.6 10.5
      vertex 15.2284 74.6 10.8519
    endloop
  endfacet
  facet normal 0 -1 0
    outer loop
      vertex -15.6199 74.6 10.1737
      vertex 15.4019 74.6 10.5
      vertex -15.4019 74.6 10.5
    endloop
  endfacet
  facet normal 0 -1 0
    outer loop
      vertex -15.6199 74.6 10.1737
      vertex 15.6199 74.6 10.1737
      vertex 15.4019 74.6 10.5
    endloop
  endfacet
  facet normal 0 -1 0
    outer loop
      vertex -15.8787 74.6 9.87868
      vertex 15.6199 74.6 10.1737
      vertex -15.6199 74.6 10.1737
    endloop
  endfacet
  facet normal 0 -1 0
    outer loop
      vertex -15.8787 74.6 9.87868
      vertex 15.8787 74.6 9.87868
      vertex 15.6199 74.6 10.1737
    endloop
  endfacet
  facet normal 0 -1 0
    outer loop
      vertex -16.1737 74.6 9.61994
      vertex 15.8787 74.6 9.87868
      vertex -15.8787 74.6 9.87868
    endloop
  endfacet
  facet normal 0 -1 0
    outer loop
      vertex -16.1737 74.6 9.61994
      vertex 16.1737 74.6 9.61994
      vertex 15.8787 74.6 9.87868
    endloop
  endfacet
  facet normal 0 -1 0
    outer loop
      vertex -16.5 74.6 9.40192
      vertex 16.1737 74.6 9.61994
      vertex -16.1737 74.6 9.61994
    endloop
  endfacet
  facet normal 0 -1 0
    outer loop
      vertex -16.5 74.6 9.40192
      vertex 16.5 74.6 9.40192
      vertex 16.1737 74.6 9.61994
    endloop
  endfacet
  facet normal 0 -1 0
    outer loop
      vertex -16.8519 74.6 9.22836
      vertex 16.5 74.6 9.40192
      vertex -16.5 74.6 9.40192
    endloop
  endfacet
  facet normal 0 -1 0
    outer loop
      vertex -16.8519 74.6 9.22836
      vertex 16.8519 74.6 9.22836
      vertex 16.5 74.6 9.40192
    endloop
  endfacet
  facet normal 0 -1 0
    outer loop
      vertex -30 74.6 2.2
      vertex -16.8519 74.6 9.22836
      vertex -17.2235 74.6 9.10222
    endloop
  endfacet
  facet normal 0 -1 -0
    outer loop
      vertex -16.8519 74.6 9.22836
      vertex -30 74.6 2.2
      vertex 16.8519 74.6 9.22836
    endloop
  endfacet
  facet normal 0 -1 0
    outer loop
      vertex -30 74.6 2.2
      vertex -17.2235 74.6 9.10222
      vertex -17.6084 74.6 9.02567
    endloop
  endfacet
  facet normal 0 -1 0
    outer loop
      vertex 30 74.6 2.2
      vertex 16.8519 74.6 9.22836
      vertex -30 74.6 2.2
    endloop
  endfacet
  facet normal 0 -1 0
    outer loop
      vertex -30 74.6 2.2
      vertex -17.6084 74.6 9.02567
      vertex -18 74.6 9
    endloop
  endfacet
  facet normal 0 -1 0
    outer loop
      vertex 16.8519 74.6 9.22836
      vertex 30 74.6 2.2
      vertex 17.2235 74.6 9.10222
    endloop
  endfacet
  facet normal 0 -1 0
    outer loop
      vertex -17.6084 74.6 14.9743
      vertex -30 74.6 23.6
      vertex -18 74.6 15
    endloop
  endfacet
  facet normal 0 -1 0
    outer loop
      vertex -30 74.6 23.6
      vertex -18.3916 74.6 14.9743
      vertex -18 74.6 15
    endloop
  endfacet
  facet normal 0 -1 0
    outer loop
      vertex -30 74.6 23.6
      vertex -18.7765 74.6 14.8978
      vertex -18.3916 74.6 14.9743
    endloop
  endfacet
  facet normal 0 -1 0
    outer loop
      vertex -30 74.6 23.6
      vertex -19.148 74.6 14.7716
      vertex -18.7765 74.6 14.8978
    endloop
  endfacet
  facet normal 0 -1 0
    outer loop
      vertex -30 74.6 23.6
      vertex -19.5 74.6 14.5981
      vertex -19.148 74.6 14.7716
    endloop
  endfacet
  facet normal 0 -1 0
    outer loop
      vertex -30 74.6 23.6
      vertex -19.8263 74.6 14.3801
      vertex -19.5 74.6 14.5981
    endloop
  endfacet
  facet normal 0 -1 0
    outer loop
      vertex -30 74.6 23.6
      vertex -20.1213 74.6 14.1213
      vertex -19.8263 74.6 14.3801
    endloop
  endfacet
  facet normal 0 -1 0
    outer loop
      vertex -30 74.6 23.6
      vertex -20.3801 74.6 13.8263
      vertex -20.1213 74.6 14.1213
    endloop
  endfacet
  facet normal 0 -1 0
    outer loop
      vertex -30 74.6 23.6
      vertex -20.5981 74.6 13.5
      vertex -20.3801 74.6 13.8263
    endloop
  endfacet
  facet normal 0 -1 0
    outer loop
      vertex -30 74.6 23.6
      vertex -20.7716 74.6 13.148
      vertex -20.5981 74.6 13.5
    endloop
  endfacet
  facet normal 0 -1 0
    outer loop
      vertex -30 74.6 23.6
      vertex -20.8978 74.6 12.7765
      vertex -20.7716 74.6 13.148
    endloop
  endfacet
  facet normal 0 -1 0
    outer loop
      vertex -30 74.6 23.6
      vertex -20.9743 74.6 12.3916
      vertex -20.8978 74.6 12.7765
    endloop
  endfacet
  facet normal 0 -1 0
    outer loop
      vertex -30 74.6 23.6
      vertex -21 74.6 12
      vertex -20.9743 74.6 12.3916
    endloop
  endfacet
  facet normal 0 -1 0
    outer loop
      vertex -30 74.6 2.2
      vertex -21 74.6 12
      vertex -30 74.6 23.6
    endloop
  endfacet
  facet normal 0 -1 -0
    outer loop
      vertex -21 74.6 12
      vertex -30 74.6 2.2
      vertex -20.9743 74.6 11.6084
    endloop
  endfacet
  facet normal 0 -1 -0
    outer loop
      vertex -20.9743 74.6 11.6084
      vertex -30 74.6 2.2
      vertex -20.8978 74.6 11.2235
    endloop
  endfacet
  facet normal 0 -1 -0
    outer loop
      vertex -20.8978 74.6 11.2235
      vertex -30 74.6 2.2
      vertex -20.7716 74.6 10.8519
    endloop
  endfacet
  facet normal 0 -1 -0
    outer loop
      vertex -20.7716 74.6 10.8519
      vertex -30 74.6 2.2
      vertex -20.5981 74.6 10.5
    endloop
  endfacet
  facet normal 0 -1 0
    outer loop
      vertex 17.2235 74.6 9.10222
      vertex 30 74.6 2.2
      vertex 17.6084 74.6 9.02567
    endloop
  endfacet
  facet normal 0 -1 -0
    outer loop
      vertex -18.3916 74.6 9.02567
      vertex -30 74.6 2.2
      vertex -18 74.6 9
    endloop
  endfacet
  facet normal 0 -1 -0
    outer loop
      vertex -18.7765 74.6 9.10222
      vertex -30 74.6 2.2
      vertex -18.3916 74.6 9.02567
    endloop
  endfacet
  facet normal 0 -1 -0
    outer loop
      vertex -19.148 74.6 9.22836
      vertex -30 74.6 2.2
      vertex -18.7765 74.6 9.10222
    endloop
  endfacet
  facet normal 0 -1 -0
    outer loop
      vertex -19.5 74.6 9.40192
      vertex -30 74.6 2.2
      vertex -19.148 74.6 9.22836
    endloop
  endfacet
  facet normal 0 -1 -0
    outer loop
      vertex -19.8263 74.6 9.61994
      vertex -30 74.6 2.2
      vertex -19.5 74.6 9.40192
    endloop
  endfacet
  facet normal 0 -1 -0
    outer loop
      vertex -20.1213 74.6 9.87868
      vertex -30 74.6 2.2
      vertex -19.8263 74.6 9.61994
    endloop
  endfacet
  facet normal 0 -1 -0
    outer loop
      vertex -20.3801 74.6 10.1737
      vertex -30 74.6 2.2
      vertex -20.1213 74.6 9.87868
    endloop
  endfacet
  facet normal 0 -1 -0
    outer loop
      vertex -20.5981 74.6 10.5
      vertex -30 74.6 2.2
      vertex -20.3801 74.6 10.1737
    endloop
  endfacet
  facet normal 0 -1 0
    outer loop
      vertex -17.2235 74.6 14.8978
      vertex -30 74.6 23.6
      vertex -17.6084 74.6 14.9743
    endloop
  endfacet
  facet normal 0 -1 0
    outer loop
      vertex 18.3916 74.6 14.9743
      vertex 30 74.6 23.6
      vertex 18 74.6 15
    endloop
  endfacet
  facet normal 0 -1 0
    outer loop
      vertex 18.7765 74.6 14.8978
      vertex 30 74.6 23.6
      vertex 18.3916 74.6 14.9743
    endloop
  endfacet
  facet normal 0 -1 0
    outer loop
      vertex 19.148 74.6 14.7716
      vertex 30 74.6 23.6
      vertex 18.7765 74.6 14.8978
    endloop
  endfacet
  facet normal 0 -1 0
    outer loop
      vertex 19.5 74.6 14.5981
      vertex 30 74.6 23.6
      vertex 19.148 74.6 14.7716
    endloop
  endfacet
  facet normal 0 -1 0
    outer loop
      vertex 19.8263 74.6 14.3801
      vertex 30 74.6 23.6
      vertex 19.5 74.6 14.5981
    endloop
  endfacet
  facet normal 0 -1 0
    outer loop
      vertex 20.1213 74.6 14.1213
      vertex 30 74.6 23.6
      vertex 19.8263 74.6 14.3801
    endloop
  endfacet
  facet normal 0 -1 0
    outer loop
      vertex 20.3801 74.6 13.8263
      vertex 30 74.6 23.6
      vertex 20.1213 74.6 14.1213
    endloop
  endfacet
  facet normal 0 -1 0
    outer loop
      vertex 20.5981 74.6 13.5
      vertex 30 74.6 23.6
      vertex 20.3801 74.6 13.8263
    endloop
  endfacet
  facet normal 0 -1 0
    outer loop
      vertex 20.7716 74.6 13.148
      vertex 30 74.6 23.6
      vertex 20.5981 74.6 13.5
    endloop
  endfacet
  facet normal 0 -1 0
    outer loop
      vertex 20.8978 74.6 12.7765
      vertex 30 74.6 23.6
      vertex 20.7716 74.6 13.148
    endloop
  endfacet
  facet normal 0 -1 0
    outer loop
      vertex 20.9743 74.6 12.3916
      vertex 30 74.6 23.6
      vertex 20.8978 74.6 12.7765
    endloop
  endfacet
  facet normal 0 -1 0
    outer loop
      vertex 21 74.6 12
      vertex 30 74.6 23.6
      vertex 20.9743 74.6 12.3916
    endloop
  endfacet
  facet normal 0 -1 0
    outer loop
      vertex 30 74.6 2.2
      vertex 21 74.6 12
      vertex 20.9743 74.6 11.6084
    endloop
  endfacet
  facet normal 0 -1 0
    outer loop
      vertex 30 74.6 2.2
      vertex 20.9743 74.6 11.6084
      vertex 20.8978 74.6 11.2235
    endloop
  endfacet
  facet normal 0 -1 0
    outer loop
      vertex 30 74.6 2.2
      vertex 20.8978 74.6 11.2235
      vertex 20.7716 74.6 10.8519
    endloop
  endfacet
  facet normal 0 -1 0
    outer loop
      vertex 30 74.6 2.2
      vertex 20.7716 74.6 10.8519
      vertex 20.5981 74.6 10.5
    endloop
  endfacet
  facet normal 0 -1 0
    outer loop
      vertex 30 74.6 2.2
      vertex 20.5981 74.6 10.5
      vertex 20.3801 74.6 10.1737
    endloop
  endfacet
  facet normal 0 -1 0
    outer loop
      vertex 17.6084 74.6 9.02567
      vertex 30 74.6 2.2
      vertex 18 74.6 9
    endloop
  endfacet
  facet normal 0 -1 0
    outer loop
      vertex 21 74.6 12
      vertex 30 74.6 2.2
      vertex 30 74.6 23.6
    endloop
  endfacet
  facet normal 0 -1 0
    outer loop
      vertex 20.1213 74.6 9.87868
      vertex 30 74.6 2.2
      vertex 20.3801 74.6 10.1737
    endloop
  endfacet
  facet normal 0 -1 0
    outer loop
      vertex 19.8263 74.6 9.61994
      vertex 30 74.6 2.2
      vertex 20.1213 74.6 9.87868
    endloop
  endfacet
  facet normal 0 -1 0
    outer loop
      vertex 19.5 74.6 9.40192
      vertex 30 74.6 2.2
      vertex 19.8263 74.6 9.61994
    endloop
  endfacet
  facet normal 0 -1 0
    outer loop
      vertex 19.148 74.6 9.22836
      vertex 30 74.6 2.2
      vertex 19.5 74.6 9.40192
    endloop
  endfacet
  facet normal 0 -1 0
    outer loop
      vertex 18.7765 74.6 9.10222
      vertex 30 74.6 2.2
      vertex 19.148 74.6 9.22836
    endloop
  endfacet
  facet normal 0 -1 0
    outer loop
      vertex 18.3916 74.6 9.02567
      vertex 30 74.6 2.2
      vertex 18.7765 74.6 9.10222
    endloop
  endfacet
  facet normal 0 -1 0
    outer loop
      vertex 18 74.6 9
      vertex 30 74.6 2.2
      vertex 18.3916 74.6 9.02567
    endloop
  endfacet
  facet normal 0.707107 0.707107 -1.12286e-17
    outer loop
      vertex -30 -74.6 23.6
      vertex -34.6 -70 2.2
      vertex -34.6 -70 23.6
    endloop
  endfacet
  facet normal 0.707107 0.707107 -1.12286e-17
    outer loop
      vertex -34.6 -70 2.2
      vertex -30 -74.6 23.6
      vertex -30 -74.6 2.2
    endloop
  endfacet
  facet normal -1 0 0
    outer loop
      vertex 34.6 49.9659 16.4912
      vertex 34.6 70 23.6
      vertex 34.6 70 2.2
    endloop
  endfacet
  facet normal -1 0 0
    outer loop
      vertex 34.6 70 23.6
      vertex 34.6 49.9914 16.6195
      vertex 34.6 50 16.75
    endloop
  endfacet
  facet normal -1 0 0
    outer loop
      vertex 34.6 70 23.6
      vertex 34.6 49.9659 16.4912
      vertex 34.6 49.9914 16.6195
    endloop
  endfacet
  facet normal -1 0 0
    outer loop
      vertex 34.6 70 2.2
      vertex 34.6 49.9239 16.3673
      vertex 34.6 49.9659 16.4912
    endloop
  endfacet
  facet normal -1 0 0
    outer loop
      vertex 34.6 70 2.2
      vertex 34.6 49.866 16.25
      vertex 34.6 49.9239 16.3673
    endloop
  endfacet
  facet normal -1 0 0
    outer loop
      vertex 34.6 70 2.2
      vertex 34.6 49.7934 16.1412
      vertex 34.6 49.866 16.25
    endloop
  endfacet
  facet normal -1 0 0
    outer loop
      vertex 34.6 70 2.2
      vertex 34.6 49.7071 16.0429
      vertex 34.6 49.7934 16.1412
    endloop
  endfacet
  facet normal -1 0 0
    outer loop
      vertex 34.6 70 2.2
      vertex 34.6 49.6088 15.9566
      vertex 34.6 49.7071 16.0429
    endloop
  endfacet
  facet normal -1 0 0
    outer loop
      vertex 34.6 70 2.2
      vertex 34.6 49.5 15.884
      vertex 34.6 49.6088 15.9566
    endloop
  endfacet
  facet normal -1 0 0
    outer loop
      vertex 34.6 70 2.2
      vertex 34.6 49.3827 15.8261
      vertex 34.6 49.5 15.884
    endloop
  endfacet
  facet normal -1 0 0
    outer loop
      vertex 34.6 70 2.2
      vertex 34.6 49.2588 15.7841
      vertex 34.6 49.3827 15.8261
    endloop
  endfacet
  facet normal -1 0 0
    outer loop
      vertex 34.6 70 2.2
      vertex 34.6 49.1305 15.7586
      vertex 34.6 49.2588 15.7841
    endloop
  endfacet
  facet normal -1 0 0
    outer loop
      vertex 34.6 70 2.2
      vertex 34.6 49 15.75
      vertex 34.6 49.1305 15.7586
    endloop
  endfacet
  facet normal -1 0 0
    outer loop
      vertex 34.6 70 2.2
      vertex 34.6 39 15.75
      vertex 34.6 49 15.75
    endloop
  endfacet
  facet normal -1 0 0
    outer loop
      vertex 34.6 70 2.2
      vertex 34.6 38.8695 15.7586
      vertex 34.6 39 15.75
    endloop
  endfacet
  facet normal -1 0 0
    outer loop
      vertex 34.6 70 2.2
      vertex 34.6 38.7412 15.7841
      vertex 34.6 38.8695 15.7586
    endloop
  endfacet
  facet normal -1 0 0
    outer loop
      vertex 34.6 6.55222 17.4034
      vertex 34.6 38.7412 15.7841
      vertex 34.6 70 2.2
    endloop
  endfacet
  facet normal -1 0 0
    outer loop
      vertex 34.6 6.89999 19.6
      vertex 34.6 38 16.75
      vertex 34.6 6.89999 17.8
    endloop
  endfacet
  facet normal -1 0 0
    outer loop
      vertex 34.6 6.89658 17.7478
      vertex 34.6 38 16.75
      vertex 34.6 38.0086 16.6195
    endloop
  endfacet
  facet normal -1 0 0
    outer loop
      vertex 34.6 6.88637 17.6965
      vertex 34.6 38.0086 16.6195
      vertex 34.6 38.0341 16.4912
    endloop
  endfacet
  facet normal -1 0 0
    outer loop
      vertex 34.6 6.86955 17.6469
      vertex 34.6 38.0341 16.4912
      vertex 34.6 38.0761 16.3673
    endloop
  endfacet
  facet normal -1 0 0
    outer loop
      vertex 34.6 6.84641 17.6
      vertex 34.6 38.0761 16.3673
      vertex 34.6 38.134 16.25
    endloop
  endfacet
  facet normal -1 0 0
    outer loop
      vertex 34.6 6.81734 17.5565
      vertex 34.6 38.134 16.25
      vertex 34.6 38.2066 16.1412
    endloop
  endfacet
  facet normal -1 0 0
    outer loop
      vertex 34.6 6.78284 17.5172
      vertex 34.6 38.2066 16.1412
      vertex 34.6 38.2929 16.0429
    endloop
  endfacet
  facet normal -1 0 0
    outer loop
      vertex 34.6 6.7435 17.4827
      vertex 34.6 38.2929 16.0429
      vertex 34.6 38.3912 15.9566
    endloop
  endfacet
  facet normal -1 0 0
    outer loop
      vertex 34.6 6.7 17.4536
      vertex 34.6 38.3912 15.9566
      vertex 34.6 38.5 15.884
    endloop
  endfacet
  facet normal -1 0 0
    outer loop
      vertex 34.6 6.65308 17.4305
      vertex 34.6 38.5 15.884
      vertex 34.6 38.6173 15.8261
    endloop
  endfacet
  facet normal -1 0 -0
    outer loop
      vertex 34.6 6.60353 17.4136
      vertex 34.6 38.7412 15.7841
      vertex 34.6 6.55222 17.4034
    endloop
  endfacet
  facet normal -1 0 0
    outer loop
      vertex 34.6 38 16.75
      vertex 34.6 6.89658 17.7478
      vertex 34.6 6.89999 17.8
    endloop
  endfacet
  facet normal -1 0 0
    outer loop
      vertex 34.6 38.0086 16.6195
      vertex 34.6 6.88637 17.6965
      vertex 34.6 6.89658 17.7478
    endloop
  endfacet
  facet normal -1 0 0
    outer loop
      vertex 34.6 38.0341 16.4912
      vertex 34.6 6.86955 17.6469
      vertex 34.6 6.88637 17.6965
    endloop
  endfacet
  facet normal -1 0 0
    outer loop
      vertex 34.6 38.0761 16.3673
      vertex 34.6 6.84641 17.6
      vertex 34.6 6.86955 17.6469
    endloop
  endfacet
  facet normal -1 0 0
    outer loop
      vertex 34.6 38.134 16.25
      vertex 34.6 6.81734 17.5565
      vertex 34.6 6.84641 17.6
    endloop
  endfacet
  facet normal -1 0 0
    outer loop
      vertex 34.6 38.2066 16.1412
      vertex 34.6 6.78284 17.5172
      vertex 34.6 6.81734 17.5565
    endloop
  endfacet
  facet normal -1 0 0
    outer loop
      vertex 34.6 38.2929 16.0429
      vertex 34.6 6.7435 17.4827
      vertex 34.6 6.78284 17.5172
    endloop
  endfacet
  facet normal -1 0 0
    outer loop
      vertex 34.6 38.3912 15.9566
      vertex 34.6 6.7 17.4536
      vertex 34.6 6.7435 17.4827
    endloop
  endfacet
  facet normal -1 0 0
    outer loop
      vertex 34.6 38.5 15.884
      vertex 34.6 6.65308 17.4305
      vertex 34.6 6.7 17.4536
    endloop
  endfacet
  facet normal -1 0 0
    outer loop
      vertex 34.6 38.6173 15.8261
      vertex 34.6 6.60353 17.4136
      vertex 34.6 6.65308 17.4305
    endloop
  endfacet
  facet normal -1 0 0
    outer loop
      vertex 34.6 38.7412 15.7841
      vertex 34.6 6.60353 17.4136
      vertex 34.6 38.6173 15.8261
    endloop
  endfacet
  facet normal -1 0 0
    outer loop
      vertex 34.6 70 2.2
      vertex 34.6 6.5 17.4
      vertex 34.6 6.55222 17.4034
    endloop
  endfacet
  facet normal -1 0 0
    outer loop
      vertex 34.6 70 2.2
      vertex 34.6 -6.5 17.4
      vertex 34.6 6.5 17.4
    endloop
  endfacet
  facet normal -1 0 0
    outer loop
      vertex 34.6 -70 2.2
      vertex 34.6 -6.5 17.4
      vertex 34.6 70 2.2
    endloop
  endfacet
  facet normal -1 0 0
    outer loop
      vertex 34.6 -6.89658 17.7478
      vertex 34.6 -70 23.6
      vertex 34.6 -6.89999 17.8
    endloop
  endfacet
  facet normal -1 0 0
    outer loop
      vertex 34.6 -70 23.6
      vertex 34.6 -6.89658 17.7478
      vertex 34.6 -70 2.2
    endloop
  endfacet
  facet normal -1 -0 0
    outer loop
      vertex 34.6 -6.88637 17.6965
      vertex 34.6 -70 2.2
      vertex 34.6 -6.89658 17.7478
    endloop
  endfacet
  facet normal -1 -0 0
    outer loop
      vertex 34.6 -6.86955 17.6469
      vertex 34.6 -70 2.2
      vertex 34.6 -6.88637 17.6965
    endloop
  endfacet
  facet normal -1 -0 0
    outer loop
      vertex 34.6 -6.84641 17.6
      vertex 34.6 -70 2.2
      vertex 34.6 -6.86955 17.6469
    endloop
  endfacet
  facet normal -1 -0 0
    outer loop
      vertex 34.6 -6.81734 17.5565
      vertex 34.6 -70 2.2
      vertex 34.6 -6.84641 17.6
    endloop
  endfacet
  facet normal -1 -0 0
    outer loop
      vertex 34.6 -6.78284 17.5172
      vertex 34.6 -70 2.2
      vertex 34.6 -6.81734 17.5565
    endloop
  endfacet
  facet normal -1 -0 0
    outer loop
      vertex 34.6 -6.7435 17.4827
      vertex 34.6 -70 2.2
      vertex 34.6 -6.78284 17.5172
    endloop
  endfacet
  facet normal -1 -0 0
    outer loop
      vertex 34.6 -6.7 17.4536
      vertex 34.6 -70 2.2
      vertex 34.6 -6.7435 17.4827
    endloop
  endfacet
  facet normal -1 -0 0
    outer loop
      vertex 34.6 -6.65308 17.4305
      vertex 34.6 -70 2.2
      vertex 34.6 -6.7 17.4536
    endloop
  endfacet
  facet normal -1 -0 0
    outer loop
      vertex 34.6 -6.60353 17.4136
      vertex 34.6 -70 2.2
      vertex 34.6 -6.65308 17.4305
    endloop
  endfacet
  facet normal -1 -0 0
    outer loop
      vertex 34.6 -6.55222 17.4034
      vertex 34.6 -70 2.2
      vertex 34.6 -6.60353 17.4136
    endloop
  endfacet
  facet normal -1 -0 0
    outer loop
      vertex 34.6 -6.5 17.4
      vertex 34.6 -70 2.2
      vertex 34.6 -6.55222 17.4034
    endloop
  endfacet
  facet normal -1 0 0
    outer loop
      vertex 34.6 50 21.25
      vertex 34.6 70 23.6
      vertex 34.6 50 16.75
    endloop
  endfacet
  facet normal -1 0 0
    outer loop
      vertex 34.6 49.9914 21.3805
      vertex 34.6 70 23.6
      vertex 34.6 50 21.25
    endloop
  endfacet
  facet normal -1 0 0
    outer loop
      vertex 34.6 49.9659 21.5088
      vertex 34.6 70 23.6
      vertex 34.6 49.9914 21.3805
    endloop
  endfacet
  facet normal -1 0 0
    outer loop
      vertex 34.6 49.9239 21.6327
      vertex 34.6 70 23.6
      vertex 34.6 49.9659 21.5088
    endloop
  endfacet
  facet normal -1 0 0
    outer loop
      vertex 34.6 49.866 21.75
      vertex 34.6 70 23.6
      vertex 34.6 49.9239 21.6327
    endloop
  endfacet
  facet normal -1 0 0
    outer loop
      vertex 34.6 49.7934 21.8588
      vertex 34.6 70 23.6
      vertex 34.6 49.866 21.75
    endloop
  endfacet
  facet normal -1 0 0
    outer loop
      vertex 34.6 49.7071 21.9571
      vertex 34.6 70 23.6
      vertex 34.6 49.7934 21.8588
    endloop
  endfacet
  facet normal -1 0 0
    outer loop
      vertex 34.6 49.6088 22.0434
      vertex 34.6 70 23.6
      vertex 34.6 49.7071 21.9571
    endloop
  endfacet
  facet normal -1 0 0
    outer loop
      vertex 34.6 49.5 22.116
      vertex 34.6 70 23.6
      vertex 34.6 49.6088 22.0434
    endloop
  endfacet
  facet normal -1 0 0
    outer loop
      vertex 34.6 49.3827 22.1739
      vertex 34.6 70 23.6
      vertex 34.6 49.5 22.116
    endloop
  endfacet
  facet normal -1 0 0
    outer loop
      vertex 34.6 49.2588 22.2159
      vertex 34.6 70 23.6
      vertex 34.6 49.3827 22.1739
    endloop
  endfacet
  facet normal -1 0 0
    outer loop
      vertex 34.6 49.1305 22.2414
      vertex 34.6 70 23.6
      vertex 34.6 49.2588 22.2159
    endloop
  endfacet
  facet normal -1 0 0
    outer loop
      vertex 34.6 49 22.25
      vertex 34.6 70 23.6
      vertex 34.6 49.1305 22.2414
    endloop
  endfacet
  facet normal -1 0 0
    outer loop
      vertex 34.6 39 22.25
      vertex 34.6 70 23.6
      vertex 34.6 49 22.25
    endloop
  endfacet
  facet normal -1 0 0
    outer loop
      vertex 34.6 38 16.75
      vertex 34.6 6.89999 19.6
      vertex 34.6 38 21.25
    endloop
  endfacet
  facet normal -1 0 0
    outer loop
      vertex 34.6 6.89658 19.6522
      vertex 34.6 38 21.25
      vertex 34.6 6.89999 19.6
    endloop
  endfacet
  facet normal -1 -0 0
    outer loop
      vertex 34.6 38 21.25
      vertex 34.6 6.89658 19.6522
      vertex 34.6 38.0086 21.3805
    endloop
  endfacet
  facet normal -1 0 0
    outer loop
      vertex 34.6 6.88637 19.7035
      vertex 34.6 38.0086 21.3805
      vertex 34.6 6.89658 19.6522
    endloop
  endfacet
  facet normal -1 -0 0
    outer loop
      vertex 34.6 38.0086 21.3805
      vertex 34.6 6.88637 19.7035
      vertex 34.6 38.0341 21.5088
    endloop
  endfacet
  facet normal -1 0 0
    outer loop
      vertex 34.6 6.86955 19.7531
      vertex 34.6 38.0341 21.5088
      vertex 34.6 6.88637 19.7035
    endloop
  endfacet
  facet normal -1 -0 0
    outer loop
      vertex 34.6 38.0341 21.5088
      vertex 34.6 6.86955 19.7531
      vertex 34.6 38.0761 21.6327
    endloop
  endfacet
  facet normal -1 0 0
    outer loop
      vertex 34.6 6.84641 19.8
      vertex 34.6 38.0761 21.6327
      vertex 34.6 6.86955 19.7531
    endloop
  endfacet
  facet normal -1 -0 0
    outer loop
      vertex 34.6 38.0761 21.6327
      vertex 34.6 6.84641 19.8
      vertex 34.6 38.134 21.75
    endloop
  endfacet
  facet normal -1 0 0
    outer loop
      vertex 34.6 6.81734 19.8435
      vertex 34.6 38.134 21.75
      vertex 34.6 6.84641 19.8
    endloop
  endfacet
  facet normal -1 -0 0
    outer loop
      vertex 34.6 38.134 21.75
      vertex 34.6 6.81734 19.8435
      vertex 34.6 38.2066 21.8588
    endloop
  endfacet
  facet normal -1 0 0
    outer loop
      vertex 34.6 6.78284 19.8828
      vertex 34.6 38.2066 21.8588
      vertex 34.6 6.81734 19.8435
    endloop
  endfacet
  facet normal -1 -0 0
    outer loop
      vertex 34.6 38.2066 21.8588
      vertex 34.6 6.78284 19.8828
      vertex 34.6 38.2929 21.9571
    endloop
  endfacet
  facet normal -1 0 0
    outer loop
      vertex 34.6 6.7435 19.9173
      vertex 34.6 38.2929 21.9571
      vertex 34.6 6.78284 19.8828
    endloop
  endfacet
  facet normal -1 -0 0
    outer loop
      vertex 34.6 38.2929 21.9571
      vertex 34.6 6.7435 19.9173
      vertex 34.6 38.3912 22.0434
    endloop
  endfacet
  facet normal -1 0 0
    outer loop
      vertex 34.6 6.7 19.9464
      vertex 34.6 38.3912 22.0434
      vertex 34.6 6.7435 19.9173
    endloop
  endfacet
  facet normal -1 -0 0
    outer loop
      vertex 34.6 38.3912 22.0434
      vertex 34.6 6.7 19.9464
      vertex 34.6 38.5 22.116
    endloop
  endfacet
  facet normal -1 0 0
    outer loop
      vertex 34.6 6.65308 19.9695
      vertex 34.6 38.5 22.116
      vertex 34.6 6.7 19.9464
    endloop
  endfacet
  facet normal -1 -0 0
    outer loop
      vertex 34.6 38.5 22.116
      vertex 34.6 6.65308 19.9695
      vertex 34.6 38.6173 22.1739
    endloop
  endfacet
  facet normal -1 0 0
    outer loop
      vertex 34.6 6.60353 19.9864
      vertex 34.6 38.6173 22.1739
      vertex 34.6 6.65308 19.9695
    endloop
  endfacet
  facet normal -1 -0 0
    outer loop
      vertex 34.6 38.6173 22.1739
      vertex 34.6 6.60353 19.9864
      vertex 34.6 38.7412 22.2159
    endloop
  endfacet
  facet normal -1 0 0
    outer loop
      vertex 34.6 6.55222 19.9966
      vertex 34.6 38.7412 22.2159
      vertex 34.6 6.60353 19.9864
    endloop
  endfacet
  facet normal -1 -0 0
    outer loop
      vertex 34.6 38.7412 22.2159
      vertex 34.6 6.55222 19.9966
      vertex 34.6 38.8695 22.2414
    endloop
  endfacet
  facet normal -1 0 0
    outer loop
      vertex 34.6 6.5 20
      vertex 34.6 38.8695 22.2414
      vertex 34.6 6.55222 19.9966
    endloop
  endfacet
  facet normal -1 0 0
    outer loop
      vertex 34.6 -6.5 20
      vertex 34.6 38.8695 22.2414
      vertex 34.6 6.5 20
    endloop
  endfacet
  facet normal -1 0 0
    outer loop
      vertex 34.6 -70 23.6
      vertex 34.6 38.8695 22.2414
      vertex 34.6 -6.5 20
    endloop
  endfacet
  facet normal -1 0 0
    outer loop
      vertex 34.6 -6.89999 17.8
      vertex 34.6 -70 23.6
      vertex 34.6 -6.89999 19.6
    endloop
  endfacet
  facet normal -1 0 0
    outer loop
      vertex 34.6 -6.89999 19.6
      vertex 34.6 -70 23.6
      vertex 34.6 -6.89658 19.6522
    endloop
  endfacet
  facet normal -1 0 0
    outer loop
      vertex 34.6 -6.89658 19.6522
      vertex 34.6 -70 23.6
      vertex 34.6 -6.88637 19.7035
    endloop
  endfacet
  facet normal -1 0 0
    outer loop
      vertex 34.6 -6.88637 19.7035
      vertex 34.6 -70 23.6
      vertex 34.6 -6.86955 19.7531
    endloop
  endfacet
  facet normal -1 0 0
    outer loop
      vertex 34.6 -6.86955 19.7531
      vertex 34.6 -70 23.6
      vertex 34.6 -6.84641 19.8
    endloop
  endfacet
  facet normal -1 0 0
    outer loop
      vertex 34.6 -6.84641 19.8
      vertex 34.6 -70 23.6
      vertex 34.6 -6.81734 19.8435
    endloop
  endfacet
  facet normal -1 0 0
    outer loop
      vertex 34.6 -6.81734 19.8435
      vertex 34.6 -70 23.6
      vertex 34.6 -6.78284 19.8828
    endloop
  endfacet
  facet normal -1 0 0
    outer loop
      vertex 34.6 -6.78284 19.8828
      vertex 34.6 -70 23.6
      vertex 34.6 -6.7435 19.9173
    endloop
  endfacet
  facet normal -1 0 0
    outer loop
      vertex 34.6 -6.7435 19.9173
      vertex 34.6 -70 23.6
      vertex 34.6 -6.7 19.9464
    endloop
  endfacet
  facet normal -1 0 0
    outer loop
      vertex 34.6 -6.7 19.9464
      vertex 34.6 -70 23.6
      vertex 34.6 -6.65308 19.9695
    endloop
  endfacet
  facet normal -1 0 0
    outer loop
      vertex 34.6 39 22.25
      vertex 34.6 -70 23.6
      vertex 34.6 70 23.6
    endloop
  endfacet
  facet normal -1 0 0
    outer loop
      vertex 34.6 38.8695 22.2414
      vertex 34.6 -70 23.6
      vertex 34.6 39 22.25
    endloop
  endfacet
  facet normal -1 0 0
    outer loop
      vertex 34.6 -6.55222 19.9966
      vertex 34.6 -70 23.6
      vertex 34.6 -6.5 20
    endloop
  endfacet
  facet normal -1 0 0
    outer loop
      vertex 34.6 -6.60353 19.9864
      vertex 34.6 -70 23.6
      vertex 34.6 -6.55222 19.9966
    endloop
  endfacet
  facet normal -1 0 0
    outer loop
      vertex 34.6 -6.65308 19.9695
      vertex 34.6 -70 23.6
      vertex 34.6 -6.60353 19.9864
    endloop
  endfacet
  facet normal -0.707107 0.707107 1.12286e-17
    outer loop
      vertex 30 -74.6 2.2
      vertex 34.6 -70 23.6
      vertex 34.6 -70 2.2
    endloop
  endfacet
  facet normal -0.707107 0.707107 1.12286e-17
    outer loop
      vertex 34.6 -70 23.6
      vertex 30 -74.6 2.2
      vertex 30 -74.6 23.6
    endloop
  endfacet
  facet normal 1 0 0
    outer loop
      vertex -34.6 70 2.2
      vertex -34.6 62.7436 10.0979
      vertex -34.6 62.75 10
    endloop
  endfacet
  facet normal 1 0 0
    outer loop
      vertex -34.6 62.6929 10.287
      vertex -34.6 70 23.6
      vertex -34.6 62.7391 17.5938
    endloop
  endfacet
  facet normal 1 0 0
    outer loop
      vertex -34.6 70 23.6
      vertex -34.6 62.7244 10.1941
      vertex -34.6 62.7436 10.0979
    endloop
  endfacet
  facet normal 1 0 0
    outer loop
      vertex -34.6 70 23.6
      vertex -34.6 62.6929 10.287
      vertex -34.6 62.7244 10.1941
    endloop
  endfacet
  facet normal 1 -0 0
    outer loop
      vertex -34.6 62.6928 17.5
      vertex -34.6 62.6929 10.287
      vertex -34.6 62.7391 17.5938
    endloop
  endfacet
  facet normal 1 0 0
    outer loop
      vertex -34.6 62.6928 17.5
      vertex -34.6 62.6495 10.375
      vertex -34.6 62.6929 10.287
    endloop
  endfacet
  facet normal 1 -0 0
    outer loop
      vertex -34.6 62.6347 17.413
      vertex -34.6 62.6495 10.375
      vertex -34.6 62.6928 17.5
    endloop
  endfacet
  facet normal 1 0 0
    outer loop
      vertex -34.6 62.6347 17.413
      vertex -34.6 62.595 10.4566
      vertex -34.6 62.6495 10.375
    endloop
  endfacet
  facet normal 1 -0 0
    outer loop
      vertex -34.6 62.5657 17.3343
      vertex -34.6 62.595 10.4566
      vertex -34.6 62.6347 17.413
    endloop
  endfacet
  facet normal 1 0 0
    outer loop
      vertex -34.6 62.5657 17.3343
      vertex -34.6 62.5303 10.5303
      vertex -34.6 62.595 10.4566
    endloop
  endfacet
  facet normal 1 -0 0
    outer loop
      vertex -34.6 62.487 17.2653
      vertex -34.6 62.5303 10.5303
      vertex -34.6 62.5657 17.3343
    endloop
  endfacet
  facet normal 1 0 0
    outer loop
      vertex -34.6 62.487 17.2653
      vertex -34.6 62.4566 10.595
      vertex -34.6 62.5303 10.5303
    endloop
  endfacet
  facet normal 1 -0 0
    outer loop
      vertex -34.6 62.4 17.2072
      vertex -34.6 62.4566 10.595
      vertex -34.6 62.487 17.2653
    endloop
  endfacet
  facet normal 1 0 0
    outer loop
      vertex -34.6 62.4 17.2072
      vertex -34.6 62.375 10.6495
      vertex -34.6 62.4566 10.595
    endloop
  endfacet
  facet normal 1 -0 0
    outer loop
      vertex -34.6 62.3062 17.1609
      vertex -34.6 62.375 10.6495
      vertex -34.6 62.4 17.2072
    endloop
  endfacet
  facet normal 1 0 0
    outer loop
      vertex -34.6 62.3062 17.1609
      vertex -34.6 62.287 10.6929
      vertex -34.6 62.375 10.6495
    endloop
  endfacet
  facet normal 1 -0 0
    outer loop
      vertex -34.6 62.2071 17.1273
      vertex -34.6 62.287 10.6929
      vertex -34.6 62.3062 17.1609
    endloop
  endfacet
  facet normal 1 0 0
    outer loop
      vertex -34.6 62.2071 17.1273
      vertex -34.6 62.1941 10.7244
      vertex -34.6 62.287 10.6929
    endloop
  endfacet
  facet normal 1 -0 0
    outer loop
      vertex -34.6 62.1044 17.1068
      vertex -34.6 62.1941 10.7244
      vertex -34.6 62.2071 17.1273
    endloop
  endfacet
  facet normal 1 0 0
    outer loop
      vertex -34.6 62.1044 17.1068
      vertex -34.6 62.0979 10.7436
      vertex -34.6 62.1941 10.7244
    endloop
  endfacet
  facet normal 1 -0 0
    outer loop
      vertex -34.6 62 17.1
      vertex -34.6 62.0979 10.7436
      vertex -34.6 62.1044 17.1068
    endloop
  endfacet
  facet normal 1 0 0
    outer loop
      vertex -34.6 62 17.1
      vertex -34.6 62 10.75
      vertex -34.6 62.0979 10.7436
    endloop
  endfacet
  facet normal 1 0 0
    outer loop
      vertex -34.6 62 17.1
      vertex -34.6 61.9021 10.7436
      vertex -34.6 62 10.75
    endloop
  endfacet
  facet normal 1 0 0
    outer loop
      vertex -34.6 62 17.1
      vertex -34.6 61.8059 10.7244
      vertex -34.6 61.9021 10.7436
    endloop
  endfacet
  facet normal 1 0 0
    outer loop
      vertex -34.6 62 17.1
      vertex -34.6 61.713 10.6929
      vertex -34.6 61.8059 10.7244
    endloop
  endfacet
  facet normal 1 0 0
    outer loop
      vertex -34.6 59.287 10.6929
      vertex -34.6 61.713 10.6929
      vertex -34.6 62 17.1
    endloop
  endfacet
  facet normal 1 0 0
    outer loop
      vertex -34.6 61.713 10.6929
      vertex -34.6 59.287 10.6929
      vertex -34.6 61.625 10.6495
    endloop
  endfacet
  facet normal 1 0 -0
    outer loop
      vertex -34.6 59.375 10.6495
      vertex -34.6 61.625 10.6495
      vertex -34.6 59.287 10.6929
    endloop
  endfacet
  facet normal 1 0 0
    outer loop
      vertex -34.6 61.625 10.6495
      vertex -34.6 59.375 10.6495
      vertex -34.6 61.5434 10.595
    endloop
  endfacet
  facet normal 1 0 -0
    outer loop
      vertex -34.6 59.4566 10.595
      vertex -34.6 61.5434 10.595
      vertex -34.6 59.375 10.6495
    endloop
  endfacet
  facet normal 1 0 0
    outer loop
      vertex -34.6 61.5434 10.595
      vertex -34.6 59.4566 10.595
      vertex -34.6 61.4697 10.5303
    endloop
  endfacet
  facet normal 1 0 0
    outer loop
      vertex -34.6 61.4697 10.5303
      vertex -34.6 59.5303 10.5303
      vertex -34.6 61.405 10.4566
    endloop
  endfacet
  facet normal 1 0 -0
    outer loop
      vertex -34.6 59.595 10.4566
      vertex -34.6 61.405 10.4566
      vertex -34.6 59.5303 10.5303
    endloop
  endfacet
  facet normal 1 0 0
    outer loop
      vertex -34.6 61.2564 10.0979
      vertex -34.6 59.75 10
      vertex -34.6 61.25 10
    endloop
  endfacet
  facet normal 1 0 0
    outer loop
      vertex -34.6 61.405 10.4566
      vertex -34.6 59.595 10.4566
      vertex -34.6 61.3505 10.375
    endloop
  endfacet
  facet normal 1 0 0
    outer loop
      vertex -34.6 61.2564 10.0979
      vertex -34.6 59.7436 10.0979
      vertex -34.6 59.75 10
    endloop
  endfacet
  facet normal 1 0 0
    outer loop
      vertex -34.6 61.2564 10.0979
      vertex -34.6 59.7244 10.1941
      vertex -34.6 59.7436 10.0979
    endloop
  endfacet
  facet normal 1 0 0
    outer loop
      vertex -34.6 61.2756 10.1941
      vertex -34.6 59.7244 10.1941
      vertex -34.6 61.2564 10.0979
    endloop
  endfacet
  facet normal 1 0 -0
    outer loop
      vertex -34.6 59.7244 10.1941
      vertex -34.6 61.2756 10.1941
      vertex -34.6 59.6929 10.287
    endloop
  endfacet
  facet normal 1 0 0
    outer loop
      vertex -34.6 61.3071 10.287
      vertex -34.6 59.6929 10.287
      vertex -34.6 61.2756 10.1941
    endloop
  endfacet
  facet normal 1 0 -0
    outer loop
      vertex -34.6 59.6929 10.287
      vertex -34.6 61.3071 10.287
      vertex -34.6 59.6495 10.375
    endloop
  endfacet
  facet normal 1 0 0
    outer loop
      vertex -34.6 61.3505 10.375
      vertex -34.6 59.6495 10.375
      vertex -34.6 61.3071 10.287
    endloop
  endfacet
  facet normal 1 0 -0
    outer loop
      vertex -34.6 59.6495 10.375
      vertex -34.6 61.3505 10.375
      vertex -34.6 59.595 10.4566
    endloop
  endfacet
  facet normal 1 0 -0
    outer loop
      vertex -34.6 59.5303 10.5303
      vertex -34.6 61.4697 10.5303
      vertex -34.6 59.4566 10.595
    endloop
  endfacet
  facet normal 1 0 0
    outer loop
      vertex -34.6 62 17.1
      vertex -34.6 59.1941 10.7244
      vertex -34.6 59.287 10.6929
    endloop
  endfacet
  facet normal 1 0 0
    outer loop
      vertex -34.6 62 17.1
      vertex -34.6 59.0979 10.7436
      vertex -34.6 59.1941 10.7244
    endloop
  endfacet
  facet normal 1 0 0
    outer loop
      vertex -34.6 62 17.1
      vertex -34.6 59 10.75
      vertex -34.6 59.0979 10.7436
    endloop
  endfacet
  facet normal 1 -0 0
    outer loop
      vertex -34.6 56 17.1
      vertex -34.6 59 10.75
      vertex -34.6 62 17.1
    endloop
  endfacet
  facet normal 1 0 0
    outer loop
      vertex -34.6 59 10.75
      vertex -34.6 56 17.1
      vertex -34.6 58.9021 10.7436
    endloop
  endfacet
  facet normal 1 0 0
    outer loop
      vertex -34.6 58.9021 10.7436
      vertex -34.6 56 17.1
      vertex -34.6 58.8059 10.7244
    endloop
  endfacet
  facet normal 1 0 0
    outer loop
      vertex -34.6 58.8059 10.7244
      vertex -34.6 56 17.1
      vertex -34.6 58.713 10.6929
    endloop
  endfacet
  facet normal 1 0 -0
    outer loop
      vertex -34.6 56.287 10.6929
      vertex -34.6 58.713 10.6929
      vertex -34.6 56 17.1
    endloop
  endfacet
  facet normal 1 0 0
    outer loop
      vertex -34.6 58.713 10.6929
      vertex -34.6 56.287 10.6929
      vertex -34.6 58.625 10.6495
    endloop
  endfacet
  facet normal 1 0 -0
    outer loop
      vertex -34.6 56.375 10.6495
      vertex -34.6 58.625 10.6495
      vertex -34.6 56.287 10.6929
    endloop
  endfacet
  facet normal 1 0 0
    outer loop
      vertex -34.6 58.625 10.6495
      vertex -34.6 56.375 10.6495
      vertex -34.6 58.5434 10.595
    endloop
  endfacet
  facet normal 1 0 0
    outer loop
      vertex -34.6 58.2564 10.0979
      vertex -34.6 56.75 10
      vertex -34.6 58.25 10
    endloop
  endfacet
  facet normal 1 0 0
    outer loop
      vertex -34.6 56.7436 10.0979
      vertex -34.6 58.2564 10.0979
      vertex -34.6 58.2756 10.1941
    endloop
  endfacet
  facet normal 1 0 0
    outer loop
      vertex -34.6 56.7244 10.1941
      vertex -34.6 58.2756 10.1941
      vertex -34.6 58.3071 10.287
    endloop
  endfacet
  facet normal 1 0 0
    outer loop
      vertex -34.6 56.6929 10.287
      vertex -34.6 58.3071 10.287
      vertex -34.6 58.3505 10.375
    endloop
  endfacet
  facet normal 1 0 -0
    outer loop
      vertex -34.6 56.4566 10.595
      vertex -34.6 58.5434 10.595
      vertex -34.6 56.375 10.6495
    endloop
  endfacet
  facet normal 1 0 0
    outer loop
      vertex -34.6 58.2564 10.0979
      vertex -34.6 56.7436 10.0979
      vertex -34.6 56.75 10
    endloop
  endfacet
  facet normal 1 0 0
    outer loop
      vertex -34.6 58.2756 10.1941
      vertex -34.6 56.7244 10.1941
      vertex -34.6 56.7436 10.0979
    endloop
  endfacet
  facet normal 1 0 0
    outer loop
      vertex -34.6 58.3071 10.287
      vertex -34.6 56.6929 10.287
      vertex -34.6 56.7244 10.1941
    endloop
  endfacet
  facet normal 1 0 0
    outer loop
      vertex -34.6 58.3505 10.375
      vertex -34.6 56.6495 10.375
      vertex -34.6 56.6929 10.287
    endloop
  endfacet
  facet normal 1 0 0
    outer loop
      vertex -34.6 58.3505 10.375
      vertex -34.6 56.595 10.4566
      vertex -34.6 56.6495 10.375
    endloop
  endfacet
  facet normal 1 0 0
    outer loop
      vertex -34.6 58.405 10.4566
      vertex -34.6 56.595 10.4566
      vertex -34.6 58.3505 10.375
    endloop
  endfacet
  facet normal 1 0 -0
    outer loop
      vertex -34.6 56.595 10.4566
      vertex -34.6 58.405 10.4566
      vertex -34.6 56.5303 10.5303
    endloop
  endfacet
  facet normal 1 0 0
    outer loop
      vertex -34.6 58.5434 10.595
      vertex -34.6 56.4566 10.595
      vertex -34.6 58.4697 10.5303
    endloop
  endfacet
  facet normal 1 0 0
    outer loop
      vertex -34.6 58.4697 10.5303
      vertex -34.6 56.5303 10.5303
      vertex -34.6 58.405 10.4566
    endloop
  endfacet
  facet normal 1 0 -0
    outer loop
      vertex -34.6 56.5303 10.5303
      vertex -34.6 58.4697 10.5303
      vertex -34.6 56.4566 10.595
    endloop
  endfacet
  facet normal 1 0 0
    outer loop
      vertex -34.6 56.287 10.6929
      vertex -34.6 56 17.1
      vertex -34.6 56.1941 10.7244
    endloop
  endfacet
  facet normal 1 0 0
    outer loop
      vertex -34.6 56.1941 10.7244
      vertex -34.6 56 17.1
      vertex -34.6 56.0979 10.7436
    endloop
  endfacet
  facet normal 1 0 0
    outer loop
      vertex -34.6 56 17.1
      vertex -34.6 56 10.75
      vertex -34.6 56.0979 10.7436
    endloop
  endfacet
  facet normal 1 0 0
    outer loop
      vertex -34.6 56 17.1
      vertex -34.6 55.9021 10.7436
      vertex -34.6 56 10.75
    endloop
  endfacet
  facet normal 1 0 0
    outer loop
      vertex -34.6 55.8956 17.1068
      vertex -34.6 55.9021 10.7436
      vertex -34.6 56 17.1
    endloop
  endfacet
  facet normal 1 0 0
    outer loop
      vertex -34.6 55.8956 17.1068
      vertex -34.6 55.8059 10.7244
      vertex -34.6 55.9021 10.7436
    endloop
  endfacet
  facet normal 1 0 0
    outer loop
      vertex -34.6 55.7929 17.1273
      vertex -34.6 55.8059 10.7244
      vertex -34.6 55.8956 17.1068
    endloop
  endfacet
  facet normal 1 0 0
    outer loop
      vertex -34.6 55.7929 17.1273
      vertex -34.6 55.713 10.6929
      vertex -34.6 55.8059 10.7244
    endloop
  endfacet
  facet normal 1 0 0
    outer loop
      vertex -34.6 55.6938 17.1609
      vertex -34.6 55.713 10.6929
      vertex -34.6 55.7929 17.1273
    endloop
  endfacet
  facet normal 1 0 0
    outer loop
      vertex -34.6 55.6938 17.1609
      vertex -34.6 55.625 10.6495
      vertex -34.6 55.713 10.6929
    endloop
  endfacet
  facet normal 1 0 0
    outer loop
      vertex -34.6 55.6 17.2072
      vertex -34.6 55.625 10.6495
      vertex -34.6 55.6938 17.1609
    endloop
  endfacet
  facet normal 1 0 0
    outer loop
      vertex -34.6 55.6 17.2072
      vertex -34.6 55.5434 10.595
      vertex -34.6 55.625 10.6495
    endloop
  endfacet
  facet normal 1 0 0
    outer loop
      vertex -34.6 55.513 17.2653
      vertex -34.6 55.5434 10.595
      vertex -34.6 55.6 17.2072
    endloop
  endfacet
  facet normal 1 0 0
    outer loop
      vertex -34.6 55.513 17.2653
      vertex -34.6 55.4697 10.5303
      vertex -34.6 55.5434 10.595
    endloop
  endfacet
  facet normal 1 0 0
    outer loop
      vertex -34.6 55.4343 17.3343
      vertex -34.6 55.4697 10.5303
      vertex -34.6 55.513 17.2653
    endloop
  endfacet
  facet normal 1 0 0
    outer loop
      vertex -34.6 55.4343 17.3343
      vertex -34.6 55.405 10.4566
      vertex -34.6 55.4697 10.5303
    endloop
  endfacet
  facet normal 1 0 0
    outer loop
      vertex -34.6 55.3653 17.413
      vertex -34.6 55.405 10.4566
      vertex -34.6 55.4343 17.3343
    endloop
  endfacet
  facet normal 1 0 0
    outer loop
      vertex -34.6 55.3653 17.413
      vertex -34.6 55.3505 10.375
      vertex -34.6 55.405 10.4566
    endloop
  endfacet
  facet normal 1 0 0
    outer loop
      vertex -34.6 55.3072 17.5
      vertex -34.6 55.3505 10.375
      vertex -34.6 55.3653 17.413
    endloop
  endfacet
  facet normal 1 0 0
    outer loop
      vertex -34.6 55.3072 17.5
      vertex -34.6 55.3071 10.287
      vertex -34.6 55.3505 10.375
    endloop
  endfacet
  facet normal 1 0 0
    outer loop
      vertex -34.6 55.2609 17.5938
      vertex -34.6 55.3071 10.287
      vertex -34.6 55.3072 17.5
    endloop
  endfacet
  facet normal 1 0 0
    outer loop
      vertex -34.6 55.3071 10.287
      vertex -34.6 55.2609 17.5938
      vertex -34.6 55.2756 10.1941
    endloop
  endfacet
  facet normal 1 0 0
    outer loop
      vertex -34.6 55.2273 17.6929
      vertex -34.6 55.2756 10.1941
      vertex -34.6 55.2609 17.5938
    endloop
  endfacet
  facet normal 1 0 0
    outer loop
      vertex -34.6 55.2756 10.1941
      vertex -34.6 55.2273 17.6929
      vertex -34.6 55.2564 10.0979
    endloop
  endfacet
  facet normal 1 0 0
    outer loop
      vertex -34.6 55.2068 17.7956
      vertex -34.6 55.2564 10.0979
      vertex -34.6 55.2273 17.6929
    endloop
  endfacet
  facet normal 1 0 0
    outer loop
      vertex -34.6 62.8 17.9
      vertex -34.6 70 23.6
      vertex -34.6 62.8 20.9
    endloop
  endfacet
  facet normal 1 0 0
    outer loop
      vertex -34.6 70 23.6
      vertex -34.6 62.7932 21.0044
      vertex -34.6 62.8 20.9
    endloop
  endfacet
  facet normal 1 0 0
    outer loop
      vertex -34.6 70 23.6
      vertex -34.6 62.7727 21.1071
      vertex -34.6 62.7932 21.0044
    endloop
  endfacet
  facet normal 1 0 0
    outer loop
      vertex -34.6 70 23.6
      vertex -34.6 62.7391 21.2062
      vertex -34.6 62.7727 21.1071
    endloop
  endfacet
  facet normal 1 0 0
    outer loop
      vertex -34.6 70 23.6
      vertex -34.6 62.6928 21.3
      vertex -34.6 62.7391 21.2062
    endloop
  endfacet
  facet normal 1 0 0
    outer loop
      vertex -34.6 70 23.6
      vertex -34.6 62.6347 21.387
      vertex -34.6 62.6928 21.3
    endloop
  endfacet
  facet normal 1 0 0
    outer loop
      vertex -34.6 70 23.6
      vertex -34.6 62.5657 21.4657
      vertex -34.6 62.6347 21.387
    endloop
  endfacet
  facet normal 1 0 0
    outer loop
      vertex -34.6 70 23.6
      vertex -34.6 62.487 21.5347
      vertex -34.6 62.5657 21.4657
    endloop
  endfacet
  facet normal 1 0 0
    outer loop
      vertex -34.6 70 23.6
      vertex -34.6 62.4 21.5928
      vertex -34.6 62.487 21.5347
    endloop
  endfacet
  facet normal 1 0 0
    outer loop
      vertex -34.6 70 23.6
      vertex -34.6 62.3062 21.6391
      vertex -34.6 62.4 21.5928
    endloop
  endfacet
  facet normal 1 0 0
    outer loop
      vertex -34.6 70 23.6
      vertex -34.6 62.2071 21.6727
      vertex -34.6 62.3062 21.6391
    endloop
  endfacet
  facet normal 1 0 0
    outer loop
      vertex -34.6 70 23.6
      vertex -34.6 62.1044 21.6932
      vertex -34.6 62.2071 21.6727
    endloop
  endfacet
  facet normal 1 0 0
    outer loop
      vertex -34.6 70 23.6
      vertex -34.6 62 21.7
      vertex -34.6 62.1044 21.6932
    endloop
  endfacet
  facet normal 1 0 0
    outer loop
      vertex -34.6 70 23.6
      vertex -34.6 56 21.7
      vertex -34.6 62 21.7
    endloop
  endfacet
  facet normal 1 0 0
    outer loop
      vertex -34.6 70 23.6
      vertex -34.6 55.8956 21.6932
      vertex -34.6 56 21.7
    endloop
  endfacet
  facet normal 1 0 0
    outer loop
      vertex -34.6 55.2 20.9
      vertex -34.6 -70 23.6
      vertex -34.6 55.2 17.9
    endloop
  endfacet
  facet normal 1 0 0
    outer loop
      vertex -34.6 55.2068 21.0044
      vertex -34.6 -70 23.6
      vertex -34.6 55.2 20.9
    endloop
  endfacet
  facet normal 1 0 0
    outer loop
      vertex -34.6 55.2273 21.1071
      vertex -34.6 -70 23.6
      vertex -34.6 55.2068 21.0044
    endloop
  endfacet
  facet normal 1 0 0
    outer loop
      vertex -34.6 55.2609 21.2062
      vertex -34.6 -70 23.6
      vertex -34.6 55.2273 21.1071
    endloop
  endfacet
  facet normal 1 0 0
    outer loop
      vertex -34.6 55.3072 21.3
      vertex -34.6 -70 23.6
      vertex -34.6 55.2609 21.2062
    endloop
  endfacet
  facet normal 1 0 0
    outer loop
      vertex -34.6 55.3653 21.387
      vertex -34.6 -70 23.6
      vertex -34.6 55.3072 21.3
    endloop
  endfacet
  facet normal 1 0 0
    outer loop
      vertex -34.6 55.4343 21.4657
      vertex -34.6 -70 23.6
      vertex -34.6 55.3653 21.387
    endloop
  endfacet
  facet normal 1 0 0
    outer loop
      vertex -34.6 55.513 21.5347
      vertex -34.6 -70 23.6
      vertex -34.6 55.4343 21.4657
    endloop
  endfacet
  facet normal 1 0 0
    outer loop
      vertex -34.6 55.6 21.5928
      vertex -34.6 -70 23.6
      vertex -34.6 55.513 21.5347
    endloop
  endfacet
  facet normal 1 0 0
    outer loop
      vertex -34.6 55.6938 21.6391
      vertex -34.6 -70 23.6
      vertex -34.6 55.6 21.5928
    endloop
  endfacet
  facet normal 1 0 0
    outer loop
      vertex -34.6 55.7929 21.6727
      vertex -34.6 -70 23.6
      vertex -34.6 55.6938 21.6391
    endloop
  endfacet
  facet normal 1 0 0
    outer loop
      vertex -34.6 55.8956 21.6932
      vertex -34.6 -70 23.6
      vertex -34.6 55.7929 21.6727
    endloop
  endfacet
  facet normal 1 -0 0
    outer loop
      vertex -34.6 -70 23.6
      vertex -34.6 55.8956 21.6932
      vertex -34.6 70 23.6
    endloop
  endfacet
  facet normal 1 0 0
    outer loop
      vertex -34.6 62.7932 17.7956
      vertex -34.6 70 23.6
      vertex -34.6 62.8 17.9
    endloop
  endfacet
  facet normal 1 0 0
    outer loop
      vertex -34.6 62.7727 17.6929
      vertex -34.6 70 23.6
      vertex -34.6 62.7932 17.7956
    endloop
  endfacet
  facet normal 1 0 0
    outer loop
      vertex -34.6 62.7391 17.5938
      vertex -34.6 70 23.6
      vertex -34.6 62.7727 17.6929
    endloop
  endfacet
  facet normal 1 -0 0
    outer loop
      vertex -34.6 62.7436 10.0979
      vertex -34.6 70 2.2
      vertex -34.6 70 23.6
    endloop
  endfacet
  facet normal 1 -0 0
    outer loop
      vertex -34.6 62.7436 9.90211
      vertex -34.6 70 2.2
      vertex -34.6 62.75 10
    endloop
  endfacet
  facet normal 1 -0 0
    outer loop
      vertex -34.6 62.7244 9.80589
      vertex -34.6 70 2.2
      vertex -34.6 62.7436 9.90211
    endloop
  endfacet
  facet normal 1 -0 0
    outer loop
      vertex -34.6 62.6929 9.71299
      vertex -34.6 70 2.2
      vertex -34.6 62.7244 9.80589
    endloop
  endfacet
  facet normal 1 -0 0
    outer loop
      vertex -34.6 62.6495 9.625
      vertex -34.6 70 2.2
      vertex -34.6 62.6929 9.71299
    endloop
  endfacet
  facet normal 1 -0 0
    outer loop
      vertex -34.6 62.595 9.54343
      vertex -34.6 70 2.2
      vertex -34.6 62.6495 9.625
    endloop
  endfacet
  facet normal 1 -0 0
    outer loop
      vertex -34.6 62.5303 9.46967
      vertex -34.6 70 2.2
      vertex -34.6 62.595 9.54343
    endloop
  endfacet
  facet normal 1 -0 0
    outer loop
      vertex -34.6 62.4566 9.40498
      vertex -34.6 70 2.2
      vertex -34.6 62.5303 9.46967
    endloop
  endfacet
  facet normal 1 -0 0
    outer loop
      vertex -34.6 62.375 9.35048
      vertex -34.6 70 2.2
      vertex -34.6 62.4566 9.40498
    endloop
  endfacet
  facet normal 1 -0 0
    outer loop
      vertex -34.6 62.287 9.30709
      vertex -34.6 70 2.2
      vertex -34.6 62.375 9.35048
    endloop
  endfacet
  facet normal 1 -0 0
    outer loop
      vertex -34.6 62.1941 9.27556
      vertex -34.6 70 2.2
      vertex -34.6 62.287 9.30709
    endloop
  endfacet
  facet normal 1 -0 0
    outer loop
      vertex -34.6 62.0979 9.25642
      vertex -34.6 70 2.2
      vertex -34.6 62.1941 9.27556
    endloop
  endfacet
  facet normal 1 -0 0
    outer loop
      vertex -34.6 62 9.25
      vertex -34.6 70 2.2
      vertex -34.6 62.0979 9.25642
    endloop
  endfacet
  facet normal 1 0 0
    outer loop
      vertex -34.6 61.9021 9.25642
      vertex -34.6 70 2.2
      vertex -34.6 62 9.25
    endloop
  endfacet
  facet normal 1 0 0
    outer loop
      vertex -34.6 59.0979 9.25642
      vertex -34.6 61.9021 9.25642
      vertex -34.6 61.8059 9.27556
    endloop
  endfacet
  facet normal 1 0 0
    outer loop
      vertex -34.6 59.1941 9.27556
      vertex -34.6 61.8059 9.27556
      vertex -34.6 61.713 9.30709
    endloop
  endfacet
  facet normal 1 0 0
    outer loop
      vertex -34.6 59.287 9.30709
      vertex -34.6 61.713 9.30709
      vertex -34.6 61.625 9.35048
    endloop
  endfacet
  facet normal 1 0 0
    outer loop
      vertex -34.6 59.375 9.35048
      vertex -34.6 61.625 9.35048
      vertex -34.6 61.5434 9.40498
    endloop
  endfacet
  facet normal 1 -0 0
    outer loop
      vertex -34.6 59.75 10
      vertex -34.6 61.2564 9.90211
      vertex -34.6 61.25 10
    endloop
  endfacet
  facet normal 1 0 0
    outer loop
      vertex -34.6 59.7436 9.90211
      vertex -34.6 61.2564 9.90211
      vertex -34.6 59.75 10
    endloop
  endfacet
  facet normal 1 0 0
    outer loop
      vertex -34.6 61.2564 9.90211
      vertex -34.6 59.7436 9.90211
      vertex -34.6 61.2756 9.80589
    endloop
  endfacet
  facet normal 1 0 0
    outer loop
      vertex -34.6 59.7244 9.80589
      vertex -34.6 61.2756 9.80589
      vertex -34.6 59.7436 9.90211
    endloop
  endfacet
  facet normal 1 0 0
    outer loop
      vertex -34.6 61.2756 9.80589
      vertex -34.6 59.7244 9.80589
      vertex -34.6 61.3071 9.71299
    endloop
  endfacet
  facet normal 1 0 0
    outer loop
      vertex -34.6 59.6929 9.71299
      vertex -34.6 61.3071 9.71299
      vertex -34.6 59.7244 9.80589
    endloop
  endfacet
  facet normal 1 0 0
    outer loop
      vertex -34.6 61.3071 9.71299
      vertex -34.6 59.6929 9.71299
      vertex -34.6 61.3505 9.625
    endloop
  endfacet
  facet normal 1 0 0
    outer loop
      vertex -34.6 59.6495 9.625
      vertex -34.6 61.3505 9.625
      vertex -34.6 59.6929 9.71299
    endloop
  endfacet
  facet normal 1 0 0
    outer loop
      vertex -34.6 61.3505 9.625
      vertex -34.6 59.6495 9.625
      vertex -34.6 61.405 9.54343
    endloop
  endfacet
  facet normal 1 0 0
    outer loop
      vertex -34.6 59.595 9.54343
      vertex -34.6 61.405 9.54343
      vertex -34.6 59.6495 9.625
    endloop
  endfacet
  facet normal 1 0 0
    outer loop
      vertex -34.6 61.405 9.54343
      vertex -34.6 59.595 9.54343
      vertex -34.6 61.4697 9.46967
    endloop
  endfacet
  facet normal 1 0 0
    outer loop
      vertex -34.6 59.5303 9.46967
      vertex -34.6 61.4697 9.46967
      vertex -34.6 59.595 9.54343
    endloop
  endfacet
  facet normal 1 0 0
    outer loop
      vertex -34.6 61.4697 9.46967
      vertex -34.6 59.5303 9.46967
      vertex -34.6 61.5434 9.40498
    endloop
  endfacet
  facet normal 1 0 0
    outer loop
      vertex -34.6 59.4566 9.40498
      vertex -34.6 61.5434 9.40498
      vertex -34.6 59.5303 9.46967
    endloop
  endfacet
  facet normal 1 0 0
    outer loop
      vertex -34.6 59.375 9.35048
      vertex -34.6 61.5434 9.40498
      vertex -34.6 59.4566 9.40498
    endloop
  endfacet
  facet normal 1 0 0
    outer loop
      vertex -34.6 61.625 9.35048
      vertex -34.6 59.375 9.35048
      vertex -34.6 59.287 9.30709
    endloop
  endfacet
  facet normal 1 0 0
    outer loop
      vertex -34.6 61.713 9.30709
      vertex -34.6 59.287 9.30709
      vertex -34.6 59.1941 9.27556
    endloop
  endfacet
  facet normal 1 0 0
    outer loop
      vertex -34.6 61.8059 9.27556
      vertex -34.6 59.1941 9.27556
      vertex -34.6 59.0979 9.25642
    endloop
  endfacet
  facet normal 1 0 0
    outer loop
      vertex -34.6 61.9021 9.25642
      vertex -34.6 59.0979 9.25642
      vertex -34.6 70 2.2
    endloop
  endfacet
  facet normal 1 -0 0
    outer loop
      vertex -34.6 59 9.25
      vertex -34.6 70 2.2
      vertex -34.6 59.0979 9.25642
    endloop
  endfacet
  facet normal 1 0 0
    outer loop
      vertex -34.6 58.9021 9.25642
      vertex -34.6 70 2.2
      vertex -34.6 59 9.25
    endloop
  endfacet
  facet normal 1 0 0
    outer loop
      vertex -34.6 56.0979 9.25642
      vertex -34.6 58.9021 9.25642
      vertex -34.6 58.8059 9.27556
    endloop
  endfacet
  facet normal 1 0 0
    outer loop
      vertex -34.6 56.1941 9.27556
      vertex -34.6 58.8059 9.27556
      vertex -34.6 58.713 9.30709
    endloop
  endfacet
  facet normal 1 0 0
    outer loop
      vertex -34.6 56.287 9.30709
      vertex -34.6 58.713 9.30709
      vertex -34.6 58.625 9.35048
    endloop
  endfacet
  facet normal 1 -0 0
    outer loop
      vertex -34.6 56.75 10
      vertex -34.6 58.2564 9.90211
      vertex -34.6 58.25 10
    endloop
  endfacet
  facet normal 1 0 0
    outer loop
      vertex -34.6 56.7436 9.90211
      vertex -34.6 58.2564 9.90211
      vertex -34.6 56.75 10
    endloop
  endfacet
  facet normal 1 0 0
    outer loop
      vertex -34.6 58.2564 9.90211
      vertex -34.6 56.7436 9.90211
      vertex -34.6 58.2756 9.80589
    endloop
  endfacet
  facet normal 1 0 0
    outer loop
      vertex -34.6 56.7244 9.80589
      vertex -34.6 58.2756 9.80589
      vertex -34.6 56.7436 9.90211
    endloop
  endfacet
  facet normal 1 0 0
    outer loop
      vertex -34.6 58.2756 9.80589
      vertex -34.6 56.7244 9.80589
      vertex -34.6 58.3071 9.71299
    endloop
  endfacet
  facet normal 1 0 0
    outer loop
      vertex -34.6 56.6929 9.71299
      vertex -34.6 58.3071 9.71299
      vertex -34.6 56.7244 9.80589
    endloop
  endfacet
  facet normal 1 0 0
    outer loop
      vertex -34.6 58.3071 9.71299
      vertex -34.6 56.6929 9.71299
      vertex -34.6 58.3505 9.625
    endloop
  endfacet
  facet normal 1 0 0
    outer loop
      vertex -34.6 56.6495 9.625
      vertex -34.6 58.3505 9.625
      vertex -34.6 56.6929 9.71299
    endloop
  endfacet
  facet normal 1 0 0
    outer loop
      vertex -34.6 58.3505 9.625
      vertex -34.6 56.6495 9.625
      vertex -34.6 58.405 9.54343
    endloop
  endfacet
  facet normal 1 0 0
    outer loop
      vertex -34.6 56.595 9.54343
      vertex -34.6 58.405 9.54343
      vertex -34.6 56.6495 9.625
    endloop
  endfacet
  facet normal 1 0 0
    outer loop
      vertex -34.6 58.405 9.54343
      vertex -34.6 56.595 9.54343
      vertex -34.6 58.4697 9.46967
    endloop
  endfacet
  facet normal 1 0 0
    outer loop
      vertex -34.6 56.5303 9.46967
      vertex -34.6 58.4697 9.46967
      vertex -34.6 56.595 9.54343
    endloop
  endfacet
  facet normal 1 0 0
    outer loop
      vertex -34.6 58.4697 9.46967
      vertex -34.6 56.5303 9.46967
      vertex -34.6 58.5434 9.40498
    endloop
  endfacet
  facet normal 1 0 0
    outer loop
      vertex -34.6 56.4566 9.40498
      vertex -34.6 58.5434 9.40498
      vertex -34.6 56.5303 9.46967
    endloop
  endfacet
  facet normal 1 0 0
    outer loop
      vertex -34.6 58.5434 9.40498
      vertex -34.6 56.4566 9.40498
      vertex -34.6 58.625 9.35048
    endloop
  endfacet
  facet normal 1 0 0
    outer loop
      vertex -34.6 56.375 9.35048
      vertex -34.6 58.625 9.35048
      vertex -34.6 56.4566 9.40498
    endloop
  endfacet
  facet normal 1 0 0
    outer loop
      vertex -34.6 56.287 9.30709
      vertex -34.6 58.625 9.35048
      vertex -34.6 56.375 9.35048
    endloop
  endfacet
  facet normal 1 0 0
    outer loop
      vertex -34.6 58.713 9.30709
      vertex -34.6 56.287 9.30709
      vertex -34.6 56.1941 9.27556
    endloop
  endfacet
  facet normal 1 0 0
    outer loop
      vertex -34.6 58.8059 9.27556
      vertex -34.6 56.1941 9.27556
      vertex -34.6 56.0979 9.25642
    endloop
  endfacet
  facet normal 1 0 0
    outer loop
      vertex -34.6 58.9021 9.25642
      vertex -34.6 56.0979 9.25642
      vertex -34.6 70 2.2
    endloop
  endfacet
  facet normal 1 -0 0
    outer loop
      vertex -34.6 56 9.25
      vertex -34.6 70 2.2
      vertex -34.6 56.0979 9.25642
    endloop
  endfacet
  facet normal 1 0 0
    outer loop
      vertex -34.6 55.9021 9.25642
      vertex -34.6 70 2.2
      vertex -34.6 56 9.25
    endloop
  endfacet
  facet normal 1 0 0
    outer loop
      vertex -34.6 55.8059 9.27556
      vertex -34.6 70 2.2
      vertex -34.6 55.9021 9.25642
    endloop
  endfacet
  facet normal 1 0 0
    outer loop
      vertex -34.6 55.713 9.30709
      vertex -34.6 70 2.2
      vertex -34.6 55.8059 9.27556
    endloop
  endfacet
  facet normal 1 0 0
    outer loop
      vertex -34.6 -70 2.2
      vertex -34.6 55.713 9.30709
      vertex -34.6 55.625 9.35048
    endloop
  endfacet
  facet normal 1 0 0
    outer loop
      vertex -34.6 55.2564 10.0979
      vertex -34.6 55.2068 17.7956
      vertex -34.6 55.25 10
    endloop
  endfacet
  facet normal 1 0 0
    outer loop
      vertex -34.6 55.2 17.9
      vertex -34.6 55.25 10
      vertex -34.6 55.2068 17.7956
    endloop
  endfacet
  facet normal 1 0 0
    outer loop
      vertex -34.6 -70 23.6
      vertex -34.6 55.25 10
      vertex -34.6 55.2 17.9
    endloop
  endfacet
  facet normal 1 0 0
    outer loop
      vertex -34.6 -70 2.2
      vertex -34.6 55.25 10
      vertex -34.6 -70 23.6
    endloop
  endfacet
  facet normal 1 0 0
    outer loop
      vertex -34.6 55.25 10
      vertex -34.6 -70 2.2
      vertex -34.6 55.2564 9.90211
    endloop
  endfacet
  facet normal 1 0 0
    outer loop
      vertex -34.6 55.2564 9.90211
      vertex -34.6 -70 2.2
      vertex -34.6 55.2756 9.80589
    endloop
  endfacet
  facet normal 1 0 0
    outer loop
      vertex -34.6 55.2756 9.80589
      vertex -34.6 -70 2.2
      vertex -34.6 55.3071 9.71299
    endloop
  endfacet
  facet normal 1 0 0
    outer loop
      vertex -34.6 55.3071 9.71299
      vertex -34.6 -70 2.2
      vertex -34.6 55.3505 9.625
    endloop
  endfacet
  facet normal 1 0 0
    outer loop
      vertex -34.6 55.3505 9.625
      vertex -34.6 -70 2.2
      vertex -34.6 55.405 9.54343
    endloop
  endfacet
  facet normal 1 0 0
    outer loop
      vertex -34.6 55.405 9.54343
      vertex -34.6 -70 2.2
      vertex -34.6 55.4697 9.46967
    endloop
  endfacet
  facet normal 1 0 0
    outer loop
      vertex -34.6 55.4697 9.46967
      vertex -34.6 -70 2.2
      vertex -34.6 55.5434 9.40498
    endloop
  endfacet
  facet normal 1 0 0
    outer loop
      vertex -34.6 55.5434 9.40498
      vertex -34.6 -70 2.2
      vertex -34.6 55.625 9.35048
    endloop
  endfacet
  facet normal 1 0 0
    outer loop
      vertex -34.6 55.713 9.30709
      vertex -34.6 -70 2.2
      vertex -34.6 70 2.2
    endloop
  endfacet
  facet normal 0 1 -0
    outer loop
      vertex 30 -74.6 2.2
      vertex -30 -74.6 23.6
      vertex 30 -74.6 23.6
    endloop
  endfacet
  facet normal 0 1 0
    outer loop
      vertex -30 -74.6 23.6
      vertex 30 -74.6 2.2
      vertex -30 -74.6 2.2
    endloop
  endfacet
  facet normal -0.707107 -0.707107 -1.12286e-17
    outer loop
      vertex 34.6 70 2.2
      vertex 30 74.6 23.6
      vertex 30 74.6 2.2
    endloop
  endfacet
  facet normal -0.707107 -0.707107 -1.12286e-17
    outer loop
      vertex 30 74.6 23.6
      vertex 34.6 70 2.2
      vertex 34.6 70 23.6
    endloop
  endfacet
  facet normal 0.707107 -0.707107 1.12286e-17
    outer loop
      vertex -34.6 70 23.6
      vertex -30 74.6 2.2
      vertex -30 74.6 23.6
    endloop
  endfacet
  facet normal 0.707107 -0.707107 1.12286e-17
    outer loop
      vertex -30 74.6 2.2
      vertex -34.6 70 23.6
      vertex -34.6 70 2.2
    endloop
  endfacet
  facet normal 0 0 1
    outer loop
      vertex -21 -72.5 2.2
      vertex -27.5257 -67.6084 2.2
      vertex -27.5 -68 2.2
    endloop
  endfacet
  facet normal 0 0 1
    outer loop
      vertex -27 -34 2.2
      vertex -27.6022 -67.2235 2.2
      vertex -27.5257 -67.6084 2.2
    endloop
  endfacet
  facet normal 0 0 1
    outer loop
      vertex -20.7321 -4.5 2.2
      vertex -31.1307 37.2233 2.2
      vertex -20.8478 -4.73463 2.2
    endloop
  endfacet
  facet normal 0 0 1
    outer loop
      vertex -27 -34 2.2
      vertex -27.7284 -66.852 2.2
      vertex -27.6022 -67.2235 2.2
    endloop
  endfacet
  facet normal 0 0 1
    outer loop
      vertex -27 -34 2.2
      vertex -27.9019 -66.5 2.2
      vertex -27.7284 -66.852 2.2
    endloop
  endfacet
  facet normal 0 0 1
    outer loop
      vertex -31.4749 37.5251 2.2
      vertex -20.8478 -4.73463 2.2
      vertex -31.1307 37.2233 2.2
    endloop
  endfacet
  facet normal 0 0 1
    outer loop
      vertex -27 -34 2.2
      vertex -28.1199 -66.1737 2.2
      vertex -27.9019 -66.5 2.2
    endloop
  endfacet
  facet normal 0 0 1
    outer loop
      vertex -27 -34 2.2
      vertex -28.3787 -65.8787 2.2
      vertex -28.1199 -66.1737 2.2
    endloop
  endfacet
  facet normal 0 0 1
    outer loop
      vertex -20.8478 -4.73463 2.2
      vertex -31.4749 37.5251 2.2
      vertex -20.9319 -4.98236 2.2
    endloop
  endfacet
  facet normal 0 0 1
    outer loop
      vertex -27 -34 2.2
      vertex -28.6737 -65.6199 2.2
      vertex -28.3787 -65.8787 2.2
    endloop
  endfacet
  facet normal 0 0 1
    outer loop
      vertex -31.7767 37.8693 2.2
      vertex -20.9319 -4.98236 2.2
      vertex -31.4749 37.5251 2.2
    endloop
  endfacet
  facet normal 0 0 1
    outer loop
      vertex -27 -34 2.2
      vertex -29 -65.4019 2.2
      vertex -28.6737 -65.6199 2.2
    endloop
  endfacet
  facet normal 0 0 1
    outer loop
      vertex -27 -34 2.2
      vertex -29.3519 -65.2284 2.2
      vertex -29 -65.4019 2.2
    endloop
  endfacet
  facet normal 0 0 1
    outer loop
      vertex -20.9319 -4.98236 2.2
      vertex -31.7767 37.8693 2.2
      vertex -20.9829 -5.23895 2.2
    endloop
  endfacet
  facet normal 0 0 1
    outer loop
      vertex -27 -34 2.2
      vertex -29.7235 -65.1022 2.2
      vertex -29.3519 -65.2284 2.2
    endloop
  endfacet
  facet normal 0 0 1
    outer loop
      vertex -32.0311 38.25 2.2
      vertex -20.9829 -5.23895 2.2
      vertex -31.7767 37.8693 2.2
    endloop
  endfacet
  facet normal 0 0 1
    outer loop
      vertex -27 -34 2.2
      vertex -30.1084 -65.0257 2.2
      vertex -29.7235 -65.1022 2.2
    endloop
  endfacet
  facet normal 0 0 1
    outer loop
      vertex -20.9829 -5.23895 2.2
      vertex -32.0311 38.25 2.2
      vertex -21 -5.5 2.2
    endloop
  endfacet
  facet normal 0 0 1
    outer loop
      vertex -27 -34 2.2
      vertex -30.5 -65 2.2
      vertex -30.1084 -65.0257 2.2
    endloop
  endfacet
  facet normal 0 0 1
    outer loop
      vertex -21 -5.5 2.2
      vertex -32.0311 38.25 2.2
      vertex -26.9239 -33.6173 2.2
    endloop
  endfacet
  facet normal 0 0 1
    outer loop
      vertex -27 -34 2.2
      vertex -30.8916 -65.0257 2.2
      vertex -30.5 -65 2.2
    endloop
  endfacet
  facet normal 0 0 1
    outer loop
      vertex -26.9239 -33.6173 2.2
      vertex -32.0311 38.25 2.2
      vertex -26.9659 -33.7412 2.2
    endloop
  endfacet
  facet normal 0 0 1
    outer loop
      vertex -27 -34 2.2
      vertex -31.2765 -65.1022 2.2
      vertex -30.8916 -65.0257 2.2
    endloop
  endfacet
  facet normal 0 0 1
    outer loop
      vertex -32.2336 38.6606 2.2
      vertex -26.9659 -33.7412 2.2
      vertex -32.0311 38.25 2.2
    endloop
  endfacet
  facet normal 0 0 1
    outer loop
      vertex -27 -34 2.2
      vertex -31.648 -65.2284 2.2
      vertex -31.2765 -65.1022 2.2
    endloop
  endfacet
  facet normal 0 0 1
    outer loop
      vertex -26.9659 -33.7412 2.2
      vertex -32.2336 38.6606 2.2
      vertex -26.9914 -33.8695 2.2
    endloop
  endfacet
  facet normal 0 0 1
    outer loop
      vertex -27 -34 2.2
      vertex -32 -65.4019 2.2
      vertex -31.648 -65.2284 2.2
    endloop
  endfacet
  facet normal 0 0 1
    outer loop
      vertex -32.3807 39.0941 2.2
      vertex -26.9914 -33.8695 2.2
      vertex -32.2336 38.6606 2.2
    endloop
  endfacet
  facet normal 0 0 1
    outer loop
      vertex -34.6 -70 2.2
      vertex -26.9914 -33.8695 2.2
      vertex -32.3807 39.0941 2.2
    endloop
  endfacet
  facet normal 0 0 1
    outer loop
      vertex -27 -34 2.2
      vertex -32.3263 -65.6199 2.2
      vertex -32 -65.4019 2.2
    endloop
  endfacet
  facet normal 0 0 1
    outer loop
      vertex -26.9914 -33.8695 2.2
      vertex -34.6 -70 2.2
      vertex -27 -34 2.2
    endloop
  endfacet
  facet normal 0 0 1
    outer loop
      vertex -34.6 -70 2.2
      vertex -32.3807 39.0941 2.2
      vertex -32.4701 39.5432 2.2
    endloop
  endfacet
  facet normal 0 0 1
    outer loop
      vertex -34.6 -70 2.2
      vertex -32.4701 39.5432 2.2
      vertex -32.5 40 2.2
    endloop
  endfacet
  facet normal 0 0 1
    outer loop
      vertex -32.2336 41.3394 2.2
      vertex -33.2716 66.852 2.2
      vertex -32.3807 40.9059 2.2
    endloop
  endfacet
  facet normal 0 0 1
    outer loop
      vertex -27 -34 2.2
      vertex -32.6213 -65.8787 2.2
      vertex -32.3263 -65.6199 2.2
    endloop
  endfacet
  facet normal 0 0 1
    outer loop
      vertex -34.6 70 2.2
      vertex -32.3807 40.9059 2.2
      vertex -33.2716 66.852 2.2
    endloop
  endfacet
  facet normal 0 0 1
    outer loop
      vertex -27 -34 2.2
      vertex -32.8801 -66.1737 2.2
      vertex -32.6213 -65.8787 2.2
    endloop
  endfacet
  facet normal 0 0 1
    outer loop
      vertex -32.3807 40.9059 2.2
      vertex -34.6 70 2.2
      vertex -32.4701 40.4568 2.2
    endloop
  endfacet
  facet normal 0 0 1
    outer loop
      vertex -27 -34 2.2
      vertex -33.0981 -66.5 2.2
      vertex -32.8801 -66.1737 2.2
    endloop
  endfacet
  facet normal 0 0 1
    outer loop
      vertex -32.4701 40.4568 2.2
      vertex -34.6 70 2.2
      vertex -32.5 40 2.2
    endloop
  endfacet
  facet normal 0 0 1
    outer loop
      vertex -27 -34 2.2
      vertex -33.2716 -66.852 2.2
      vertex -33.0981 -66.5 2.2
    endloop
  endfacet
  facet normal 0 0 1
    outer loop
      vertex -34.6 70 2.2
      vertex -33.2716 66.852 2.2
      vertex -33.3978 67.2235 2.2
    endloop
  endfacet
  facet normal 0 0 1
    outer loop
      vertex -34.6 -70 2.2
      vertex -32.5 40 2.2
      vertex -34.6 70 2.2
    endloop
  endfacet
  facet normal 0 0 1
    outer loop
      vertex -34.6 70 2.2
      vertex -33.3978 67.2235 2.2
      vertex -33.4743 67.6084 2.2
    endloop
  endfacet
  facet normal 0 0 1
    outer loop
      vertex -27 -34 2.2
      vertex -34.6 -70 2.2
      vertex -33.2716 -66.852 2.2
    endloop
  endfacet
  facet normal 0 0 1
    outer loop
      vertex -34.6 70 2.2
      vertex -33.4743 67.6084 2.2
      vertex -33.5 68 2.2
    endloop
  endfacet
  facet normal 0 0 1
    outer loop
      vertex -33.2716 -66.852 2.2
      vertex -34.6 -70 2.2
      vertex -33.3978 -67.2235 2.2
    endloop
  endfacet
  facet normal 0 0 1
    outer loop
      vertex -24.8839 59.8839 2.2
      vertex -29 65.4019 2.2
      vertex -24.9917 59.761 2.2
    endloop
  endfacet
  facet normal -0 0 1
    outer loop
      vertex -29.3519 65.2284 2.2
      vertex -24.9917 59.761 2.2
      vertex -29 65.4019 2.2
    endloop
  endfacet
  facet normal 0 0 1
    outer loop
      vertex -24.9917 59.761 2.2
      vertex -29.3519 65.2284 2.2
      vertex -25.0825 59.625 2.2
    endloop
  endfacet
  facet normal -0 0 1
    outer loop
      vertex -29.7235 65.1022 2.2
      vertex -25.0825 59.625 2.2
      vertex -29.3519 65.2284 2.2
    endloop
  endfacet
  facet normal 0 0 1
    outer loop
      vertex -25.0825 59.625 2.2
      vertex -29.7235 65.1022 2.2
      vertex -25.1549 59.4784 2.2
    endloop
  endfacet
  facet normal -0 0 1
    outer loop
      vertex -30.1084 65.0257 2.2
      vertex -25.1549 59.4784 2.2
      vertex -29.7235 65.1022 2.2
    endloop
  endfacet
  facet normal 0 0 1
    outer loop
      vertex -25.1549 59.4784 2.2
      vertex -30.1084 65.0257 2.2
      vertex -25.2074 59.3235 2.2
    endloop
  endfacet
  facet normal 0 0 1
    outer loop
      vertex -25.2393 58.8368 2.2
      vertex -27.6606 43.2336 2.2
      vertex -27.25 43.0311 2.2
    endloop
  endfacet
  facet normal 0 0 1
    outer loop
      vertex -25.2074 59.3235 2.2
      vertex -30.1084 65.0257 2.2
      vertex -25.2393 59.1632 2.2
    endloop
  endfacet
  facet normal -0 0 1
    outer loop
      vertex -30.5 65 2.2
      vertex -25.2393 59.1632 2.2
      vertex -30.1084 65.0257 2.2
    endloop
  endfacet
  facet normal 0 0 1
    outer loop
      vertex -25.2393 58.8368 2.2
      vertex -28.0941 43.3807 2.2
      vertex -27.6606 43.2336 2.2
    endloop
  endfacet
  facet normal 0 0 1
    outer loop
      vertex -25.2393 59.1632 2.2
      vertex -30.5 65 2.2
      vertex -25.25 59 2.2
    endloop
  endfacet
  facet normal 0 0 1
    outer loop
      vertex -25.2393 58.8368 2.2
      vertex -28.5432 43.4701 2.2
      vertex -28.0941 43.3807 2.2
    endloop
  endfacet
  facet normal 0 0 1
    outer loop
      vertex -30.8916 65.0257 2.2
      vertex -25.25 59 2.2
      vertex -30.5 65 2.2
    endloop
  endfacet
  facet normal 0 0 1
    outer loop
      vertex -25.2393 58.8368 2.2
      vertex -29 43.5 2.2
      vertex -28.5432 43.4701 2.2
    endloop
  endfacet
  facet normal 0 0 1
    outer loop
      vertex -25.25 59 2.2
      vertex -30.8916 65.0257 2.2
      vertex -25.2393 58.8368 2.2
    endloop
  endfacet
  facet normal 0 0 1
    outer loop
      vertex -25.2393 58.8368 2.2
      vertex -29.4568 43.4701 2.2
      vertex -29 43.5 2.2
    endloop
  endfacet
  facet normal 0 0 1
    outer loop
      vertex -31.2765 65.1022 2.2
      vertex -25.2393 58.8368 2.2
      vertex -30.8916 65.0257 2.2
    endloop
  endfacet
  facet normal 0 0 1
    outer loop
      vertex -25.2393 58.8368 2.2
      vertex -29.9059 43.3807 2.2
      vertex -29.4568 43.4701 2.2
    endloop
  endfacet
  facet normal 0 0 1
    outer loop
      vertex -31.648 65.2284 2.2
      vertex -25.2393 58.8368 2.2
      vertex -31.2765 65.1022 2.2
    endloop
  endfacet
  facet normal 0 0 1
    outer loop
      vertex -25.2393 58.8368 2.2
      vertex -30.3394 43.2336 2.2
      vertex -29.9059 43.3807 2.2
    endloop
  endfacet
  facet normal 0 -0 1
    outer loop
      vertex -30.75 43.0311 2.2
      vertex -25.2393 58.8368 2.2
      vertex -31.648 65.2284 2.2
    endloop
  endfacet
  facet normal 0 0 1
    outer loop
      vertex -25.2393 58.8368 2.2
      vertex -30.75 43.0311 2.2
      vertex -30.3394 43.2336 2.2
    endloop
  endfacet
  facet normal 0 0 1
    outer loop
      vertex -32 65.4019 2.2
      vertex -30.75 43.0311 2.2
      vertex -31.648 65.2284 2.2
    endloop
  endfacet
  facet normal 0 0 1
    outer loop
      vertex -30.75 43.0311 2.2
      vertex -32 65.4019 2.2
      vertex -31.1307 42.7767 2.2
    endloop
  endfacet
  facet normal 0 0 1
    outer loop
      vertex -32.3263 65.6199 2.2
      vertex -31.1307 42.7767 2.2
      vertex -32 65.4019 2.2
    endloop
  endfacet
  facet normal 0 0 1
    outer loop
      vertex -31.1307 42.7767 2.2
      vertex -32.3263 65.6199 2.2
      vertex -31.4749 42.4749 2.2
    endloop
  endfacet
  facet normal 0 0 1
    outer loop
      vertex -32.6213 65.8787 2.2
      vertex -31.4749 42.4749 2.2
      vertex -32.3263 65.6199 2.2
    endloop
  endfacet
  facet normal 0 0 1
    outer loop
      vertex -31.4749 42.4749 2.2
      vertex -32.6213 65.8787 2.2
      vertex -31.7767 42.1307 2.2
    endloop
  endfacet
  facet normal 0 0 1
    outer loop
      vertex -32.8801 66.1737 2.2
      vertex -31.7767 42.1307 2.2
      vertex -32.6213 65.8787 2.2
    endloop
  endfacet
  facet normal 0 0 1
    outer loop
      vertex -31.7767 42.1307 2.2
      vertex -32.8801 66.1737 2.2
      vertex -32.0311 41.75 2.2
    endloop
  endfacet
  facet normal 0 0 1
    outer loop
      vertex -33.0981 66.5 2.2
      vertex -32.0311 41.75 2.2
      vertex -32.8801 66.1737 2.2
    endloop
  endfacet
  facet normal 0 0 1
    outer loop
      vertex -32.0311 41.75 2.2
      vertex -33.0981 66.5 2.2
      vertex -32.2336 41.3394 2.2
    endloop
  endfacet
  facet normal 0 0 1
    outer loop
      vertex -33.2716 66.852 2.2
      vertex -32.2336 41.3394 2.2
      vertex -33.0981 66.5 2.2
    endloop
  endfacet
  facet normal -0 0 1
    outer loop
      vertex -28.5432 36.5299 2.2
      vertex -8.95909 24.8894 2.2
      vertex -28.0941 36.6193 2.2
    endloop
  endfacet
  facet normal 0 0 1
    outer loop
      vertex -8.95909 24.8894 2.2
      vertex -28.5432 36.5299 2.2
      vertex -8.90865 24.7408 2.2
    endloop
  endfacet
  facet normal 0 0 1
    outer loop
      vertex -25.5 40 2.2
      vertex -22.7926 58.6765 2.2
      vertex -22.8451 58.5216 2.2
    endloop
  endfacet
  facet normal 0 0 1
    outer loop
      vertex -25.5299 40.4568 2.2
      vertex -22.8451 58.5216 2.2
      vertex -22.9175 58.375 2.2
    endloop
  endfacet
  facet normal 0 0 1
    outer loop
      vertex -25.6193 40.9059 2.2
      vertex -22.9175 58.375 2.2
      vertex -23.0083 58.239 2.2
    endloop
  endfacet
  facet normal 0 0 1
    outer loop
      vertex -25.7664 41.3394 2.2
      vertex -23.0083 58.239 2.2
      vertex -23.1161 58.1161 2.2
    endloop
  endfacet
  facet normal 0 0 1
    outer loop
      vertex -25.9689 41.75 2.2
      vertex -23.1161 58.1161 2.2
      vertex -23.239 58.0083 2.2
    endloop
  endfacet
  facet normal 0 0 1
    outer loop
      vertex -26.2233 42.1307 2.2
      vertex -23.239 58.0083 2.2
      vertex -23.375 57.9175 2.2
    endloop
  endfacet
  facet normal 0 0 1
    outer loop
      vertex -26.5251 42.4749 2.2
      vertex -23.375 57.9175 2.2
      vertex -23.5216 57.8451 2.2
    endloop
  endfacet
  facet normal 0 0 1
    outer loop
      vertex -26.5251 42.4749 2.2
      vertex -23.5216 57.8451 2.2
      vertex -23.6765 57.7926 2.2
    endloop
  endfacet
  facet normal 0 0 1
    outer loop
      vertex -26.8693 42.7767 2.2
      vertex -23.6765 57.7926 2.2
      vertex -23.8368 57.7607 2.2
    endloop
  endfacet
  facet normal 0 0 1
    outer loop
      vertex -27.25 43.0311 2.2
      vertex -23.8368 57.7607 2.2
      vertex -24 57.75 2.2
    endloop
  endfacet
  facet normal 0 0 1
    outer loop
      vertex -27.25 43.0311 2.2
      vertex -24 57.75 2.2
      vertex -24.1632 57.7607 2.2
    endloop
  endfacet
  facet normal 0 0 1
    outer loop
      vertex -27.25 43.0311 2.2
      vertex -24.1632 57.7607 2.2
      vertex -24.3235 57.7926 2.2
    endloop
  endfacet
  facet normal 0 0 1
    outer loop
      vertex -27.25 43.0311 2.2
      vertex -24.3235 57.7926 2.2
      vertex -24.4784 57.8451 2.2
    endloop
  endfacet
  facet normal 0 0 1
    outer loop
      vertex -27.25 43.0311 2.2
      vertex -24.4784 57.8451 2.2
      vertex -24.625 57.9175 2.2
    endloop
  endfacet
  facet normal 0 0 1
    outer loop
      vertex -27.25 43.0311 2.2
      vertex -24.625 57.9175 2.2
      vertex -24.761 58.0083 2.2
    endloop
  endfacet
  facet normal 0 0 1
    outer loop
      vertex -27.25 43.0311 2.2
      vertex -24.761 58.0083 2.2
      vertex -24.8839 58.1161 2.2
    endloop
  endfacet
  facet normal 0 0 1
    outer loop
      vertex -27.25 43.0311 2.2
      vertex -24.8839 58.1161 2.2
      vertex -24.9917 58.239 2.2
    endloop
  endfacet
  facet normal 0 0 1
    outer loop
      vertex -27.25 43.0311 2.2
      vertex -24.9917 58.239 2.2
      vertex -25.0825 58.375 2.2
    endloop
  endfacet
  facet normal 0 0 1
    outer loop
      vertex -27.25 43.0311 2.2
      vertex -25.0825 58.375 2.2
      vertex -25.1549 58.5216 2.2
    endloop
  endfacet
  facet normal 0 0 1
    outer loop
      vertex -27.25 43.0311 2.2
      vertex -25.1549 58.5216 2.2
      vertex -25.2074 58.6765 2.2
    endloop
  endfacet
  facet normal 0 0 1
    outer loop
      vertex -27.25 43.0311 2.2
      vertex -25.2074 58.6765 2.2
      vertex -25.2393 58.8368 2.2
    endloop
  endfacet
  facet normal -0 0 1
    outer loop
      vertex -29 65.4019 2.2
      vertex -24.761 59.9917 2.2
      vertex -28.6737 65.6199 2.2
    endloop
  endfacet
  facet normal 0 0 1
    outer loop
      vertex -22.7926 58.6765 2.2
      vertex -25.5 40 2.2
      vertex -25.5299 39.5432 2.2
    endloop
  endfacet
  facet normal -0 0 1
    outer loop
      vertex -29 36.5 2.2
      vertex -8.90865 24.7408 2.2
      vertex -28.5432 36.5299 2.2
    endloop
  endfacet
  facet normal 0 0 1
    outer loop
      vertex -8.90865 24.7408 2.2
      vertex -29 36.5 2.2
      vertex -19.7654 -3.65224 2.2
    endloop
  endfacet
  facet normal 0 0 1
    outer loop
      vertex -19.7654 -3.65224 2.2
      vertex -29 36.5 2.2
      vertex -20 -3.76794 2.2
    endloop
  endfacet
  facet normal 0 0 1
    outer loop
      vertex -29.4568 36.5299 2.2
      vertex -20 -3.76794 2.2
      vertex -29 36.5 2.2
    endloop
  endfacet
  facet normal 0 0 1
    outer loop
      vertex -20 -3.76794 2.2
      vertex -29.4568 36.5299 2.2
      vertex -20.2175 -3.9133 2.2
    endloop
  endfacet
  facet normal 0 0 1
    outer loop
      vertex -29.9059 36.6193 2.2
      vertex -20.2175 -3.9133 2.2
      vertex -29.4568 36.5299 2.2
    endloop
  endfacet
  facet normal 0 0 1
    outer loop
      vertex -20.2175 -3.9133 2.2
      vertex -29.9059 36.6193 2.2
      vertex -20.4142 -4.08578 2.2
    endloop
  endfacet
  facet normal 0 0 1
    outer loop
      vertex -30.3394 36.7664 2.2
      vertex -20.4142 -4.08578 2.2
      vertex -29.9059 36.6193 2.2
    endloop
  endfacet
  facet normal 0 0 1
    outer loop
      vertex -21 -5.5 2.2
      vertex -26 -33 2.2
      vertex -22 -33 2.2
    endloop
  endfacet
  facet normal 0 0 1
    outer loop
      vertex -21 -5.5 2.2
      vertex -26.1305 -33.0086 2.2
      vertex -26 -33 2.2
    endloop
  endfacet
  facet normal 0 0 1
    outer loop
      vertex -21 -5.5 2.2
      vertex -26.2588 -33.0341 2.2
      vertex -26.1305 -33.0086 2.2
    endloop
  endfacet
  facet normal 0 0 1
    outer loop
      vertex -21 -5.5 2.2
      vertex -26.3827 -33.0761 2.2
      vertex -26.2588 -33.0341 2.2
    endloop
  endfacet
  facet normal 0 0 1
    outer loop
      vertex -21 -5.5 2.2
      vertex -26.5 -33.134 2.2
      vertex -26.3827 -33.0761 2.2
    endloop
  endfacet
  facet normal 0 0 1
    outer loop
      vertex -21 -5.5 2.2
      vertex -26.6088 -33.2066 2.2
      vertex -26.5 -33.134 2.2
    endloop
  endfacet
  facet normal 0 0 1
    outer loop
      vertex -21 -5.5 2.2
      vertex -26.7071 -33.2929 2.2
      vertex -26.6088 -33.2066 2.2
    endloop
  endfacet
  facet normal 0 0 1
    outer loop
      vertex -21 -5.5 2.2
      vertex -26.7934 -33.3912 2.2
      vertex -26.7071 -33.2929 2.2
    endloop
  endfacet
  facet normal 0 0 1
    outer loop
      vertex -21 -5.5 2.2
      vertex -26.866 -33.5 2.2
      vertex -26.7934 -33.3912 2.2
    endloop
  endfacet
  facet normal 0 0 1
    outer loop
      vertex -21 -5.5 2.2
      vertex -26.9239 -33.6173 2.2
      vertex -26.866 -33.5 2.2
    endloop
  endfacet
  facet normal 0 0 1
    outer loop
      vertex -20.4142 -4.08578 2.2
      vertex -30.3394 36.7664 2.2
      vertex -20.5867 -4.28247 2.2
    endloop
  endfacet
  facet normal 0 0 1
    outer loop
      vertex -30.75 36.9689 2.2
      vertex -20.5867 -4.28247 2.2
      vertex -30.3394 36.7664 2.2
    endloop
  endfacet
  facet normal 0 0 1
    outer loop
      vertex -31.1307 37.2233 2.2
      vertex -20.7321 -4.5 2.2
      vertex -30.75 36.9689 2.2
    endloop
  endfacet
  facet normal 0 0 1
    outer loop
      vertex -20.5867 -4.28247 2.2
      vertex -30.75 36.9689 2.2
      vertex -20.7321 -4.5 2.2
    endloop
  endfacet
  facet normal 0 0 1
    outer loop
      vertex -21 -44 2.2
      vertex -21.0086 -44.1305 2.2
      vertex -21 -72.5 2.2
    endloop
  endfacet
  facet normal 0 0 1
    outer loop
      vertex 26.2233 37.8693 2.2
      vertex 8.98972 30.9566 2.2
      vertex 8.99998 30.8 2.2
    endloop
  endfacet
  facet normal 0 0 1
    outer loop
      vertex 9.69579 43.0128 2.2
      vertex 8.95909 31.1106 2.2
      vertex 8.98972 30.9566 2.2
    endloop
  endfacet
  facet normal 0 0 1
    outer loop
      vertex 9.69579 43.0128 2.2
      vertex 8.90865 31.2592 2.2
      vertex 8.95909 31.1106 2.2
    endloop
  endfacet
  facet normal 0 0 1
    outer loop
      vertex 9.69579 43.0128 2.2
      vertex 8.83922 31.4 2.2
      vertex 8.90865 31.2592 2.2
    endloop
  endfacet
  facet normal 0 0 1
    outer loop
      vertex 9.69579 43.0128 2.2
      vertex 8.75201 31.5305 2.2
      vertex 8.83922 31.4 2.2
    endloop
  endfacet
  facet normal 0 0 1
    outer loop
      vertex 9.69579 43.0128 2.2
      vertex 8.64851 31.6485 2.2
      vertex 8.75201 31.5305 2.2
    endloop
  endfacet
  facet normal 0 0 1
    outer loop
      vertex 9.69579 43.0128 2.2
      vertex 8.5305 31.752 2.2
      vertex 8.64851 31.6485 2.2
    endloop
  endfacet
  facet normal 0 0 1
    outer loop
      vertex 9.69579 43.0128 2.2
      vertex 8.39999 31.8392 2.2
      vertex 8.5305 31.752 2.2
    endloop
  endfacet
  facet normal 0 0 1
    outer loop
      vertex 9.69579 43.0128 2.2
      vertex 8.2592 31.9086 2.2
      vertex 8.39999 31.8392 2.2
    endloop
  endfacet
  facet normal 0 0 1
    outer loop
      vertex 9.5 43 2.2
      vertex 8.11057 31.9591 2.2
      vertex 8.2592 31.9086 2.2
    endloop
  endfacet
  facet normal 0 0 1
    outer loop
      vertex 9.5 43 2.2
      vertex 7.95662 31.9897 2.2
      vertex 8.11057 31.9591 2.2
    endloop
  endfacet
  facet normal 0 0 1
    outer loop
      vertex 9.5 43 2.2
      vertex 7.79999 32 2.2
      vertex 7.95662 31.9897 2.2
    endloop
  endfacet
  facet normal 0 0 1
    outer loop
      vertex 9.5 43 2.2
      vertex -7.79999 32 2.2
      vertex 7.79999 32 2.2
    endloop
  endfacet
  facet normal -0 0 1
    outer loop
      vertex -9.5 43 2.2
      vertex -7.79999 32 2.2
      vertex 9.5 43 2.2
    endloop
  endfacet
  facet normal 0 0 1
    outer loop
      vertex -7.79999 32 2.2
      vertex -9.5 43 2.2
      vertex -7.95662 31.9897 2.2
    endloop
  endfacet
  facet normal 0 0 1
    outer loop
      vertex -7.95662 31.9897 2.2
      vertex -9.5 43 2.2
      vertex -8.11057 31.9591 2.2
    endloop
  endfacet
  facet normal 0 0 1
    outer loop
      vertex -8.11057 31.9591 2.2
      vertex -9.5 43 2.2
      vertex -8.2592 31.9086 2.2
    endloop
  endfacet
  facet normal 0 0 1
    outer loop
      vertex -8.75201 31.5305 2.2
      vertex -10.4131 43.31 2.2
      vertex -8.83922 31.4 2.2
    endloop
  endfacet
  facet normal 0 0 1
    outer loop
      vertex -10.4131 43.31 2.2
      vertex -8.75201 31.5305 2.2
      vertex -10.25 43.201 2.2
    endloop
  endfacet
  facet normal 0 0 1
    outer loop
      vertex -8.64851 31.6485 2.2
      vertex -10.25 43.201 2.2
      vertex -8.75201 31.5305 2.2
    endloop
  endfacet
  facet normal 0 0 1
    outer loop
      vertex -10.25 43.201 2.2
      vertex -8.64851 31.6485 2.2
      vertex -10.074 43.1142 2.2
    endloop
  endfacet
  facet normal 0 0 1
    outer loop
      vertex -8.5305 31.752 2.2
      vertex -10.074 43.1142 2.2
      vertex -8.64851 31.6485 2.2
    endloop
  endfacet
  facet normal 0 0 1
    outer loop
      vertex -10.074 43.1142 2.2
      vertex -8.5305 31.752 2.2
      vertex -9.88823 43.0511 2.2
    endloop
  endfacet
  facet normal 0 0 1
    outer loop
      vertex -8.39999 31.8392 2.2
      vertex -9.88823 43.0511 2.2
      vertex -8.5305 31.752 2.2
    endloop
  endfacet
  facet normal 0 0 1
    outer loop
      vertex -9.88823 43.0511 2.2
      vertex -8.39999 31.8392 2.2
      vertex -9.69579 43.0128 2.2
    endloop
  endfacet
  facet normal 0 0 1
    outer loop
      vertex -8.2592 31.9086 2.2
      vertex -9.69579 43.0128 2.2
      vertex -8.39999 31.8392 2.2
    endloop
  endfacet
  facet normal 0 0 1
    outer loop
      vertex -9.69579 43.0128 2.2
      vertex -8.2592 31.9086 2.2
      vertex -9.5 43 2.2
    endloop
  endfacet
  facet normal 0 0 1
    outer loop
      vertex 34.6 -70 2.2
      vertex 26.9914 -33.8695 2.2
      vertex 27 -34 2.2
    endloop
  endfacet
  facet normal 0 0 1
    outer loop
      vertex 27.6606 36.7664 2.2
      vertex 26.9659 -33.7412 2.2
      vertex 26.9914 -33.8695 2.2
    endloop
  endfacet
  facet normal 0 0 1
    outer loop
      vertex 27.6606 36.7664 2.2
      vertex 26.9239 -33.6173 2.2
      vertex 26.9659 -33.7412 2.2
    endloop
  endfacet
  facet normal 0 0 1
    outer loop
      vertex 8.99998 25.2 2.2
      vertex 27.25 36.9689 2.2
      vertex 26.8693 37.2233 2.2
    endloop
  endfacet
  facet normal 0 0 1
    outer loop
      vertex 27.6606 36.7664 2.2
      vertex 21 -5.5 2.2
      vertex 26.9239 -33.6173 2.2
    endloop
  endfacet
  facet normal 0 0 1
    outer loop
      vertex 26.9239 -33.6173 2.2
      vertex 21 -5.5 2.2
      vertex 26.866 -33.5 2.2
    endloop
  endfacet
  facet normal 0 0 1
    outer loop
      vertex 26.866 -33.5 2.2
      vertex 21 -5.5 2.2
      vertex 26.7934 -33.3912 2.2
    endloop
  endfacet
  facet normal 0 0 1
    outer loop
      vertex 26.7934 -33.3912 2.2
      vertex 21 -5.5 2.2
      vertex 26.7071 -33.2929 2.2
    endloop
  endfacet
  facet normal 0 0 1
    outer loop
      vertex 8.99998 30.8 2.2
      vertex 26.8693 37.2233 2.2
      vertex 26.5251 37.5251 2.2
    endloop
  endfacet
  facet normal 0 0 1
    outer loop
      vertex 26.7071 -33.2929 2.2
      vertex 21 -5.5 2.2
      vertex 26.6088 -33.2066 2.2
    endloop
  endfacet
  facet normal 0 0 1
    outer loop
      vertex 26.6088 -33.2066 2.2
      vertex 21 -5.5 2.2
      vertex 26.5 -33.134 2.2
    endloop
  endfacet
  facet normal 0 0 1
    outer loop
      vertex 26.5 -33.134 2.2
      vertex 21 -5.5 2.2
      vertex 26.3827 -33.0761 2.2
    endloop
  endfacet
  facet normal 0 0 1
    outer loop
      vertex 8.99998 30.8 2.2
      vertex 26.5251 37.5251 2.2
      vertex 26.2233 37.8693 2.2
    endloop
  endfacet
  facet normal 0 0 1
    outer loop
      vertex 26.3827 -33.0761 2.2
      vertex 21 -5.5 2.2
      vertex 26.2588 -33.0341 2.2
    endloop
  endfacet
  facet normal 0 0 1
    outer loop
      vertex 26.2588 -33.0341 2.2
      vertex 21 -5.5 2.2
      vertex 26.1305 -33.0086 2.2
    endloop
  endfacet
  facet normal 0 0 1
    outer loop
      vertex 8.98972 30.9566 2.2
      vertex 26.2233 37.8693 2.2
      vertex 25.9689 38.25 2.2
    endloop
  endfacet
  facet normal 0 0 1
    outer loop
      vertex 8.98972 30.9566 2.2
      vertex 25.9689 38.25 2.2
      vertex 25.7664 38.6606 2.2
    endloop
  endfacet
  facet normal 0 0 1
    outer loop
      vertex 8.98972 30.9566 2.2
      vertex 25.7664 38.6606 2.2
      vertex 25.6193 39.0941 2.2
    endloop
  endfacet
  facet normal 0 0 1
    outer loop
      vertex 10.5607 43.4393 2.2
      vertex 25.6193 39.0941 2.2
      vertex 25.5299 39.5432 2.2
    endloop
  endfacet
  facet normal 0 0 1
    outer loop
      vertex 10.69 43.5869 2.2
      vertex 25.5299 39.5432 2.2
      vertex 25.5 40 2.2
    endloop
  endfacet
  facet normal 0 0 1
    outer loop
      vertex 26.1305 -33.0086 2.2
      vertex 21 -5.5 2.2
      vertex 26 -33 2.2
    endloop
  endfacet
  facet normal 0 0 1
    outer loop
      vertex 21.0086 -33.8695 2.2
      vertex 21 -5.5 2.2
      vertex 21 -34 2.2
    endloop
  endfacet
  facet normal 0 0 1
    outer loop
      vertex 25.6193 40.9059 2.2
      vertex 10.9489 44.1118 2.2
      vertex 25.5299 40.4568 2.2
    endloop
  endfacet
  facet normal -0 0 1
    outer loop
      vertex 10.8858 43.926 2.2
      vertex 25.5299 40.4568 2.2
      vertex 10.9489 44.1118 2.2
    endloop
  endfacet
  facet normal 0 0 1
    outer loop
      vertex 25.5299 40.4568 2.2
      vertex 10.8858 43.926 2.2
      vertex 25.5 40 2.2
    endloop
  endfacet
  facet normal -0 0 1
    outer loop
      vertex 10.799 43.75 2.2
      vertex 25.5 40 2.2
      vertex 10.8858 43.926 2.2
    endloop
  endfacet
  facet normal -0 0 1
    outer loop
      vertex 10.69 43.5869 2.2
      vertex 25.5 40 2.2
      vertex 10.799 43.75 2.2
    endloop
  endfacet
  facet normal 0 0 1
    outer loop
      vertex 25.5299 39.5432 2.2
      vertex 10.69 43.5869 2.2
      vertex 10.5607 43.4393 2.2
    endloop
  endfacet
  facet normal 0 0 1
    outer loop
      vertex 8.98972 30.9566 2.2
      vertex 25.6193 39.0941 2.2
      vertex 10.5607 43.4393 2.2
    endloop
  endfacet
  facet normal 0 0 1
    outer loop
      vertex 8.98972 30.9566 2.2
      vertex 10.5607 43.4393 2.2
      vertex 10.4131 43.31 2.2
    endloop
  endfacet
  facet normal 0 0 1
    outer loop
      vertex 8.98972 30.9566 2.2
      vertex 10.4131 43.31 2.2
      vertex 10.25 43.201 2.2
    endloop
  endfacet
  facet normal 0 0 1
    outer loop
      vertex 8.98972 30.9566 2.2
      vertex 10.25 43.201 2.2
      vertex 10.074 43.1142 2.2
    endloop
  endfacet
  facet normal 0 0 1
    outer loop
      vertex 8.98972 30.9566 2.2
      vertex 10.074 43.1142 2.2
      vertex 9.88823 43.0511 2.2
    endloop
  endfacet
  facet normal 0 0 1
    outer loop
      vertex 8.98972 30.9566 2.2
      vertex 9.88823 43.0511 2.2
      vertex 9.69579 43.0128 2.2
    endloop
  endfacet
  facet normal 0 0 1
    outer loop
      vertex 8.2592 31.9086 2.2
      vertex 9.69579 43.0128 2.2
      vertex 9.5 43 2.2
    endloop
  endfacet
  facet normal 0 0 1
    outer loop
      vertex 26.8693 37.2233 2.2
      vertex 8.99998 30.8 2.2
      vertex 8.99998 25.2 2.2
    endloop
  endfacet
  facet normal 0 0 1
    outer loop
      vertex 27.6606 36.7664 2.2
      vertex 8.99998 25.2 2.2
      vertex 8.98972 25.0434 2.2
    endloop
  endfacet
  facet normal 0 0 1
    outer loop
      vertex 27.6606 36.7664 2.2
      vertex 8.98972 25.0434 2.2
      vertex 8.95909 24.8894 2.2
    endloop
  endfacet
  facet normal 0 0 1
    outer loop
      vertex 27.6606 36.7664 2.2
      vertex 8.95909 24.8894 2.2
      vertex 8.90865 24.7408 2.2
    endloop
  endfacet
  facet normal 0 0 1
    outer loop
      vertex 27.6606 36.7664 2.2
      vertex 8.90865 24.7408 2.2
      vertex 19 -3.5 2.2
    endloop
  endfacet
  facet normal -0 0 1
    outer loop
      vertex 8.83922 24.6 2.2
      vertex 19 -3.5 2.2
      vertex 8.90865 24.7408 2.2
    endloop
  endfacet
  facet normal -0 0 1
    outer loop
      vertex 8.75201 24.4695 2.2
      vertex 19 -3.5 2.2
      vertex 8.83922 24.6 2.2
    endloop
  endfacet
  facet normal -0 0 1
    outer loop
      vertex 8.64851 24.3515 2.2
      vertex 19 -3.5 2.2
      vertex 8.75201 24.4695 2.2
    endloop
  endfacet
  facet normal -0 0 1
    outer loop
      vertex 8.5305 24.248 2.2
      vertex 19 -3.5 2.2
      vertex 8.64851 24.3515 2.2
    endloop
  endfacet
  facet normal -0 0 1
    outer loop
      vertex 8.39999 24.1608 2.2
      vertex 19 -3.5 2.2
      vertex 8.5305 24.248 2.2
    endloop
  endfacet
  facet normal -0 0 1
    outer loop
      vertex 8.2592 24.0914 2.2
      vertex 19 -3.5 2.2
      vertex 8.39999 24.1608 2.2
    endloop
  endfacet
  facet normal -0 0 1
    outer loop
      vertex 8.11057 24.0409 2.2
      vertex 19 -3.5 2.2
      vertex 8.2592 24.0914 2.2
    endloop
  endfacet
  facet normal -0 0 1
    outer loop
      vertex 7.95662 24.0103 2.2
      vertex 19 -3.5 2.2
      vertex 8.11057 24.0409 2.2
    endloop
  endfacet
  facet normal -0 0 1
    outer loop
      vertex 7.79999 24 2.2
      vertex 19 -3.5 2.2
      vertex 7.95662 24.0103 2.2
    endloop
  endfacet
  facet normal -0 0 1
    outer loop
      vertex -7.79999 24 2.2
      vertex 19 -3.5 2.2
      vertex 7.79999 24 2.2
    endloop
  endfacet
  facet normal 0 0 1
    outer loop
      vertex -19 -3.5 2.2
      vertex -7.79999 24 2.2
      vertex -7.95662 24.0103 2.2
    endloop
  endfacet
  facet normal 0 0 1
    outer loop
      vertex -19 -3.5 2.2
      vertex -7.95662 24.0103 2.2
      vertex -8.11057 24.0409 2.2
    endloop
  endfacet
  facet normal 0 0 1
    outer loop
      vertex -19 -3.5 2.2
      vertex -8.11057 24.0409 2.2
      vertex -8.2592 24.0914 2.2
    endloop
  endfacet
  facet normal 0 0 1
    outer loop
      vertex -19 -3.5 2.2
      vertex -8.2592 24.0914 2.2
      vertex -8.39999 24.1608 2.2
    endloop
  endfacet
  facet normal 0 0 1
    outer loop
      vertex -19 -3.5 2.2
      vertex -8.39999 24.1608 2.2
      vertex -8.5305 24.248 2.2
    endloop
  endfacet
  facet normal 0 0 1
    outer loop
      vertex -19 -3.5 2.2
      vertex -8.5305 24.248 2.2
      vertex -8.64851 24.3515 2.2
    endloop
  endfacet
  facet normal 0 0 1
    outer loop
      vertex -10.5607 43.4393 2.2
      vertex -8.83922 31.4 2.2
      vertex -10.4131 43.31 2.2
    endloop
  endfacet
  facet normal 0 0 1
    outer loop
      vertex -25.6193 39.0941 2.2
      vertex -10.5607 43.4393 2.2
      vertex -25.5299 39.5432 2.2
    endloop
  endfacet
  facet normal 0 0 1
    outer loop
      vertex -25.5299 39.5432 2.2
      vertex -10.5607 43.4393 2.2
      vertex -10.69 43.5869 2.2
    endloop
  endfacet
  facet normal 0 0 1
    outer loop
      vertex -10.5607 43.4393 2.2
      vertex -25.6193 39.0941 2.2
      vertex -8.83922 31.4 2.2
    endloop
  endfacet
  facet normal 0 0 1
    outer loop
      vertex -25.5299 39.5432 2.2
      vertex -10.69 43.5869 2.2
      vertex -10.799 43.75 2.2
    endloop
  endfacet
  facet normal -0 0 1
    outer loop
      vertex -25.7664 38.6606 2.2
      vertex -8.83922 31.4 2.2
      vertex -25.6193 39.0941 2.2
    endloop
  endfacet
  facet normal 0 0 1
    outer loop
      vertex -25.5299 39.5432 2.2
      vertex -10.799 43.75 2.2
      vertex -10.8858 43.926 2.2
    endloop
  endfacet
  facet normal 0 0 1
    outer loop
      vertex -8.83922 31.4 2.2
      vertex -25.7664 38.6606 2.2
      vertex -8.90865 31.2592 2.2
    endloop
  endfacet
  facet normal 0 0 1
    outer loop
      vertex -11 44.5 2.2
      vertex -25.5299 39.5432 2.2
      vertex -10.9872 44.3042 2.2
    endloop
  endfacet
  facet normal 0 0 1
    outer loop
      vertex -10.9872 44.3042 2.2
      vertex -25.5299 39.5432 2.2
      vertex -10.9489 44.1118 2.2
    endloop
  endfacet
  facet normal 0 0 1
    outer loop
      vertex -11 51.5 2.2
      vertex -25.5299 39.5432 2.2
      vertex -11 44.5 2.2
    endloop
  endfacet
  facet normal 0 0 1
    outer loop
      vertex -25.5299 39.5432 2.2
      vertex -11 51.5 2.2
      vertex -22.7926 58.6765 2.2
    endloop
  endfacet
  facet normal 0 0 1
    outer loop
      vertex -7.79999 24 2.2
      vertex -19 -3.5 2.2
      vertex 19 -3.5 2.2
    endloop
  endfacet
  facet normal 0 0 1
    outer loop
      vertex -19.261 -3.51711 2.2
      vertex -8.64851 24.3515 2.2
      vertex -8.75201 24.4695 2.2
    endloop
  endfacet
  facet normal 0 0 1
    outer loop
      vertex -19.5176 -3.56815 2.2
      vertex -8.75201 24.4695 2.2
      vertex -8.83922 24.6 2.2
    endloop
  endfacet
  facet normal 0 0 1
    outer loop
      vertex -19.7654 -3.65224 2.2
      vertex -8.83922 24.6 2.2
      vertex -8.90865 24.7408 2.2
    endloop
  endfacet
  facet normal 0 0 1
    outer loop
      vertex -8.98972 30.9566 2.2
      vertex -26.2233 37.8693 2.2
      vertex -8.99998 30.8 2.2
    endloop
  endfacet
  facet normal -0 0 1
    outer loop
      vertex -26.2233 37.8693 2.2
      vertex -8.98972 30.9566 2.2
      vertex -25.9689 38.25 2.2
    endloop
  endfacet
  facet normal 0 0 1
    outer loop
      vertex -10.9489 44.1118 2.2
      vertex -25.5299 39.5432 2.2
      vertex -10.8858 43.926 2.2
    endloop
  endfacet
  facet normal 0 0 1
    outer loop
      vertex -10.9872 51.6958 2.2
      vertex -22.7926 58.6765 2.2
      vertex -11 51.5 2.2
    endloop
  endfacet
  facet normal 0 0 1
    outer loop
      vertex 34.6 70 2.2
      vertex 32.5 40 2.2
      vertex 34.6 -70 2.2
    endloop
  endfacet
  facet normal -0 0 1
    outer loop
      vertex 32.4701 39.5432 2.2
      vertex 34.6 -70 2.2
      vertex 32.5 40 2.2
    endloop
  endfacet
  facet normal 0 0 1
    outer loop
      vertex 32.4701 40.4568 2.2
      vertex 33.4743 67.6084 2.2
      vertex 33.3978 67.2235 2.2
    endloop
  endfacet
  facet normal 0 0 1
    outer loop
      vertex 34.6 -70 2.2
      vertex 33.4743 -67.6084 2.2
      vertex 33.5 -68 2.2
    endloop
  endfacet
  facet normal 0 0 1
    outer loop
      vertex 32.3807 40.9059 2.2
      vertex 33.3978 67.2235 2.2
      vertex 33.2716 66.852 2.2
    endloop
  endfacet
  facet normal -0 0 1
    outer loop
      vertex 32.3807 39.0941 2.2
      vertex 34.6 -70 2.2
      vertex 32.4701 39.5432 2.2
    endloop
  endfacet
  facet normal 0 0 1
    outer loop
      vertex 32.2336 41.3394 2.2
      vertex 33.2716 66.852 2.2
      vertex 33.0981 66.5 2.2
    endloop
  endfacet
  facet normal 0 0 1
    outer loop
      vertex 34.6 -70 2.2
      vertex 33.3978 -67.2235 2.2
      vertex 33.4743 -67.6084 2.2
    endloop
  endfacet
  facet normal 0 0 1
    outer loop
      vertex 32.0311 41.75 2.2
      vertex 33.0981 66.5 2.2
      vertex 32.8801 66.1737 2.2
    endloop
  endfacet
  facet normal -0 0 1
    outer loop
      vertex 26.9914 -33.8695 2.2
      vertex 34.6 -70 2.2
      vertex 32.3807 39.0941 2.2
    endloop
  endfacet
  facet normal 0 0 1
    outer loop
      vertex 31.7767 42.1307 2.2
      vertex 32.8801 66.1737 2.2
      vertex 32.6213 65.8787 2.2
    endloop
  endfacet
  facet normal -0 -0 1
    outer loop
      vertex 33.2716 -66.852 2.2
      vertex 34.6 -70 2.2
      vertex 27 -34 2.2
    endloop
  endfacet
  facet normal 0 0 1
    outer loop
      vertex 34.6 -70 2.2
      vertex 33.2716 -66.852 2.2
      vertex 33.3978 -67.2235 2.2
    endloop
  endfacet
  facet normal 0 0 1
    outer loop
      vertex 33.4743 67.6084 2.2
      vertex 32.4701 40.4568 2.2
      vertex 32.5 40 2.2
    endloop
  endfacet
  facet normal 0 0 1
    outer loop
      vertex 33.3978 67.2235 2.2
      vertex 32.3807 40.9059 2.2
      vertex 32.4701 40.4568 2.2
    endloop
  endfacet
  facet normal 0 0 1
    outer loop
      vertex 31.4749 42.4749 2.2
      vertex 32.6213 65.8787 2.2
      vertex 32.3263 65.6199 2.2
    endloop
  endfacet
  facet normal 0 0 1
    outer loop
      vertex 33.2716 66.852 2.2
      vertex 32.2336 41.3394 2.2
      vertex 32.3807 40.9059 2.2
    endloop
  endfacet
  facet normal 0 0 1
    outer loop
      vertex 33.0981 66.5 2.2
      vertex 32.0311 41.75 2.2
      vertex 32.2336 41.3394 2.2
    endloop
  endfacet
  facet normal 0 0 1
    outer loop
      vertex 31.1307 42.7767 2.2
      vertex 32.3263 65.6199 2.2
      vertex 32 65.4019 2.2
    endloop
  endfacet
  facet normal 0 0 1
    outer loop
      vertex 32.8801 66.1737 2.2
      vertex 31.7767 42.1307 2.2
      vertex 32.0311 41.75 2.2
    endloop
  endfacet
  facet normal 0 0 1
    outer loop
      vertex 30.75 43.0311 2.2
      vertex 32 65.4019 2.2
      vertex 31.648 65.2284 2.2
    endloop
  endfacet
  facet normal 0 0 1
    outer loop
      vertex 32.6213 65.8787 2.2
      vertex 31.4749 42.4749 2.2
      vertex 31.7767 42.1307 2.2
    endloop
  endfacet
  facet normal 0 0 1
    outer loop
      vertex 30.3394 43.2336 2.2
      vertex 31.648 65.2284 2.2
      vertex 31.2765 65.1022 2.2
    endloop
  endfacet
  facet normal 0 0 1
    outer loop
      vertex 32.3263 65.6199 2.2
      vertex 31.1307 42.7767 2.2
      vertex 31.4749 42.4749 2.2
    endloop
  endfacet
  facet normal 0 0 1
    outer loop
      vertex 29.9059 43.3807 2.2
      vertex 31.2765 65.1022 2.2
      vertex 30.8916 65.0257 2.2
    endloop
  endfacet
  facet normal 0 0 1
    outer loop
      vertex 32 65.4019 2.2
      vertex 30.75 43.0311 2.2
      vertex 31.1307 42.7767 2.2
    endloop
  endfacet
  facet normal 0 0 1
    outer loop
      vertex 29.4568 43.4701 2.2
      vertex 30.8916 65.0257 2.2
      vertex 30.5 65 2.2
    endloop
  endfacet
  facet normal 0 0 1
    outer loop
      vertex 31.648 65.2284 2.2
      vertex 30.3394 43.2336 2.2
      vertex 30.75 43.0311 2.2
    endloop
  endfacet
  facet normal 0 0 1
    outer loop
      vertex 29 43.5 2.2
      vertex 30.5 65 2.2
      vertex 30.1084 65.0257 2.2
    endloop
  endfacet
  facet normal 0 0 1
    outer loop
      vertex 31.2765 65.1022 2.2
      vertex 29.9059 43.3807 2.2
      vertex 30.3394 43.2336 2.2
    endloop
  endfacet
  facet normal 0 0 1
    outer loop
      vertex 28.5432 43.4701 2.2
      vertex 30.1084 65.0257 2.2
      vertex 29.7235 65.1022 2.2
    endloop
  endfacet
  facet normal 0 0 1
    outer loop
      vertex 30.8916 65.0257 2.2
      vertex 29.4568 43.4701 2.2
      vertex 29.9059 43.3807 2.2
    endloop
  endfacet
  facet normal 0 0 1
    outer loop
      vertex 28.0941 43.3807 2.2
      vertex 29.7235 65.1022 2.2
      vertex 29.3519 65.2284 2.2
    endloop
  endfacet
  facet normal 0 0 1
    outer loop
      vertex 27.6606 43.2336 2.2
      vertex 29.3519 65.2284 2.2
      vertex 29 65.4019 2.2
    endloop
  endfacet
  facet normal 0 0 1
    outer loop
      vertex 30.5 65 2.2
      vertex 29 43.5 2.2
      vertex 29.4568 43.4701 2.2
    endloop
  endfacet
  facet normal 0 0 1
    outer loop
      vertex 10.9489 51.8882 2.2
      vertex 29 65.4019 2.2
      vertex 28.6737 65.6199 2.2
    endloop
  endfacet
  facet normal 0 0 1
    outer loop
      vertex 30.1084 65.0257 2.2
      vertex 28.5432 43.4701 2.2
      vertex 29 43.5 2.2
    endloop
  endfacet
  facet normal 0 0 1
    outer loop
      vertex 10.8858 52.074 2.2
      vertex 28.6737 65.6199 2.2
      vertex 28.3787 65.8787 2.2
    endloop
  endfacet
  facet normal 0 0 1
    outer loop
      vertex 10.69 52.4131 2.2
      vertex 28.3787 65.8787 2.2
      vertex 28.1199 66.1737 2.2
    endloop
  endfacet
  facet normal 0 0 1
    outer loop
      vertex 29.7235 65.1022 2.2
      vertex 28.0941 43.3807 2.2
      vertex 28.5432 43.4701 2.2
    endloop
  endfacet
  facet normal 0 0 1
    outer loop
      vertex 10.5607 52.5607 2.2
      vertex 28.1199 66.1737 2.2
      vertex 27.9019 66.5 2.2
    endloop
  endfacet
  facet normal 0 0 1
    outer loop
      vertex 10.4131 52.69 2.2
      vertex 27.9019 66.5 2.2
      vertex 27.7284 66.852 2.2
    endloop
  endfacet
  facet normal 0 0 1
    outer loop
      vertex 29.3519 65.2284 2.2
      vertex 27.6606 43.2336 2.2
      vertex 28.0941 43.3807 2.2
    endloop
  endfacet
  facet normal 0 0 1
    outer loop
      vertex 10.25 52.799 2.2
      vertex 27.7284 66.852 2.2
      vertex 27.6022 67.2235 2.2
    endloop
  endfacet
  facet normal 0 0 1
    outer loop
      vertex 10.074 52.8858 2.2
      vertex 27.6022 67.2235 2.2
      vertex 27.5257 67.6084 2.2
    endloop
  endfacet
  facet normal 0 0 1
    outer loop
      vertex 9.88823 52.9489 2.2
      vertex 27.5257 67.6084 2.2
      vertex 27.5 68 2.2
    endloop
  endfacet
  facet normal 0 0 1
    outer loop
      vertex 29 65.4019 2.2
      vertex 10.9489 51.8882 2.2
      vertex 27.6606 43.2336 2.2
    endloop
  endfacet
  facet normal 0 0 1
    outer loop
      vertex 33.4743 67.6084 2.2
      vertex 34.6 70 2.2
      vertex 33.5 68 2.2
    endloop
  endfacet
  facet normal 0 0 1
    outer loop
      vertex 34.6 70 2.2
      vertex 33.4743 68.3916 2.2
      vertex 33.5 68 2.2
    endloop
  endfacet
  facet normal 0 0 1
    outer loop
      vertex 34.6 70 2.2
      vertex 33.3978 68.7765 2.2
      vertex 33.4743 68.3916 2.2
    endloop
  endfacet
  facet normal 0 0 1
    outer loop
      vertex 34.6 70 2.2
      vertex 33.2716 69.148 2.2
      vertex 33.3978 68.7765 2.2
    endloop
  endfacet
  facet normal 0 0 1
    outer loop
      vertex 34.6 70 2.2
      vertex 33.0981 69.5 2.2
      vertex 33.2716 69.148 2.2
    endloop
  endfacet
  facet normal 0 0 1
    outer loop
      vertex 34.6 70 2.2
      vertex 32.8801 69.8263 2.2
      vertex 33.0981 69.5 2.2
    endloop
  endfacet
  facet normal 0 0 1
    outer loop
      vertex 34.6 70 2.2
      vertex 32.6213 70.1213 2.2
      vertex 32.8801 69.8263 2.2
    endloop
  endfacet
  facet normal 0 0 1
    outer loop
      vertex 34.6 70 2.2
      vertex 32.3263 70.3801 2.2
      vertex 32.6213 70.1213 2.2
    endloop
  endfacet
  facet normal 0 0 1
    outer loop
      vertex 34.6 70 2.2
      vertex 32 70.5981 2.2
      vertex 32.3263 70.3801 2.2
    endloop
  endfacet
  facet normal 0 0 1
    outer loop
      vertex 30 74.6 2.2
      vertex 32 70.5981 2.2
      vertex 34.6 70 2.2
    endloop
  endfacet
  facet normal 0 0 1
    outer loop
      vertex 32 70.5981 2.2
      vertex 30 74.6 2.2
      vertex 31.648 70.7716 2.2
    endloop
  endfacet
  facet normal 0 0 1
    outer loop
      vertex 31.648 70.7716 2.2
      vertex 30 74.6 2.2
      vertex 31.2765 70.8978 2.2
    endloop
  endfacet
  facet normal 0 0 1
    outer loop
      vertex 30 74.6 2.2
      vertex 30.8916 70.9743 2.2
      vertex 31.2765 70.8978 2.2
    endloop
  endfacet
  facet normal 0 0 1
    outer loop
      vertex 30 74.6 2.2
      vertex 30.5 71 2.2
      vertex 30.8916 70.9743 2.2
    endloop
  endfacet
  facet normal 0 0 1
    outer loop
      vertex 30 74.6 2.2
      vertex 30.1084 70.9743 2.2
      vertex 30.5 71 2.2
    endloop
  endfacet
  facet normal 0 0 1
    outer loop
      vertex 30 74.6 2.2
      vertex 29.7235 70.8978 2.2
      vertex 30.1084 70.9743 2.2
    endloop
  endfacet
  facet normal 0 0 1
    outer loop
      vertex 30 74.6 2.2
      vertex 29.3519 70.7716 2.2
      vertex 29.7235 70.8978 2.2
    endloop
  endfacet
  facet normal 0 0 1
    outer loop
      vertex 30 74.6 2.2
      vertex 29 70.5981 2.2
      vertex 29.3519 70.7716 2.2
    endloop
  endfacet
  facet normal 0 0 1
    outer loop
      vertex 30 74.6 2.2
      vertex 28.6737 70.3801 2.2
      vertex 29 70.5981 2.2
    endloop
  endfacet
  facet normal 0 0 1
    outer loop
      vertex 30 74.6 2.2
      vertex 28.3787 70.1213 2.2
      vertex 28.6737 70.3801 2.2
    endloop
  endfacet
  facet normal 0 0 1
    outer loop
      vertex 30 74.6 2.2
      vertex 28.1199 69.8263 2.2
      vertex 28.3787 70.1213 2.2
    endloop
  endfacet
  facet normal 0 0 1
    outer loop
      vertex 30 74.6 2.2
      vertex 27.9019 69.5 2.2
      vertex 28.1199 69.8263 2.2
    endloop
  endfacet
  facet normal 0 0 1
    outer loop
      vertex -27.9019 69.5 2.2
      vertex 27.9019 69.5 2.2
      vertex 30 74.6 2.2
    endloop
  endfacet
  facet normal -0 -0 1
    outer loop
      vertex 10.9872 51.6958 2.2
      vertex 27.6606 43.2336 2.2
      vertex 10.9489 51.8882 2.2
    endloop
  endfacet
  facet normal 0 0 1
    outer loop
      vertex 27.6606 43.2336 2.2
      vertex 10.9872 51.6958 2.2
      vertex 27.25 43.0311 2.2
    endloop
  endfacet
  facet normal -0 -0 1
    outer loop
      vertex 11 51.5 2.2
      vertex 27.25 43.0311 2.2
      vertex 10.9872 51.6958 2.2
    endloop
  endfacet
  facet normal 0 0 1
    outer loop
      vertex 27.25 43.0311 2.2
      vertex 11 51.5 2.2
      vertex 26.8693 42.7767 2.2
    endloop
  endfacet
  facet normal 0 0 1
    outer loop
      vertex 26.8693 42.7767 2.2
      vertex 11 51.5 2.2
      vertex 26.5251 42.4749 2.2
    endloop
  endfacet
  facet normal 0 0 1
    outer loop
      vertex 26.5251 42.4749 2.2
      vertex 11 51.5 2.2
      vertex 26.2233 42.1307 2.2
    endloop
  endfacet
  facet normal 0 0 1
    outer loop
      vertex 9.69579 52.9872 2.2
      vertex 27.5 68 2.2
      vertex 27.5257 68.3916 2.2
    endloop
  endfacet
  facet normal -0 0 1
    outer loop
      vertex 11 44.5 2.2
      vertex 26.2233 42.1307 2.2
      vertex 11 51.5 2.2
    endloop
  endfacet
  facet normal 0 0 1
    outer loop
      vertex 26 -33 2.2
      vertex 21 -5.5 2.2
      vertex 22 -33 2.2
    endloop
  endfacet
  facet normal 0 0 1
    outer loop
      vertex 22 -33 2.2
      vertex 21 -5.5 2.2
      vertex 21.8695 -33.0086 2.2
    endloop
  endfacet
  facet normal 0 0 1
    outer loop
      vertex 21.8695 -33.0086 2.2
      vertex 21 -5.5 2.2
      vertex 21.7412 -33.0341 2.2
    endloop
  endfacet
  facet normal 0 0 1
    outer loop
      vertex 21.7412 -33.0341 2.2
      vertex 21 -5.5 2.2
      vertex 21.6173 -33.0761 2.2
    endloop
  endfacet
  facet normal 0 0 1
    outer loop
      vertex 21.6173 -33.0761 2.2
      vertex 21 -5.5 2.2
      vertex 21.5 -33.134 2.2
    endloop
  endfacet
  facet normal 0 0 1
    outer loop
      vertex 21.5 -33.134 2.2
      vertex 21 -5.5 2.2
      vertex 21.3912 -33.2066 2.2
    endloop
  endfacet
  facet normal 0 0 1
    outer loop
      vertex 21.3912 -33.2066 2.2
      vertex 21 -5.5 2.2
      vertex 21.2929 -33.2929 2.2
    endloop
  endfacet
  facet normal 0 0 1
    outer loop
      vertex 21.2929 -33.2929 2.2
      vertex 21 -5.5 2.2
      vertex 21.2066 -33.3912 2.2
    endloop
  endfacet
  facet normal 0 0 1
    outer loop
      vertex 21.2066 -33.3912 2.2
      vertex 21 -5.5 2.2
      vertex 21.134 -33.5 2.2
    endloop
  endfacet
  facet normal 0 0 1
    outer loop
      vertex 21.134 -33.5 2.2
      vertex 21 -5.5 2.2
      vertex 21.0761 -33.6173 2.2
    endloop
  endfacet
  facet normal 0 0 1
    outer loop
      vertex 21.0761 -33.6173 2.2
      vertex 21 -5.5 2.2
      vertex 21.0341 -33.7412 2.2
    endloop
  endfacet
  facet normal 0 0 1
    outer loop
      vertex 21.0341 -33.7412 2.2
      vertex 21 -5.5 2.2
      vertex 21.0086 -33.8695 2.2
    endloop
  endfacet
  facet normal 0 0 1
    outer loop
      vertex 25.7664 41.3394 2.2
      vertex 10.9872 44.3042 2.2
      vertex 25.6193 40.9059 2.2
    endloop
  endfacet
  facet normal 0 0 1
    outer loop
      vertex 25.9689 41.75 2.2
      vertex 11 44.5 2.2
      vertex 25.7664 41.3394 2.2
    endloop
  endfacet
  facet normal 0 0 1
    outer loop
      vertex 27.6606 36.7664 2.2
      vertex 20.9829 -5.23895 2.2
      vertex 21 -5.5 2.2
    endloop
  endfacet
  facet normal 0 0 1
    outer loop
      vertex 27.6606 36.7664 2.2
      vertex 20.9319 -4.98236 2.2
      vertex 20.9829 -5.23895 2.2
    endloop
  endfacet
  facet normal 0 0 1
    outer loop
      vertex 27.6606 36.7664 2.2
      vertex 20.8478 -4.73463 2.2
      vertex 20.9319 -4.98236 2.2
    endloop
  endfacet
  facet normal 0 0 1
    outer loop
      vertex 27.6606 36.7664 2.2
      vertex 20.7321 -4.5 2.2
      vertex 20.8478 -4.73463 2.2
    endloop
  endfacet
  facet normal 0 0 1
    outer loop
      vertex 27.6606 36.7664 2.2
      vertex 20.5867 -4.28247 2.2
      vertex 20.7321 -4.5 2.2
    endloop
  endfacet
  facet normal 0 0 1
    outer loop
      vertex 27.6606 36.7664 2.2
      vertex 20.4142 -4.08578 2.2
      vertex 20.5867 -4.28247 2.2
    endloop
  endfacet
  facet normal 0 0 1
    outer loop
      vertex 27.6606 36.7664 2.2
      vertex 20.2175 -3.9133 2.2
      vertex 20.4142 -4.08578 2.2
    endloop
  endfacet
  facet normal -0 0 1
    outer loop
      vertex 10.9489 44.1118 2.2
      vertex 25.6193 40.9059 2.2
      vertex 10.9872 44.3042 2.2
    endloop
  endfacet
  facet normal 0 0 1
    outer loop
      vertex 27.6606 36.7664 2.2
      vertex 20 -3.76794 2.2
      vertex 20.2175 -3.9133 2.2
    endloop
  endfacet
  facet normal 0 0 1
    outer loop
      vertex 27.6606 36.7664 2.2
      vertex 19.7654 -3.65224 2.2
      vertex 20 -3.76794 2.2
    endloop
  endfacet
  facet normal 0 0 1
    outer loop
      vertex 27.6606 36.7664 2.2
      vertex 19.5176 -3.56815 2.2
      vertex 19.7654 -3.65224 2.2
    endloop
  endfacet
  facet normal 0 0 1
    outer loop
      vertex 27.6606 36.7664 2.2
      vertex 19.261 -3.51711 2.2
      vertex 19.5176 -3.56815 2.2
    endloop
  endfacet
  facet normal 0 0 1
    outer loop
      vertex 27.6606 36.7664 2.2
      vertex 19 -3.5 2.2
      vertex 19.261 -3.51711 2.2
    endloop
  endfacet
  facet normal 0 0 1
    outer loop
      vertex 9.5 53 2.2
      vertex 27.5257 68.3916 2.2
      vertex 27.6022 68.7765 2.2
    endloop
  endfacet
  facet normal 0 0 1
    outer loop
      vertex 9.5 53 2.2
      vertex 27.6022 68.7765 2.2
      vertex 27.7284 69.148 2.2
    endloop
  endfacet
  facet normal 0 0 1
    outer loop
      vertex 27.9019 69.5 2.2
      vertex -27.9019 69.5 2.2
      vertex 27.7284 69.148 2.2
    endloop
  endfacet
  facet normal -0 0 1
    outer loop
      vertex 10.9872 44.3042 2.2
      vertex 25.7664 41.3394 2.2
      vertex 11 44.5 2.2
    endloop
  endfacet
  facet normal 0 0 1
    outer loop
      vertex 26.2233 42.1307 2.2
      vertex 11 44.5 2.2
      vertex 25.9689 41.75 2.2
    endloop
  endfacet
  facet normal 0 0 1
    outer loop
      vertex 28.6737 65.6199 2.2
      vertex 10.8858 52.074 2.2
      vertex 10.9489 51.8882 2.2
    endloop
  endfacet
  facet normal 0 0 1
    outer loop
      vertex 28.3787 65.8787 2.2
      vertex 10.799 52.25 2.2
      vertex 10.8858 52.074 2.2
    endloop
  endfacet
  facet normal 0 0 1
    outer loop
      vertex 28.3787 65.8787 2.2
      vertex 10.69 52.4131 2.2
      vertex 10.799 52.25 2.2
    endloop
  endfacet
  facet normal 0 0 1
    outer loop
      vertex 28.1199 66.1737 2.2
      vertex 10.5607 52.5607 2.2
      vertex 10.69 52.4131 2.2
    endloop
  endfacet
  facet normal 0 0 1
    outer loop
      vertex 27.9019 66.5 2.2
      vertex 10.4131 52.69 2.2
      vertex 10.5607 52.5607 2.2
    endloop
  endfacet
  facet normal 0 0 1
    outer loop
      vertex 27.7284 66.852 2.2
      vertex 10.25 52.799 2.2
      vertex 10.4131 52.69 2.2
    endloop
  endfacet
  facet normal 0 0 1
    outer loop
      vertex 27.6022 67.2235 2.2
      vertex 10.074 52.8858 2.2
      vertex 10.25 52.799 2.2
    endloop
  endfacet
  facet normal 0 0 1
    outer loop
      vertex 27.5257 67.6084 2.2
      vertex 9.88823 52.9489 2.2
      vertex 10.074 52.8858 2.2
    endloop
  endfacet
  facet normal 0 0 1
    outer loop
      vertex 27.5 68 2.2
      vertex 9.69579 52.9872 2.2
      vertex 9.88823 52.9489 2.2
    endloop
  endfacet
  facet normal 0 0 1
    outer loop
      vertex 27.5257 68.3916 2.2
      vertex 9.5 53 2.2
      vertex 9.69579 52.9872 2.2
    endloop
  endfacet
  facet normal 0 0 1
    outer loop
      vertex 27.7284 69.148 2.2
      vertex -9.5 53 2.2
      vertex 9.5 53 2.2
    endloop
  endfacet
  facet normal 0 0 1
    outer loop
      vertex 27.7284 69.148 2.2
      vertex -27.7284 69.148 2.2
      vertex -9.5 53 2.2
    endloop
  endfacet
  facet normal -0 -0 1
    outer loop
      vertex -27.6022 68.7765 2.2
      vertex -9.5 53 2.2
      vertex -27.7284 69.148 2.2
    endloop
  endfacet
  facet normal -0 -0 1
    outer loop
      vertex -23.0083 59.761 2.2
      vertex -9.5 53 2.2
      vertex -27.6022 68.7765 2.2
    endloop
  endfacet
  facet normal -0 -0 1
    outer loop
      vertex -22.9175 59.625 2.2
      vertex -9.5 53 2.2
      vertex -23.0083 59.761 2.2
    endloop
  endfacet
  facet normal 0 0 1
    outer loop
      vertex -10.9489 51.8882 2.2
      vertex -22.7926 58.6765 2.2
      vertex -10.9872 51.6958 2.2
    endloop
  endfacet
  facet normal 0 0 1
    outer loop
      vertex -10.8858 52.074 2.2
      vertex -22.7926 58.6765 2.2
      vertex -10.9489 51.8882 2.2
    endloop
  endfacet
  facet normal 0 0 1
    outer loop
      vertex -8.64851 24.3515 2.2
      vertex -19.261 -3.51711 2.2
      vertex -19 -3.5 2.2
    endloop
  endfacet
  facet normal 0 0 1
    outer loop
      vertex -8.75201 24.4695 2.2
      vertex -19.5176 -3.56815 2.2
      vertex -19.261 -3.51711 2.2
    endloop
  endfacet
  facet normal 0 0 1
    outer loop
      vertex -8.83922 24.6 2.2
      vertex -19.7654 -3.65224 2.2
      vertex -19.5176 -3.56815 2.2
    endloop
  endfacet
  facet normal 0 0 1
    outer loop
      vertex -8.95909 31.1106 2.2
      vertex -25.9689 38.25 2.2
      vertex -8.98972 30.9566 2.2
    endloop
  endfacet
  facet normal -0 0 1
    outer loop
      vertex -27.25 36.9689 2.2
      vertex -8.99998 25.2 2.2
      vertex -26.8693 37.2233 2.2
    endloop
  endfacet
  facet normal -0 0 1
    outer loop
      vertex -26.5251 37.5251 2.2
      vertex -8.99998 30.8 2.2
      vertex -26.2233 37.8693 2.2
    endloop
  endfacet
  facet normal -0 0 1
    outer loop
      vertex -26.8693 37.2233 2.2
      vertex -8.99998 30.8 2.2
      vertex -26.5251 37.5251 2.2
    endloop
  endfacet
  facet normal -0 0 1
    outer loop
      vertex -25.9689 38.25 2.2
      vertex -8.90865 31.2592 2.2
      vertex -25.7664 38.6606 2.2
    endloop
  endfacet
  facet normal 0 0 1
    outer loop
      vertex -8.90865 31.2592 2.2
      vertex -25.9689 38.25 2.2
      vertex -8.95909 31.1106 2.2
    endloop
  endfacet
  facet normal 0 0 1
    outer loop
      vertex -8.99998 30.8 2.2
      vertex -26.8693 37.2233 2.2
      vertex -8.99998 25.2 2.2
    endloop
  endfacet
  facet normal -0 0 1
    outer loop
      vertex -27.6606 36.7664 2.2
      vertex -8.99998 25.2 2.2
      vertex -27.25 36.9689 2.2
    endloop
  endfacet
  facet normal 0 0 1
    outer loop
      vertex -21 -5.5 2.2
      vertex -21.0086 -33.8695 2.2
      vertex -21 -34 2.2
    endloop
  endfacet
  facet normal 0 0 1
    outer loop
      vertex -21 -5.5 2.2
      vertex -21.0341 -33.7412 2.2
      vertex -21.0086 -33.8695 2.2
    endloop
  endfacet
  facet normal 0 0 1
    outer loop
      vertex -21 -5.5 2.2
      vertex -21.0761 -33.6173 2.2
      vertex -21.0341 -33.7412 2.2
    endloop
  endfacet
  facet normal 0 0 1
    outer loop
      vertex -21 -5.5 2.2
      vertex -21.134 -33.5 2.2
      vertex -21.0761 -33.6173 2.2
    endloop
  endfacet
  facet normal 0 0 1
    outer loop
      vertex -21 -5.5 2.2
      vertex -21.2066 -33.3912 2.2
      vertex -21.134 -33.5 2.2
    endloop
  endfacet
  facet normal 0 0 1
    outer loop
      vertex -21 -5.5 2.2
      vertex -21.2929 -33.2929 2.2
      vertex -21.2066 -33.3912 2.2
    endloop
  endfacet
  facet normal 0 0 1
    outer loop
      vertex -21 -5.5 2.2
      vertex -21.3912 -33.2066 2.2
      vertex -21.2929 -33.2929 2.2
    endloop
  endfacet
  facet normal 0 0 1
    outer loop
      vertex -21 -5.5 2.2
      vertex -21.5 -33.134 2.2
      vertex -21.3912 -33.2066 2.2
    endloop
  endfacet
  facet normal 0 0 1
    outer loop
      vertex -21 -5.5 2.2
      vertex -21.6173 -33.0761 2.2
      vertex -21.5 -33.134 2.2
    endloop
  endfacet
  facet normal 0 0 1
    outer loop
      vertex -21 -5.5 2.2
      vertex -21.7412 -33.0341 2.2
      vertex -21.6173 -33.0761 2.2
    endloop
  endfacet
  facet normal 0 0 1
    outer loop
      vertex -21 -5.5 2.2
      vertex -21.8695 -33.0086 2.2
      vertex -21.7412 -33.0341 2.2
    endloop
  endfacet
  facet normal 0 0 1
    outer loop
      vertex -21 -5.5 2.2
      vertex -22 -33 2.2
      vertex -21.8695 -33.0086 2.2
    endloop
  endfacet
  facet normal 0 0 1
    outer loop
      vertex -8.98972 25.0434 2.2
      vertex -28.0941 36.6193 2.2
      vertex -8.95909 24.8894 2.2
    endloop
  endfacet
  facet normal -0 0 1
    outer loop
      vertex -28.0941 36.6193 2.2
      vertex -8.98972 25.0434 2.2
      vertex -27.6606 36.7664 2.2
    endloop
  endfacet
  facet normal 0 0 1
    outer loop
      vertex -8.99998 25.2 2.2
      vertex -27.6606 36.7664 2.2
      vertex -8.98972 25.0434 2.2
    endloop
  endfacet
  facet normal 0 0 1
    outer loop
      vertex -10.799 52.25 2.2
      vertex -22.7926 58.6765 2.2
      vertex -10.8858 52.074 2.2
    endloop
  endfacet
  facet normal 0 0 1
    outer loop
      vertex -10.69 52.4131 2.2
      vertex -22.7926 58.6765 2.2
      vertex -10.799 52.25 2.2
    endloop
  endfacet
  facet normal 0 0 1
    outer loop
      vertex -10.5607 52.5607 2.2
      vertex -22.7926 58.6765 2.2
      vertex -10.69 52.4131 2.2
    endloop
  endfacet
  facet normal -0 0 1
    outer loop
      vertex -22.7926 58.6765 2.2
      vertex -10.5607 52.5607 2.2
      vertex -22.7607 58.8368 2.2
    endloop
  endfacet
  facet normal 0 0 1
    outer loop
      vertex -10.4131 52.69 2.2
      vertex -22.7607 58.8368 2.2
      vertex -10.5607 52.5607 2.2
    endloop
  endfacet
  facet normal -0 0 1
    outer loop
      vertex -22.7607 58.8368 2.2
      vertex -10.4131 52.69 2.2
      vertex -22.75 59 2.2
    endloop
  endfacet
  facet normal 0 0 1
    outer loop
      vertex -10.25 52.799 2.2
      vertex -22.75 59 2.2
      vertex -10.4131 52.69 2.2
    endloop
  endfacet
  facet normal 0 0 1
    outer loop
      vertex -9.5 53 2.2
      vertex -22.9175 59.625 2.2
      vertex -9.69579 52.9872 2.2
    endloop
  endfacet
  facet normal 0 0 1
    outer loop
      vertex -10.25 52.799 2.2
      vertex -22.7607 59.1632 2.2
      vertex -22.75 59 2.2
    endloop
  endfacet
  facet normal 0 0 1
    outer loop
      vertex -10.074 52.8858 2.2
      vertex -22.7607 59.1632 2.2
      vertex -10.25 52.799 2.2
    endloop
  endfacet
  facet normal -0 -0 1
    outer loop
      vertex -22.7607 59.1632 2.2
      vertex -10.074 52.8858 2.2
      vertex -22.7926 59.3235 2.2
    endloop
  endfacet
  facet normal 0 0 1
    outer loop
      vertex -9.88823 52.9489 2.2
      vertex -22.7926 59.3235 2.2
      vertex -10.074 52.8858 2.2
    endloop
  endfacet
  facet normal -0 -0 1
    outer loop
      vertex -22.7926 59.3235 2.2
      vertex -9.88823 52.9489 2.2
      vertex -22.8451 59.4784 2.2
    endloop
  endfacet
  facet normal 0 0 1
    outer loop
      vertex -9.69579 52.9872 2.2
      vertex -22.8451 59.4784 2.2
      vertex -9.88823 52.9489 2.2
    endloop
  endfacet
  facet normal 0 0 1
    outer loop
      vertex -23.0083 59.761 2.2
      vertex -27.6022 68.7765 2.2
      vertex -23.1161 59.8839 2.2
    endloop
  endfacet
  facet normal -0 -0 1
    outer loop
      vertex -27.5257 68.3916 2.2
      vertex -23.1161 59.8839 2.2
      vertex -27.6022 68.7765 2.2
    endloop
  endfacet
  facet normal 0 0 1
    outer loop
      vertex -23.1161 59.8839 2.2
      vertex -27.5257 68.3916 2.2
      vertex -23.239 59.9917 2.2
    endloop
  endfacet
  facet normal -0 -0 1
    outer loop
      vertex -27.5 68 2.2
      vertex -23.239 59.9917 2.2
      vertex -27.5257 68.3916 2.2
    endloop
  endfacet
  facet normal 0 0 1
    outer loop
      vertex -23.239 59.9917 2.2
      vertex -27.5 68 2.2
      vertex -23.375 60.0825 2.2
    endloop
  endfacet
  facet normal -0 0 1
    outer loop
      vertex -27.5257 67.6084 2.2
      vertex -23.375 60.0825 2.2
      vertex -27.5 68 2.2
    endloop
  endfacet
  facet normal 0 0 1
    outer loop
      vertex -23.375 60.0825 2.2
      vertex -27.5257 67.6084 2.2
      vertex -23.5216 60.1549 2.2
    endloop
  endfacet
  facet normal -0 0 1
    outer loop
      vertex -27.6022 67.2235 2.2
      vertex -23.5216 60.1549 2.2
      vertex -27.5257 67.6084 2.2
    endloop
  endfacet
  facet normal 0 0 1
    outer loop
      vertex -22.8451 58.5216 2.2
      vertex -25.5299 40.4568 2.2
      vertex -25.5 40 2.2
    endloop
  endfacet
  facet normal 0 0 1
    outer loop
      vertex -22.9175 58.375 2.2
      vertex -25.6193 40.9059 2.2
      vertex -25.5299 40.4568 2.2
    endloop
  endfacet
  facet normal 0 0 1
    outer loop
      vertex -23.0083 58.239 2.2
      vertex -25.7664 41.3394 2.2
      vertex -25.6193 40.9059 2.2
    endloop
  endfacet
  facet normal 0 0 1
    outer loop
      vertex -23.1161 58.1161 2.2
      vertex -25.9689 41.75 2.2
      vertex -25.7664 41.3394 2.2
    endloop
  endfacet
  facet normal 0 0 1
    outer loop
      vertex -23.239 58.0083 2.2
      vertex -26.2233 42.1307 2.2
      vertex -25.9689 41.75 2.2
    endloop
  endfacet
  facet normal 0 0 1
    outer loop
      vertex -23.375 57.9175 2.2
      vertex -26.5251 42.4749 2.2
      vertex -26.2233 42.1307 2.2
    endloop
  endfacet
  facet normal 0 0 1
    outer loop
      vertex -24.625 60.0825 2.2
      vertex -28.6737 65.6199 2.2
      vertex -24.761 59.9917 2.2
    endloop
  endfacet
  facet normal 0 0 1
    outer loop
      vertex -23.6765 57.7926 2.2
      vertex -26.8693 42.7767 2.2
      vertex -26.5251 42.4749 2.2
    endloop
  endfacet
  facet normal 0 0 1
    outer loop
      vertex -23.8368 57.7607 2.2
      vertex -27.25 43.0311 2.2
      vertex -26.8693 42.7767 2.2
    endloop
  endfacet
  facet normal 0 0 1
    outer loop
      vertex -24.761 59.9917 2.2
      vertex -29 65.4019 2.2
      vertex -24.8839 59.8839 2.2
    endloop
  endfacet
  facet normal -0 0 1
    outer loop
      vertex -28.6737 65.6199 2.2
      vertex -24.625 60.0825 2.2
      vertex -28.3787 65.8787 2.2
    endloop
  endfacet
  facet normal 0 0 1
    outer loop
      vertex -24.4784 60.1549 2.2
      vertex -28.3787 65.8787 2.2
      vertex -24.625 60.0825 2.2
    endloop
  endfacet
  facet normal 0 0 1
    outer loop
      vertex -24.3235 60.2074 2.2
      vertex -28.3787 65.8787 2.2
      vertex -24.4784 60.1549 2.2
    endloop
  endfacet
  facet normal -0 0 1
    outer loop
      vertex -28.3787 65.8787 2.2
      vertex -24.3235 60.2074 2.2
      vertex -28.1199 66.1737 2.2
    endloop
  endfacet
  facet normal 0 0 1
    outer loop
      vertex -24.1632 60.2393 2.2
      vertex -28.1199 66.1737 2.2
      vertex -24.3235 60.2074 2.2
    endloop
  endfacet
  facet normal -0 0 1
    outer loop
      vertex -28.1199 66.1737 2.2
      vertex -24.1632 60.2393 2.2
      vertex -27.9019 66.5 2.2
    endloop
  endfacet
  facet normal 0 0 1
    outer loop
      vertex -24 60.25 2.2
      vertex -27.9019 66.5 2.2
      vertex -24.1632 60.2393 2.2
    endloop
  endfacet
  facet normal -0 0 1
    outer loop
      vertex -27.9019 66.5 2.2
      vertex -24 60.25 2.2
      vertex -27.7284 66.852 2.2
    endloop
  endfacet
  facet normal 0 0 1
    outer loop
      vertex -23.8368 60.2393 2.2
      vertex -27.7284 66.852 2.2
      vertex -24 60.25 2.2
    endloop
  endfacet
  facet normal 0 0 1
    outer loop
      vertex -23.5216 60.1549 2.2
      vertex -27.6022 67.2235 2.2
      vertex -23.6765 60.2074 2.2
    endloop
  endfacet
  facet normal -0 0 1
    outer loop
      vertex -27.7284 66.852 2.2
      vertex -23.8368 60.2393 2.2
      vertex -27.6022 67.2235 2.2
    endloop
  endfacet
  facet normal 0 0 1
    outer loop
      vertex -23.6765 60.2074 2.2
      vertex -27.6022 67.2235 2.2
      vertex -23.8368 60.2393 2.2
    endloop
  endfacet
  facet normal -0 -0 1
    outer loop
      vertex -22.8451 59.4784 2.2
      vertex -9.69579 52.9872 2.2
      vertex -22.9175 59.625 2.2
    endloop
  endfacet
  facet normal 0 0 1
    outer loop
      vertex 27.7284 69.148 2.2
      vertex -27.9019 69.5 2.2
      vertex -27.7284 69.148 2.2
    endloop
  endfacet
  facet normal -0 0 1
    outer loop
      vertex -30 74.6 2.2
      vertex -27.9019 69.5 2.2
      vertex 30 74.6 2.2
    endloop
  endfacet
  facet normal 0 0 1
    outer loop
      vertex -27.9019 69.5 2.2
      vertex -30 74.6 2.2
      vertex -28.1199 69.8263 2.2
    endloop
  endfacet
  facet normal 0 0 1
    outer loop
      vertex -28.1199 69.8263 2.2
      vertex -30 74.6 2.2
      vertex -28.3787 70.1213 2.2
    endloop
  endfacet
  facet normal 0 0 1
    outer loop
      vertex -28.3787 70.1213 2.2
      vertex -30 74.6 2.2
      vertex -28.6737 70.3801 2.2
    endloop
  endfacet
  facet normal 0 0 1
    outer loop
      vertex -28.6737 70.3801 2.2
      vertex -30 74.6 2.2
      vertex -29 70.5981 2.2
    endloop
  endfacet
  facet normal 0 0 1
    outer loop
      vertex -29 70.5981 2.2
      vertex -30 74.6 2.2
      vertex -29.3519 70.7716 2.2
    endloop
  endfacet
  facet normal 0 0 1
    outer loop
      vertex -29.3519 70.7716 2.2
      vertex -30 74.6 2.2
      vertex -29.7235 70.8978 2.2
    endloop
  endfacet
  facet normal 0 0 1
    outer loop
      vertex -30 74.6 2.2
      vertex -30.1084 70.9743 2.2
      vertex -29.7235 70.8978 2.2
    endloop
  endfacet
  facet normal 0 0 1
    outer loop
      vertex -30 74.6 2.2
      vertex -30.5 71 2.2
      vertex -30.1084 70.9743 2.2
    endloop
  endfacet
  facet normal 0 0 1
    outer loop
      vertex -30 74.6 2.2
      vertex -30.8916 70.9743 2.2
      vertex -30.5 71 2.2
    endloop
  endfacet
  facet normal 0 0 1
    outer loop
      vertex -30 74.6 2.2
      vertex -31.2765 70.8978 2.2
      vertex -30.8916 70.9743 2.2
    endloop
  endfacet
  facet normal 0 0 1
    outer loop
      vertex -30 74.6 2.2
      vertex -31.648 70.7716 2.2
      vertex -31.2765 70.8978 2.2
    endloop
  endfacet
  facet normal 0 0 1
    outer loop
      vertex -30 74.6 2.2
      vertex -32 70.5981 2.2
      vertex -31.648 70.7716 2.2
    endloop
  endfacet
  facet normal 0 0 1
    outer loop
      vertex -34.6 70 2.2
      vertex -32 70.5981 2.2
      vertex -30 74.6 2.2
    endloop
  endfacet
  facet normal 0 0 1
    outer loop
      vertex -32 70.5981 2.2
      vertex -34.6 70 2.2
      vertex -32.3263 70.3801 2.2
    endloop
  endfacet
  facet normal 0 0 1
    outer loop
      vertex -32.3263 70.3801 2.2
      vertex -34.6 70 2.2
      vertex -32.6213 70.1213 2.2
    endloop
  endfacet
  facet normal 0 0 1
    outer loop
      vertex -32.6213 70.1213 2.2
      vertex -34.6 70 2.2
      vertex -32.8801 69.8263 2.2
    endloop
  endfacet
  facet normal 0 0 1
    outer loop
      vertex -33.3978 -67.2235 2.2
      vertex -34.6 -70 2.2
      vertex -33.4743 -67.6084 2.2
    endloop
  endfacet
  facet normal 0 0 1
    outer loop
      vertex -33.4743 68.3916 2.2
      vertex -34.6 70 2.2
      vertex -33.5 68 2.2
    endloop
  endfacet
  facet normal 0 0 1
    outer loop
      vertex -33.3978 68.7765 2.2
      vertex -34.6 70 2.2
      vertex -33.4743 68.3916 2.2
    endloop
  endfacet
  facet normal 0 0 1
    outer loop
      vertex -33.2716 69.148 2.2
      vertex -34.6 70 2.2
      vertex -33.3978 68.7765 2.2
    endloop
  endfacet
  facet normal 0 0 1
    outer loop
      vertex -33.0981 69.5 2.2
      vertex -34.6 70 2.2
      vertex -33.2716 69.148 2.2
    endloop
  endfacet
  facet normal 0 0 1
    outer loop
      vertex -32.8801 69.8263 2.2
      vertex -34.6 70 2.2
      vertex -33.0981 69.5 2.2
    endloop
  endfacet
  facet normal 0 0 1
    outer loop
      vertex 32.5 40 2.2
      vertex 34.6 70 2.2
      vertex 33.4743 67.6084 2.2
    endloop
  endfacet
  facet normal -0 0 1
    outer loop
      vertex 33.4743 -68.3916 2.2
      vertex 34.6 -70 2.2
      vertex 33.5 -68 2.2
    endloop
  endfacet
  facet normal -0 0 1
    outer loop
      vertex 33.3978 -68.7765 2.2
      vertex 34.6 -70 2.2
      vertex 33.4743 -68.3916 2.2
    endloop
  endfacet
  facet normal -0 0 1
    outer loop
      vertex 33.2716 -69.148 2.2
      vertex 34.6 -70 2.2
      vertex 33.3978 -68.7765 2.2
    endloop
  endfacet
  facet normal -0 0 1
    outer loop
      vertex 33.0981 -69.5 2.2
      vertex 34.6 -70 2.2
      vertex 33.2716 -69.148 2.2
    endloop
  endfacet
  facet normal -0 0 1
    outer loop
      vertex 32.8801 -69.8263 2.2
      vertex 34.6 -70 2.2
      vertex 33.0981 -69.5 2.2
    endloop
  endfacet
  facet normal 0 0 1
    outer loop
      vertex 32.6213 -70.1213 2.2
      vertex 34.6 -70 2.2
      vertex 32.8801 -69.8263 2.2
    endloop
  endfacet
  facet normal 0 0 1
    outer loop
      vertex 32.3263 -70.3801 2.2
      vertex 34.6 -70 2.2
      vertex 32.6213 -70.1213 2.2
    endloop
  endfacet
  facet normal 0 0 1
    outer loop
      vertex 32 -70.5981 2.2
      vertex 34.6 -70 2.2
      vertex 32.3263 -70.3801 2.2
    endloop
  endfacet
  facet normal 0 0 1
    outer loop
      vertex 30 -74.6 2.2
      vertex 32 -70.5981 2.2
      vertex 31.648 -70.7716 2.2
    endloop
  endfacet
  facet normal 0 0 1
    outer loop
      vertex 30 -74.6 2.2
      vertex 31.648 -70.7716 2.2
      vertex 31.2765 -70.8978 2.2
    endloop
  endfacet
  facet normal -0 0 1
    outer loop
      vertex 32 -70.5981 2.2
      vertex 30 -74.6 2.2
      vertex 34.6 -70 2.2
    endloop
  endfacet
  facet normal -0 0 1
    outer loop
      vertex 30.8916 -70.9743 2.2
      vertex 30 -74.6 2.2
      vertex 31.2765 -70.8978 2.2
    endloop
  endfacet
  facet normal -0 0 1
    outer loop
      vertex 30.5 -71 2.2
      vertex 30 -74.6 2.2
      vertex 30.8916 -70.9743 2.2
    endloop
  endfacet
  facet normal 0 0 1
    outer loop
      vertex 30.1084 -70.9743 2.2
      vertex 30 -74.6 2.2
      vertex 30.5 -71 2.2
    endloop
  endfacet
  facet normal 0 0 1
    outer loop
      vertex 29.7235 -70.8978 2.2
      vertex 30 -74.6 2.2
      vertex 30.1084 -70.9743 2.2
    endloop
  endfacet
  facet normal 0 0 1
    outer loop
      vertex 29.3519 -70.7716 2.2
      vertex 30 -74.6 2.2
      vertex 29.7235 -70.8978 2.2
    endloop
  endfacet
  facet normal 0 0 1
    outer loop
      vertex 29 -70.5981 2.2
      vertex 30 -74.6 2.2
      vertex 29.3519 -70.7716 2.2
    endloop
  endfacet
  facet normal 0 0 1
    outer loop
      vertex 28.6737 -70.3801 2.2
      vertex 30 -74.6 2.2
      vertex 29 -70.5981 2.2
    endloop
  endfacet
  facet normal 0 0 1
    outer loop
      vertex 28.3787 -70.1213 2.2
      vertex 30 -74.6 2.2
      vertex 28.6737 -70.3801 2.2
    endloop
  endfacet
  facet normal 0 0 1
    outer loop
      vertex 21 -72.5 2.2
      vertex 28.3787 -70.1213 2.2
      vertex 28.1199 -69.8263 2.2
    endloop
  endfacet
  facet normal 0 0 1
    outer loop
      vertex 21 -72.5 2.2
      vertex 28.1199 -69.8263 2.2
      vertex 27.9019 -69.5 2.2
    endloop
  endfacet
  facet normal 0 0 1
    outer loop
      vertex 21 -72.5 2.2
      vertex 27.9019 -69.5 2.2
      vertex 27.7284 -69.148 2.2
    endloop
  endfacet
  facet normal -0 0 1
    outer loop
      vertex 26.2588 -44.9659 2.2
      vertex 30.1084 -65.0257 2.2
      vertex 26.3827 -44.9239 2.2
    endloop
  endfacet
  facet normal -0 0 1
    outer loop
      vertex 26.1305 -44.9914 2.2
      vertex 30.1084 -65.0257 2.2
      vertex 26.2588 -44.9659 2.2
    endloop
  endfacet
  facet normal 0 0 1
    outer loop
      vertex 30.1084 -65.0257 2.2
      vertex 26.1305 -44.9914 2.2
      vertex 29.7235 -65.1022 2.2
    endloop
  endfacet
  facet normal -0 0 1
    outer loop
      vertex 26 -45 2.2
      vertex 29.7235 -65.1022 2.2
      vertex 26.1305 -44.9914 2.2
    endloop
  endfacet
  facet normal 0 0 1
    outer loop
      vertex 29.7235 -65.1022 2.2
      vertex 26 -45 2.2
      vertex 29.3519 -65.2284 2.2
    endloop
  endfacet
  facet normal 0 0 1
    outer loop
      vertex 29.3519 -65.2284 2.2
      vertex 26 -45 2.2
      vertex 29 -65.4019 2.2
    endloop
  endfacet
  facet normal -0 0 1
    outer loop
      vertex 22 -45 2.2
      vertex 29 -65.4019 2.2
      vertex 26 -45 2.2
    endloop
  endfacet
  facet normal 0 0 1
    outer loop
      vertex 29 -65.4019 2.2
      vertex 22 -45 2.2
      vertex 28.6737 -65.6199 2.2
    endloop
  endfacet
  facet normal 0 0 1
    outer loop
      vertex 21.8695 -44.9914 2.2
      vertex 28.6737 -65.6199 2.2
      vertex 22 -45 2.2
    endloop
  endfacet
  facet normal 0 0 1
    outer loop
      vertex 28.6737 -65.6199 2.2
      vertex 21.8695 -44.9914 2.2
      vertex 28.3787 -65.8787 2.2
    endloop
  endfacet
  facet normal 0 0 1
    outer loop
      vertex 21.7412 -44.9659 2.2
      vertex 28.3787 -65.8787 2.2
      vertex 21.8695 -44.9914 2.2
    endloop
  endfacet
  facet normal 0 0 1
    outer loop
      vertex 28.3787 -65.8787 2.2
      vertex 21.7412 -44.9659 2.2
      vertex 28.1199 -66.1737 2.2
    endloop
  endfacet
  facet normal 0 0 1
    outer loop
      vertex 21.6173 -44.9239 2.2
      vertex 28.1199 -66.1737 2.2
      vertex 21.7412 -44.9659 2.2
    endloop
  endfacet
  facet normal 0 0 1
    outer loop
      vertex 28.1199 -66.1737 2.2
      vertex 21.6173 -44.9239 2.2
      vertex 27.9019 -66.5 2.2
    endloop
  endfacet
  facet normal 0 0 1
    outer loop
      vertex 21 -72.5 2.2
      vertex 27.9019 -66.5 2.2
      vertex 21.6173 -44.9239 2.2
    endloop
  endfacet
  facet normal 0 0 1
    outer loop
      vertex 27.9019 -66.5 2.2
      vertex 21 -72.5 2.2
      vertex 27.7284 -66.852 2.2
    endloop
  endfacet
  facet normal 0 0 1
    outer loop
      vertex 27.7284 -66.852 2.2
      vertex 21 -72.5 2.2
      vertex 27.6022 -67.2235 2.2
    endloop
  endfacet
  facet normal 0 0 1
    outer loop
      vertex 27.6022 -67.2235 2.2
      vertex 21 -72.5 2.2
      vertex 27.5257 -67.6084 2.2
    endloop
  endfacet
  facet normal 0 0 1
    outer loop
      vertex 27.5257 -67.6084 2.2
      vertex 21 -72.5 2.2
      vertex 27.5 -68 2.2
    endloop
  endfacet
  facet normal 0 0 1
    outer loop
      vertex 27.5 -68 2.2
      vertex 21 -72.5 2.2
      vertex 27.5257 -68.3916 2.2
    endloop
  endfacet
  facet normal 0 0 1
    outer loop
      vertex 21 -72.5 2.2
      vertex 21.6173 -44.9239 2.2
      vertex 21.5 -44.866 2.2
    endloop
  endfacet
  facet normal 0 0 1
    outer loop
      vertex 21 -72.5 2.2
      vertex 21.5 -44.866 2.2
      vertex 21.3912 -44.7934 2.2
    endloop
  endfacet
  facet normal 0 0 1
    outer loop
      vertex 21 -72.5 2.2
      vertex 21.3912 -44.7934 2.2
      vertex 21.2929 -44.7071 2.2
    endloop
  endfacet
  facet normal 0 0 1
    outer loop
      vertex 21 -72.5 2.2
      vertex 21.2929 -44.7071 2.2
      vertex 21.2066 -44.6088 2.2
    endloop
  endfacet
  facet normal 0 0 1
    outer loop
      vertex 21 -72.5 2.2
      vertex 21.2066 -44.6088 2.2
      vertex 21.134 -44.5 2.2
    endloop
  endfacet
  facet normal 0 0 1
    outer loop
      vertex 21 -72.5 2.2
      vertex 21.134 -44.5 2.2
      vertex 21.0761 -44.3827 2.2
    endloop
  endfacet
  facet normal 0 0 1
    outer loop
      vertex 21 -72.5 2.2
      vertex 21.0761 -44.3827 2.2
      vertex 21.0341 -44.2588 2.2
    endloop
  endfacet
  facet normal 0 0 1
    outer loop
      vertex 21 -72.5 2.2
      vertex 21.0086 -44.1305 2.2
      vertex 21 -44 2.2
    endloop
  endfacet
  facet normal 0 0 1
    outer loop
      vertex 21 -72.5 2.2
      vertex 21.0341 -44.2588 2.2
      vertex 21.0086 -44.1305 2.2
    endloop
  endfacet
  facet normal 0 0 1
    outer loop
      vertex 27.5257 -68.3916 2.2
      vertex 21 -72.5 2.2
      vertex 27.6022 -68.7765 2.2
    endloop
  endfacet
  facet normal 0 0 1
    outer loop
      vertex 21 -72.5 2.2
      vertex 27.7284 -69.148 2.2
      vertex 27.6022 -68.7765 2.2
    endloop
  endfacet
  facet normal 0 0 1
    outer loop
      vertex 28.3787 -70.1213 2.2
      vertex 21 -72.5 2.2
      vertex 20.9829 -72.761 2.2
    endloop
  endfacet
  facet normal 0 0 1
    outer loop
      vertex 28.3787 -70.1213 2.2
      vertex 20.9829 -72.761 2.2
      vertex 30 -74.6 2.2
    endloop
  endfacet
  facet normal -0 0 1
    outer loop
      vertex 20.9319 -73.0176 2.2
      vertex 30 -74.6 2.2
      vertex 20.9829 -72.761 2.2
    endloop
  endfacet
  facet normal -0 0 1
    outer loop
      vertex 20.8478 -73.2654 2.2
      vertex 30 -74.6 2.2
      vertex 20.9319 -73.0176 2.2
    endloop
  endfacet
  facet normal -0 0 1
    outer loop
      vertex 20.7321 -73.5 2.2
      vertex 30 -74.6 2.2
      vertex 20.8478 -73.2654 2.2
    endloop
  endfacet
  facet normal -0 0 1
    outer loop
      vertex 20.5867 -73.7175 2.2
      vertex 30 -74.6 2.2
      vertex 20.7321 -73.5 2.2
    endloop
  endfacet
  facet normal -0 0 1
    outer loop
      vertex 20.4142 -73.9142 2.2
      vertex 30 -74.6 2.2
      vertex 20.5867 -73.7175 2.2
    endloop
  endfacet
  facet normal -0 0 1
    outer loop
      vertex 20.2175 -74.0867 2.2
      vertex 30 -74.6 2.2
      vertex 20.4142 -73.9142 2.2
    endloop
  endfacet
  facet normal -0 0 1
    outer loop
      vertex 20 -74.2321 2.2
      vertex 30 -74.6 2.2
      vertex 20.2175 -74.0867 2.2
    endloop
  endfacet
  facet normal -0 0 1
    outer loop
      vertex 19.7654 -74.3478 2.2
      vertex 30 -74.6 2.2
      vertex 20 -74.2321 2.2
    endloop
  endfacet
  facet normal -0 0 1
    outer loop
      vertex 19.5176 -74.4319 2.2
      vertex 30 -74.6 2.2
      vertex 19.7654 -74.3478 2.2
    endloop
  endfacet
  facet normal -0 0 1
    outer loop
      vertex 19.261 -74.4829 2.2
      vertex 30 -74.6 2.2
      vertex 19.5176 -74.4319 2.2
    endloop
  endfacet
  facet normal -0 0 1
    outer loop
      vertex 19 -74.5 2.2
      vertex 30 -74.6 2.2
      vertex 19.261 -74.4829 2.2
    endloop
  endfacet
  facet normal -0 0 1
    outer loop
      vertex -19 -74.5 2.2
      vertex 30 -74.6 2.2
      vertex 19 -74.5 2.2
    endloop
  endfacet
  facet normal -0 0 1
    outer loop
      vertex -21.0341 -44.2588 2.2
      vertex -21 -72.5 2.2
      vertex -21.0086 -44.1305 2.2
    endloop
  endfacet
  facet normal -0 0 1
    outer loop
      vertex -21.0761 -44.3827 2.2
      vertex -21 -72.5 2.2
      vertex -21.0341 -44.2588 2.2
    endloop
  endfacet
  facet normal -0 0 1
    outer loop
      vertex -21.134 -44.5 2.2
      vertex -21 -72.5 2.2
      vertex -21.0761 -44.3827 2.2
    endloop
  endfacet
  facet normal -0 0 1
    outer loop
      vertex -21.2066 -44.6088 2.2
      vertex -21 -72.5 2.2
      vertex -21.134 -44.5 2.2
    endloop
  endfacet
  facet normal -0 0 1
    outer loop
      vertex -21.2929 -44.7071 2.2
      vertex -21 -72.5 2.2
      vertex -21.2066 -44.6088 2.2
    endloop
  endfacet
  facet normal -0 0 1
    outer loop
      vertex -21.3912 -44.7934 2.2
      vertex -21 -72.5 2.2
      vertex -21.2929 -44.7071 2.2
    endloop
  endfacet
  facet normal -0 0 1
    outer loop
      vertex -21.5 -44.866 2.2
      vertex -21 -72.5 2.2
      vertex -21.3912 -44.7934 2.2
    endloop
  endfacet
  facet normal -0 0 1
    outer loop
      vertex -21.6173 -44.9239 2.2
      vertex -21 -72.5 2.2
      vertex -21.5 -44.866 2.2
    endloop
  endfacet
  facet normal 0 0 1
    outer loop
      vertex -27.5257 -67.6084 2.2
      vertex -21.6173 -44.9239 2.2
      vertex -21.7412 -44.9659 2.2
    endloop
  endfacet
  facet normal 0 0 1
    outer loop
      vertex -27.5257 -67.6084 2.2
      vertex -21.7412 -44.9659 2.2
      vertex -21.8695 -44.9914 2.2
    endloop
  endfacet
  facet normal 0 0 1
    outer loop
      vertex -27.5257 -67.6084 2.2
      vertex -21.8695 -44.9914 2.2
      vertex -22 -45 2.2
    endloop
  endfacet
  facet normal 0 0 1
    outer loop
      vertex -27.5257 -67.6084 2.2
      vertex -22 -45 2.2
      vertex -26 -45 2.2
    endloop
  endfacet
  facet normal -0 0 1
    outer loop
      vertex -27.5257 -67.6084 2.2
      vertex -21 -72.5 2.2
      vertex -21.6173 -44.9239 2.2
    endloop
  endfacet
  facet normal 0 0 1
    outer loop
      vertex -27.5257 -67.6084 2.2
      vertex -26 -45 2.2
      vertex -26.1305 -44.9914 2.2
    endloop
  endfacet
  facet normal 0 0 1
    outer loop
      vertex -27.5257 -67.6084 2.2
      vertex -26.1305 -44.9914 2.2
      vertex -26.2588 -44.9659 2.2
    endloop
  endfacet
  facet normal 0 0 1
    outer loop
      vertex -27.5257 -67.6084 2.2
      vertex -26.2588 -44.9659 2.2
      vertex -26.3827 -44.9239 2.2
    endloop
  endfacet
  facet normal 0 0 1
    outer loop
      vertex -27.5257 -67.6084 2.2
      vertex -26.3827 -44.9239 2.2
      vertex -26.5 -44.866 2.2
    endloop
  endfacet
  facet normal 0 0 1
    outer loop
      vertex -27.5257 -67.6084 2.2
      vertex -26.5 -44.866 2.2
      vertex -26.6088 -44.7934 2.2
    endloop
  endfacet
  facet normal -0 0 1
    outer loop
      vertex -27.5257 -68.3916 2.2
      vertex -21 -72.5 2.2
      vertex -27.5 -68 2.2
    endloop
  endfacet
  facet normal 0 0 1
    outer loop
      vertex -27.5257 -67.6084 2.2
      vertex -26.6088 -44.7934 2.2
      vertex -26.7071 -44.7071 2.2
    endloop
  endfacet
  facet normal 0 0 1
    outer loop
      vertex -27.5257 -67.6084 2.2
      vertex -26.7071 -44.7071 2.2
      vertex -26.7934 -44.6088 2.2
    endloop
  endfacet
  facet normal 0 0 1
    outer loop
      vertex -27.5257 -67.6084 2.2
      vertex -26.7934 -44.6088 2.2
      vertex -26.866 -44.5 2.2
    endloop
  endfacet
  facet normal 0 0 1
    outer loop
      vertex -27.5257 -67.6084 2.2
      vertex -26.866 -44.5 2.2
      vertex -26.9239 -44.3827 2.2
    endloop
  endfacet
  facet normal 0 0 1
    outer loop
      vertex -27.5257 -67.6084 2.2
      vertex -26.9239 -44.3827 2.2
      vertex -26.9659 -44.2588 2.2
    endloop
  endfacet
  facet normal 0 0 1
    outer loop
      vertex -27.5257 -67.6084 2.2
      vertex -27 -44 2.2
      vertex -27 -34 2.2
    endloop
  endfacet
  facet normal 0 0 1
    outer loop
      vertex -27.5257 -67.6084 2.2
      vertex -26.9914 -44.1305 2.2
      vertex -27 -44 2.2
    endloop
  endfacet
  facet normal 0 0 1
    outer loop
      vertex -27.5257 -67.6084 2.2
      vertex -26.9659 -44.2588 2.2
      vertex -26.9914 -44.1305 2.2
    endloop
  endfacet
  facet normal -0 0 1
    outer loop
      vertex -27.6022 -68.7765 2.2
      vertex -21 -72.5 2.2
      vertex -27.5257 -68.3916 2.2
    endloop
  endfacet
  facet normal -0 0 1
    outer loop
      vertex -27.7284 -69.148 2.2
      vertex -21 -72.5 2.2
      vertex -27.6022 -68.7765 2.2
    endloop
  endfacet
  facet normal -0 0 1
    outer loop
      vertex -27.9019 -69.5 2.2
      vertex -21 -72.5 2.2
      vertex -27.7284 -69.148 2.2
    endloop
  endfacet
  facet normal -0 0 1
    outer loop
      vertex -28.1199 -69.8263 2.2
      vertex -21 -72.5 2.2
      vertex -27.9019 -69.5 2.2
    endloop
  endfacet
  facet normal -0 0 1
    outer loop
      vertex -28.3787 -70.1213 2.2
      vertex -21 -72.5 2.2
      vertex -28.1199 -69.8263 2.2
    endloop
  endfacet
  facet normal 0 0 1
    outer loop
      vertex -21 -72.5 2.2
      vertex -28.3787 -70.1213 2.2
      vertex -20.9829 -72.761 2.2
    endloop
  endfacet
  facet normal 0 0 1
    outer loop
      vertex -30 -74.6 2.2
      vertex -20.9829 -72.761 2.2
      vertex -28.3787 -70.1213 2.2
    endloop
  endfacet
  facet normal 0 0 1
    outer loop
      vertex -20.9829 -72.761 2.2
      vertex -30 -74.6 2.2
      vertex -20.9319 -73.0176 2.2
    endloop
  endfacet
  facet normal 0 0 1
    outer loop
      vertex -20.9319 -73.0176 2.2
      vertex -30 -74.6 2.2
      vertex -20.8478 -73.2654 2.2
    endloop
  endfacet
  facet normal 0 0 1
    outer loop
      vertex -20.8478 -73.2654 2.2
      vertex -30 -74.6 2.2
      vertex -20.7321 -73.5 2.2
    endloop
  endfacet
  facet normal 0 0 1
    outer loop
      vertex -20.7321 -73.5 2.2
      vertex -30 -74.6 2.2
      vertex -20.5867 -73.7175 2.2
    endloop
  endfacet
  facet normal 0 0 1
    outer loop
      vertex -20.5867 -73.7175 2.2
      vertex -30 -74.6 2.2
      vertex -20.4142 -73.9142 2.2
    endloop
  endfacet
  facet normal 0 0 1
    outer loop
      vertex -20.4142 -73.9142 2.2
      vertex -30 -74.6 2.2
      vertex -20.2175 -74.0867 2.2
    endloop
  endfacet
  facet normal 0 0 1
    outer loop
      vertex -20.2175 -74.0867 2.2
      vertex -30 -74.6 2.2
      vertex -20 -74.2321 2.2
    endloop
  endfacet
  facet normal 0 0 1
    outer loop
      vertex -30 -74.6 2.2
      vertex -28.3787 -70.1213 2.2
      vertex -28.6737 -70.3801 2.2
    endloop
  endfacet
  facet normal 0 0 1
    outer loop
      vertex -30 -74.6 2.2
      vertex -28.6737 -70.3801 2.2
      vertex -29 -70.5981 2.2
    endloop
  endfacet
  facet normal 0 0 1
    outer loop
      vertex -30 -74.6 2.2
      vertex -29 -70.5981 2.2
      vertex -29.3519 -70.7716 2.2
    endloop
  endfacet
  facet normal 0 0 1
    outer loop
      vertex -30 -74.6 2.2
      vertex -29.3519 -70.7716 2.2
      vertex -29.7235 -70.8978 2.2
    endloop
  endfacet
  facet normal 0 0 1
    outer loop
      vertex -19 -74.5 2.2
      vertex -30 -74.6 2.2
      vertex 30 -74.6 2.2
    endloop
  endfacet
  facet normal 0 0 1
    outer loop
      vertex -19.261 -74.4829 2.2
      vertex -30 -74.6 2.2
      vertex -19 -74.5 2.2
    endloop
  endfacet
  facet normal 0 0 1
    outer loop
      vertex -19.5176 -74.4319 2.2
      vertex -30 -74.6 2.2
      vertex -19.261 -74.4829 2.2
    endloop
  endfacet
  facet normal 0 0 1
    outer loop
      vertex -19.7654 -74.3478 2.2
      vertex -30 -74.6 2.2
      vertex -19.5176 -74.4319 2.2
    endloop
  endfacet
  facet normal 0 0 1
    outer loop
      vertex -20 -74.2321 2.2
      vertex -30 -74.6 2.2
      vertex -19.7654 -74.3478 2.2
    endloop
  endfacet
  facet normal -0 0 1
    outer loop
      vertex -30.1084 -70.9743 2.2
      vertex -30 -74.6 2.2
      vertex -29.7235 -70.8978 2.2
    endloop
  endfacet
  facet normal -0 0 1
    outer loop
      vertex -30.5 -71 2.2
      vertex -30 -74.6 2.2
      vertex -30.1084 -70.9743 2.2
    endloop
  endfacet
  facet normal 0 0 1
    outer loop
      vertex -30.8916 -70.9743 2.2
      vertex -30 -74.6 2.2
      vertex -30.5 -71 2.2
    endloop
  endfacet
  facet normal 0 0 1
    outer loop
      vertex -31.2765 -70.8978 2.2
      vertex -30 -74.6 2.2
      vertex -30.8916 -70.9743 2.2
    endloop
  endfacet
  facet normal 0 0 1
    outer loop
      vertex -31.648 -70.7716 2.2
      vertex -30 -74.6 2.2
      vertex -31.2765 -70.8978 2.2
    endloop
  endfacet
  facet normal 0 0 1
    outer loop
      vertex -32 -70.5981 2.2
      vertex -30 -74.6 2.2
      vertex -31.648 -70.7716 2.2
    endloop
  endfacet
  facet normal 0 0 1
    outer loop
      vertex -34.6 -70 2.2
      vertex -32 -70.5981 2.2
      vertex -32.3263 -70.3801 2.2
    endloop
  endfacet
  facet normal 0 0 1
    outer loop
      vertex -34.6 -70 2.2
      vertex -32.3263 -70.3801 2.2
      vertex -32.6213 -70.1213 2.2
    endloop
  endfacet
  facet normal -0 0 1
    outer loop
      vertex -34.6 -70 2.2
      vertex -32.6213 -70.1213 2.2
      vertex -32.8801 -69.8263 2.2
    endloop
  endfacet
  facet normal 0 0 1
    outer loop
      vertex -34.6 -70 2.2
      vertex -32.8801 -69.8263 2.2
      vertex -33.0981 -69.5 2.2
    endloop
  endfacet
  facet normal 0 0 1
    outer loop
      vertex -32 -70.5981 2.2
      vertex -34.6 -70 2.2
      vertex -30 -74.6 2.2
    endloop
  endfacet
  facet normal 0 0 1
    outer loop
      vertex -33.2716 -69.148 2.2
      vertex -34.6 -70 2.2
      vertex -33.0981 -69.5 2.2
    endloop
  endfacet
  facet normal 0 0 1
    outer loop
      vertex -33.3978 -68.7765 2.2
      vertex -34.6 -70 2.2
      vertex -33.2716 -69.148 2.2
    endloop
  endfacet
  facet normal 0 0 1
    outer loop
      vertex -33.4743 -68.3916 2.2
      vertex -34.6 -70 2.2
      vertex -33.3978 -68.7765 2.2
    endloop
  endfacet
  facet normal 0 0 1
    outer loop
      vertex -33.5 -68 2.2
      vertex -34.6 -70 2.2
      vertex -33.4743 -68.3916 2.2
    endloop
  endfacet
  facet normal 0 0 1
    outer loop
      vertex -33.4743 -67.6084 2.2
      vertex -34.6 -70 2.2
      vertex -33.5 -68 2.2
    endloop
  endfacet
  facet normal 0 0 1
    outer loop
      vertex 33.2716 -66.852 2.2
      vertex 27 -34 2.2
      vertex 33.0981 -66.5 2.2
    endloop
  endfacet
  facet normal -0 0 1
    outer loop
      vertex 27 -44 2.2
      vertex 33.0981 -66.5 2.2
      vertex 27 -34 2.2
    endloop
  endfacet
  facet normal 0 0 1
    outer loop
      vertex 26.9914 -33.8695 2.2
      vertex 32.3807 39.0941 2.2
      vertex 32.2336 38.6606 2.2
    endloop
  endfacet
  facet normal 0 0 1
    outer loop
      vertex 26.9914 -33.8695 2.2
      vertex 32.2336 38.6606 2.2
      vertex 32.0311 38.25 2.2
    endloop
  endfacet
  facet normal 0 0 1
    outer loop
      vertex 26.9914 -33.8695 2.2
      vertex 32.0311 38.25 2.2
      vertex 31.7767 37.8693 2.2
    endloop
  endfacet
  facet normal 0 0 1
    outer loop
      vertex 26.9914 -33.8695 2.2
      vertex 31.7767 37.8693 2.2
      vertex 31.4749 37.5251 2.2
    endloop
  endfacet
  facet normal 0 0 1
    outer loop
      vertex 33.0981 -66.5 2.2
      vertex 27 -44 2.2
      vertex 32.8801 -66.1737 2.2
    endloop
  endfacet
  facet normal 0 0 1
    outer loop
      vertex 26.9914 -33.8695 2.2
      vertex 31.4749 37.5251 2.2
      vertex 31.1307 37.2233 2.2
    endloop
  endfacet
  facet normal -0 0 1
    outer loop
      vertex 26.9914 -44.1305 2.2
      vertex 32.8801 -66.1737 2.2
      vertex 27 -44 2.2
    endloop
  endfacet
  facet normal 0 0 1
    outer loop
      vertex 26.9914 -33.8695 2.2
      vertex 31.1307 37.2233 2.2
      vertex 30.75 36.9689 2.2
    endloop
  endfacet
  facet normal 0 0 1
    outer loop
      vertex 32.8801 -66.1737 2.2
      vertex 26.9914 -44.1305 2.2
      vertex 32.6213 -65.8787 2.2
    endloop
  endfacet
  facet normal 0 0 1
    outer loop
      vertex 26.9914 -33.8695 2.2
      vertex 30.75 36.9689 2.2
      vertex 30.3394 36.7664 2.2
    endloop
  endfacet
  facet normal -0 0 1
    outer loop
      vertex 26.9659 -44.2588 2.2
      vertex 32.6213 -65.8787 2.2
      vertex 26.9914 -44.1305 2.2
    endloop
  endfacet
  facet normal 0 0 1
    outer loop
      vertex 26.9914 -33.8695 2.2
      vertex 30.3394 36.7664 2.2
      vertex 29.9059 36.6193 2.2
    endloop
  endfacet
  facet normal -0 0 1
    outer loop
      vertex 26.9239 -44.3827 2.2
      vertex 32.6213 -65.8787 2.2
      vertex 26.9659 -44.2588 2.2
    endloop
  endfacet
  facet normal 0 0 1
    outer loop
      vertex 26.9914 -33.8695 2.2
      vertex 29.9059 36.6193 2.2
      vertex 29.4568 36.5299 2.2
    endloop
  endfacet
  facet normal 0 0 1
    outer loop
      vertex 32.6213 -65.8787 2.2
      vertex 26.9239 -44.3827 2.2
      vertex 32.3263 -65.6199 2.2
    endloop
  endfacet
  facet normal 0 0 1
    outer loop
      vertex 26.9914 -33.8695 2.2
      vertex 29.4568 36.5299 2.2
      vertex 29 36.5 2.2
    endloop
  endfacet
  facet normal -0 0 1
    outer loop
      vertex 26.866 -44.5 2.2
      vertex 32.3263 -65.6199 2.2
      vertex 26.9239 -44.3827 2.2
    endloop
  endfacet
  facet normal 0 0 1
    outer loop
      vertex 26.9914 -33.8695 2.2
      vertex 29 36.5 2.2
      vertex 28.5432 36.5299 2.2
    endloop
  endfacet
  facet normal 0 0 1
    outer loop
      vertex 32.3263 -65.6199 2.2
      vertex 26.866 -44.5 2.2
      vertex 32 -65.4019 2.2
    endloop
  endfacet
  facet normal 0 0 1
    outer loop
      vertex 26.9914 -33.8695 2.2
      vertex 28.5432 36.5299 2.2
      vertex 28.0941 36.6193 2.2
    endloop
  endfacet
  facet normal -0 0 1
    outer loop
      vertex 26.7934 -44.6088 2.2
      vertex 32 -65.4019 2.2
      vertex 26.866 -44.5 2.2
    endloop
  endfacet
  facet normal 0 0 1
    outer loop
      vertex 26.9914 -33.8695 2.2
      vertex 28.0941 36.6193 2.2
      vertex 27.6606 36.7664 2.2
    endloop
  endfacet
  facet normal 0 0 1
    outer loop
      vertex 32 -65.4019 2.2
      vertex 26.7934 -44.6088 2.2
      vertex 31.648 -65.2284 2.2
    endloop
  endfacet
  facet normal 0 0 1
    outer loop
      vertex 8.99998 25.2 2.2
      vertex 27.6606 36.7664 2.2
      vertex 27.25 36.9689 2.2
    endloop
  endfacet
  facet normal -0 0 1
    outer loop
      vertex 26.7071 -44.7071 2.2
      vertex 31.648 -65.2284 2.2
      vertex 26.7934 -44.6088 2.2
    endloop
  endfacet
  facet normal 0 0 1
    outer loop
      vertex 31.648 -65.2284 2.2
      vertex 26.7071 -44.7071 2.2
      vertex 31.2765 -65.1022 2.2
    endloop
  endfacet
  facet normal -0 0 1
    outer loop
      vertex 26.6088 -44.7934 2.2
      vertex 31.2765 -65.1022 2.2
      vertex 26.7071 -44.7071 2.2
    endloop
  endfacet
  facet normal 0 0 1
    outer loop
      vertex 31.2765 -65.1022 2.2
      vertex 26.6088 -44.7934 2.2
      vertex 30.8916 -65.0257 2.2
    endloop
  endfacet
  facet normal -0 0 1
    outer loop
      vertex 26.5 -44.866 2.2
      vertex 30.8916 -65.0257 2.2
      vertex 26.6088 -44.7934 2.2
    endloop
  endfacet
  facet normal 0 0 1
    outer loop
      vertex 30.8916 -65.0257 2.2
      vertex 26.5 -44.866 2.2
      vertex 30.5 -65 2.2
    endloop
  endfacet
  facet normal -0 0 1
    outer loop
      vertex 26.3827 -44.9239 2.2
      vertex 30.5 -65 2.2
      vertex 26.5 -44.866 2.2
    endloop
  endfacet
  facet normal 0 0 1
    outer loop
      vertex 30.5 -65 2.2
      vertex 26.3827 -44.9239 2.2
      vertex 30.1084 -65.0257 2.2
    endloop
  endfacet
  facet normal 0.980815 0.19494 2.17675e-19
    outer loop
      vertex -27.5257 68.3916 17.2
      vertex -27.6022 68.7765 2.2
      vertex -27.6022 68.7765 17.2
    endloop
  endfacet
  facet normal 0.980815 0.19494 2.17675e-19
    outer loop
      vertex -27.6022 68.7765 2.2
      vertex -27.5257 68.3916 17.2
      vertex -27.5257 68.3916 2.2
    endloop
  endfacet
  facet normal 0.997853 0.0654873 -1.4509e-19
    outer loop
      vertex -27.5 68 17.2
      vertex -27.5257 68.3916 2.2
      vertex -27.5257 68.3916 17.2
    endloop
  endfacet
  facet normal 0.997853 0.0654873 -1.4509e-19
    outer loop
      vertex -27.5257 68.3916 2.2
      vertex -27.5 68 17.2
      vertex -27.5 68 2.2
    endloop
  endfacet
  facet normal 0.0654873 0.997853 -0
    outer loop
      vertex -30.1084 70.9743 2.2
      vertex -30.5 71 17.2
      vertex -30.1084 70.9743 17.2
    endloop
  endfacet
  facet normal 0.0654873 0.997853 0
    outer loop
      vertex -30.5 71 17.2
      vertex -30.1084 70.9743 2.2
      vertex -30.5 71 2.2
    endloop
  endfacet
  facet normal -0.946858 0.321651 4.52114e-19
    outer loop
      vertex -33.3978 68.7765 2.2
      vertex -33.2716 69.148 17.2
      vertex -33.2716 69.148 2.2
    endloop
  endfacet
  facet normal -0.946858 0.321651 4.52114e-19
    outer loop
      vertex -33.2716 69.148 17.2
      vertex -33.3978 68.7765 2.2
      vertex -33.3978 68.7765 17.2
    endloop
  endfacet
  facet normal 0.751724 0.659478 8.45558e-19
    outer loop
      vertex -28.1199 69.8263 17.2
      vertex -28.3787 70.1213 2.2
      vertex -28.3787 70.1213 17.2
    endloop
  endfacet
  facet normal 0.751724 0.659478 8.45558e-19
    outer loop
      vertex -28.3787 70.1213 2.2
      vertex -28.1199 69.8263 17.2
      vertex -28.1199 69.8263 2.2
    endloop
  endfacet
  facet normal 0.555523 -0.831501 0
    outer loop
      vertex -29 65.4019 2.2
      vertex -28.6737 65.6199 17.2
      vertex -29 65.4019 17.2
    endloop
  endfacet
  facet normal 0.555523 -0.831501 0
    outer loop
      vertex -28.6737 65.6199 17.2
      vertex -29 65.4019 2.2
      vertex -28.6737 65.6199 2.2
    endloop
  endfacet
  facet normal 0.659478 0.751724 -0
    outer loop
      vertex -28.3787 70.1213 2.2
      vertex -28.6737 70.3801 17.2
      vertex -28.3787 70.1213 17.2
    endloop
  endfacet
  facet normal 0.659478 0.751724 0
    outer loop
      vertex -28.6737 70.3801 17.2
      vertex -28.3787 70.1213 2.2
      vertex -28.6737 70.3801 2.2
    endloop
  endfacet
  facet normal 0 0 1
    outer loop
      vertex -29.65 68 17.2
      vertex -27.5 68 17.2
      vertex -27.5257 68.3916 17.2
    endloop
  endfacet
  facet normal 0 0 1
    outer loop
      vertex -29.6573 68.1109 17.2
      vertex -27.5257 68.3916 17.2
      vertex -27.6022 68.7765 17.2
    endloop
  endfacet
  facet normal 0 0 1
    outer loop
      vertex -27.5 68 17.2
      vertex -29.65 68 17.2
      vertex -27.5257 67.6084 17.2
    endloop
  endfacet
  facet normal 0 0 1
    outer loop
      vertex -29.679 68.22 17.2
      vertex -27.6022 68.7765 17.2
      vertex -27.7284 69.148 17.2
    endloop
  endfacet
  facet normal -0 0 1
    outer loop
      vertex -29.6573 67.8891 17.2
      vertex -27.5257 67.6084 17.2
      vertex -29.65 68 17.2
    endloop
  endfacet
  facet normal 0 0 1
    outer loop
      vertex -29.7147 68.3253 17.2
      vertex -27.7284 69.148 17.2
      vertex -27.9019 69.5 17.2
    endloop
  endfacet
  facet normal 0 0 1
    outer loop
      vertex -27.5257 67.6084 17.2
      vertex -29.6573 67.8891 17.2
      vertex -27.6022 67.2235 17.2
    endloop
  endfacet
  facet normal 0 0 1
    outer loop
      vertex -29.7639 68.425 17.2
      vertex -27.9019 69.5 17.2
      vertex -28.1199 69.8263 17.2
    endloop
  endfacet
  facet normal -0 0 1
    outer loop
      vertex -29.679 67.78 17.2
      vertex -27.6022 67.2235 17.2
      vertex -29.6573 67.8891 17.2
    endloop
  endfacet
  facet normal 0 0 1
    outer loop
      vertex -29.8256 68.5174 17.2
      vertex -28.1199 69.8263 17.2
      vertex -28.3787 70.1213 17.2
    endloop
  endfacet
  facet normal 0 0 1
    outer loop
      vertex -27.6022 67.2235 17.2
      vertex -29.679 67.78 17.2
      vertex -27.7284 66.852 17.2
    endloop
  endfacet
  facet normal 0 0 1
    outer loop
      vertex -29.899 68.601 17.2
      vertex -28.3787 70.1213 17.2
      vertex -28.6737 70.3801 17.2
    endloop
  endfacet
  facet normal -0 0 1
    outer loop
      vertex -29.7147 67.6747 17.2
      vertex -27.7284 66.852 17.2
      vertex -29.679 67.78 17.2
    endloop
  endfacet
  facet normal 0 0 1
    outer loop
      vertex -29.9826 68.6743 17.2
      vertex -28.6737 70.3801 17.2
      vertex -29 70.5981 17.2
    endloop
  endfacet
  facet normal 0 0 1
    outer loop
      vertex -27.7284 66.852 17.2
      vertex -29.7147 67.6747 17.2
      vertex -27.9019 66.5 17.2
    endloop
  endfacet
  facet normal 0 0 1
    outer loop
      vertex -30.075 68.7361 17.2
      vertex -29 70.5981 17.2
      vertex -29.3519 70.7716 17.2
    endloop
  endfacet
  facet normal -0 0 1
    outer loop
      vertex -29.7639 67.575 17.2
      vertex -27.9019 66.5 17.2
      vertex -29.7147 67.6747 17.2
    endloop
  endfacet
  facet normal 0 0 1
    outer loop
      vertex -27.9019 66.5 17.2
      vertex -29.7639 67.575 17.2
      vertex -28.1199 66.1737 17.2
    endloop
  endfacet
  facet normal 0 0 1
    outer loop
      vertex -27.5257 68.3916 17.2
      vertex -29.6573 68.1109 17.2
      vertex -29.65 68 17.2
    endloop
  endfacet
  facet normal 0 0 1
    outer loop
      vertex -27.6022 68.7765 17.2
      vertex -29.679 68.22 17.2
      vertex -29.6573 68.1109 17.2
    endloop
  endfacet
  facet normal 0 0 1
    outer loop
      vertex -27.7284 69.148 17.2
      vertex -29.7147 68.3253 17.2
      vertex -29.679 68.22 17.2
    endloop
  endfacet
  facet normal 0 0 1
    outer loop
      vertex -30.1747 68.7853 17.2
      vertex -29.3519 70.7716 17.2
      vertex -29.7235 70.8978 17.2
    endloop
  endfacet
  facet normal 0 0 1
    outer loop
      vertex -27.9019 69.5 17.2
      vertex -29.7639 68.425 17.2
      vertex -29.7147 68.3253 17.2
    endloop
  endfacet
  facet normal 0 0 1
    outer loop
      vertex -28.1199 69.8263 17.2
      vertex -29.8256 68.5174 17.2
      vertex -29.7639 68.425 17.2
    endloop
  endfacet
  facet normal 0 0 1
    outer loop
      vertex -28.3787 70.1213 17.2
      vertex -29.899 68.601 17.2
      vertex -29.8256 68.5174 17.2
    endloop
  endfacet
  facet normal 0 0 1
    outer loop
      vertex -28.6737 70.3801 17.2
      vertex -29.9826 68.6743 17.2
      vertex -29.899 68.601 17.2
    endloop
  endfacet
  facet normal 0 0 1
    outer loop
      vertex -29 70.5981 17.2
      vertex -30.075 68.7361 17.2
      vertex -29.9826 68.6743 17.2
    endloop
  endfacet
  facet normal 0 0 1
    outer loop
      vertex -30.28 68.821 17.2
      vertex -29.7235 70.8978 17.2
      vertex -30.1084 70.9743 17.2
    endloop
  endfacet
  facet normal 0 0 1
    outer loop
      vertex -29.3519 70.7716 17.2
      vertex -30.1747 68.7853 17.2
      vertex -30.075 68.7361 17.2
    endloop
  endfacet
  facet normal 0 0 1
    outer loop
      vertex -29.7235 70.8978 17.2
      vertex -30.28 68.821 17.2
      vertex -30.1747 68.7853 17.2
    endloop
  endfacet
  facet normal 0 0 1
    outer loop
      vertex -30.1084 70.9743 17.2
      vertex -30.3891 68.8427 17.2
      vertex -30.28 68.821 17.2
    endloop
  endfacet
  facet normal 0 0 1
    outer loop
      vertex -30.5 71 17.2
      vertex -30.3891 68.8427 17.2
      vertex -30.1084 70.9743 17.2
    endloop
  endfacet
  facet normal 0 0 1
    outer loop
      vertex -30.5 71 17.2
      vertex -30.5 68.85 17.2
      vertex -30.3891 68.8427 17.2
    endloop
  endfacet
  facet normal 0 0 1
    outer loop
      vertex -30.5 71 17.2
      vertex -30.6109 68.8427 17.2
      vertex -30.5 68.85 17.2
    endloop
  endfacet
  facet normal -0 0 1
    outer loop
      vertex -30.8916 70.9743 17.2
      vertex -30.6109 68.8427 17.2
      vertex -30.5 71 17.2
    endloop
  endfacet
  facet normal 0 0 1
    outer loop
      vertex -30.6109 68.8427 17.2
      vertex -30.8916 70.9743 17.2
      vertex -30.72 68.821 17.2
    endloop
  endfacet
  facet normal -0 0 1
    outer loop
      vertex -31.2765 70.8978 17.2
      vertex -30.72 68.821 17.2
      vertex -30.8916 70.9743 17.2
    endloop
  endfacet
  facet normal 0 0 1
    outer loop
      vertex -30.72 68.821 17.2
      vertex -31.2765 70.8978 17.2
      vertex -30.8253 68.7853 17.2
    endloop
  endfacet
  facet normal -0 0 1
    outer loop
      vertex -31.648 70.7716 17.2
      vertex -30.8253 68.7853 17.2
      vertex -31.2765 70.8978 17.2
    endloop
  endfacet
  facet normal 0 0 1
    outer loop
      vertex -30.8253 68.7853 17.2
      vertex -31.648 70.7716 17.2
      vertex -30.925 68.7361 17.2
    endloop
  endfacet
  facet normal -0 0 1
    outer loop
      vertex -32 70.5981 17.2
      vertex -30.925 68.7361 17.2
      vertex -31.648 70.7716 17.2
    endloop
  endfacet
  facet normal 0 0 1
    outer loop
      vertex -30.925 68.7361 17.2
      vertex -32 70.5981 17.2
      vertex -31.0174 68.6743 17.2
    endloop
  endfacet
  facet normal -0 0 1
    outer loop
      vertex -32.3263 70.3801 17.2
      vertex -31.0174 68.6743 17.2
      vertex -32 70.5981 17.2
    endloop
  endfacet
  facet normal 0 0 1
    outer loop
      vertex -31.0174 68.6743 17.2
      vertex -32.3263 70.3801 17.2
      vertex -31.101 68.601 17.2
    endloop
  endfacet
  facet normal -0 0 1
    outer loop
      vertex -32.6213 70.1213 17.2
      vertex -31.101 68.601 17.2
      vertex -32.3263 70.3801 17.2
    endloop
  endfacet
  facet normal 0 0 1
    outer loop
      vertex -31.101 68.601 17.2
      vertex -32.6213 70.1213 17.2
      vertex -31.1744 68.5174 17.2
    endloop
  endfacet
  facet normal -0 0 1
    outer loop
      vertex -32.8801 69.8263 17.2
      vertex -31.1744 68.5174 17.2
      vertex -32.6213 70.1213 17.2
    endloop
  endfacet
  facet normal 0 0 1
    outer loop
      vertex -31.1744 68.5174 17.2
      vertex -32.8801 69.8263 17.2
      vertex -31.2361 68.425 17.2
    endloop
  endfacet
  facet normal -0 0 1
    outer loop
      vertex -29.8256 67.4826 17.2
      vertex -28.1199 66.1737 17.2
      vertex -29.7639 67.575 17.2
    endloop
  endfacet
  facet normal 0 0 1
    outer loop
      vertex -28.1199 66.1737 17.2
      vertex -29.8256 67.4826 17.2
      vertex -28.3787 65.8787 17.2
    endloop
  endfacet
  facet normal -0 0 1
    outer loop
      vertex -29.899 67.399 17.2
      vertex -28.3787 65.8787 17.2
      vertex -29.8256 67.4826 17.2
    endloop
  endfacet
  facet normal 0 0 1
    outer loop
      vertex -28.3787 65.8787 17.2
      vertex -29.899 67.399 17.2
      vertex -28.6737 65.6199 17.2
    endloop
  endfacet
  facet normal -0 0 1
    outer loop
      vertex -29.9826 67.3257 17.2
      vertex -28.6737 65.6199 17.2
      vertex -29.899 67.399 17.2
    endloop
  endfacet
  facet normal 0 0 1
    outer loop
      vertex -28.6737 65.6199 17.2
      vertex -29.9826 67.3257 17.2
      vertex -29 65.4019 17.2
    endloop
  endfacet
  facet normal -0 0 1
    outer loop
      vertex -30.075 67.2639 17.2
      vertex -29 65.4019 17.2
      vertex -29.9826 67.3257 17.2
    endloop
  endfacet
  facet normal 0 0 1
    outer loop
      vertex -29 65.4019 17.2
      vertex -30.075 67.2639 17.2
      vertex -29.3519 65.2284 17.2
    endloop
  endfacet
  facet normal -0 0 1
    outer loop
      vertex -30.1747 67.2147 17.2
      vertex -29.3519 65.2284 17.2
      vertex -30.075 67.2639 17.2
    endloop
  endfacet
  facet normal 0 0 1
    outer loop
      vertex -29.3519 65.2284 17.2
      vertex -30.1747 67.2147 17.2
      vertex -29.7235 65.1022 17.2
    endloop
  endfacet
  facet normal -0 0 1
    outer loop
      vertex -30.28 67.179 17.2
      vertex -29.7235 65.1022 17.2
      vertex -30.1747 67.2147 17.2
    endloop
  endfacet
  facet normal 0 0 1
    outer loop
      vertex -29.7235 65.1022 17.2
      vertex -30.28 67.179 17.2
      vertex -30.1084 65.0257 17.2
    endloop
  endfacet
  facet normal -0 0 1
    outer loop
      vertex -30.3891 67.1573 17.2
      vertex -30.1084 65.0257 17.2
      vertex -30.28 67.179 17.2
    endloop
  endfacet
  facet normal -0 0 1
    outer loop
      vertex -30.5 67.15 17.2
      vertex -30.1084 65.0257 17.2
      vertex -30.3891 67.1573 17.2
    endloop
  endfacet
  facet normal 0 0 1
    outer loop
      vertex -30.5 67.15 17.2
      vertex -30.5 65 17.2
      vertex -30.1084 65.0257 17.2
    endloop
  endfacet
  facet normal 0 0 1
    outer loop
      vertex -30.6109 67.1573 17.2
      vertex -30.5 65 17.2
      vertex -30.5 67.15 17.2
    endloop
  endfacet
  facet normal 0 0 1
    outer loop
      vertex -30.8916 65.0257 17.2
      vertex -30.6109 67.1573 17.2
      vertex -30.72 67.179 17.2
    endloop
  endfacet
  facet normal 0 0 1
    outer loop
      vertex -31.2765 65.1022 17.2
      vertex -30.72 67.179 17.2
      vertex -30.8253 67.2147 17.2
    endloop
  endfacet
  facet normal 0 0 1
    outer loop
      vertex -30.6109 67.1573 17.2
      vertex -30.8916 65.0257 17.2
      vertex -30.5 65 17.2
    endloop
  endfacet
  facet normal 0 0 1
    outer loop
      vertex -31.648 65.2284 17.2
      vertex -30.8253 67.2147 17.2
      vertex -30.925 67.2639 17.2
    endloop
  endfacet
  facet normal 0 0 1
    outer loop
      vertex -32 65.4019 17.2
      vertex -30.925 67.2639 17.2
      vertex -31.0174 67.3257 17.2
    endloop
  endfacet
  facet normal 0 0 1
    outer loop
      vertex -32.3263 65.6199 17.2
      vertex -31.0174 67.3257 17.2
      vertex -31.101 67.399 17.2
    endloop
  endfacet
  facet normal 0 0 1
    outer loop
      vertex -32.6213 65.8787 17.2
      vertex -31.101 67.399 17.2
      vertex -31.1744 67.4826 17.2
    endloop
  endfacet
  facet normal 0 0 1
    outer loop
      vertex -32.8801 66.1737 17.2
      vertex -31.1744 67.4826 17.2
      vertex -31.2361 67.575 17.2
    endloop
  endfacet
  facet normal 0 0 1
    outer loop
      vertex -30.72 67.179 17.2
      vertex -31.2765 65.1022 17.2
      vertex -30.8916 65.0257 17.2
    endloop
  endfacet
  facet normal 0 0 1
    outer loop
      vertex -33.0981 66.5 17.2
      vertex -31.2361 67.575 17.2
      vertex -31.2853 67.6747 17.2
    endloop
  endfacet
  facet normal 0 0 1
    outer loop
      vertex -33.2716 66.852 17.2
      vertex -31.2853 67.6747 17.2
      vertex -31.321 67.78 17.2
    endloop
  endfacet
  facet normal 0 0 1
    outer loop
      vertex -33.3978 67.2235 17.2
      vertex -31.321 67.78 17.2
      vertex -31.3427 67.8891 17.2
    endloop
  endfacet
  facet normal 0 0 1
    outer loop
      vertex -33.4743 67.6084 17.2
      vertex -31.3427 67.8891 17.2
      vertex -31.35 68 17.2
    endloop
  endfacet
  facet normal -0 0 1
    outer loop
      vertex -33.0981 69.5 17.2
      vertex -31.2361 68.425 17.2
      vertex -32.8801 69.8263 17.2
    endloop
  endfacet
  facet normal 0 0 1
    outer loop
      vertex -30.8253 67.2147 17.2
      vertex -31.648 65.2284 17.2
      vertex -31.2765 65.1022 17.2
    endloop
  endfacet
  facet normal 0 0 1
    outer loop
      vertex -31.2361 68.425 17.2
      vertex -33.0981 69.5 17.2
      vertex -31.2853 68.3253 17.2
    endloop
  endfacet
  facet normal 0 0 1
    outer loop
      vertex -30.925 67.2639 17.2
      vertex -32 65.4019 17.2
      vertex -31.648 65.2284 17.2
    endloop
  endfacet
  facet normal -0 0 1
    outer loop
      vertex -33.2716 69.148 17.2
      vertex -31.2853 68.3253 17.2
      vertex -33.0981 69.5 17.2
    endloop
  endfacet
  facet normal 0 0 1
    outer loop
      vertex -31.0174 67.3257 17.2
      vertex -32.3263 65.6199 17.2
      vertex -32 65.4019 17.2
    endloop
  endfacet
  facet normal 0 0 1
    outer loop
      vertex -31.2853 68.3253 17.2
      vertex -33.2716 69.148 17.2
      vertex -31.321 68.22 17.2
    endloop
  endfacet
  facet normal 0 0 1
    outer loop
      vertex -31.101 67.399 17.2
      vertex -32.6213 65.8787 17.2
      vertex -32.3263 65.6199 17.2
    endloop
  endfacet
  facet normal -0 0 1
    outer loop
      vertex -33.3978 68.7765 17.2
      vertex -31.321 68.22 17.2
      vertex -33.2716 69.148 17.2
    endloop
  endfacet
  facet normal 0 0 1
    outer loop
      vertex -31.1744 67.4826 17.2
      vertex -32.8801 66.1737 17.2
      vertex -32.6213 65.8787 17.2
    endloop
  endfacet
  facet normal 0 0 1
    outer loop
      vertex -31.321 68.22 17.2
      vertex -33.3978 68.7765 17.2
      vertex -31.3427 68.1109 17.2
    endloop
  endfacet
  facet normal 0 0 1
    outer loop
      vertex -31.2361 67.575 17.2
      vertex -33.0981 66.5 17.2
      vertex -32.8801 66.1737 17.2
    endloop
  endfacet
  facet normal -0 0 1
    outer loop
      vertex -33.4743 68.3916 17.2
      vertex -31.3427 68.1109 17.2
      vertex -33.3978 68.7765 17.2
    endloop
  endfacet
  facet normal 0 0 1
    outer loop
      vertex -31.2853 67.6747 17.2
      vertex -33.2716 66.852 17.2
      vertex -33.0981 66.5 17.2
    endloop
  endfacet
  facet normal 0 0 1
    outer loop
      vertex -31.3427 68.1109 17.2
      vertex -33.4743 68.3916 17.2
      vertex -31.35 68 17.2
    endloop
  endfacet
  facet normal 0 0 1
    outer loop
      vertex -31.321 67.78 17.2
      vertex -33.3978 67.2235 17.2
      vertex -33.2716 66.852 17.2
    endloop
  endfacet
  facet normal 0 0 1
    outer loop
      vertex -33.5 68 17.2
      vertex -31.35 68 17.2
      vertex -33.4743 68.3916 17.2
    endloop
  endfacet
  facet normal 0 0 1
    outer loop
      vertex -31.3427 67.8891 17.2
      vertex -33.4743 67.6084 17.2
      vertex -33.3978 67.2235 17.2
    endloop
  endfacet
  facet normal 0 0 1
    outer loop
      vertex -31.35 68 17.2
      vertex -33.5 68 17.2
      vertex -33.4743 67.6084 17.2
    endloop
  endfacet
  facet normal 0.19494 -0.980815 0
    outer loop
      vertex -30.1084 65.0257 2.2
      vertex -29.7235 65.1022 17.2
      vertex -30.1084 65.0257 17.2
    endloop
  endfacet
  facet normal 0.19494 -0.980815 0
    outer loop
      vertex -29.7235 65.1022 17.2
      vertex -30.1084 65.0257 2.2
      vertex -29.7235 65.1022 2.2
    endloop
  endfacet
  facet normal -0.0654873 0.997853 0
    outer loop
      vertex -30.5 71 2.2
      vertex -30.8916 70.9743 17.2
      vertex -30.5 71 17.2
    endloop
  endfacet
  facet normal -0.0654873 0.997853 0
    outer loop
      vertex -30.8916 70.9743 17.2
      vertex -30.5 71 2.2
      vertex -30.8916 70.9743 2.2
    endloop
  endfacet
  facet normal 0.659478 -0.751724 0
    outer loop
      vertex -28.6737 65.6199 2.2
      vertex -28.3787 65.8787 17.2
      vertex -28.6737 65.6199 17.2
    endloop
  endfacet
  facet normal 0.659478 -0.751724 0
    outer loop
      vertex -28.3787 65.8787 17.2
      vertex -28.6737 65.6199 2.2
      vertex -28.3787 65.8787 2.2
    endloop
  endfacet
  facet normal 0.997853 -0.0654873 1.4509e-19
    outer loop
      vertex -27.5257 67.6084 17.2
      vertex -27.5 68 2.2
      vertex -27.5 68 17.2
    endloop
  endfacet
  facet normal 0.997853 -0.0654873 1.4509e-19
    outer loop
      vertex -27.5 68 2.2
      vertex -27.5257 67.6084 17.2
      vertex -27.5257 67.6084 2.2
    endloop
  endfacet
  facet normal -0.997853 -0.0654873 -1.4509e-19
    outer loop
      vertex -33.4743 67.6084 2.2
      vertex -33.5 68 17.2
      vertex -33.5 68 2.2
    endloop
  endfacet
  facet normal -0.997853 -0.0654873 -1.4509e-19
    outer loop
      vertex -33.5 68 17.2
      vertex -33.4743 67.6084 2.2
      vertex -33.4743 67.6084 17.2
    endloop
  endfacet
  facet normal -0.831501 -0.555523 5.45702e-19
    outer loop
      vertex -32.8801 66.1737 2.2
      vertex -33.0981 66.5 17.2
      vertex -33.0981 66.5 2.2
    endloop
  endfacet
  facet normal -0.831501 -0.555523 5.45702e-19
    outer loop
      vertex -33.0981 66.5 17.2
      vertex -32.8801 66.1737 2.2
      vertex -32.8801 66.1737 17.2
    endloop
  endfacet
  facet normal 0.442211 0.896911 -0
    outer loop
      vertex -29 70.5981 2.2
      vertex -29.3519 70.7716 17.2
      vertex -29 70.5981 17.2
    endloop
  endfacet
  facet normal 0.442211 0.896911 0
    outer loop
      vertex -29.3519 70.7716 17.2
      vertex -29 70.5981 2.2
      vertex -29.3519 70.7716 2.2
    endloop
  endfacet
  facet normal 0.946858 0.321651 4.81678e-19
    outer loop
      vertex -27.6022 68.7765 17.2
      vertex -27.7284 69.148 2.2
      vertex -27.7284 69.148 17.2
    endloop
  endfacet
  facet normal 0.946858 0.321651 4.81678e-19
    outer loop
      vertex -27.7284 69.148 2.2
      vertex -27.6022 68.7765 17.2
      vertex -27.6022 68.7765 2.2
    endloop
  endfacet
  facet normal 0.442211 -0.896911 0
    outer loop
      vertex -29.3519 65.2284 2.2
      vertex -29 65.4019 17.2
      vertex -29.3519 65.2284 17.2
    endloop
  endfacet
  facet normal 0.442211 -0.896911 0
    outer loop
      vertex -29 65.4019 17.2
      vertex -29.3519 65.2284 2.2
      vertex -29 65.4019 2.2
    endloop
  endfacet
  facet normal -0.980815 -0.19494 1.36574e-19
    outer loop
      vertex -33.3978 67.2235 2.2
      vertex -33.4743 67.6084 17.2
      vertex -33.4743 67.6084 2.2
    endloop
  endfacet
  facet normal -0.980815 -0.19494 1.36574e-19
    outer loop
      vertex -33.4743 67.6084 17.2
      vertex -33.3978 67.2235 2.2
      vertex -33.3978 67.2235 17.2
    endloop
  endfacet
  facet normal -0.896961 -0.44211 -4.72942e-19
    outer loop
      vertex -33.0981 66.5 2.2
      vertex -33.2716 66.852 17.2
      vertex -33.2716 66.852 2.2
    endloop
  endfacet
  facet normal -0.896961 -0.44211 -4.72942e-19
    outer loop
      vertex -33.2716 66.852 17.2
      vertex -33.0981 66.5 2.2
      vertex -33.0981 66.5 17.2
    endloop
  endfacet
  facet normal -0.44211 0.896961 0
    outer loop
      vertex -31.648 70.7716 2.2
      vertex -32 70.5981 17.2
      vertex -31.648 70.7716 17.2
    endloop
  endfacet
  facet normal -0.44211 0.896961 0
    outer loop
      vertex -32 70.5981 17.2
      vertex -31.648 70.7716 2.2
      vertex -32 70.5981 2.2
    endloop
  endfacet
  facet normal 0.751724 -0.659478 -8.45558e-19
    outer loop
      vertex -28.3787 65.8787 17.2
      vertex -28.1199 66.1737 2.2
      vertex -28.1199 66.1737 17.2
    endloop
  endfacet
  facet normal 0.751724 -0.659478 -8.45558e-19
    outer loop
      vertex -28.1199 66.1737 2.2
      vertex -28.3787 65.8787 17.2
      vertex -28.3787 65.8787 2.2
    endloop
  endfacet
  facet normal 0.555523 0.831501 -0
    outer loop
      vertex -28.6737 70.3801 2.2
      vertex -29 70.5981 17.2
      vertex -28.6737 70.3801 17.2
    endloop
  endfacet
  facet normal 0.555523 0.831501 0
    outer loop
      vertex -29 70.5981 17.2
      vertex -28.6737 70.3801 2.2
      vertex -29 70.5981 2.2
    endloop
  endfacet
  facet normal 0.831501 0.555523 -5.55781e-19
    outer loop
      vertex -27.9019 69.5 17.2
      vertex -28.1199 69.8263 2.2
      vertex -28.1199 69.8263 17.2
    endloop
  endfacet
  facet normal 0.831501 0.555523 -5.55781e-19
    outer loop
      vertex -28.1199 69.8263 2.2
      vertex -27.9019 69.5 17.2
      vertex -27.9019 69.5 2.2
    endloop
  endfacet
  facet normal -0.19494 0.980815 0
    outer loop
      vertex -30.8916 70.9743 2.2
      vertex -31.2765 70.8978 17.2
      vertex -30.8916 70.9743 17.2
    endloop
  endfacet
  facet normal -0.19494 0.980815 0
    outer loop
      vertex -31.2765 70.8978 17.2
      vertex -30.8916 70.9743 2.2
      vertex -31.2765 70.8978 2.2
    endloop
  endfacet
  facet normal 0.19494 0.980815 -0
    outer loop
      vertex -29.7235 70.8978 2.2
      vertex -30.1084 70.9743 17.2
      vertex -29.7235 70.8978 17.2
    endloop
  endfacet
  facet normal 0.19494 0.980815 0
    outer loop
      vertex -30.1084 70.9743 17.2
      vertex -29.7235 70.8978 2.2
      vertex -30.1084 70.9743 2.2
    endloop
  endfacet
  facet normal 0.980815 -0.19494 -2.17675e-19
    outer loop
      vertex -27.6022 67.2235 17.2
      vertex -27.5257 67.6084 2.2
      vertex -27.5257 67.6084 17.2
    endloop
  endfacet
  facet normal 0.980815 -0.19494 -2.17675e-19
    outer loop
      vertex -27.5257 67.6084 2.2
      vertex -27.6022 67.2235 17.2
      vertex -27.6022 67.2235 2.2
    endloop
  endfacet
  facet normal -0.751724 -0.659478 -3.8038e-19
    outer loop
      vertex -32.6213 65.8787 2.2
      vertex -32.8801 66.1737 17.2
      vertex -32.8801 66.1737 2.2
    endloop
  endfacet
  facet normal -0.751724 -0.659478 -3.8038e-19
    outer loop
      vertex -32.8801 66.1737 17.2
      vertex -32.6213 65.8787 2.2
      vertex -32.6213 65.8787 17.2
    endloop
  endfacet
  facet normal 0.896961 0.44211 4.41785e-19
    outer loop
      vertex -27.7284 69.148 17.2
      vertex -27.9019 69.5 2.2
      vertex -27.9019 69.5 17.2
    endloop
  endfacet
  facet normal 0.896961 0.44211 4.41785e-19
    outer loop
      vertex -27.9019 69.5 2.2
      vertex -27.7284 69.148 17.2
      vertex -27.7284 69.148 2.2
    endloop
  endfacet
  facet normal -0.555523 0.831501 0
    outer loop
      vertex -32 70.5981 2.2
      vertex -32.3263 70.3801 17.2
      vertex -32 70.5981 17.2
    endloop
  endfacet
  facet normal -0.555523 0.831501 0
    outer loop
      vertex -32.3263 70.3801 17.2
      vertex -32 70.5981 2.2
      vertex -32.3263 70.3801 2.2
    endloop
  endfacet
  facet normal -0.0654873 -0.997853 0
    outer loop
      vertex -30.8916 65.0257 2.2
      vertex -30.5 65 17.2
      vertex -30.8916 65.0257 17.2
    endloop
  endfacet
  facet normal -0.0654873 -0.997853 -0
    outer loop
      vertex -30.5 65 17.2
      vertex -30.8916 65.0257 2.2
      vertex -30.5 65 2.2
    endloop
  endfacet
  facet normal -0.980815 0.19494 -1.36574e-19
    outer loop
      vertex -33.4743 68.3916 2.2
      vertex -33.3978 68.7765 17.2
      vertex -33.3978 68.7765 2.2
    endloop
  endfacet
  facet normal -0.980815 0.19494 -1.36574e-19
    outer loop
      vertex -33.3978 68.7765 17.2
      vertex -33.4743 68.3916 2.2
      vertex -33.4743 68.3916 17.2
    endloop
  endfacet
  facet normal -0.321651 0.946858 0
    outer loop
      vertex -31.2765 70.8978 2.2
      vertex -31.648 70.7716 17.2
      vertex -31.2765 70.8978 17.2
    endloop
  endfacet
  facet normal -0.321651 0.946858 0
    outer loop
      vertex -31.648 70.7716 17.2
      vertex -31.2765 70.8978 2.2
      vertex -31.648 70.7716 2.2
    endloop
  endfacet
  facet normal 0.321574 0.946885 -0
    outer loop
      vertex -29.3519 70.7716 2.2
      vertex -29.7235 70.8978 17.2
      vertex -29.3519 70.7716 17.2
    endloop
  endfacet
  facet normal 0.321574 0.946885 0
    outer loop
      vertex -29.7235 70.8978 17.2
      vertex -29.3519 70.7716 2.2
      vertex -29.7235 70.8978 2.2
    endloop
  endfacet
  facet normal 0.321574 -0.946885 0
    outer loop
      vertex -29.7235 65.1022 2.2
      vertex -29.3519 65.2284 17.2
      vertex -29.7235 65.1022 17.2
    endloop
  endfacet
  facet normal 0.321574 -0.946885 0
    outer loop
      vertex -29.3519 65.2284 17.2
      vertex -29.7235 65.1022 2.2
      vertex -29.3519 65.2284 2.2
    endloop
  endfacet
  facet normal -0.321651 -0.946858 0
    outer loop
      vertex -31.648 65.2284 2.2
      vertex -31.2765 65.1022 17.2
      vertex -31.648 65.2284 17.2
    endloop
  endfacet
  facet normal -0.321651 -0.946858 -0
    outer loop
      vertex -31.2765 65.1022 17.2
      vertex -31.648 65.2284 2.2
      vertex -31.2765 65.1022 2.2
    endloop
  endfacet
  facet normal 0.831501 -0.555523 5.55781e-19
    outer loop
      vertex -28.1199 66.1737 17.2
      vertex -27.9019 66.5 2.2
      vertex -27.9019 66.5 17.2
    endloop
  endfacet
  facet normal 0.831501 -0.555523 5.55781e-19
    outer loop
      vertex -27.9019 66.5 2.2
      vertex -28.1199 66.1737 17.2
      vertex -28.1199 66.1737 2.2
    endloop
  endfacet
  facet normal -0.946858 -0.321651 -4.52114e-19
    outer loop
      vertex -33.2716 66.852 2.2
      vertex -33.3978 67.2235 17.2
      vertex -33.3978 67.2235 2.2
    endloop
  endfacet
  facet normal -0.946858 -0.321651 -4.52114e-19
    outer loop
      vertex -33.3978 67.2235 17.2
      vertex -33.2716 66.852 2.2
      vertex -33.2716 66.852 17.2
    endloop
  endfacet
  facet normal -0.555523 -0.831501 0
    outer loop
      vertex -32.3263 65.6199 2.2
      vertex -32 65.4019 17.2
      vertex -32.3263 65.6199 17.2
    endloop
  endfacet
  facet normal -0.555523 -0.831501 -0
    outer loop
      vertex -32 65.4019 17.2
      vertex -32.3263 65.6199 2.2
      vertex -32 65.4019 2.2
    endloop
  endfacet
  facet normal -0.997853 0.0654873 1.4509e-19
    outer loop
      vertex -33.5 68 2.2
      vertex -33.4743 68.3916 17.2
      vertex -33.4743 68.3916 2.2
    endloop
  endfacet
  facet normal -0.997853 0.0654873 1.4509e-19
    outer loop
      vertex -33.4743 68.3916 17.2
      vertex -33.5 68 2.2
      vertex -33.5 68 17.2
    endloop
  endfacet
  facet normal 0.946858 -0.321651 -4.81678e-19
    outer loop
      vertex -27.7284 66.852 17.2
      vertex -27.6022 67.2235 2.2
      vertex -27.6022 67.2235 17.2
    endloop
  endfacet
  facet normal 0.946858 -0.321651 -4.81678e-19
    outer loop
      vertex -27.6022 67.2235 2.2
      vertex -27.7284 66.852 17.2
      vertex -27.7284 66.852 2.2
    endloop
  endfacet
  facet normal -0.44211 -0.896961 0
    outer loop
      vertex -32 65.4019 2.2
      vertex -31.648 65.2284 17.2
      vertex -32 65.4019 17.2
    endloop
  endfacet
  facet normal -0.44211 -0.896961 -0
    outer loop
      vertex -31.648 65.2284 17.2
      vertex -32 65.4019 2.2
      vertex -31.648 65.2284 2.2
    endloop
  endfacet
  facet normal -0.831501 0.555523 -5.45702e-19
    outer loop
      vertex -33.0981 69.5 2.2
      vertex -32.8801 69.8263 17.2
      vertex -32.8801 69.8263 2.2
    endloop
  endfacet
  facet normal -0.831501 0.555523 -5.45702e-19
    outer loop
      vertex -32.8801 69.8263 17.2
      vertex -33.0981 69.5 2.2
      vertex -33.0981 69.5 17.2
    endloop
  endfacet
  facet normal -0.659478 0.751724 0
    outer loop
      vertex -32.3263 70.3801 2.2
      vertex -32.6213 70.1213 17.2
      vertex -32.3263 70.3801 17.2
    endloop
  endfacet
  facet normal -0.659478 0.751724 0
    outer loop
      vertex -32.6213 70.1213 17.2
      vertex -32.3263 70.3801 2.2
      vertex -32.6213 70.1213 2.2
    endloop
  endfacet
  facet normal -0.896961 0.44211 4.72942e-19
    outer loop
      vertex -33.2716 69.148 2.2
      vertex -33.0981 69.5 17.2
      vertex -33.0981 69.5 2.2
    endloop
  endfacet
  facet normal -0.896961 0.44211 4.72942e-19
    outer loop
      vertex -33.0981 69.5 17.2
      vertex -33.2716 69.148 2.2
      vertex -33.2716 69.148 17.2
    endloop
  endfacet
  facet normal 0.0654873 -0.997853 0
    outer loop
      vertex -30.5 65 2.2
      vertex -30.1084 65.0257 17.2
      vertex -30.5 65 17.2
    endloop
  endfacet
  facet normal 0.0654873 -0.997853 0
    outer loop
      vertex -30.1084 65.0257 17.2
      vertex -30.5 65 2.2
      vertex -30.1084 65.0257 2.2
    endloop
  endfacet
  facet normal -0.19494 -0.980815 0
    outer loop
      vertex -31.2765 65.1022 2.2
      vertex -30.8916 65.0257 17.2
      vertex -31.2765 65.1022 17.2
    endloop
  endfacet
  facet normal -0.19494 -0.980815 -0
    outer loop
      vertex -30.8916 65.0257 17.2
      vertex -31.2765 65.1022 2.2
      vertex -30.8916 65.0257 2.2
    endloop
  endfacet
  facet normal 0.896961 -0.44211 -4.41785e-19
    outer loop
      vertex -27.9019 66.5 17.2
      vertex -27.7284 66.852 2.2
      vertex -27.7284 66.852 17.2
    endloop
  endfacet
  facet normal 0.896961 -0.44211 -4.41785e-19
    outer loop
      vertex -27.7284 66.852 2.2
      vertex -27.9019 66.5 17.2
      vertex -27.9019 66.5 2.2
    endloop
  endfacet
  facet normal -0.659478 -0.751724 0
    outer loop
      vertex -32.6213 65.8787 2.2
      vertex -32.3263 65.6199 17.2
      vertex -32.6213 65.8787 17.2
    endloop
  endfacet
  facet normal -0.659478 -0.751724 -0
    outer loop
      vertex -32.3263 65.6199 17.2
      vertex -32.6213 65.8787 2.2
      vertex -32.3263 65.6199 2.2
    endloop
  endfacet
  facet normal -0.751724 0.659478 3.8038e-19
    outer loop
      vertex -32.8801 69.8263 2.2
      vertex -32.6213 70.1213 17.2
      vertex -32.6213 70.1213 2.2
    endloop
  endfacet
  facet normal -0.751724 0.659478 3.8038e-19
    outer loop
      vertex -32.6213 70.1213 17.2
      vertex -32.8801 69.8263 2.2
      vertex -32.8801 69.8263 17.2
    endloop
  endfacet
  facet normal -0.946858 -0.321651 4.81678e-19
    outer loop
      vertex 27.7284 66.852 2.2
      vertex 27.6022 67.2235 17.2
      vertex 27.6022 67.2235 2.2
    endloop
  endfacet
  facet normal -0.946858 -0.321651 4.81678e-19
    outer loop
      vertex 27.6022 67.2235 17.2
      vertex 27.7284 66.852 2.2
      vertex 27.7284 66.852 17.2
    endloop
  endfacet
  facet normal 0.19494 -0.980815 0
    outer loop
      vertex 30.8916 65.0257 2.2
      vertex 31.2765 65.1022 17.2
      vertex 30.8916 65.0257 17.2
    endloop
  endfacet
  facet normal 0.19494 -0.980815 0
    outer loop
      vertex 31.2765 65.1022 17.2
      vertex 30.8916 65.0257 2.2
      vertex 31.2765 65.1022 2.2
    endloop
  endfacet
  facet normal 0.980815 0.19494 1.36574e-19
    outer loop
      vertex 33.4743 68.3916 17.2
      vertex 33.3978 68.7765 2.2
      vertex 33.3978 68.7765 17.2
    endloop
  endfacet
  facet normal 0.980815 0.19494 1.36574e-19
    outer loop
      vertex 33.3978 68.7765 2.2
      vertex 33.4743 68.3916 17.2
      vertex 33.4743 68.3916 2.2
    endloop
  endfacet
  facet normal 0.997853 0.0654873 -1.4509e-19
    outer loop
      vertex 33.5 68 17.2
      vertex 33.4743 68.3916 2.2
      vertex 33.4743 68.3916 17.2
    endloop
  endfacet
  facet normal 0.997853 0.0654873 -1.4509e-19
    outer loop
      vertex 33.4743 68.3916 2.2
      vertex 33.5 68 17.2
      vertex 33.5 68 2.2
    endloop
  endfacet
  facet normal -0.442211 0.896911 0
    outer loop
      vertex 29.3519 70.7716 2.2
      vertex 29 70.5981 17.2
      vertex 29.3519 70.7716 17.2
    endloop
  endfacet
  facet normal -0.442211 0.896911 0
    outer loop
      vertex 29 70.5981 17.2
      vertex 29.3519 70.7716 2.2
      vertex 29 70.5981 2.2
    endloop
  endfacet
  facet normal 0.896961 -0.44211 4.72942e-19
    outer loop
      vertex 33.0981 66.5 17.2
      vertex 33.2716 66.852 2.2
      vertex 33.2716 66.852 17.2
    endloop
  endfacet
  facet normal 0.896961 -0.44211 4.72942e-19
    outer loop
      vertex 33.2716 66.852 2.2
      vertex 33.0981 66.5 17.2
      vertex 33.0981 66.5 2.2
    endloop
  endfacet
  facet normal 0.997853 -0.0654873 1.4509e-19
    outer loop
      vertex 33.4743 67.6084 17.2
      vertex 33.5 68 2.2
      vertex 33.5 68 17.2
    endloop
  endfacet
  facet normal 0.997853 -0.0654873 1.4509e-19
    outer loop
      vertex 33.5 68 2.2
      vertex 33.4743 67.6084 17.2
      vertex 33.4743 67.6084 2.2
    endloop
  endfacet
  facet normal 0.659478 0.751724 -0
    outer loop
      vertex 32.6213 70.1213 2.2
      vertex 32.3263 70.3801 17.2
      vertex 32.6213 70.1213 17.2
    endloop
  endfacet
  facet normal 0.659478 0.751724 0
    outer loop
      vertex 32.3263 70.3801 17.2
      vertex 32.6213 70.1213 2.2
      vertex 32.3263 70.3801 2.2
    endloop
  endfacet
  facet normal -0.659478 0.751724 0
    outer loop
      vertex 28.6737 70.3801 2.2
      vertex 28.3787 70.1213 17.2
      vertex 28.6737 70.3801 17.2
    endloop
  endfacet
  facet normal -0.659478 0.751724 0
    outer loop
      vertex 28.3787 70.1213 17.2
      vertex 28.6737 70.3801 2.2
      vertex 28.3787 70.1213 2.2
    endloop
  endfacet
  facet normal 0.0654873 0.997853 -0
    outer loop
      vertex 30.8916 70.9743 2.2
      vertex 30.5 71 17.2
      vertex 30.8916 70.9743 17.2
    endloop
  endfacet
  facet normal 0.0654873 0.997853 0
    outer loop
      vertex 30.5 71 17.2
      vertex 30.8916 70.9743 2.2
      vertex 30.5 71 2.2
    endloop
  endfacet
  facet normal -0.997853 0.0654873 1.4509e-19
    outer loop
      vertex 27.5 68 2.2
      vertex 27.5257 68.3916 17.2
      vertex 27.5257 68.3916 2.2
    endloop
  endfacet
  facet normal -0.997853 0.0654873 1.4509e-19
    outer loop
      vertex 27.5257 68.3916 17.2
      vertex 27.5 68 2.2
      vertex 27.5 68 17.2
    endloop
  endfacet
  facet normal -0.751724 -0.659478 8.45558e-19
    outer loop
      vertex 28.3787 65.8787 2.2
      vertex 28.1199 66.1737 17.2
      vertex 28.1199 66.1737 2.2
    endloop
  endfacet
  facet normal -0.751724 -0.659478 8.45558e-19
    outer loop
      vertex 28.1199 66.1737 17.2
      vertex 28.3787 65.8787 2.2
      vertex 28.3787 65.8787 17.2
    endloop
  endfacet
  facet normal -0.980815 -0.19494 2.17675e-19
    outer loop
      vertex 27.6022 67.2235 2.2
      vertex 27.5257 67.6084 17.2
      vertex 27.5257 67.6084 2.2
    endloop
  endfacet
  facet normal -0.980815 -0.19494 2.17675e-19
    outer loop
      vertex 27.5257 67.6084 17.2
      vertex 27.6022 67.2235 2.2
      vertex 27.6022 67.2235 17.2
    endloop
  endfacet
  facet normal 0.831501 -0.555523 -5.45702e-19
    outer loop
      vertex 32.8801 66.1737 17.2
      vertex 33.0981 66.5 2.2
      vertex 33.0981 66.5 17.2
    endloop
  endfacet
  facet normal 0.831501 -0.555523 -5.45702e-19
    outer loop
      vertex 33.0981 66.5 2.2
      vertex 32.8801 66.1737 17.2
      vertex 32.8801 66.1737 2.2
    endloop
  endfacet
  facet normal -0.896961 0.44211 -4.41785e-19
    outer loop
      vertex 27.7284 69.148 2.2
      vertex 27.9019 69.5 17.2
      vertex 27.9019 69.5 2.2
    endloop
  endfacet
  facet normal -0.896961 0.44211 -4.41785e-19
    outer loop
      vertex 27.9019 69.5 17.2
      vertex 27.7284 69.148 2.2
      vertex 27.7284 69.148 17.2
    endloop
  endfacet
  facet normal -0.831501 0.555523 5.55781e-19
    outer loop
      vertex 27.9019 69.5 2.2
      vertex 28.1199 69.8263 17.2
      vertex 28.1199 69.8263 2.2
    endloop
  endfacet
  facet normal -0.831501 0.555523 5.55781e-19
    outer loop
      vertex 28.1199 69.8263 17.2
      vertex 27.9019 69.5 2.2
      vertex 27.9019 69.5 17.2
    endloop
  endfacet
  facet normal -0.0654873 0.997853 0
    outer loop
      vertex 30.5 71 2.2
      vertex 30.1084 70.9743 17.2
      vertex 30.5 71 17.2
    endloop
  endfacet
  facet normal -0.0654873 0.997853 0
    outer loop
      vertex 30.1084 70.9743 17.2
      vertex 30.5 71 2.2
      vertex 30.1084 70.9743 2.2
    endloop
  endfacet
  facet normal -0.321574 -0.946885 0
    outer loop
      vertex 29.3519 65.2284 2.2
      vertex 29.7235 65.1022 17.2
      vertex 29.3519 65.2284 17.2
    endloop
  endfacet
  facet normal -0.321574 -0.946885 -0
    outer loop
      vertex 29.7235 65.1022 17.2
      vertex 29.3519 65.2284 2.2
      vertex 29.7235 65.1022 2.2
    endloop
  endfacet
  facet normal 0.44211 0.896961 -0
    outer loop
      vertex 32 70.5981 2.2
      vertex 31.648 70.7716 17.2
      vertex 32 70.5981 17.2
    endloop
  endfacet
  facet normal 0.44211 0.896961 0
    outer loop
      vertex 31.648 70.7716 17.2
      vertex 32 70.5981 2.2
      vertex 31.648 70.7716 2.2
    endloop
  endfacet
  facet normal 0.0654873 -0.997853 0
    outer loop
      vertex 30.5 65 2.2
      vertex 30.8916 65.0257 17.2
      vertex 30.5 65 17.2
    endloop
  endfacet
  facet normal 0.0654873 -0.997853 0
    outer loop
      vertex 30.8916 65.0257 17.2
      vertex 30.5 65 2.2
      vertex 30.8916 65.0257 2.2
    endloop
  endfacet
  facet normal 0.555523 -0.831501 0
    outer loop
      vertex 32 65.4019 2.2
      vertex 32.3263 65.6199 17.2
      vertex 32 65.4019 17.2
    endloop
  endfacet
  facet normal 0.555523 -0.831501 0
    outer loop
      vertex 32.3263 65.6199 17.2
      vertex 32 65.4019 2.2
      vertex 32.3263 65.6199 2.2
    endloop
  endfacet
  facet normal 0.980815 -0.19494 -1.36574e-19
    outer loop
      vertex 33.3978 67.2235 17.2
      vertex 33.4743 67.6084 2.2
      vertex 33.4743 67.6084 17.2
    endloop
  endfacet
  facet normal 0.980815 -0.19494 -1.36574e-19
    outer loop
      vertex 33.4743 67.6084 2.2
      vertex 33.3978 67.2235 17.2
      vertex 33.3978 67.2235 2.2
    endloop
  endfacet
  facet normal -0.751724 0.659478 -8.45558e-19
    outer loop
      vertex 28.1199 69.8263 2.2
      vertex 28.3787 70.1213 17.2
      vertex 28.3787 70.1213 2.2
    endloop
  endfacet
  facet normal -0.751724 0.659478 -8.45558e-19
    outer loop
      vertex 28.3787 70.1213 17.2
      vertex 28.1199 69.8263 2.2
      vertex 28.1199 69.8263 17.2
    endloop
  endfacet
  facet normal -0.980815 0.19494 -2.17675e-19
    outer loop
      vertex 27.5257 68.3916 2.2
      vertex 27.6022 68.7765 17.2
      vertex 27.6022 68.7765 2.2
    endloop
  endfacet
  facet normal -0.980815 0.19494 -2.17675e-19
    outer loop
      vertex 27.6022 68.7765 17.2
      vertex 27.5257 68.3916 2.2
      vertex 27.5257 68.3916 17.2
    endloop
  endfacet
  facet normal 0.831501 0.555523 5.45702e-19
    outer loop
      vertex 33.0981 69.5 17.2
      vertex 32.8801 69.8263 2.2
      vertex 32.8801 69.8263 17.2
    endloop
  endfacet
  facet normal 0.831501 0.555523 5.45702e-19
    outer loop
      vertex 32.8801 69.8263 2.2
      vertex 33.0981 69.5 17.2
      vertex 33.0981 69.5 2.2
    endloop
  endfacet
  facet normal 0.555523 0.831501 -0
    outer loop
      vertex 32.3263 70.3801 2.2
      vertex 32 70.5981 17.2
      vertex 32.3263 70.3801 17.2
    endloop
  endfacet
  facet normal 0.555523 0.831501 0
    outer loop
      vertex 32 70.5981 17.2
      vertex 32.3263 70.3801 2.2
      vertex 32 70.5981 2.2
    endloop
  endfacet
  facet normal -0.997853 -0.0654873 -1.4509e-19
    outer loop
      vertex 27.5257 67.6084 2.2
      vertex 27.5 68 17.2
      vertex 27.5 68 2.2
    endloop
  endfacet
  facet normal -0.997853 -0.0654873 -1.4509e-19
    outer loop
      vertex 27.5 68 17.2
      vertex 27.5257 67.6084 2.2
      vertex 27.5257 67.6084 17.2
    endloop
  endfacet
  facet normal 0.321651 0.946858 -0
    outer loop
      vertex 31.648 70.7716 2.2
      vertex 31.2765 70.8978 17.2
      vertex 31.648 70.7716 17.2
    endloop
  endfacet
  facet normal 0.321651 0.946858 0
    outer loop
      vertex 31.2765 70.8978 17.2
      vertex 31.648 70.7716 2.2
      vertex 31.2765 70.8978 2.2
    endloop
  endfacet
  facet normal 0.659478 -0.751724 0
    outer loop
      vertex 32.3263 65.6199 2.2
      vertex 32.6213 65.8787 17.2
      vertex 32.3263 65.6199 17.2
    endloop
  endfacet
  facet normal 0.659478 -0.751724 0
    outer loop
      vertex 32.6213 65.8787 17.2
      vertex 32.3263 65.6199 2.2
      vertex 32.6213 65.8787 2.2
    endloop
  endfacet
  facet normal -0.19494 0.980815 0
    outer loop
      vertex 30.1084 70.9743 2.2
      vertex 29.7235 70.8978 17.2
      vertex 30.1084 70.9743 17.2
    endloop
  endfacet
  facet normal -0.19494 0.980815 0
    outer loop
      vertex 29.7235 70.8978 17.2
      vertex 30.1084 70.9743 2.2
      vertex 29.7235 70.8978 2.2
    endloop
  endfacet
  facet normal 0.896961 0.44211 -4.72942e-19
    outer loop
      vertex 33.2716 69.148 17.2
      vertex 33.0981 69.5 2.2
      vertex 33.0981 69.5 17.2
    endloop
  endfacet
  facet normal 0.896961 0.44211 -4.72942e-19
    outer loop
      vertex 33.0981 69.5 2.2
      vertex 33.2716 69.148 17.2
      vertex 33.2716 69.148 2.2
    endloop
  endfacet
  facet normal 0.946858 -0.321651 4.52114e-19
    outer loop
      vertex 33.2716 66.852 17.2
      vertex 33.3978 67.2235 2.2
      vertex 33.3978 67.2235 17.2
    endloop
  endfacet
  facet normal 0.946858 -0.321651 4.52114e-19
    outer loop
      vertex 33.3978 67.2235 2.2
      vertex 33.2716 66.852 17.2
      vertex 33.2716 66.852 2.2
    endloop
  endfacet
  facet normal -0.555523 -0.831501 0
    outer loop
      vertex 28.6737 65.6199 2.2
      vertex 29 65.4019 17.2
      vertex 28.6737 65.6199 17.2
    endloop
  endfacet
  facet normal -0.555523 -0.831501 -0
    outer loop
      vertex 29 65.4019 17.2
      vertex 28.6737 65.6199 2.2
      vertex 29 65.4019 2.2
    endloop
  endfacet
  facet normal -0.659478 -0.751724 0
    outer loop
      vertex 28.3787 65.8787 2.2
      vertex 28.6737 65.6199 17.2
      vertex 28.3787 65.8787 17.2
    endloop
  endfacet
  facet normal -0.659478 -0.751724 -0
    outer loop
      vertex 28.6737 65.6199 17.2
      vertex 28.3787 65.8787 2.2
      vertex 28.6737 65.6199 2.2
    endloop
  endfacet
  facet normal 0.751724 -0.659478 3.8038e-19
    outer loop
      vertex 32.6213 65.8787 17.2
      vertex 32.8801 66.1737 2.2
      vertex 32.8801 66.1737 17.2
    endloop
  endfacet
  facet normal 0.751724 -0.659478 3.8038e-19
    outer loop
      vertex 32.8801 66.1737 2.2
      vertex 32.6213 65.8787 17.2
      vertex 32.6213 65.8787 2.2
    endloop
  endfacet
  facet normal -0.896961 -0.44211 4.41785e-19
    outer loop
      vertex 27.9019 66.5 2.2
      vertex 27.7284 66.852 17.2
      vertex 27.7284 66.852 2.2
    endloop
  endfacet
  facet normal -0.896961 -0.44211 4.41785e-19
    outer loop
      vertex 27.7284 66.852 17.2
      vertex 27.9019 66.5 2.2
      vertex 27.9019 66.5 17.2
    endloop
  endfacet
  facet normal -0.0654873 -0.997853 0
    outer loop
      vertex 30.1084 65.0257 2.2
      vertex 30.5 65 17.2
      vertex 30.1084 65.0257 17.2
    endloop
  endfacet
  facet normal -0.0654873 -0.997853 -0
    outer loop
      vertex 30.5 65 17.2
      vertex 30.1084 65.0257 2.2
      vertex 30.5 65 2.2
    endloop
  endfacet
  facet normal 0.751724 0.659478 -3.8038e-19
    outer loop
      vertex 32.8801 69.8263 17.2
      vertex 32.6213 70.1213 2.2
      vertex 32.6213 70.1213 17.2
    endloop
  endfacet
  facet normal 0.751724 0.659478 -3.8038e-19
    outer loop
      vertex 32.6213 70.1213 2.2
      vertex 32.8801 69.8263 17.2
      vertex 32.8801 69.8263 2.2
    endloop
  endfacet
  facet normal -0.555523 0.831501 0
    outer loop
      vertex 29 70.5981 2.2
      vertex 28.6737 70.3801 17.2
      vertex 29 70.5981 17.2
    endloop
  endfacet
  facet normal -0.555523 0.831501 0
    outer loop
      vertex 28.6737 70.3801 17.2
      vertex 29 70.5981 2.2
      vertex 28.6737 70.3801 2.2
    endloop
  endfacet
  facet normal 0.946858 0.321651 -4.52114e-19
    outer loop
      vertex 33.3978 68.7765 17.2
      vertex 33.2716 69.148 2.2
      vertex 33.2716 69.148 17.2
    endloop
  endfacet
  facet normal 0.946858 0.321651 -4.52114e-19
    outer loop
      vertex 33.2716 69.148 2.2
      vertex 33.3978 68.7765 17.2
      vertex 33.3978 68.7765 2.2
    endloop
  endfacet
  facet normal 0.321651 -0.946858 0
    outer loop
      vertex 31.2765 65.1022 2.2
      vertex 31.648 65.2284 17.2
      vertex 31.2765 65.1022 17.2
    endloop
  endfacet
  facet normal 0.321651 -0.946858 0
    outer loop
      vertex 31.648 65.2284 17.2
      vertex 31.2765 65.1022 2.2
      vertex 31.648 65.2284 2.2
    endloop
  endfacet
  facet normal 0.44211 -0.896961 0
    outer loop
      vertex 31.648 65.2284 2.2
      vertex 32 65.4019 17.2
      vertex 31.648 65.2284 17.2
    endloop
  endfacet
  facet normal 0.44211 -0.896961 0
    outer loop
      vertex 32 65.4019 17.2
      vertex 31.648 65.2284 2.2
      vertex 32 65.4019 2.2
    endloop
  endfacet
  facet normal -0.321574 0.946885 0
    outer loop
      vertex 29.7235 70.8978 2.2
      vertex 29.3519 70.7716 17.2
      vertex 29.7235 70.8978 17.2
    endloop
  endfacet
  facet normal -0.321574 0.946885 0
    outer loop
      vertex 29.3519 70.7716 17.2
      vertex 29.7235 70.8978 2.2
      vertex 29.3519 70.7716 2.2
    endloop
  endfacet
  facet normal 0 0 1
    outer loop
      vertex 31.35 68 17.2
      vertex 33.5 68 17.2
      vertex 33.4743 68.3916 17.2
    endloop
  endfacet
  facet normal 0 0 1
    outer loop
      vertex 31.3427 68.1109 17.2
      vertex 33.4743 68.3916 17.2
      vertex 33.3978 68.7765 17.2
    endloop
  endfacet
  facet normal 0 0 1
    outer loop
      vertex 33.5 68 17.2
      vertex 31.35 68 17.2
      vertex 33.4743 67.6084 17.2
    endloop
  endfacet
  facet normal 0 0 1
    outer loop
      vertex 31.321 68.22 17.2
      vertex 33.3978 68.7765 17.2
      vertex 33.2716 69.148 17.2
    endloop
  endfacet
  facet normal -0 0 1
    outer loop
      vertex 31.3427 67.8891 17.2
      vertex 33.4743 67.6084 17.2
      vertex 31.35 68 17.2
    endloop
  endfacet
  facet normal 0 0 1
    outer loop
      vertex 31.2853 68.3253 17.2
      vertex 33.2716 69.148 17.2
      vertex 33.0981 69.5 17.2
    endloop
  endfacet
  facet normal 0 0 1
    outer loop
      vertex 33.4743 67.6084 17.2
      vertex 31.3427 67.8891 17.2
      vertex 33.3978 67.2235 17.2
    endloop
  endfacet
  facet normal 0 0 1
    outer loop
      vertex 31.2361 68.425 17.2
      vertex 33.0981 69.5 17.2
      vertex 32.8801 69.8263 17.2
    endloop
  endfacet
  facet normal -0 0 1
    outer loop
      vertex 31.321 67.78 17.2
      vertex 33.3978 67.2235 17.2
      vertex 31.3427 67.8891 17.2
    endloop
  endfacet
  facet normal 0 0 1
    outer loop
      vertex 31.1744 68.5174 17.2
      vertex 32.8801 69.8263 17.2
      vertex 32.6213 70.1213 17.2
    endloop
  endfacet
  facet normal 0 0 1
    outer loop
      vertex 33.3978 67.2235 17.2
      vertex 31.321 67.78 17.2
      vertex 33.2716 66.852 17.2
    endloop
  endfacet
  facet normal 0 0 1
    outer loop
      vertex 31.101 68.601 17.2
      vertex 32.6213 70.1213 17.2
      vertex 32.3263 70.3801 17.2
    endloop
  endfacet
  facet normal -0 0 1
    outer loop
      vertex 31.2853 67.6747 17.2
      vertex 33.2716 66.852 17.2
      vertex 31.321 67.78 17.2
    endloop
  endfacet
  facet normal 0 0 1
    outer loop
      vertex 31.0174 68.6743 17.2
      vertex 32.3263 70.3801 17.2
      vertex 32 70.5981 17.2
    endloop
  endfacet
  facet normal 0 0 1
    outer loop
      vertex 33.2716 66.852 17.2
      vertex 31.2853 67.6747 17.2
      vertex 33.0981 66.5 17.2
    endloop
  endfacet
  facet normal 0 0 1
    outer loop
      vertex 30.925 68.7361 17.2
      vertex 32 70.5981 17.2
      vertex 31.648 70.7716 17.2
    endloop
  endfacet
  facet normal -0 0 1
    outer loop
      vertex 31.2361 67.575 17.2
      vertex 33.0981 66.5 17.2
      vertex 31.2853 67.6747 17.2
    endloop
  endfacet
  facet normal 0 0 1
    outer loop
      vertex 33.0981 66.5 17.2
      vertex 31.2361 67.575 17.2
      vertex 32.8801 66.1737 17.2
    endloop
  endfacet
  facet normal 0 0 1
    outer loop
      vertex 33.4743 68.3916 17.2
      vertex 31.3427 68.1109 17.2
      vertex 31.35 68 17.2
    endloop
  endfacet
  facet normal 0 0 1
    outer loop
      vertex 33.3978 68.7765 17.2
      vertex 31.321 68.22 17.2
      vertex 31.3427 68.1109 17.2
    endloop
  endfacet
  facet normal 0 0 1
    outer loop
      vertex 33.2716 69.148 17.2
      vertex 31.2853 68.3253 17.2
      vertex 31.321 68.22 17.2
    endloop
  endfacet
  facet normal 0 0 1
    outer loop
      vertex 30.8253 68.7853 17.2
      vertex 31.648 70.7716 17.2
      vertex 31.2765 70.8978 17.2
    endloop
  endfacet
  facet normal 0 0 1
    outer loop
      vertex 33.0981 69.5 17.2
      vertex 31.2361 68.425 17.2
      vertex 31.2853 68.3253 17.2
    endloop
  endfacet
  facet normal 0 0 1
    outer loop
      vertex 32.8801 69.8263 17.2
      vertex 31.1744 68.5174 17.2
      vertex 31.2361 68.425 17.2
    endloop
  endfacet
  facet normal 0 0 1
    outer loop
      vertex 32.6213 70.1213 17.2
      vertex 31.101 68.601 17.2
      vertex 31.1744 68.5174 17.2
    endloop
  endfacet
  facet normal 0 0 1
    outer loop
      vertex 32.3263 70.3801 17.2
      vertex 31.0174 68.6743 17.2
      vertex 31.101 68.601 17.2
    endloop
  endfacet
  facet normal 0 0 1
    outer loop
      vertex 32 70.5981 17.2
      vertex 30.925 68.7361 17.2
      vertex 31.0174 68.6743 17.2
    endloop
  endfacet
  facet normal 0 0 1
    outer loop
      vertex 30.72 68.821 17.2
      vertex 31.2765 70.8978 17.2
      vertex 30.8916 70.9743 17.2
    endloop
  endfacet
  facet normal 0 0 1
    outer loop
      vertex 31.648 70.7716 17.2
      vertex 30.8253 68.7853 17.2
      vertex 30.925 68.7361 17.2
    endloop
  endfacet
  facet normal 0 0 1
    outer loop
      vertex 31.2765 70.8978 17.2
      vertex 30.72 68.821 17.2
      vertex 30.8253 68.7853 17.2
    endloop
  endfacet
  facet normal 0 0 1
    outer loop
      vertex 30.8916 70.9743 17.2
      vertex 30.6109 68.8427 17.2
      vertex 30.72 68.821 17.2
    endloop
  endfacet
  facet normal 0 0 1
    outer loop
      vertex 30.5 71 17.2
      vertex 30.6109 68.8427 17.2
      vertex 30.8916 70.9743 17.2
    endloop
  endfacet
  facet normal 0 0 1
    outer loop
      vertex 30.5 71 17.2
      vertex 30.5 68.85 17.2
      vertex 30.6109 68.8427 17.2
    endloop
  endfacet
  facet normal 0 0 1
    outer loop
      vertex 30.5 71 17.2
      vertex 30.3891 68.8427 17.2
      vertex 30.5 68.85 17.2
    endloop
  endfacet
  facet normal -0 0 1
    outer loop
      vertex 30.1084 70.9743 17.2
      vertex 30.3891 68.8427 17.2
      vertex 30.5 71 17.2
    endloop
  endfacet
  facet normal 0 0 1
    outer loop
      vertex 30.3891 68.8427 17.2
      vertex 30.1084 70.9743 17.2
      vertex 30.28 68.821 17.2
    endloop
  endfacet
  facet normal -0 0 1
    outer loop
      vertex 29.7235 70.8978 17.2
      vertex 30.28 68.821 17.2
      vertex 30.1084 70.9743 17.2
    endloop
  endfacet
  facet normal 0 0 1
    outer loop
      vertex 30.28 68.821 17.2
      vertex 29.7235 70.8978 17.2
      vertex 30.1747 68.7853 17.2
    endloop
  endfacet
  facet normal -0 0 1
    outer loop
      vertex 29.3519 70.7716 17.2
      vertex 30.1747 68.7853 17.2
      vertex 29.7235 70.8978 17.2
    endloop
  endfacet
  facet normal 0 0 1
    outer loop
      vertex 30.1747 68.7853 17.2
      vertex 29.3519 70.7716 17.2
      vertex 30.075 68.7361 17.2
    endloop
  endfacet
  facet normal -0 0 1
    outer loop
      vertex 29 70.5981 17.2
      vertex 30.075 68.7361 17.2
      vertex 29.3519 70.7716 17.2
    endloop
  endfacet
  facet normal 0 0 1
    outer loop
      vertex 30.075 68.7361 17.2
      vertex 29 70.5981 17.2
      vertex 29.9826 68.6743 17.2
    endloop
  endfacet
  facet normal -0 0 1
    outer loop
      vertex 28.6737 70.3801 17.2
      vertex 29.9826 68.6743 17.2
      vertex 29 70.5981 17.2
    endloop
  endfacet
  facet normal 0 0 1
    outer loop
      vertex 29.9826 68.6743 17.2
      vertex 28.6737 70.3801 17.2
      vertex 29.899 68.601 17.2
    endloop
  endfacet
  facet normal -0 0 1
    outer loop
      vertex 28.3787 70.1213 17.2
      vertex 29.899 68.601 17.2
      vertex 28.6737 70.3801 17.2
    endloop
  endfacet
  facet normal 0 0 1
    outer loop
      vertex 29.899 68.601 17.2
      vertex 28.3787 70.1213 17.2
      vertex 29.8256 68.5174 17.2
    endloop
  endfacet
  facet normal -0 0 1
    outer loop
      vertex 28.1199 69.8263 17.2
      vertex 29.8256 68.5174 17.2
      vertex 28.3787 70.1213 17.2
    endloop
  endfacet
  facet normal 0 0 1
    outer loop
      vertex 29.8256 68.5174 17.2
      vertex 28.1199 69.8263 17.2
      vertex 29.7639 68.425 17.2
    endloop
  endfacet
  facet normal -0 0 1
    outer loop
      vertex 31.1744 67.4826 17.2
      vertex 32.8801 66.1737 17.2
      vertex 31.2361 67.575 17.2
    endloop
  endfacet
  facet normal 0 0 1
    outer loop
      vertex 32.8801 66.1737 17.2
      vertex 31.1744 67.4826 17.2
      vertex 32.6213 65.8787 17.2
    endloop
  endfacet
  facet normal -0 0 1
    outer loop
      vertex 31.101 67.399 17.2
      vertex 32.6213 65.8787 17.2
      vertex 31.1744 67.4826 17.2
    endloop
  endfacet
  facet normal 0 0 1
    outer loop
      vertex 32.6213 65.8787 17.2
      vertex 31.101 67.399 17.2
      vertex 32.3263 65.6199 17.2
    endloop
  endfacet
  facet normal -0 0 1
    outer loop
      vertex 31.0174 67.3257 17.2
      vertex 32.3263 65.6199 17.2
      vertex 31.101 67.399 17.2
    endloop
  endfacet
  facet normal 0 0 1
    outer loop
      vertex 32.3263 65.6199 17.2
      vertex 31.0174 67.3257 17.2
      vertex 32 65.4019 17.2
    endloop
  endfacet
  facet normal -0 0 1
    outer loop
      vertex 30.925 67.2639 17.2
      vertex 32 65.4019 17.2
      vertex 31.0174 67.3257 17.2
    endloop
  endfacet
  facet normal 0 0 1
    outer loop
      vertex 32 65.4019 17.2
      vertex 30.925 67.2639 17.2
      vertex 31.648 65.2284 17.2
    endloop
  endfacet
  facet normal -0 0 1
    outer loop
      vertex 30.8253 67.2147 17.2
      vertex 31.648 65.2284 17.2
      vertex 30.925 67.2639 17.2
    endloop
  endfacet
  facet normal 0 0 1
    outer loop
      vertex 31.648 65.2284 17.2
      vertex 30.8253 67.2147 17.2
      vertex 31.2765 65.1022 17.2
    endloop
  endfacet
  facet normal -0 0 1
    outer loop
      vertex 30.72 67.179 17.2
      vertex 31.2765 65.1022 17.2
      vertex 30.8253 67.2147 17.2
    endloop
  endfacet
  facet normal 0 0 1
    outer loop
      vertex 31.2765 65.1022 17.2
      vertex 30.72 67.179 17.2
      vertex 30.8916 65.0257 17.2
    endloop
  endfacet
  facet normal -0 0 1
    outer loop
      vertex 30.6109 67.1573 17.2
      vertex 30.8916 65.0257 17.2
      vertex 30.72 67.179 17.2
    endloop
  endfacet
  facet normal -0 0 1
    outer loop
      vertex 30.5 67.15 17.2
      vertex 30.8916 65.0257 17.2
      vertex 30.6109 67.1573 17.2
    endloop
  endfacet
  facet normal 0 0 1
    outer loop
      vertex 30.5 67.15 17.2
      vertex 30.5 65 17.2
      vertex 30.8916 65.0257 17.2
    endloop
  endfacet
  facet normal 0 0 1
    outer loop
      vertex 30.3891 67.1573 17.2
      vertex 30.5 65 17.2
      vertex 30.5 67.15 17.2
    endloop
  endfacet
  facet normal 0 0 1
    outer loop
      vertex 30.1084 65.0257 17.2
      vertex 30.3891 67.1573 17.2
      vertex 30.28 67.179 17.2
    endloop
  endfacet
  facet normal 0 0 1
    outer loop
      vertex 29.7235 65.1022 17.2
      vertex 30.28 67.179 17.2
      vertex 30.1747 67.2147 17.2
    endloop
  endfacet
  facet normal 0 0 1
    outer loop
      vertex 30.3891 67.1573 17.2
      vertex 30.1084 65.0257 17.2
      vertex 30.5 65 17.2
    endloop
  endfacet
  facet normal 0 0 1
    outer loop
      vertex 29.3519 65.2284 17.2
      vertex 30.1747 67.2147 17.2
      vertex 30.075 67.2639 17.2
    endloop
  endfacet
  facet normal 0 0 1
    outer loop
      vertex 29 65.4019 17.2
      vertex 30.075 67.2639 17.2
      vertex 29.9826 67.3257 17.2
    endloop
  endfacet
  facet normal 0 0 1
    outer loop
      vertex 28.6737 65.6199 17.2
      vertex 29.9826 67.3257 17.2
      vertex 29.899 67.399 17.2
    endloop
  endfacet
  facet normal 0 0 1
    outer loop
      vertex 28.3787 65.8787 17.2
      vertex 29.899 67.399 17.2
      vertex 29.8256 67.4826 17.2
    endloop
  endfacet
  facet normal 0 0 1
    outer loop
      vertex 28.1199 66.1737 17.2
      vertex 29.8256 67.4826 17.2
      vertex 29.7639 67.575 17.2
    endloop
  endfacet
  facet normal 0 0 1
    outer loop
      vertex 30.28 67.179 17.2
      vertex 29.7235 65.1022 17.2
      vertex 30.1084 65.0257 17.2
    endloop
  endfacet
  facet normal 0 0 1
    outer loop
      vertex 27.9019 66.5 17.2
      vertex 29.7639 67.575 17.2
      vertex 29.7147 67.6747 17.2
    endloop
  endfacet
  facet normal 0 0 1
    outer loop
      vertex 27.7284 66.852 17.2
      vertex 29.7147 67.6747 17.2
      vertex 29.679 67.78 17.2
    endloop
  endfacet
  facet normal 0 0 1
    outer loop
      vertex 27.6022 67.2235 17.2
      vertex 29.679 67.78 17.2
      vertex 29.6573 67.8891 17.2
    endloop
  endfacet
  facet normal 0 0 1
    outer loop
      vertex 27.5257 67.6084 17.2
      vertex 29.6573 67.8891 17.2
      vertex 29.65 68 17.2
    endloop
  endfacet
  facet normal -0 0 1
    outer loop
      vertex 27.9019 69.5 17.2
      vertex 29.7639 68.425 17.2
      vertex 28.1199 69.8263 17.2
    endloop
  endfacet
  facet normal 0 0 1
    outer loop
      vertex 30.1747 67.2147 17.2
      vertex 29.3519 65.2284 17.2
      vertex 29.7235 65.1022 17.2
    endloop
  endfacet
  facet normal 0 0 1
    outer loop
      vertex 29.7639 68.425 17.2
      vertex 27.9019 69.5 17.2
      vertex 29.7147 68.3253 17.2
    endloop
  endfacet
  facet normal 0 0 1
    outer loop
      vertex 30.075 67.2639 17.2
      vertex 29 65.4019 17.2
      vertex 29.3519 65.2284 17.2
    endloop
  endfacet
  facet normal -0 0 1
    outer loop
      vertex 27.7284 69.148 17.2
      vertex 29.7147 68.3253 17.2
      vertex 27.9019 69.5 17.2
    endloop
  endfacet
  facet normal 0 0 1
    outer loop
      vertex 29.9826 67.3257 17.2
      vertex 28.6737 65.6199 17.2
      vertex 29 65.4019 17.2
    endloop
  endfacet
  facet normal 0 0 1
    outer loop
      vertex 29.7147 68.3253 17.2
      vertex 27.7284 69.148 17.2
      vertex 29.679 68.22 17.2
    endloop
  endfacet
  facet normal 0 0 1
    outer loop
      vertex 29.899 67.399 17.2
      vertex 28.3787 65.8787 17.2
      vertex 28.6737 65.6199 17.2
    endloop
  endfacet
  facet normal -0 0 1
    outer loop
      vertex 27.6022 68.7765 17.2
      vertex 29.679 68.22 17.2
      vertex 27.7284 69.148 17.2
    endloop
  endfacet
  facet normal 0 0 1
    outer loop
      vertex 29.8256 67.4826 17.2
      vertex 28.1199 66.1737 17.2
      vertex 28.3787 65.8787 17.2
    endloop
  endfacet
  facet normal 0 0 1
    outer loop
      vertex 29.679 68.22 17.2
      vertex 27.6022 68.7765 17.2
      vertex 29.6573 68.1109 17.2
    endloop
  endfacet
  facet normal 0 0 1
    outer loop
      vertex 29.7639 67.575 17.2
      vertex 27.9019 66.5 17.2
      vertex 28.1199 66.1737 17.2
    endloop
  endfacet
  facet normal -0 0 1
    outer loop
      vertex 27.5257 68.3916 17.2
      vertex 29.6573 68.1109 17.2
      vertex 27.6022 68.7765 17.2
    endloop
  endfacet
  facet normal 0 0 1
    outer loop
      vertex 29.7147 67.6747 17.2
      vertex 27.7284 66.852 17.2
      vertex 27.9019 66.5 17.2
    endloop
  endfacet
  facet normal 0 0 1
    outer loop
      vertex 29.6573 68.1109 17.2
      vertex 27.5257 68.3916 17.2
      vertex 29.65 68 17.2
    endloop
  endfacet
  facet normal 0 0 1
    outer loop
      vertex 29.679 67.78 17.2
      vertex 27.6022 67.2235 17.2
      vertex 27.7284 66.852 17.2
    endloop
  endfacet
  facet normal 0 0 1
    outer loop
      vertex 27.5 68 17.2
      vertex 29.65 68 17.2
      vertex 27.5257 68.3916 17.2
    endloop
  endfacet
  facet normal 0 0 1
    outer loop
      vertex 29.6573 67.8891 17.2
      vertex 27.5257 67.6084 17.2
      vertex 27.6022 67.2235 17.2
    endloop
  endfacet
  facet normal 0 0 1
    outer loop
      vertex 29.65 68 17.2
      vertex 27.5 68 17.2
      vertex 27.5257 67.6084 17.2
    endloop
  endfacet
  facet normal -0.19494 -0.980815 0
    outer loop
      vertex 29.7235 65.1022 2.2
      vertex 30.1084 65.0257 17.2
      vertex 29.7235 65.1022 17.2
    endloop
  endfacet
  facet normal -0.19494 -0.980815 -0
    outer loop
      vertex 30.1084 65.0257 17.2
      vertex 29.7235 65.1022 2.2
      vertex 30.1084 65.0257 2.2
    endloop
  endfacet
  facet normal 0.19494 0.980815 -0
    outer loop
      vertex 31.2765 70.8978 2.2
      vertex 30.8916 70.9743 17.2
      vertex 31.2765 70.8978 17.2
    endloop
  endfacet
  facet normal 0.19494 0.980815 0
    outer loop
      vertex 30.8916 70.9743 17.2
      vertex 31.2765 70.8978 2.2
      vertex 30.8916 70.9743 2.2
    endloop
  endfacet
  facet normal -0.442211 -0.896911 0
    outer loop
      vertex 29 65.4019 2.2
      vertex 29.3519 65.2284 17.2
      vertex 29 65.4019 17.2
    endloop
  endfacet
  facet normal -0.442211 -0.896911 -0
    outer loop
      vertex 29.3519 65.2284 17.2
      vertex 29 65.4019 2.2
      vertex 29.3519 65.2284 2.2
    endloop
  endfacet
  facet normal -0.831501 -0.555523 -5.55781e-19
    outer loop
      vertex 28.1199 66.1737 2.2
      vertex 27.9019 66.5 17.2
      vertex 27.9019 66.5 2.2
    endloop
  endfacet
  facet normal -0.831501 -0.555523 -5.55781e-19
    outer loop
      vertex 27.9019 66.5 17.2
      vertex 28.1199 66.1737 2.2
      vertex 28.1199 66.1737 17.2
    endloop
  endfacet
  facet normal -0.946858 0.321651 -4.81678e-19
    outer loop
      vertex 27.6022 68.7765 2.2
      vertex 27.7284 69.148 17.2
      vertex 27.7284 69.148 2.2
    endloop
  endfacet
  facet normal -0.946858 0.321651 -4.81678e-19
    outer loop
      vertex 27.7284 69.148 17.2
      vertex 27.6022 68.7765 2.2
      vertex 27.6022 68.7765 17.2
    endloop
  endfacet
  facet normal 0.980815 0.19494 2.17675e-19
    outer loop
      vertex -27.5257 -67.6084 17.2
      vertex -27.6022 -67.2235 2.2
      vertex -27.6022 -67.2235 17.2
    endloop
  endfacet
  facet normal 0.980815 0.19494 2.17675e-19
    outer loop
      vertex -27.6022 -67.2235 2.2
      vertex -27.5257 -67.6084 17.2
      vertex -27.5257 -67.6084 2.2
    endloop
  endfacet
  facet normal 0.997853 0.0654873 -1.4509e-19
    outer loop
      vertex -27.5 -68 17.2
      vertex -27.5257 -67.6084 2.2
      vertex -27.5257 -67.6084 17.2
    endloop
  endfacet
  facet normal 0.997853 0.0654873 -1.4509e-19
    outer loop
      vertex -27.5257 -67.6084 2.2
      vertex -27.5 -68 17.2
      vertex -27.5 -68 2.2
    endloop
  endfacet
  facet normal 0.321574 0.946885 -0
    outer loop
      vertex -29.3519 -65.2284 2.2
      vertex -29.7235 -65.1022 17.2
      vertex -29.3519 -65.2284 17.2
    endloop
  endfacet
  facet normal 0.321574 0.946885 0
    outer loop
      vertex -29.7235 -65.1022 17.2
      vertex -29.3519 -65.2284 2.2
      vertex -29.7235 -65.1022 2.2
    endloop
  endfacet
  facet normal -0.44211 0.896961 0
    outer loop
      vertex -31.648 -65.2284 2.2
      vertex -32 -65.4019 17.2
      vertex -31.648 -65.2284 17.2
    endloop
  endfacet
  facet normal -0.44211 0.896961 0
    outer loop
      vertex -32 -65.4019 17.2
      vertex -31.648 -65.2284 2.2
      vertex -32 -65.4019 2.2
    endloop
  endfacet
  facet normal -0.980815 -0.19494 1.36574e-19
    outer loop
      vertex -33.3978 -68.7765 2.2
      vertex -33.4743 -68.3916 17.2
      vertex -33.4743 -68.3916 2.2
    endloop
  endfacet
  facet normal -0.980815 -0.19494 1.36574e-19
    outer loop
      vertex -33.4743 -68.3916 17.2
      vertex -33.3978 -68.7765 2.2
      vertex -33.3978 -68.7765 17.2
    endloop
  endfacet
  facet normal -0.321651 -0.946858 0
    outer loop
      vertex -31.648 -70.7716 2.2
      vertex -31.2765 -70.8978 17.2
      vertex -31.648 -70.7716 17.2
    endloop
  endfacet
  facet normal -0.321651 -0.946858 -0
    outer loop
      vertex -31.2765 -70.8978 17.2
      vertex -31.648 -70.7716 2.2
      vertex -31.2765 -70.8978 2.2
    endloop
  endfacet
  facet normal 0.896961 0.44211 4.41785e-19
    outer loop
      vertex -27.7284 -66.852 17.2
      vertex -27.9019 -66.5 2.2
      vertex -27.9019 -66.5 17.2
    endloop
  endfacet
  facet normal 0.896961 0.44211 4.41785e-19
    outer loop
      vertex -27.9019 -66.5 2.2
      vertex -27.7284 -66.852 17.2
      vertex -27.7284 -66.852 2.2
    endloop
  endfacet
  facet normal 0.19494 0.980815 -0
    outer loop
      vertex -29.7235 -65.1022 2.2
      vertex -30.1084 -65.0257 17.2
      vertex -29.7235 -65.1022 17.2
    endloop
  endfacet
  facet normal 0.19494 0.980815 0
    outer loop
      vertex -30.1084 -65.0257 17.2
      vertex -29.7235 -65.1022 2.2
      vertex -30.1084 -65.0257 2.2
    endloop
  endfacet
  facet normal 0.659478 -0.751724 0
    outer loop
      vertex -28.6737 -70.3801 2.2
      vertex -28.3787 -70.1213 17.2
      vertex -28.6737 -70.3801 17.2
    endloop
  endfacet
  facet normal 0.659478 -0.751724 0
    outer loop
      vertex -28.3787 -70.1213 17.2
      vertex -28.6737 -70.3801 2.2
      vertex -28.3787 -70.1213 2.2
    endloop
  endfacet
  facet normal 0.831501 0.555523 -5.55781e-19
    outer loop
      vertex -27.9019 -66.5 17.2
      vertex -28.1199 -66.1737 2.2
      vertex -28.1199 -66.1737 17.2
    endloop
  endfacet
  facet normal 0.831501 0.555523 -5.55781e-19
    outer loop
      vertex -28.1199 -66.1737 2.2
      vertex -27.9019 -66.5 17.2
      vertex -27.9019 -66.5 2.2
    endloop
  endfacet
  facet normal -0.659478 0.751724 0
    outer loop
      vertex -32.3263 -65.6199 2.2
      vertex -32.6213 -65.8787 17.2
      vertex -32.3263 -65.6199 17.2
    endloop
  endfacet
  facet normal -0.659478 0.751724 0
    outer loop
      vertex -32.6213 -65.8787 17.2
      vertex -32.3263 -65.6199 2.2
      vertex -32.6213 -65.8787 2.2
    endloop
  endfacet
  facet normal 0.19494 -0.980815 0
    outer loop
      vertex -30.1084 -70.9743 2.2
      vertex -29.7235 -70.8978 17.2
      vertex -30.1084 -70.9743 17.2
    endloop
  endfacet
  facet normal 0.19494 -0.980815 0
    outer loop
      vertex -29.7235 -70.8978 17.2
      vertex -30.1084 -70.9743 2.2
      vertex -29.7235 -70.8978 2.2
    endloop
  endfacet
  facet normal -0.659478 -0.751724 0
    outer loop
      vertex -32.6213 -70.1213 2.2
      vertex -32.3263 -70.3801 17.2
      vertex -32.6213 -70.1213 17.2
    endloop
  endfacet
  facet normal -0.659478 -0.751724 -0
    outer loop
      vertex -32.3263 -70.3801 17.2
      vertex -32.6213 -70.1213 2.2
      vertex -32.3263 -70.3801 2.2
    endloop
  endfacet
  facet normal 0.442211 -0.896911 0
    outer loop
      vertex -29.3519 -70.7716 2.2
      vertex -29 -70.5981 17.2
      vertex -29.3519 -70.7716 17.2
    endloop
  endfacet
  facet normal 0.442211 -0.896911 0
    outer loop
      vertex -29 -70.5981 17.2
      vertex -29.3519 -70.7716 2.2
      vertex -29 -70.5981 2.2
    endloop
  endfacet
  facet normal -0.831501 -0.555523 5.45702e-19
    outer loop
      vertex -32.8801 -69.8263 2.2
      vertex -33.0981 -69.5 17.2
      vertex -33.0981 -69.5 2.2
    endloop
  endfacet
  facet normal -0.831501 -0.555523 5.45702e-19
    outer loop
      vertex -33.0981 -69.5 17.2
      vertex -32.8801 -69.8263 2.2
      vertex -32.8801 -69.8263 17.2
    endloop
  endfacet
  facet normal 0.321574 -0.946885 0
    outer loop
      vertex -29.7235 -70.8978 2.2
      vertex -29.3519 -70.7716 17.2
      vertex -29.7235 -70.8978 17.2
    endloop
  endfacet
  facet normal 0.321574 -0.946885 0
    outer loop
      vertex -29.3519 -70.7716 17.2
      vertex -29.7235 -70.8978 2.2
      vertex -29.3519 -70.7716 2.2
    endloop
  endfacet
  facet normal 0.997853 -0.0654873 1.4509e-19
    outer loop
      vertex -27.5257 -68.3916 17.2
      vertex -27.5 -68 2.2
      vertex -27.5 -68 17.2
    endloop
  endfacet
  facet normal 0.997853 -0.0654873 1.4509e-19
    outer loop
      vertex -27.5 -68 2.2
      vertex -27.5257 -68.3916 17.2
      vertex -27.5257 -68.3916 2.2
    endloop
  endfacet
  facet normal -0.555523 0.831501 0
    outer loop
      vertex -32 -65.4019 2.2
      vertex -32.3263 -65.6199 17.2
      vertex -32 -65.4019 17.2
    endloop
  endfacet
  facet normal -0.555523 0.831501 0
    outer loop
      vertex -32.3263 -65.6199 17.2
      vertex -32 -65.4019 2.2
      vertex -32.3263 -65.6199 2.2
    endloop
  endfacet
  facet normal -0.946858 -0.321651 -4.52114e-19
    outer loop
      vertex -33.2716 -69.148 2.2
      vertex -33.3978 -68.7765 17.2
      vertex -33.3978 -68.7765 2.2
    endloop
  endfacet
  facet normal -0.946858 -0.321651 -4.52114e-19
    outer loop
      vertex -33.3978 -68.7765 17.2
      vertex -33.2716 -69.148 2.2
      vertex -33.2716 -69.148 17.2
    endloop
  endfacet
  facet normal 0.831501 -0.555523 5.55781e-19
    outer loop
      vertex -28.1199 -69.8263 17.2
      vertex -27.9019 -69.5 2.2
      vertex -27.9019 -69.5 17.2
    endloop
  endfacet
  facet normal 0.831501 -0.555523 5.55781e-19
    outer loop
      vertex -27.9019 -69.5 2.2
      vertex -28.1199 -69.8263 17.2
      vertex -28.1199 -69.8263 2.2
    endloop
  endfacet
  facet normal -0.0654873 -0.997853 0
    outer loop
      vertex -30.8916 -70.9743 2.2
      vertex -30.5 -71 17.2
      vertex -30.8916 -70.9743 17.2
    endloop
  endfacet
  facet normal -0.0654873 -0.997853 -0
    outer loop
      vertex -30.5 -71 17.2
      vertex -30.8916 -70.9743 2.2
      vertex -30.5 -71 2.2
    endloop
  endfacet
  facet normal 0.659478 0.751724 -0
    outer loop
      vertex -28.3787 -65.8787 2.2
      vertex -28.6737 -65.6199 17.2
      vertex -28.3787 -65.8787 17.2
    endloop
  endfacet
  facet normal 0.659478 0.751724 0
    outer loop
      vertex -28.6737 -65.6199 17.2
      vertex -28.3787 -65.8787 2.2
      vertex -28.6737 -65.6199 2.2
    endloop
  endfacet
  facet normal -0.19494 0.980815 0
    outer loop
      vertex -30.8916 -65.0257 2.2
      vertex -31.2765 -65.1022 17.2
      vertex -30.8916 -65.0257 17.2
    endloop
  endfacet
  facet normal -0.19494 0.980815 0
    outer loop
      vertex -31.2765 -65.1022 17.2
      vertex -30.8916 -65.0257 2.2
      vertex -31.2765 -65.1022 2.2
    endloop
  endfacet
  facet normal 0.555523 0.831501 -0
    outer loop
      vertex -28.6737 -65.6199 2.2
      vertex -29 -65.4019 17.2
      vertex -28.6737 -65.6199 17.2
    endloop
  endfacet
  facet normal 0.555523 0.831501 0
    outer loop
      vertex -29 -65.4019 17.2
      vertex -28.6737 -65.6199 2.2
      vertex -29 -65.4019 2.2
    endloop
  endfacet
  facet normal -0.0654873 0.997853 0
    outer loop
      vertex -30.5 -65 2.2
      vertex -30.8916 -65.0257 17.2
      vertex -30.5 -65 17.2
    endloop
  endfacet
  facet normal -0.0654873 0.997853 0
    outer loop
      vertex -30.8916 -65.0257 17.2
      vertex -30.5 -65 2.2
      vertex -30.8916 -65.0257 2.2
    endloop
  endfacet
  facet normal 0.555523 -0.831501 0
    outer loop
      vertex -29 -70.5981 2.2
      vertex -28.6737 -70.3801 17.2
      vertex -29 -70.5981 17.2
    endloop
  endfacet
  facet normal 0.555523 -0.831501 0
    outer loop
      vertex -28.6737 -70.3801 17.2
      vertex -29 -70.5981 2.2
      vertex -28.6737 -70.3801 2.2
    endloop
  endfacet
  facet normal 0.946858 0.321651 4.81678e-19
    outer loop
      vertex -27.6022 -67.2235 17.2
      vertex -27.7284 -66.852 2.2
      vertex -27.7284 -66.852 17.2
    endloop
  endfacet
  facet normal 0.946858 0.321651 4.81678e-19
    outer loop
      vertex -27.7284 -66.852 2.2
      vertex -27.6022 -67.2235 17.2
      vertex -27.6022 -67.2235 2.2
    endloop
  endfacet
  facet normal 0.0654873 -0.997853 0
    outer loop
      vertex -30.5 -71 2.2
      vertex -30.1084 -70.9743 17.2
      vertex -30.5 -71 17.2
    endloop
  endfacet
  facet normal 0.0654873 -0.997853 0
    outer loop
      vertex -30.1084 -70.9743 17.2
      vertex -30.5 -71 2.2
      vertex -30.1084 -70.9743 2.2
    endloop
  endfacet
  facet normal -0.831501 0.555523 -5.45702e-19
    outer loop
      vertex -33.0981 -66.5 2.2
      vertex -32.8801 -66.1737 17.2
      vertex -32.8801 -66.1737 2.2
    endloop
  endfacet
  facet normal -0.831501 0.555523 -5.45702e-19
    outer loop
      vertex -32.8801 -66.1737 17.2
      vertex -33.0981 -66.5 2.2
      vertex -33.0981 -66.5 17.2
    endloop
  endfacet
  facet normal -0.896961 -0.44211 -4.72942e-19
    outer loop
      vertex -33.0981 -69.5 2.2
      vertex -33.2716 -69.148 17.2
      vertex -33.2716 -69.148 2.2
    endloop
  endfacet
  facet normal -0.896961 -0.44211 -4.72942e-19
    outer loop
      vertex -33.2716 -69.148 17.2
      vertex -33.0981 -69.5 2.2
      vertex -33.0981 -69.5 17.2
    endloop
  endfacet
  facet normal 0.751724 -0.659478 -8.45558e-19
    outer loop
      vertex -28.3787 -70.1213 17.2
      vertex -28.1199 -69.8263 2.2
      vertex -28.1199 -69.8263 17.2
    endloop
  endfacet
  facet normal 0.751724 -0.659478 -8.45558e-19
    outer loop
      vertex -28.1199 -69.8263 2.2
      vertex -28.3787 -70.1213 17.2
      vertex -28.3787 -70.1213 2.2
    endloop
  endfacet
  facet normal 0.442211 0.896911 -0
    outer loop
      vertex -29 -65.4019 2.2
      vertex -29.3519 -65.2284 17.2
      vertex -29 -65.4019 17.2
    endloop
  endfacet
  facet normal 0.442211 0.896911 0
    outer loop
      vertex -29.3519 -65.2284 17.2
      vertex -29 -65.4019 2.2
      vertex -29.3519 -65.2284 2.2
    endloop
  endfacet
  facet normal -0.751724 0.659478 3.8038e-19
    outer loop
      vertex -32.8801 -66.1737 2.2
      vertex -32.6213 -65.8787 17.2
      vertex -32.6213 -65.8787 2.2
    endloop
  endfacet
  facet normal -0.751724 0.659478 3.8038e-19
    outer loop
      vertex -32.6213 -65.8787 17.2
      vertex -32.8801 -66.1737 2.2
      vertex -32.8801 -66.1737 17.2
    endloop
  endfacet
  facet normal -0.321651 0.946858 0
    outer loop
      vertex -31.2765 -65.1022 2.2
      vertex -31.648 -65.2284 17.2
      vertex -31.2765 -65.1022 17.2
    endloop
  endfacet
  facet normal -0.321651 0.946858 0
    outer loop
      vertex -31.648 -65.2284 17.2
      vertex -31.2765 -65.1022 2.2
      vertex -31.648 -65.2284 2.2
    endloop
  endfacet
  facet normal 0.946858 -0.321651 -4.81678e-19
    outer loop
      vertex -27.7284 -69.148 17.2
      vertex -27.6022 -68.7765 2.2
      vertex -27.6022 -68.7765 17.2
    endloop
  endfacet
  facet normal 0.946858 -0.321651 -4.81678e-19
    outer loop
      vertex -27.6022 -68.7765 2.2
      vertex -27.7284 -69.148 17.2
      vertex -27.7284 -69.148 2.2
    endloop
  endfacet
  facet normal -0.980815 0.19494 -1.36574e-19
    outer loop
      vertex -33.4743 -67.6084 2.2
      vertex -33.3978 -67.2235 17.2
      vertex -33.3978 -67.2235 2.2
    endloop
  endfacet
  facet normal -0.980815 0.19494 -1.36574e-19
    outer loop
      vertex -33.3978 -67.2235 17.2
      vertex -33.4743 -67.6084 2.2
      vertex -33.4743 -67.6084 17.2
    endloop
  endfacet
  facet normal -0.997853 -0.0654873 -1.4509e-19
    outer loop
      vertex -33.4743 -68.3916 2.2
      vertex -33.5 -68 17.2
      vertex -33.5 -68 2.2
    endloop
  endfacet
  facet normal -0.997853 -0.0654873 -1.4509e-19
    outer loop
      vertex -33.5 -68 17.2
      vertex -33.4743 -68.3916 2.2
      vertex -33.4743 -68.3916 17.2
    endloop
  endfacet
  facet normal 0.751724 0.659478 8.45558e-19
    outer loop
      vertex -28.1199 -66.1737 17.2
      vertex -28.3787 -65.8787 2.2
      vertex -28.3787 -65.8787 17.2
    endloop
  endfacet
  facet normal 0.751724 0.659478 8.45558e-19
    outer loop
      vertex -28.3787 -65.8787 2.2
      vertex -28.1199 -66.1737 17.2
      vertex -28.1199 -66.1737 2.2
    endloop
  endfacet
  facet normal 0 0 1
    outer loop
      vertex -29.65 -68 17.2
      vertex -27.5 -68 17.2
      vertex -27.5257 -67.6084 17.2
    endloop
  endfacet
  facet normal 0 0 1
    outer loop
      vertex -29.6573 -67.8891 17.2
      vertex -27.5257 -67.6084 17.2
      vertex -27.6022 -67.2235 17.2
    endloop
  endfacet
  facet normal 0 0 1
    outer loop
      vertex -27.5 -68 17.2
      vertex -29.65 -68 17.2
      vertex -27.5257 -68.3916 17.2
    endloop
  endfacet
  facet normal 0 0 1
    outer loop
      vertex -29.679 -67.78 17.2
      vertex -27.6022 -67.2235 17.2
      vertex -27.7284 -66.852 17.2
    endloop
  endfacet
  facet normal -0 0 1
    outer loop
      vertex -29.6573 -68.1109 17.2
      vertex -27.5257 -68.3916 17.2
      vertex -29.65 -68 17.2
    endloop
  endfacet
  facet normal 0 0 1
    outer loop
      vertex -29.7147 -67.6747 17.2
      vertex -27.7284 -66.852 17.2
      vertex -27.9019 -66.5 17.2
    endloop
  endfacet
  facet normal 0 0 1
    outer loop
      vertex -27.5257 -68.3916 17.2
      vertex -29.6573 -68.1109 17.2
      vertex -27.6022 -68.7765 17.2
    endloop
  endfacet
  facet normal 0 0 1
    outer loop
      vertex -29.7639 -67.575 17.2
      vertex -27.9019 -66.5 17.2
      vertex -28.1199 -66.1737 17.2
    endloop
  endfacet
  facet normal -0 0 1
    outer loop
      vertex -29.679 -68.22 17.2
      vertex -27.6022 -68.7765 17.2
      vertex -29.6573 -68.1109 17.2
    endloop
  endfacet
  facet normal 0 0 1
    outer loop
      vertex -29.8256 -67.4826 17.2
      vertex -28.1199 -66.1737 17.2
      vertex -28.3787 -65.8787 17.2
    endloop
  endfacet
  facet normal 0 0 1
    outer loop
      vertex -27.6022 -68.7765 17.2
      vertex -29.679 -68.22 17.2
      vertex -27.7284 -69.148 17.2
    endloop
  endfacet
  facet normal 0 0 1
    outer loop
      vertex -29.899 -67.399 17.2
      vertex -28.3787 -65.8787 17.2
      vertex -28.6737 -65.6199 17.2
    endloop
  endfacet
  facet normal -0 0 1
    outer loop
      vertex -29.7147 -68.3253 17.2
      vertex -27.7284 -69.148 17.2
      vertex -29.679 -68.22 17.2
    endloop
  endfacet
  facet normal 0 0 1
    outer loop
      vertex -29.9826 -67.3257 17.2
      vertex -28.6737 -65.6199 17.2
      vertex -29 -65.4019 17.2
    endloop
  endfacet
  facet normal 0 0 1
    outer loop
      vertex -27.7284 -69.148 17.2
      vertex -29.7147 -68.3253 17.2
      vertex -27.9019 -69.5 17.2
    endloop
  endfacet
  facet normal 0 0 1
    outer loop
      vertex -30.075 -67.2639 17.2
      vertex -29 -65.4019 17.2
      vertex -29.3519 -65.2284 17.2
    endloop
  endfacet
  facet normal -0 0 1
    outer loop
      vertex -29.7639 -68.425 17.2
      vertex -27.9019 -69.5 17.2
      vertex -29.7147 -68.3253 17.2
    endloop
  endfacet
  facet normal 0 0 1
    outer loop
      vertex -27.9019 -69.5 17.2
      vertex -29.7639 -68.425 17.2
      vertex -28.1199 -69.8263 17.2
    endloop
  endfacet
  facet normal 0 0 1
    outer loop
      vertex -27.5257 -67.6084 17.2
      vertex -29.6573 -67.8891 17.2
      vertex -29.65 -68 17.2
    endloop
  endfacet
  facet normal 0 0 1
    outer loop
      vertex -27.6022 -67.2235 17.2
      vertex -29.679 -67.78 17.2
      vertex -29.6573 -67.8891 17.2
    endloop
  endfacet
  facet normal 0 0 1
    outer loop
      vertex -27.7284 -66.852 17.2
      vertex -29.7147 -67.6747 17.2
      vertex -29.679 -67.78 17.2
    endloop
  endfacet
  facet normal 0 0 1
    outer loop
      vertex -30.1747 -67.2147 17.2
      vertex -29.3519 -65.2284 17.2
      vertex -29.7235 -65.1022 17.2
    endloop
  endfacet
  facet normal 0 0 1
    outer loop
      vertex -27.9019 -66.5 17.2
      vertex -29.7639 -67.575 17.2
      vertex -29.7147 -67.6747 17.2
    endloop
  endfacet
  facet normal 0 0 1
    outer loop
      vertex -28.1199 -66.1737 17.2
      vertex -29.8256 -67.4826 17.2
      vertex -29.7639 -67.575 17.2
    endloop
  endfacet
  facet normal 0 0 1
    outer loop
      vertex -28.3787 -65.8787 17.2
      vertex -29.899 -67.399 17.2
      vertex -29.8256 -67.4826 17.2
    endloop
  endfacet
  facet normal 0 0 1
    outer loop
      vertex -28.6737 -65.6199 17.2
      vertex -29.9826 -67.3257 17.2
      vertex -29.899 -67.399 17.2
    endloop
  endfacet
  facet normal 0 0 1
    outer loop
      vertex -29 -65.4019 17.2
      vertex -30.075 -67.2639 17.2
      vertex -29.9826 -67.3257 17.2
    endloop
  endfacet
  facet normal 0 0 1
    outer loop
      vertex -30.28 -67.179 17.2
      vertex -29.7235 -65.1022 17.2
      vertex -30.1084 -65.0257 17.2
    endloop
  endfacet
  facet normal 0 0 1
    outer loop
      vertex -29.3519 -65.2284 17.2
      vertex -30.1747 -67.2147 17.2
      vertex -30.075 -67.2639 17.2
    endloop
  endfacet
  facet normal 0 0 1
    outer loop
      vertex -29.7235 -65.1022 17.2
      vertex -30.28 -67.179 17.2
      vertex -30.1747 -67.2147 17.2
    endloop
  endfacet
  facet normal 0 0 1
    outer loop
      vertex -30.1084 -65.0257 17.2
      vertex -30.3891 -67.1573 17.2
      vertex -30.28 -67.179 17.2
    endloop
  endfacet
  facet normal 0 0 1
    outer loop
      vertex -30.5 -65 17.2
      vertex -30.3891 -67.1573 17.2
      vertex -30.1084 -65.0257 17.2
    endloop
  endfacet
  facet normal 0 0 1
    outer loop
      vertex -30.5 -65 17.2
      vertex -30.5 -67.15 17.2
      vertex -30.3891 -67.1573 17.2
    endloop
  endfacet
  facet normal 0 0 1
    outer loop
      vertex -30.5 -65 17.2
      vertex -30.6109 -67.1573 17.2
      vertex -30.5 -67.15 17.2
    endloop
  endfacet
  facet normal -0 0 1
    outer loop
      vertex -30.8916 -65.0257 17.2
      vertex -30.6109 -67.1573 17.2
      vertex -30.5 -65 17.2
    endloop
  endfacet
  facet normal 0 0 1
    outer loop
      vertex -30.6109 -67.1573 17.2
      vertex -30.8916 -65.0257 17.2
      vertex -30.72 -67.179 17.2
    endloop
  endfacet
  facet normal -0 0 1
    outer loop
      vertex -31.2765 -65.1022 17.2
      vertex -30.72 -67.179 17.2
      vertex -30.8916 -65.0257 17.2
    endloop
  endfacet
  facet normal 0 0 1
    outer loop
      vertex -30.72 -67.179 17.2
      vertex -31.2765 -65.1022 17.2
      vertex -30.8253 -67.2147 17.2
    endloop
  endfacet
  facet normal -0 0 1
    outer loop
      vertex -31.648 -65.2284 17.2
      vertex -30.8253 -67.2147 17.2
      vertex -31.2765 -65.1022 17.2
    endloop
  endfacet
  facet normal 0 0 1
    outer loop
      vertex -30.8253 -67.2147 17.2
      vertex -31.648 -65.2284 17.2
      vertex -30.925 -67.2639 17.2
    endloop
  endfacet
  facet normal -0 0 1
    outer loop
      vertex -32 -65.4019 17.2
      vertex -30.925 -67.2639 17.2
      vertex -31.648 -65.2284 17.2
    endloop
  endfacet
  facet normal 0 0 1
    outer loop
      vertex -30.925 -67.2639 17.2
      vertex -32 -65.4019 17.2
      vertex -31.0174 -67.3257 17.2
    endloop
  endfacet
  facet normal -0 0 1
    outer loop
      vertex -32.3263 -65.6199 17.2
      vertex -31.0174 -67.3257 17.2
      vertex -32 -65.4019 17.2
    endloop
  endfacet
  facet normal 0 0 1
    outer loop
      vertex -31.0174 -67.3257 17.2
      vertex -32.3263 -65.6199 17.2
      vertex -31.101 -67.399 17.2
    endloop
  endfacet
  facet normal -0 0 1
    outer loop
      vertex -32.6213 -65.8787 17.2
      vertex -31.101 -67.399 17.2
      vertex -32.3263 -65.6199 17.2
    endloop
  endfacet
  facet normal 0 0 1
    outer loop
      vertex -31.101 -67.399 17.2
      vertex -32.6213 -65.8787 17.2
      vertex -31.1744 -67.4826 17.2
    endloop
  endfacet
  facet normal -0 0 1
    outer loop
      vertex -32.8801 -66.1737 17.2
      vertex -31.1744 -67.4826 17.2
      vertex -32.6213 -65.8787 17.2
    endloop
  endfacet
  facet normal 0 0 1
    outer loop
      vertex -31.1744 -67.4826 17.2
      vertex -32.8801 -66.1737 17.2
      vertex -31.2361 -67.575 17.2
    endloop
  endfacet
  facet normal -0 0 1
    outer loop
      vertex -29.8256 -68.5174 17.2
      vertex -28.1199 -69.8263 17.2
      vertex -29.7639 -68.425 17.2
    endloop
  endfacet
  facet normal 0 0 1
    outer loop
      vertex -28.1199 -69.8263 17.2
      vertex -29.8256 -68.5174 17.2
      vertex -28.3787 -70.1213 17.2
    endloop
  endfacet
  facet normal -0 0 1
    outer loop
      vertex -29.899 -68.601 17.2
      vertex -28.3787 -70.1213 17.2
      vertex -29.8256 -68.5174 17.2
    endloop
  endfacet
  facet normal 0 0 1
    outer loop
      vertex -28.3787 -70.1213 17.2
      vertex -29.899 -68.601 17.2
      vertex -28.6737 -70.3801 17.2
    endloop
  endfacet
  facet normal -0 0 1
    outer loop
      vertex -29.9826 -68.6743 17.2
      vertex -28.6737 -70.3801 17.2
      vertex -29.899 -68.601 17.2
    endloop
  endfacet
  facet normal 0 0 1
    outer loop
      vertex -28.6737 -70.3801 17.2
      vertex -29.9826 -68.6743 17.2
      vertex -29 -70.5981 17.2
    endloop
  endfacet
  facet normal -0 0 1
    outer loop
      vertex -30.075 -68.7361 17.2
      vertex -29 -70.5981 17.2
      vertex -29.9826 -68.6743 17.2
    endloop
  endfacet
  facet normal 0 0 1
    outer loop
      vertex -29 -70.5981 17.2
      vertex -30.075 -68.7361 17.2
      vertex -29.3519 -70.7716 17.2
    endloop
  endfacet
  facet normal -0 0 1
    outer loop
      vertex -30.1747 -68.7853 17.2
      vertex -29.3519 -70.7716 17.2
      vertex -30.075 -68.7361 17.2
    endloop
  endfacet
  facet normal 0 0 1
    outer loop
      vertex -29.3519 -70.7716 17.2
      vertex -30.1747 -68.7853 17.2
      vertex -29.7235 -70.8978 17.2
    endloop
  endfacet
  facet normal -0 0 1
    outer loop
      vertex -30.28 -68.821 17.2
      vertex -29.7235 -70.8978 17.2
      vertex -30.1747 -68.7853 17.2
    endloop
  endfacet
  facet normal 0 0 1
    outer loop
      vertex -29.7235 -70.8978 17.2
      vertex -30.28 -68.821 17.2
      vertex -30.1084 -70.9743 17.2
    endloop
  endfacet
  facet normal -0 0 1
    outer loop
      vertex -30.3891 -68.8427 17.2
      vertex -30.1084 -70.9743 17.2
      vertex -30.28 -68.821 17.2
    endloop
  endfacet
  facet normal -0 0 1
    outer loop
      vertex -30.5 -68.85 17.2
      vertex -30.1084 -70.9743 17.2
      vertex -30.3891 -68.8427 17.2
    endloop
  endfacet
  facet normal 0 0 1
    outer loop
      vertex -30.5 -68.85 17.2
      vertex -30.5 -71 17.2
      vertex -30.1084 -70.9743 17.2
    endloop
  endfacet
  facet normal 0 0 1
    outer loop
      vertex -30.6109 -68.8427 17.2
      vertex -30.5 -71 17.2
      vertex -30.5 -68.85 17.2
    endloop
  endfacet
  facet normal 0 0 1
    outer loop
      vertex -30.8916 -70.9743 17.2
      vertex -30.6109 -68.8427 17.2
      vertex -30.72 -68.821 17.2
    endloop
  endfacet
  facet normal 0 0 1
    outer loop
      vertex -31.2765 -70.8978 17.2
      vertex -30.72 -68.821 17.2
      vertex -30.8253 -68.7853 17.2
    endloop
  endfacet
  facet normal 0 0 1
    outer loop
      vertex -30.6109 -68.8427 17.2
      vertex -30.8916 -70.9743 17.2
      vertex -30.5 -71 17.2
    endloop
  endfacet
  facet normal 0 0 1
    outer loop
      vertex -31.648 -70.7716 17.2
      vertex -30.8253 -68.7853 17.2
      vertex -30.925 -68.7361 17.2
    endloop
  endfacet
  facet normal 0 0 1
    outer loop
      vertex -32 -70.5981 17.2
      vertex -30.925 -68.7361 17.2
      vertex -31.0174 -68.6743 17.2
    endloop
  endfacet
  facet normal 0 0 1
    outer loop
      vertex -32.3263 -70.3801 17.2
      vertex -31.0174 -68.6743 17.2
      vertex -31.101 -68.601 17.2
    endloop
  endfacet
  facet normal 0 0 1
    outer loop
      vertex -32.6213 -70.1213 17.2
      vertex -31.101 -68.601 17.2
      vertex -31.1744 -68.5174 17.2
    endloop
  endfacet
  facet normal 0 0 1
    outer loop
      vertex -32.8801 -69.8263 17.2
      vertex -31.1744 -68.5174 17.2
      vertex -31.2361 -68.425 17.2
    endloop
  endfacet
  facet normal 0 0 1
    outer loop
      vertex -30.72 -68.821 17.2
      vertex -31.2765 -70.8978 17.2
      vertex -30.8916 -70.9743 17.2
    endloop
  endfacet
  facet normal 0 0 1
    outer loop
      vertex -33.0981 -69.5 17.2
      vertex -31.2361 -68.425 17.2
      vertex -31.2853 -68.3253 17.2
    endloop
  endfacet
  facet normal 0 0 1
    outer loop
      vertex -33.2716 -69.148 17.2
      vertex -31.2853 -68.3253 17.2
      vertex -31.321 -68.22 17.2
    endloop
  endfacet
  facet normal 0 0 1
    outer loop
      vertex -33.3978 -68.7765 17.2
      vertex -31.321 -68.22 17.2
      vertex -31.3427 -68.1109 17.2
    endloop
  endfacet
  facet normal 0 0 1
    outer loop
      vertex -33.4743 -68.3916 17.2
      vertex -31.3427 -68.1109 17.2
      vertex -31.35 -68 17.2
    endloop
  endfacet
  facet normal -0 0 1
    outer loop
      vertex -33.0981 -66.5 17.2
      vertex -31.2361 -67.575 17.2
      vertex -32.8801 -66.1737 17.2
    endloop
  endfacet
  facet normal 0 0 1
    outer loop
      vertex -30.8253 -68.7853 17.2
      vertex -31.648 -70.7716 17.2
      vertex -31.2765 -70.8978 17.2
    endloop
  endfacet
  facet normal 0 0 1
    outer loop
      vertex -31.2361 -67.575 17.2
      vertex -33.0981 -66.5 17.2
      vertex -31.2853 -67.6747 17.2
    endloop
  endfacet
  facet normal 0 0 1
    outer loop
      vertex -30.925 -68.7361 17.2
      vertex -32 -70.5981 17.2
      vertex -31.648 -70.7716 17.2
    endloop
  endfacet
  facet normal -0 0 1
    outer loop
      vertex -33.2716 -66.852 17.2
      vertex -31.2853 -67.6747 17.2
      vertex -33.0981 -66.5 17.2
    endloop
  endfacet
  facet normal 0 0 1
    outer loop
      vertex -31.0174 -68.6743 17.2
      vertex -32.3263 -70.3801 17.2
      vertex -32 -70.5981 17.2
    endloop
  endfacet
  facet normal 0 0 1
    outer loop
      vertex -31.2853 -67.6747 17.2
      vertex -33.2716 -66.852 17.2
      vertex -31.321 -67.78 17.2
    endloop
  endfacet
  facet normal 0 0 1
    outer loop
      vertex -31.101 -68.601 17.2
      vertex -32.6213 -70.1213 17.2
      vertex -32.3263 -70.3801 17.2
    endloop
  endfacet
  facet normal -0 0 1
    outer loop
      vertex -33.3978 -67.2235 17.2
      vertex -31.321 -67.78 17.2
      vertex -33.2716 -66.852 17.2
    endloop
  endfacet
  facet normal 0 0 1
    outer loop
      vertex -31.1744 -68.5174 17.2
      vertex -32.8801 -69.8263 17.2
      vertex -32.6213 -70.1213 17.2
    endloop
  endfacet
  facet normal 0 0 1
    outer loop
      vertex -31.321 -67.78 17.2
      vertex -33.3978 -67.2235 17.2
      vertex -31.3427 -67.8891 17.2
    endloop
  endfacet
  facet normal 0 0 1
    outer loop
      vertex -31.2361 -68.425 17.2
      vertex -33.0981 -69.5 17.2
      vertex -32.8801 -69.8263 17.2
    endloop
  endfacet
  facet normal -0 0 1
    outer loop
      vertex -33.4743 -67.6084 17.2
      vertex -31.3427 -67.8891 17.2
      vertex -33.3978 -67.2235 17.2
    endloop
  endfacet
  facet normal 0 0 1
    outer loop
      vertex -31.2853 -68.3253 17.2
      vertex -33.2716 -69.148 17.2
      vertex -33.0981 -69.5 17.2
    endloop
  endfacet
  facet normal 0 0 1
    outer loop
      vertex -31.3427 -67.8891 17.2
      vertex -33.4743 -67.6084 17.2
      vertex -31.35 -68 17.2
    endloop
  endfacet
  facet normal 0 0 1
    outer loop
      vertex -31.321 -68.22 17.2
      vertex -33.3978 -68.7765 17.2
      vertex -33.2716 -69.148 17.2
    endloop
  endfacet
  facet normal 0 0 1
    outer loop
      vertex -33.5 -68 17.2
      vertex -31.35 -68 17.2
      vertex -33.4743 -67.6084 17.2
    endloop
  endfacet
  facet normal 0 0 1
    outer loop
      vertex -31.3427 -68.1109 17.2
      vertex -33.4743 -68.3916 17.2
      vertex -33.3978 -68.7765 17.2
    endloop
  endfacet
  facet normal 0 0 1
    outer loop
      vertex -31.35 -68 17.2
      vertex -33.5 -68 17.2
      vertex -33.4743 -68.3916 17.2
    endloop
  endfacet
  facet normal 0.896961 -0.44211 -4.41785e-19
    outer loop
      vertex -27.9019 -69.5 17.2
      vertex -27.7284 -69.148 2.2
      vertex -27.7284 -69.148 17.2
    endloop
  endfacet
  facet normal 0.896961 -0.44211 -4.41785e-19
    outer loop
      vertex -27.7284 -69.148 2.2
      vertex -27.9019 -69.5 17.2
      vertex -27.9019 -69.5 2.2
    endloop
  endfacet
  facet normal -0.946858 0.321651 4.52114e-19
    outer loop
      vertex -33.3978 -67.2235 2.2
      vertex -33.2716 -66.852 17.2
      vertex -33.2716 -66.852 2.2
    endloop
  endfacet
  facet normal -0.946858 0.321651 4.52114e-19
    outer loop
      vertex -33.2716 -66.852 17.2
      vertex -33.3978 -67.2235 2.2
      vertex -33.3978 -67.2235 17.2
    endloop
  endfacet
  facet normal -0.751724 -0.659478 -3.8038e-19
    outer loop
      vertex -32.6213 -70.1213 2.2
      vertex -32.8801 -69.8263 17.2
      vertex -32.8801 -69.8263 2.2
    endloop
  endfacet
  facet normal -0.751724 -0.659478 -3.8038e-19
    outer loop
      vertex -32.8801 -69.8263 17.2
      vertex -32.6213 -70.1213 2.2
      vertex -32.6213 -70.1213 17.2
    endloop
  endfacet
  facet normal 0.0654873 0.997853 -0
    outer loop
      vertex -30.1084 -65.0257 2.2
      vertex -30.5 -65 17.2
      vertex -30.1084 -65.0257 17.2
    endloop
  endfacet
  facet normal 0.0654873 0.997853 0
    outer loop
      vertex -30.5 -65 17.2
      vertex -30.1084 -65.0257 2.2
      vertex -30.5 -65 2.2
    endloop
  endfacet
  facet normal 0.980815 -0.19494 -2.17675e-19
    outer loop
      vertex -27.6022 -68.7765 17.2
      vertex -27.5257 -68.3916 2.2
      vertex -27.5257 -68.3916 17.2
    endloop
  endfacet
  facet normal 0.980815 -0.19494 -2.17675e-19
    outer loop
      vertex -27.5257 -68.3916 2.2
      vertex -27.6022 -68.7765 17.2
      vertex -27.6022 -68.7765 2.2
    endloop
  endfacet
  facet normal -0.896961 0.44211 4.72942e-19
    outer loop
      vertex -33.2716 -66.852 2.2
      vertex -33.0981 -66.5 17.2
      vertex -33.0981 -66.5 2.2
    endloop
  endfacet
  facet normal -0.896961 0.44211 4.72942e-19
    outer loop
      vertex -33.0981 -66.5 17.2
      vertex -33.2716 -66.852 2.2
      vertex -33.2716 -66.852 17.2
    endloop
  endfacet
  facet normal -0.997853 0.0654873 1.4509e-19
    outer loop
      vertex -33.5 -68 2.2
      vertex -33.4743 -67.6084 17.2
      vertex -33.4743 -67.6084 2.2
    endloop
  endfacet
  facet normal -0.997853 0.0654873 1.4509e-19
    outer loop
      vertex -33.4743 -67.6084 17.2
      vertex -33.5 -68 2.2
      vertex -33.5 -68 17.2
    endloop
  endfacet
  facet normal -0.19494 -0.980815 0
    outer loop
      vertex -31.2765 -70.8978 2.2
      vertex -30.8916 -70.9743 17.2
      vertex -31.2765 -70.8978 17.2
    endloop
  endfacet
  facet normal -0.19494 -0.980815 -0
    outer loop
      vertex -30.8916 -70.9743 17.2
      vertex -31.2765 -70.8978 2.2
      vertex -30.8916 -70.9743 2.2
    endloop
  endfacet
  facet normal -0.44211 -0.896961 0
    outer loop
      vertex -32 -70.5981 2.2
      vertex -31.648 -70.7716 17.2
      vertex -32 -70.5981 17.2
    endloop
  endfacet
  facet normal -0.44211 -0.896961 -0
    outer loop
      vertex -31.648 -70.7716 17.2
      vertex -32 -70.5981 2.2
      vertex -31.648 -70.7716 2.2
    endloop
  endfacet
  facet normal -0.555523 -0.831501 0
    outer loop
      vertex -32.3263 -70.3801 2.2
      vertex -32 -70.5981 17.2
      vertex -32.3263 -70.3801 17.2
    endloop
  endfacet
  facet normal -0.555523 -0.831501 -0
    outer loop
      vertex -32 -70.5981 17.2
      vertex -32.3263 -70.3801 2.2
      vertex -32 -70.5981 2.2
    endloop
  endfacet
  facet normal 0.980815 0.19494 1.36574e-19
    outer loop
      vertex 33.4743 -67.6084 17.2
      vertex 33.3978 -67.2235 2.2
      vertex 33.3978 -67.2235 17.2
    endloop
  endfacet
  facet normal 0.980815 0.19494 1.36574e-19
    outer loop
      vertex 33.3978 -67.2235 2.2
      vertex 33.4743 -67.6084 17.2
      vertex 33.4743 -67.6084 2.2
    endloop
  endfacet
  facet normal 0.997853 0.0654873 -1.4509e-19
    outer loop
      vertex 33.5 -68 17.2
      vertex 33.4743 -67.6084 2.2
      vertex 33.4743 -67.6084 17.2
    endloop
  endfacet
  facet normal 0.997853 0.0654873 -1.4509e-19
    outer loop
      vertex 33.4743 -67.6084 2.2
      vertex 33.5 -68 17.2
      vertex 33.5 -68 2.2
    endloop
  endfacet
  facet normal -0.896961 -0.44211 4.41785e-19
    outer loop
      vertex 27.9019 -69.5 2.2
      vertex 27.7284 -69.148 17.2
      vertex 27.7284 -69.148 2.2
    endloop
  endfacet
  facet normal -0.896961 -0.44211 4.41785e-19
    outer loop
      vertex 27.7284 -69.148 17.2
      vertex 27.9019 -69.5 2.2
      vertex 27.9019 -69.5 17.2
    endloop
  endfacet
  facet normal -0.555523 -0.831501 0
    outer loop
      vertex 28.6737 -70.3801 2.2
      vertex 29 -70.5981 17.2
      vertex 28.6737 -70.3801 17.2
    endloop
  endfacet
  facet normal -0.555523 -0.831501 -0
    outer loop
      vertex 29 -70.5981 17.2
      vertex 28.6737 -70.3801 2.2
      vertex 29 -70.5981 2.2
    endloop
  endfacet
  facet normal 0.946858 -0.321651 4.52114e-19
    outer loop
      vertex 33.2716 -69.148 17.2
      vertex 33.3978 -68.7765 2.2
      vertex 33.3978 -68.7765 17.2
    endloop
  endfacet
  facet normal 0.946858 -0.321651 4.52114e-19
    outer loop
      vertex 33.3978 -68.7765 2.2
      vertex 33.2716 -69.148 17.2
      vertex 33.2716 -69.148 2.2
    endloop
  endfacet
  facet normal 0.997853 -0.0654873 1.4509e-19
    outer loop
      vertex 33.4743 -68.3916 17.2
      vertex 33.5 -68 2.2
      vertex 33.5 -68 17.2
    endloop
  endfacet
  facet normal 0.997853 -0.0654873 1.4509e-19
    outer loop
      vertex 33.5 -68 2.2
      vertex 33.4743 -68.3916 17.2
      vertex 33.4743 -68.3916 2.2
    endloop
  endfacet
  facet normal 0.896961 0.44211 -4.72942e-19
    outer loop
      vertex 33.2716 -66.852 17.2
      vertex 33.0981 -66.5 2.2
      vertex 33.0981 -66.5 17.2
    endloop
  endfacet
  facet normal 0.896961 0.44211 -4.72942e-19
    outer loop
      vertex 33.0981 -66.5 2.2
      vertex 33.2716 -66.852 17.2
      vertex 33.2716 -66.852 2.2
    endloop
  endfacet
  facet normal -0.321574 -0.946885 0
    outer loop
      vertex 29.3519 -70.7716 2.2
      vertex 29.7235 -70.8978 17.2
      vertex 29.3519 -70.7716 17.2
    endloop
  endfacet
  facet normal -0.321574 -0.946885 -0
    outer loop
      vertex 29.7235 -70.8978 17.2
      vertex 29.3519 -70.7716 2.2
      vertex 29.7235 -70.8978 2.2
    endloop
  endfacet
  facet normal 0.659478 0.751724 -0
    outer loop
      vertex 32.6213 -65.8787 2.2
      vertex 32.3263 -65.6199 17.2
      vertex 32.6213 -65.8787 17.2
    endloop
  endfacet
  facet normal 0.659478 0.751724 0
    outer loop
      vertex 32.3263 -65.6199 17.2
      vertex 32.6213 -65.8787 2.2
      vertex 32.3263 -65.6199 2.2
    endloop
  endfacet
  facet normal 0.321651 0.946858 -0
    outer loop
      vertex 31.648 -65.2284 2.2
      vertex 31.2765 -65.1022 17.2
      vertex 31.648 -65.2284 17.2
    endloop
  endfacet
  facet normal 0.321651 0.946858 0
    outer loop
      vertex 31.2765 -65.1022 17.2
      vertex 31.648 -65.2284 2.2
      vertex 31.2765 -65.1022 2.2
    endloop
  endfacet
  facet normal -0.321574 0.946885 0
    outer loop
      vertex 29.7235 -65.1022 2.2
      vertex 29.3519 -65.2284 17.2
      vertex 29.7235 -65.1022 17.2
    endloop
  endfacet
  facet normal -0.321574 0.946885 0
    outer loop
      vertex 29.3519 -65.2284 17.2
      vertex 29.7235 -65.1022 2.2
      vertex 29.3519 -65.2284 2.2
    endloop
  endfacet
  facet normal 0.659478 -0.751724 0
    outer loop
      vertex 32.3263 -70.3801 2.2
      vertex 32.6213 -70.1213 17.2
      vertex 32.3263 -70.3801 17.2
    endloop
  endfacet
  facet normal 0.659478 -0.751724 0
    outer loop
      vertex 32.6213 -70.1213 17.2
      vertex 32.3263 -70.3801 2.2
      vertex 32.6213 -70.1213 2.2
    endloop
  endfacet
  facet normal 0.896961 -0.44211 4.72942e-19
    outer loop
      vertex 33.0981 -69.5 17.2
      vertex 33.2716 -69.148 2.2
      vertex 33.2716 -69.148 17.2
    endloop
  endfacet
  facet normal 0.896961 -0.44211 4.72942e-19
    outer loop
      vertex 33.2716 -69.148 2.2
      vertex 33.0981 -69.5 17.2
      vertex 33.0981 -69.5 2.2
    endloop
  endfacet
  facet normal -0.946858 -0.321651 4.81678e-19
    outer loop
      vertex 27.7284 -69.148 2.2
      vertex 27.6022 -68.7765 17.2
      vertex 27.6022 -68.7765 2.2
    endloop
  endfacet
  facet normal -0.946858 -0.321651 4.81678e-19
    outer loop
      vertex 27.6022 -68.7765 17.2
      vertex 27.7284 -69.148 2.2
      vertex 27.7284 -69.148 17.2
    endloop
  endfacet
  facet normal -0.946858 0.321651 -4.81678e-19
    outer loop
      vertex 27.6022 -67.2235 2.2
      vertex 27.7284 -66.852 17.2
      vertex 27.7284 -66.852 2.2
    endloop
  endfacet
  facet normal -0.946858 0.321651 -4.81678e-19
    outer loop
      vertex 27.7284 -66.852 17.2
      vertex 27.6022 -67.2235 2.2
      vertex 27.6022 -67.2235 17.2
    endloop
  endfacet
  facet normal 0.44211 -0.896961 0
    outer loop
      vertex 31.648 -70.7716 2.2
      vertex 32 -70.5981 17.2
      vertex 31.648 -70.7716 17.2
    endloop
  endfacet
  facet normal 0.44211 -0.896961 0
    outer loop
      vertex 32 -70.5981 17.2
      vertex 31.648 -70.7716 2.2
      vertex 32 -70.5981 2.2
    endloop
  endfacet
  facet normal -0.997853 -0.0654873 -1.4509e-19
    outer loop
      vertex 27.5257 -68.3916 2.2
      vertex 27.5 -68 17.2
      vertex 27.5 -68 2.2
    endloop
  endfacet
  facet normal -0.997853 -0.0654873 -1.4509e-19
    outer loop
      vertex 27.5 -68 17.2
      vertex 27.5257 -68.3916 2.2
      vertex 27.5257 -68.3916 17.2
    endloop
  endfacet
  facet normal 0.321651 -0.946858 0
    outer loop
      vertex 31.2765 -70.8978 2.2
      vertex 31.648 -70.7716 17.2
      vertex 31.2765 -70.8978 17.2
    endloop
  endfacet
  facet normal 0.321651 -0.946858 0
    outer loop
      vertex 31.648 -70.7716 17.2
      vertex 31.2765 -70.8978 2.2
      vertex 31.648 -70.7716 2.2
    endloop
  endfacet
  facet normal -0.980815 0.19494 -2.17675e-19
    outer loop
      vertex 27.5257 -67.6084 2.2
      vertex 27.6022 -67.2235 17.2
      vertex 27.6022 -67.2235 2.2
    endloop
  endfacet
  facet normal -0.980815 0.19494 -2.17675e-19
    outer loop
      vertex 27.6022 -67.2235 17.2
      vertex 27.5257 -67.6084 2.2
      vertex 27.5257 -67.6084 17.2
    endloop
  endfacet
  facet normal -0.751724 -0.659478 8.45558e-19
    outer loop
      vertex 28.3787 -70.1213 2.2
      vertex 28.1199 -69.8263 17.2
      vertex 28.1199 -69.8263 2.2
    endloop
  endfacet
  facet normal -0.751724 -0.659478 8.45558e-19
    outer loop
      vertex 28.1199 -69.8263 17.2
      vertex 28.3787 -70.1213 2.2
      vertex 28.3787 -70.1213 17.2
    endloop
  endfacet
  facet normal -0.751724 0.659478 -8.45558e-19
    outer loop
      vertex 28.1199 -66.1737 2.2
      vertex 28.3787 -65.8787 17.2
      vertex 28.3787 -65.8787 2.2
    endloop
  endfacet
  facet normal -0.751724 0.659478 -8.45558e-19
    outer loop
      vertex 28.3787 -65.8787 17.2
      vertex 28.1199 -66.1737 2.2
      vertex 28.1199 -66.1737 17.2
    endloop
  endfacet
  facet normal -0.0654873 -0.997853 0
    outer loop
      vertex 30.1084 -70.9743 2.2
      vertex 30.5 -71 17.2
      vertex 30.1084 -70.9743 17.2
    endloop
  endfacet
  facet normal -0.0654873 -0.997853 -0
    outer loop
      vertex 30.5 -71 17.2
      vertex 30.1084 -70.9743 2.2
      vertex 30.5 -71 2.2
    endloop
  endfacet
  facet normal 0.751724 -0.659478 3.8038e-19
    outer loop
      vertex 32.6213 -70.1213 17.2
      vertex 32.8801 -69.8263 2.2
      vertex 32.8801 -69.8263 17.2
    endloop
  endfacet
  facet normal 0.751724 -0.659478 3.8038e-19
    outer loop
      vertex 32.8801 -69.8263 2.2
      vertex 32.6213 -70.1213 17.2
      vertex 32.6213 -70.1213 2.2
    endloop
  endfacet
  facet normal 0.831501 0.555523 5.45702e-19
    outer loop
      vertex 33.0981 -66.5 17.2
      vertex 32.8801 -66.1737 2.2
      vertex 32.8801 -66.1737 17.2
    endloop
  endfacet
  facet normal 0.831501 0.555523 5.45702e-19
    outer loop
      vertex 32.8801 -66.1737 2.2
      vertex 33.0981 -66.5 17.2
      vertex 33.0981 -66.5 2.2
    endloop
  endfacet
  facet normal 0.44211 0.896961 -0
    outer loop
      vertex 32 -65.4019 2.2
      vertex 31.648 -65.2284 17.2
      vertex 32 -65.4019 17.2
    endloop
  endfacet
  facet normal 0.44211 0.896961 0
    outer loop
      vertex 31.648 -65.2284 17.2
      vertex 32 -65.4019 2.2
      vertex 31.648 -65.2284 2.2
    endloop
  endfacet
  facet normal -0.997853 0.0654873 1.4509e-19
    outer loop
      vertex 27.5 -68 2.2
      vertex 27.5257 -67.6084 17.2
      vertex 27.5257 -67.6084 2.2
    endloop
  endfacet
  facet normal -0.997853 0.0654873 1.4509e-19
    outer loop
      vertex 27.5257 -67.6084 17.2
      vertex 27.5 -68 2.2
      vertex 27.5 -68 17.2
    endloop
  endfacet
  facet normal 0.19494 -0.980815 0
    outer loop
      vertex 30.8916 -70.9743 2.2
      vertex 31.2765 -70.8978 17.2
      vertex 30.8916 -70.9743 17.2
    endloop
  endfacet
  facet normal 0.19494 -0.980815 0
    outer loop
      vertex 31.2765 -70.8978 17.2
      vertex 30.8916 -70.9743 2.2
      vertex 31.2765 -70.8978 2.2
    endloop
  endfacet
  facet normal 0.555523 0.831501 -0
    outer loop
      vertex 32.3263 -65.6199 2.2
      vertex 32 -65.4019 17.2
      vertex 32.3263 -65.6199 17.2
    endloop
  endfacet
  facet normal 0.555523 0.831501 0
    outer loop
      vertex 32 -65.4019 17.2
      vertex 32.3263 -65.6199 2.2
      vertex 32 -65.4019 2.2
    endloop
  endfacet
  facet normal 0.980815 -0.19494 -1.36574e-19
    outer loop
      vertex 33.3978 -68.7765 17.2
      vertex 33.4743 -68.3916 2.2
      vertex 33.4743 -68.3916 17.2
    endloop
  endfacet
  facet normal 0.980815 -0.19494 -1.36574e-19
    outer loop
      vertex 33.4743 -68.3916 2.2
      vertex 33.3978 -68.7765 17.2
      vertex 33.3978 -68.7765 2.2
    endloop
  endfacet
  facet normal 0.0654873 0.997853 -0
    outer loop
      vertex 30.8916 -65.0257 2.2
      vertex 30.5 -65 17.2
      vertex 30.8916 -65.0257 17.2
    endloop
  endfacet
  facet normal 0.0654873 0.997853 0
    outer loop
      vertex 30.5 -65 17.2
      vertex 30.8916 -65.0257 2.2
      vertex 30.5 -65 2.2
    endloop
  endfacet
  facet normal -0.659478 0.751724 0
    outer loop
      vertex 28.6737 -65.6199 2.2
      vertex 28.3787 -65.8787 17.2
      vertex 28.6737 -65.6199 17.2
    endloop
  endfacet
  facet normal -0.659478 0.751724 0
    outer loop
      vertex 28.3787 -65.8787 17.2
      vertex 28.6737 -65.6199 2.2
      vertex 28.3787 -65.8787 2.2
    endloop
  endfacet
  facet normal -0.831501 -0.555523 -5.55781e-19
    outer loop
      vertex 28.1199 -69.8263 2.2
      vertex 27.9019 -69.5 17.2
      vertex 27.9019 -69.5 2.2
    endloop
  endfacet
  facet normal -0.831501 -0.555523 -5.55781e-19
    outer loop
      vertex 27.9019 -69.5 17.2
      vertex 28.1199 -69.8263 2.2
      vertex 28.1199 -69.8263 17.2
    endloop
  endfacet
  facet normal -0.19494 0.980815 0
    outer loop
      vertex 30.1084 -65.0257 2.2
      vertex 29.7235 -65.1022 17.2
      vertex 30.1084 -65.0257 17.2
    endloop
  endfacet
  facet normal -0.19494 0.980815 0
    outer loop
      vertex 29.7235 -65.1022 17.2
      vertex 30.1084 -65.0257 2.2
      vertex 29.7235 -65.1022 2.2
    endloop
  endfacet
  facet normal 0.0654873 -0.997853 0
    outer loop
      vertex 30.5 -71 2.2
      vertex 30.8916 -70.9743 17.2
      vertex 30.5 -71 17.2
    endloop
  endfacet
  facet normal 0.0654873 -0.997853 0
    outer loop
      vertex 30.8916 -70.9743 17.2
      vertex 30.5 -71 2.2
      vertex 30.8916 -70.9743 2.2
    endloop
  endfacet
  facet normal -0.980815 -0.19494 2.17675e-19
    outer loop
      vertex 27.6022 -68.7765 2.2
      vertex 27.5257 -68.3916 17.2
      vertex 27.5257 -68.3916 2.2
    endloop
  endfacet
  facet normal -0.980815 -0.19494 2.17675e-19
    outer loop
      vertex 27.5257 -68.3916 17.2
      vertex 27.6022 -68.7765 2.2
      vertex 27.6022 -68.7765 17.2
    endloop
  endfacet
  facet normal 0.555523 -0.831501 0
    outer loop
      vertex 32 -70.5981 2.2
      vertex 32.3263 -70.3801 17.2
      vertex 32 -70.5981 17.2
    endloop
  endfacet
  facet normal 0.555523 -0.831501 0
    outer loop
      vertex 32.3263 -70.3801 17.2
      vertex 32 -70.5981 2.2
      vertex 32.3263 -70.3801 2.2
    endloop
  endfacet
  facet normal 0.831501 -0.555523 -5.45702e-19
    outer loop
      vertex 32.8801 -69.8263 17.2
      vertex 33.0981 -69.5 2.2
      vertex 33.0981 -69.5 17.2
    endloop
  endfacet
  facet normal 0.831501 -0.555523 -5.45702e-19
    outer loop
      vertex 33.0981 -69.5 2.2
      vertex 32.8801 -69.8263 17.2
      vertex 32.8801 -69.8263 2.2
    endloop
  endfacet
  facet normal 0.19494 0.980815 -0
    outer loop
      vertex 31.2765 -65.1022 2.2
      vertex 30.8916 -65.0257 17.2
      vertex 31.2765 -65.1022 17.2
    endloop
  endfacet
  facet normal 0.19494 0.980815 0
    outer loop
      vertex 30.8916 -65.0257 17.2
      vertex 31.2765 -65.1022 2.2
      vertex 30.8916 -65.0257 2.2
    endloop
  endfacet
  facet normal -0.896961 0.44211 -4.41785e-19
    outer loop
      vertex 27.7284 -66.852 2.2
      vertex 27.9019 -66.5 17.2
      vertex 27.9019 -66.5 2.2
    endloop
  endfacet
  facet normal -0.896961 0.44211 -4.41785e-19
    outer loop
      vertex 27.9019 -66.5 17.2
      vertex 27.7284 -66.852 2.2
      vertex 27.7284 -66.852 17.2
    endloop
  endfacet
  facet normal -0.555523 0.831501 0
    outer loop
      vertex 29 -65.4019 2.2
      vertex 28.6737 -65.6199 17.2
      vertex 29 -65.4019 17.2
    endloop
  endfacet
  facet normal -0.555523 0.831501 0
    outer loop
      vertex 28.6737 -65.6199 17.2
      vertex 29 -65.4019 2.2
      vertex 28.6737 -65.6199 2.2
    endloop
  endfacet
  facet normal 0.751724 0.659478 -3.8038e-19
    outer loop
      vertex 32.8801 -66.1737 17.2
      vertex 32.6213 -65.8787 2.2
      vertex 32.6213 -65.8787 17.2
    endloop
  endfacet
  facet normal 0.751724 0.659478 -3.8038e-19
    outer loop
      vertex 32.6213 -65.8787 2.2
      vertex 32.8801 -66.1737 17.2
      vertex 32.8801 -66.1737 2.2
    endloop
  endfacet
  facet normal 0.946858 0.321651 -4.52114e-19
    outer loop
      vertex 33.3978 -67.2235 17.2
      vertex 33.2716 -66.852 2.2
      vertex 33.2716 -66.852 17.2
    endloop
  endfacet
  facet normal 0.946858 0.321651 -4.52114e-19
    outer loop
      vertex 33.2716 -66.852 2.2
      vertex 33.3978 -67.2235 17.2
      vertex 33.3978 -67.2235 2.2
    endloop
  endfacet
  facet normal -0.442211 0.896911 0
    outer loop
      vertex 29.3519 -65.2284 2.2
      vertex 29 -65.4019 17.2
      vertex 29.3519 -65.2284 17.2
    endloop
  endfacet
  facet normal -0.442211 0.896911 0
    outer loop
      vertex 29 -65.4019 17.2
      vertex 29.3519 -65.2284 2.2
      vertex 29 -65.4019 2.2
    endloop
  endfacet
  facet normal -0.442211 -0.896911 0
    outer loop
      vertex 29 -70.5981 2.2
      vertex 29.3519 -70.7716 17.2
      vertex 29 -70.5981 17.2
    endloop
  endfacet
  facet normal -0.442211 -0.896911 -0
    outer loop
      vertex 29.3519 -70.7716 17.2
      vertex 29 -70.5981 2.2
      vertex 29.3519 -70.7716 2.2
    endloop
  endfacet
  facet normal -0.831501 0.555523 5.55781e-19
    outer loop
      vertex 27.9019 -66.5 2.2
      vertex 28.1199 -66.1737 17.2
      vertex 28.1199 -66.1737 2.2
    endloop
  endfacet
  facet normal -0.831501 0.555523 5.55781e-19
    outer loop
      vertex 28.1199 -66.1737 17.2
      vertex 27.9019 -66.5 2.2
      vertex 27.9019 -66.5 17.2
    endloop
  endfacet
  facet normal -0.0654873 0.997853 0
    outer loop
      vertex 30.5 -65 2.2
      vertex 30.1084 -65.0257 17.2
      vertex 30.5 -65 17.2
    endloop
  endfacet
  facet normal -0.0654873 0.997853 0
    outer loop
      vertex 30.1084 -65.0257 17.2
      vertex 30.5 -65 2.2
      vertex 30.1084 -65.0257 2.2
    endloop
  endfacet
  facet normal 0 0 1
    outer loop
      vertex 31.35 -68 17.2
      vertex 33.5 -68 17.2
      vertex 33.4743 -67.6084 17.2
    endloop
  endfacet
  facet normal 0 0 1
    outer loop
      vertex 31.3427 -67.8891 17.2
      vertex 33.4743 -67.6084 17.2
      vertex 33.3978 -67.2235 17.2
    endloop
  endfacet
  facet normal 0 0 1
    outer loop
      vertex 33.5 -68 17.2
      vertex 31.35 -68 17.2
      vertex 33.4743 -68.3916 17.2
    endloop
  endfacet
  facet normal 0 0 1
    outer loop
      vertex 31.321 -67.78 17.2
      vertex 33.3978 -67.2235 17.2
      vertex 33.2716 -66.852 17.2
    endloop
  endfacet
  facet normal -0 0 1
    outer loop
      vertex 31.3427 -68.1109 17.2
      vertex 33.4743 -68.3916 17.2
      vertex 31.35 -68 17.2
    endloop
  endfacet
  facet normal 0 0 1
    outer loop
      vertex 31.2853 -67.6747 17.2
      vertex 33.2716 -66.852 17.2
      vertex 33.0981 -66.5 17.2
    endloop
  endfacet
  facet normal 0 0 1
    outer loop
      vertex 33.4743 -68.3916 17.2
      vertex 31.3427 -68.1109 17.2
      vertex 33.3978 -68.7765 17.2
    endloop
  endfacet
  facet normal 0 0 1
    outer loop
      vertex 31.2361 -67.575 17.2
      vertex 33.0981 -66.5 17.2
      vertex 32.8801 -66.1737 17.2
    endloop
  endfacet
  facet normal -0 0 1
    outer loop
      vertex 31.321 -68.22 17.2
      vertex 33.3978 -68.7765 17.2
      vertex 31.3427 -68.1109 17.2
    endloop
  endfacet
  facet normal 0 0 1
    outer loop
      vertex 31.1744 -67.4826 17.2
      vertex 32.8801 -66.1737 17.2
      vertex 32.6213 -65.8787 17.2
    endloop
  endfacet
  facet normal 0 0 1
    outer loop
      vertex 33.3978 -68.7765 17.2
      vertex 31.321 -68.22 17.2
      vertex 33.2716 -69.148 17.2
    endloop
  endfacet
  facet normal 0 0 1
    outer loop
      vertex 31.101 -67.399 17.2
      vertex 32.6213 -65.8787 17.2
      vertex 32.3263 -65.6199 17.2
    endloop
  endfacet
  facet normal -0 0 1
    outer loop
      vertex 31.2853 -68.3253 17.2
      vertex 33.2716 -69.148 17.2
      vertex 31.321 -68.22 17.2
    endloop
  endfacet
  facet normal 0 0 1
    outer loop
      vertex 31.0174 -67.3257 17.2
      vertex 32.3263 -65.6199 17.2
      vertex 32 -65.4019 17.2
    endloop
  endfacet
  facet normal 0 0 1
    outer loop
      vertex 33.2716 -69.148 17.2
      vertex 31.2853 -68.3253 17.2
      vertex 33.0981 -69.5 17.2
    endloop
  endfacet
  facet normal 0 0 1
    outer loop
      vertex 30.925 -67.2639 17.2
      vertex 32 -65.4019 17.2
      vertex 31.648 -65.2284 17.2
    endloop
  endfacet
  facet normal -0 0 1
    outer loop
      vertex 31.2361 -68.425 17.2
      vertex 33.0981 -69.5 17.2
      vertex 31.2853 -68.3253 17.2
    endloop
  endfacet
  facet normal 0 0 1
    outer loop
      vertex 33.0981 -69.5 17.2
      vertex 31.2361 -68.425 17.2
      vertex 32.8801 -69.8263 17.2
    endloop
  endfacet
  facet normal 0 0 1
    outer loop
      vertex 33.4743 -67.6084 17.2
      vertex 31.3427 -67.8891 17.2
      vertex 31.35 -68 17.2
    endloop
  endfacet
  facet normal 0 0 1
    outer loop
      vertex 33.3978 -67.2235 17.2
      vertex 31.321 -67.78 17.2
      vertex 31.3427 -67.8891 17.2
    endloop
  endfacet
  facet normal 0 0 1
    outer loop
      vertex 33.2716 -66.852 17.2
      vertex 31.2853 -67.6747 17.2
      vertex 31.321 -67.78 17.2
    endloop
  endfacet
  facet normal 0 0 1
    outer loop
      vertex 30.8253 -67.2147 17.2
      vertex 31.648 -65.2284 17.2
      vertex 31.2765 -65.1022 17.2
    endloop
  endfacet
  facet normal 0 0 1
    outer loop
      vertex 33.0981 -66.5 17.2
      vertex 31.2361 -67.575 17.2
      vertex 31.2853 -67.6747 17.2
    endloop
  endfacet
  facet normal 0 0 1
    outer loop
      vertex 32.8801 -66.1737 17.2
      vertex 31.1744 -67.4826 17.2
      vertex 31.2361 -67.575 17.2
    endloop
  endfacet
  facet normal 0 0 1
    outer loop
      vertex 32.6213 -65.8787 17.2
      vertex 31.101 -67.399 17.2
      vertex 31.1744 -67.4826 17.2
    endloop
  endfacet
  facet normal 0 0 1
    outer loop
      vertex 32.3263 -65.6199 17.2
      vertex 31.0174 -67.3257 17.2
      vertex 31.101 -67.399 17.2
    endloop
  endfacet
  facet normal 0 0 1
    outer loop
      vertex 32 -65.4019 17.2
      vertex 30.925 -67.2639 17.2
      vertex 31.0174 -67.3257 17.2
    endloop
  endfacet
  facet normal 0 0 1
    outer loop
      vertex 30.72 -67.179 17.2
      vertex 31.2765 -65.1022 17.2
      vertex 30.8916 -65.0257 17.2
    endloop
  endfacet
  facet normal 0 0 1
    outer loop
      vertex 31.648 -65.2284 17.2
      vertex 30.8253 -67.2147 17.2
      vertex 30.925 -67.2639 17.2
    endloop
  endfacet
  facet normal 0 0 1
    outer loop
      vertex 31.2765 -65.1022 17.2
      vertex 30.72 -67.179 17.2
      vertex 30.8253 -67.2147 17.2
    endloop
  endfacet
  facet normal 0 0 1
    outer loop
      vertex 30.8916 -65.0257 17.2
      vertex 30.6109 -67.1573 17.2
      vertex 30.72 -67.179 17.2
    endloop
  endfacet
  facet normal 0 0 1
    outer loop
      vertex 30.5 -65 17.2
      vertex 30.6109 -67.1573 17.2
      vertex 30.8916 -65.0257 17.2
    endloop
  endfacet
  facet normal 0 0 1
    outer loop
      vertex 30.5 -65 17.2
      vertex 30.5 -67.15 17.2
      vertex 30.6109 -67.1573 17.2
    endloop
  endfacet
  facet normal 0 0 1
    outer loop
      vertex 30.5 -65 17.2
      vertex 30.3891 -67.1573 17.2
      vertex 30.5 -67.15 17.2
    endloop
  endfacet
  facet normal -0 0 1
    outer loop
      vertex 30.1084 -65.0257 17.2
      vertex 30.3891 -67.1573 17.2
      vertex 30.5 -65 17.2
    endloop
  endfacet
  facet normal 0 0 1
    outer loop
      vertex 30.3891 -67.1573 17.2
      vertex 30.1084 -65.0257 17.2
      vertex 30.28 -67.179 17.2
    endloop
  endfacet
  facet normal -0 0 1
    outer loop
      vertex 29.7235 -65.1022 17.2
      vertex 30.28 -67.179 17.2
      vertex 30.1084 -65.0257 17.2
    endloop
  endfacet
  facet normal 0 0 1
    outer loop
      vertex 30.28 -67.179 17.2
      vertex 29.7235 -65.1022 17.2
      vertex 30.1747 -67.2147 17.2
    endloop
  endfacet
  facet normal -0 0 1
    outer loop
      vertex 29.3519 -65.2284 17.2
      vertex 30.1747 -67.2147 17.2
      vertex 29.7235 -65.1022 17.2
    endloop
  endfacet
  facet normal 0 0 1
    outer loop
      vertex 30.1747 -67.2147 17.2
      vertex 29.3519 -65.2284 17.2
      vertex 30.075 -67.2639 17.2
    endloop
  endfacet
  facet normal -0 0 1
    outer loop
      vertex 29 -65.4019 17.2
      vertex 30.075 -67.2639 17.2
      vertex 29.3519 -65.2284 17.2
    endloop
  endfacet
  facet normal 0 0 1
    outer loop
      vertex 30.075 -67.2639 17.2
      vertex 29 -65.4019 17.2
      vertex 29.9826 -67.3257 17.2
    endloop
  endfacet
  facet normal -0 0 1
    outer loop
      vertex 28.6737 -65.6199 17.2
      vertex 29.9826 -67.3257 17.2
      vertex 29 -65.4019 17.2
    endloop
  endfacet
  facet normal 0 0 1
    outer loop
      vertex 29.9826 -67.3257 17.2
      vertex 28.6737 -65.6199 17.2
      vertex 29.899 -67.399 17.2
    endloop
  endfacet
  facet normal -0 0 1
    outer loop
      vertex 28.3787 -65.8787 17.2
      vertex 29.899 -67.399 17.2
      vertex 28.6737 -65.6199 17.2
    endloop
  endfacet
  facet normal 0 0 1
    outer loop
      vertex 29.899 -67.399 17.2
      vertex 28.3787 -65.8787 17.2
      vertex 29.8256 -67.4826 17.2
    endloop
  endfacet
  facet normal -0 0 1
    outer loop
      vertex 28.1199 -66.1737 17.2
      vertex 29.8256 -67.4826 17.2
      vertex 28.3787 -65.8787 17.2
    endloop
  endfacet
  facet normal 0 0 1
    outer loop
      vertex 29.8256 -67.4826 17.2
      vertex 28.1199 -66.1737 17.2
      vertex 29.7639 -67.575 17.2
    endloop
  endfacet
  facet normal -0 0 1
    outer loop
      vertex 31.1744 -68.5174 17.2
      vertex 32.8801 -69.8263 17.2
      vertex 31.2361 -68.425 17.2
    endloop
  endfacet
  facet normal 0 0 1
    outer loop
      vertex 32.8801 -69.8263 17.2
      vertex 31.1744 -68.5174 17.2
      vertex 32.6213 -70.1213 17.2
    endloop
  endfacet
  facet normal -0 0 1
    outer loop
      vertex 31.101 -68.601 17.2
      vertex 32.6213 -70.1213 17.2
      vertex 31.1744 -68.5174 17.2
    endloop
  endfacet
  facet normal 0 0 1
    outer loop
      vertex 32.6213 -70.1213 17.2
      vertex 31.101 -68.601 17.2
      vertex 32.3263 -70.3801 17.2
    endloop
  endfacet
  facet normal -0 0 1
    outer loop
      vertex 31.0174 -68.6743 17.2
      vertex 32.3263 -70.3801 17.2
      vertex 31.101 -68.601 17.2
    endloop
  endfacet
  facet normal 0 0 1
    outer loop
      vertex 32.3263 -70.3801 17.2
      vertex 31.0174 -68.6743 17.2
      vertex 32 -70.5981 17.2
    endloop
  endfacet
  facet normal -0 0 1
    outer loop
      vertex 30.925 -68.7361 17.2
      vertex 32 -70.5981 17.2
      vertex 31.0174 -68.6743 17.2
    endloop
  endfacet
  facet normal 0 0 1
    outer loop
      vertex 32 -70.5981 17.2
      vertex 30.925 -68.7361 17.2
      vertex 31.648 -70.7716 17.2
    endloop
  endfacet
  facet normal -0 0 1
    outer loop
      vertex 30.8253 -68.7853 17.2
      vertex 31.648 -70.7716 17.2
      vertex 30.925 -68.7361 17.2
    endloop
  endfacet
  facet normal 0 0 1
    outer loop
      vertex 31.648 -70.7716 17.2
      vertex 30.8253 -68.7853 17.2
      vertex 31.2765 -70.8978 17.2
    endloop
  endfacet
  facet normal -0 0 1
    outer loop
      vertex 30.72 -68.821 17.2
      vertex 31.2765 -70.8978 17.2
      vertex 30.8253 -68.7853 17.2
    endloop
  endfacet
  facet normal 0 0 1
    outer loop
      vertex 31.2765 -70.8978 17.2
      vertex 30.72 -68.821 17.2
      vertex 30.8916 -70.9743 17.2
    endloop
  endfacet
  facet normal -0 0 1
    outer loop
      vertex 30.6109 -68.8427 17.2
      vertex 30.8916 -70.9743 17.2
      vertex 30.72 -68.821 17.2
    endloop
  endfacet
  facet normal -0 0 1
    outer loop
      vertex 30.5 -68.85 17.2
      vertex 30.8916 -70.9743 17.2
      vertex 30.6109 -68.8427 17.2
    endloop
  endfacet
  facet normal 0 0 1
    outer loop
      vertex 30.5 -68.85 17.2
      vertex 30.5 -71 17.2
      vertex 30.8916 -70.9743 17.2
    endloop
  endfacet
  facet normal 0 0 1
    outer loop
      vertex 30.3891 -68.8427 17.2
      vertex 30.5 -71 17.2
      vertex 30.5 -68.85 17.2
    endloop
  endfacet
  facet normal 0 0 1
    outer loop
      vertex 30.1084 -70.9743 17.2
      vertex 30.3891 -68.8427 17.2
      vertex 30.28 -68.821 17.2
    endloop
  endfacet
  facet normal 0 0 1
    outer loop
      vertex 29.7235 -70.8978 17.2
      vertex 30.28 -68.821 17.2
      vertex 30.1747 -68.7853 17.2
    endloop
  endfacet
  facet normal 0 0 1
    outer loop
      vertex 30.3891 -68.8427 17.2
      vertex 30.1084 -70.9743 17.2
      vertex 30.5 -71 17.2
    endloop
  endfacet
  facet normal 0 0 1
    outer loop
      vertex 29.3519 -70.7716 17.2
      vertex 30.1747 -68.7853 17.2
      vertex 30.075 -68.7361 17.2
    endloop
  endfacet
  facet normal 0 0 1
    outer loop
      vertex 29 -70.5981 17.2
      vertex 30.075 -68.7361 17.2
      vertex 29.9826 -68.6743 17.2
    endloop
  endfacet
  facet normal 0 0 1
    outer loop
      vertex 28.6737 -70.3801 17.2
      vertex 29.9826 -68.6743 17.2
      vertex 29.899 -68.601 17.2
    endloop
  endfacet
  facet normal 0 0 1
    outer loop
      vertex 28.3787 -70.1213 17.2
      vertex 29.899 -68.601 17.2
      vertex 29.8256 -68.5174 17.2
    endloop
  endfacet
  facet normal 0 0 1
    outer loop
      vertex 28.1199 -69.8263 17.2
      vertex 29.8256 -68.5174 17.2
      vertex 29.7639 -68.425 17.2
    endloop
  endfacet
  facet normal 0 0 1
    outer loop
      vertex 30.28 -68.821 17.2
      vertex 29.7235 -70.8978 17.2
      vertex 30.1084 -70.9743 17.2
    endloop
  endfacet
  facet normal 0 0 1
    outer loop
      vertex 27.9019 -69.5 17.2
      vertex 29.7639 -68.425 17.2
      vertex 29.7147 -68.3253 17.2
    endloop
  endfacet
  facet normal 0 0 1
    outer loop
      vertex 27.7284 -69.148 17.2
      vertex 29.7147 -68.3253 17.2
      vertex 29.679 -68.22 17.2
    endloop
  endfacet
  facet normal 0 0 1
    outer loop
      vertex 27.6022 -68.7765 17.2
      vertex 29.679 -68.22 17.2
      vertex 29.6573 -68.1109 17.2
    endloop
  endfacet
  facet normal 0 0 1
    outer loop
      vertex 27.5257 -68.3916 17.2
      vertex 29.6573 -68.1109 17.2
      vertex 29.65 -68 17.2
    endloop
  endfacet
  facet normal -0 0 1
    outer loop
      vertex 27.9019 -66.5 17.2
      vertex 29.7639 -67.575 17.2
      vertex 28.1199 -66.1737 17.2
    endloop
  endfacet
  facet normal 0 0 1
    outer loop
      vertex 30.1747 -68.7853 17.2
      vertex 29.3519 -70.7716 17.2
      vertex 29.7235 -70.8978 17.2
    endloop
  endfacet
  facet normal 0 0 1
    outer loop
      vertex 29.7639 -67.575 17.2
      vertex 27.9019 -66.5 17.2
      vertex 29.7147 -67.6747 17.2
    endloop
  endfacet
  facet normal 0 0 1
    outer loop
      vertex 30.075 -68.7361 17.2
      vertex 29 -70.5981 17.2
      vertex 29.3519 -70.7716 17.2
    endloop
  endfacet
  facet normal -0 0 1
    outer loop
      vertex 27.7284 -66.852 17.2
      vertex 29.7147 -67.6747 17.2
      vertex 27.9019 -66.5 17.2
    endloop
  endfacet
  facet normal 0 0 1
    outer loop
      vertex 29.9826 -68.6743 17.2
      vertex 28.6737 -70.3801 17.2
      vertex 29 -70.5981 17.2
    endloop
  endfacet
  facet normal 0 0 1
    outer loop
      vertex 29.7147 -67.6747 17.2
      vertex 27.7284 -66.852 17.2
      vertex 29.679 -67.78 17.2
    endloop
  endfacet
  facet normal 0 0 1
    outer loop
      vertex 29.899 -68.601 17.2
      vertex 28.3787 -70.1213 17.2
      vertex 28.6737 -70.3801 17.2
    endloop
  endfacet
  facet normal -0 0 1
    outer loop
      vertex 27.6022 -67.2235 17.2
      vertex 29.679 -67.78 17.2
      vertex 27.7284 -66.852 17.2
    endloop
  endfacet
  facet normal 0 0 1
    outer loop
      vertex 29.8256 -68.5174 17.2
      vertex 28.1199 -69.8263 17.2
      vertex 28.3787 -70.1213 17.2
    endloop
  endfacet
  facet normal 0 0 1
    outer loop
      vertex 29.679 -67.78 17.2
      vertex 27.6022 -67.2235 17.2
      vertex 29.6573 -67.8891 17.2
    endloop
  endfacet
  facet normal 0 0 1
    outer loop
      vertex 29.7639 -68.425 17.2
      vertex 27.9019 -69.5 17.2
      vertex 28.1199 -69.8263 17.2
    endloop
  endfacet
  facet normal -0 0 1
    outer loop
      vertex 27.5257 -67.6084 17.2
      vertex 29.6573 -67.8891 17.2
      vertex 27.6022 -67.2235 17.2
    endloop
  endfacet
  facet normal 0 0 1
    outer loop
      vertex 29.7147 -68.3253 17.2
      vertex 27.7284 -69.148 17.2
      vertex 27.9019 -69.5 17.2
    endloop
  endfacet
  facet normal 0 0 1
    outer loop
      vertex 29.6573 -67.8891 17.2
      vertex 27.5257 -67.6084 17.2
      vertex 29.65 -68 17.2
    endloop
  endfacet
  facet normal 0 0 1
    outer loop
      vertex 29.679 -68.22 17.2
      vertex 27.6022 -68.7765 17.2
      vertex 27.7284 -69.148 17.2
    endloop
  endfacet
  facet normal 0 0 1
    outer loop
      vertex 27.5 -68 17.2
      vertex 29.65 -68 17.2
      vertex 27.5257 -67.6084 17.2
    endloop
  endfacet
  facet normal 0 0 1
    outer loop
      vertex 29.6573 -68.1109 17.2
      vertex 27.5257 -68.3916 17.2
      vertex 27.6022 -68.7765 17.2
    endloop
  endfacet
  facet normal 0 0 1
    outer loop
      vertex 29.65 -68 17.2
      vertex 27.5 -68 17.2
      vertex 27.5257 -68.3916 17.2
    endloop
  endfacet
  facet normal -0.19494 -0.980815 0
    outer loop
      vertex 29.7235 -70.8978 2.2
      vertex 30.1084 -70.9743 17.2
      vertex 29.7235 -70.8978 17.2
    endloop
  endfacet
  facet normal -0.19494 -0.980815 -0
    outer loop
      vertex 30.1084 -70.9743 17.2
      vertex 29.7235 -70.8978 2.2
      vertex 30.1084 -70.9743 2.2
    endloop
  endfacet
  facet normal -0.659478 -0.751724 0
    outer loop
      vertex 28.3787 -70.1213 2.2
      vertex 28.6737 -70.3801 17.2
      vertex 28.3787 -70.1213 17.2
    endloop
  endfacet
  facet normal -0.659478 -0.751724 -0
    outer loop
      vertex 28.6737 -70.3801 17.2
      vertex 28.3787 -70.1213 2.2
      vertex 28.6737 -70.3801 2.2
    endloop
  endfacet
  facet normal 0.0653771 -0.997861 0
    outer loop
      vertex 19 -74.5 2.2
      vertex 19.261 -74.4829 5.15
      vertex 19 -74.5 5.15
    endloop
  endfacet
  facet normal 0.0653771 -0.997861 0
    outer loop
      vertex 19.261 -74.4829 5.15
      vertex 19 -74.5 2.2
      vertex 19.261 -74.4829 2.2
    endloop
  endfacet
  facet normal -0.980814 0.194947 -5.43969e-19
    outer loop
      vertex -20.9829 -5.23895 2.2
      vertex -20.9319 -4.98236 5.15
      vertex -20.9319 -4.98236 2.2
    endloop
  endfacet
  facet normal -0.980814 0.194947 -5.43969e-19
    outer loop
      vertex -20.9319 -4.98236 5.15
      vertex -20.9829 -5.23895 2.2
      vertex -20.9829 -5.23895 5.15
    endloop
  endfacet
  facet normal -0.751826 0.659362 -2.95304e-19
    outer loop
      vertex -20.5867 -4.28247 2.2
      vertex -20.4142 -4.08578 5.15
      vertex -20.4142 -4.08578 2.2
    endloop
  endfacet
  facet normal -0.751826 0.659362 -2.95304e-19
    outer loop
      vertex -20.4142 -4.08578 5.15
      vertex -20.5867 -4.28247 2.2
      vertex -20.5867 -4.28247 5.15
    endloop
  endfacet
  facet normal 1 -0 0
    outer loop
      vertex -21 -44 6.2
      vertex -21 -34 5.15
      vertex -21 -34 6.2
    endloop
  endfacet
  facet normal 1 0 0
    outer loop
      vertex -21 -34 5.15
      vertex -21 -44 6.2
      vertex -21 -44 5.15
    endloop
  endfacet
  facet normal -1 0 0
    outer loop
      vertex -21 -34 2.2
      vertex -21 -5.5 5.15
      vertex -21 -5.5 2.2
    endloop
  endfacet
  facet normal -1 -0 0
    outer loop
      vertex -21 -5.5 5.15
      vertex -21 -34 2.2
      vertex -21 -34 5.15
    endloop
  endfacet
  facet normal -1 0 0
    outer loop
      vertex -21 -72.5 2.2
      vertex -21 -44 5.15
      vertex -21 -44 2.2
    endloop
  endfacet
  facet normal -1 -0 0
    outer loop
      vertex -21 -44 5.15
      vertex -21 -72.5 2.2
      vertex -21 -72.5 5.15
    endloop
  endfacet
  facet normal -1 0 0
    outer loop
      vertex 21 -44 5.15
      vertex 21 -34 6.2
      vertex 21 -34 5.15
    endloop
  endfacet
  facet normal -1 -0 0
    outer loop
      vertex 21 -34 6.2
      vertex 21 -44 5.15
      vertex 21 -44 6.2
    endloop
  endfacet
  facet normal 1 -0 0
    outer loop
      vertex 21 -34 5.15
      vertex 21 -5.5 2.2
      vertex 21 -5.5 5.15
    endloop
  endfacet
  facet normal 1 0 0
    outer loop
      vertex 21 -5.5 2.2
      vertex 21 -34 5.15
      vertex 21 -34 2.2
    endloop
  endfacet
  facet normal 1 -0 0
    outer loop
      vertex 21 -72.5 5.15
      vertex 21 -44 2.2
      vertex 21 -44 5.15
    endloop
  endfacet
  facet normal 1 0 0
    outer loop
      vertex 21 -44 2.2
      vertex 21 -72.5 5.15
      vertex 21 -72.5 2.2
    endloop
  endfacet
  facet normal 0 1 0
    outer loop
      vertex 19 -3.5 5.15
      vertex 6 -3.5 2.8
      vertex 6 -3.5 5.15
    endloop
  endfacet
  facet normal 0 1 0
    outer loop
      vertex 6 -3.5 2.8
      vertex 19 -3.5 2.2
      vertex -6 -3.5 2.8
    endloop
  endfacet
  facet normal 0 1 -0
    outer loop
      vertex 19 -3.5 2.2
      vertex 6 -3.5 2.8
      vertex 19 -3.5 5.15
    endloop
  endfacet
  facet normal 0 1 -0
    outer loop
      vertex -6 -3.5 2.8
      vertex -19 -3.5 5.15
      vertex -6 -3.5 5.15
    endloop
  endfacet
  facet normal 0 1 0
    outer loop
      vertex -6 -3.5 2.8
      vertex -19 -3.5 2.2
      vertex -19 -3.5 5.15
    endloop
  endfacet
  facet normal 0 1 0
    outer loop
      vertex -19 -3.5 2.2
      vertex -6 -3.5 2.8
      vertex 19 -3.5 2.2
    endloop
  endfacet
  facet normal 0.946922 0.321463 -1.427e-18
    outer loop
      vertex 20.9319 -4.98236 5.15
      vertex 20.8478 -4.73463 2.2
      vertex 20.8478 -4.73463 5.15
    endloop
  endfacet
  facet normal 0.946922 0.321463 -1.427e-18
    outer loop
      vertex 20.8478 -4.73463 2.2
      vertex 20.9319 -4.98236 5.15
      vertex 20.9319 -4.98236 2.2
    endloop
  endfacet
  facet normal -0.997861 -0.0653771 6.58565e-20
    outer loop
      vertex -20.9829 -72.761 2.2
      vertex -21 -72.5 5.15
      vertex -21 -72.5 2.2
    endloop
  endfacet
  facet normal -0.997861 -0.0653771 6.58565e-20
    outer loop
      vertex -21 -72.5 5.15
      vertex -20.9829 -72.761 2.2
      vertex -20.9829 -72.761 5.15
    endloop
  endfacet
  facet normal -0.195087 0.980786 0
    outer loop
      vertex -19.261 -3.51711 2.2
      vertex -19.5176 -3.56815 5.15
      vertex -19.261 -3.51711 5.15
    endloop
  endfacet
  facet normal -0.195087 0.980786 0
    outer loop
      vertex -19.5176 -3.56815 5.15
      vertex -19.261 -3.51711 2.2
      vertex -19.5176 -3.56815 2.2
    endloop
  endfacet
  facet normal 0 -1 0
    outer loop
      vertex -19 -74.5 2.2
      vertex 19 -74.5 5.15
      vertex -19 -74.5 5.15
    endloop
  endfacet
  facet normal 0 -1 -0
    outer loop
      vertex 19 -74.5 5.15
      vertex -19 -74.5 2.2
      vertex 19 -74.5 2.2
    endloop
  endfacet
  facet normal 0.997861 0.0653646 -6.3499e-21
    outer loop
      vertex 21 -5.5 5.15
      vertex 20.9829 -5.23895 2.2
      vertex 20.9829 -5.23895 5.15
    endloop
  endfacet
  facet normal 0.997861 0.0653646 -6.3499e-21
    outer loop
      vertex 20.9829 -5.23895 2.2
      vertex 21 -5.5 5.15
      vertex 21 -5.5 2.2
    endloop
  endfacet
  facet normal 0.555653 0.831415 -0
    outer loop
      vertex 20.2175 -3.9133 2.2
      vertex 20 -3.76794 5.15
      vertex 20.2175 -3.9133 5.15
    endloop
  endfacet
  facet normal 0.555653 0.831415 0
    outer loop
      vertex 20 -3.76794 5.15
      vertex 20.2175 -3.9133 2.2
      vertex 20 -3.76794 2.2
    endloop
  endfacet
  facet normal 0.751842 -0.659343 -2.10079e-18
    outer loop
      vertex 20.4142 -73.9142 5.15
      vertex 20.5867 -73.7175 2.2
      vertex 20.5867 -73.7175 5.15
    endloop
  endfacet
  facet normal 0.751842 -0.659343 -2.10079e-18
    outer loop
      vertex 20.5867 -73.7175 2.2
      vertex 20.4142 -73.9142 5.15
      vertex 20.4142 -73.9142 2.2
    endloop
  endfacet
  facet normal -0.751842 -0.659343 2.10079e-18
    outer loop
      vertex -20.4142 -73.9142 2.2
      vertex -20.5867 -73.7175 5.15
      vertex -20.5867 -73.7175 2.2
    endloop
  endfacet
  facet normal -0.751842 -0.659343 2.10079e-18
    outer loop
      vertex -20.5867 -73.7175 5.15
      vertex -20.4142 -73.9142 2.2
      vertex -20.4142 -73.9142 5.15
    endloop
  endfacet
  facet normal -0.997861 0.0653646 6.3499e-21
    outer loop
      vertex -21 -5.5 2.2
      vertex -20.9829 -5.23895 5.15
      vertex -20.9829 -5.23895 2.2
    endloop
  endfacet
  facet normal -0.997861 0.0653646 6.3499e-21
    outer loop
      vertex -20.9829 -5.23895 5.15
      vertex -21 -5.5 2.2
      vertex -21 -5.5 5.15
    endloop
  endfacet
  facet normal 0.442314 0.89686 -0
    outer loop
      vertex 20 -3.76794 2.2
      vertex 19.7654 -3.65224 5.15
      vertex 20 -3.76794 5.15
    endloop
  endfacet
  facet normal 0.442314 0.89686 0
    outer loop
      vertex 19.7654 -3.65224 5.15
      vertex 20 -3.76794 2.2
      vertex 19.7654 -3.65224 2.2
    endloop
  endfacet
  facet normal 0.195087 0.980786 -0
    outer loop
      vertex 19.5176 -3.56815 2.2
      vertex 19.261 -3.51711 5.15
      vertex 19.5176 -3.56815 5.15
    endloop
  endfacet
  facet normal 0.195087 0.980786 0
    outer loop
      vertex 19.261 -3.51711 5.15
      vertex 19.5176 -3.56815 2.2
      vertex 19.261 -3.51711 2.2
    endloop
  endfacet
  facet normal 0.659343 -0.751842 0
    outer loop
      vertex 20.2175 -74.0867 2.2
      vertex 20.4142 -73.9142 5.15
      vertex 20.2175 -74.0867 5.15
    endloop
  endfacet
  facet normal 0.659343 -0.751842 0
    outer loop
      vertex 20.4142 -73.9142 5.15
      vertex 20.2175 -74.0867 2.2
      vertex 20.4142 -73.9142 2.2
    endloop
  endfacet
  facet normal -0.0654151 0.997858 0
    outer loop
      vertex -19 -3.5 2.2
      vertex -19.261 -3.51711 5.15
      vertex -19 -3.5 5.15
    endloop
  endfacet
  facet normal -0.0654151 0.997858 0
    outer loop
      vertex -19.261 -3.51711 5.15
      vertex -19 -3.5 2.2
      vertex -19.261 -3.51711 2.2
    endloop
  endfacet
  facet normal -0.19494 -0.980815 0
    outer loop
      vertex -19.5176 -74.4319 2.2
      vertex -19.261 -74.4829 5.15
      vertex -19.5176 -74.4319 5.15
    endloop
  endfacet
  facet normal -0.19494 -0.980815 -0
    outer loop
      vertex -19.261 -74.4829 5.15
      vertex -19.5176 -74.4319 2.2
      vertex -19.261 -74.4829 2.2
    endloop
  endfacet
  facet normal 0.94695 -0.321382 -1.2383e-18
    outer loop
      vertex 20.8478 -73.2654 5.15
      vertex 20.9319 -73.0176 2.2
      vertex 20.9319 -73.0176 5.15
    endloop
  endfacet
  facet normal 0.94695 -0.321382 -1.2383e-18
    outer loop
      vertex 20.9319 -73.0176 2.2
      vertex 20.8478 -73.2654 5.15
      vertex 20.8478 -73.2654 2.2
    endloop
  endfacet
  facet normal 0 0 1
    outer loop
      vertex -6 -3.5 5.15
      vertex -18.7 -4.8 5.15
      vertex -6 -4.8 5.15
    endloop
  endfacet
  facet normal -0 0 1
    outer loop
      vertex -19 -3.5 5.15
      vertex -18.7 -4.8 5.15
      vertex -6 -3.5 5.15
    endloop
  endfacet
  facet normal 0 0 1
    outer loop
      vertex -18.7 -4.8 5.15
      vertex -19 -3.5 5.15
      vertex -18.8305 -4.80856 5.15
    endloop
  endfacet
  facet normal 0 0 1
    outer loop
      vertex -19 -3.5 5.15
      vertex -18.9588 -4.83408 5.15
      vertex -18.8305 -4.80856 5.15
    endloop
  endfacet
  facet normal -0 0 1
    outer loop
      vertex -19.261 -3.51711 5.15
      vertex -18.9588 -4.83408 5.15
      vertex -19 -3.5 5.15
    endloop
  endfacet
  facet normal 0 0 1
    outer loop
      vertex -18.9588 -4.83408 5.15
      vertex -19.261 -3.51711 5.15
      vertex -19.0827 -4.87613 5.15
    endloop
  endfacet
  facet normal -0 0 1
    outer loop
      vertex -19.5176 -3.56815 5.15
      vertex -19.0827 -4.87613 5.15
      vertex -19.261 -3.51711 5.15
    endloop
  endfacet
  facet normal -0 0 1
    outer loop
      vertex -19.7654 -3.65224 5.15
      vertex -19.0827 -4.87613 5.15
      vertex -19.5176 -3.56815 5.15
    endloop
  endfacet
  facet normal 0 0 1
    outer loop
      vertex -19.0827 -4.87613 5.15
      vertex -19.7654 -3.65224 5.15
      vertex -19.2 -4.93398 5.15
    endloop
  endfacet
  facet normal -0 0 1
    outer loop
      vertex -20 -3.76794 5.15
      vertex -19.2 -4.93398 5.15
      vertex -19.7654 -3.65224 5.15
    endloop
  endfacet
  facet normal 0 0 1
    outer loop
      vertex -19.2 -4.93398 5.15
      vertex -20 -3.76794 5.15
      vertex -19.3088 -5.00665 5.15
    endloop
  endfacet
  facet normal -0 0 1
    outer loop
      vertex -20.2175 -3.9133 5.15
      vertex -19.3088 -5.00665 5.15
      vertex -20 -3.76794 5.15
    endloop
  endfacet
  facet normal 0 0 1
    outer loop
      vertex -19.3088 -5.00665 5.15
      vertex -20.2175 -3.9133 5.15
      vertex -19.4071 -5.0929 5.15
    endloop
  endfacet
  facet normal -0 0 1
    outer loop
      vertex -20.4142 -4.08578 5.15
      vertex -19.4071 -5.0929 5.15
      vertex -20.2175 -3.9133 5.15
    endloop
  endfacet
  facet normal -0 0 1
    outer loop
      vertex -20.5867 -4.28247 5.15
      vertex -19.4071 -5.0929 5.15
      vertex -20.4142 -4.08578 5.15
    endloop
  endfacet
  facet normal 0 0 1
    outer loop
      vertex -19.4933 -5.19124 5.15
      vertex -20.7321 -4.5 5.15
      vertex -19.566 -5.3 5.15
    endloop
  endfacet
  facet normal -0 0 1
    outer loop
      vertex -20.7321 -4.5 5.15
      vertex -19.4933 -5.19124 5.15
      vertex -20.5867 -4.28247 5.15
    endloop
  endfacet
  facet normal 0 0 1
    outer loop
      vertex -19.4071 -5.0929 5.15
      vertex -20.5867 -4.28247 5.15
      vertex -19.4933 -5.19124 5.15
    endloop
  endfacet
  facet normal -0 0 1
    outer loop
      vertex 19.7 -5.8 5.15
      vertex 21 -34 5.15
      vertex 21 -5.5 5.15
    endloop
  endfacet
  facet normal 0 0 1
    outer loop
      vertex 21 -34 5.15
      vertex 19.7 -5.8 5.15
      vertex 21 -44 5.15
    endloop
  endfacet
  facet normal 0 0 1
    outer loop
      vertex 19.6659 -5.54118 5.15
      vertex 21 -5.5 5.15
      vertex 20.9829 -5.23895 5.15
    endloop
  endfacet
  facet normal 0 0 1
    outer loop
      vertex 19.7 -72.2 5.15
      vertex 21 -44 5.15
      vertex 19.7 -5.8 5.15
    endloop
  endfacet
  facet normal 0 0 1
    outer loop
      vertex 19.6239 -5.41731 5.15
      vertex 20.9829 -5.23895 5.15
      vertex 20.9319 -4.98236 5.15
    endloop
  endfacet
  facet normal 0 0 1
    outer loop
      vertex 21 -44 5.15
      vertex 19.7 -72.2 5.15
      vertex 21 -72.5 5.15
    endloop
  endfacet
  facet normal 0 0 1
    outer loop
      vertex 19.6239 -5.41731 5.15
      vertex 20.9319 -4.98236 5.15
      vertex 20.8478 -4.73463 5.15
    endloop
  endfacet
  facet normal -0 0 1
    outer loop
      vertex 19.6914 -72.3305 5.15
      vertex 21 -72.5 5.15
      vertex 19.7 -72.2 5.15
    endloop
  endfacet
  facet normal 0 0 1
    outer loop
      vertex 19.566 -5.3 5.15
      vertex 20.8478 -4.73463 5.15
      vertex 20.7321 -4.5 5.15
    endloop
  endfacet
  facet normal -0 0 1
    outer loop
      vertex 19.6659 -72.4588 5.15
      vertex 21 -72.5 5.15
      vertex 19.6914 -72.3305 5.15
    endloop
  endfacet
  facet normal 0 0 1
    outer loop
      vertex 19.4933 -5.19124 5.15
      vertex 20.7321 -4.5 5.15
      vertex 20.5867 -4.28247 5.15
    endloop
  endfacet
  facet normal 0 0 1
    outer loop
      vertex 21 -72.5 5.15
      vertex 19.6659 -72.4588 5.15
      vertex 20.9829 -72.761 5.15
    endloop
  endfacet
  facet normal 0 0 1
    outer loop
      vertex 19.4071 -5.0929 5.15
      vertex 20.5867 -4.28247 5.15
      vertex 20.4142 -4.08578 5.15
    endloop
  endfacet
  facet normal -0 0 1
    outer loop
      vertex 19.6239 -72.5827 5.15
      vertex 20.9829 -72.761 5.15
      vertex 19.6659 -72.4588 5.15
    endloop
  endfacet
  facet normal 0 0 1
    outer loop
      vertex 19.4071 -5.0929 5.15
      vertex 20.4142 -4.08578 5.15
      vertex 20.2175 -3.9133 5.15
    endloop
  endfacet
  facet normal 0 0 1
    outer loop
      vertex 20.9829 -72.761 5.15
      vertex 19.6239 -72.5827 5.15
      vertex 20.9319 -73.0176 5.15
    endloop
  endfacet
  facet normal 0 0 1
    outer loop
      vertex 19.3088 -5.00665 5.15
      vertex 20.2175 -3.9133 5.15
      vertex 20 -3.76794 5.15
    endloop
  endfacet
  facet normal 0 0 1
    outer loop
      vertex 20.9319 -73.0176 5.15
      vertex 19.6239 -72.5827 5.15
      vertex 20.8478 -73.2654 5.15
    endloop
  endfacet
  facet normal 0 0 1
    outer loop
      vertex 19.2 -4.93398 5.15
      vertex 20 -3.76794 5.15
      vertex 19.7654 -3.65224 5.15
    endloop
  endfacet
  facet normal -0 0 1
    outer loop
      vertex 19.566 -72.7 5.15
      vertex 20.8478 -73.2654 5.15
      vertex 19.6239 -72.5827 5.15
    endloop
  endfacet
  facet normal 0 0 1
    outer loop
      vertex 20.8478 -73.2654 5.15
      vertex 19.566 -72.7 5.15
      vertex 20.7321 -73.5 5.15
    endloop
  endfacet
  facet normal 0 0 1
    outer loop
      vertex 21 -5.5 5.15
      vertex 19.6914 -5.66948 5.15
      vertex 19.7 -5.8 5.15
    endloop
  endfacet
  facet normal 0 0 1
    outer loop
      vertex 21 -5.5 5.15
      vertex 19.6659 -5.54118 5.15
      vertex 19.6914 -5.66948 5.15
    endloop
  endfacet
  facet normal 0 0 1
    outer loop
      vertex 20.9829 -5.23895 5.15
      vertex 19.6239 -5.41731 5.15
      vertex 19.6659 -5.54118 5.15
    endloop
  endfacet
  facet normal 0 0 1
    outer loop
      vertex 20.8478 -4.73463 5.15
      vertex 19.566 -5.3 5.15
      vertex 19.6239 -5.41731 5.15
    endloop
  endfacet
  facet normal 0 0 1
    outer loop
      vertex 19.0827 -4.87613 5.15
      vertex 19.7654 -3.65224 5.15
      vertex 19.5176 -3.56815 5.15
    endloop
  endfacet
  facet normal 0 0 1
    outer loop
      vertex 20.7321 -4.5 5.15
      vertex 19.4933 -5.19124 5.15
      vertex 19.566 -5.3 5.15
    endloop
  endfacet
  facet normal 0 0 1
    outer loop
      vertex 20.5867 -4.28247 5.15
      vertex 19.4071 -5.0929 5.15
      vertex 19.4933 -5.19124 5.15
    endloop
  endfacet
  facet normal 0 0 1
    outer loop
      vertex 20.2175 -3.9133 5.15
      vertex 19.3088 -5.00665 5.15
      vertex 19.4071 -5.0929 5.15
    endloop
  endfacet
  facet normal 0 0 1
    outer loop
      vertex 19.0827 -4.87613 5.15
      vertex 19.5176 -3.56815 5.15
      vertex 19.261 -3.51711 5.15
    endloop
  endfacet
  facet normal 0 0 1
    outer loop
      vertex 20 -3.76794 5.15
      vertex 19.2 -4.93398 5.15
      vertex 19.3088 -5.00665 5.15
    endloop
  endfacet
  facet normal 0 0 1
    outer loop
      vertex 19.7654 -3.65224 5.15
      vertex 19.0827 -4.87613 5.15
      vertex 19.2 -4.93398 5.15
    endloop
  endfacet
  facet normal 0 0 1
    outer loop
      vertex 18.9588 -4.83408 5.15
      vertex 19.261 -3.51711 5.15
      vertex 19 -3.5 5.15
    endloop
  endfacet
  facet normal 0 0 1
    outer loop
      vertex 19.261 -3.51711 5.15
      vertex 18.9588 -4.83408 5.15
      vertex 19.0827 -4.87613 5.15
    endloop
  endfacet
  facet normal 0 0 1
    outer loop
      vertex 19 -3.5 5.15
      vertex 18.8305 -4.80856 5.15
      vertex 18.9588 -4.83408 5.15
    endloop
  endfacet
  facet normal 0 0 1
    outer loop
      vertex 19 -3.5 5.15
      vertex 18.7 -4.8 5.15
      vertex 18.8305 -4.80856 5.15
    endloop
  endfacet
  facet normal -0 0 1
    outer loop
      vertex 6 -3.5 5.15
      vertex 18.7 -4.8 5.15
      vertex 19 -3.5 5.15
    endloop
  endfacet
  facet normal 0 0 1
    outer loop
      vertex 18.7 -4.8 5.15
      vertex 6 -3.5 5.15
      vertex 6 -4.8 5.15
    endloop
  endfacet
  facet normal -0 0 1
    outer loop
      vertex 19.4933 -72.8088 5.15
      vertex 20.7321 -73.5 5.15
      vertex 19.566 -72.7 5.15
    endloop
  endfacet
  facet normal 0 0 1
    outer loop
      vertex 20.7321 -73.5 5.15
      vertex 19.4933 -72.8088 5.15
      vertex 20.5867 -73.7175 5.15
    endloop
  endfacet
  facet normal -0 0 1
    outer loop
      vertex 19.4071 -72.9071 5.15
      vertex 20.5867 -73.7175 5.15
      vertex 19.4933 -72.8088 5.15
    endloop
  endfacet
  facet normal 0 0 1
    outer loop
      vertex 20.5867 -73.7175 5.15
      vertex 19.4071 -72.9071 5.15
      vertex 20.4142 -73.9142 5.15
    endloop
  endfacet
  facet normal 0 0 1
    outer loop
      vertex 20.4142 -73.9142 5.15
      vertex 19.4071 -72.9071 5.15
      vertex 20.2175 -74.0867 5.15
    endloop
  endfacet
  facet normal -0 0 1
    outer loop
      vertex 19.3088 -72.9933 5.15
      vertex 20.2175 -74.0867 5.15
      vertex 19.4071 -72.9071 5.15
    endloop
  endfacet
  facet normal 0 0 1
    outer loop
      vertex 20.2175 -74.0867 5.15
      vertex 19.3088 -72.9933 5.15
      vertex 20 -74.2321 5.15
    endloop
  endfacet
  facet normal -0 0 1
    outer loop
      vertex 19.2 -73.066 5.15
      vertex 20 -74.2321 5.15
      vertex 19.3088 -72.9933 5.15
    endloop
  endfacet
  facet normal 0 0 1
    outer loop
      vertex 20 -74.2321 5.15
      vertex 19.2 -73.066 5.15
      vertex 19.7654 -74.3478 5.15
    endloop
  endfacet
  facet normal -0 0 1
    outer loop
      vertex 19.0827 -73.1239 5.15
      vertex 19.7654 -74.3478 5.15
      vertex 19.2 -73.066 5.15
    endloop
  endfacet
  facet normal 0 0 1
    outer loop
      vertex 19.7654 -74.3478 5.15
      vertex 19.0827 -73.1239 5.15
      vertex 19.5176 -74.4319 5.15
    endloop
  endfacet
  facet normal 0 0 1
    outer loop
      vertex 19.5176 -74.4319 5.15
      vertex 19.0827 -73.1239 5.15
      vertex 19.261 -74.4829 5.15
    endloop
  endfacet
  facet normal -0 0 1
    outer loop
      vertex 18.9588 -73.1659 5.15
      vertex 19.261 -74.4829 5.15
      vertex 19.0827 -73.1239 5.15
    endloop
  endfacet
  facet normal 0 0 1
    outer loop
      vertex 19.261 -74.4829 5.15
      vertex 18.9588 -73.1659 5.15
      vertex 19 -74.5 5.15
    endloop
  endfacet
  facet normal -0 0 1
    outer loop
      vertex 18.8305 -73.1914 5.15
      vertex 19 -74.5 5.15
      vertex 18.9588 -73.1659 5.15
    endloop
  endfacet
  facet normal -0 0 1
    outer loop
      vertex 18.7 -73.2 5.15
      vertex 19 -74.5 5.15
      vertex 18.8305 -73.1914 5.15
    endloop
  endfacet
  facet normal -0 0 1
    outer loop
      vertex -18.7 -73.2 5.15
      vertex 19 -74.5 5.15
      vertex 18.7 -73.2 5.15
    endloop
  endfacet
  facet normal 0 0 1
    outer loop
      vertex -18.7 -73.2 5.15
      vertex -19 -74.5 5.15
      vertex 19 -74.5 5.15
    endloop
  endfacet
  facet normal 0 0 1
    outer loop
      vertex -18.8305 -73.1914 5.15
      vertex -19 -74.5 5.15
      vertex -18.7 -73.2 5.15
    endloop
  endfacet
  facet normal 0 0 1
    outer loop
      vertex -18.9588 -73.1659 5.15
      vertex -19 -74.5 5.15
      vertex -18.8305 -73.1914 5.15
    endloop
  endfacet
  facet normal 0 0 1
    outer loop
      vertex -19.261 -74.4829 5.15
      vertex -18.9588 -73.1659 5.15
      vertex -19.0827 -73.1239 5.15
    endloop
  endfacet
  facet normal 0 0 1
    outer loop
      vertex -19.7654 -74.3478 5.15
      vertex -19.0827 -73.1239 5.15
      vertex -19.2 -73.066 5.15
    endloop
  endfacet
  facet normal 0 0 1
    outer loop
      vertex -18.9588 -73.1659 5.15
      vertex -19.261 -74.4829 5.15
      vertex -19 -74.5 5.15
    endloop
  endfacet
  facet normal 0 0 1
    outer loop
      vertex -20 -74.2321 5.15
      vertex -19.2 -73.066 5.15
      vertex -19.3088 -72.9933 5.15
    endloop
  endfacet
  facet normal 0 0 1
    outer loop
      vertex -20.2175 -74.0867 5.15
      vertex -19.3088 -72.9933 5.15
      vertex -19.4071 -72.9071 5.15
    endloop
  endfacet
  facet normal 0 0 1
    outer loop
      vertex -20.5867 -73.7175 5.15
      vertex -19.4071 -72.9071 5.15
      vertex -19.4933 -72.8088 5.15
    endloop
  endfacet
  facet normal 0 0 1
    outer loop
      vertex -19.0827 -73.1239 5.15
      vertex -19.5176 -74.4319 5.15
      vertex -19.261 -74.4829 5.15
    endloop
  endfacet
  facet normal 0 0 1
    outer loop
      vertex -20.7321 -73.5 5.15
      vertex -19.4933 -72.8088 5.15
      vertex -19.566 -72.7 5.15
    endloop
  endfacet
  facet normal 0 0 1
    outer loop
      vertex -20.8478 -73.2654 5.15
      vertex -19.566 -72.7 5.15
      vertex -19.6239 -72.5827 5.15
    endloop
  endfacet
  facet normal 0 0 1
    outer loop
      vertex -20.9829 -72.761 5.15
      vertex -19.6239 -72.5827 5.15
      vertex -19.6659 -72.4588 5.15
    endloop
  endfacet
  facet normal 0 0 1
    outer loop
      vertex -21 -72.5 5.15
      vertex -19.6659 -72.4588 5.15
      vertex -19.6914 -72.3305 5.15
    endloop
  endfacet
  facet normal 0 0 1
    outer loop
      vertex -19.0827 -73.1239 5.15
      vertex -19.7654 -74.3478 5.15
      vertex -19.5176 -74.4319 5.15
    endloop
  endfacet
  facet normal 0 0 1
    outer loop
      vertex -21 -72.5 5.15
      vertex -19.6914 -72.3305 5.15
      vertex -19.7 -72.2 5.15
    endloop
  endfacet
  facet normal 0 0 1
    outer loop
      vertex -19.7 -5.8 5.15
      vertex -21 -34 5.15
      vertex -19.7 -72.2 5.15
    endloop
  endfacet
  facet normal -0 0 1
    outer loop
      vertex -20.8478 -4.73463 5.15
      vertex -19.566 -5.3 5.15
      vertex -20.7321 -4.5 5.15
    endloop
  endfacet
  facet normal -0 0 1
    outer loop
      vertex -21 -44 5.15
      vertex -19.7 -72.2 5.15
      vertex -21 -34 5.15
    endloop
  endfacet
  facet normal 0 0 1
    outer loop
      vertex -19.566 -5.3 5.15
      vertex -20.8478 -4.73463 5.15
      vertex -19.6239 -5.41731 5.15
    endloop
  endfacet
  facet normal 0 0 1
    outer loop
      vertex -21 -72.5 5.15
      vertex -19.7 -72.2 5.15
      vertex -21 -44 5.15
    endloop
  endfacet
  facet normal -0 0 1
    outer loop
      vertex -20.9319 -4.98236 5.15
      vertex -19.6239 -5.41731 5.15
      vertex -20.8478 -4.73463 5.15
    endloop
  endfacet
  facet normal 0 0 1
    outer loop
      vertex -19.6659 -72.4588 5.15
      vertex -21 -72.5 5.15
      vertex -20.9829 -72.761 5.15
    endloop
  endfacet
  facet normal -0 0 1
    outer loop
      vertex -20.9829 -5.23895 5.15
      vertex -19.6239 -5.41731 5.15
      vertex -20.9319 -4.98236 5.15
    endloop
  endfacet
  facet normal 0 0 1
    outer loop
      vertex -19.2 -73.066 5.15
      vertex -20 -74.2321 5.15
      vertex -19.7654 -74.3478 5.15
    endloop
  endfacet
  facet normal 0 0 1
    outer loop
      vertex -19.6239 -5.41731 5.15
      vertex -20.9829 -5.23895 5.15
      vertex -19.6659 -5.54118 5.15
    endloop
  endfacet
  facet normal 0 0 1
    outer loop
      vertex -19.3088 -72.9933 5.15
      vertex -20.2175 -74.0867 5.15
      vertex -20 -74.2321 5.15
    endloop
  endfacet
  facet normal -0 0 1
    outer loop
      vertex -21 -5.5 5.15
      vertex -19.6659 -5.54118 5.15
      vertex -20.9829 -5.23895 5.15
    endloop
  endfacet
  facet normal 0 0 1
    outer loop
      vertex -19.4071 -72.9071 5.15
      vertex -20.4142 -73.9142 5.15
      vertex -20.2175 -74.0867 5.15
    endloop
  endfacet
  facet normal 0 0 1
    outer loop
      vertex -19.6659 -5.54118 5.15
      vertex -21 -5.5 5.15
      vertex -19.6914 -5.66948 5.15
    endloop
  endfacet
  facet normal 0 0 1
    outer loop
      vertex -19.4071 -72.9071 5.15
      vertex -20.5867 -73.7175 5.15
      vertex -20.4142 -73.9142 5.15
    endloop
  endfacet
  facet normal 0 0 1
    outer loop
      vertex -19.6914 -5.66948 5.15
      vertex -21 -5.5 5.15
      vertex -19.7 -5.8 5.15
    endloop
  endfacet
  facet normal 0 0 1
    outer loop
      vertex -19.4933 -72.8088 5.15
      vertex -20.7321 -73.5 5.15
      vertex -20.5867 -73.7175 5.15
    endloop
  endfacet
  facet normal 0 0 1
    outer loop
      vertex -19.7 -5.8 5.15
      vertex -21 -5.5 5.15
      vertex -21 -34 5.15
    endloop
  endfacet
  facet normal 0 0 1
    outer loop
      vertex -19.566 -72.7 5.15
      vertex -20.8478 -73.2654 5.15
      vertex -20.7321 -73.5 5.15
    endloop
  endfacet
  facet normal 0 0 1
    outer loop
      vertex -19.6239 -72.5827 5.15
      vertex -20.9319 -73.0176 5.15
      vertex -20.8478 -73.2654 5.15
    endloop
  endfacet
  facet normal 0 0 1
    outer loop
      vertex -19.6239 -72.5827 5.15
      vertex -20.9829 -72.761 5.15
      vertex -20.9319 -73.0176 5.15
    endloop
  endfacet
  facet normal -0.896883 0.442268 -3.13251e-19
    outer loop
      vertex -20.8478 -4.73463 2.2
      vertex -20.7321 -4.5 5.15
      vertex -20.7321 -4.5 2.2
    endloop
  endfacet
  facet normal -0.896883 0.442268 -3.13251e-19
    outer loop
      vertex -20.7321 -4.5 5.15
      vertex -20.8478 -4.73463 2.2
      vertex -20.8478 -4.73463 5.15
    endloop
  endfacet
  facet normal -0.555653 0.831415 0
    outer loop
      vertex -20 -3.76794 2.2
      vertex -20.2175 -3.9133 5.15
      vertex -20 -3.76794 5.15
    endloop
  endfacet
  facet normal -0.555653 0.831415 0
    outer loop
      vertex -20.2175 -3.9133 5.15
      vertex -20 -3.76794 2.2
      vertex -20.2175 -3.9133 2.2
    endloop
  endfacet
  facet normal -0.946922 0.321463 1.427e-18
    outer loop
      vertex -20.9319 -4.98236 2.2
      vertex -20.8478 -4.73463 5.15
      vertex -20.8478 -4.73463 2.2
    endloop
  endfacet
  facet normal -0.946922 0.321463 1.427e-18
    outer loop
      vertex -20.8478 -4.73463 5.15
      vertex -20.9319 -4.98236 2.2
      vertex -20.9319 -4.98236 5.15
    endloop
  endfacet
  facet normal 0.980814 0.194947 5.43969e-19
    outer loop
      vertex 20.9829 -5.23895 5.15
      vertex 20.9319 -4.98236 2.2
      vertex 20.9319 -4.98236 5.15
    endloop
  endfacet
  facet normal 0.980814 0.194947 5.43969e-19
    outer loop
      vertex 20.9319 -4.98236 2.2
      vertex 20.9829 -5.23895 5.15
      vertex 20.9829 -5.23895 2.2
    endloop
  endfacet
  facet normal -0.659343 -0.751842 0
    outer loop
      vertex -20.4142 -73.9142 2.2
      vertex -20.2175 -74.0867 5.15
      vertex -20.4142 -73.9142 5.15
    endloop
  endfacet
  facet normal -0.659343 -0.751842 -0
    outer loop
      vertex -20.2175 -74.0867 5.15
      vertex -20.4142 -73.9142 2.2
      vertex -20.2175 -74.0867 2.2
    endloop
  endfacet
  facet normal -0.0653771 -0.997861 0
    outer loop
      vertex -19.261 -74.4829 2.2
      vertex -19 -74.5 5.15
      vertex -19.261 -74.4829 5.15
    endloop
  endfacet
  facet normal -0.0653771 -0.997861 -0
    outer loop
      vertex -19 -74.5 5.15
      vertex -19.261 -74.4829 2.2
      vertex -19 -74.5 2.2
    endloop
  endfacet
  facet normal -0.555758 -0.831344 0
    outer loop
      vertex -20.2175 -74.0867 2.2
      vertex -20 -74.2321 5.15
      vertex -20.2175 -74.0867 5.15
    endloop
  endfacet
  facet normal -0.555758 -0.831344 -0
    outer loop
      vertex -20 -74.2321 5.15
      vertex -20.2175 -74.0867 2.2
      vertex -20 -74.2321 2.2
    endloop
  endfacet
  facet normal -0.442314 0.89686 0
    outer loop
      vertex -19.7654 -3.65224 2.2
      vertex -20 -3.76794 5.15
      vertex -19.7654 -3.65224 5.15
    endloop
  endfacet
  facet normal -0.442314 0.89686 0
    outer loop
      vertex -20 -3.76794 5.15
      vertex -19.7654 -3.65224 2.2
      vertex -20 -3.76794 2.2
    endloop
  endfacet
  facet normal -0.442314 -0.89686 0
    outer loop
      vertex -20 -74.2321 2.2
      vertex -19.7654 -74.3478 5.15
      vertex -20 -74.2321 5.15
    endloop
  endfacet
  facet normal -0.442314 -0.89686 -0
    outer loop
      vertex -19.7654 -74.3478 5.15
      vertex -20 -74.2321 2.2
      vertex -19.7654 -74.3478 2.2
    endloop
  endfacet
  facet normal -0.89686 -0.442314 1.83789e-18
    outer loop
      vertex -20.7321 -73.5 2.2
      vertex -20.8478 -73.2654 5.15
      vertex -20.8478 -73.2654 2.2
    endloop
  endfacet
  facet normal -0.89686 -0.442314 1.83789e-18
    outer loop
      vertex -20.8478 -73.2654 5.15
      vertex -20.7321 -73.5 2.2
      vertex -20.7321 -73.5 5.15
    endloop
  endfacet
  facet normal 0.751826 0.659362 2.95304e-19
    outer loop
      vertex 20.5867 -4.28247 5.15
      vertex 20.4142 -4.08578 2.2
      vertex 20.4142 -4.08578 5.15
    endloop
  endfacet
  facet normal 0.751826 0.659362 2.95304e-19
    outer loop
      vertex 20.4142 -4.08578 2.2
      vertex 20.5867 -4.28247 5.15
      vertex 20.5867 -4.28247 2.2
    endloop
  endfacet
  facet normal -0.321382 -0.94695 0
    outer loop
      vertex -19.7654 -74.3478 2.2
      vertex -19.5176 -74.4319 5.15
      vertex -19.7654 -74.3478 5.15
    endloop
  endfacet
  facet normal -0.321382 -0.94695 -0
    outer loop
      vertex -19.5176 -74.4319 5.15
      vertex -19.7654 -74.3478 2.2
      vertex -19.5176 -74.4319 2.2
    endloop
  endfacet
  facet normal 0.831379 0.555705 -3.06787e-18
    outer loop
      vertex 20.7321 -4.5 5.15
      vertex 20.5867 -4.28247 2.2
      vertex 20.5867 -4.28247 5.15
    endloop
  endfacet
  facet normal 0.831379 0.555705 -3.06787e-18
    outer loop
      vertex 20.5867 -4.28247 2.2
      vertex 20.7321 -4.5 5.15
      vertex 20.7321 -4.5 2.2
    endloop
  endfacet
  facet normal 0.6593 0.75188 -0
    outer loop
      vertex 20.4142 -4.08578 2.2
      vertex 20.2175 -3.9133 5.15
      vertex 20.4142 -4.08578 5.15
    endloop
  endfacet
  facet normal 0.6593 0.75188 0
    outer loop
      vertex 20.2175 -3.9133 5.15
      vertex 20.4142 -4.08578 2.2
      vertex 20.2175 -3.9133 2.2
    endloop
  endfacet
  facet normal -0.94695 -0.321382 1.2383e-18
    outer loop
      vertex -20.8478 -73.2654 2.2
      vertex -20.9319 -73.0176 5.15
      vertex -20.9319 -73.0176 2.2
    endloop
  endfacet
  facet normal -0.94695 -0.321382 1.2383e-18
    outer loop
      vertex -20.9319 -73.0176 5.15
      vertex -20.8478 -73.2654 2.2
      vertex -20.8478 -73.2654 5.15
    endloop
  endfacet
  facet normal -0.831379 0.555705 3.06787e-18
    outer loop
      vertex -20.7321 -4.5 2.2
      vertex -20.5867 -4.28247 5.15
      vertex -20.5867 -4.28247 2.2
    endloop
  endfacet
  facet normal -0.831379 0.555705 3.06787e-18
    outer loop
      vertex -20.5867 -4.28247 5.15
      vertex -20.7321 -4.5 2.2
      vertex -20.7321 -4.5 5.15
    endloop
  endfacet
  facet normal 0.321382 -0.94695 0
    outer loop
      vertex 19.5176 -74.4319 2.2
      vertex 19.7654 -74.3478 5.15
      vertex 19.5176 -74.4319 5.15
    endloop
  endfacet
  facet normal 0.321382 -0.94695 0
    outer loop
      vertex 19.7654 -74.3478 5.15
      vertex 19.5176 -74.4319 2.2
      vertex 19.7654 -74.3478 2.2
    endloop
  endfacet
  facet normal -0.6593 0.75188 0
    outer loop
      vertex -20.2175 -3.9133 2.2
      vertex -20.4142 -4.08578 5.15
      vertex -20.2175 -3.9133 5.15
    endloop
  endfacet
  facet normal -0.6593 0.75188 0
    outer loop
      vertex -20.4142 -4.08578 5.15
      vertex -20.2175 -3.9133 2.2
      vertex -20.4142 -4.08578 2.2
    endloop
  endfacet
  facet normal -0.831344 -0.555758 -2.35856e-18
    outer loop
      vertex -20.5867 -73.7175 2.2
      vertex -20.7321 -73.5 5.15
      vertex -20.7321 -73.5 2.2
    endloop
  endfacet
  facet normal -0.831344 -0.555758 -2.35856e-18
    outer loop
      vertex -20.7321 -73.5 5.15
      vertex -20.5867 -73.7175 2.2
      vertex -20.5867 -73.7175 5.15
    endloop
  endfacet
  facet normal -0.321348 0.946961 0
    outer loop
      vertex -19.5176 -3.56815 2.2
      vertex -19.7654 -3.65224 5.15
      vertex -19.5176 -3.56815 5.15
    endloop
  endfacet
  facet normal -0.321348 0.946961 0
    outer loop
      vertex -19.7654 -3.65224 5.15
      vertex -19.5176 -3.56815 2.2
      vertex -19.7654 -3.65224 2.2
    endloop
  endfacet
  facet normal 0.997861 -0.0653771 -6.58565e-20
    outer loop
      vertex 20.9829 -72.761 5.15
      vertex 21 -72.5 2.2
      vertex 21 -72.5 5.15
    endloop
  endfacet
  facet normal 0.997861 -0.0653771 -6.58565e-20
    outer loop
      vertex 21 -72.5 2.2
      vertex 20.9829 -72.761 5.15
      vertex 20.9829 -72.761 2.2
    endloop
  endfacet
  facet normal -0.980815 -0.19494 -3.80175e-19
    outer loop
      vertex -20.9319 -73.0176 2.2
      vertex -20.9829 -72.761 5.15
      vertex -20.9829 -72.761 2.2
    endloop
  endfacet
  facet normal -0.980815 -0.19494 -3.80175e-19
    outer loop
      vertex -20.9829 -72.761 5.15
      vertex -20.9319 -73.0176 2.2
      vertex -20.9319 -73.0176 5.15
    endloop
  endfacet
  facet normal 0.980815 -0.19494 3.80175e-19
    outer loop
      vertex 20.9319 -73.0176 5.15
      vertex 20.9829 -72.761 2.2
      vertex 20.9829 -72.761 5.15
    endloop
  endfacet
  facet normal 0.980815 -0.19494 3.80175e-19
    outer loop
      vertex 20.9829 -72.761 2.2
      vertex 20.9319 -73.0176 5.15
      vertex 20.9319 -73.0176 2.2
    endloop
  endfacet
  facet normal 0.321348 0.946961 -0
    outer loop
      vertex 19.7654 -3.65224 2.2
      vertex 19.5176 -3.56815 5.15
      vertex 19.7654 -3.65224 5.15
    endloop
  endfacet
  facet normal 0.321348 0.946961 0
    outer loop
      vertex 19.5176 -3.56815 5.15
      vertex 19.7654 -3.65224 2.2
      vertex 19.5176 -3.56815 2.2
    endloop
  endfacet
  facet normal 0.831344 -0.555758 2.35856e-18
    outer loop
      vertex 20.5867 -73.7175 5.15
      vertex 20.7321 -73.5 2.2
      vertex 20.7321 -73.5 5.15
    endloop
  endfacet
  facet normal 0.831344 -0.555758 2.35856e-18
    outer loop
      vertex 20.7321 -73.5 2.2
      vertex 20.5867 -73.7175 5.15
      vertex 20.5867 -73.7175 2.2
    endloop
  endfacet
  facet normal 0.442314 -0.89686 0
    outer loop
      vertex 19.7654 -74.3478 2.2
      vertex 20 -74.2321 5.15
      vertex 19.7654 -74.3478 5.15
    endloop
  endfacet
  facet normal 0.442314 -0.89686 0
    outer loop
      vertex 20 -74.2321 5.15
      vertex 19.7654 -74.3478 2.2
      vertex 20 -74.2321 2.2
    endloop
  endfacet
  facet normal 0.19494 -0.980815 0
    outer loop
      vertex 19.261 -74.4829 2.2
      vertex 19.5176 -74.4319 5.15
      vertex 19.261 -74.4829 5.15
    endloop
  endfacet
  facet normal 0.19494 -0.980815 0
    outer loop
      vertex 19.5176 -74.4319 5.15
      vertex 19.261 -74.4829 2.2
      vertex 19.5176 -74.4319 2.2
    endloop
  endfacet
  facet normal 0.0654151 0.997858 -0
    outer loop
      vertex 19.261 -3.51711 2.2
      vertex 19 -3.5 5.15
      vertex 19.261 -3.51711 5.15
    endloop
  endfacet
  facet normal 0.0654151 0.997858 0
    outer loop
      vertex 19 -3.5 5.15
      vertex 19.261 -3.51711 2.2
      vertex 19 -3.5 2.2
    endloop
  endfacet
  facet normal 0.555758 -0.831344 0
    outer loop
      vertex 20 -74.2321 2.2
      vertex 20.2175 -74.0867 5.15
      vertex 20 -74.2321 5.15
    endloop
  endfacet
  facet normal 0.555758 -0.831344 0
    outer loop
      vertex 20.2175 -74.0867 5.15
      vertex 20 -74.2321 2.2
      vertex 20.2175 -74.0867 2.2
    endloop
  endfacet
  facet normal 0.896883 0.442268 3.13251e-19
    outer loop
      vertex 20.8478 -4.73463 5.15
      vertex 20.7321 -4.5 2.2
      vertex 20.7321 -4.5 5.15
    endloop
  endfacet
  facet normal 0.896883 0.442268 3.13251e-19
    outer loop
      vertex 20.7321 -4.5 2.2
      vertex 20.8478 -4.73463 5.15
      vertex 20.8478 -4.73463 2.2
    endloop
  endfacet
  facet normal 0.89686 -0.442314 -1.83789e-18
    outer loop
      vertex 20.7321 -73.5 5.15
      vertex 20.8478 -73.2654 2.2
      vertex 20.8478 -73.2654 5.15
    endloop
  endfacet
  facet normal 0.89686 -0.442314 -1.83789e-18
    outer loop
      vertex 20.8478 -73.2654 2.2
      vertex 20.7321 -73.5 5.15
      vertex 20.7321 -73.5 2.2
    endloop
  endfacet
  facet normal -0.980815 0.19494 5.32065e-19
    outer loop
      vertex 19.6659 -72.4588 2.8
      vertex 19.6914 -72.3305 5.15
      vertex 19.6914 -72.3305 2.8
    endloop
  endfacet
  facet normal -0.980815 0.19494 5.32065e-19
    outer loop
      vertex 19.6914 -72.3305 5.15
      vertex 19.6659 -72.4588 2.8
      vertex 19.6659 -72.4588 5.15
    endloop
  endfacet
  facet normal -0.321039 0.947066 0
    outer loop
      vertex 19.0827 -73.1239 2.8
      vertex 18.9588 -73.1659 5.15
      vertex 19.0827 -73.1239 5.15
    endloop
  endfacet
  facet normal -0.321039 0.947066 0
    outer loop
      vertex 18.9588 -73.1659 5.15
      vertex 19.0827 -73.1239 2.8
      vertex 18.9588 -73.1659 2.8
    endloop
  endfacet
  facet normal -0.896709 0.442621 3.10595e-22
    outer loop
      vertex 19.566 -72.7 2.8
      vertex 19.6239 -72.5827 5.15
      vertex 19.6239 -72.5827 2.8
    endloop
  endfacet
  facet normal -0.896709 0.442621 3.10595e-22
    outer loop
      vertex 19.6239 -72.5827 5.15
      vertex 19.566 -72.7 2.8
      vertex 19.566 -72.7 5.15
    endloop
  endfacet
  facet normal 0 1 -0
    outer loop
      vertex 18.7 -73.2 2.8
      vertex -18.7 -73.2 5.15
      vertex 18.7 -73.2 5.15
    endloop
  endfacet
  facet normal 0 1 0
    outer loop
      vertex -18.7 -73.2 5.15
      vertex 18.7 -73.2 2.8
      vertex -18.7 -73.2 2.8
    endloop
  endfacet
  facet normal -0.19494 0.980815 0
    outer loop
      vertex 18.9588 -73.1659 2.8
      vertex 18.8305 -73.1914 5.15
      vertex 18.9588 -73.1659 5.15
    endloop
  endfacet
  facet normal -0.19494 0.980815 0
    outer loop
      vertex 18.8305 -73.1914 5.15
      vertex 18.9588 -73.1659 2.8
      vertex 18.8305 -73.1914 2.8
    endloop
  endfacet
  facet normal 0.947042 -0.321109 1.98775e-19
    outer loop
      vertex -19.6659 -5.54118 5.15
      vertex -19.6239 -5.41731 2.8
      vertex -19.6239 -5.41731 5.15
    endloop
  endfacet
  facet normal 0.947042 -0.321109 1.98775e-19
    outer loop
      vertex -19.6239 -5.41731 2.8
      vertex -19.6659 -5.54118 5.15
      vertex -19.6659 -5.54118 2.8
    endloop
  endfacet
  facet normal -0.0657577 0.997836 0
    outer loop
      vertex 18.8305 -73.1914 2.8
      vertex 18.7 -73.2 5.15
      vertex 18.8305 -73.1914 5.15
    endloop
  endfacet
  facet normal -0.0657577 0.997836 0
    outer loop
      vertex 18.7 -73.2 5.15
      vertex 18.8305 -73.1914 2.8
      vertex 18.7 -73.2 2.8
    endloop
  endfacet
  facet normal 0.831462 0.555582 -1.90199e-18
    outer loop
      vertex -19.4933 -72.8088 5.15
      vertex -19.566 -72.7 2.8
      vertex -19.566 -72.7 5.15
    endloop
  endfacet
  facet normal 0.831462 0.555582 -1.90199e-18
    outer loop
      vertex -19.566 -72.7 2.8
      vertex -19.4933 -72.8088 5.15
      vertex -19.4933 -72.8088 2.8
    endloop
  endfacet
  facet normal 0.751866 0.659316 1.00178e-18
    outer loop
      vertex -19.4071 -72.9071 5.15
      vertex -19.4933 -72.8088 2.8
      vertex -19.4933 -72.8088 5.15
    endloop
  endfacet
  facet normal 0.751866 0.659316 1.00178e-18
    outer loop
      vertex -19.4933 -72.8088 2.8
      vertex -19.4071 -72.9071 5.15
      vertex -19.4071 -72.9071 2.8
    endloop
  endfacet
  facet normal 0.442621 0.896709 -0
    outer loop
      vertex -19.0827 -73.1239 2.8
      vertex -19.2 -73.066 5.15
      vertex -19.0827 -73.1239 5.15
    endloop
  endfacet
  facet normal 0.442621 0.896709 0
    outer loop
      vertex -19.2 -73.066 5.15
      vertex -19.0827 -73.1239 2.8
      vertex -19.2 -73.066 2.8
    endloop
  endfacet
  facet normal 0.0654532 -0.997856 0
    outer loop
      vertex -18.8305 -4.80856 2.8
      vertex -18.7 -4.8 5.15
      vertex -18.8305 -4.80856 5.15
    endloop
  endfacet
  facet normal 0.0654532 -0.997856 0
    outer loop
      vertex -18.7 -4.8 5.15
      vertex -18.8305 -4.80856 2.8
      vertex -18.7 -4.8 2.8
    endloop
  endfacet
  facet normal -1 0 0
    outer loop
      vertex 19.7 -72.2 2.8
      vertex 19.7 -5.8 5.15
      vertex 19.7 -5.8 2.8
    endloop
  endfacet
  facet normal -1 -0 0
    outer loop
      vertex 19.7 -5.8 5.15
      vertex 19.7 -72.2 2.8
      vertex 19.7 -72.2 5.15
    endloop
  endfacet
  facet normal 1 -0 0
    outer loop
      vertex -19.7 -72.2 5.15
      vertex -19.7 -5.8 2.8
      vertex -19.7 -5.8 5.15
    endloop
  endfacet
  facet normal 1 0 0
    outer loop
      vertex -19.7 -5.8 2.8
      vertex -19.7 -72.2 5.15
      vertex -19.7 -72.2 2.8
    endloop
  endfacet
  facet normal 0.442314 -0.89686 0
    outer loop
      vertex -19.2 -4.93398 2.8
      vertex -19.0827 -4.87613 5.15
      vertex -19.2 -4.93398 5.15
    endloop
  endfacet
  facet normal 0.442314 -0.89686 0
    outer loop
      vertex -19.0827 -4.87613 5.15
      vertex -19.2 -4.93398 2.8
      vertex -19.0827 -4.87613 2.8
    endloop
  endfacet
  facet normal -0.831462 0.555582 1.90199e-18
    outer loop
      vertex 19.4933 -72.8088 2.8
      vertex 19.566 -72.7 5.15
      vertex 19.566 -72.7 2.8
    endloop
  endfacet
  facet normal -0.831462 0.555582 1.90199e-18
    outer loop
      vertex 19.566 -72.7 5.15
      vertex 19.4933 -72.8088 2.8
      vertex 19.4933 -72.8088 5.15
    endloop
  endfacet
  facet normal 0.659533 -0.751676 0
    outer loop
      vertex -19.4071 -5.0929 2.8
      vertex -19.3088 -5.00665 5.15
      vertex -19.4071 -5.0929 5.15
    endloop
  endfacet
  facet normal 0.659533 -0.751676 0
    outer loop
      vertex -19.3088 -5.00665 5.15
      vertex -19.4071 -5.0929 2.8
      vertex -19.3088 -5.00665 2.8
    endloop
  endfacet
  facet normal -0.321382 -0.94695 0
    outer loop
      vertex 18.9588 -4.83408 2.8
      vertex 19.0827 -4.87613 5.15
      vertex 18.9588 -4.83408 5.15
    endloop
  endfacet
  facet normal -0.321382 -0.94695 -0
    outer loop
      vertex 19.0827 -4.87613 5.15
      vertex 18.9588 -4.83408 2.8
      vertex 19.0827 -4.87613 2.8
    endloop
  endfacet
  facet normal 0.980815 -0.19494 7.0136e-19
    outer loop
      vertex -19.6914 -5.66948 5.15
      vertex -19.6659 -5.54118 2.8
      vertex -19.6659 -5.54118 5.15
    endloop
  endfacet
  facet normal 0.980815 -0.19494 7.0136e-19
    outer loop
      vertex -19.6659 -5.54118 2.8
      vertex -19.6914 -5.66948 5.15
      vertex -19.6914 -5.66948 2.8
    endloop
  endfacet
  facet normal -0.997836 -0.0657477 6.24297e-20
    outer loop
      vertex 19.7 -5.8 2.8
      vertex 19.6914 -5.66948 5.15
      vertex 19.6914 -5.66948 2.8
    endloop
  endfacet
  facet normal -0.997836 -0.0657477 6.24297e-20
    outer loop
      vertex 19.6914 -5.66948 5.15
      vertex 19.7 -5.8 2.8
      vertex 19.7 -5.8 5.15
    endloop
  endfacet
  facet normal 0 -1 0
    outer loop
      vertex -18.7 -4.8 2.8
      vertex -6 -4.8 5.15
      vertex -18.7 -4.8 5.15
    endloop
  endfacet
  facet normal 0 -1 -0
    outer loop
      vertex -6 -4.8 5.15
      vertex -18.7 -4.8 2.8
      vertex -6 -4.8 2.8
    endloop
  endfacet
  facet normal 0 -1 0
    outer loop
      vertex 6 -4.8 2.8
      vertex 18.7 -4.8 5.15
      vertex 6 -4.8 5.15
    endloop
  endfacet
  facet normal 0 -1 -0
    outer loop
      vertex 18.7 -4.8 5.15
      vertex 6 -4.8 2.8
      vertex 18.7 -4.8 2.8
    endloop
  endfacet
  facet normal -0.659316 0.751866 0
    outer loop
      vertex 19.4071 -72.9071 2.8
      vertex 19.3088 -72.9933 5.15
      vertex 19.4071 -72.9071 5.15
    endloop
  endfacet
  facet normal -0.659316 0.751866 0
    outer loop
      vertex 19.3088 -72.9933 5.15
      vertex 19.4071 -72.9071 2.8
      vertex 19.3088 -72.9933 2.8
    endloop
  endfacet
  facet normal 0.321382 -0.94695 0
    outer loop
      vertex -19.0827 -4.87613 2.8
      vertex -18.9588 -4.83408 5.15
      vertex -19.0827 -4.87613 5.15
    endloop
  endfacet
  facet normal 0.321382 -0.94695 0
    outer loop
      vertex -18.9588 -4.83408 5.15
      vertex -19.0827 -4.87613 2.8
      vertex -18.9588 -4.83408 2.8
    endloop
  endfacet
  facet normal 0.896724 -0.442591 2.64165e-19
    outer loop
      vertex -19.6239 -5.41731 5.15
      vertex -19.566 -5.3 2.8
      vertex -19.566 -5.3 5.15
    endloop
  endfacet
  facet normal 0.896724 -0.442591 2.64165e-19
    outer loop
      vertex -19.566 -5.3 2.8
      vertex -19.6239 -5.41731 5.15
      vertex -19.6239 -5.41731 2.8
    endloop
  endfacet
  facet normal 0.831368 -0.555723 -2.19286e-18
    outer loop
      vertex -19.566 -5.3 5.15
      vertex -19.4933 -5.19124 2.8
      vertex -19.4933 -5.19124 5.15
    endloop
  endfacet
  facet normal 0.831368 -0.555723 -2.19286e-18
    outer loop
      vertex -19.4933 -5.19124 2.8
      vertex -19.566 -5.3 5.15
      vertex -19.566 -5.3 2.8
    endloop
  endfacet
  facet normal 0.555423 -0.831568 0
    outer loop
      vertex -19.3088 -5.00665 2.8
      vertex -19.2 -4.93398 5.15
      vertex -19.3088 -5.00665 5.15
    endloop
  endfacet
  facet normal 0.555423 -0.831568 0
    outer loop
      vertex -19.2 -4.93398 5.15
      vertex -19.3088 -5.00665 2.8
      vertex -19.2 -4.93398 2.8
    endloop
  endfacet
  facet normal 0.19494 0.980815 -0
    outer loop
      vertex -18.8305 -73.1914 2.8
      vertex -18.9588 -73.1659 5.15
      vertex -18.8305 -73.1914 5.15
    endloop
  endfacet
  facet normal 0.19494 0.980815 0
    outer loop
      vertex -18.9588 -73.1659 5.15
      vertex -18.8305 -73.1914 2.8
      vertex -18.9588 -73.1659 2.8
    endloop
  endfacet
  facet normal 0.751998 -0.659165 -1.37019e-18
    outer loop
      vertex -19.4933 -5.19124 5.15
      vertex -19.4071 -5.0929 2.8
      vertex -19.4071 -5.0929 5.15
    endloop
  endfacet
  facet normal 0.751998 -0.659165 -1.37019e-18
    outer loop
      vertex -19.4071 -5.0929 2.8
      vertex -19.4933 -5.19124 5.15
      vertex -19.4933 -5.19124 2.8
    endloop
  endfacet
  facet normal 0.980815 0.19494 -5.32065e-19
    outer loop
      vertex -19.6659 -72.4588 5.15
      vertex -19.6914 -72.3305 2.8
      vertex -19.6914 -72.3305 5.15
    endloop
  endfacet
  facet normal 0.980815 0.19494 -5.32065e-19
    outer loop
      vertex -19.6914 -72.3305 2.8
      vertex -19.6659 -72.4588 5.15
      vertex -19.6659 -72.4588 2.8
    endloop
  endfacet
  facet normal 0.195087 -0.980786 0
    outer loop
      vertex -18.9588 -4.83408 2.8
      vertex -18.8305 -4.80856 5.15
      vertex -18.9588 -4.83408 5.15
    endloop
  endfacet
  facet normal 0.195087 -0.980786 0
    outer loop
      vertex -18.8305 -4.80856 5.15
      vertex -18.9588 -4.83408 2.8
      vertex -18.8305 -4.80856 2.8
    endloop
  endfacet
  facet normal -0.947066 0.321039 -5.03618e-19
    outer loop
      vertex 19.6239 -72.5827 2.8
      vertex 19.6659 -72.4588 5.15
      vertex 19.6659 -72.4588 2.8
    endloop
  endfacet
  facet normal -0.947066 0.321039 -5.03618e-19
    outer loop
      vertex 19.6659 -72.4588 5.15
      vertex 19.6239 -72.5827 2.8
      vertex 19.6239 -72.5827 5.15
    endloop
  endfacet
  facet normal -0.980815 -0.19494 -7.0136e-19
    outer loop
      vertex 19.6914 -5.66948 2.8
      vertex 19.6659 -5.54118 5.15
      vertex 19.6659 -5.54118 2.8
    endloop
  endfacet
  facet normal -0.980815 -0.19494 -7.0136e-19
    outer loop
      vertex 19.6659 -5.54118 5.15
      vertex 19.6914 -5.66948 2.8
      vertex 19.6914 -5.66948 5.15
    endloop
  endfacet
  facet normal -0.659533 -0.751676 0
    outer loop
      vertex 19.3088 -5.00665 2.8
      vertex 19.4071 -5.0929 5.15
      vertex 19.3088 -5.00665 5.15
    endloop
  endfacet
  facet normal -0.659533 -0.751676 -0
    outer loop
      vertex 19.4071 -5.0929 5.15
      vertex 19.3088 -5.00665 2.8
      vertex 19.4071 -5.0929 2.8
    endloop
  endfacet
  facet normal -0.442314 -0.89686 0
    outer loop
      vertex 19.0827 -4.87613 2.8
      vertex 19.2 -4.93398 5.15
      vertex 19.0827 -4.87613 5.15
    endloop
  endfacet
  facet normal -0.442314 -0.89686 -0
    outer loop
      vertex 19.2 -4.93398 5.15
      vertex 19.0827 -4.87613 2.8
      vertex 19.2 -4.93398 2.8
    endloop
  endfacet
  facet normal 0.659316 0.751866 -0
    outer loop
      vertex -19.3088 -72.9933 2.8
      vertex -19.4071 -72.9071 5.15
      vertex -19.3088 -72.9933 5.15
    endloop
  endfacet
  facet normal 0.659316 0.751866 0
    outer loop
      vertex -19.4071 -72.9071 5.15
      vertex -19.3088 -72.9933 2.8
      vertex -19.4071 -72.9071 2.8
    endloop
  endfacet
  facet normal 0.555582 0.831462 -0
    outer loop
      vertex -19.2 -73.066 2.8
      vertex -19.3088 -72.9933 5.15
      vertex -19.2 -73.066 5.15
    endloop
  endfacet
  facet normal 0.555582 0.831462 0
    outer loop
      vertex -19.3088 -72.9933 5.15
      vertex -19.2 -73.066 2.8
      vertex -19.3088 -72.9933 2.8
    endloop
  endfacet
  facet normal 0.0657577 0.997836 -0
    outer loop
      vertex -18.7 -73.2 2.8
      vertex -18.8305 -73.1914 5.15
      vertex -18.7 -73.2 5.15
    endloop
  endfacet
  facet normal 0.0657577 0.997836 0
    outer loop
      vertex -18.8305 -73.1914 5.15
      vertex -18.7 -73.2 2.8
      vertex -18.8305 -73.1914 2.8
    endloop
  endfacet
  facet normal 0.321039 0.947066 -0
    outer loop
      vertex -18.9588 -73.1659 2.8
      vertex -19.0827 -73.1239 5.15
      vertex -18.9588 -73.1659 5.15
    endloop
  endfacet
  facet normal 0.321039 0.947066 0
    outer loop
      vertex -19.0827 -73.1239 5.15
      vertex -18.9588 -73.1659 2.8
      vertex -19.0827 -73.1239 2.8
    endloop
  endfacet
  facet normal -0.831368 -0.555723 2.19286e-18
    outer loop
      vertex 19.566 -5.3 2.8
      vertex 19.4933 -5.19124 5.15
      vertex 19.4933 -5.19124 2.8
    endloop
  endfacet
  facet normal -0.831368 -0.555723 2.19286e-18
    outer loop
      vertex 19.4933 -5.19124 5.15
      vertex 19.566 -5.3 2.8
      vertex 19.566 -5.3 5.15
    endloop
  endfacet
  facet normal 0.997836 -0.0657477 -6.24297e-20
    outer loop
      vertex -19.7 -5.8 5.15
      vertex -19.6914 -5.66948 2.8
      vertex -19.6914 -5.66948 5.15
    endloop
  endfacet
  facet normal 0.997836 -0.0657477 -6.24297e-20
    outer loop
      vertex -19.6914 -5.66948 2.8
      vertex -19.7 -5.8 5.15
      vertex -19.7 -5.8 2.8
    endloop
  endfacet
  facet normal -0.896724 -0.442591 -2.64165e-19
    outer loop
      vertex 19.6239 -5.41731 2.8
      vertex 19.566 -5.3 5.15
      vertex 19.566 -5.3 2.8
    endloop
  endfacet
  facet normal -0.896724 -0.442591 -2.64165e-19
    outer loop
      vertex 19.566 -5.3 5.15
      vertex 19.6239 -5.41731 2.8
      vertex 19.6239 -5.41731 5.15
    endloop
  endfacet
  facet normal -0.947042 -0.321109 -1.98775e-19
    outer loop
      vertex 19.6659 -5.54118 2.8
      vertex 19.6239 -5.41731 5.15
      vertex 19.6239 -5.41731 2.8
    endloop
  endfacet
  facet normal -0.947042 -0.321109 -1.98775e-19
    outer loop
      vertex 19.6239 -5.41731 5.15
      vertex 19.6659 -5.54118 2.8
      vertex 19.6659 -5.54118 5.15
    endloop
  endfacet
  facet normal 0.997836 0.0657577 2.58645e-20
    outer loop
      vertex -19.6914 -72.3305 5.15
      vertex -19.7 -72.2 2.8
      vertex -19.7 -72.2 5.15
    endloop
  endfacet
  facet normal 0.997836 0.0657577 2.58645e-20
    outer loop
      vertex -19.7 -72.2 2.8
      vertex -19.6914 -72.3305 5.15
      vertex -19.6914 -72.3305 2.8
    endloop
  endfacet
  facet normal -0.751998 -0.659165 1.37019e-18
    outer loop
      vertex 19.4933 -5.19124 2.8
      vertex 19.4071 -5.0929 5.15
      vertex 19.4071 -5.0929 2.8
    endloop
  endfacet
  facet normal -0.751998 -0.659165 1.37019e-18
    outer loop
      vertex 19.4071 -5.0929 5.15
      vertex 19.4933 -5.19124 2.8
      vertex 19.4933 -5.19124 5.15
    endloop
  endfacet
  facet normal -0.751866 0.659316 -1.00178e-18
    outer loop
      vertex 19.4071 -72.9071 2.8
      vertex 19.4933 -72.8088 5.15
      vertex 19.4933 -72.8088 2.8
    endloop
  endfacet
  facet normal -0.751866 0.659316 -1.00178e-18
    outer loop
      vertex 19.4933 -72.8088 5.15
      vertex 19.4071 -72.9071 2.8
      vertex 19.4071 -72.9071 5.15
    endloop
  endfacet
  facet normal -0.195087 -0.980786 0
    outer loop
      vertex 18.8305 -4.80856 2.8
      vertex 18.9588 -4.83408 5.15
      vertex 18.8305 -4.80856 5.15
    endloop
  endfacet
  facet normal -0.195087 -0.980786 -0
    outer loop
      vertex 18.9588 -4.83408 5.15
      vertex 18.8305 -4.80856 2.8
      vertex 18.9588 -4.83408 2.8
    endloop
  endfacet
  facet normal -0.555423 -0.831568 0
    outer loop
      vertex 19.2 -4.93398 2.8
      vertex 19.3088 -5.00665 5.15
      vertex 19.2 -4.93398 5.15
    endloop
  endfacet
  facet normal -0.555423 -0.831568 -0
    outer loop
      vertex 19.3088 -5.00665 5.15
      vertex 19.2 -4.93398 2.8
      vertex 19.3088 -5.00665 2.8
    endloop
  endfacet
  facet normal 0.947066 0.321039 5.03618e-19
    outer loop
      vertex -19.6239 -72.5827 5.15
      vertex -19.6659 -72.4588 2.8
      vertex -19.6659 -72.4588 5.15
    endloop
  endfacet
  facet normal 0.947066 0.321039 5.03618e-19
    outer loop
      vertex -19.6659 -72.4588 2.8
      vertex -19.6239 -72.5827 5.15
      vertex -19.6239 -72.5827 2.8
    endloop
  endfacet
  facet normal 0.896709 0.442621 -3.10595e-22
    outer loop
      vertex -19.566 -72.7 5.15
      vertex -19.6239 -72.5827 2.8
      vertex -19.6239 -72.5827 5.15
    endloop
  endfacet
  facet normal 0.896709 0.442621 -3.10595e-22
    outer loop
      vertex -19.6239 -72.5827 2.8
      vertex -19.566 -72.7 5.15
      vertex -19.566 -72.7 2.8
    endloop
  endfacet
  facet normal -0.0654532 -0.997856 0
    outer loop
      vertex 18.7 -4.8 2.8
      vertex 18.8305 -4.80856 5.15
      vertex 18.7 -4.8 5.15
    endloop
  endfacet
  facet normal -0.0654532 -0.997856 -0
    outer loop
      vertex 18.8305 -4.80856 5.15
      vertex 18.7 -4.8 2.8
      vertex 18.8305 -4.80856 2.8
    endloop
  endfacet
  facet normal -0.997836 0.0657577 -2.58645e-20
    outer loop
      vertex 19.6914 -72.3305 2.8
      vertex 19.7 -72.2 5.15
      vertex 19.7 -72.2 2.8
    endloop
  endfacet
  facet normal -0.997836 0.0657577 -2.58645e-20
    outer loop
      vertex 19.7 -72.2 5.15
      vertex 19.6914 -72.3305 2.8
      vertex 19.6914 -72.3305 5.15
    endloop
  endfacet
  facet normal -0.442621 0.896709 0
    outer loop
      vertex 19.2 -73.066 2.8
      vertex 19.0827 -73.1239 5.15
      vertex 19.2 -73.066 5.15
    endloop
  endfacet
  facet normal -0.442621 0.896709 0
    outer loop
      vertex 19.0827 -73.1239 5.15
      vertex 19.2 -73.066 2.8
      vertex 19.0827 -73.1239 2.8
    endloop
  endfacet
  facet normal -0.555582 0.831462 0
    outer loop
      vertex 19.3088 -72.9933 2.8
      vertex 19.2 -73.066 5.15
      vertex 19.3088 -72.9933 5.15
    endloop
  endfacet
  facet normal -0.555582 0.831462 0
    outer loop
      vertex 19.2 -73.066 5.15
      vertex 19.3088 -72.9933 2.8
      vertex 19.2 -73.066 2.8
    endloop
  endfacet
  facet normal -1 0 0
    outer loop
      vertex 6 -4.8 2.8
      vertex 6 -3.5 5.15
      vertex 6 -3.5 2.8
    endloop
  endfacet
  facet normal -1 -0 0
    outer loop
      vertex 6 -3.5 5.15
      vertex 6 -4.8 2.8
      vertex 6 -4.8 5.15
    endloop
  endfacet
  facet normal 1 -0 0
    outer loop
      vertex -6 -4.8 5.15
      vertex -6 -3.5 2.8
      vertex -6 -3.5 5.15
    endloop
  endfacet
  facet normal 1 0 0
    outer loop
      vertex -6 -3.5 2.8
      vertex -6 -4.8 5.15
      vertex -6 -4.8 2.8
    endloop
  endfacet
  facet normal 0 0 1
    outer loop
      vertex 6 -3.5 2.8
      vertex -6 -3.5 2.8
      vertex 6 -4.8 2.8
    endloop
  endfacet
  facet normal 0 0 1
    outer loop
      vertex 18.7 -4.8 2.8
      vertex 19.7 -5.8 2.8
      vertex 19.6914 -5.66948 2.8
    endloop
  endfacet
  facet normal 0 0 1
    outer loop
      vertex 19.7 -5.8 2.8
      vertex 6 -4.8 2.8
      vertex 19.7 -72.2 2.8
    endloop
  endfacet
  facet normal 0 0 1
    outer loop
      vertex 18.7 -4.8 2.8
      vertex 19.6914 -5.66948 2.8
      vertex 19.6659 -5.54118 2.8
    endloop
  endfacet
  facet normal -0 0 1
    outer loop
      vertex -6 -4.8 2.8
      vertex 19.7 -72.2 2.8
      vertex 6 -4.8 2.8
    endloop
  endfacet
  facet normal 0 0 1
    outer loop
      vertex 18.7 -4.8 2.8
      vertex 19.6659 -5.54118 2.8
      vertex 19.6239 -5.41731 2.8
    endloop
  endfacet
  facet normal 0 0 1
    outer loop
      vertex -19.7 -72.2 2.8
      vertex 19.7 -72.2 2.8
      vertex -6 -4.8 2.8
    endloop
  endfacet
  facet normal 0 0 1
    outer loop
      vertex 18.7 -4.8 2.8
      vertex 19.6239 -5.41731 2.8
      vertex 19.566 -5.3 2.8
    endloop
  endfacet
  facet normal 0 -0 1
    outer loop
      vertex 18.7 -73.2 2.8
      vertex 19.7 -72.2 2.8
      vertex -19.7 -72.2 2.8
    endloop
  endfacet
  facet normal 0 0 1
    outer loop
      vertex 18.7 -4.8 2.8
      vertex 19.566 -5.3 2.8
      vertex 19.4933 -5.19124 2.8
    endloop
  endfacet
  facet normal 0 0 1
    outer loop
      vertex 19.7 -72.2 2.8
      vertex 18.7 -73.2 2.8
      vertex 19.6914 -72.3305 2.8
    endloop
  endfacet
  facet normal 0 0 1
    outer loop
      vertex 18.7 -4.8 2.8
      vertex 19.4933 -5.19124 2.8
      vertex 19.4071 -5.0929 2.8
    endloop
  endfacet
  facet normal 0 0 1
    outer loop
      vertex 19.6239 -72.5827 2.8
      vertex 18.7 -73.2 2.8
      vertex 19.566 -72.7 2.8
    endloop
  endfacet
  facet normal 0 0 1
    outer loop
      vertex 18.7 -4.8 2.8
      vertex 19.4071 -5.0929 2.8
      vertex 19.3088 -5.00665 2.8
    endloop
  endfacet
  facet normal 0 0 1
    outer loop
      vertex 19.566 -72.7 2.8
      vertex 18.7 -73.2 2.8
      vertex 19.4933 -72.8088 2.8
    endloop
  endfacet
  facet normal 0 0 1
    outer loop
      vertex 18.7 -4.8 2.8
      vertex 19.3088 -5.00665 2.8
      vertex 19.2 -4.93398 2.8
    endloop
  endfacet
  facet normal 0 0 1
    outer loop
      vertex 19.4933 -72.8088 2.8
      vertex 18.7 -73.2 2.8
      vertex 19.4071 -72.9071 2.8
    endloop
  endfacet
  facet normal 0 0 1
    outer loop
      vertex 18.7 -4.8 2.8
      vertex 19.2 -4.93398 2.8
      vertex 19.0827 -4.87613 2.8
    endloop
  endfacet
  facet normal 0 0 1
    outer loop
      vertex 19.7 -5.8 2.8
      vertex 18.7 -4.8 2.8
      vertex 6 -4.8 2.8
    endloop
  endfacet
  facet normal 0 0 1
    outer loop
      vertex 18.7 -4.8 2.8
      vertex 19.0827 -4.87613 2.8
      vertex 18.9588 -4.83408 2.8
    endloop
  endfacet
  facet normal 0 0 1
    outer loop
      vertex 19.4071 -72.9071 2.8
      vertex 18.7 -73.2 2.8
      vertex 19.3088 -72.9933 2.8
    endloop
  endfacet
  facet normal 0 0 1
    outer loop
      vertex 18.7 -4.8 2.8
      vertex 18.9588 -4.83408 2.8
      vertex 18.8305 -4.80856 2.8
    endloop
  endfacet
  facet normal 0 0 1
    outer loop
      vertex 19.2 -73.066 2.8
      vertex 18.7 -73.2 2.8
      vertex 19.0827 -73.1239 2.8
    endloop
  endfacet
  facet normal 0 0 1
    outer loop
      vertex 19.0827 -73.1239 2.8
      vertex 18.7 -73.2 2.8
      vertex 18.9588 -73.1659 2.8
    endloop
  endfacet
  facet normal 0 0 1
    outer loop
      vertex 18.9588 -73.1659 2.8
      vertex 18.7 -73.2 2.8
      vertex 18.8305 -73.1914 2.8
    endloop
  endfacet
  facet normal 0 0 1
    outer loop
      vertex 19.3088 -72.9933 2.8
      vertex 18.7 -73.2 2.8
      vertex 19.2 -73.066 2.8
    endloop
  endfacet
  facet normal 0 0 1
    outer loop
      vertex -6 -4.8 2.8
      vertex 6 -4.8 2.8
      vertex -6 -3.5 2.8
    endloop
  endfacet
  facet normal 0 0 1
    outer loop
      vertex 19.6914 -72.3305 2.8
      vertex 18.7 -73.2 2.8
      vertex 19.6659 -72.4588 2.8
    endloop
  endfacet
  facet normal 0 0 1
    outer loop
      vertex -19.7 -5.8 2.8
      vertex -6 -4.8 2.8
      vertex -18.7 -4.8 2.8
    endloop
  endfacet
  facet normal 0 0 1
    outer loop
      vertex -19.7 -72.2 2.8
      vertex -6 -4.8 2.8
      vertex -19.7 -5.8 2.8
    endloop
  endfacet
  facet normal 0 0 1
    outer loop
      vertex -19.7 -5.8 2.8
      vertex -18.7 -4.8 2.8
      vertex -18.8305 -4.80856 2.8
    endloop
  endfacet
  facet normal 0 0 1
    outer loop
      vertex 19.6659 -72.4588 2.8
      vertex 18.7 -73.2 2.8
      vertex 19.6239 -72.5827 2.8
    endloop
  endfacet
  facet normal 0 0 1
    outer loop
      vertex -19.7 -5.8 2.8
      vertex -18.8305 -4.80856 2.8
      vertex -18.9588 -4.83408 2.8
    endloop
  endfacet
  facet normal 0 0 1
    outer loop
      vertex 18.7 -73.2 2.8
      vertex -19.7 -72.2 2.8
      vertex -18.7 -73.2 2.8
    endloop
  endfacet
  facet normal 0 0 1
    outer loop
      vertex -19.7 -5.8 2.8
      vertex -18.9588 -4.83408 2.8
      vertex -19.0827 -4.87613 2.8
    endloop
  endfacet
  facet normal 0 0 1
    outer loop
      vertex -18.7 -73.2 2.8
      vertex -19.7 -72.2 2.8
      vertex -18.8305 -73.1914 2.8
    endloop
  endfacet
  facet normal 0 0 1
    outer loop
      vertex -19.7 -5.8 2.8
      vertex -19.0827 -4.87613 2.8
      vertex -19.2 -4.93398 2.8
    endloop
  endfacet
  facet normal 0 0 1
    outer loop
      vertex -18.8305 -73.1914 2.8
      vertex -19.7 -72.2 2.8
      vertex -18.9588 -73.1659 2.8
    endloop
  endfacet
  facet normal 0 0 1
    outer loop
      vertex -19.7 -5.8 2.8
      vertex -19.2 -4.93398 2.8
      vertex -19.3088 -5.00665 2.8
    endloop
  endfacet
  facet normal 0 0 1
    outer loop
      vertex -18.9588 -73.1659 2.8
      vertex -19.7 -72.2 2.8
      vertex -19.0827 -73.1239 2.8
    endloop
  endfacet
  facet normal 0 0 1
    outer loop
      vertex -19.7 -5.8 2.8
      vertex -19.3088 -5.00665 2.8
      vertex -19.4071 -5.0929 2.8
    endloop
  endfacet
  facet normal 0 0 1
    outer loop
      vertex -19.0827 -73.1239 2.8
      vertex -19.7 -72.2 2.8
      vertex -19.2 -73.066 2.8
    endloop
  endfacet
  facet normal 0 0 1
    outer loop
      vertex -19.7 -5.8 2.8
      vertex -19.4071 -5.0929 2.8
      vertex -19.4933 -5.19124 2.8
    endloop
  endfacet
  facet normal 0 0 1
    outer loop
      vertex -19.2 -73.066 2.8
      vertex -19.7 -72.2 2.8
      vertex -19.3088 -72.9933 2.8
    endloop
  endfacet
  facet normal 0 0 1
    outer loop
      vertex -19.7 -5.8 2.8
      vertex -19.4933 -5.19124 2.8
      vertex -19.566 -5.3 2.8
    endloop
  endfacet
  facet normal 0 0 1
    outer loop
      vertex -19.3088 -72.9933 2.8
      vertex -19.7 -72.2 2.8
      vertex -19.4071 -72.9071 2.8
    endloop
  endfacet
  facet normal 0 0 1
    outer loop
      vertex -19.7 -5.8 2.8
      vertex -19.566 -5.3 2.8
      vertex -19.6239 -5.41731 2.8
    endloop
  endfacet
  facet normal 0 0 1
    outer loop
      vertex -19.4071 -72.9071 2.8
      vertex -19.7 -72.2 2.8
      vertex -19.4933 -72.8088 2.8
    endloop
  endfacet
  facet normal 0 0 1
    outer loop
      vertex -19.7 -5.8 2.8
      vertex -19.6239 -5.41731 2.8
      vertex -19.6659 -5.54118 2.8
    endloop
  endfacet
  facet normal 0 0 1
    outer loop
      vertex -19.4933 -72.8088 2.8
      vertex -19.7 -72.2 2.8
      vertex -19.566 -72.7 2.8
    endloop
  endfacet
  facet normal 0 0 1
    outer loop
      vertex -19.7 -5.8 2.8
      vertex -19.6659 -5.54118 2.8
      vertex -19.6914 -5.66948 2.8
    endloop
  endfacet
  facet normal 0 0 1
    outer loop
      vertex -19.566 -72.7 2.8
      vertex -19.7 -72.2 2.8
      vertex -19.6239 -72.5827 2.8
    endloop
  endfacet
  facet normal 0 0 1
    outer loop
      vertex -19.6239 -72.5827 2.8
      vertex -19.7 -72.2 2.8
      vertex -19.6659 -72.4588 2.8
    endloop
  endfacet
  facet normal 0 0 1
    outer loop
      vertex -19.6659 -72.4588 2.8
      vertex -19.7 -72.2 2.8
      vertex -19.6914 -72.3305 2.8
    endloop
  endfacet
  facet normal 0.659749 -0.751486 0
    outer loop
      vertex -21.3912 -44.7934 2.2
      vertex -21.2929 -44.7071 6.2
      vertex -21.3912 -44.7934 6.2
    endloop
  endfacet
  facet normal 0.659749 -0.751486 0
    outer loop
      vertex -21.2929 -44.7071 6.2
      vertex -21.3912 -44.7934 2.2
      vertex -21.2929 -44.7071 2.2
    endloop
  endfacet
  facet normal 0.321039 -0.947066 0
    outer loop
      vertex -21.7412 -44.9659 2.2
      vertex -21.6173 -44.9239 6.2
      vertex -21.7412 -44.9659 6.2
    endloop
  endfacet
  facet normal 0.321039 -0.947066 0
    outer loop
      vertex -21.6173 -44.9239 6.2
      vertex -21.7412 -44.9659 2.2
      vertex -21.6173 -44.9239 2.2
    endloop
  endfacet
  facet normal 0.997836 0.0657577 -0
    outer loop
      vertex -21 -34 5.15
      vertex -21.0086 -33.8695 6.2
      vertex -21 -34 6.2
    endloop
  endfacet
  facet normal 0.997836 0.0657577 0
    outer loop
      vertex -21.0086 -33.8695 6.2
      vertex -21 -34 5.15
      vertex -21.0086 -33.8695 2.2
    endloop
  endfacet
  facet normal 0.997836 0.0657577 -4.23445e-20
    outer loop
      vertex -21.0086 -33.8695 2.2
      vertex -21 -34 5.15
      vertex -21 -34 2.2
    endloop
  endfacet
  facet normal 0.980815 -0.19494 1.1234e-19
    outer loop
      vertex -21.0341 -44.2588 6.2
      vertex -21.0086 -44.1305 2.2
      vertex -21.0086 -44.1305 6.2
    endloop
  endfacet
  facet normal 0.980815 -0.19494 1.1234e-19
    outer loop
      vertex -21.0086 -44.1305 2.2
      vertex -21.0341 -44.2588 6.2
      vertex -21.0341 -44.2588 2.2
    endloop
  endfacet
  facet normal 0.19494 -0.980815 0
    outer loop
      vertex -21.8695 -44.9914 2.2
      vertex -21.7412 -44.9659 6.2
      vertex -21.8695 -44.9914 6.2
    endloop
  endfacet
  facet normal 0.19494 -0.980815 0
    outer loop
      vertex -21.7412 -44.9659 6.2
      vertex -21.8695 -44.9914 2.2
      vertex -21.7412 -44.9659 2.2
    endloop
  endfacet
  facet normal 0.0657577 -0.997836 0
    outer loop
      vertex -22 -45 2.2
      vertex -21.8695 -44.9914 6.2
      vertex -22 -45 6.2
    endloop
  endfacet
  facet normal 0.0657577 -0.997836 0
    outer loop
      vertex -21.8695 -44.9914 6.2
      vertex -22 -45 2.2
      vertex -21.8695 -44.9914 2.2
    endloop
  endfacet
  facet normal 0 -1 0
    outer loop
      vertex -26 -45 2.2
      vertex -22 -45 6.2
      vertex -26 -45 6.2
    endloop
  endfacet
  facet normal 0 -1 -0
    outer loop
      vertex -22 -45 6.2
      vertex -26 -45 2.2
      vertex -22 -45 2.2
    endloop
  endfacet
  facet normal 0.321039 0.947066 -0
    outer loop
      vertex -21.6173 -33.0761 2.2
      vertex -21.7412 -33.0341 6.2
      vertex -21.6173 -33.0761 6.2
    endloop
  endfacet
  facet normal 0.321039 0.947066 0
    outer loop
      vertex -21.7412 -33.0341 6.2
      vertex -21.6173 -33.0761 2.2
      vertex -21.7412 -33.0341 2.2
    endloop
  endfacet
  facet normal -0.831815 -0.555053 -1.3286e-18
    outer loop
      vertex -26.7934 -44.6088 2.2
      vertex -26.866 -44.5 6.2
      vertex -26.866 -44.5 2.2
    endloop
  endfacet
  facet normal -0.831815 -0.555053 -1.3286e-18
    outer loop
      vertex -26.866 -44.5 6.2
      vertex -26.7934 -44.6088 2.2
      vertex -26.7934 -44.6088 6.2
    endloop
  endfacet
  facet normal -0.947066 0.321039 -4.01954e-19
    outer loop
      vertex -26.9659 -33.7412 2.2
      vertex -26.9239 -33.6173 6.2
      vertex -26.9239 -33.6173 2.2
    endloop
  endfacet
  facet normal -0.947066 0.321039 -4.01954e-19
    outer loop
      vertex -26.9239 -33.6173 6.2
      vertex -26.9659 -33.7412 2.2
      vertex -26.9659 -33.7412 6.2
    endloop
  endfacet
  facet normal -0.19494 0.980815 0
    outer loop
      vertex -26.1305 -33.0086 2.2
      vertex -26.2588 -33.0341 6.2
      vertex -26.1305 -33.0086 6.2
    endloop
  endfacet
  facet normal -0.19494 0.980815 0
    outer loop
      vertex -26.2588 -33.0341 6.2
      vertex -26.1305 -33.0086 2.2
      vertex -26.2588 -33.0341 2.2
    endloop
  endfacet
  facet normal 0 1 -0
    outer loop
      vertex -22 -33 2.2
      vertex -26 -33 6.2
      vertex -22 -33 6.2
    endloop
  endfacet
  facet normal 0 1 0
    outer loop
      vertex -26 -33 6.2
      vertex -22 -33 2.2
      vertex -26 -33 2.2
    endloop
  endfacet
  facet normal 0.831815 -0.555053 1.3286e-18
    outer loop
      vertex -21.2066 -44.6088 6.2
      vertex -21.134 -44.5 2.2
      vertex -21.134 -44.5 6.2
    endloop
  endfacet
  facet normal 0.831815 -0.555053 1.3286e-18
    outer loop
      vertex -21.134 -44.5 2.2
      vertex -21.2066 -44.6088 6.2
      vertex -21.2066 -44.6088 2.2
    endloop
  endfacet
  facet normal -0.0657577 -0.997836 0
    outer loop
      vertex -26.1305 -44.9914 2.2
      vertex -26 -45 6.2
      vertex -26.1305 -44.9914 6.2
    endloop
  endfacet
  facet normal -0.0657577 -0.997836 -0
    outer loop
      vertex -26 -45 6.2
      vertex -26.1305 -44.9914 2.2
      vertex -26 -45 2.2
    endloop
  endfacet
  facet normal -0.0657577 0.997836 0
    outer loop
      vertex -26 -33 2.2
      vertex -26.1305 -33.0086 6.2
      vertex -26 -33 6.2
    endloop
  endfacet
  facet normal -0.0657577 0.997836 0
    outer loop
      vertex -26.1305 -33.0086 6.2
      vertex -26 -33 2.2
      vertex -26.1305 -33.0086 2.2
    endloop
  endfacet
  facet normal -1 0 0
    outer loop
      vertex -27 -35 4.6
      vertex -27 -34 2.2
      vertex -27 -35 2.8
    endloop
  endfacet
  facet normal -1 0 0
    outer loop
      vertex -27 -34 2.2
      vertex -27 -43 2.8
      vertex -27 -35 2.8
    endloop
  endfacet
  facet normal -1 -0 0
    outer loop
      vertex -27 -43 2.8
      vertex -27 -44 2.2
      vertex -27 -43 4.6
    endloop
  endfacet
  facet normal -1 0 0
    outer loop
      vertex -27 -44 2.2
      vertex -27 -43 2.8
      vertex -27 -34 2.2
    endloop
  endfacet
  facet normal -1 0 0
    outer loop
      vertex -27 -34 2.2
      vertex -27 -35 4.6
      vertex -27 -34 6.2
    endloop
  endfacet
  facet normal -1 0 0
    outer loop
      vertex -27 -43 4.6
      vertex -27 -34 6.2
      vertex -27 -35 4.6
    endloop
  endfacet
  facet normal -1 0 0
    outer loop
      vertex -27 -43 4.6
      vertex -27 -44 6.2
      vertex -27 -34 6.2
    endloop
  endfacet
  facet normal -1 0 0
    outer loop
      vertex -27 -44 6.2
      vertex -27 -43 4.6
      vertex -27 -44 2.2
    endloop
  endfacet
  facet normal -0.751486 0.659749 -1.17205e-18
    outer loop
      vertex -26.7934 -33.3912 2.2
      vertex -26.7071 -33.2929 6.2
      vertex -26.7071 -33.2929 2.2
    endloop
  endfacet
  facet normal -0.751486 0.659749 -1.17205e-18
    outer loop
      vertex -26.7071 -33.2929 6.2
      vertex -26.7934 -33.3912 2.2
      vertex -26.7934 -33.3912 6.2
    endloop
  endfacet
  facet normal 0.555053 0.831815 -0
    outer loop
      vertex -21.3912 -33.2066 2.2
      vertex -21.5 -33.134 6.2
      vertex -21.3912 -33.2066 6.2
    endloop
  endfacet
  facet normal 0.555053 0.831815 0
    outer loop
      vertex -21.5 -33.134 6.2
      vertex -21.3912 -33.2066 2.2
      vertex -21.5 -33.134 2.2
    endloop
  endfacet
  facet normal -0.555053 -0.831815 0
    outer loop
      vertex -26.6088 -44.7934 2.2
      vertex -26.5 -44.866 6.2
      vertex -26.6088 -44.7934 6.2
    endloop
  endfacet
  facet normal -0.555053 -0.831815 -0
    outer loop
      vertex -26.5 -44.866 6.2
      vertex -26.6088 -44.7934 2.2
      vertex -26.5 -44.866 2.2
    endloop
  endfacet
  facet normal 0.19494 0.980815 -0
    outer loop
      vertex -21.7412 -33.0341 2.2
      vertex -21.8695 -33.0086 6.2
      vertex -21.7412 -33.0341 6.2
    endloop
  endfacet
  facet normal 0.19494 0.980815 0
    outer loop
      vertex -21.8695 -33.0086 6.2
      vertex -21.7412 -33.0341 2.2
      vertex -21.8695 -33.0086 2.2
    endloop
  endfacet
  facet normal -0.997836 0.0657577 3.12291e-20
    outer loop
      vertex -27 -34 2.2
      vertex -26.9914 -33.8695 6.2
      vertex -26.9914 -33.8695 2.2
    endloop
  endfacet
  facet normal -0.997836 0.0657577 3.12291e-20
    outer loop
      vertex -26.9914 -33.8695 6.2
      vertex -27 -34 2.2
      vertex -27 -34 6.2
    endloop
  endfacet
  facet normal -0.442621 0.896709 0
    outer loop
      vertex -26.3827 -33.0761 2.2
      vertex -26.5 -33.134 6.2
      vertex -26.3827 -33.0761 6.2
    endloop
  endfacet
  facet normal -0.442621 0.896709 0
    outer loop
      vertex -26.5 -33.134 6.2
      vertex -26.3827 -33.0761 2.2
      vertex -26.5 -33.134 2.2
    endloop
  endfacet
  facet normal 0.947066 0.321039 4.01954e-19
    outer loop
      vertex -21.0341 -33.7412 6.2
      vertex -21.0761 -33.6173 2.2
      vertex -21.0761 -33.6173 6.2
    endloop
  endfacet
  facet normal 0.947066 0.321039 4.01954e-19
    outer loop
      vertex -21.0761 -33.6173 2.2
      vertex -21.0341 -33.7412 6.2
      vertex -21.0341 -33.7412 2.2
    endloop
  endfacet
  facet normal -0.896709 0.442621 1.82474e-22
    outer loop
      vertex -26.9239 -33.6173 2.2
      vertex -26.866 -33.5 6.2
      vertex -26.866 -33.5 2.2
    endloop
  endfacet
  facet normal -0.896709 0.442621 1.82474e-22
    outer loop
      vertex -26.866 -33.5 6.2
      vertex -26.9239 -33.6173 2.2
      vertex -26.9239 -33.6173 6.2
    endloop
  endfacet
  facet normal 0.751486 0.659749 1.17205e-18
    outer loop
      vertex -21.2066 -33.3912 6.2
      vertex -21.2929 -33.2929 2.2
      vertex -21.2929 -33.2929 6.2
    endloop
  endfacet
  facet normal 0.751486 0.659749 1.17205e-18
    outer loop
      vertex -21.2929 -33.2929 2.2
      vertex -21.2066 -33.3912 6.2
      vertex -21.2066 -33.3912 2.2
    endloop
  endfacet
  facet normal -0.321039 0.947066 0
    outer loop
      vertex -26.2588 -33.0341 2.2
      vertex -26.3827 -33.0761 6.2
      vertex -26.2588 -33.0341 6.2
    endloop
  endfacet
  facet normal -0.321039 0.947066 0
    outer loop
      vertex -26.3827 -33.0761 6.2
      vertex -26.2588 -33.0341 2.2
      vertex -26.3827 -33.0761 2.2
    endloop
  endfacet
  facet normal 0.947066 -0.321039 -4.01954e-19
    outer loop
      vertex -21.0761 -44.3827 6.2
      vertex -21.0341 -44.2588 2.2
      vertex -21.0341 -44.2588 6.2
    endloop
  endfacet
  facet normal 0.947066 -0.321039 -4.01954e-19
    outer loop
      vertex -21.0341 -44.2588 2.2
      vertex -21.0761 -44.3827 6.2
      vertex -21.0761 -44.3827 2.2
    endloop
  endfacet
  facet normal -0.896709 -0.442621 -1.82474e-22
    outer loop
      vertex -26.866 -44.5 2.2
      vertex -26.9239 -44.3827 6.2
      vertex -26.9239 -44.3827 2.2
    endloop
  endfacet
  facet normal -0.896709 -0.442621 -1.82474e-22
    outer loop
      vertex -26.9239 -44.3827 6.2
      vertex -26.866 -44.5 2.2
      vertex -26.866 -44.5 6.2
    endloop
  endfacet
  facet normal -0.751486 -0.659749 1.17205e-18
    outer loop
      vertex -26.7071 -44.7071 2.2
      vertex -26.7934 -44.6088 6.2
      vertex -26.7934 -44.6088 2.2
    endloop
  endfacet
  facet normal -0.751486 -0.659749 1.17205e-18
    outer loop
      vertex -26.7934 -44.6088 6.2
      vertex -26.7071 -44.7071 2.2
      vertex -26.7071 -44.7071 6.2
    endloop
  endfacet
  facet normal -0.555053 0.831815 0
    outer loop
      vertex -26.5 -33.134 2.2
      vertex -26.6088 -33.2066 6.2
      vertex -26.5 -33.134 6.2
    endloop
  endfacet
  facet normal -0.555053 0.831815 0
    outer loop
      vertex -26.6088 -33.2066 6.2
      vertex -26.5 -33.134 2.2
      vertex -26.6088 -33.2066 2.2
    endloop
  endfacet
  facet normal -0.321039 -0.947066 0
    outer loop
      vertex -26.3827 -44.9239 2.2
      vertex -26.2588 -44.9659 6.2
      vertex -26.3827 -44.9239 6.2
    endloop
  endfacet
  facet normal -0.321039 -0.947066 -0
    outer loop
      vertex -26.2588 -44.9659 6.2
      vertex -26.3827 -44.9239 2.2
      vertex -26.2588 -44.9659 2.2
    endloop
  endfacet
  facet normal 0.831815 0.555053 -1.3286e-18
    outer loop
      vertex -21.134 -33.5 6.2
      vertex -21.2066 -33.3912 2.2
      vertex -21.2066 -33.3912 6.2
    endloop
  endfacet
  facet normal 0.831815 0.555053 -1.3286e-18
    outer loop
      vertex -21.2066 -33.3912 2.2
      vertex -21.134 -33.5 6.2
      vertex -21.134 -33.5 2.2
    endloop
  endfacet
  facet normal 0.0657577 0.997836 -0
    outer loop
      vertex -21.8695 -33.0086 2.2
      vertex -22 -33 6.2
      vertex -21.8695 -33.0086 6.2
    endloop
  endfacet
  facet normal 0.0657577 0.997836 0
    outer loop
      vertex -22 -33 6.2
      vertex -21.8695 -33.0086 2.2
      vertex -22 -33 2.2
    endloop
  endfacet
  facet normal -0.831815 0.555053 1.3286e-18
    outer loop
      vertex -26.866 -33.5 2.2
      vertex -26.7934 -33.3912 6.2
      vertex -26.7934 -33.3912 2.2
    endloop
  endfacet
  facet normal -0.831815 0.555053 1.3286e-18
    outer loop
      vertex -26.7934 -33.3912 6.2
      vertex -26.866 -33.5 2.2
      vertex -26.866 -33.5 6.2
    endloop
  endfacet
  facet normal -0.947066 -0.321039 4.01954e-19
    outer loop
      vertex -26.9239 -44.3827 2.2
      vertex -26.9659 -44.2588 6.2
      vertex -26.9659 -44.2588 2.2
    endloop
  endfacet
  facet normal -0.947066 -0.321039 4.01954e-19
    outer loop
      vertex -26.9659 -44.2588 6.2
      vertex -26.9239 -44.3827 2.2
      vertex -26.9239 -44.3827 6.2
    endloop
  endfacet
  facet normal 0.980815 0.19494 -1.1234e-19
    outer loop
      vertex -21.0086 -33.8695 6.2
      vertex -21.0341 -33.7412 2.2
      vertex -21.0341 -33.7412 6.2
    endloop
  endfacet
  facet normal 0.980815 0.19494 -1.1234e-19
    outer loop
      vertex -21.0341 -33.7412 2.2
      vertex -21.0086 -33.8695 6.2
      vertex -21.0086 -33.8695 2.2
    endloop
  endfacet
  facet normal 0.896709 0.442621 -1.82474e-22
    outer loop
      vertex -21.0761 -33.6173 6.2
      vertex -21.134 -33.5 2.2
      vertex -21.134 -33.5 6.2
    endloop
  endfacet
  facet normal 0.896709 0.442621 -1.82474e-22
    outer loop
      vertex -21.134 -33.5 2.2
      vertex -21.0761 -33.6173 6.2
      vertex -21.0761 -33.6173 2.2
    endloop
  endfacet
  facet normal -0.19494 -0.980815 0
    outer loop
      vertex -26.2588 -44.9659 2.2
      vertex -26.1305 -44.9914 6.2
      vertex -26.2588 -44.9659 6.2
    endloop
  endfacet
  facet normal -0.19494 -0.980815 -0
    outer loop
      vertex -26.1305 -44.9914 6.2
      vertex -26.2588 -44.9659 2.2
      vertex -26.1305 -44.9914 2.2
    endloop
  endfacet
  facet normal -0.980815 0.19494 1.1234e-19
    outer loop
      vertex -26.9914 -33.8695 2.2
      vertex -26.9659 -33.7412 6.2
      vertex -26.9659 -33.7412 2.2
    endloop
  endfacet
  facet normal -0.980815 0.19494 1.1234e-19
    outer loop
      vertex -26.9659 -33.7412 6.2
      vertex -26.9914 -33.8695 2.2
      vertex -26.9914 -33.8695 6.2
    endloop
  endfacet
  facet normal -0.659749 -0.751486 0
    outer loop
      vertex -26.7071 -44.7071 2.2
      vertex -26.6088 -44.7934 6.2
      vertex -26.7071 -44.7071 6.2
    endloop
  endfacet
  facet normal -0.659749 -0.751486 -0
    outer loop
      vertex -26.6088 -44.7934 6.2
      vertex -26.7071 -44.7071 2.2
      vertex -26.6088 -44.7934 2.2
    endloop
  endfacet
  facet normal -0.442621 -0.896709 0
    outer loop
      vertex -26.5 -44.866 2.2
      vertex -26.3827 -44.9239 6.2
      vertex -26.5 -44.866 6.2
    endloop
  endfacet
  facet normal -0.442621 -0.896709 -0
    outer loop
      vertex -26.3827 -44.9239 6.2
      vertex -26.5 -44.866 2.2
      vertex -26.3827 -44.9239 2.2
    endloop
  endfacet
  facet normal -0.659749 0.751486 0
    outer loop
      vertex -26.6088 -33.2066 2.2
      vertex -26.7071 -33.2929 6.2
      vertex -26.6088 -33.2066 6.2
    endloop
  endfacet
  facet normal -0.659749 0.751486 0
    outer loop
      vertex -26.7071 -33.2929 6.2
      vertex -26.6088 -33.2066 2.2
      vertex -26.7071 -33.2929 2.2
    endloop
  endfacet
  facet normal 0.751486 -0.659749 -1.17205e-18
    outer loop
      vertex -21.2929 -44.7071 6.2
      vertex -21.2066 -44.6088 2.2
      vertex -21.2066 -44.6088 6.2
    endloop
  endfacet
  facet normal 0.751486 -0.659749 -1.17205e-18
    outer loop
      vertex -21.2066 -44.6088 2.2
      vertex -21.2929 -44.7071 6.2
      vertex -21.2929 -44.7071 2.2
    endloop
  endfacet
  facet normal 0.659749 0.751486 -0
    outer loop
      vertex -21.2929 -33.2929 2.2
      vertex -21.3912 -33.2066 6.2
      vertex -21.2929 -33.2929 6.2
    endloop
  endfacet
  facet normal 0.659749 0.751486 0
    outer loop
      vertex -21.3912 -33.2066 6.2
      vertex -21.2929 -33.2929 2.2
      vertex -21.3912 -33.2066 2.2
    endloop
  endfacet
  facet normal -0.980815 -0.19494 -1.1234e-19
    outer loop
      vertex -26.9659 -44.2588 2.2
      vertex -26.9914 -44.1305 6.2
      vertex -26.9914 -44.1305 2.2
    endloop
  endfacet
  facet normal -0.980815 -0.19494 -1.1234e-19
    outer loop
      vertex -26.9914 -44.1305 6.2
      vertex -26.9659 -44.2588 2.2
      vertex -26.9659 -44.2588 6.2
    endloop
  endfacet
  facet normal -0.997836 -0.0657577 -3.12291e-20
    outer loop
      vertex -26.9914 -44.1305 2.2
      vertex -27 -44 6.2
      vertex -27 -44 2.2
    endloop
  endfacet
  facet normal -0.997836 -0.0657577 -3.12291e-20
    outer loop
      vertex -27 -44 6.2
      vertex -26.9914 -44.1305 2.2
      vertex -26.9914 -44.1305 6.2
    endloop
  endfacet
  facet normal 0 0 1
    outer loop
      vertex -22 -33 6.2
      vertex -21 -34 6.2
      vertex -21.0086 -33.8695 6.2
    endloop
  endfacet
  facet normal 0 0 1
    outer loop
      vertex -21 -34 6.2
      vertex -27 -34 6.2
      vertex -21 -44 6.2
    endloop
  endfacet
  facet normal 0 0 1
    outer loop
      vertex -22 -33 6.2
      vertex -21.0086 -33.8695 6.2
      vertex -21.0341 -33.7412 6.2
    endloop
  endfacet
  facet normal 0 0 1
    outer loop
      vertex -27 -44 6.2
      vertex -21 -44 6.2
      vertex -27 -34 6.2
    endloop
  endfacet
  facet normal 0 0 1
    outer loop
      vertex -22 -33 6.2
      vertex -21.0341 -33.7412 6.2
      vertex -21.0761 -33.6173 6.2
    endloop
  endfacet
  facet normal 0 -0 1
    outer loop
      vertex -22 -45 6.2
      vertex -21 -44 6.2
      vertex -27 -44 6.2
    endloop
  endfacet
  facet normal 0 0 1
    outer loop
      vertex -22 -33 6.2
      vertex -21.0761 -33.6173 6.2
      vertex -21.134 -33.5 6.2
    endloop
  endfacet
  facet normal 0 0 1
    outer loop
      vertex -21 -44 6.2
      vertex -22 -45 6.2
      vertex -21.0086 -44.1305 6.2
    endloop
  endfacet
  facet normal 0 0 1
    outer loop
      vertex -22 -33 6.2
      vertex -21.134 -33.5 6.2
      vertex -21.2066 -33.3912 6.2
    endloop
  endfacet
  facet normal 0 0 1
    outer loop
      vertex -21.0086 -44.1305 6.2
      vertex -22 -45 6.2
      vertex -21.0341 -44.2588 6.2
    endloop
  endfacet
  facet normal 0 0 1
    outer loop
      vertex -22 -33 6.2
      vertex -21.2066 -33.3912 6.2
      vertex -21.2929 -33.2929 6.2
    endloop
  endfacet
  facet normal 0 0 1
    outer loop
      vertex -21.0341 -44.2588 6.2
      vertex -22 -45 6.2
      vertex -21.0761 -44.3827 6.2
    endloop
  endfacet
  facet normal 0 0 1
    outer loop
      vertex -22 -33 6.2
      vertex -21.2929 -33.2929 6.2
      vertex -21.3912 -33.2066 6.2
    endloop
  endfacet
  facet normal 0 0 1
    outer loop
      vertex -21.0761 -44.3827 6.2
      vertex -22 -45 6.2
      vertex -21.134 -44.5 6.2
    endloop
  endfacet
  facet normal 0 0 1
    outer loop
      vertex -22 -33 6.2
      vertex -21.3912 -33.2066 6.2
      vertex -21.5 -33.134 6.2
    endloop
  endfacet
  facet normal 0 0 1
    outer loop
      vertex -21 -34 6.2
      vertex -22 -33 6.2
      vertex -27 -34 6.2
    endloop
  endfacet
  facet normal 0 0 1
    outer loop
      vertex -22 -33 6.2
      vertex -21.5 -33.134 6.2
      vertex -21.6173 -33.0761 6.2
    endloop
  endfacet
  facet normal 0 0 1
    outer loop
      vertex -21.134 -44.5 6.2
      vertex -22 -45 6.2
      vertex -21.2066 -44.6088 6.2
    endloop
  endfacet
  facet normal 0 0 1
    outer loop
      vertex -22 -33 6.2
      vertex -21.6173 -33.0761 6.2
      vertex -21.7412 -33.0341 6.2
    endloop
  endfacet
  facet normal 0 0 1
    outer loop
      vertex -21.3912 -44.7934 6.2
      vertex -22 -45 6.2
      vertex -21.5 -44.866 6.2
    endloop
  endfacet
  facet normal 0 0 1
    outer loop
      vertex -22 -33 6.2
      vertex -21.7412 -33.0341 6.2
      vertex -21.8695 -33.0086 6.2
    endloop
  endfacet
  facet normal 0 0 1
    outer loop
      vertex -21.5 -44.866 6.2
      vertex -22 -45 6.2
      vertex -21.6173 -44.9239 6.2
    endloop
  endfacet
  facet normal 0 0 1
    outer loop
      vertex -21.6173 -44.9239 6.2
      vertex -22 -45 6.2
      vertex -21.7412 -44.9659 6.2
    endloop
  endfacet
  facet normal 0 0 1
    outer loop
      vertex -21.7412 -44.9659 6.2
      vertex -22 -45 6.2
      vertex -21.8695 -44.9914 6.2
    endloop
  endfacet
  facet normal 0 0 1
    outer loop
      vertex -27 -34 6.2
      vertex -22 -33 6.2
      vertex -26 -33 6.2
    endloop
  endfacet
  facet normal 0 0 1
    outer loop
      vertex -21.2066 -44.6088 6.2
      vertex -22 -45 6.2
      vertex -21.2929 -44.7071 6.2
    endloop
  endfacet
  facet normal 0 0 1
    outer loop
      vertex -27 -34 6.2
      vertex -26 -33 6.2
      vertex -26.1305 -33.0086 6.2
    endloop
  endfacet
  facet normal 0 0 1
    outer loop
      vertex -21.2929 -44.7071 6.2
      vertex -22 -45 6.2
      vertex -21.3912 -44.7934 6.2
    endloop
  endfacet
  facet normal 0 0 1
    outer loop
      vertex -27 -34 6.2
      vertex -26.1305 -33.0086 6.2
      vertex -26.2588 -33.0341 6.2
    endloop
  endfacet
  facet normal 0 0 1
    outer loop
      vertex -22 -45 6.2
      vertex -27 -44 6.2
      vertex -26 -45 6.2
    endloop
  endfacet
  facet normal 0 0 1
    outer loop
      vertex -27 -34 6.2
      vertex -26.2588 -33.0341 6.2
      vertex -26.3827 -33.0761 6.2
    endloop
  endfacet
  facet normal 0 0 1
    outer loop
      vertex -26 -45 6.2
      vertex -27 -44 6.2
      vertex -26.1305 -44.9914 6.2
    endloop
  endfacet
  facet normal 0 0 1
    outer loop
      vertex -27 -34 6.2
      vertex -26.3827 -33.0761 6.2
      vertex -26.5 -33.134 6.2
    endloop
  endfacet
  facet normal 0 0 1
    outer loop
      vertex -26.1305 -44.9914 6.2
      vertex -27 -44 6.2
      vertex -26.2588 -44.9659 6.2
    endloop
  endfacet
  facet normal 0 0 1
    outer loop
      vertex -27 -34 6.2
      vertex -26.5 -33.134 6.2
      vertex -26.6088 -33.2066 6.2
    endloop
  endfacet
  facet normal 0 0 1
    outer loop
      vertex -26.2588 -44.9659 6.2
      vertex -27 -44 6.2
      vertex -26.3827 -44.9239 6.2
    endloop
  endfacet
  facet normal 0 0 1
    outer loop
      vertex -27 -34 6.2
      vertex -26.6088 -33.2066 6.2
      vertex -26.7071 -33.2929 6.2
    endloop
  endfacet
  facet normal 0 0 1
    outer loop
      vertex -26.3827 -44.9239 6.2
      vertex -27 -44 6.2
      vertex -26.5 -44.866 6.2
    endloop
  endfacet
  facet normal 0 0 1
    outer loop
      vertex -27 -34 6.2
      vertex -26.7071 -33.2929 6.2
      vertex -26.7934 -33.3912 6.2
    endloop
  endfacet
  facet normal 0 0 1
    outer loop
      vertex -26.5 -44.866 6.2
      vertex -27 -44 6.2
      vertex -26.6088 -44.7934 6.2
    endloop
  endfacet
  facet normal 0 0 1
    outer loop
      vertex -27 -34 6.2
      vertex -26.7934 -33.3912 6.2
      vertex -26.866 -33.5 6.2
    endloop
  endfacet
  facet normal 0 0 1
    outer loop
      vertex -26.6088 -44.7934 6.2
      vertex -27 -44 6.2
      vertex -26.7071 -44.7071 6.2
    endloop
  endfacet
  facet normal 0 0 1
    outer loop
      vertex -27 -34 6.2
      vertex -26.866 -33.5 6.2
      vertex -26.9239 -33.6173 6.2
    endloop
  endfacet
  facet normal 0 0 1
    outer loop
      vertex -26.7071 -44.7071 6.2
      vertex -27 -44 6.2
      vertex -26.7934 -44.6088 6.2
    endloop
  endfacet
  facet normal 0 0 1
    outer loop
      vertex -27 -34 6.2
      vertex -26.9239 -33.6173 6.2
      vertex -26.9659 -33.7412 6.2
    endloop
  endfacet
  facet normal 0 0 1
    outer loop
      vertex -26.7934 -44.6088 6.2
      vertex -27 -44 6.2
      vertex -26.866 -44.5 6.2
    endloop
  endfacet
  facet normal 0 0 1
    outer loop
      vertex -27 -34 6.2
      vertex -26.9659 -33.7412 6.2
      vertex -26.9914 -33.8695 6.2
    endloop
  endfacet
  facet normal 0 0 1
    outer loop
      vertex -26.866 -44.5 6.2
      vertex -27 -44 6.2
      vertex -26.9239 -44.3827 6.2
    endloop
  endfacet
  facet normal 0 0 1
    outer loop
      vertex -26.9239 -44.3827 6.2
      vertex -27 -44 6.2
      vertex -26.9659 -44.2588 6.2
    endloop
  endfacet
  facet normal 0 0 1
    outer loop
      vertex -26.9659 -44.2588 6.2
      vertex -27 -44 6.2
      vertex -26.9914 -44.1305 6.2
    endloop
  endfacet
  facet normal 0.896709 -0.442621 1.82474e-22
    outer loop
      vertex -21.134 -44.5 6.2
      vertex -21.0761 -44.3827 2.2
      vertex -21.0761 -44.3827 6.2
    endloop
  endfacet
  facet normal 0.896709 -0.442621 1.82474e-22
    outer loop
      vertex -21.0761 -44.3827 2.2
      vertex -21.134 -44.5 6.2
      vertex -21.134 -44.5 2.2
    endloop
  endfacet
  facet normal 0.442621 0.896709 -0
    outer loop
      vertex -21.5 -33.134 2.2
      vertex -21.6173 -33.0761 6.2
      vertex -21.5 -33.134 6.2
    endloop
  endfacet
  facet normal 0.442621 0.896709 0
    outer loop
      vertex -21.6173 -33.0761 6.2
      vertex -21.5 -33.134 2.2
      vertex -21.6173 -33.0761 2.2
    endloop
  endfacet
  facet normal 0.997836 -0.0657577 1.18968e-19
    outer loop
      vertex -21.0086 -44.1305 6.2
      vertex -21 -44 5.15
      vertex -21 -44 6.2
    endloop
  endfacet
  facet normal 0.997836 -0.0657577 0
    outer loop
      vertex -21.0086 -44.1305 2.2
      vertex -21 -44 5.15
      vertex -21.0086 -44.1305 6.2
    endloop
  endfacet
  facet normal 0.997836 -0.0657577 0
    outer loop
      vertex -21 -44 5.15
      vertex -21.0086 -44.1305 2.2
      vertex -21 -44 2.2
    endloop
  endfacet
  facet normal 0.442621 -0.896709 0
    outer loop
      vertex -21.6173 -44.9239 2.2
      vertex -21.5 -44.866 6.2
      vertex -21.6173 -44.9239 6.2
    endloop
  endfacet
  facet normal 0.442621 -0.896709 0
    outer loop
      vertex -21.5 -44.866 6.2
      vertex -21.6173 -44.9239 2.2
      vertex -21.5 -44.866 2.2
    endloop
  endfacet
  facet normal 0.555053 -0.831815 0
    outer loop
      vertex -21.5 -44.866 2.2
      vertex -21.3912 -44.7934 6.2
      vertex -21.5 -44.866 6.2
    endloop
  endfacet
  facet normal 0.555053 -0.831815 0
    outer loop
      vertex -21.3912 -44.7934 6.2
      vertex -21.5 -44.866 2.2
      vertex -21.3912 -44.7934 2.2
    endloop
  endfacet
  facet normal 0.659749 -0.751486 0
    outer loop
      vertex 26.6088 -44.7934 2.2
      vertex 26.7071 -44.7071 6.2
      vertex 26.6088 -44.7934 6.2
    endloop
  endfacet
  facet normal 0.659749 -0.751486 0
    outer loop
      vertex 26.7071 -44.7071 6.2
      vertex 26.6088 -44.7934 2.2
      vertex 26.7071 -44.7071 2.2
    endloop
  endfacet
  facet normal 0.321039 -0.947066 0
    outer loop
      vertex 26.2588 -44.9659 2.2
      vertex 26.3827 -44.9239 6.2
      vertex 26.2588 -44.9659 6.2
    endloop
  endfacet
  facet normal 0.321039 -0.947066 0
    outer loop
      vertex 26.3827 -44.9239 6.2
      vertex 26.2588 -44.9659 2.2
      vertex 26.3827 -44.9239 2.2
    endloop
  endfacet
  facet normal 0.997836 0.0657577 -3.12291e-20
    outer loop
      vertex 27 -34 6.2
      vertex 26.9914 -33.8695 2.2
      vertex 26.9914 -33.8695 6.2
    endloop
  endfacet
  facet normal 0.997836 0.0657577 -3.12291e-20
    outer loop
      vertex 26.9914 -33.8695 2.2
      vertex 27 -34 6.2
      vertex 27 -34 2.2
    endloop
  endfacet
  facet normal 0.980815 -0.19494 1.1234e-19
    outer loop
      vertex 26.9659 -44.2588 6.2
      vertex 26.9914 -44.1305 2.2
      vertex 26.9914 -44.1305 6.2
    endloop
  endfacet
  facet normal 0.980815 -0.19494 1.1234e-19
    outer loop
      vertex 26.9914 -44.1305 2.2
      vertex 26.9659 -44.2588 6.2
      vertex 26.9659 -44.2588 2.2
    endloop
  endfacet
  facet normal 0.19494 -0.980815 0
    outer loop
      vertex 26.1305 -44.9914 2.2
      vertex 26.2588 -44.9659 6.2
      vertex 26.1305 -44.9914 6.2
    endloop
  endfacet
  facet normal 0.19494 -0.980815 0
    outer loop
      vertex 26.2588 -44.9659 6.2
      vertex 26.1305 -44.9914 2.2
      vertex 26.2588 -44.9659 2.2
    endloop
  endfacet
  facet normal 0.0657577 -0.997836 0
    outer loop
      vertex 26 -45 2.2
      vertex 26.1305 -44.9914 6.2
      vertex 26 -45 6.2
    endloop
  endfacet
  facet normal 0.0657577 -0.997836 0
    outer loop
      vertex 26.1305 -44.9914 6.2
      vertex 26 -45 2.2
      vertex 26.1305 -44.9914 2.2
    endloop
  endfacet
  facet normal 0 -1 0
    outer loop
      vertex 22 -45 2.2
      vertex 26 -45 6.2
      vertex 22 -45 6.2
    endloop
  endfacet
  facet normal 0 -1 -0
    outer loop
      vertex 26 -45 6.2
      vertex 22 -45 2.2
      vertex 26 -45 2.2
    endloop
  endfacet
  facet normal 0 0 1
    outer loop
      vertex 26 -33 6.2
      vertex 27 -34 6.2
      vertex 26.9914 -33.8695 6.2
    endloop
  endfacet
  facet normal 0 0 1
    outer loop
      vertex 27 -34 6.2
      vertex 21 -34 6.2
      vertex 27 -44 6.2
    endloop
  endfacet
  facet normal 0 0 1
    outer loop
      vertex 26 -33 6.2
      vertex 26.9914 -33.8695 6.2
      vertex 26.9659 -33.7412 6.2
    endloop
  endfacet
  facet normal 0 0 1
    outer loop
      vertex 21 -44 6.2
      vertex 27 -44 6.2
      vertex 21 -34 6.2
    endloop
  endfacet
  facet normal 0 0 1
    outer loop
      vertex 26 -33 6.2
      vertex 26.9659 -33.7412 6.2
      vertex 26.9239 -33.6173 6.2
    endloop
  endfacet
  facet normal 0 -0 1
    outer loop
      vertex 26 -45 6.2
      vertex 27 -44 6.2
      vertex 21 -44 6.2
    endloop
  endfacet
  facet normal 0 0 1
    outer loop
      vertex 26 -33 6.2
      vertex 26.9239 -33.6173 6.2
      vertex 26.866 -33.5 6.2
    endloop
  endfacet
  facet normal 0 0 1
    outer loop
      vertex 27 -44 6.2
      vertex 26 -45 6.2
      vertex 26.9914 -44.1305 6.2
    endloop
  endfacet
  facet normal 0 0 1
    outer loop
      vertex 26 -33 6.2
      vertex 26.866 -33.5 6.2
      vertex 26.7934 -33.3912 6.2
    endloop
  endfacet
  facet normal 0 0 1
    outer loop
      vertex 26.9914 -44.1305 6.2
      vertex 26 -45 6.2
      vertex 26.9659 -44.2588 6.2
    endloop
  endfacet
  facet normal 0 0 1
    outer loop
      vertex 26 -33 6.2
      vertex 26.7934 -33.3912 6.2
      vertex 26.7071 -33.2929 6.2
    endloop
  endfacet
  facet normal 0 0 1
    outer loop
      vertex 26.9659 -44.2588 6.2
      vertex 26 -45 6.2
      vertex 26.9239 -44.3827 6.2
    endloop
  endfacet
  facet normal 0 0 1
    outer loop
      vertex 26 -33 6.2
      vertex 26.7071 -33.2929 6.2
      vertex 26.6088 -33.2066 6.2
    endloop
  endfacet
  facet normal 0 0 1
    outer loop
      vertex 26.9239 -44.3827 6.2
      vertex 26 -45 6.2
      vertex 26.866 -44.5 6.2
    endloop
  endfacet
  facet normal 0 0 1
    outer loop
      vertex 26 -33 6.2
      vertex 26.6088 -33.2066 6.2
      vertex 26.5 -33.134 6.2
    endloop
  endfacet
  facet normal 0 0 1
    outer loop
      vertex 27 -34 6.2
      vertex 26 -33 6.2
      vertex 21 -34 6.2
    endloop
  endfacet
  facet normal 0 0 1
    outer loop
      vertex 26 -33 6.2
      vertex 26.5 -33.134 6.2
      vertex 26.3827 -33.0761 6.2
    endloop
  endfacet
  facet normal 0 0 1
    outer loop
      vertex 26.866 -44.5 6.2
      vertex 26 -45 6.2
      vertex 26.7934 -44.6088 6.2
    endloop
  endfacet
  facet normal 0 0 1
    outer loop
      vertex 26 -33 6.2
      vertex 26.3827 -33.0761 6.2
      vertex 26.2588 -33.0341 6.2
    endloop
  endfacet
  facet normal 0 0 1
    outer loop
      vertex 26.6088 -44.7934 6.2
      vertex 26 -45 6.2
      vertex 26.5 -44.866 6.2
    endloop
  endfacet
  facet normal 0 0 1
    outer loop
      vertex 26 -33 6.2
      vertex 26.2588 -33.0341 6.2
      vertex 26.1305 -33.0086 6.2
    endloop
  endfacet
  facet normal 0 0 1
    outer loop
      vertex 26.5 -44.866 6.2
      vertex 26 -45 6.2
      vertex 26.3827 -44.9239 6.2
    endloop
  endfacet
  facet normal 0 0 1
    outer loop
      vertex 26.3827 -44.9239 6.2
      vertex 26 -45 6.2
      vertex 26.2588 -44.9659 6.2
    endloop
  endfacet
  facet normal 0 0 1
    outer loop
      vertex 26.2588 -44.9659 6.2
      vertex 26 -45 6.2
      vertex 26.1305 -44.9914 6.2
    endloop
  endfacet
  facet normal 0 0 1
    outer loop
      vertex 21 -34 6.2
      vertex 26 -33 6.2
      vertex 22 -33 6.2
    endloop
  endfacet
  facet normal 0 0 1
    outer loop
      vertex 26.7934 -44.6088 6.2
      vertex 26 -45 6.2
      vertex 26.7071 -44.7071 6.2
    endloop
  endfacet
  facet normal 0 0 1
    outer loop
      vertex 21 -34 6.2
      vertex 22 -33 6.2
      vertex 21.8695 -33.0086 6.2
    endloop
  endfacet
  facet normal 0 0 1
    outer loop
      vertex 26.7071 -44.7071 6.2
      vertex 26 -45 6.2
      vertex 26.6088 -44.7934 6.2
    endloop
  endfacet
  facet normal 0 0 1
    outer loop
      vertex 21 -34 6.2
      vertex 21.8695 -33.0086 6.2
      vertex 21.7412 -33.0341 6.2
    endloop
  endfacet
  facet normal 0 0 1
    outer loop
      vertex 26 -45 6.2
      vertex 21 -44 6.2
      vertex 22 -45 6.2
    endloop
  endfacet
  facet normal 0 0 1
    outer loop
      vertex 21 -34 6.2
      vertex 21.7412 -33.0341 6.2
      vertex 21.6173 -33.0761 6.2
    endloop
  endfacet
  facet normal 0 0 1
    outer loop
      vertex 22 -45 6.2
      vertex 21 -44 6.2
      vertex 21.8695 -44.9914 6.2
    endloop
  endfacet
  facet normal 0 0 1
    outer loop
      vertex 21 -34 6.2
      vertex 21.6173 -33.0761 6.2
      vertex 21.5 -33.134 6.2
    endloop
  endfacet
  facet normal 0 0 1
    outer loop
      vertex 21.8695 -44.9914 6.2
      vertex 21 -44 6.2
      vertex 21.7412 -44.9659 6.2
    endloop
  endfacet
  facet normal 0 0 1
    outer loop
      vertex 21 -34 6.2
      vertex 21.5 -33.134 6.2
      vertex 21.3912 -33.2066 6.2
    endloop
  endfacet
  facet normal 0 0 1
    outer loop
      vertex 21.7412 -44.9659 6.2
      vertex 21 -44 6.2
      vertex 21.6173 -44.9239 6.2
    endloop
  endfacet
  facet normal 0 0 1
    outer loop
      vertex 21 -34 6.2
      vertex 21.3912 -33.2066 6.2
      vertex 21.2929 -33.2929 6.2
    endloop
  endfacet
  facet normal 0 0 1
    outer loop
      vertex 21.6173 -44.9239 6.2
      vertex 21 -44 6.2
      vertex 21.5 -44.866 6.2
    endloop
  endfacet
  facet normal 0 0 1
    outer loop
      vertex 21 -34 6.2
      vertex 21.2929 -33.2929 6.2
      vertex 21.2066 -33.3912 6.2
    endloop
  endfacet
  facet normal 0 0 1
    outer loop
      vertex 21.5 -44.866 6.2
      vertex 21 -44 6.2
      vertex 21.3912 -44.7934 6.2
    endloop
  endfacet
  facet normal 0 0 1
    outer loop
      vertex 21 -34 6.2
      vertex 21.2066 -33.3912 6.2
      vertex 21.134 -33.5 6.2
    endloop
  endfacet
  facet normal 0 0 1
    outer loop
      vertex 21.3912 -44.7934 6.2
      vertex 21 -44 6.2
      vertex 21.2929 -44.7071 6.2
    endloop
  endfacet
  facet normal 0 0 1
    outer loop
      vertex 21 -34 6.2
      vertex 21.134 -33.5 6.2
      vertex 21.0761 -33.6173 6.2
    endloop
  endfacet
  facet normal 0 0 1
    outer loop
      vertex 21.2929 -44.7071 6.2
      vertex 21 -44 6.2
      vertex 21.2066 -44.6088 6.2
    endloop
  endfacet
  facet normal 0 0 1
    outer loop
      vertex 21 -34 6.2
      vertex 21.0761 -33.6173 6.2
      vertex 21.0341 -33.7412 6.2
    endloop
  endfacet
  facet normal 0 0 1
    outer loop
      vertex 21.2066 -44.6088 6.2
      vertex 21 -44 6.2
      vertex 21.134 -44.5 6.2
    endloop
  endfacet
  facet normal 0 0 1
    outer loop
      vertex 21 -34 6.2
      vertex 21.0341 -33.7412 6.2
      vertex 21.0086 -33.8695 6.2
    endloop
  endfacet
  facet normal 0 0 1
    outer loop
      vertex 21.134 -44.5 6.2
      vertex 21 -44 6.2
      vertex 21.0761 -44.3827 6.2
    endloop
  endfacet
  facet normal 0 0 1
    outer loop
      vertex 21.0761 -44.3827 6.2
      vertex 21 -44 6.2
      vertex 21.0341 -44.2588 6.2
    endloop
  endfacet
  facet normal 0 0 1
    outer loop
      vertex 21.0341 -44.2588 6.2
      vertex 21 -44 6.2
      vertex 21.0086 -44.1305 6.2
    endloop
  endfacet
  facet normal 0.321039 0.947066 -0
    outer loop
      vertex 26.3827 -33.0761 2.2
      vertex 26.2588 -33.0341 6.2
      vertex 26.3827 -33.0761 6.2
    endloop
  endfacet
  facet normal 0.321039 0.947066 0
    outer loop
      vertex 26.2588 -33.0341 6.2
      vertex 26.3827 -33.0761 2.2
      vertex 26.2588 -33.0341 2.2
    endloop
  endfacet
  facet normal -0.831815 -0.555053 -1.3286e-18
    outer loop
      vertex 21.2066 -44.6088 2.2
      vertex 21.134 -44.5 6.2
      vertex 21.134 -44.5 2.2
    endloop
  endfacet
  facet normal -0.831815 -0.555053 -1.3286e-18
    outer loop
      vertex 21.134 -44.5 6.2
      vertex 21.2066 -44.6088 2.2
      vertex 21.2066 -44.6088 6.2
    endloop
  endfacet
  facet normal -0.947066 0.321039 -4.01954e-19
    outer loop
      vertex 21.0341 -33.7412 2.2
      vertex 21.0761 -33.6173 6.2
      vertex 21.0761 -33.6173 2.2
    endloop
  endfacet
  facet normal -0.947066 0.321039 -4.01954e-19
    outer loop
      vertex 21.0761 -33.6173 6.2
      vertex 21.0341 -33.7412 2.2
      vertex 21.0341 -33.7412 6.2
    endloop
  endfacet
  facet normal -0.19494 0.980815 0
    outer loop
      vertex 21.8695 -33.0086 2.2
      vertex 21.7412 -33.0341 6.2
      vertex 21.8695 -33.0086 6.2
    endloop
  endfacet
  facet normal -0.19494 0.980815 0
    outer loop
      vertex 21.7412 -33.0341 6.2
      vertex 21.8695 -33.0086 2.2
      vertex 21.7412 -33.0341 2.2
    endloop
  endfacet
  facet normal 0 1 -0
    outer loop
      vertex 26 -33 2.2
      vertex 22 -33 6.2
      vertex 26 -33 6.2
    endloop
  endfacet
  facet normal 0 1 0
    outer loop
      vertex 22 -33 6.2
      vertex 26 -33 2.2
      vertex 22 -33 2.2
    endloop
  endfacet
  facet normal 1 0 0
    outer loop
      vertex 27 -34 6.2
      vertex 27 -35 4.6
      vertex 27 -34 2.2
    endloop
  endfacet
  facet normal 1 0 0
    outer loop
      vertex 27 -34 6.2
      vertex 27 -43 4.6
      vertex 27 -35 4.6
    endloop
  endfacet
  facet normal 1 0 0
    outer loop
      vertex 27 -44 2.2
      vertex 27 -43 4.6
      vertex 27 -44 6.2
    endloop
  endfacet
  facet normal 1 -0 0
    outer loop
      vertex 27 -44 6.2
      vertex 27 -43 4.6
      vertex 27 -34 6.2
    endloop
  endfacet
  facet normal 1 -0 0
    outer loop
      vertex 27 -35 2.8
      vertex 27 -34 2.2
      vertex 27 -35 4.6
    endloop
  endfacet
  facet normal 1 -0 0
    outer loop
      vertex 27 -43 2.8
      vertex 27 -34 2.2
      vertex 27 -35 2.8
    endloop
  endfacet
  facet normal 1 0 0
    outer loop
      vertex 27 -43 2.8
      vertex 27 -44 2.2
      vertex 27 -34 2.2
    endloop
  endfacet
  facet normal 1 0 0
    outer loop
      vertex 27 -43 4.6
      vertex 27 -44 2.2
      vertex 27 -43 2.8
    endloop
  endfacet
  facet normal 0.831815 -0.555053 1.3286e-18
    outer loop
      vertex 26.7934 -44.6088 6.2
      vertex 26.866 -44.5 2.2
      vertex 26.866 -44.5 6.2
    endloop
  endfacet
  facet normal 0.831815 -0.555053 1.3286e-18
    outer loop
      vertex 26.866 -44.5 2.2
      vertex 26.7934 -44.6088 6.2
      vertex 26.7934 -44.6088 2.2
    endloop
  endfacet
  facet normal -0.0657577 -0.997836 0
    outer loop
      vertex 21.8695 -44.9914 2.2
      vertex 22 -45 6.2
      vertex 21.8695 -44.9914 6.2
    endloop
  endfacet
  facet normal -0.0657577 -0.997836 -0
    outer loop
      vertex 22 -45 6.2
      vertex 21.8695 -44.9914 2.2
      vertex 22 -45 2.2
    endloop
  endfacet
  facet normal -0.0657577 0.997836 0
    outer loop
      vertex 22 -33 2.2
      vertex 21.8695 -33.0086 6.2
      vertex 22 -33 6.2
    endloop
  endfacet
  facet normal -0.0657577 0.997836 0
    outer loop
      vertex 21.8695 -33.0086 6.2
      vertex 22 -33 2.2
      vertex 21.8695 -33.0086 2.2
    endloop
  endfacet
  facet normal -0.751486 0.659749 -1.17205e-18
    outer loop
      vertex 21.2066 -33.3912 2.2
      vertex 21.2929 -33.2929 6.2
      vertex 21.2929 -33.2929 2.2
    endloop
  endfacet
  facet normal -0.751486 0.659749 -1.17205e-18
    outer loop
      vertex 21.2929 -33.2929 6.2
      vertex 21.2066 -33.3912 2.2
      vertex 21.2066 -33.3912 6.2
    endloop
  endfacet
  facet normal 0.555053 0.831815 -0
    outer loop
      vertex 26.6088 -33.2066 2.2
      vertex 26.5 -33.134 6.2
      vertex 26.6088 -33.2066 6.2
    endloop
  endfacet
  facet normal 0.555053 0.831815 0
    outer loop
      vertex 26.5 -33.134 6.2
      vertex 26.6088 -33.2066 2.2
      vertex 26.5 -33.134 2.2
    endloop
  endfacet
  facet normal -0.555053 -0.831815 0
    outer loop
      vertex 21.3912 -44.7934 2.2
      vertex 21.5 -44.866 6.2
      vertex 21.3912 -44.7934 6.2
    endloop
  endfacet
  facet normal -0.555053 -0.831815 -0
    outer loop
      vertex 21.5 -44.866 6.2
      vertex 21.3912 -44.7934 2.2
      vertex 21.5 -44.866 2.2
    endloop
  endfacet
  facet normal 0.19494 0.980815 -0
    outer loop
      vertex 26.2588 -33.0341 2.2
      vertex 26.1305 -33.0086 6.2
      vertex 26.2588 -33.0341 6.2
    endloop
  endfacet
  facet normal 0.19494 0.980815 0
    outer loop
      vertex 26.1305 -33.0086 6.2
      vertex 26.2588 -33.0341 2.2
      vertex 26.1305 -33.0086 2.2
    endloop
  endfacet
  facet normal -0.997836 0.0657577 0
    outer loop
      vertex 21 -34 5.15
      vertex 21.0086 -33.8695 2.2
      vertex 21 -34 2.2
    endloop
  endfacet
  facet normal -0.997836 0.0657577 0
    outer loop
      vertex 21.0086 -33.8695 2.2
      vertex 21 -34 5.15
      vertex 21.0086 -33.8695 6.2
    endloop
  endfacet
  facet normal -0.997836 0.0657577 1.18968e-19
    outer loop
      vertex 21.0086 -33.8695 6.2
      vertex 21 -34 5.15
      vertex 21 -34 6.2
    endloop
  endfacet
  facet normal -0.442621 0.896709 0
    outer loop
      vertex 21.6173 -33.0761 2.2
      vertex 21.5 -33.134 6.2
      vertex 21.6173 -33.0761 6.2
    endloop
  endfacet
  facet normal -0.442621 0.896709 0
    outer loop
      vertex 21.5 -33.134 6.2
      vertex 21.6173 -33.0761 2.2
      vertex 21.5 -33.134 2.2
    endloop
  endfacet
  facet normal 0.947066 0.321039 4.01954e-19
    outer loop
      vertex 26.9659 -33.7412 6.2
      vertex 26.9239 -33.6173 2.2
      vertex 26.9239 -33.6173 6.2
    endloop
  endfacet
  facet normal 0.947066 0.321039 4.01954e-19
    outer loop
      vertex 26.9239 -33.6173 2.2
      vertex 26.9659 -33.7412 6.2
      vertex 26.9659 -33.7412 2.2
    endloop
  endfacet
  facet normal -0.896709 0.442621 1.82474e-22
    outer loop
      vertex 21.0761 -33.6173 2.2
      vertex 21.134 -33.5 6.2
      vertex 21.134 -33.5 2.2
    endloop
  endfacet
  facet normal -0.896709 0.442621 1.82474e-22
    outer loop
      vertex 21.134 -33.5 6.2
      vertex 21.0761 -33.6173 2.2
      vertex 21.0761 -33.6173 6.2
    endloop
  endfacet
  facet normal 0.751486 0.659749 1.17205e-18
    outer loop
      vertex 26.7934 -33.3912 6.2
      vertex 26.7071 -33.2929 2.2
      vertex 26.7071 -33.2929 6.2
    endloop
  endfacet
  facet normal 0.751486 0.659749 1.17205e-18
    outer loop
      vertex 26.7071 -33.2929 2.2
      vertex 26.7934 -33.3912 6.2
      vertex 26.7934 -33.3912 2.2
    endloop
  endfacet
  facet normal -0.321039 0.947066 0
    outer loop
      vertex 21.7412 -33.0341 2.2
      vertex 21.6173 -33.0761 6.2
      vertex 21.7412 -33.0341 6.2
    endloop
  endfacet
  facet normal -0.321039 0.947066 0
    outer loop
      vertex 21.6173 -33.0761 6.2
      vertex 21.7412 -33.0341 2.2
      vertex 21.6173 -33.0761 2.2
    endloop
  endfacet
  facet normal 0.947066 -0.321039 -4.01954e-19
    outer loop
      vertex 26.9239 -44.3827 6.2
      vertex 26.9659 -44.2588 2.2
      vertex 26.9659 -44.2588 6.2
    endloop
  endfacet
  facet normal 0.947066 -0.321039 -4.01954e-19
    outer loop
      vertex 26.9659 -44.2588 2.2
      vertex 26.9239 -44.3827 6.2
      vertex 26.9239 -44.3827 2.2
    endloop
  endfacet
  facet normal -0.896709 -0.442621 -1.82474e-22
    outer loop
      vertex 21.134 -44.5 2.2
      vertex 21.0761 -44.3827 6.2
      vertex 21.0761 -44.3827 2.2
    endloop
  endfacet
  facet normal -0.896709 -0.442621 -1.82474e-22
    outer loop
      vertex 21.0761 -44.3827 6.2
      vertex 21.134 -44.5 2.2
      vertex 21.134 -44.5 6.2
    endloop
  endfacet
  facet normal -0.751486 -0.659749 1.17205e-18
    outer loop
      vertex 21.2929 -44.7071 2.2
      vertex 21.2066 -44.6088 6.2
      vertex 21.2066 -44.6088 2.2
    endloop
  endfacet
  facet normal -0.751486 -0.659749 1.17205e-18
    outer loop
      vertex 21.2066 -44.6088 6.2
      vertex 21.2929 -44.7071 2.2
      vertex 21.2929 -44.7071 6.2
    endloop
  endfacet
  facet normal -0.555053 0.831815 0
    outer loop
      vertex 21.5 -33.134 2.2
      vertex 21.3912 -33.2066 6.2
      vertex 21.5 -33.134 6.2
    endloop
  endfacet
  facet normal -0.555053 0.831815 0
    outer loop
      vertex 21.3912 -33.2066 6.2
      vertex 21.5 -33.134 2.2
      vertex 21.3912 -33.2066 2.2
    endloop
  endfacet
  facet normal -0.321039 -0.947066 0
    outer loop
      vertex 21.6173 -44.9239 2.2
      vertex 21.7412 -44.9659 6.2
      vertex 21.6173 -44.9239 6.2
    endloop
  endfacet
  facet normal -0.321039 -0.947066 -0
    outer loop
      vertex 21.7412 -44.9659 6.2
      vertex 21.6173 -44.9239 2.2
      vertex 21.7412 -44.9659 2.2
    endloop
  endfacet
  facet normal 0.831815 0.555053 -1.3286e-18
    outer loop
      vertex 26.866 -33.5 6.2
      vertex 26.7934 -33.3912 2.2
      vertex 26.7934 -33.3912 6.2
    endloop
  endfacet
  facet normal 0.831815 0.555053 -1.3286e-18
    outer loop
      vertex 26.7934 -33.3912 2.2
      vertex 26.866 -33.5 6.2
      vertex 26.866 -33.5 2.2
    endloop
  endfacet
  facet normal 0.0657577 0.997836 -0
    outer loop
      vertex 26.1305 -33.0086 2.2
      vertex 26 -33 6.2
      vertex 26.1305 -33.0086 6.2
    endloop
  endfacet
  facet normal 0.0657577 0.997836 0
    outer loop
      vertex 26 -33 6.2
      vertex 26.1305 -33.0086 2.2
      vertex 26 -33 2.2
    endloop
  endfacet
  facet normal -0.831815 0.555053 1.3286e-18
    outer loop
      vertex 21.134 -33.5 2.2
      vertex 21.2066 -33.3912 6.2
      vertex 21.2066 -33.3912 2.2
    endloop
  endfacet
  facet normal -0.831815 0.555053 1.3286e-18
    outer loop
      vertex 21.2066 -33.3912 6.2
      vertex 21.134 -33.5 2.2
      vertex 21.134 -33.5 6.2
    endloop
  endfacet
  facet normal -0.947066 -0.321039 4.01954e-19
    outer loop
      vertex 21.0761 -44.3827 2.2
      vertex 21.0341 -44.2588 6.2
      vertex 21.0341 -44.2588 2.2
    endloop
  endfacet
  facet normal -0.947066 -0.321039 4.01954e-19
    outer loop
      vertex 21.0341 -44.2588 6.2
      vertex 21.0761 -44.3827 2.2
      vertex 21.0761 -44.3827 6.2
    endloop
  endfacet
  facet normal 0.980815 0.19494 -1.1234e-19
    outer loop
      vertex 26.9914 -33.8695 6.2
      vertex 26.9659 -33.7412 2.2
      vertex 26.9659 -33.7412 6.2
    endloop
  endfacet
  facet normal 0.980815 0.19494 -1.1234e-19
    outer loop
      vertex 26.9659 -33.7412 2.2
      vertex 26.9914 -33.8695 6.2
      vertex 26.9914 -33.8695 2.2
    endloop
  endfacet
  facet normal 0.896709 0.442621 -1.82474e-22
    outer loop
      vertex 26.9239 -33.6173 6.2
      vertex 26.866 -33.5 2.2
      vertex 26.866 -33.5 6.2
    endloop
  endfacet
  facet normal 0.896709 0.442621 -1.82474e-22
    outer loop
      vertex 26.866 -33.5 2.2
      vertex 26.9239 -33.6173 6.2
      vertex 26.9239 -33.6173 2.2
    endloop
  endfacet
  facet normal -0.19494 -0.980815 0
    outer loop
      vertex 21.7412 -44.9659 2.2
      vertex 21.8695 -44.9914 6.2
      vertex 21.7412 -44.9659 6.2
    endloop
  endfacet
  facet normal -0.19494 -0.980815 -0
    outer loop
      vertex 21.8695 -44.9914 6.2
      vertex 21.7412 -44.9659 2.2
      vertex 21.8695 -44.9914 2.2
    endloop
  endfacet
  facet normal -0.980815 0.19494 1.1234e-19
    outer loop
      vertex 21.0086 -33.8695 2.2
      vertex 21.0341 -33.7412 6.2
      vertex 21.0341 -33.7412 2.2
    endloop
  endfacet
  facet normal -0.980815 0.19494 1.1234e-19
    outer loop
      vertex 21.0341 -33.7412 6.2
      vertex 21.0086 -33.8695 2.2
      vertex 21.0086 -33.8695 6.2
    endloop
  endfacet
  facet normal -0.659749 -0.751486 0
    outer loop
      vertex 21.2929 -44.7071 2.2
      vertex 21.3912 -44.7934 6.2
      vertex 21.2929 -44.7071 6.2
    endloop
  endfacet
  facet normal -0.659749 -0.751486 -0
    outer loop
      vertex 21.3912 -44.7934 6.2
      vertex 21.2929 -44.7071 2.2
      vertex 21.3912 -44.7934 2.2
    endloop
  endfacet
  facet normal -0.442621 -0.896709 0
    outer loop
      vertex 21.5 -44.866 2.2
      vertex 21.6173 -44.9239 6.2
      vertex 21.5 -44.866 6.2
    endloop
  endfacet
  facet normal -0.442621 -0.896709 -0
    outer loop
      vertex 21.6173 -44.9239 6.2
      vertex 21.5 -44.866 2.2
      vertex 21.6173 -44.9239 2.2
    endloop
  endfacet
  facet normal -0.659749 0.751486 0
    outer loop
      vertex 21.3912 -33.2066 2.2
      vertex 21.2929 -33.2929 6.2
      vertex 21.3912 -33.2066 6.2
    endloop
  endfacet
  facet normal -0.659749 0.751486 0
    outer loop
      vertex 21.2929 -33.2929 6.2
      vertex 21.3912 -33.2066 2.2
      vertex 21.2929 -33.2929 2.2
    endloop
  endfacet
  facet normal 0.751486 -0.659749 -1.17205e-18
    outer loop
      vertex 26.7071 -44.7071 6.2
      vertex 26.7934 -44.6088 2.2
      vertex 26.7934 -44.6088 6.2
    endloop
  endfacet
  facet normal 0.751486 -0.659749 -1.17205e-18
    outer loop
      vertex 26.7934 -44.6088 2.2
      vertex 26.7071 -44.7071 6.2
      vertex 26.7071 -44.7071 2.2
    endloop
  endfacet
  facet normal 0.659749 0.751486 -0
    outer loop
      vertex 26.7071 -33.2929 2.2
      vertex 26.6088 -33.2066 6.2
      vertex 26.7071 -33.2929 6.2
    endloop
  endfacet
  facet normal 0.659749 0.751486 0
    outer loop
      vertex 26.6088 -33.2066 6.2
      vertex 26.7071 -33.2929 2.2
      vertex 26.6088 -33.2066 2.2
    endloop
  endfacet
  facet normal -0.980815 -0.19494 -1.1234e-19
    outer loop
      vertex 21.0341 -44.2588 2.2
      vertex 21.0086 -44.1305 6.2
      vertex 21.0086 -44.1305 2.2
    endloop
  endfacet
  facet normal -0.980815 -0.19494 -1.1234e-19
    outer loop
      vertex 21.0086 -44.1305 6.2
      vertex 21.0341 -44.2588 2.2
      vertex 21.0341 -44.2588 6.2
    endloop
  endfacet
  facet normal -0.997836 -0.0657577 -4.23445e-20
    outer loop
      vertex 21.0086 -44.1305 2.2
      vertex 21 -44 5.15
      vertex 21 -44 2.2
    endloop
  endfacet
  facet normal -0.997836 -0.0657577 -0
    outer loop
      vertex 21.0086 -44.1305 6.2
      vertex 21 -44 5.15
      vertex 21.0086 -44.1305 2.2
    endloop
  endfacet
  facet normal -0.997836 -0.0657577 0
    outer loop
      vertex 21 -44 5.15
      vertex 21.0086 -44.1305 6.2
      vertex 21 -44 6.2
    endloop
  endfacet
  facet normal 0.896709 -0.442621 1.82474e-22
    outer loop
      vertex 26.866 -44.5 6.2
      vertex 26.9239 -44.3827 2.2
      vertex 26.9239 -44.3827 6.2
    endloop
  endfacet
  facet normal 0.896709 -0.442621 1.82474e-22
    outer loop
      vertex 26.9239 -44.3827 2.2
      vertex 26.866 -44.5 6.2
      vertex 26.866 -44.5 2.2
    endloop
  endfacet
  facet normal 0.442621 0.896709 -0
    outer loop
      vertex 26.5 -33.134 2.2
      vertex 26.3827 -33.0761 6.2
      vertex 26.5 -33.134 6.2
    endloop
  endfacet
  facet normal 0.442621 0.896709 0
    outer loop
      vertex 26.3827 -33.0761 6.2
      vertex 26.5 -33.134 2.2
      vertex 26.3827 -33.0761 2.2
    endloop
  endfacet
  facet normal 0.997836 -0.0657577 3.12291e-20
    outer loop
      vertex 26.9914 -44.1305 6.2
      vertex 27 -44 2.2
      vertex 27 -44 6.2
    endloop
  endfacet
  facet normal 0.997836 -0.0657577 3.12291e-20
    outer loop
      vertex 27 -44 2.2
      vertex 26.9914 -44.1305 6.2
      vertex 26.9914 -44.1305 2.2
    endloop
  endfacet
  facet normal 0.442621 -0.896709 0
    outer loop
      vertex 26.3827 -44.9239 2.2
      vertex 26.5 -44.866 6.2
      vertex 26.3827 -44.9239 6.2
    endloop
  endfacet
  facet normal 0.442621 -0.896709 0
    outer loop
      vertex 26.5 -44.866 6.2
      vertex 26.3827 -44.9239 2.2
      vertex 26.5 -44.866 2.2
    endloop
  endfacet
  facet normal 0.555053 -0.831815 0
    outer loop
      vertex 26.5 -44.866 2.2
      vertex 26.6088 -44.7934 6.2
      vertex 26.5 -44.866 6.2
    endloop
  endfacet
  facet normal 0.555053 -0.831815 0
    outer loop
      vertex 26.6088 -44.7934 6.2
      vertex 26.5 -44.866 2.2
      vertex 26.6088 -44.7934 2.2
    endloop
  endfacet
  facet normal 0.555607 -0.831445 0
    outer loop
      vertex -27.25 36.9689 2.2
      vertex -26.8693 37.2233 6.6
      vertex -27.25 36.9689 6.6
    endloop
  endfacet
  facet normal 0.555607 -0.831445 0
    outer loop
      vertex -26.8693 37.2233 6.6
      vertex -27.25 36.9689 2.2
      vertex -26.8693 37.2233 2.2
    endloop
  endfacet
  facet normal 0.980757 0.195234 1.36345e-18
    outer loop
      vertex -25.5299 40.4568 6.6
      vertex -25.6193 40.9059 2.2
      vertex -25.6193 40.9059 6.6
    endloop
  endfacet
  facet normal 0.980757 0.195234 1.36345e-18
    outer loop
      vertex -25.6193 40.9059 2.2
      vertex -25.5299 40.4568 6.6
      vertex -25.5299 40.4568 2.2
    endloop
  endfacet
  facet normal 0.997865 0.0653156 3.40551e-19
    outer loop
      vertex -25.5 40 6.6
      vertex -25.5299 40.4568 2.2
      vertex -25.5299 40.4568 6.6
    endloop
  endfacet
  facet normal 0.997865 0.0653156 3.40551e-19
    outer loop
      vertex -25.5299 40.4568 2.2
      vertex -25.5 40 6.6
      vertex -25.5 40 2.2
    endloop
  endfacet
  facet normal -0.831445 -0.555607 2.99118e-18
    outer loop
      vertex -31.7767 37.8693 2.2
      vertex -32.0311 38.25 6.6
      vertex -32.0311 38.25 2.2
    endloop
  endfacet
  facet normal -0.831445 -0.555607 2.99118e-18
    outer loop
      vertex -32.0311 38.25 6.6
      vertex -31.7767 37.8693 2.2
      vertex -31.7767 37.8693 6.6
    endloop
  endfacet
  facet normal 0 0 1
    outer loop
      vertex -26.6 40 6.6
      vertex -25.5 40 6.6
      vertex -25.5299 40.4568 6.6
    endloop
  endfacet
  facet normal 0 0 1
    outer loop
      vertex -26.6 40 6.6
      vertex -25.5299 40.4568 6.6
      vertex -25.6193 40.9059 6.6
    endloop
  endfacet
  facet normal 0 0 1
    outer loop
      vertex -25.5 40 6.6
      vertex -26.6 40 6.6
      vertex -25.5299 39.5432 6.6
    endloop
  endfacet
  facet normal 0 0 1
    outer loop
      vertex -26.6 40 6.6
      vertex -25.6193 40.9059 6.6
      vertex -25.7664 41.3394 6.6
    endloop
  endfacet
  facet normal 0 0 1
    outer loop
      vertex -25.5299 39.5432 6.6
      vertex -26.6 40 6.6
      vertex -25.6193 39.0941 6.6
    endloop
  endfacet
  facet normal 0 0 1
    outer loop
      vertex -26.6 40 6.6
      vertex -25.7664 41.3394 6.6
      vertex -25.9689 41.75 6.6
    endloop
  endfacet
  facet normal 0 0 1
    outer loop
      vertex -25.6193 39.0941 6.6
      vertex -26.6 40 6.6
      vertex -25.7664 38.6606 6.6
    endloop
  endfacet
  facet normal -0 0 1
    outer loop
      vertex -27.8 42.0785 6.6
      vertex -25.9689 41.75 6.6
      vertex -26.2233 42.1307 6.6
    endloop
  endfacet
  facet normal 0 0 1
    outer loop
      vertex -25.7664 38.6606 6.6
      vertex -26.6 40 6.6
      vertex -25.9689 38.25 6.6
    endloop
  endfacet
  facet normal 0 0 1
    outer loop
      vertex -27.8 42.0785 6.6
      vertex -26.2233 42.1307 6.6
      vertex -26.5251 42.4749 6.6
    endloop
  endfacet
  facet normal 0 0 1
    outer loop
      vertex -27.8 37.9215 6.6
      vertex -25.9689 38.25 6.6
      vertex -26.6 40 6.6
    endloop
  endfacet
  facet normal 0 0 1
    outer loop
      vertex -25.9689 38.25 6.6
      vertex -27.8 37.9215 6.6
      vertex -26.2233 37.8693 6.6
    endloop
  endfacet
  facet normal 0 0 1
    outer loop
      vertex -27.8 42.0785 6.6
      vertex -26.5251 42.4749 6.6
      vertex -26.8693 42.7767 6.6
    endloop
  endfacet
  facet normal 0 0 1
    outer loop
      vertex -27.8 42.0785 6.6
      vertex -26.8693 42.7767 6.6
      vertex -27.25 43.0311 6.6
    endloop
  endfacet
  facet normal 0 0 1
    outer loop
      vertex -27.8 42.0785 6.6
      vertex -27.25 43.0311 6.6
      vertex -27.6606 43.2336 6.6
    endloop
  endfacet
  facet normal 0 0 1
    outer loop
      vertex -25.9689 41.75 6.6
      vertex -27.8 42.0785 6.6
      vertex -26.6 40 6.6
    endloop
  endfacet
  facet normal 0 0 1
    outer loop
      vertex -28.0941 43.3807 6.6
      vertex -27.8 42.0785 6.6
      vertex -27.6606 43.2336 6.6
    endloop
  endfacet
  facet normal 0 0 1
    outer loop
      vertex -28.5432 43.4701 6.6
      vertex -27.8 42.0785 6.6
      vertex -28.0941 43.3807 6.6
    endloop
  endfacet
  facet normal 0 0 1
    outer loop
      vertex -29 43.5 6.6
      vertex -27.8 42.0785 6.6
      vertex -28.5432 43.4701 6.6
    endloop
  endfacet
  facet normal 0 0 1
    outer loop
      vertex -30.2 42.0785 6.6
      vertex -29 43.5 6.6
      vertex -29.4568 43.4701 6.6
    endloop
  endfacet
  facet normal 0 0 1
    outer loop
      vertex -30.2 42.0785 6.6
      vertex -29.4568 43.4701 6.6
      vertex -29.9059 43.3807 6.6
    endloop
  endfacet
  facet normal 0 0 1
    outer loop
      vertex -29 43.5 6.6
      vertex -30.2 42.0785 6.6
      vertex -27.8 42.0785 6.6
    endloop
  endfacet
  facet normal -0 0 1
    outer loop
      vertex -30.3394 43.2336 6.6
      vertex -30.2 42.0785 6.6
      vertex -29.9059 43.3807 6.6
    endloop
  endfacet
  facet normal -0 0 1
    outer loop
      vertex -30.75 43.0311 6.6
      vertex -30.2 42.0785 6.6
      vertex -30.3394 43.2336 6.6
    endloop
  endfacet
  facet normal -0 0 1
    outer loop
      vertex -31.1307 42.7767 6.6
      vertex -30.2 42.0785 6.6
      vertex -30.75 43.0311 6.6
    endloop
  endfacet
  facet normal -0 0 1
    outer loop
      vertex -31.4749 42.4749 6.6
      vertex -30.2 42.0785 6.6
      vertex -31.1307 42.7767 6.6
    endloop
  endfacet
  facet normal -0 0 1
    outer loop
      vertex -31.7767 42.1307 6.6
      vertex -30.2 42.0785 6.6
      vertex -31.4749 42.4749 6.6
    endloop
  endfacet
  facet normal 0 0 1
    outer loop
      vertex -26.2233 37.8693 6.6
      vertex -27.8 37.9215 6.6
      vertex -26.5251 37.5251 6.6
    endloop
  endfacet
  facet normal 0 0 1
    outer loop
      vertex -26.5251 37.5251 6.6
      vertex -27.8 37.9215 6.6
      vertex -26.8693 37.2233 6.6
    endloop
  endfacet
  facet normal 0 0 1
    outer loop
      vertex -26.8693 37.2233 6.6
      vertex -27.8 37.9215 6.6
      vertex -27.25 36.9689 6.6
    endloop
  endfacet
  facet normal 0 0 1
    outer loop
      vertex -27.25 36.9689 6.6
      vertex -27.8 37.9215 6.6
      vertex -27.6606 36.7664 6.6
    endloop
  endfacet
  facet normal 0 0 1
    outer loop
      vertex -27.8 37.9215 6.6
      vertex -28.0941 36.6193 6.6
      vertex -27.6606 36.7664 6.6
    endloop
  endfacet
  facet normal 0 0 1
    outer loop
      vertex -27.8 37.9215 6.6
      vertex -28.5432 36.5299 6.6
      vertex -28.0941 36.6193 6.6
    endloop
  endfacet
  facet normal 0 0 1
    outer loop
      vertex -27.8 37.9215 6.6
      vertex -29 36.5 6.6
      vertex -28.5432 36.5299 6.6
    endloop
  endfacet
  facet normal -0 0 1
    outer loop
      vertex -30.2 37.9215 6.6
      vertex -29 36.5 6.6
      vertex -27.8 37.9215 6.6
    endloop
  endfacet
  facet normal 0 0 1
    outer loop
      vertex -29 36.5 6.6
      vertex -30.2 37.9215 6.6
      vertex -29.4568 36.5299 6.6
    endloop
  endfacet
  facet normal 0 0 1
    outer loop
      vertex -29.4568 36.5299 6.6
      vertex -30.2 37.9215 6.6
      vertex -29.9059 36.6193 6.6
    endloop
  endfacet
  facet normal 0 0 1
    outer loop
      vertex -30.2 37.9215 6.6
      vertex -30.3394 36.7664 6.6
      vertex -29.9059 36.6193 6.6
    endloop
  endfacet
  facet normal 0 0 1
    outer loop
      vertex -30.2 37.9215 6.6
      vertex -30.75 36.9689 6.6
      vertex -30.3394 36.7664 6.6
    endloop
  endfacet
  facet normal 0 0 1
    outer loop
      vertex -30.2 37.9215 6.6
      vertex -31.1307 37.2233 6.6
      vertex -30.75 36.9689 6.6
    endloop
  endfacet
  facet normal -0 0 1
    outer loop
      vertex -32.0311 38.25 6.6
      vertex -30.2 37.9215 6.6
      vertex -31.4 40 6.6
    endloop
  endfacet
  facet normal 0 0 1
    outer loop
      vertex -30.2 37.9215 6.6
      vertex -31.4749 37.5251 6.6
      vertex -31.1307 37.2233 6.6
    endloop
  endfacet
  facet normal 0 0 1
    outer loop
      vertex -32.0311 41.75 6.6
      vertex -30.2 42.0785 6.6
      vertex -31.7767 42.1307 6.6
    endloop
  endfacet
  facet normal 0 0 1
    outer loop
      vertex -30.2 42.0785 6.6
      vertex -32.0311 41.75 6.6
      vertex -31.4 40 6.6
    endloop
  endfacet
  facet normal 0 0 1
    outer loop
      vertex -30.2 37.9215 6.6
      vertex -31.7767 37.8693 6.6
      vertex -31.4749 37.5251 6.6
    endloop
  endfacet
  facet normal -0 0 1
    outer loop
      vertex -32.2336 41.3394 6.6
      vertex -31.4 40 6.6
      vertex -32.0311 41.75 6.6
    endloop
  endfacet
  facet normal 0 0 1
    outer loop
      vertex -30.2 37.9215 6.6
      vertex -32.0311 38.25 6.6
      vertex -31.7767 37.8693 6.6
    endloop
  endfacet
  facet normal -0 0 1
    outer loop
      vertex -32.3807 40.9059 6.6
      vertex -31.4 40 6.6
      vertex -32.2336 41.3394 6.6
    endloop
  endfacet
  facet normal 0 0 1
    outer loop
      vertex -31.4 40 6.6
      vertex -32.2336 38.6606 6.6
      vertex -32.0311 38.25 6.6
    endloop
  endfacet
  facet normal -0 0 1
    outer loop
      vertex -32.4701 40.4568 6.6
      vertex -31.4 40 6.6
      vertex -32.3807 40.9059 6.6
    endloop
  endfacet
  facet normal 0 0 1
    outer loop
      vertex -31.4 40 6.6
      vertex -32.3807 39.0941 6.6
      vertex -32.2336 38.6606 6.6
    endloop
  endfacet
  facet normal 0 0 1
    outer loop
      vertex -32.5 40 6.6
      vertex -31.4 40 6.6
      vertex -32.4701 40.4568 6.6
    endloop
  endfacet
  facet normal 0 0 1
    outer loop
      vertex -31.4 40 6.6
      vertex -32.4701 39.5432 6.6
      vertex -32.3807 39.0941 6.6
    endloop
  endfacet
  facet normal 0 0 1
    outer loop
      vertex -31.4 40 6.6
      vertex -32.5 40 6.6
      vertex -32.4701 39.5432 6.6
    endloop
  endfacet
  facet normal 0.831445 0.555607 -7.34063e-19
    outer loop
      vertex -25.9689 41.75 6.6
      vertex -26.2233 42.1307 2.2
      vertex -26.2233 42.1307 6.6
    endloop
  endfacet
  facet normal 0.831445 0.555607 -7.34063e-19
    outer loop
      vertex -26.2233 42.1307 2.2
      vertex -25.9689 41.75 6.6
      vertex -25.9689 41.75 2.2
    endloop
  endfacet
  facet normal 0.980757 -0.195234 -1.36345e-18
    outer loop
      vertex -25.6193 39.0941 6.6
      vertex -25.5299 39.5432 2.2
      vertex -25.5299 39.5432 6.6
    endloop
  endfacet
  facet normal 0.980757 -0.195234 -1.36345e-18
    outer loop
      vertex -25.5299 39.5432 2.2
      vertex -25.6193 39.0941 6.6
      vertex -25.6193 39.0941 2.2
    endloop
  endfacet
  facet normal 0.659278 0.7519 -0
    outer loop
      vertex -26.5251 42.4749 2.2
      vertex -26.8693 42.7767 6.6
      vertex -26.5251 42.4749 6.6
    endloop
  endfacet
  facet normal 0.659278 0.7519 0
    outer loop
      vertex -26.8693 42.7767 6.6
      vertex -26.5251 42.4749 2.2
      vertex -26.8693 42.7767 2.2
    endloop
  endfacet
  facet normal -0.659278 0.7519 0
    outer loop
      vertex -31.1307 42.7767 2.2
      vertex -31.4749 42.4749 6.6
      vertex -31.1307 42.7767 6.6
    endloop
  endfacet
  facet normal -0.659278 0.7519 0
    outer loop
      vertex -31.4749 42.4749 6.6
      vertex -31.1307 42.7767 2.2
      vertex -31.4749 42.4749 2.2
    endloop
  endfacet
  facet normal 0.7519 -0.659278 -1.25251e-18
    outer loop
      vertex -26.5251 37.5251 6.6
      vertex -26.2233 37.8693 2.2
      vertex -26.2233 37.8693 6.6
    endloop
  endfacet
  facet normal 0.7519 -0.659278 -1.25251e-18
    outer loop
      vertex -26.2233 37.8693 2.2
      vertex -26.5251 37.5251 6.6
      vertex -26.5251 37.5251 2.2
    endloop
  endfacet
  facet normal 0.0653156 -0.997865 0
    outer loop
      vertex -29 36.5 2.2
      vertex -28.5432 36.5299 6.6
      vertex -29 36.5 6.6
    endloop
  endfacet
  facet normal 0.0653156 -0.997865 0
    outer loop
      vertex -28.5432 36.5299 6.6
      vertex -29 36.5 2.2
      vertex -28.5432 36.5299 2.2
    endloop
  endfacet
  facet normal 0.89686 0.442314 -3.1565e-18
    outer loop
      vertex -25.7664 41.3394 6.6
      vertex -25.9689 41.75 2.2
      vertex -25.9689 41.75 6.6
    endloop
  endfacet
  facet normal 0.89686 0.442314 -3.1565e-18
    outer loop
      vertex -25.9689 41.75 2.2
      vertex -25.7664 41.3394 6.6
      vertex -25.7664 41.3394 2.2
    endloop
  endfacet
  facet normal 0.321335 -0.946966 0
    outer loop
      vertex -28.0941 36.6193 2.2
      vertex -27.6606 36.7664 6.6
      vertex -28.0941 36.6193 6.6
    endloop
  endfacet
  facet normal 0.321335 -0.946966 0
    outer loop
      vertex -27.6606 36.7664 6.6
      vertex -28.0941 36.6193 2.2
      vertex -27.6606 36.7664 2.2
    endloop
  endfacet
  facet normal -0.321335 0.946966 0
    outer loop
      vertex -29.9059 43.3807 2.2
      vertex -30.3394 43.2336 6.6
      vertex -29.9059 43.3807 6.6
    endloop
  endfacet
  facet normal -0.321335 0.946966 0
    outer loop
      vertex -30.3394 43.2336 6.6
      vertex -29.9059 43.3807 2.2
      vertex -30.3394 43.2336 2.2
    endloop
  endfacet
  facet normal -0.195234 0.980757 0
    outer loop
      vertex -29.4568 43.4701 2.2
      vertex -29.9059 43.3807 6.6
      vertex -29.4568 43.4701 6.6
    endloop
  endfacet
  facet normal -0.195234 0.980757 0
    outer loop
      vertex -29.9059 43.3807 6.6
      vertex -29.4568 43.4701 2.2
      vertex -29.9059 43.3807 2.2
    endloop
  endfacet
  facet normal -0.997865 0.0653156 6.73314e-20
    outer loop
      vertex -32.5 40 2.2
      vertex -32.4701 40.4568 6.6
      vertex -32.4701 40.4568 2.2
    endloop
  endfacet
  facet normal -0.997865 0.0653156 6.73314e-20
    outer loop
      vertex -32.4701 40.4568 6.6
      vertex -32.5 40 2.2
      vertex -32.5 40 6.6
    endloop
  endfacet
  facet normal -0.946966 0.321335 -5.571e-19
    outer loop
      vertex -32.3807 40.9059 2.2
      vertex -32.2336 41.3394 6.6
      vertex -32.2336 41.3394 2.2
    endloop
  endfacet
  facet normal -0.946966 0.321335 -5.571e-19
    outer loop
      vertex -32.2336 41.3394 6.6
      vertex -32.3807 40.9059 2.2
      vertex -32.3807 40.9059 6.6
    endloop
  endfacet
  facet normal -0.442314 0.89686 0
    outer loop
      vertex -30.3394 43.2336 2.2
      vertex -30.75 43.0311 6.6
      vertex -30.3394 43.2336 6.6
    endloop
  endfacet
  facet normal -0.442314 0.89686 0
    outer loop
      vertex -30.75 43.0311 6.6
      vertex -30.3394 43.2336 2.2
      vertex -30.75 43.0311 2.2
    endloop
  endfacet
  facet normal -0.7519 -0.659278 1.25251e-18
    outer loop
      vertex -31.4749 37.5251 2.2
      vertex -31.7767 37.8693 6.6
      vertex -31.7767 37.8693 2.2
    endloop
  endfacet
  facet normal -0.7519 -0.659278 1.25251e-18
    outer loop
      vertex -31.7767 37.8693 6.6
      vertex -31.4749 37.5251 2.2
      vertex -31.4749 37.5251 6.6
    endloop
  endfacet
  facet normal -0.946966 -0.321335 5.571e-19
    outer loop
      vertex -32.2336 38.6606 2.2
      vertex -32.3807 39.0941 6.6
      vertex -32.3807 39.0941 2.2
    endloop
  endfacet
  facet normal -0.946966 -0.321335 5.571e-19
    outer loop
      vertex -32.3807 39.0941 6.6
      vertex -32.2336 38.6606 2.2
      vertex -32.2336 38.6606 6.6
    endloop
  endfacet
  facet normal 0.89686 -0.442314 3.1565e-18
    outer loop
      vertex -25.9689 38.25 6.6
      vertex -25.7664 38.6606 2.2
      vertex -25.7664 38.6606 6.6
    endloop
  endfacet
  facet normal 0.89686 -0.442314 3.1565e-18
    outer loop
      vertex -25.7664 38.6606 2.2
      vertex -25.9689 38.25 6.6
      vertex -25.9689 38.25 2.2
    endloop
  endfacet
  facet normal 0.659278 -0.7519 0
    outer loop
      vertex -26.8693 37.2233 2.2
      vertex -26.5251 37.5251 6.6
      vertex -26.8693 37.2233 6.6
    endloop
  endfacet
  facet normal 0.659278 -0.7519 0
    outer loop
      vertex -26.5251 37.5251 6.6
      vertex -26.8693 37.2233 2.2
      vertex -26.5251 37.5251 2.2
    endloop
  endfacet
  facet normal 0.997865 -0.0653156 -3.40551e-19
    outer loop
      vertex -25.5299 39.5432 6.6
      vertex -25.5 40 2.2
      vertex -25.5 40 6.6
    endloop
  endfacet
  facet normal 0.997865 -0.0653156 -3.40551e-19
    outer loop
      vertex -25.5 40 2.2
      vertex -25.5299 39.5432 6.6
      vertex -25.5299 39.5432 2.2
    endloop
  endfacet
  facet normal 0.442314 0.89686 -0
    outer loop
      vertex -27.25 43.0311 2.2
      vertex -27.6606 43.2336 6.6
      vertex -27.25 43.0311 6.6
    endloop
  endfacet
  facet normal 0.442314 0.89686 0
    outer loop
      vertex -27.6606 43.2336 6.6
      vertex -27.25 43.0311 2.2
      vertex -27.6606 43.2336 2.2
    endloop
  endfacet
  facet normal 0.7519 0.659278 1.25251e-18
    outer loop
      vertex -26.2233 42.1307 6.6
      vertex -26.5251 42.4749 2.2
      vertex -26.5251 42.4749 6.6
    endloop
  endfacet
  facet normal 0.7519 0.659278 1.25251e-18
    outer loop
      vertex -26.5251 42.4749 2.2
      vertex -26.2233 42.1307 6.6
      vertex -26.2233 42.1307 2.2
    endloop
  endfacet
  facet normal -0.0653156 -0.997865 0
    outer loop
      vertex -29.4568 36.5299 2.2
      vertex -29 36.5 6.6
      vertex -29.4568 36.5299 6.6
    endloop
  endfacet
  facet normal -0.0653156 -0.997865 -0
    outer loop
      vertex -29 36.5 6.6
      vertex -29.4568 36.5299 2.2
      vertex -29 36.5 2.2
    endloop
  endfacet
  facet normal -0.0653156 0.997865 0
    outer loop
      vertex -29 43.5 2.2
      vertex -29.4568 43.4701 6.6
      vertex -29 43.5 6.6
    endloop
  endfacet
  facet normal -0.0653156 0.997865 0
    outer loop
      vertex -29.4568 43.4701 6.6
      vertex -29 43.5 2.2
      vertex -29.4568 43.4701 2.2
    endloop
  endfacet
  facet normal -0.442314 -0.89686 0
    outer loop
      vertex -30.75 36.9689 2.2
      vertex -30.3394 36.7664 6.6
      vertex -30.75 36.9689 6.6
    endloop
  endfacet
  facet normal -0.442314 -0.89686 -0
    outer loop
      vertex -30.3394 36.7664 6.6
      vertex -30.75 36.9689 2.2
      vertex -30.3394 36.7664 2.2
    endloop
  endfacet
  facet normal 0.195234 0.980757 -0
    outer loop
      vertex -28.0941 43.3807 2.2
      vertex -28.5432 43.4701 6.6
      vertex -28.0941 43.3807 6.6
    endloop
  endfacet
  facet normal 0.195234 0.980757 0
    outer loop
      vertex -28.5432 43.4701 6.6
      vertex -28.0941 43.3807 2.2
      vertex -28.5432 43.4701 2.2
    endloop
  endfacet
  facet normal 0.555607 0.831445 -0
    outer loop
      vertex -26.8693 42.7767 2.2
      vertex -27.25 43.0311 6.6
      vertex -26.8693 42.7767 6.6
    endloop
  endfacet
  facet normal 0.555607 0.831445 0
    outer loop
      vertex -27.25 43.0311 6.6
      vertex -26.8693 42.7767 2.2
      vertex -27.25 43.0311 2.2
    endloop
  endfacet
  facet normal 0.195234 -0.980757 0
    outer loop
      vertex -28.5432 36.5299 2.2
      vertex -28.0941 36.6193 6.6
      vertex -28.5432 36.5299 6.6
    endloop
  endfacet
  facet normal 0.195234 -0.980757 0
    outer loop
      vertex -28.0941 36.6193 6.6
      vertex -28.5432 36.5299 2.2
      vertex -28.0941 36.6193 2.2
    endloop
  endfacet
  facet normal 0.442314 -0.89686 0
    outer loop
      vertex -27.6606 36.7664 2.2
      vertex -27.25 36.9689 6.6
      vertex -27.6606 36.7664 6.6
    endloop
  endfacet
  facet normal 0.442314 -0.89686 0
    outer loop
      vertex -27.25 36.9689 6.6
      vertex -27.6606 36.7664 2.2
      vertex -27.25 36.9689 2.2
    endloop
  endfacet
  facet normal 0.946966 -0.321335 -8.87816e-19
    outer loop
      vertex -25.7664 38.6606 6.6
      vertex -25.6193 39.0941 2.2
      vertex -25.6193 39.0941 6.6
    endloop
  endfacet
  facet normal 0.946966 -0.321335 -8.87816e-19
    outer loop
      vertex -25.6193 39.0941 2.2
      vertex -25.7664 38.6606 6.6
      vertex -25.7664 38.6606 2.2
    endloop
  endfacet
  facet normal 0.946966 0.321335 8.87816e-19
    outer loop
      vertex -25.6193 40.9059 6.6
      vertex -25.7664 41.3394 2.2
      vertex -25.7664 41.3394 6.6
    endloop
  endfacet
  facet normal 0.946966 0.321335 8.87816e-19
    outer loop
      vertex -25.7664 41.3394 2.2
      vertex -25.6193 40.9059 6.6
      vertex -25.6193 40.9059 2.2
    endloop
  endfacet
  facet normal -0.7519 0.659278 -1.25251e-18
    outer loop
      vertex -31.7767 42.1307 2.2
      vertex -31.4749 42.4749 6.6
      vertex -31.4749 42.4749 2.2
    endloop
  endfacet
  facet normal -0.7519 0.659278 -1.25251e-18
    outer loop
      vertex -31.4749 42.4749 6.6
      vertex -31.7767 42.1307 2.2
      vertex -31.7767 42.1307 6.6
    endloop
  endfacet
  facet normal -0.89686 -0.442314 -3.1565e-18
    outer loop
      vertex -32.0311 38.25 2.2
      vertex -32.2336 38.6606 6.6
      vertex -32.2336 38.6606 2.2
    endloop
  endfacet
  facet normal -0.89686 -0.442314 -3.1565e-18
    outer loop
      vertex -32.2336 38.6606 6.6
      vertex -32.0311 38.25 2.2
      vertex -32.0311 38.25 6.6
    endloop
  endfacet
  facet normal -0.555607 0.831445 0
    outer loop
      vertex -30.75 43.0311 2.2
      vertex -31.1307 42.7767 6.6
      vertex -30.75 43.0311 6.6
    endloop
  endfacet
  facet normal -0.555607 0.831445 0
    outer loop
      vertex -31.1307 42.7767 6.6
      vertex -30.75 43.0311 2.2
      vertex -31.1307 42.7767 2.2
    endloop
  endfacet
  facet normal 0.831445 -0.555607 7.34063e-19
    outer loop
      vertex -26.2233 37.8693 6.6
      vertex -25.9689 38.25 2.2
      vertex -25.9689 38.25 6.6
    endloop
  endfacet
  facet normal 0.831445 -0.555607 7.34063e-19
    outer loop
      vertex -25.9689 38.25 2.2
      vertex -26.2233 37.8693 6.6
      vertex -26.2233 37.8693 2.2
    endloop
  endfacet
  facet normal -0.831445 0.555607 -2.99118e-18
    outer loop
      vertex -32.0311 41.75 2.2
      vertex -31.7767 42.1307 6.6
      vertex -31.7767 42.1307 2.2
    endloop
  endfacet
  facet normal -0.831445 0.555607 -2.99118e-18
    outer loop
      vertex -31.7767 42.1307 6.6
      vertex -32.0311 41.75 2.2
      vertex -32.0311 41.75 6.6
    endloop
  endfacet
  facet normal 0.321335 0.946966 -0
    outer loop
      vertex -27.6606 43.2336 2.2
      vertex -28.0941 43.3807 6.6
      vertex -27.6606 43.2336 6.6
    endloop
  endfacet
  facet normal 0.321335 0.946966 0
    outer loop
      vertex -28.0941 43.3807 6.6
      vertex -27.6606 43.2336 2.2
      vertex -28.0941 43.3807 2.2
    endloop
  endfacet
  facet normal -0.980757 -0.195234 -1.66171e-18
    outer loop
      vertex -32.3807 39.0941 2.2
      vertex -32.4701 39.5432 6.6
      vertex -32.4701 39.5432 2.2
    endloop
  endfacet
  facet normal -0.980757 -0.195234 -1.66171e-18
    outer loop
      vertex -32.4701 39.5432 6.6
      vertex -32.3807 39.0941 2.2
      vertex -32.3807 39.0941 6.6
    endloop
  endfacet
  facet normal -0.980757 0.195234 1.66171e-18
    outer loop
      vertex -32.4701 40.4568 2.2
      vertex -32.3807 40.9059 6.6
      vertex -32.3807 40.9059 2.2
    endloop
  endfacet
  facet normal -0.980757 0.195234 1.66171e-18
    outer loop
      vertex -32.3807 40.9059 6.6
      vertex -32.4701 40.4568 2.2
      vertex -32.4701 40.4568 6.6
    endloop
  endfacet
  facet normal -0.659278 -0.7519 0
    outer loop
      vertex -31.4749 37.5251 2.2
      vertex -31.1307 37.2233 6.6
      vertex -31.4749 37.5251 6.6
    endloop
  endfacet
  facet normal -0.659278 -0.7519 -0
    outer loop
      vertex -31.1307 37.2233 6.6
      vertex -31.4749 37.5251 2.2
      vertex -31.1307 37.2233 2.2
    endloop
  endfacet
  facet normal -0.89686 0.442314 3.1565e-18
    outer loop
      vertex -32.2336 41.3394 2.2
      vertex -32.0311 41.75 6.6
      vertex -32.0311 41.75 2.2
    endloop
  endfacet
  facet normal -0.89686 0.442314 3.1565e-18
    outer loop
      vertex -32.0311 41.75 6.6
      vertex -32.2336 41.3394 2.2
      vertex -32.2336 41.3394 6.6
    endloop
  endfacet
  facet normal -0.321335 -0.946966 0
    outer loop
      vertex -30.3394 36.7664 2.2
      vertex -29.9059 36.6193 6.6
      vertex -30.3394 36.7664 6.6
    endloop
  endfacet
  facet normal -0.321335 -0.946966 -0
    outer loop
      vertex -29.9059 36.6193 6.6
      vertex -30.3394 36.7664 2.2
      vertex -29.9059 36.6193 2.2
    endloop
  endfacet
  facet normal -0.997865 -0.0653156 -6.73314e-20
    outer loop
      vertex -32.4701 39.5432 2.2
      vertex -32.5 40 6.6
      vertex -32.5 40 2.2
    endloop
  endfacet
  facet normal -0.997865 -0.0653156 -6.73314e-20
    outer loop
      vertex -32.5 40 6.6
      vertex -32.4701 39.5432 2.2
      vertex -32.4701 39.5432 6.6
    endloop
  endfacet
  facet normal 0.0653156 0.997865 -0
    outer loop
      vertex -28.5432 43.4701 2.2
      vertex -29 43.5 6.6
      vertex -28.5432 43.4701 6.6
    endloop
  endfacet
  facet normal 0.0653156 0.997865 0
    outer loop
      vertex -29 43.5 6.6
      vertex -28.5432 43.4701 2.2
      vertex -29 43.5 2.2
    endloop
  endfacet
  facet normal -0.195234 -0.980757 0
    outer loop
      vertex -29.9059 36.6193 2.2
      vertex -29.4568 36.5299 6.6
      vertex -29.9059 36.6193 6.6
    endloop
  endfacet
  facet normal -0.195234 -0.980757 -0
    outer loop
      vertex -29.4568 36.5299 6.6
      vertex -29.9059 36.6193 2.2
      vertex -29.4568 36.5299 2.2
    endloop
  endfacet
  facet normal -0.555607 -0.831445 0
    outer loop
      vertex -31.1307 37.2233 2.2
      vertex -30.75 36.9689 6.6
      vertex -31.1307 37.2233 6.6
    endloop
  endfacet
  facet normal -0.555607 -0.831445 -0
    outer loop
      vertex -30.75 36.9689 6.6
      vertex -31.1307 37.2233 2.2
      vertex -30.75 36.9689 2.2
    endloop
  endfacet
  facet normal 0.980757 0.195234 -1.66171e-18
    outer loop
      vertex 32.4701 40.4568 6.6
      vertex 32.3807 40.9059 2.2
      vertex 32.3807 40.9059 6.6
    endloop
  endfacet
  facet normal 0.980757 0.195234 -1.66171e-18
    outer loop
      vertex 32.3807 40.9059 2.2
      vertex 32.4701 40.4568 6.6
      vertex 32.4701 40.4568 2.2
    endloop
  endfacet
  facet normal 0.997865 0.0653156 -6.73314e-20
    outer loop
      vertex 32.5 40 6.6
      vertex 32.4701 40.4568 2.2
      vertex 32.4701 40.4568 6.6
    endloop
  endfacet
  facet normal 0.997865 0.0653156 -6.73314e-20
    outer loop
      vertex 32.4701 40.4568 2.2
      vertex 32.5 40 6.6
      vertex 32.5 40 2.2
    endloop
  endfacet
  facet normal -0.555607 0.831445 0
    outer loop
      vertex 27.25 43.0311 2.2
      vertex 26.8693 42.7767 6.6
      vertex 27.25 43.0311 6.6
    endloop
  endfacet
  facet normal -0.555607 0.831445 0
    outer loop
      vertex 26.8693 42.7767 6.6
      vertex 27.25 43.0311 2.2
      vertex 26.8693 42.7767 2.2
    endloop
  endfacet
  facet normal 0.442314 0.89686 -0
    outer loop
      vertex 30.75 43.0311 2.2
      vertex 30.3394 43.2336 6.6
      vertex 30.75 43.0311 6.6
    endloop
  endfacet
  facet normal 0.442314 0.89686 0
    outer loop
      vertex 30.3394 43.2336 6.6
      vertex 30.75 43.0311 2.2
      vertex 30.3394 43.2336 2.2
    endloop
  endfacet
  facet normal -0.89686 -0.442314 -3.1565e-18
    outer loop
      vertex 25.9689 38.25 2.2
      vertex 25.7664 38.6606 6.6
      vertex 25.7664 38.6606 2.2
    endloop
  endfacet
  facet normal -0.89686 -0.442314 -3.1565e-18
    outer loop
      vertex 25.7664 38.6606 6.6
      vertex 25.9689 38.25 2.2
      vertex 25.9689 38.25 6.6
    endloop
  endfacet
  facet normal 0.321335 0.946966 -0
    outer loop
      vertex 30.3394 43.2336 2.2
      vertex 29.9059 43.3807 6.6
      vertex 30.3394 43.2336 6.6
    endloop
  endfacet
  facet normal 0.321335 0.946966 0
    outer loop
      vertex 29.9059 43.3807 6.6
      vertex 30.3394 43.2336 2.2
      vertex 29.9059 43.3807 2.2
    endloop
  endfacet
  facet normal 0.946966 -0.321335 -5.571e-19
    outer loop
      vertex 32.2336 38.6606 6.6
      vertex 32.3807 39.0941 2.2
      vertex 32.3807 39.0941 6.6
    endloop
  endfacet
  facet normal 0.946966 -0.321335 -5.571e-19
    outer loop
      vertex 32.3807 39.0941 2.2
      vertex 32.2336 38.6606 6.6
      vertex 32.2336 38.6606 2.2
    endloop
  endfacet
  facet normal 0.997865 -0.0653156 6.73314e-20
    outer loop
      vertex 32.4701 39.5432 6.6
      vertex 32.5 40 2.2
      vertex 32.5 40 6.6
    endloop
  endfacet
  facet normal 0.997865 -0.0653156 6.73314e-20
    outer loop
      vertex 32.5 40 2.2
      vertex 32.4701 39.5432 6.6
      vertex 32.4701 39.5432 2.2
    endloop
  endfacet
  facet normal 0.89686 0.442314 -3.1565e-18
    outer loop
      vertex 32.2336 41.3394 6.6
      vertex 32.0311 41.75 2.2
      vertex 32.0311 41.75 6.6
    endloop
  endfacet
  facet normal 0.89686 0.442314 -3.1565e-18
    outer loop
      vertex 32.0311 41.75 2.2
      vertex 32.2336 41.3394 6.6
      vertex 32.2336 41.3394 2.2
    endloop
  endfacet
  facet normal 0.659278 -0.7519 0
    outer loop
      vertex 31.1307 37.2233 2.2
      vertex 31.4749 37.5251 6.6
      vertex 31.1307 37.2233 6.6
    endloop
  endfacet
  facet normal 0.659278 -0.7519 0
    outer loop
      vertex 31.4749 37.5251 6.6
      vertex 31.1307 37.2233 2.2
      vertex 31.4749 37.5251 2.2
    endloop
  endfacet
  facet normal 0.659278 0.7519 -0
    outer loop
      vertex 31.4749 42.4749 2.2
      vertex 31.1307 42.7767 6.6
      vertex 31.4749 42.4749 6.6
    endloop
  endfacet
  facet normal 0.659278 0.7519 0
    outer loop
      vertex 31.1307 42.7767 6.6
      vertex 31.4749 42.4749 2.2
      vertex 31.1307 42.7767 2.2
    endloop
  endfacet
  facet normal -0.0653156 0.997865 0
    outer loop
      vertex 29 43.5 2.2
      vertex 28.5432 43.4701 6.6
      vertex 29 43.5 6.6
    endloop
  endfacet
  facet normal -0.0653156 0.997865 0
    outer loop
      vertex 28.5432 43.4701 6.6
      vertex 29 43.5 2.2
      vertex 28.5432 43.4701 2.2
    endloop
  endfacet
  facet normal -0.442314 0.89686 0
    outer loop
      vertex 27.6606 43.2336 2.2
      vertex 27.25 43.0311 6.6
      vertex 27.6606 43.2336 6.6
    endloop
  endfacet
  facet normal -0.442314 0.89686 0
    outer loop
      vertex 27.25 43.0311 6.6
      vertex 27.6606 43.2336 2.2
      vertex 27.25 43.0311 2.2
    endloop
  endfacet
  facet normal -0.659278 0.7519 0
    outer loop
      vertex 26.8693 42.7767 2.2
      vertex 26.5251 42.4749 6.6
      vertex 26.8693 42.7767 6.6
    endloop
  endfacet
  facet normal -0.659278 0.7519 0
    outer loop
      vertex 26.5251 42.4749 6.6
      vertex 26.8693 42.7767 2.2
      vertex 26.5251 42.4749 2.2
    endloop
  endfacet
  facet normal 0.831445 -0.555607 -2.99118e-18
    outer loop
      vertex 31.7767 37.8693 6.6
      vertex 32.0311 38.25 2.2
      vertex 32.0311 38.25 6.6
    endloop
  endfacet
  facet normal 0.831445 -0.555607 -2.99118e-18
    outer loop
      vertex 32.0311 38.25 2.2
      vertex 31.7767 37.8693 6.6
      vertex 31.7767 37.8693 2.2
    endloop
  endfacet
  facet normal -0.946966 -0.321335 8.87816e-19
    outer loop
      vertex 25.7664 38.6606 2.2
      vertex 25.6193 39.0941 6.6
      vertex 25.6193 39.0941 2.2
    endloop
  endfacet
  facet normal -0.946966 -0.321335 8.87816e-19
    outer loop
      vertex 25.6193 39.0941 6.6
      vertex 25.7664 38.6606 2.2
      vertex 25.7664 38.6606 6.6
    endloop
  endfacet
  facet normal -0.946966 0.321335 -8.87816e-19
    outer loop
      vertex 25.6193 40.9059 2.2
      vertex 25.7664 41.3394 6.6
      vertex 25.7664 41.3394 2.2
    endloop
  endfacet
  facet normal -0.946966 0.321335 -8.87816e-19
    outer loop
      vertex 25.7664 41.3394 6.6
      vertex 25.6193 40.9059 2.2
      vertex 25.6193 40.9059 6.6
    endloop
  endfacet
  facet normal 0.89686 -0.442314 3.1565e-18
    outer loop
      vertex 32.0311 38.25 6.6
      vertex 32.2336 38.6606 2.2
      vertex 32.2336 38.6606 6.6
    endloop
  endfacet
  facet normal 0.89686 -0.442314 3.1565e-18
    outer loop
      vertex 32.2336 38.6606 2.2
      vertex 32.0311 38.25 6.6
      vertex 32.0311 38.25 2.2
    endloop
  endfacet
  facet normal -0.997865 -0.0653156 3.40551e-19
    outer loop
      vertex 25.5299 39.5432 2.2
      vertex 25.5 40 6.6
      vertex 25.5 40 2.2
    endloop
  endfacet
  facet normal -0.997865 -0.0653156 3.40551e-19
    outer loop
      vertex 25.5 40 6.6
      vertex 25.5299 39.5432 2.2
      vertex 25.5299 39.5432 6.6
    endloop
  endfacet
  facet normal 0.442314 -0.89686 0
    outer loop
      vertex 30.3394 36.7664 2.2
      vertex 30.75 36.9689 6.6
      vertex 30.3394 36.7664 6.6
    endloop
  endfacet
  facet normal 0.442314 -0.89686 0
    outer loop
      vertex 30.75 36.9689 6.6
      vertex 30.3394 36.7664 2.2
      vertex 30.75 36.9689 2.2
    endloop
  endfacet
  facet normal 0.0653156 0.997865 -0
    outer loop
      vertex 29.4568 43.4701 2.2
      vertex 29 43.5 6.6
      vertex 29.4568 43.4701 6.6
    endloop
  endfacet
  facet normal 0.0653156 0.997865 0
    outer loop
      vertex 29 43.5 6.6
      vertex 29.4568 43.4701 2.2
      vertex 29 43.5 2.2
    endloop
  endfacet
  facet normal -0.442314 -0.89686 0
    outer loop
      vertex 27.25 36.9689 2.2
      vertex 27.6606 36.7664 6.6
      vertex 27.25 36.9689 6.6
    endloop
  endfacet
  facet normal -0.442314 -0.89686 -0
    outer loop
      vertex 27.6606 36.7664 6.6
      vertex 27.25 36.9689 2.2
      vertex 27.6606 36.7664 2.2
    endloop
  endfacet
  facet normal 0.321335 -0.946966 0
    outer loop
      vertex 29.9059 36.6193 2.2
      vertex 30.3394 36.7664 6.6
      vertex 29.9059 36.6193 6.6
    endloop
  endfacet
  facet normal 0.321335 -0.946966 0
    outer loop
      vertex 30.3394 36.7664 6.6
      vertex 29.9059 36.6193 2.2
      vertex 30.3394 36.7664 2.2
    endloop
  endfacet
  facet normal -0.980757 0.195234 -1.36345e-18
    outer loop
      vertex 25.5299 40.4568 2.2
      vertex 25.6193 40.9059 6.6
      vertex 25.6193 40.9059 2.2
    endloop
  endfacet
  facet normal -0.980757 0.195234 -1.36345e-18
    outer loop
      vertex 25.6193 40.9059 6.6
      vertex 25.5299 40.4568 2.2
      vertex 25.5299 40.4568 6.6
    endloop
  endfacet
  facet normal -0.7519 -0.659278 1.25251e-18
    outer loop
      vertex 26.5251 37.5251 2.2
      vertex 26.2233 37.8693 6.6
      vertex 26.2233 37.8693 2.2
    endloop
  endfacet
  facet normal -0.7519 -0.659278 1.25251e-18
    outer loop
      vertex 26.2233 37.8693 6.6
      vertex 26.5251 37.5251 2.2
      vertex 26.5251 37.5251 6.6
    endloop
  endfacet
  facet normal -0.997865 0.0653156 -3.40551e-19
    outer loop
      vertex 25.5 40 2.2
      vertex 25.5299 40.4568 6.6
      vertex 25.5299 40.4568 2.2
    endloop
  endfacet
  facet normal -0.997865 0.0653156 -3.40551e-19
    outer loop
      vertex 25.5299 40.4568 6.6
      vertex 25.5 40 2.2
      vertex 25.5 40 6.6
    endloop
  endfacet
  facet normal 0.555607 -0.831445 0
    outer loop
      vertex 30.75 36.9689 2.2
      vertex 31.1307 37.2233 6.6
      vertex 30.75 36.9689 6.6
    endloop
  endfacet
  facet normal 0.555607 -0.831445 0
    outer loop
      vertex 31.1307 37.2233 6.6
      vertex 30.75 36.9689 2.2
      vertex 31.1307 37.2233 2.2
    endloop
  endfacet
  facet normal -0.7519 0.659278 -1.25251e-18
    outer loop
      vertex 26.2233 42.1307 2.2
      vertex 26.5251 42.4749 6.6
      vertex 26.5251 42.4749 2.2
    endloop
  endfacet
  facet normal -0.7519 0.659278 -1.25251e-18
    outer loop
      vertex 26.5251 42.4749 6.6
      vertex 26.2233 42.1307 2.2
      vertex 26.2233 42.1307 6.6
    endloop
  endfacet
  facet normal -0.555607 -0.831445 0
    outer loop
      vertex 26.8693 37.2233 2.2
      vertex 27.25 36.9689 6.6
      vertex 26.8693 37.2233 6.6
    endloop
  endfacet
  facet normal -0.555607 -0.831445 -0
    outer loop
      vertex 27.25 36.9689 6.6
      vertex 26.8693 37.2233 2.2
      vertex 27.25 36.9689 2.2
    endloop
  endfacet
  facet normal 0.7519 -0.659278 -1.25251e-18
    outer loop
      vertex 31.4749 37.5251 6.6
      vertex 31.7767 37.8693 2.2
      vertex 31.7767 37.8693 6.6
    endloop
  endfacet
  facet normal 0.7519 -0.659278 -1.25251e-18
    outer loop
      vertex 31.7767 37.8693 2.2
      vertex 31.4749 37.5251 6.6
      vertex 31.4749 37.5251 2.2
    endloop
  endfacet
  facet normal 0.831445 0.555607 2.99118e-18
    outer loop
      vertex 32.0311 41.75 6.6
      vertex 31.7767 42.1307 2.2
      vertex 31.7767 42.1307 6.6
    endloop
  endfacet
  facet normal 0.831445 0.555607 2.99118e-18
    outer loop
      vertex 31.7767 42.1307 2.2
      vertex 32.0311 41.75 6.6
      vertex 32.0311 41.75 2.2
    endloop
  endfacet
  facet normal 0.195234 -0.980757 0
    outer loop
      vertex 29.4568 36.5299 2.2
      vertex 29.9059 36.6193 6.6
      vertex 29.4568 36.5299 6.6
    endloop
  endfacet
  facet normal 0.195234 -0.980757 0
    outer loop
      vertex 29.9059 36.6193 6.6
      vertex 29.4568 36.5299 2.2
      vertex 29.9059 36.6193 2.2
    endloop
  endfacet
  facet normal 0.555607 0.831445 -0
    outer loop
      vertex 31.1307 42.7767 2.2
      vertex 30.75 43.0311 6.6
      vertex 31.1307 42.7767 6.6
    endloop
  endfacet
  facet normal 0.555607 0.831445 0
    outer loop
      vertex 30.75 43.0311 6.6
      vertex 31.1307 42.7767 2.2
      vertex 30.75 43.0311 2.2
    endloop
  endfacet
  facet normal 0.980757 -0.195234 1.66171e-18
    outer loop
      vertex 32.3807 39.0941 6.6
      vertex 32.4701 39.5432 2.2
      vertex 32.4701 39.5432 6.6
    endloop
  endfacet
  facet normal 0.980757 -0.195234 1.66171e-18
    outer loop
      vertex 32.4701 39.5432 2.2
      vertex 32.3807 39.0941 6.6
      vertex 32.3807 39.0941 2.2
    endloop
  endfacet
  facet normal -0.831445 -0.555607 -7.34063e-19
    outer loop
      vertex 26.2233 37.8693 2.2
      vertex 25.9689 38.25 6.6
      vertex 25.9689 38.25 2.2
    endloop
  endfacet
  facet normal -0.831445 -0.555607 -7.34063e-19
    outer loop
      vertex 25.9689 38.25 6.6
      vertex 26.2233 37.8693 2.2
      vertex 26.2233 37.8693 6.6
    endloop
  endfacet
  facet normal -0.195234 0.980757 0
    outer loop
      vertex 28.5432 43.4701 2.2
      vertex 28.0941 43.3807 6.6
      vertex 28.5432 43.4701 6.6
    endloop
  endfacet
  facet normal -0.195234 0.980757 0
    outer loop
      vertex 28.0941 43.3807 6.6
      vertex 28.5432 43.4701 2.2
      vertex 28.0941 43.3807 2.2
    endloop
  endfacet
  facet normal 0.0653156 -0.997865 0
    outer loop
      vertex 29 36.5 2.2
      vertex 29.4568 36.5299 6.6
      vertex 29 36.5 6.6
    endloop
  endfacet
  facet normal 0.0653156 -0.997865 0
    outer loop
      vertex 29.4568 36.5299 6.6
      vertex 29 36.5 2.2
      vertex 29.4568 36.5299 2.2
    endloop
  endfacet
  facet normal -0.980757 -0.195234 1.36345e-18
    outer loop
      vertex 25.6193 39.0941 2.2
      vertex 25.5299 39.5432 6.6
      vertex 25.5299 39.5432 2.2
    endloop
  endfacet
  facet normal -0.980757 -0.195234 1.36345e-18
    outer loop
      vertex 25.5299 39.5432 6.6
      vertex 25.6193 39.0941 2.2
      vertex 25.6193 39.0941 6.6
    endloop
  endfacet
  facet normal -0.0653156 -0.997865 0
    outer loop
      vertex 28.5432 36.5299 2.2
      vertex 29 36.5 6.6
      vertex 28.5432 36.5299 6.6
    endloop
  endfacet
  facet normal -0.0653156 -0.997865 -0
    outer loop
      vertex 29 36.5 6.6
      vertex 28.5432 36.5299 2.2
      vertex 29 36.5 2.2
    endloop
  endfacet
  facet normal 0.7519 0.659278 1.25251e-18
    outer loop
      vertex 31.7767 42.1307 6.6
      vertex 31.4749 42.4749 2.2
      vertex 31.4749 42.4749 6.6
    endloop
  endfacet
  facet normal 0.7519 0.659278 1.25251e-18
    outer loop
      vertex 31.4749 42.4749 2.2
      vertex 31.7767 42.1307 6.6
      vertex 31.7767 42.1307 2.2
    endloop
  endfacet
  facet normal 0.946966 0.321335 5.571e-19
    outer loop
      vertex 32.3807 40.9059 6.6
      vertex 32.2336 41.3394 2.2
      vertex 32.2336 41.3394 6.6
    endloop
  endfacet
  facet normal 0.946966 0.321335 5.571e-19
    outer loop
      vertex 32.2336 41.3394 2.2
      vertex 32.3807 40.9059 6.6
      vertex 32.3807 40.9059 2.2
    endloop
  endfacet
  facet normal -0.321335 0.946966 0
    outer loop
      vertex 28.0941 43.3807 2.2
      vertex 27.6606 43.2336 6.6
      vertex 28.0941 43.3807 6.6
    endloop
  endfacet
  facet normal -0.321335 0.946966 0
    outer loop
      vertex 27.6606 43.2336 6.6
      vertex 28.0941 43.3807 2.2
      vertex 27.6606 43.2336 2.2
    endloop
  endfacet
  facet normal 0.195234 0.980757 -0
    outer loop
      vertex 29.9059 43.3807 2.2
      vertex 29.4568 43.4701 6.6
      vertex 29.9059 43.3807 6.6
    endloop
  endfacet
  facet normal 0.195234 0.980757 0
    outer loop
      vertex 29.4568 43.4701 6.6
      vertex 29.9059 43.3807 2.2
      vertex 29.4568 43.4701 2.2
    endloop
  endfacet
  facet normal -0.831445 0.555607 7.34063e-19
    outer loop
      vertex 25.9689 41.75 2.2
      vertex 26.2233 42.1307 6.6
      vertex 26.2233 42.1307 2.2
    endloop
  endfacet
  facet normal -0.831445 0.555607 7.34063e-19
    outer loop
      vertex 26.2233 42.1307 6.6
      vertex 25.9689 41.75 2.2
      vertex 25.9689 41.75 6.6
    endloop
  endfacet
  facet normal -0.321335 -0.946966 0
    outer loop
      vertex 27.6606 36.7664 2.2
      vertex 28.0941 36.6193 6.6
      vertex 27.6606 36.7664 6.6
    endloop
  endfacet
  facet normal -0.321335 -0.946966 -0
    outer loop
      vertex 28.0941 36.6193 6.6
      vertex 27.6606 36.7664 2.2
      vertex 28.0941 36.6193 2.2
    endloop
  endfacet
  facet normal 0 0 1
    outer loop
      vertex 31.4 40 6.6
      vertex 32.5 40 6.6
      vertex 32.4701 40.4568 6.6
    endloop
  endfacet
  facet normal 0 0 1
    outer loop
      vertex 31.4 40 6.6
      vertex 32.4701 40.4568 6.6
      vertex 32.3807 40.9059 6.6
    endloop
  endfacet
  facet normal 0 0 1
    outer loop
      vertex 32.5 40 6.6
      vertex 31.4 40 6.6
      vertex 32.4701 39.5432 6.6
    endloop
  endfacet
  facet normal 0 0 1
    outer loop
      vertex 31.4 40 6.6
      vertex 32.3807 40.9059 6.6
      vertex 32.2336 41.3394 6.6
    endloop
  endfacet
  facet normal 0 0 1
    outer loop
      vertex 32.4701 39.5432 6.6
      vertex 31.4 40 6.6
      vertex 32.3807 39.0941 6.6
    endloop
  endfacet
  facet normal 0 0 1
    outer loop
      vertex 31.4 40 6.6
      vertex 32.2336 41.3394 6.6
      vertex 32.0311 41.75 6.6
    endloop
  endfacet
  facet normal 0 0 1
    outer loop
      vertex 32.3807 39.0941 6.6
      vertex 31.4 40 6.6
      vertex 32.2336 38.6606 6.6
    endloop
  endfacet
  facet normal -0 0 1
    outer loop
      vertex 30.2 42.0785 6.6
      vertex 32.0311 41.75 6.6
      vertex 31.7767 42.1307 6.6
    endloop
  endfacet
  facet normal 0 0 1
    outer loop
      vertex 32.2336 38.6606 6.6
      vertex 31.4 40 6.6
      vertex 32.0311 38.25 6.6
    endloop
  endfacet
  facet normal 0 0 1
    outer loop
      vertex 30.2 42.0785 6.6
      vertex 31.7767 42.1307 6.6
      vertex 31.4749 42.4749 6.6
    endloop
  endfacet
  facet normal 0 0 1
    outer loop
      vertex 30.2 37.9215 6.6
      vertex 32.0311 38.25 6.6
      vertex 31.4 40 6.6
    endloop
  endfacet
  facet normal 0 0 1
    outer loop
      vertex 32.0311 38.25 6.6
      vertex 30.2 37.9215 6.6
      vertex 31.7767 37.8693 6.6
    endloop
  endfacet
  facet normal 0 0 1
    outer loop
      vertex 30.2 42.0785 6.6
      vertex 31.4749 42.4749 6.6
      vertex 31.1307 42.7767 6.6
    endloop
  endfacet
  facet normal 0 0 1
    outer loop
      vertex 30.2 42.0785 6.6
      vertex 31.1307 42.7767 6.6
      vertex 30.75 43.0311 6.6
    endloop
  endfacet
  facet normal 0 0 1
    outer loop
      vertex 30.2 42.0785 6.6
      vertex 30.75 43.0311 6.6
      vertex 30.3394 43.2336 6.6
    endloop
  endfacet
  facet normal 0 0 1
    outer loop
      vertex 32.0311 41.75 6.6
      vertex 30.2 42.0785 6.6
      vertex 31.4 40 6.6
    endloop
  endfacet
  facet normal 0 0 1
    outer loop
      vertex 29.9059 43.3807 6.6
      vertex 30.2 42.0785 6.6
      vertex 30.3394 43.2336 6.6
    endloop
  endfacet
  facet normal 0 0 1
    outer loop
      vertex 29.4568 43.4701 6.6
      vertex 30.2 42.0785 6.6
      vertex 29.9059 43.3807 6.6
    endloop
  endfacet
  facet normal 0 0 1
    outer loop
      vertex 29 43.5 6.6
      vertex 30.2 42.0785 6.6
      vertex 29.4568 43.4701 6.6
    endloop
  endfacet
  facet normal 0 0 1
    outer loop
      vertex 27.8 42.0785 6.6
      vertex 29 43.5 6.6
      vertex 28.5432 43.4701 6.6
    endloop
  endfacet
  facet normal 0 0 1
    outer loop
      vertex 27.8 42.0785 6.6
      vertex 28.5432 43.4701 6.6
      vertex 28.0941 43.3807 6.6
    endloop
  endfacet
  facet normal 0 0 1
    outer loop
      vertex 29 43.5 6.6
      vertex 27.8 42.0785 6.6
      vertex 30.2 42.0785 6.6
    endloop
  endfacet
  facet normal -0 0 1
    outer loop
      vertex 27.6606 43.2336 6.6
      vertex 27.8 42.0785 6.6
      vertex 28.0941 43.3807 6.6
    endloop
  endfacet
  facet normal -0 0 1
    outer loop
      vertex 27.25 43.0311 6.6
      vertex 27.8 42.0785 6.6
      vertex 27.6606 43.2336 6.6
    endloop
  endfacet
  facet normal -0 0 1
    outer loop
      vertex 26.8693 42.7767 6.6
      vertex 27.8 42.0785 6.6
      vertex 27.25 43.0311 6.6
    endloop
  endfacet
  facet normal -0 0 1
    outer loop
      vertex 26.5251 42.4749 6.6
      vertex 27.8 42.0785 6.6
      vertex 26.8693 42.7767 6.6
    endloop
  endfacet
  facet normal -0 0 1
    outer loop
      vertex 26.2233 42.1307 6.6
      vertex 27.8 42.0785 6.6
      vertex 26.5251 42.4749 6.6
    endloop
  endfacet
  facet normal 0 0 1
    outer loop
      vertex 31.7767 37.8693 6.6
      vertex 30.2 37.9215 6.6
      vertex 31.4749 37.5251 6.6
    endloop
  endfacet
  facet normal 0 0 1
    outer loop
      vertex 31.4749 37.5251 6.6
      vertex 30.2 37.9215 6.6
      vertex 31.1307 37.2233 6.6
    endloop
  endfacet
  facet normal 0 0 1
    outer loop
      vertex 31.1307 37.2233 6.6
      vertex 30.2 37.9215 6.6
      vertex 30.75 36.9689 6.6
    endloop
  endfacet
  facet normal 0 0 1
    outer loop
      vertex 30.75 36.9689 6.6
      vertex 30.2 37.9215 6.6
      vertex 30.3394 36.7664 6.6
    endloop
  endfacet
  facet normal 0 0 1
    outer loop
      vertex 30.2 37.9215 6.6
      vertex 29.9059 36.6193 6.6
      vertex 30.3394 36.7664 6.6
    endloop
  endfacet
  facet normal 0 0 1
    outer loop
      vertex 30.2 37.9215 6.6
      vertex 29.4568 36.5299 6.6
      vertex 29.9059 36.6193 6.6
    endloop
  endfacet
  facet normal 0 0 1
    outer loop
      vertex 30.2 37.9215 6.6
      vertex 29 36.5 6.6
      vertex 29.4568 36.5299 6.6
    endloop
  endfacet
  facet normal -0 0 1
    outer loop
      vertex 27.8 37.9215 6.6
      vertex 29 36.5 6.6
      vertex 30.2 37.9215 6.6
    endloop
  endfacet
  facet normal 0 0 1
    outer loop
      vertex 29 36.5 6.6
      vertex 27.8 37.9215 6.6
      vertex 28.5432 36.5299 6.6
    endloop
  endfacet
  facet normal 0 0 1
    outer loop
      vertex 28.5432 36.5299 6.6
      vertex 27.8 37.9215 6.6
      vertex 28.0941 36.6193 6.6
    endloop
  endfacet
  facet normal 0 0 1
    outer loop
      vertex 27.8 37.9215 6.6
      vertex 27.6606 36.7664 6.6
      vertex 28.0941 36.6193 6.6
    endloop
  endfacet
  facet normal 0 0 1
    outer loop
      vertex 27.8 37.9215 6.6
      vertex 27.25 36.9689 6.6
      vertex 27.6606 36.7664 6.6
    endloop
  endfacet
  facet normal 0 0 1
    outer loop
      vertex 27.8 37.9215 6.6
      vertex 26.8693 37.2233 6.6
      vertex 27.25 36.9689 6.6
    endloop
  endfacet
  facet normal -0 0 1
    outer loop
      vertex 25.9689 38.25 6.6
      vertex 27.8 37.9215 6.6
      vertex 26.6 40 6.6
    endloop
  endfacet
  facet normal 0 0 1
    outer loop
      vertex 27.8 37.9215 6.6
      vertex 26.5251 37.5251 6.6
      vertex 26.8693 37.2233 6.6
    endloop
  endfacet
  facet normal 0 0 1
    outer loop
      vertex 25.9689 41.75 6.6
      vertex 27.8 42.0785 6.6
      vertex 26.2233 42.1307 6.6
    endloop
  endfacet
  facet normal 0 0 1
    outer loop
      vertex 27.8 42.0785 6.6
      vertex 25.9689 41.75 6.6
      vertex 26.6 40 6.6
    endloop
  endfacet
  facet normal 0 0 1
    outer loop
      vertex 27.8 37.9215 6.6
      vertex 26.2233 37.8693 6.6
      vertex 26.5251 37.5251 6.6
    endloop
  endfacet
  facet normal -0 0 1
    outer loop
      vertex 25.7664 41.3394 6.6
      vertex 26.6 40 6.6
      vertex 25.9689 41.75 6.6
    endloop
  endfacet
  facet normal 0 0 1
    outer loop
      vertex 27.8 37.9215 6.6
      vertex 25.9689 38.25 6.6
      vertex 26.2233 37.8693 6.6
    endloop
  endfacet
  facet normal -0 0 1
    outer loop
      vertex 25.6193 40.9059 6.6
      vertex 26.6 40 6.6
      vertex 25.7664 41.3394 6.6
    endloop
  endfacet
  facet normal 0 0 1
    outer loop
      vertex 26.6 40 6.6
      vertex 25.7664 38.6606 6.6
      vertex 25.9689 38.25 6.6
    endloop
  endfacet
  facet normal -0 0 1
    outer loop
      vertex 25.5299 40.4568 6.6
      vertex 26.6 40 6.6
      vertex 25.6193 40.9059 6.6
    endloop
  endfacet
  facet normal 0 0 1
    outer loop
      vertex 26.6 40 6.6
      vertex 25.6193 39.0941 6.6
      vertex 25.7664 38.6606 6.6
    endloop
  endfacet
  facet normal 0 0 1
    outer loop
      vertex 25.5 40 6.6
      vertex 26.6 40 6.6
      vertex 25.5299 40.4568 6.6
    endloop
  endfacet
  facet normal 0 0 1
    outer loop
      vertex 26.6 40 6.6
      vertex 25.5299 39.5432 6.6
      vertex 25.6193 39.0941 6.6
    endloop
  endfacet
  facet normal 0 0 1
    outer loop
      vertex 26.6 40 6.6
      vertex 25.5 40 6.6
      vertex 25.5299 39.5432 6.6
    endloop
  endfacet
  facet normal -0.89686 0.442314 3.1565e-18
    outer loop
      vertex 25.7664 41.3394 2.2
      vertex 25.9689 41.75 6.6
      vertex 25.9689 41.75 2.2
    endloop
  endfacet
  facet normal -0.89686 0.442314 3.1565e-18
    outer loop
      vertex 25.9689 41.75 6.6
      vertex 25.7664 41.3394 2.2
      vertex 25.7664 41.3394 6.6
    endloop
  endfacet
  facet normal -0.195234 -0.980757 0
    outer loop
      vertex 28.0941 36.6193 2.2
      vertex 28.5432 36.5299 6.6
      vertex 28.0941 36.6193 6.6
    endloop
  endfacet
  facet normal -0.195234 -0.980757 -0
    outer loop
      vertex 28.5432 36.5299 6.6
      vertex 28.0941 36.6193 2.2
      vertex 28.5432 36.5299 2.2
    endloop
  endfacet
  facet normal -0.659278 -0.7519 0
    outer loop
      vertex 26.5251 37.5251 2.2
      vertex 26.8693 37.2233 6.6
      vertex 26.5251 37.5251 6.6
    endloop
  endfacet
  facet normal -0.659278 -0.7519 -0
    outer loop
      vertex 26.8693 37.2233 6.6
      vertex 26.5251 37.5251 2.2
      vertex 26.8693 37.2233 2.2
    endloop
  endfacet
  facet normal -0.980788 -0.195079 2.16642e-19
    outer loop
      vertex -29.6573 68.1109 9.2
      vertex -29.679 68.22 17.2
      vertex -29.679 68.22 9.2
    endloop
  endfacet
  facet normal -0.980788 -0.195079 2.16642e-19
    outer loop
      vertex -29.679 68.22 17.2
      vertex -29.6573 68.1109 9.2
      vertex -29.6573 68.1109 17.2
    endloop
  endfacet
  facet normal -0.997841 -0.0656829 -6.28209e-21
    outer loop
      vertex -29.65 68 9.2
      vertex -29.6573 68.1109 17.2
      vertex -29.6573 68.1109 9.2
    endloop
  endfacet
  facet normal -0.997841 -0.0656829 -6.28209e-21
    outer loop
      vertex -29.6573 68.1109 17.2
      vertex -29.65 68 9.2
      vertex -29.65 68 17.2
    endloop
  endfacet
  facet normal -0.947052 -0.32108 5.31336e-21
    outer loop
      vertex -29.679 68.22 9.2
      vertex -29.7147 68.3253 17.2
      vertex -29.7147 68.3253 9.2
    endloop
  endfacet
  facet normal -0.947052 -0.32108 5.31336e-21
    outer loop
      vertex -29.7147 68.3253 17.2
      vertex -29.679 68.22 9.2
      vertex -29.679 68.22 17.2
    endloop
  endfacet
  facet normal -0.831635 -0.555323 4.81992e-19
    outer loop
      vertex -29.7639 68.425 9.2
      vertex -29.8256 68.5174 17.2
      vertex -29.8256 68.5174 9.2
    endloop
  endfacet
  facet normal -0.831635 -0.555323 4.81992e-19
    outer loop
      vertex -29.8256 68.5174 17.2
      vertex -29.7639 68.425 9.2
      vertex -29.7639 68.425 17.2
    endloop
  endfacet
  facet normal 0.947052 0.32108 5.31336e-21
    outer loop
      vertex -31.2853 67.6747 17.2
      vertex -31.321 67.78 9.2
      vertex -31.321 67.78 17.2
    endloop
  endfacet
  facet normal 0.947052 0.32108 5.31336e-21
    outer loop
      vertex -31.321 67.78 9.2
      vertex -31.2853 67.6747 17.2
      vertex -31.2853 67.6747 9.2
    endloop
  endfacet
  facet normal -0.32108 0.947052 0
    outer loop
      vertex -30.1747 67.2147 9.2
      vertex -30.28 67.179 17.2
      vertex -30.1747 67.2147 17.2
    endloop
  endfacet
  facet normal -0.32108 0.947052 0
    outer loop
      vertex -30.28 67.179 17.2
      vertex -30.1747 67.2147 9.2
      vertex -30.28 67.179 9.2
    endloop
  endfacet
  facet normal -0.896754 -0.44253 -4.12159e-19
    outer loop
      vertex -29.7147 68.3253 9.2
      vertex -29.7639 68.425 17.2
      vertex -29.7639 68.425 9.2
    endloop
  endfacet
  facet normal -0.896754 -0.44253 -4.12159e-19
    outer loop
      vertex -29.7639 68.425 17.2
      vertex -29.7147 68.3253 9.2
      vertex -29.7147 68.3253 17.2
    endloop
  endfacet
  facet normal 0.555945 -0.831219 0
    outer loop
      vertex -31.0174 68.6743 9.2
      vertex -30.925 68.7361 17.2
      vertex -31.0174 68.6743 17.2
    endloop
  endfacet
  facet normal 0.555945 -0.831219 0
    outer loop
      vertex -30.925 68.7361 17.2
      vertex -31.0174 68.6743 9.2
      vertex -30.925 68.7361 9.2
    endloop
  endfacet
  facet normal -0.980788 0.195079 -2.16642e-19
    outer loop
      vertex -29.679 67.78 9.2
      vertex -29.6573 67.8891 17.2
      vertex -29.6573 67.8891 9.2
    endloop
  endfacet
  facet normal -0.980788 0.195079 -2.16642e-19
    outer loop
      vertex -29.6573 67.8891 17.2
      vertex -29.679 67.78 9.2
      vertex -29.679 67.78 17.2
    endloop
  endfacet
  facet normal 0 0 1
    outer loop
      vertex -29.6573 68.1109 9.2
      vertex -29.6573 67.8891 9.2
      vertex -29.65 68 9.2
    endloop
  endfacet
  facet normal 0 0 1
    outer loop
      vertex -29.679 68.22 9.2
      vertex -29.6573 67.8891 9.2
      vertex -29.6573 68.1109 9.2
    endloop
  endfacet
  facet normal 0 0 1
    outer loop
      vertex -29.679 68.22 9.2
      vertex -29.679 67.78 9.2
      vertex -29.6573 67.8891 9.2
    endloop
  endfacet
  facet normal 0 0 1
    outer loop
      vertex -29.7147 68.3253 9.2
      vertex -29.679 67.78 9.2
      vertex -29.679 68.22 9.2
    endloop
  endfacet
  facet normal 0 0 1
    outer loop
      vertex -29.7147 68.3253 9.2
      vertex -29.7147 67.6747 9.2
      vertex -29.679 67.78 9.2
    endloop
  endfacet
  facet normal 0 0 1
    outer loop
      vertex -29.7639 68.425 9.2
      vertex -29.7147 67.6747 9.2
      vertex -29.7147 68.3253 9.2
    endloop
  endfacet
  facet normal 0 0 1
    outer loop
      vertex -29.7639 68.425 9.2
      vertex -29.7639 67.575 9.2
      vertex -29.7147 67.6747 9.2
    endloop
  endfacet
  facet normal 0 0 1
    outer loop
      vertex -29.8256 68.5174 9.2
      vertex -29.7639 67.575 9.2
      vertex -29.7639 68.425 9.2
    endloop
  endfacet
  facet normal 0 0 1
    outer loop
      vertex -29.8256 68.5174 9.2
      vertex -29.8256 67.4826 9.2
      vertex -29.7639 67.575 9.2
    endloop
  endfacet
  facet normal 0 0 1
    outer loop
      vertex -29.899 68.601 9.2
      vertex -29.8256 67.4826 9.2
      vertex -29.8256 68.5174 9.2
    endloop
  endfacet
  facet normal 0 0 1
    outer loop
      vertex -29.899 68.601 9.2
      vertex -29.899 67.399 9.2
      vertex -29.8256 67.4826 9.2
    endloop
  endfacet
  facet normal 0 0 1
    outer loop
      vertex -29.9826 68.6743 9.2
      vertex -29.899 67.399 9.2
      vertex -29.899 68.601 9.2
    endloop
  endfacet
  facet normal 0 0 1
    outer loop
      vertex -29.9826 68.6743 9.2
      vertex -29.9826 67.3257 9.2
      vertex -29.899 67.399 9.2
    endloop
  endfacet
  facet normal 0 0 1
    outer loop
      vertex -30.075 68.7361 9.2
      vertex -29.9826 67.3257 9.2
      vertex -29.9826 68.6743 9.2
    endloop
  endfacet
  facet normal 0 0 1
    outer loop
      vertex -30.075 68.7361 9.2
      vertex -30.075 67.2639 9.2
      vertex -29.9826 67.3257 9.2
    endloop
  endfacet
  facet normal 0 0 1
    outer loop
      vertex -30.1747 68.7853 9.2
      vertex -30.075 67.2639 9.2
      vertex -30.075 68.7361 9.2
    endloop
  endfacet
  facet normal 0 0 1
    outer loop
      vertex -30.1747 68.7853 9.2
      vertex -30.1747 67.2147 9.2
      vertex -30.075 67.2639 9.2
    endloop
  endfacet
  facet normal 0 0 1
    outer loop
      vertex -30.28 68.821 9.2
      vertex -30.1747 67.2147 9.2
      vertex -30.1747 68.7853 9.2
    endloop
  endfacet
  facet normal 0 0 1
    outer loop
      vertex -30.28 68.821 9.2
      vertex -30.28 67.179 9.2
      vertex -30.1747 67.2147 9.2
    endloop
  endfacet
  facet normal 0 0 1
    outer loop
      vertex -30.3891 68.8427 9.2
      vertex -30.28 67.179 9.2
      vertex -30.28 68.821 9.2
    endloop
  endfacet
  facet normal 0 0 1
    outer loop
      vertex -30.3891 68.8427 9.2
      vertex -30.3891 67.1573 9.2
      vertex -30.28 67.179 9.2
    endloop
  endfacet
  facet normal 0 0 1
    outer loop
      vertex -30.5 68.85 9.2
      vertex -30.3891 67.1573 9.2
      vertex -30.3891 68.8427 9.2
    endloop
  endfacet
  facet normal 0 0 1
    outer loop
      vertex -30.5 68.85 9.2
      vertex -30.5 67.15 9.2
      vertex -30.3891 67.1573 9.2
    endloop
  endfacet
  facet normal -0 0 1
    outer loop
      vertex -30.6109 68.8427 9.2
      vertex -30.5 67.15 9.2
      vertex -30.5 68.85 9.2
    endloop
  endfacet
  facet normal 0 0 1
    outer loop
      vertex -30.6109 68.8427 9.2
      vertex -30.6109 67.1573 9.2
      vertex -30.5 67.15 9.2
    endloop
  endfacet
  facet normal -0 0 1
    outer loop
      vertex -30.72 68.821 9.2
      vertex -30.6109 67.1573 9.2
      vertex -30.6109 68.8427 9.2
    endloop
  endfacet
  facet normal 0 0 1
    outer loop
      vertex -30.72 68.821 9.2
      vertex -30.72 67.179 9.2
      vertex -30.6109 67.1573 9.2
    endloop
  endfacet
  facet normal -0 0 1
    outer loop
      vertex -30.8253 68.7853 9.2
      vertex -30.72 67.179 9.2
      vertex -30.72 68.821 9.2
    endloop
  endfacet
  facet normal 0 0 1
    outer loop
      vertex -30.8253 68.7853 9.2
      vertex -30.8253 67.2147 9.2
      vertex -30.72 67.179 9.2
    endloop
  endfacet
  facet normal -0 0 1
    outer loop
      vertex -30.925 68.7361 9.2
      vertex -30.8253 67.2147 9.2
      vertex -30.8253 68.7853 9.2
    endloop
  endfacet
  facet normal 0 0 1
    outer loop
      vertex -30.925 68.7361 9.2
      vertex -30.925 67.2639 9.2
      vertex -30.8253 67.2147 9.2
    endloop
  endfacet
  facet normal -0 0 1
    outer loop
      vertex -31.0174 68.6743 9.2
      vertex -30.925 67.2639 9.2
      vertex -30.925 68.7361 9.2
    endloop
  endfacet
  facet normal 0 0 1
    outer loop
      vertex -31.0174 68.6743 9.2
      vertex -31.0174 67.3257 9.2
      vertex -30.925 67.2639 9.2
    endloop
  endfacet
  facet normal -0 0 1
    outer loop
      vertex -31.101 68.601 9.2
      vertex -31.0174 67.3257 9.2
      vertex -31.0174 68.6743 9.2
    endloop
  endfacet
  facet normal 0 0 1
    outer loop
      vertex -31.101 68.601 9.2
      vertex -31.101 67.399 9.2
      vertex -31.0174 67.3257 9.2
    endloop
  endfacet
  facet normal -0 0 1
    outer loop
      vertex -31.1744 68.5174 9.2
      vertex -31.101 67.399 9.2
      vertex -31.101 68.601 9.2
    endloop
  endfacet
  facet normal 0 0 1
    outer loop
      vertex -31.1744 68.5174 9.2
      vertex -31.1744 67.4826 9.2
      vertex -31.101 67.399 9.2
    endloop
  endfacet
  facet normal -0 0 1
    outer loop
      vertex -31.2361 68.425 9.2
      vertex -31.1744 67.4826 9.2
      vertex -31.1744 68.5174 9.2
    endloop
  endfacet
  facet normal 0 0 1
    outer loop
      vertex -31.2361 68.425 9.2
      vertex -31.2361 67.575 9.2
      vertex -31.1744 67.4826 9.2
    endloop
  endfacet
  facet normal -0 0 1
    outer loop
      vertex -31.2853 68.3253 9.2
      vertex -31.2361 67.575 9.2
      vertex -31.2361 68.425 9.2
    endloop
  endfacet
  facet normal 0 0 1
    outer loop
      vertex -31.2853 68.3253 9.2
      vertex -31.2853 67.6747 9.2
      vertex -31.2361 67.575 9.2
    endloop
  endfacet
  facet normal -0 0 1
    outer loop
      vertex -31.321 68.22 9.2
      vertex -31.2853 67.6747 9.2
      vertex -31.2853 68.3253 9.2
    endloop
  endfacet
  facet normal 0 0 1
    outer loop
      vertex -31.321 68.22 9.2
      vertex -31.321 67.78 9.2
      vertex -31.2853 67.6747 9.2
    endloop
  endfacet
  facet normal -0 0 1
    outer loop
      vertex -31.3427 68.1109 9.2
      vertex -31.321 67.78 9.2
      vertex -31.321 68.22 9.2
    endloop
  endfacet
  facet normal 0 0 1
    outer loop
      vertex -31.3427 68.1109 9.2
      vertex -31.3427 67.8891 9.2
      vertex -31.321 67.78 9.2
    endloop
  endfacet
  facet normal 0 -0 1
    outer loop
      vertex -31.3427 67.8891 9.2
      vertex -31.3427 68.1109 9.2
      vertex -31.35 68 9.2
    endloop
  endfacet
  facet normal -0.32108 -0.947052 0
    outer loop
      vertex -30.28 68.821 9.2
      vertex -30.1747 68.7853 17.2
      vertex -30.28 68.821 17.2
    endloop
  endfacet
  facet normal -0.32108 -0.947052 -0
    outer loop
      vertex -30.1747 68.7853 17.2
      vertex -30.28 68.821 9.2
      vertex -30.1747 68.7853 9.2
    endloop
  endfacet
  facet normal 0.659268 -0.751908 0
    outer loop
      vertex -31.101 68.601 9.2
      vertex -31.0174 68.6743 17.2
      vertex -31.101 68.601 17.2
    endloop
  endfacet
  facet normal 0.659268 -0.751908 0
    outer loop
      vertex -31.0174 68.6743 17.2
      vertex -31.101 68.601 9.2
      vertex -31.0174 68.6743 9.2
    endloop
  endfacet
  facet normal -0.555945 0.831219 0
    outer loop
      vertex -29.9826 67.3257 9.2
      vertex -30.075 67.2639 17.2
      vertex -29.9826 67.3257 17.2
    endloop
  endfacet
  facet normal -0.555945 0.831219 0
    outer loop
      vertex -30.075 67.2639 17.2
      vertex -29.9826 67.3257 9.2
      vertex -30.075 67.2639 9.2
    endloop
  endfacet
  facet normal 0.195079 -0.980788 0
    outer loop
      vertex -30.72 68.821 9.2
      vertex -30.6109 68.8427 17.2
      vertex -30.72 68.821 17.2
    endloop
  endfacet
  facet normal 0.195079 -0.980788 0
    outer loop
      vertex -30.6109 68.8427 17.2
      vertex -30.72 68.821 9.2
      vertex -30.6109 68.8427 9.2
    endloop
  endfacet
  facet normal 0.997841 0.0656829 -6.28209e-21
    outer loop
      vertex -31.3427 67.8891 17.2
      vertex -31.35 68 9.2
      vertex -31.35 68 17.2
    endloop
  endfacet
  facet normal 0.997841 0.0656829 -6.28209e-21
    outer loop
      vertex -31.35 68 9.2
      vertex -31.3427 67.8891 17.2
      vertex -31.3427 67.8891 9.2
    endloop
  endfacet
  facet normal 0.896754 0.44253 -4.12159e-19
    outer loop
      vertex -31.2361 67.575 17.2
      vertex -31.2853 67.6747 9.2
      vertex -31.2853 67.6747 17.2
    endloop
  endfacet
  facet normal 0.896754 0.44253 -4.12159e-19
    outer loop
      vertex -31.2853 67.6747 9.2
      vertex -31.2361 67.575 17.2
      vertex -31.2361 67.575 9.2
    endloop
  endfacet
  facet normal -0.0656829 -0.997841 0
    outer loop
      vertex -30.5 68.85 9.2
      vertex -30.3891 68.8427 17.2
      vertex -30.5 68.85 17.2
    endloop
  endfacet
  facet normal -0.0656829 -0.997841 -0
    outer loop
      vertex -30.3891 68.8427 17.2
      vertex -30.5 68.85 9.2
      vertex -30.3891 68.8427 9.2
    endloop
  endfacet
  facet normal 0.32108 0.947052 -0
    outer loop
      vertex -30.72 67.179 9.2
      vertex -30.8253 67.2147 17.2
      vertex -30.72 67.179 17.2
    endloop
  endfacet
  facet normal 0.32108 0.947052 0
    outer loop
      vertex -30.8253 67.2147 17.2
      vertex -30.72 67.179 9.2
      vertex -30.8253 67.2147 9.2
    endloop
  endfacet
  facet normal -0.195079 0.980788 0
    outer loop
      vertex -30.28 67.179 9.2
      vertex -30.3891 67.1573 17.2
      vertex -30.28 67.179 17.2
    endloop
  endfacet
  facet normal -0.195079 0.980788 0
    outer loop
      vertex -30.3891 67.1573 17.2
      vertex -30.28 67.179 9.2
      vertex -30.3891 67.1573 9.2
    endloop
  endfacet
  facet normal 0.44253 -0.896754 0
    outer loop
      vertex -30.925 68.7361 9.2
      vertex -30.8253 68.7853 17.2
      vertex -30.925 68.7361 17.2
    endloop
  endfacet
  facet normal 0.44253 -0.896754 0
    outer loop
      vertex -30.8253 68.7853 17.2
      vertex -30.925 68.7361 9.2
      vertex -30.8253 68.7853 9.2
    endloop
  endfacet
  facet normal 0.0656829 -0.997841 0
    outer loop
      vertex -30.6109 68.8427 9.2
      vertex -30.5 68.85 17.2
      vertex -30.6109 68.8427 17.2
    endloop
  endfacet
  facet normal 0.0656829 -0.997841 0
    outer loop
      vertex -30.5 68.85 17.2
      vertex -30.6109 68.8427 9.2
      vertex -30.5 68.85 9.2
    endloop
  endfacet
  facet normal -0.44253 -0.896754 0
    outer loop
      vertex -30.1747 68.7853 9.2
      vertex -30.075 68.7361 17.2
      vertex -30.1747 68.7853 17.2
    endloop
  endfacet
  facet normal -0.44253 -0.896754 -0
    outer loop
      vertex -30.075 68.7361 17.2
      vertex -30.1747 68.7853 9.2
      vertex -30.075 68.7361 9.2
    endloop
  endfacet
  facet normal -0.44253 0.896754 0
    outer loop
      vertex -30.075 67.2639 9.2
      vertex -30.1747 67.2147 17.2
      vertex -30.075 67.2639 17.2
    endloop
  endfacet
  facet normal -0.44253 0.896754 0
    outer loop
      vertex -30.1747 67.2147 17.2
      vertex -30.075 67.2639 9.2
      vertex -30.1747 67.2147 9.2
    endloop
  endfacet
  facet normal 0.980788 0.195079 2.16642e-19
    outer loop
      vertex -31.321 67.78 17.2
      vertex -31.3427 67.8891 9.2
      vertex -31.3427 67.8891 17.2
    endloop
  endfacet
  facet normal 0.980788 0.195079 2.16642e-19
    outer loop
      vertex -31.3427 67.8891 9.2
      vertex -31.321 67.78 17.2
      vertex -31.321 67.78 9.2
    endloop
  endfacet
  facet normal -0.997841 0.0656829 6.28209e-21
    outer loop
      vertex -29.6573 67.8891 9.2
      vertex -29.65 68 17.2
      vertex -29.65 68 9.2
    endloop
  endfacet
  facet normal -0.997841 0.0656829 6.28209e-21
    outer loop
      vertex -29.65 68 17.2
      vertex -29.6573 67.8891 9.2
      vertex -29.6573 67.8891 17.2
    endloop
  endfacet
  facet normal 0.555945 0.831219 -0
    outer loop
      vertex -30.925 67.2639 9.2
      vertex -31.0174 67.3257 17.2
      vertex -30.925 67.2639 17.2
    endloop
  endfacet
  facet normal 0.555945 0.831219 0
    outer loop
      vertex -31.0174 67.3257 17.2
      vertex -30.925 67.2639 9.2
      vertex -31.0174 67.3257 9.2
    endloop
  endfacet
  facet normal -0.751462 0.659776 4.44392e-19
    outer loop
      vertex -29.899 67.399 9.2
      vertex -29.8256 67.4826 17.2
      vertex -29.8256 67.4826 9.2
    endloop
  endfacet
  facet normal -0.751462 0.659776 4.44392e-19
    outer loop
      vertex -29.8256 67.4826 17.2
      vertex -29.899 67.399 9.2
      vertex -29.899 67.399 17.2
    endloop
  endfacet
  facet normal -0.831635 0.555323 -4.81992e-19
    outer loop
      vertex -29.8256 67.4826 9.2
      vertex -29.7639 67.575 17.2
      vertex -29.7639 67.575 9.2
    endloop
  endfacet
  facet normal -0.831635 0.555323 -4.81992e-19
    outer loop
      vertex -29.7639 67.575 17.2
      vertex -29.8256 67.4826 9.2
      vertex -29.8256 67.4826 17.2
    endloop
  endfacet
  facet normal 0.751462 0.659776 -4.44392e-19
    outer loop
      vertex -31.101 67.399 17.2
      vertex -31.1744 67.4826 9.2
      vertex -31.1744 67.4826 17.2
    endloop
  endfacet
  facet normal 0.751462 0.659776 -4.44392e-19
    outer loop
      vertex -31.1744 67.4826 9.2
      vertex -31.101 67.399 17.2
      vertex -31.101 67.399 9.2
    endloop
  endfacet
  facet normal 0.751462 -0.659776 4.44392e-19
    outer loop
      vertex -31.1744 68.5174 17.2
      vertex -31.101 68.601 9.2
      vertex -31.101 68.601 17.2
    endloop
  endfacet
  facet normal 0.751462 -0.659776 4.44392e-19
    outer loop
      vertex -31.101 68.601 9.2
      vertex -31.1744 68.5174 17.2
      vertex -31.1744 68.5174 9.2
    endloop
  endfacet
  facet normal 0.831635 -0.555323 -4.81992e-19
    outer loop
      vertex -31.2361 68.425 17.2
      vertex -31.1744 68.5174 9.2
      vertex -31.1744 68.5174 17.2
    endloop
  endfacet
  facet normal 0.831635 -0.555323 -4.81992e-19
    outer loop
      vertex -31.1744 68.5174 9.2
      vertex -31.2361 68.425 17.2
      vertex -31.2361 68.425 9.2
    endloop
  endfacet
  facet normal -0.947052 0.32108 -5.31336e-21
    outer loop
      vertex -29.7147 67.6747 9.2
      vertex -29.679 67.78 17.2
      vertex -29.679 67.78 9.2
    endloop
  endfacet
  facet normal -0.947052 0.32108 -5.31336e-21
    outer loop
      vertex -29.679 67.78 17.2
      vertex -29.7147 67.6747 9.2
      vertex -29.7147 67.6747 17.2
    endloop
  endfacet
  facet normal 0.831635 0.555323 4.81992e-19
    outer loop
      vertex -31.1744 67.4826 17.2
      vertex -31.2361 67.575 9.2
      vertex -31.2361 67.575 17.2
    endloop
  endfacet
  facet normal 0.831635 0.555323 4.81992e-19
    outer loop
      vertex -31.2361 67.575 9.2
      vertex -31.1744 67.4826 17.2
      vertex -31.1744 67.4826 9.2
    endloop
  endfacet
  facet normal -0.896754 0.44253 4.12159e-19
    outer loop
      vertex -29.7639 67.575 9.2
      vertex -29.7147 67.6747 17.2
      vertex -29.7147 67.6747 9.2
    endloop
  endfacet
  facet normal -0.896754 0.44253 4.12159e-19
    outer loop
      vertex -29.7147 67.6747 17.2
      vertex -29.7639 67.575 9.2
      vertex -29.7639 67.575 17.2
    endloop
  endfacet
  facet normal 0.195079 0.980788 -0
    outer loop
      vertex -30.6109 67.1573 9.2
      vertex -30.72 67.179 17.2
      vertex -30.6109 67.1573 17.2
    endloop
  endfacet
  facet normal 0.195079 0.980788 0
    outer loop
      vertex -30.72 67.179 17.2
      vertex -30.6109 67.1573 9.2
      vertex -30.72 67.179 9.2
    endloop
  endfacet
  facet normal -0.0656829 0.997841 0
    outer loop
      vertex -30.3891 67.1573 9.2
      vertex -30.5 67.15 17.2
      vertex -30.3891 67.1573 17.2
    endloop
  endfacet
  facet normal -0.0656829 0.997841 0
    outer loop
      vertex -30.5 67.15 17.2
      vertex -30.3891 67.1573 9.2
      vertex -30.5 67.15 9.2
    endloop
  endfacet
  facet normal 0.44253 0.896754 -0
    outer loop
      vertex -30.8253 67.2147 9.2
      vertex -30.925 67.2639 17.2
      vertex -30.8253 67.2147 17.2
    endloop
  endfacet
  facet normal 0.44253 0.896754 0
    outer loop
      vertex -30.925 67.2639 17.2
      vertex -30.8253 67.2147 9.2
      vertex -30.925 67.2639 9.2
    endloop
  endfacet
  facet normal -0.195079 -0.980788 0
    outer loop
      vertex -30.3891 68.8427 9.2
      vertex -30.28 68.821 17.2
      vertex -30.3891 68.8427 17.2
    endloop
  endfacet
  facet normal -0.195079 -0.980788 -0
    outer loop
      vertex -30.28 68.821 17.2
      vertex -30.3891 68.8427 9.2
      vertex -30.28 68.821 9.2
    endloop
  endfacet
  facet normal -0.659268 0.751908 0
    outer loop
      vertex -29.899 67.399 9.2
      vertex -29.9826 67.3257 17.2
      vertex -29.899 67.399 17.2
    endloop
  endfacet
  facet normal -0.659268 0.751908 0
    outer loop
      vertex -29.9826 67.3257 17.2
      vertex -29.899 67.399 9.2
      vertex -29.9826 67.3257 9.2
    endloop
  endfacet
  facet normal -0.555945 -0.831219 0
    outer loop
      vertex -30.075 68.7361 9.2
      vertex -29.9826 68.6743 17.2
      vertex -30.075 68.7361 17.2
    endloop
  endfacet
  facet normal -0.555945 -0.831219 -0
    outer loop
      vertex -29.9826 68.6743 17.2
      vertex -30.075 68.7361 9.2
      vertex -29.9826 68.6743 9.2
    endloop
  endfacet
  facet normal 0.32108 -0.947052 0
    outer loop
      vertex -30.8253 68.7853 9.2
      vertex -30.72 68.821 17.2
      vertex -30.8253 68.7853 17.2
    endloop
  endfacet
  facet normal 0.32108 -0.947052 0
    outer loop
      vertex -30.72 68.821 17.2
      vertex -30.8253 68.7853 9.2
      vertex -30.72 68.821 9.2
    endloop
  endfacet
  facet normal 0.0656829 0.997841 -0
    outer loop
      vertex -30.5 67.15 9.2
      vertex -30.6109 67.1573 17.2
      vertex -30.5 67.15 17.2
    endloop
  endfacet
  facet normal 0.0656829 0.997841 0
    outer loop
      vertex -30.6109 67.1573 17.2
      vertex -30.5 67.15 9.2
      vertex -30.6109 67.1573 9.2
    endloop
  endfacet
  facet normal 0.896754 -0.44253 4.12159e-19
    outer loop
      vertex -31.2853 68.3253 17.2
      vertex -31.2361 68.425 9.2
      vertex -31.2361 68.425 17.2
    endloop
  endfacet
  facet normal 0.896754 -0.44253 4.12159e-19
    outer loop
      vertex -31.2361 68.425 9.2
      vertex -31.2853 68.3253 17.2
      vertex -31.2853 68.3253 9.2
    endloop
  endfacet
  facet normal 0.980788 -0.195079 -2.16642e-19
    outer loop
      vertex -31.3427 68.1109 17.2
      vertex -31.321 68.22 9.2
      vertex -31.321 68.22 17.2
    endloop
  endfacet
  facet normal 0.980788 -0.195079 -2.16642e-19
    outer loop
      vertex -31.321 68.22 9.2
      vertex -31.3427 68.1109 17.2
      vertex -31.3427 68.1109 9.2
    endloop
  endfacet
  facet normal -0.751462 -0.659776 -4.44392e-19
    outer loop
      vertex -29.8256 68.5174 9.2
      vertex -29.899 68.601 17.2
      vertex -29.899 68.601 9.2
    endloop
  endfacet
  facet normal -0.751462 -0.659776 -4.44392e-19
    outer loop
      vertex -29.899 68.601 17.2
      vertex -29.8256 68.5174 9.2
      vertex -29.8256 68.5174 17.2
    endloop
  endfacet
  facet normal 0.659268 0.751908 -0
    outer loop
      vertex -31.0174 67.3257 9.2
      vertex -31.101 67.399 17.2
      vertex -31.0174 67.3257 17.2
    endloop
  endfacet
  facet normal 0.659268 0.751908 0
    outer loop
      vertex -31.101 67.399 17.2
      vertex -31.0174 67.3257 9.2
      vertex -31.101 67.399 9.2
    endloop
  endfacet
  facet normal -0.659268 -0.751908 0
    outer loop
      vertex -29.9826 68.6743 9.2
      vertex -29.899 68.601 17.2
      vertex -29.9826 68.6743 17.2
    endloop
  endfacet
  facet normal -0.659268 -0.751908 -0
    outer loop
      vertex -29.899 68.601 17.2
      vertex -29.9826 68.6743 9.2
      vertex -29.899 68.601 9.2
    endloop
  endfacet
  facet normal 0.947052 -0.32108 -5.31336e-21
    outer loop
      vertex -31.321 68.22 17.2
      vertex -31.2853 68.3253 9.2
      vertex -31.2853 68.3253 17.2
    endloop
  endfacet
  facet normal 0.947052 -0.32108 -5.31336e-21
    outer loop
      vertex -31.2853 68.3253 9.2
      vertex -31.321 68.22 17.2
      vertex -31.321 68.22 9.2
    endloop
  endfacet
  facet normal 0.997841 -0.0656829 6.28209e-21
    outer loop
      vertex -31.35 68 17.2
      vertex -31.3427 68.1109 9.2
      vertex -31.3427 68.1109 17.2
    endloop
  endfacet
  facet normal 0.997841 -0.0656829 6.28209e-21
    outer loop
      vertex -31.3427 68.1109 9.2
      vertex -31.35 68 17.2
      vertex -31.35 68 9.2
    endloop
  endfacet
  facet normal -0.980788 -0.195079 2.16642e-19
    outer loop
      vertex 31.3427 68.1109 9.2
      vertex 31.321 68.22 17.2
      vertex 31.321 68.22 9.2
    endloop
  endfacet
  facet normal -0.980788 -0.195079 2.16642e-19
    outer loop
      vertex 31.321 68.22 17.2
      vertex 31.3427 68.1109 9.2
      vertex 31.3427 68.1109 17.2
    endloop
  endfacet
  facet normal -0.997841 -0.0656829 -6.28209e-21
    outer loop
      vertex 31.35 68 9.2
      vertex 31.3427 68.1109 17.2
      vertex 31.3427 68.1109 9.2
    endloop
  endfacet
  facet normal -0.997841 -0.0656829 -6.28209e-21
    outer loop
      vertex 31.3427 68.1109 17.2
      vertex 31.35 68 9.2
      vertex 31.35 68 17.2
    endloop
  endfacet
  facet normal -0.947052 -0.32108 5.31336e-21
    outer loop
      vertex 31.321 68.22 9.2
      vertex 31.2853 68.3253 17.2
      vertex 31.2853 68.3253 9.2
    endloop
  endfacet
  facet normal -0.947052 -0.32108 5.31336e-21
    outer loop
      vertex 31.2853 68.3253 17.2
      vertex 31.321 68.22 9.2
      vertex 31.321 68.22 17.2
    endloop
  endfacet
  facet normal -0.831635 -0.555323 4.81992e-19
    outer loop
      vertex 31.2361 68.425 9.2
      vertex 31.1744 68.5174 17.2
      vertex 31.1744 68.5174 9.2
    endloop
  endfacet
  facet normal -0.831635 -0.555323 4.81992e-19
    outer loop
      vertex 31.1744 68.5174 17.2
      vertex 31.2361 68.425 9.2
      vertex 31.2361 68.425 17.2
    endloop
  endfacet
  facet normal 0.947052 0.32108 5.31336e-21
    outer loop
      vertex 29.7147 67.6747 17.2
      vertex 29.679 67.78 9.2
      vertex 29.679 67.78 17.2
    endloop
  endfacet
  facet normal 0.947052 0.32108 5.31336e-21
    outer loop
      vertex 29.679 67.78 9.2
      vertex 29.7147 67.6747 17.2
      vertex 29.7147 67.6747 9.2
    endloop
  endfacet
  facet normal -0.32108 0.947052 0
    outer loop
      vertex 30.8253 67.2147 9.2
      vertex 30.72 67.179 17.2
      vertex 30.8253 67.2147 17.2
    endloop
  endfacet
  facet normal -0.32108 0.947052 0
    outer loop
      vertex 30.72 67.179 17.2
      vertex 30.8253 67.2147 9.2
      vertex 30.72 67.179 9.2
    endloop
  endfacet
  facet normal -0.896754 -0.44253 -4.12159e-19
    outer loop
      vertex 31.2853 68.3253 9.2
      vertex 31.2361 68.425 17.2
      vertex 31.2361 68.425 9.2
    endloop
  endfacet
  facet normal -0.896754 -0.44253 -4.12159e-19
    outer loop
      vertex 31.2361 68.425 17.2
      vertex 31.2853 68.3253 9.2
      vertex 31.2853 68.3253 17.2
    endloop
  endfacet
  facet normal 0.555945 -0.831219 0
    outer loop
      vertex 29.9826 68.6743 9.2
      vertex 30.075 68.7361 17.2
      vertex 29.9826 68.6743 17.2
    endloop
  endfacet
  facet normal 0.555945 -0.831219 0
    outer loop
      vertex 30.075 68.7361 17.2
      vertex 29.9826 68.6743 9.2
      vertex 30.075 68.7361 9.2
    endloop
  endfacet
  facet normal -0.980788 0.195079 -2.16642e-19
    outer loop
      vertex 31.321 67.78 9.2
      vertex 31.3427 67.8891 17.2
      vertex 31.3427 67.8891 9.2
    endloop
  endfacet
  facet normal -0.980788 0.195079 -2.16642e-19
    outer loop
      vertex 31.3427 67.8891 17.2
      vertex 31.321 67.78 9.2
      vertex 31.321 67.78 17.2
    endloop
  endfacet
  facet normal 0 0 1
    outer loop
      vertex 31.3427 68.1109 9.2
      vertex 31.3427 67.8891 9.2
      vertex 31.35 68 9.2
    endloop
  endfacet
  facet normal 0 0 1
    outer loop
      vertex 31.321 68.22 9.2
      vertex 31.3427 67.8891 9.2
      vertex 31.3427 68.1109 9.2
    endloop
  endfacet
  facet normal 0 0 1
    outer loop
      vertex 31.321 68.22 9.2
      vertex 31.321 67.78 9.2
      vertex 31.3427 67.8891 9.2
    endloop
  endfacet
  facet normal 0 0 1
    outer loop
      vertex 31.2853 68.3253 9.2
      vertex 31.321 67.78 9.2
      vertex 31.321 68.22 9.2
    endloop
  endfacet
  facet normal 0 0 1
    outer loop
      vertex 31.2853 68.3253 9.2
      vertex 31.2853 67.6747 9.2
      vertex 31.321 67.78 9.2
    endloop
  endfacet
  facet normal 0 0 1
    outer loop
      vertex 31.2361 68.425 9.2
      vertex 31.2853 67.6747 9.2
      vertex 31.2853 68.3253 9.2
    endloop
  endfacet
  facet normal 0 0 1
    outer loop
      vertex 31.2361 68.425 9.2
      vertex 31.2361 67.575 9.2
      vertex 31.2853 67.6747 9.2
    endloop
  endfacet
  facet normal 0 0 1
    outer loop
      vertex 31.1744 68.5174 9.2
      vertex 31.2361 67.575 9.2
      vertex 31.2361 68.425 9.2
    endloop
  endfacet
  facet normal 0 0 1
    outer loop
      vertex 31.1744 68.5174 9.2
      vertex 31.1744 67.4826 9.2
      vertex 31.2361 67.575 9.2
    endloop
  endfacet
  facet normal 0 0 1
    outer loop
      vertex 31.101 68.601 9.2
      vertex 31.1744 67.4826 9.2
      vertex 31.1744 68.5174 9.2
    endloop
  endfacet
  facet normal 0 0 1
    outer loop
      vertex 31.101 68.601 9.2
      vertex 31.101 67.399 9.2
      vertex 31.1744 67.4826 9.2
    endloop
  endfacet
  facet normal 0 0 1
    outer loop
      vertex 31.0174 68.6743 9.2
      vertex 31.101 67.399 9.2
      vertex 31.101 68.601 9.2
    endloop
  endfacet
  facet normal 0 0 1
    outer loop
      vertex 31.0174 68.6743 9.2
      vertex 31.0174 67.3257 9.2
      vertex 31.101 67.399 9.2
    endloop
  endfacet
  facet normal 0 0 1
    outer loop
      vertex 30.925 68.7361 9.2
      vertex 31.0174 67.3257 9.2
      vertex 31.0174 68.6743 9.2
    endloop
  endfacet
  facet normal 0 0 1
    outer loop
      vertex 30.925 68.7361 9.2
      vertex 30.925 67.2639 9.2
      vertex 31.0174 67.3257 9.2
    endloop
  endfacet
  facet normal 0 0 1
    outer loop
      vertex 30.8253 68.7853 9.2
      vertex 30.925 67.2639 9.2
      vertex 30.925 68.7361 9.2
    endloop
  endfacet
  facet normal 0 0 1
    outer loop
      vertex 30.8253 68.7853 9.2
      vertex 30.8253 67.2147 9.2
      vertex 30.925 67.2639 9.2
    endloop
  endfacet
  facet normal 0 0 1
    outer loop
      vertex 30.72 68.821 9.2
      vertex 30.8253 67.2147 9.2
      vertex 30.8253 68.7853 9.2
    endloop
  endfacet
  facet normal 0 0 1
    outer loop
      vertex 30.72 68.821 9.2
      vertex 30.72 67.179 9.2
      vertex 30.8253 67.2147 9.2
    endloop
  endfacet
  facet normal 0 0 1
    outer loop
      vertex 30.6109 68.8427 9.2
      vertex 30.72 67.179 9.2
      vertex 30.72 68.821 9.2
    endloop
  endfacet
  facet normal 0 0 1
    outer loop
      vertex 30.6109 68.8427 9.2
      vertex 30.6109 67.1573 9.2
      vertex 30.72 67.179 9.2
    endloop
  endfacet
  facet normal 0 0 1
    outer loop
      vertex 30.5 68.85 9.2
      vertex 30.6109 67.1573 9.2
      vertex 30.6109 68.8427 9.2
    endloop
  endfacet
  facet normal 0 0 1
    outer loop
      vertex 30.5 68.85 9.2
      vertex 30.5 67.15 9.2
      vertex 30.6109 67.1573 9.2
    endloop
  endfacet
  facet normal -0 0 1
    outer loop
      vertex 30.3891 68.8427 9.2
      vertex 30.5 67.15 9.2
      vertex 30.5 68.85 9.2
    endloop
  endfacet
  facet normal 0 0 1
    outer loop
      vertex 30.3891 68.8427 9.2
      vertex 30.3891 67.1573 9.2
      vertex 30.5 67.15 9.2
    endloop
  endfacet
  facet normal -0 0 1
    outer loop
      vertex 30.28 68.821 9.2
      vertex 30.3891 67.1573 9.2
      vertex 30.3891 68.8427 9.2
    endloop
  endfacet
  facet normal 0 0 1
    outer loop
      vertex 30.28 68.821 9.2
      vertex 30.28 67.179 9.2
      vertex 30.3891 67.1573 9.2
    endloop
  endfacet
  facet normal -0 0 1
    outer loop
      vertex 30.1747 68.7853 9.2
      vertex 30.28 67.179 9.2
      vertex 30.28 68.821 9.2
    endloop
  endfacet
  facet normal 0 0 1
    outer loop
      vertex 30.1747 68.7853 9.2
      vertex 30.1747 67.2147 9.2
      vertex 30.28 67.179 9.2
    endloop
  endfacet
  facet normal -0 0 1
    outer loop
      vertex 30.075 68.7361 9.2
      vertex 30.1747 67.2147 9.2
      vertex 30.1747 68.7853 9.2
    endloop
  endfacet
  facet normal 0 0 1
    outer loop
      vertex 30.075 68.7361 9.2
      vertex 30.075 67.2639 9.2
      vertex 30.1747 67.2147 9.2
    endloop
  endfacet
  facet normal -0 0 1
    outer loop
      vertex 29.9826 68.6743 9.2
      vertex 30.075 67.2639 9.2
      vertex 30.075 68.7361 9.2
    endloop
  endfacet
  facet normal 0 0 1
    outer loop
      vertex 29.9826 68.6743 9.2
      vertex 29.9826 67.3257 9.2
      vertex 30.075 67.2639 9.2
    endloop
  endfacet
  facet normal -0 0 1
    outer loop
      vertex 29.899 68.601 9.2
      vertex 29.9826 67.3257 9.2
      vertex 29.9826 68.6743 9.2
    endloop
  endfacet
  facet normal 0 0 1
    outer loop
      vertex 29.899 68.601 9.2
      vertex 29.899 67.399 9.2
      vertex 29.9826 67.3257 9.2
    endloop
  endfacet
  facet normal -0 0 1
    outer loop
      vertex 29.8256 68.5174 9.2
      vertex 29.899 67.399 9.2
      vertex 29.899 68.601 9.2
    endloop
  endfacet
  facet normal 0 0 1
    outer loop
      vertex 29.8256 68.5174 9.2
      vertex 29.8256 67.4826 9.2
      vertex 29.899 67.399 9.2
    endloop
  endfacet
  facet normal -0 0 1
    outer loop
      vertex 29.7639 68.425 9.2
      vertex 29.8256 67.4826 9.2
      vertex 29.8256 68.5174 9.2
    endloop
  endfacet
  facet normal 0 0 1
    outer loop
      vertex 29.7639 68.425 9.2
      vertex 29.7639 67.575 9.2
      vertex 29.8256 67.4826 9.2
    endloop
  endfacet
  facet normal -0 0 1
    outer loop
      vertex 29.7147 68.3253 9.2
      vertex 29.7639 67.575 9.2
      vertex 29.7639 68.425 9.2
    endloop
  endfacet
  facet normal 0 0 1
    outer loop
      vertex 29.7147 68.3253 9.2
      vertex 29.7147 67.6747 9.2
      vertex 29.7639 67.575 9.2
    endloop
  endfacet
  facet normal -0 0 1
    outer loop
      vertex 29.679 68.22 9.2
      vertex 29.7147 67.6747 9.2
      vertex 29.7147 68.3253 9.2
    endloop
  endfacet
  facet normal 0 0 1
    outer loop
      vertex 29.679 68.22 9.2
      vertex 29.679 67.78 9.2
      vertex 29.7147 67.6747 9.2
    endloop
  endfacet
  facet normal -0 0 1
    outer loop
      vertex 29.6573 68.1109 9.2
      vertex 29.679 67.78 9.2
      vertex 29.679 68.22 9.2
    endloop
  endfacet
  facet normal 0 0 1
    outer loop
      vertex 29.6573 68.1109 9.2
      vertex 29.6573 67.8891 9.2
      vertex 29.679 67.78 9.2
    endloop
  endfacet
  facet normal 0 -0 1
    outer loop
      vertex 29.6573 67.8891 9.2
      vertex 29.6573 68.1109 9.2
      vertex 29.65 68 9.2
    endloop
  endfacet
  facet normal -0.32108 -0.947052 0
    outer loop
      vertex 30.72 68.821 9.2
      vertex 30.8253 68.7853 17.2
      vertex 30.72 68.821 17.2
    endloop
  endfacet
  facet normal -0.32108 -0.947052 -0
    outer loop
      vertex 30.8253 68.7853 17.2
      vertex 30.72 68.821 9.2
      vertex 30.8253 68.7853 9.2
    endloop
  endfacet
  facet normal 0.659268 -0.751908 0
    outer loop
      vertex 29.899 68.601 9.2
      vertex 29.9826 68.6743 17.2
      vertex 29.899 68.601 17.2
    endloop
  endfacet
  facet normal 0.659268 -0.751908 0
    outer loop
      vertex 29.9826 68.6743 17.2
      vertex 29.899 68.601 9.2
      vertex 29.9826 68.6743 9.2
    endloop
  endfacet
  facet normal -0.555945 0.831219 0
    outer loop
      vertex 31.0174 67.3257 9.2
      vertex 30.925 67.2639 17.2
      vertex 31.0174 67.3257 17.2
    endloop
  endfacet
  facet normal -0.555945 0.831219 0
    outer loop
      vertex 30.925 67.2639 17.2
      vertex 31.0174 67.3257 9.2
      vertex 30.925 67.2639 9.2
    endloop
  endfacet
  facet normal 0.195079 -0.980788 0
    outer loop
      vertex 30.28 68.821 9.2
      vertex 30.3891 68.8427 17.2
      vertex 30.28 68.821 17.2
    endloop
  endfacet
  facet normal 0.195079 -0.980788 0
    outer loop
      vertex 30.3891 68.8427 17.2
      vertex 30.28 68.821 9.2
      vertex 30.3891 68.8427 9.2
    endloop
  endfacet
  facet normal 0.997841 0.0656829 -6.28209e-21
    outer loop
      vertex 29.6573 67.8891 17.2
      vertex 29.65 68 9.2
      vertex 29.65 68 17.2
    endloop
  endfacet
  facet normal 0.997841 0.0656829 -6.28209e-21
    outer loop
      vertex 29.65 68 9.2
      vertex 29.6573 67.8891 17.2
      vertex 29.6573 67.8891 9.2
    endloop
  endfacet
  facet normal 0.896754 0.44253 -4.12159e-19
    outer loop
      vertex 29.7639 67.575 17.2
      vertex 29.7147 67.6747 9.2
      vertex 29.7147 67.6747 17.2
    endloop
  endfacet
  facet normal 0.896754 0.44253 -4.12159e-19
    outer loop
      vertex 29.7147 67.6747 9.2
      vertex 29.7639 67.575 17.2
      vertex 29.7639 67.575 9.2
    endloop
  endfacet
  facet normal -0.0656829 -0.997841 0
    outer loop
      vertex 30.5 68.85 9.2
      vertex 30.6109 68.8427 17.2
      vertex 30.5 68.85 17.2
    endloop
  endfacet
  facet normal -0.0656829 -0.997841 -0
    outer loop
      vertex 30.6109 68.8427 17.2
      vertex 30.5 68.85 9.2
      vertex 30.6109 68.8427 9.2
    endloop
  endfacet
  facet normal 0.32108 0.947052 -0
    outer loop
      vertex 30.28 67.179 9.2
      vertex 30.1747 67.2147 17.2
      vertex 30.28 67.179 17.2
    endloop
  endfacet
  facet normal 0.32108 0.947052 0
    outer loop
      vertex 30.1747 67.2147 17.2
      vertex 30.28 67.179 9.2
      vertex 30.1747 67.2147 9.2
    endloop
  endfacet
  facet normal -0.195079 0.980788 0
    outer loop
      vertex 30.72 67.179 9.2
      vertex 30.6109 67.1573 17.2
      vertex 30.72 67.179 17.2
    endloop
  endfacet
  facet normal -0.195079 0.980788 0
    outer loop
      vertex 30.6109 67.1573 17.2
      vertex 30.72 67.179 9.2
      vertex 30.6109 67.1573 9.2
    endloop
  endfacet
  facet normal 0.44253 -0.896754 0
    outer loop
      vertex 30.075 68.7361 9.2
      vertex 30.1747 68.7853 17.2
      vertex 30.075 68.7361 17.2
    endloop
  endfacet
  facet normal 0.44253 -0.896754 0
    outer loop
      vertex 30.1747 68.7853 17.2
      vertex 30.075 68.7361 9.2
      vertex 30.1747 68.7853 9.2
    endloop
  endfacet
  facet normal -0.44253 -0.896754 0
    outer loop
      vertex 30.8253 68.7853 9.2
      vertex 30.925 68.7361 17.2
      vertex 30.8253 68.7853 17.2
    endloop
  endfacet
  facet normal -0.44253 -0.896754 -0
    outer loop
      vertex 30.925 68.7361 17.2
      vertex 30.8253 68.7853 9.2
      vertex 30.925 68.7361 9.2
    endloop
  endfacet
  facet normal -0.44253 0.896754 0
    outer loop
      vertex 30.925 67.2639 9.2
      vertex 30.8253 67.2147 17.2
      vertex 30.925 67.2639 17.2
    endloop
  endfacet
  facet normal -0.44253 0.896754 0
    outer loop
      vertex 30.8253 67.2147 17.2
      vertex 30.925 67.2639 9.2
      vertex 30.8253 67.2147 9.2
    endloop
  endfacet
  facet normal 0.980788 0.195079 2.16642e-19
    outer loop
      vertex 29.679 67.78 17.2
      vertex 29.6573 67.8891 9.2
      vertex 29.6573 67.8891 17.2
    endloop
  endfacet
  facet normal 0.980788 0.195079 2.16642e-19
    outer loop
      vertex 29.6573 67.8891 9.2
      vertex 29.679 67.78 17.2
      vertex 29.679 67.78 9.2
    endloop
  endfacet
  facet normal -0.997841 0.0656829 6.28209e-21
    outer loop
      vertex 31.3427 67.8891 9.2
      vertex 31.35 68 17.2
      vertex 31.35 68 9.2
    endloop
  endfacet
  facet normal -0.997841 0.0656829 6.28209e-21
    outer loop
      vertex 31.35 68 17.2
      vertex 31.3427 67.8891 9.2
      vertex 31.3427 67.8891 17.2
    endloop
  endfacet
  facet normal 0.555945 0.831219 -0
    outer loop
      vertex 30.075 67.2639 9.2
      vertex 29.9826 67.3257 17.2
      vertex 30.075 67.2639 17.2
    endloop
  endfacet
  facet normal 0.555945 0.831219 0
    outer loop
      vertex 29.9826 67.3257 17.2
      vertex 30.075 67.2639 9.2
      vertex 29.9826 67.3257 9.2
    endloop
  endfacet
  facet normal -0.751462 0.659776 4.44392e-19
    outer loop
      vertex 31.101 67.399 9.2
      vertex 31.1744 67.4826 17.2
      vertex 31.1744 67.4826 9.2
    endloop
  endfacet
  facet normal -0.751462 0.659776 4.44392e-19
    outer loop
      vertex 31.1744 67.4826 17.2
      vertex 31.101 67.399 9.2
      vertex 31.101 67.399 17.2
    endloop
  endfacet
  facet normal -0.831635 0.555323 -4.81992e-19
    outer loop
      vertex 31.1744 67.4826 9.2
      vertex 31.2361 67.575 17.2
      vertex 31.2361 67.575 9.2
    endloop
  endfacet
  facet normal -0.831635 0.555323 -4.81992e-19
    outer loop
      vertex 31.2361 67.575 17.2
      vertex 31.1744 67.4826 9.2
      vertex 31.1744 67.4826 17.2
    endloop
  endfacet
  facet normal 0.751462 0.659776 -4.44392e-19
    outer loop
      vertex 29.899 67.399 17.2
      vertex 29.8256 67.4826 9.2
      vertex 29.8256 67.4826 17.2
    endloop
  endfacet
  facet normal 0.751462 0.659776 -4.44392e-19
    outer loop
      vertex 29.8256 67.4826 9.2
      vertex 29.899 67.399 17.2
      vertex 29.899 67.399 9.2
    endloop
  endfacet
  facet normal 0.751462 -0.659776 4.44392e-19
    outer loop
      vertex 29.8256 68.5174 17.2
      vertex 29.899 68.601 9.2
      vertex 29.899 68.601 17.2
    endloop
  endfacet
  facet normal 0.751462 -0.659776 4.44392e-19
    outer loop
      vertex 29.899 68.601 9.2
      vertex 29.8256 68.5174 17.2
      vertex 29.8256 68.5174 9.2
    endloop
  endfacet
  facet normal 0.831635 -0.555323 -4.81992e-19
    outer loop
      vertex 29.7639 68.425 17.2
      vertex 29.8256 68.5174 9.2
      vertex 29.8256 68.5174 17.2
    endloop
  endfacet
  facet normal 0.831635 -0.555323 -4.81992e-19
    outer loop
      vertex 29.8256 68.5174 9.2
      vertex 29.7639 68.425 17.2
      vertex 29.7639 68.425 9.2
    endloop
  endfacet
  facet normal -0.947052 0.32108 -5.31336e-21
    outer loop
      vertex 31.2853 67.6747 9.2
      vertex 31.321 67.78 17.2
      vertex 31.321 67.78 9.2
    endloop
  endfacet
  facet normal -0.947052 0.32108 -5.31336e-21
    outer loop
      vertex 31.321 67.78 17.2
      vertex 31.2853 67.6747 9.2
      vertex 31.2853 67.6747 17.2
    endloop
  endfacet
  facet normal 0.831635 0.555323 4.81992e-19
    outer loop
      vertex 29.8256 67.4826 17.2
      vertex 29.7639 67.575 9.2
      vertex 29.7639 67.575 17.2
    endloop
  endfacet
  facet normal 0.831635 0.555323 4.81992e-19
    outer loop
      vertex 29.7639 67.575 9.2
      vertex 29.8256 67.4826 17.2
      vertex 29.8256 67.4826 9.2
    endloop
  endfacet
  facet normal -0.896754 0.44253 4.12159e-19
    outer loop
      vertex 31.2361 67.575 9.2
      vertex 31.2853 67.6747 17.2
      vertex 31.2853 67.6747 9.2
    endloop
  endfacet
  facet normal -0.896754 0.44253 4.12159e-19
    outer loop
      vertex 31.2853 67.6747 17.2
      vertex 31.2361 67.575 9.2
      vertex 31.2361 67.575 17.2
    endloop
  endfacet
  facet normal 0.195079 0.980788 -0
    outer loop
      vertex 30.3891 67.1573 9.2
      vertex 30.28 67.179 17.2
      vertex 30.3891 67.1573 17.2
    endloop
  endfacet
  facet normal 0.195079 0.980788 0
    outer loop
      vertex 30.28 67.179 17.2
      vertex 30.3891 67.1573 9.2
      vertex 30.28 67.179 9.2
    endloop
  endfacet
  facet normal -0.0656829 0.997841 0
    outer loop
      vertex 30.6109 67.1573 9.2
      vertex 30.5 67.15 17.2
      vertex 30.6109 67.1573 17.2
    endloop
  endfacet
  facet normal -0.0656829 0.997841 0
    outer loop
      vertex 30.5 67.15 17.2
      vertex 30.6109 67.1573 9.2
      vertex 30.5 67.15 9.2
    endloop
  endfacet
  facet normal 0.44253 0.896754 -0
    outer loop
      vertex 30.1747 67.2147 9.2
      vertex 30.075 67.2639 17.2
      vertex 30.1747 67.2147 17.2
    endloop
  endfacet
  facet normal 0.44253 0.896754 0
    outer loop
      vertex 30.075 67.2639 17.2
      vertex 30.1747 67.2147 9.2
      vertex 30.075 67.2639 9.2
    endloop
  endfacet
  facet normal -0.195079 -0.980788 0
    outer loop
      vertex 30.6109 68.8427 9.2
      vertex 30.72 68.821 17.2
      vertex 30.6109 68.8427 17.2
    endloop
  endfacet
  facet normal -0.195079 -0.980788 -0
    outer loop
      vertex 30.72 68.821 17.2
      vertex 30.6109 68.8427 9.2
      vertex 30.72 68.821 9.2
    endloop
  endfacet
  facet normal -0.659268 0.751908 0
    outer loop
      vertex 31.101 67.399 9.2
      vertex 31.0174 67.3257 17.2
      vertex 31.101 67.399 17.2
    endloop
  endfacet
  facet normal -0.659268 0.751908 0
    outer loop
      vertex 31.0174 67.3257 17.2
      vertex 31.101 67.399 9.2
      vertex 31.0174 67.3257 9.2
    endloop
  endfacet
  facet normal -0.555945 -0.831219 0
    outer loop
      vertex 30.925 68.7361 9.2
      vertex 31.0174 68.6743 17.2
      vertex 30.925 68.7361 17.2
    endloop
  endfacet
  facet normal -0.555945 -0.831219 -0
    outer loop
      vertex 31.0174 68.6743 17.2
      vertex 30.925 68.7361 9.2
      vertex 31.0174 68.6743 9.2
    endloop
  endfacet
  facet normal 0.32108 -0.947052 0
    outer loop
      vertex 30.1747 68.7853 9.2
      vertex 30.28 68.821 17.2
      vertex 30.1747 68.7853 17.2
    endloop
  endfacet
  facet normal 0.32108 -0.947052 0
    outer loop
      vertex 30.28 68.821 17.2
      vertex 30.1747 68.7853 9.2
      vertex 30.28 68.821 9.2
    endloop
  endfacet
  facet normal 0.0656829 0.997841 -0
    outer loop
      vertex 30.5 67.15 9.2
      vertex 30.3891 67.1573 17.2
      vertex 30.5 67.15 17.2
    endloop
  endfacet
  facet normal 0.0656829 0.997841 0
    outer loop
      vertex 30.3891 67.1573 17.2
      vertex 30.5 67.15 9.2
      vertex 30.3891 67.1573 9.2
    endloop
  endfacet
  facet normal 0.896754 -0.44253 4.12159e-19
    outer loop
      vertex 29.7147 68.3253 17.2
      vertex 29.7639 68.425 9.2
      vertex 29.7639 68.425 17.2
    endloop
  endfacet
  facet normal 0.896754 -0.44253 4.12159e-19
    outer loop
      vertex 29.7639 68.425 9.2
      vertex 29.7147 68.3253 17.2
      vertex 29.7147 68.3253 9.2
    endloop
  endfacet
  facet normal 0.980788 -0.195079 -2.16642e-19
    outer loop
      vertex 29.6573 68.1109 17.2
      vertex 29.679 68.22 9.2
      vertex 29.679 68.22 17.2
    endloop
  endfacet
  facet normal 0.980788 -0.195079 -2.16642e-19
    outer loop
      vertex 29.679 68.22 9.2
      vertex 29.6573 68.1109 17.2
      vertex 29.6573 68.1109 9.2
    endloop
  endfacet
  facet normal -0.751462 -0.659776 -4.44392e-19
    outer loop
      vertex 31.1744 68.5174 9.2
      vertex 31.101 68.601 17.2
      vertex 31.101 68.601 9.2
    endloop
  endfacet
  facet normal -0.751462 -0.659776 -4.44392e-19
    outer loop
      vertex 31.101 68.601 17.2
      vertex 31.1744 68.5174 9.2
      vertex 31.1744 68.5174 17.2
    endloop
  endfacet
  facet normal 0.659268 0.751908 -0
    outer loop
      vertex 29.9826 67.3257 9.2
      vertex 29.899 67.399 17.2
      vertex 29.9826 67.3257 17.2
    endloop
  endfacet
  facet normal 0.659268 0.751908 0
    outer loop
      vertex 29.899 67.399 17.2
      vertex 29.9826 67.3257 9.2
      vertex 29.899 67.399 9.2
    endloop
  endfacet
  facet normal -0.659268 -0.751908 0
    outer loop
      vertex 31.0174 68.6743 9.2
      vertex 31.101 68.601 17.2
      vertex 31.0174 68.6743 17.2
    endloop
  endfacet
  facet normal -0.659268 -0.751908 -0
    outer loop
      vertex 31.101 68.601 17.2
      vertex 31.0174 68.6743 9.2
      vertex 31.101 68.601 9.2
    endloop
  endfacet
  facet normal 0.0656829 -0.997841 0
    outer loop
      vertex 30.3891 68.8427 9.2
      vertex 30.5 68.85 17.2
      vertex 30.3891 68.8427 17.2
    endloop
  endfacet
  facet normal 0.0656829 -0.997841 0
    outer loop
      vertex 30.5 68.85 17.2
      vertex 30.3891 68.8427 9.2
      vertex 30.5 68.85 9.2
    endloop
  endfacet
  facet normal 0.947052 -0.32108 -5.31336e-21
    outer loop
      vertex 29.679 68.22 17.2
      vertex 29.7147 68.3253 9.2
      vertex 29.7147 68.3253 17.2
    endloop
  endfacet
  facet normal 0.947052 -0.32108 -5.31336e-21
    outer loop
      vertex 29.7147 68.3253 9.2
      vertex 29.679 68.22 17.2
      vertex 29.679 68.22 9.2
    endloop
  endfacet
  facet normal 0.997841 -0.0656829 6.28209e-21
    outer loop
      vertex 29.65 68 17.2
      vertex 29.6573 68.1109 9.2
      vertex 29.6573 68.1109 17.2
    endloop
  endfacet
  facet normal 0.997841 -0.0656829 6.28209e-21
    outer loop
      vertex 29.6573 68.1109 9.2
      vertex 29.65 68 17.2
      vertex 29.65 68 9.2
    endloop
  endfacet
  facet normal -0.195079 -0.980788 0
    outer loop
      vertex -30.3891 -67.1573 9.2
      vertex -30.28 -67.179 17.2
      vertex -30.3891 -67.1573 17.2
    endloop
  endfacet
  facet normal -0.195079 -0.980788 -0
    outer loop
      vertex -30.28 -67.179 17.2
      vertex -30.3891 -67.1573 9.2
      vertex -30.28 -67.179 9.2
    endloop
  endfacet
  facet normal -0.980788 -0.195079 2.16642e-19
    outer loop
      vertex -29.6573 -67.8891 9.2
      vertex -29.679 -67.78 17.2
      vertex -29.679 -67.78 9.2
    endloop
  endfacet
  facet normal -0.980788 -0.195079 2.16642e-19
    outer loop
      vertex -29.679 -67.78 17.2
      vertex -29.6573 -67.8891 9.2
      vertex -29.6573 -67.8891 17.2
    endloop
  endfacet
  facet normal -0.997841 -0.0656829 -6.28209e-21
    outer loop
      vertex -29.65 -68 9.2
      vertex -29.6573 -67.8891 17.2
      vertex -29.6573 -67.8891 9.2
    endloop
  endfacet
  facet normal -0.997841 -0.0656829 -6.28209e-21
    outer loop
      vertex -29.6573 -67.8891 17.2
      vertex -29.65 -68 9.2
      vertex -29.65 -68 17.2
    endloop
  endfacet
  facet normal -0.947052 -0.32108 5.31336e-21
    outer loop
      vertex -29.679 -67.78 9.2
      vertex -29.7147 -67.6747 17.2
      vertex -29.7147 -67.6747 9.2
    endloop
  endfacet
  facet normal -0.947052 -0.32108 5.31336e-21
    outer loop
      vertex -29.7147 -67.6747 17.2
      vertex -29.679 -67.78 9.2
      vertex -29.679 -67.78 17.2
    endloop
  endfacet
  facet normal -0.831635 -0.555323 4.81992e-19
    outer loop
      vertex -29.7639 -67.575 9.2
      vertex -29.8256 -67.4826 17.2
      vertex -29.8256 -67.4826 9.2
    endloop
  endfacet
  facet normal -0.831635 -0.555323 4.81992e-19
    outer loop
      vertex -29.8256 -67.4826 17.2
      vertex -29.7639 -67.575 9.2
      vertex -29.7639 -67.575 17.2
    endloop
  endfacet
  facet normal -0.32108 -0.947052 0
    outer loop
      vertex -30.28 -67.179 9.2
      vertex -30.1747 -67.2147 17.2
      vertex -30.28 -67.179 17.2
    endloop
  endfacet
  facet normal -0.32108 -0.947052 -0
    outer loop
      vertex -30.1747 -67.2147 17.2
      vertex -30.28 -67.179 9.2
      vertex -30.1747 -67.2147 9.2
    endloop
  endfacet
  facet normal 0.980788 0.195079 2.16642e-19
    outer loop
      vertex -31.321 -68.22 17.2
      vertex -31.3427 -68.1109 9.2
      vertex -31.3427 -68.1109 17.2
    endloop
  endfacet
  facet normal 0.980788 0.195079 2.16642e-19
    outer loop
      vertex -31.3427 -68.1109 9.2
      vertex -31.321 -68.22 17.2
      vertex -31.321 -68.22 9.2
    endloop
  endfacet
  facet normal -0.997841 0.0656829 6.28209e-21
    outer loop
      vertex -29.6573 -68.1109 9.2
      vertex -29.65 -68 17.2
      vertex -29.65 -68 9.2
    endloop
  endfacet
  facet normal -0.997841 0.0656829 6.28209e-21
    outer loop
      vertex -29.65 -68 17.2
      vertex -29.6573 -68.1109 9.2
      vertex -29.6573 -68.1109 17.2
    endloop
  endfacet
  facet normal 0.555945 0.831219 -0
    outer loop
      vertex -30.925 -68.7361 9.2
      vertex -31.0174 -68.6743 17.2
      vertex -30.925 -68.7361 17.2
    endloop
  endfacet
  facet normal 0.555945 0.831219 0
    outer loop
      vertex -31.0174 -68.6743 17.2
      vertex -30.925 -68.7361 9.2
      vertex -31.0174 -68.6743 9.2
    endloop
  endfacet
  facet normal 0.997841 0.0656829 -6.28209e-21
    outer loop
      vertex -31.3427 -68.1109 17.2
      vertex -31.35 -68 9.2
      vertex -31.35 -68 17.2
    endloop
  endfacet
  facet normal 0.997841 0.0656829 -6.28209e-21
    outer loop
      vertex -31.35 -68 9.2
      vertex -31.3427 -68.1109 17.2
      vertex -31.3427 -68.1109 9.2
    endloop
  endfacet
  facet normal 0.32108 0.947052 -0
    outer loop
      vertex -30.72 -68.821 9.2
      vertex -30.8253 -68.7853 17.2
      vertex -30.72 -68.821 17.2
    endloop
  endfacet
  facet normal 0.32108 0.947052 0
    outer loop
      vertex -30.8253 -68.7853 17.2
      vertex -30.72 -68.821 9.2
      vertex -30.8253 -68.7853 9.2
    endloop
  endfacet
  facet normal -0.896754 -0.44253 -4.12159e-19
    outer loop
      vertex -29.7147 -67.6747 9.2
      vertex -29.7639 -67.575 17.2
      vertex -29.7639 -67.575 9.2
    endloop
  endfacet
  facet normal -0.896754 -0.44253 -4.12159e-19
    outer loop
      vertex -29.7639 -67.575 17.2
      vertex -29.7147 -67.6747 9.2
      vertex -29.7147 -67.6747 17.2
    endloop
  endfacet
  facet normal -0.751462 -0.659776 -4.44392e-19
    outer loop
      vertex -29.8256 -67.4826 9.2
      vertex -29.899 -67.399 17.2
      vertex -29.899 -67.399 9.2
    endloop
  endfacet
  facet normal -0.751462 -0.659776 -4.44392e-19
    outer loop
      vertex -29.899 -67.399 17.2
      vertex -29.8256 -67.4826 9.2
      vertex -29.8256 -67.4826 17.2
    endloop
  endfacet
  facet normal -0.947052 0.32108 -5.31336e-21
    outer loop
      vertex -29.7147 -68.3253 9.2
      vertex -29.679 -68.22 17.2
      vertex -29.679 -68.22 9.2
    endloop
  endfacet
  facet normal -0.947052 0.32108 -5.31336e-21
    outer loop
      vertex -29.679 -68.22 17.2
      vertex -29.7147 -68.3253 9.2
      vertex -29.7147 -68.3253 17.2
    endloop
  endfacet
  facet normal 0.751462 0.659776 -4.44392e-19
    outer loop
      vertex -31.101 -68.601 17.2
      vertex -31.1744 -68.5174 9.2
      vertex -31.1744 -68.5174 17.2
    endloop
  endfacet
  facet normal 0.751462 0.659776 -4.44392e-19
    outer loop
      vertex -31.1744 -68.5174 9.2
      vertex -31.101 -68.601 17.2
      vertex -31.101 -68.601 9.2
    endloop
  endfacet
  facet normal -0.980788 0.195079 -2.16642e-19
    outer loop
      vertex -29.679 -68.22 9.2
      vertex -29.6573 -68.1109 17.2
      vertex -29.6573 -68.1109 9.2
    endloop
  endfacet
  facet normal -0.980788 0.195079 -2.16642e-19
    outer loop
      vertex -29.6573 -68.1109 17.2
      vertex -29.679 -68.22 9.2
      vertex -29.679 -68.22 17.2
    endloop
  endfacet
  facet normal -0.0656829 0.997841 0
    outer loop
      vertex -30.3891 -68.8427 9.2
      vertex -30.5 -68.85 17.2
      vertex -30.3891 -68.8427 17.2
    endloop
  endfacet
  facet normal -0.0656829 0.997841 0
    outer loop
      vertex -30.5 -68.85 17.2
      vertex -30.3891 -68.8427 9.2
      vertex -30.5 -68.85 9.2
    endloop
  endfacet
  facet normal 0.947052 0.32108 5.31336e-21
    outer loop
      vertex -31.2853 -68.3253 17.2
      vertex -31.321 -68.22 9.2
      vertex -31.321 -68.22 17.2
    endloop
  endfacet
  facet normal 0.947052 0.32108 5.31336e-21
    outer loop
      vertex -31.321 -68.22 9.2
      vertex -31.2853 -68.3253 17.2
      vertex -31.2853 -68.3253 9.2
    endloop
  endfacet
  facet normal -0.831635 0.555323 -4.81992e-19
    outer loop
      vertex -29.8256 -68.5174 9.2
      vertex -29.7639 -68.425 17.2
      vertex -29.7639 -68.425 9.2
    endloop
  endfacet
  facet normal -0.831635 0.555323 -4.81992e-19
    outer loop
      vertex -29.7639 -68.425 17.2
      vertex -29.8256 -68.5174 9.2
      vertex -29.8256 -68.5174 17.2
    endloop
  endfacet
  facet normal -0.44253 -0.896754 0
    outer loop
      vertex -30.1747 -67.2147 9.2
      vertex -30.075 -67.2639 17.2
      vertex -30.1747 -67.2147 17.2
    endloop
  endfacet
  facet normal -0.44253 -0.896754 -0
    outer loop
      vertex -30.075 -67.2639 17.2
      vertex -30.1747 -67.2147 9.2
      vertex -30.075 -67.2639 9.2
    endloop
  endfacet
  facet normal 0.44253 -0.896754 0
    outer loop
      vertex -30.925 -67.2639 9.2
      vertex -30.8253 -67.2147 17.2
      vertex -30.925 -67.2639 17.2
    endloop
  endfacet
  facet normal 0.44253 -0.896754 0
    outer loop
      vertex -30.8253 -67.2147 17.2
      vertex -30.925 -67.2639 9.2
      vertex -30.8253 -67.2147 9.2
    endloop
  endfacet
  facet normal -0.44253 0.896754 0
    outer loop
      vertex -30.075 -68.7361 9.2
      vertex -30.1747 -68.7853 17.2
      vertex -30.075 -68.7361 17.2
    endloop
  endfacet
  facet normal -0.44253 0.896754 0
    outer loop
      vertex -30.1747 -68.7853 17.2
      vertex -30.075 -68.7361 9.2
      vertex -30.1747 -68.7853 9.2
    endloop
  endfacet
  facet normal -0.32108 0.947052 0
    outer loop
      vertex -30.1747 -68.7853 9.2
      vertex -30.28 -68.821 17.2
      vertex -30.1747 -68.7853 17.2
    endloop
  endfacet
  facet normal -0.32108 0.947052 0
    outer loop
      vertex -30.28 -68.821 17.2
      vertex -30.1747 -68.7853 9.2
      vertex -30.28 -68.821 9.2
    endloop
  endfacet
  facet normal 0.195079 0.980788 -0
    outer loop
      vertex -30.6109 -68.8427 9.2
      vertex -30.72 -68.821 17.2
      vertex -30.6109 -68.8427 17.2
    endloop
  endfacet
  facet normal 0.195079 0.980788 0
    outer loop
      vertex -30.72 -68.821 17.2
      vertex -30.6109 -68.8427 9.2
      vertex -30.72 -68.821 9.2
    endloop
  endfacet
  facet normal 0.947052 -0.32108 -5.31336e-21
    outer loop
      vertex -31.321 -67.78 17.2
      vertex -31.2853 -67.6747 9.2
      vertex -31.2853 -67.6747 17.2
    endloop
  endfacet
  facet normal 0.947052 -0.32108 -5.31336e-21
    outer loop
      vertex -31.2853 -67.6747 9.2
      vertex -31.321 -67.78 17.2
      vertex -31.321 -67.78 9.2
    endloop
  endfacet
  facet normal 0.195079 -0.980788 0
    outer loop
      vertex -30.72 -67.179 9.2
      vertex -30.6109 -67.1573 17.2
      vertex -30.72 -67.179 17.2
    endloop
  endfacet
  facet normal 0.195079 -0.980788 0
    outer loop
      vertex -30.6109 -67.1573 17.2
      vertex -30.72 -67.179 9.2
      vertex -30.6109 -67.1573 9.2
    endloop
  endfacet
  facet normal 0.555945 -0.831219 0
    outer loop
      vertex -31.0174 -67.3257 9.2
      vertex -30.925 -67.2639 17.2
      vertex -31.0174 -67.3257 17.2
    endloop
  endfacet
  facet normal 0.555945 -0.831219 0
    outer loop
      vertex -30.925 -67.2639 17.2
      vertex -31.0174 -67.3257 9.2
      vertex -30.925 -67.2639 9.2
    endloop
  endfacet
  facet normal -0.555945 0.831219 0
    outer loop
      vertex -29.9826 -68.6743 9.2
      vertex -30.075 -68.7361 17.2
      vertex -29.9826 -68.6743 17.2
    endloop
  endfacet
  facet normal -0.555945 0.831219 0
    outer loop
      vertex -30.075 -68.7361 17.2
      vertex -29.9826 -68.6743 9.2
      vertex -30.075 -68.7361 9.2
    endloop
  endfacet
  facet normal -0.195079 0.980788 0
    outer loop
      vertex -30.28 -68.821 9.2
      vertex -30.3891 -68.8427 17.2
      vertex -30.28 -68.821 17.2
    endloop
  endfacet
  facet normal -0.195079 0.980788 0
    outer loop
      vertex -30.3891 -68.8427 17.2
      vertex -30.28 -68.821 9.2
      vertex -30.3891 -68.8427 9.2
    endloop
  endfacet
  facet normal 0.896754 -0.44253 4.12159e-19
    outer loop
      vertex -31.2853 -67.6747 17.2
      vertex -31.2361 -67.575 9.2
      vertex -31.2361 -67.575 17.2
    endloop
  endfacet
  facet normal 0.896754 -0.44253 4.12159e-19
    outer loop
      vertex -31.2361 -67.575 9.2
      vertex -31.2853 -67.6747 17.2
      vertex -31.2853 -67.6747 9.2
    endloop
  endfacet
  facet normal 0.831635 -0.555323 -4.81992e-19
    outer loop
      vertex -31.2361 -67.575 17.2
      vertex -31.1744 -67.4826 9.2
      vertex -31.1744 -67.4826 17.2
    endloop
  endfacet
  facet normal 0.831635 -0.555323 -4.81992e-19
    outer loop
      vertex -31.1744 -67.4826 9.2
      vertex -31.2361 -67.575 17.2
      vertex -31.2361 -67.575 9.2
    endloop
  endfacet
  facet normal 0.0656829 0.997841 -0
    outer loop
      vertex -30.5 -68.85 9.2
      vertex -30.6109 -68.8427 17.2
      vertex -30.5 -68.85 17.2
    endloop
  endfacet
  facet normal 0.0656829 0.997841 0
    outer loop
      vertex -30.6109 -68.8427 17.2
      vertex -30.5 -68.85 9.2
      vertex -30.6109 -68.8427 9.2
    endloop
  endfacet
  facet normal 0.659268 -0.751908 0
    outer loop
      vertex -31.101 -67.399 9.2
      vertex -31.0174 -67.3257 17.2
      vertex -31.101 -67.399 17.2
    endloop
  endfacet
  facet normal 0.659268 -0.751908 0
    outer loop
      vertex -31.0174 -67.3257 17.2
      vertex -31.101 -67.399 9.2
      vertex -31.0174 -67.3257 9.2
    endloop
  endfacet
  facet normal 0.659268 0.751908 -0
    outer loop
      vertex -31.0174 -68.6743 9.2
      vertex -31.101 -68.601 17.2
      vertex -31.0174 -68.6743 17.2
    endloop
  endfacet
  facet normal 0.659268 0.751908 0
    outer loop
      vertex -31.101 -68.601 17.2
      vertex -31.0174 -68.6743 9.2
      vertex -31.101 -68.601 9.2
    endloop
  endfacet
  facet normal 0 0 1
    outer loop
      vertex -29.6573 -67.8891 9.2
      vertex -29.6573 -68.1109 9.2
      vertex -29.65 -68 9.2
    endloop
  endfacet
  facet normal 0 0 1
    outer loop
      vertex -29.679 -67.78 9.2
      vertex -29.6573 -68.1109 9.2
      vertex -29.6573 -67.8891 9.2
    endloop
  endfacet
  facet normal 0 0 1
    outer loop
      vertex -29.679 -67.78 9.2
      vertex -29.679 -68.22 9.2
      vertex -29.6573 -68.1109 9.2
    endloop
  endfacet
  facet normal 0 0 1
    outer loop
      vertex -29.7147 -67.6747 9.2
      vertex -29.679 -68.22 9.2
      vertex -29.679 -67.78 9.2
    endloop
  endfacet
  facet normal 0 0 1
    outer loop
      vertex -29.7147 -67.6747 9.2
      vertex -29.7147 -68.3253 9.2
      vertex -29.679 -68.22 9.2
    endloop
  endfacet
  facet normal 0 0 1
    outer loop
      vertex -29.7639 -67.575 9.2
      vertex -29.7147 -68.3253 9.2
      vertex -29.7147 -67.6747 9.2
    endloop
  endfacet
  facet normal 0 0 1
    outer loop
      vertex -29.7639 -67.575 9.2
      vertex -29.7639 -68.425 9.2
      vertex -29.7147 -68.3253 9.2
    endloop
  endfacet
  facet normal 0 0 1
    outer loop
      vertex -29.8256 -67.4826 9.2
      vertex -29.7639 -68.425 9.2
      vertex -29.7639 -67.575 9.2
    endloop
  endfacet
  facet normal 0 0 1
    outer loop
      vertex -29.8256 -67.4826 9.2
      vertex -29.8256 -68.5174 9.2
      vertex -29.7639 -68.425 9.2
    endloop
  endfacet
  facet normal 0 0 1
    outer loop
      vertex -29.899 -67.399 9.2
      vertex -29.8256 -68.5174 9.2
      vertex -29.8256 -67.4826 9.2
    endloop
  endfacet
  facet normal 0 0 1
    outer loop
      vertex -29.899 -67.399 9.2
      vertex -29.899 -68.601 9.2
      vertex -29.8256 -68.5174 9.2
    endloop
  endfacet
  facet normal 0 0 1
    outer loop
      vertex -29.9826 -67.3257 9.2
      vertex -29.899 -68.601 9.2
      vertex -29.899 -67.399 9.2
    endloop
  endfacet
  facet normal 0 0 1
    outer loop
      vertex -29.9826 -67.3257 9.2
      vertex -29.9826 -68.6743 9.2
      vertex -29.899 -68.601 9.2
    endloop
  endfacet
  facet normal 0 0 1
    outer loop
      vertex -30.075 -67.2639 9.2
      vertex -29.9826 -68.6743 9.2
      vertex -29.9826 -67.3257 9.2
    endloop
  endfacet
  facet normal 0 0 1
    outer loop
      vertex -30.075 -67.2639 9.2
      vertex -30.075 -68.7361 9.2
      vertex -29.9826 -68.6743 9.2
    endloop
  endfacet
  facet normal 0 0 1
    outer loop
      vertex -30.1747 -67.2147 9.2
      vertex -30.075 -68.7361 9.2
      vertex -30.075 -67.2639 9.2
    endloop
  endfacet
  facet normal 0 0 1
    outer loop
      vertex -30.1747 -67.2147 9.2
      vertex -30.1747 -68.7853 9.2
      vertex -30.075 -68.7361 9.2
    endloop
  endfacet
  facet normal 0 0 1
    outer loop
      vertex -30.28 -67.179 9.2
      vertex -30.1747 -68.7853 9.2
      vertex -30.1747 -67.2147 9.2
    endloop
  endfacet
  facet normal 0 0 1
    outer loop
      vertex -30.28 -67.179 9.2
      vertex -30.28 -68.821 9.2
      vertex -30.1747 -68.7853 9.2
    endloop
  endfacet
  facet normal 0 0 1
    outer loop
      vertex -30.3891 -67.1573 9.2
      vertex -30.28 -68.821 9.2
      vertex -30.28 -67.179 9.2
    endloop
  endfacet
  facet normal 0 0 1
    outer loop
      vertex -30.3891 -67.1573 9.2
      vertex -30.3891 -68.8427 9.2
      vertex -30.28 -68.821 9.2
    endloop
  endfacet
  facet normal 0 0 1
    outer loop
      vertex -30.5 -67.15 9.2
      vertex -30.3891 -68.8427 9.2
      vertex -30.3891 -67.1573 9.2
    endloop
  endfacet
  facet normal 0 0 1
    outer loop
      vertex -30.5 -67.15 9.2
      vertex -30.5 -68.85 9.2
      vertex -30.3891 -68.8427 9.2
    endloop
  endfacet
  facet normal -0 0 1
    outer loop
      vertex -30.6109 -67.1573 9.2
      vertex -30.5 -68.85 9.2
      vertex -30.5 -67.15 9.2
    endloop
  endfacet
  facet normal 0 0 1
    outer loop
      vertex -30.6109 -67.1573 9.2
      vertex -30.6109 -68.8427 9.2
      vertex -30.5 -68.85 9.2
    endloop
  endfacet
  facet normal -0 0 1
    outer loop
      vertex -30.72 -67.179 9.2
      vertex -30.6109 -68.8427 9.2
      vertex -30.6109 -67.1573 9.2
    endloop
  endfacet
  facet normal 0 0 1
    outer loop
      vertex -30.72 -67.179 9.2
      vertex -30.72 -68.821 9.2
      vertex -30.6109 -68.8427 9.2
    endloop
  endfacet
  facet normal -0 0 1
    outer loop
      vertex -30.8253 -67.2147 9.2
      vertex -30.72 -68.821 9.2
      vertex -30.72 -67.179 9.2
    endloop
  endfacet
  facet normal 0 0 1
    outer loop
      vertex -30.8253 -67.2147 9.2
      vertex -30.8253 -68.7853 9.2
      vertex -30.72 -68.821 9.2
    endloop
  endfacet
  facet normal -0 0 1
    outer loop
      vertex -30.925 -67.2639 9.2
      vertex -30.8253 -68.7853 9.2
      vertex -30.8253 -67.2147 9.2
    endloop
  endfacet
  facet normal 0 0 1
    outer loop
      vertex -30.925 -67.2639 9.2
      vertex -30.925 -68.7361 9.2
      vertex -30.8253 -68.7853 9.2
    endloop
  endfacet
  facet normal -0 0 1
    outer loop
      vertex -31.0174 -67.3257 9.2
      vertex -30.925 -68.7361 9.2
      vertex -30.925 -67.2639 9.2
    endloop
  endfacet
  facet normal 0 0 1
    outer loop
      vertex -31.0174 -67.3257 9.2
      vertex -31.0174 -68.6743 9.2
      vertex -30.925 -68.7361 9.2
    endloop
  endfacet
  facet normal -0 0 1
    outer loop
      vertex -31.101 -67.399 9.2
      vertex -31.0174 -68.6743 9.2
      vertex -31.0174 -67.3257 9.2
    endloop
  endfacet
  facet normal 0 0 1
    outer loop
      vertex -31.101 -67.399 9.2
      vertex -31.101 -68.601 9.2
      vertex -31.0174 -68.6743 9.2
    endloop
  endfacet
  facet normal -0 0 1
    outer loop
      vertex -31.1744 -67.4826 9.2
      vertex -31.101 -68.601 9.2
      vertex -31.101 -67.399 9.2
    endloop
  endfacet
  facet normal 0 0 1
    outer loop
      vertex -31.1744 -67.4826 9.2
      vertex -31.1744 -68.5174 9.2
      vertex -31.101 -68.601 9.2
    endloop
  endfacet
  facet normal -0 0 1
    outer loop
      vertex -31.2361 -67.575 9.2
      vertex -31.1744 -68.5174 9.2
      vertex -31.1744 -67.4826 9.2
    endloop
  endfacet
  facet normal 0 0 1
    outer loop
      vertex -31.2361 -67.575 9.2
      vertex -31.2361 -68.425 9.2
      vertex -31.1744 -68.5174 9.2
    endloop
  endfacet
  facet normal -0 0 1
    outer loop
      vertex -31.2853 -67.6747 9.2
      vertex -31.2361 -68.425 9.2
      vertex -31.2361 -67.575 9.2
    endloop
  endfacet
  facet normal 0 0 1
    outer loop
      vertex -31.2853 -67.6747 9.2
      vertex -31.2853 -68.3253 9.2
      vertex -31.2361 -68.425 9.2
    endloop
  endfacet
  facet normal -0 0 1
    outer loop
      vertex -31.321 -67.78 9.2
      vertex -31.2853 -68.3253 9.2
      vertex -31.2853 -67.6747 9.2
    endloop
  endfacet
  facet normal 0 0 1
    outer loop
      vertex -31.321 -67.78 9.2
      vertex -31.321 -68.22 9.2
      vertex -31.2853 -68.3253 9.2
    endloop
  endfacet
  facet normal -0 0 1
    outer loop
      vertex -31.3427 -67.8891 9.2
      vertex -31.321 -68.22 9.2
      vertex -31.321 -67.78 9.2
    endloop
  endfacet
  facet normal 0 0 1
    outer loop
      vertex -31.3427 -67.8891 9.2
      vertex -31.3427 -68.1109 9.2
      vertex -31.321 -68.22 9.2
    endloop
  endfacet
  facet normal 0 -0 1
    outer loop
      vertex -31.3427 -68.1109 9.2
      vertex -31.3427 -67.8891 9.2
      vertex -31.35 -68 9.2
    endloop
  endfacet
  facet normal 0.751462 -0.659776 4.44392e-19
    outer loop
      vertex -31.1744 -67.4826 17.2
      vertex -31.101 -67.399 9.2
      vertex -31.101 -67.399 17.2
    endloop
  endfacet
  facet normal 0.751462 -0.659776 4.44392e-19
    outer loop
      vertex -31.101 -67.399 9.2
      vertex -31.1744 -67.4826 17.2
      vertex -31.1744 -67.4826 9.2
    endloop
  endfacet
  facet normal -0.751462 0.659776 4.44392e-19
    outer loop
      vertex -29.899 -68.601 9.2
      vertex -29.8256 -68.5174 17.2
      vertex -29.8256 -68.5174 9.2
    endloop
  endfacet
  facet normal -0.751462 0.659776 4.44392e-19
    outer loop
      vertex -29.8256 -68.5174 17.2
      vertex -29.899 -68.601 9.2
      vertex -29.899 -68.601 17.2
    endloop
  endfacet
  facet normal -0.896754 0.44253 4.12159e-19
    outer loop
      vertex -29.7639 -68.425 9.2
      vertex -29.7147 -68.3253 17.2
      vertex -29.7147 -68.3253 9.2
    endloop
  endfacet
  facet normal -0.896754 0.44253 4.12159e-19
    outer loop
      vertex -29.7147 -68.3253 17.2
      vertex -29.7639 -68.425 9.2
      vertex -29.7639 -68.425 17.2
    endloop
  endfacet
  facet normal 0.980788 -0.195079 -2.16642e-19
    outer loop
      vertex -31.3427 -67.8891 17.2
      vertex -31.321 -67.78 9.2
      vertex -31.321 -67.78 17.2
    endloop
  endfacet
  facet normal 0.980788 -0.195079 -2.16642e-19
    outer loop
      vertex -31.321 -67.78 9.2
      vertex -31.3427 -67.8891 17.2
      vertex -31.3427 -67.8891 9.2
    endloop
  endfacet
  facet normal -0.0656829 -0.997841 0
    outer loop
      vertex -30.5 -67.15 9.2
      vertex -30.3891 -67.1573 17.2
      vertex -30.5 -67.15 17.2
    endloop
  endfacet
  facet normal -0.0656829 -0.997841 -0
    outer loop
      vertex -30.3891 -67.1573 17.2
      vertex -30.5 -67.15 9.2
      vertex -30.3891 -67.1573 9.2
    endloop
  endfacet
  facet normal -0.555945 -0.831219 0
    outer loop
      vertex -30.075 -67.2639 9.2
      vertex -29.9826 -67.3257 17.2
      vertex -30.075 -67.2639 17.2
    endloop
  endfacet
  facet normal -0.555945 -0.831219 -0
    outer loop
      vertex -29.9826 -67.3257 17.2
      vertex -30.075 -67.2639 9.2
      vertex -29.9826 -67.3257 9.2
    endloop
  endfacet
  facet normal 0.32108 -0.947052 0
    outer loop
      vertex -30.8253 -67.2147 9.2
      vertex -30.72 -67.179 17.2
      vertex -30.8253 -67.2147 17.2
    endloop
  endfacet
  facet normal 0.32108 -0.947052 0
    outer loop
      vertex -30.72 -67.179 17.2
      vertex -30.8253 -67.2147 9.2
      vertex -30.72 -67.179 9.2
    endloop
  endfacet
  facet normal 0.0656829 -0.997841 0
    outer loop
      vertex -30.6109 -67.1573 9.2
      vertex -30.5 -67.15 17.2
      vertex -30.6109 -67.1573 17.2
    endloop
  endfacet
  facet normal 0.0656829 -0.997841 0
    outer loop
      vertex -30.5 -67.15 17.2
      vertex -30.6109 -67.1573 9.2
      vertex -30.5 -67.15 9.2
    endloop
  endfacet
  facet normal 0.997841 -0.0656829 6.28209e-21
    outer loop
      vertex -31.35 -68 17.2
      vertex -31.3427 -67.8891 9.2
      vertex -31.3427 -67.8891 17.2
    endloop
  endfacet
  facet normal 0.997841 -0.0656829 6.28209e-21
    outer loop
      vertex -31.3427 -67.8891 9.2
      vertex -31.35 -68 17.2
      vertex -31.35 -68 9.2
    endloop
  endfacet
  facet normal -0.659268 -0.751908 0
    outer loop
      vertex -29.9826 -67.3257 9.2
      vertex -29.899 -67.399 17.2
      vertex -29.9826 -67.3257 17.2
    endloop
  endfacet
  facet normal -0.659268 -0.751908 -0
    outer loop
      vertex -29.899 -67.399 17.2
      vertex -29.9826 -67.3257 9.2
      vertex -29.899 -67.399 9.2
    endloop
  endfacet
  facet normal 0.896754 0.44253 -4.12159e-19
    outer loop
      vertex -31.2361 -68.425 17.2
      vertex -31.2853 -68.3253 9.2
      vertex -31.2853 -68.3253 17.2
    endloop
  endfacet
  facet normal 0.896754 0.44253 -4.12159e-19
    outer loop
      vertex -31.2853 -68.3253 9.2
      vertex -31.2361 -68.425 17.2
      vertex -31.2361 -68.425 9.2
    endloop
  endfacet
  facet normal 0.44253 0.896754 -0
    outer loop
      vertex -30.8253 -68.7853 9.2
      vertex -30.925 -68.7361 17.2
      vertex -30.8253 -68.7853 17.2
    endloop
  endfacet
  facet normal 0.44253 0.896754 0
    outer loop
      vertex -30.925 -68.7361 17.2
      vertex -30.8253 -68.7853 9.2
      vertex -30.925 -68.7361 9.2
    endloop
  endfacet
  facet normal -0.659268 0.751908 0
    outer loop
      vertex -29.899 -68.601 9.2
      vertex -29.9826 -68.6743 17.2
      vertex -29.899 -68.601 17.2
    endloop
  endfacet
  facet normal -0.659268 0.751908 0
    outer loop
      vertex -29.9826 -68.6743 17.2
      vertex -29.899 -68.601 9.2
      vertex -29.9826 -68.6743 9.2
    endloop
  endfacet
  facet normal 0.831635 0.555323 4.81992e-19
    outer loop
      vertex -31.1744 -68.5174 17.2
      vertex -31.2361 -68.425 9.2
      vertex -31.2361 -68.425 17.2
    endloop
  endfacet
  facet normal 0.831635 0.555323 4.81992e-19
    outer loop
      vertex -31.2361 -68.425 9.2
      vertex -31.1744 -68.5174 17.2
      vertex -31.1744 -68.5174 9.2
    endloop
  endfacet
  facet normal -0.195079 -0.980788 0
    outer loop
      vertex 30.6109 -67.1573 9.2
      vertex 30.72 -67.179 17.2
      vertex 30.6109 -67.1573 17.2
    endloop
  endfacet
  facet normal -0.195079 -0.980788 -0
    outer loop
      vertex 30.72 -67.179 17.2
      vertex 30.6109 -67.1573 9.2
      vertex 30.72 -67.179 9.2
    endloop
  endfacet
  facet normal -0.980788 -0.195079 2.16642e-19
    outer loop
      vertex 31.3427 -67.8891 9.2
      vertex 31.321 -67.78 17.2
      vertex 31.321 -67.78 9.2
    endloop
  endfacet
  facet normal -0.980788 -0.195079 2.16642e-19
    outer loop
      vertex 31.321 -67.78 17.2
      vertex 31.3427 -67.8891 9.2
      vertex 31.3427 -67.8891 17.2
    endloop
  endfacet
  facet normal -0.997841 -0.0656829 -6.28209e-21
    outer loop
      vertex 31.35 -68 9.2
      vertex 31.3427 -67.8891 17.2
      vertex 31.3427 -67.8891 9.2
    endloop
  endfacet
  facet normal -0.997841 -0.0656829 -6.28209e-21
    outer loop
      vertex 31.3427 -67.8891 17.2
      vertex 31.35 -68 9.2
      vertex 31.35 -68 17.2
    endloop
  endfacet
  facet normal -0.947052 -0.32108 5.31336e-21
    outer loop
      vertex 31.321 -67.78 9.2
      vertex 31.2853 -67.6747 17.2
      vertex 31.2853 -67.6747 9.2
    endloop
  endfacet
  facet normal -0.947052 -0.32108 5.31336e-21
    outer loop
      vertex 31.2853 -67.6747 17.2
      vertex 31.321 -67.78 9.2
      vertex 31.321 -67.78 17.2
    endloop
  endfacet
  facet normal -0.831635 -0.555323 4.81992e-19
    outer loop
      vertex 31.2361 -67.575 9.2
      vertex 31.1744 -67.4826 17.2
      vertex 31.1744 -67.4826 9.2
    endloop
  endfacet
  facet normal -0.831635 -0.555323 4.81992e-19
    outer loop
      vertex 31.1744 -67.4826 17.2
      vertex 31.2361 -67.575 9.2
      vertex 31.2361 -67.575 17.2
    endloop
  endfacet
  facet normal -0.32108 -0.947052 0
    outer loop
      vertex 30.72 -67.179 9.2
      vertex 30.8253 -67.2147 17.2
      vertex 30.72 -67.179 17.2
    endloop
  endfacet
  facet normal -0.32108 -0.947052 -0
    outer loop
      vertex 30.8253 -67.2147 17.2
      vertex 30.72 -67.179 9.2
      vertex 30.8253 -67.2147 9.2
    endloop
  endfacet
  facet normal 0.980788 0.195079 2.16642e-19
    outer loop
      vertex 29.679 -68.22 17.2
      vertex 29.6573 -68.1109 9.2
      vertex 29.6573 -68.1109 17.2
    endloop
  endfacet
  facet normal 0.980788 0.195079 2.16642e-19
    outer loop
      vertex 29.6573 -68.1109 9.2
      vertex 29.679 -68.22 17.2
      vertex 29.679 -68.22 9.2
    endloop
  endfacet
  facet normal -0.997841 0.0656829 6.28209e-21
    outer loop
      vertex 31.3427 -68.1109 9.2
      vertex 31.35 -68 17.2
      vertex 31.35 -68 9.2
    endloop
  endfacet
  facet normal -0.997841 0.0656829 6.28209e-21
    outer loop
      vertex 31.35 -68 17.2
      vertex 31.3427 -68.1109 9.2
      vertex 31.3427 -68.1109 17.2
    endloop
  endfacet
  facet normal 0.555945 0.831219 -0
    outer loop
      vertex 30.075 -68.7361 9.2
      vertex 29.9826 -68.6743 17.2
      vertex 30.075 -68.7361 17.2
    endloop
  endfacet
  facet normal 0.555945 0.831219 0
    outer loop
      vertex 29.9826 -68.6743 17.2
      vertex 30.075 -68.7361 9.2
      vertex 29.9826 -68.6743 9.2
    endloop
  endfacet
  facet normal 0.997841 0.0656829 -6.28209e-21
    outer loop
      vertex 29.6573 -68.1109 17.2
      vertex 29.65 -68 9.2
      vertex 29.65 -68 17.2
    endloop
  endfacet
  facet normal 0.997841 0.0656829 -6.28209e-21
    outer loop
      vertex 29.65 -68 9.2
      vertex 29.6573 -68.1109 17.2
      vertex 29.6573 -68.1109 9.2
    endloop
  endfacet
  facet normal 0.32108 0.947052 -0
    outer loop
      vertex 30.28 -68.821 9.2
      vertex 30.1747 -68.7853 17.2
      vertex 30.28 -68.821 17.2
    endloop
  endfacet
  facet normal 0.32108 0.947052 0
    outer loop
      vertex 30.1747 -68.7853 17.2
      vertex 30.28 -68.821 9.2
      vertex 30.1747 -68.7853 9.2
    endloop
  endfacet
  facet normal -0.896754 -0.44253 -4.12159e-19
    outer loop
      vertex 31.2853 -67.6747 9.2
      vertex 31.2361 -67.575 17.2
      vertex 31.2361 -67.575 9.2
    endloop
  endfacet
  facet normal -0.896754 -0.44253 -4.12159e-19
    outer loop
      vertex 31.2361 -67.575 17.2
      vertex 31.2853 -67.6747 9.2
      vertex 31.2853 -67.6747 17.2
    endloop
  endfacet
  facet normal -0.751462 -0.659776 -4.44392e-19
    outer loop
      vertex 31.1744 -67.4826 9.2
      vertex 31.101 -67.399 17.2
      vertex 31.101 -67.399 9.2
    endloop
  endfacet
  facet normal -0.751462 -0.659776 -4.44392e-19
    outer loop
      vertex 31.101 -67.399 17.2
      vertex 31.1744 -67.4826 9.2
      vertex 31.1744 -67.4826 17.2
    endloop
  endfacet
  facet normal -0.947052 0.32108 -5.31336e-21
    outer loop
      vertex 31.2853 -68.3253 9.2
      vertex 31.321 -68.22 17.2
      vertex 31.321 -68.22 9.2
    endloop
  endfacet
  facet normal -0.947052 0.32108 -5.31336e-21
    outer loop
      vertex 31.321 -68.22 17.2
      vertex 31.2853 -68.3253 9.2
      vertex 31.2853 -68.3253 17.2
    endloop
  endfacet
  facet normal 0.751462 0.659776 -4.44392e-19
    outer loop
      vertex 29.899 -68.601 17.2
      vertex 29.8256 -68.5174 9.2
      vertex 29.8256 -68.5174 17.2
    endloop
  endfacet
  facet normal 0.751462 0.659776 -4.44392e-19
    outer loop
      vertex 29.8256 -68.5174 9.2
      vertex 29.899 -68.601 17.2
      vertex 29.899 -68.601 9.2
    endloop
  endfacet
  facet normal -0.980788 0.195079 -2.16642e-19
    outer loop
      vertex 31.321 -68.22 9.2
      vertex 31.3427 -68.1109 17.2
      vertex 31.3427 -68.1109 9.2
    endloop
  endfacet
  facet normal -0.980788 0.195079 -2.16642e-19
    outer loop
      vertex 31.3427 -68.1109 17.2
      vertex 31.321 -68.22 9.2
      vertex 31.321 -68.22 17.2
    endloop
  endfacet
  facet normal -0.0656829 0.997841 0
    outer loop
      vertex 30.6109 -68.8427 9.2
      vertex 30.5 -68.85 17.2
      vertex 30.6109 -68.8427 17.2
    endloop
  endfacet
  facet normal -0.0656829 0.997841 0
    outer loop
      vertex 30.5 -68.85 17.2
      vertex 30.6109 -68.8427 9.2
      vertex 30.5 -68.85 9.2
    endloop
  endfacet
  facet normal 0.947052 0.32108 5.31336e-21
    outer loop
      vertex 29.7147 -68.3253 17.2
      vertex 29.679 -68.22 9.2
      vertex 29.679 -68.22 17.2
    endloop
  endfacet
  facet normal 0.947052 0.32108 5.31336e-21
    outer loop
      vertex 29.679 -68.22 9.2
      vertex 29.7147 -68.3253 17.2
      vertex 29.7147 -68.3253 9.2
    endloop
  endfacet
  facet normal -0.831635 0.555323 -4.81992e-19
    outer loop
      vertex 31.1744 -68.5174 9.2
      vertex 31.2361 -68.425 17.2
      vertex 31.2361 -68.425 9.2
    endloop
  endfacet
  facet normal -0.831635 0.555323 -4.81992e-19
    outer loop
      vertex 31.2361 -68.425 17.2
      vertex 31.1744 -68.5174 9.2
      vertex 31.1744 -68.5174 17.2
    endloop
  endfacet
  facet normal -0.44253 -0.896754 0
    outer loop
      vertex 30.8253 -67.2147 9.2
      vertex 30.925 -67.2639 17.2
      vertex 30.8253 -67.2147 17.2
    endloop
  endfacet
  facet normal -0.44253 -0.896754 -0
    outer loop
      vertex 30.925 -67.2639 17.2
      vertex 30.8253 -67.2147 9.2
      vertex 30.925 -67.2639 9.2
    endloop
  endfacet
  facet normal 0.44253 -0.896754 0
    outer loop
      vertex 30.075 -67.2639 9.2
      vertex 30.1747 -67.2147 17.2
      vertex 30.075 -67.2639 17.2
    endloop
  endfacet
  facet normal 0.44253 -0.896754 0
    outer loop
      vertex 30.1747 -67.2147 17.2
      vertex 30.075 -67.2639 9.2
      vertex 30.1747 -67.2147 9.2
    endloop
  endfacet
  facet normal -0.44253 0.896754 0
    outer loop
      vertex 30.925 -68.7361 9.2
      vertex 30.8253 -68.7853 17.2
      vertex 30.925 -68.7361 17.2
    endloop
  endfacet
  facet normal -0.44253 0.896754 0
    outer loop
      vertex 30.8253 -68.7853 17.2
      vertex 30.925 -68.7361 9.2
      vertex 30.8253 -68.7853 9.2
    endloop
  endfacet
  facet normal -0.32108 0.947052 0
    outer loop
      vertex 30.8253 -68.7853 9.2
      vertex 30.72 -68.821 17.2
      vertex 30.8253 -68.7853 17.2
    endloop
  endfacet
  facet normal -0.32108 0.947052 0
    outer loop
      vertex 30.72 -68.821 17.2
      vertex 30.8253 -68.7853 9.2
      vertex 30.72 -68.821 9.2
    endloop
  endfacet
  facet normal 0.195079 0.980788 -0
    outer loop
      vertex 30.3891 -68.8427 9.2
      vertex 30.28 -68.821 17.2
      vertex 30.3891 -68.8427 17.2
    endloop
  endfacet
  facet normal 0.195079 0.980788 0
    outer loop
      vertex 30.28 -68.821 17.2
      vertex 30.3891 -68.8427 9.2
      vertex 30.28 -68.821 9.2
    endloop
  endfacet
  facet normal 0.947052 -0.32108 -5.31336e-21
    outer loop
      vertex 29.679 -67.78 17.2
      vertex 29.7147 -67.6747 9.2
      vertex 29.7147 -67.6747 17.2
    endloop
  endfacet
  facet normal 0.947052 -0.32108 -5.31336e-21
    outer loop
      vertex 29.7147 -67.6747 9.2
      vertex 29.679 -67.78 17.2
      vertex 29.679 -67.78 9.2
    endloop
  endfacet
  facet normal 0.195079 -0.980788 0
    outer loop
      vertex 30.28 -67.179 9.2
      vertex 30.3891 -67.1573 17.2
      vertex 30.28 -67.179 17.2
    endloop
  endfacet
  facet normal 0.195079 -0.980788 0
    outer loop
      vertex 30.3891 -67.1573 17.2
      vertex 30.28 -67.179 9.2
      vertex 30.3891 -67.1573 9.2
    endloop
  endfacet
  facet normal 0.555945 -0.831219 0
    outer loop
      vertex 29.9826 -67.3257 9.2
      vertex 30.075 -67.2639 17.2
      vertex 29.9826 -67.3257 17.2
    endloop
  endfacet
  facet normal 0.555945 -0.831219 0
    outer loop
      vertex 30.075 -67.2639 17.2
      vertex 29.9826 -67.3257 9.2
      vertex 30.075 -67.2639 9.2
    endloop
  endfacet
  facet normal -0.555945 0.831219 0
    outer loop
      vertex 31.0174 -68.6743 9.2
      vertex 30.925 -68.7361 17.2
      vertex 31.0174 -68.6743 17.2
    endloop
  endfacet
  facet normal -0.555945 0.831219 0
    outer loop
      vertex 30.925 -68.7361 17.2
      vertex 31.0174 -68.6743 9.2
      vertex 30.925 -68.7361 9.2
    endloop
  endfacet
  facet normal -0.195079 0.980788 0
    outer loop
      vertex 30.72 -68.821 9.2
      vertex 30.6109 -68.8427 17.2
      vertex 30.72 -68.821 17.2
    endloop
  endfacet
  facet normal -0.195079 0.980788 0
    outer loop
      vertex 30.6109 -68.8427 17.2
      vertex 30.72 -68.821 9.2
      vertex 30.6109 -68.8427 9.2
    endloop
  endfacet
  facet normal 0.896754 -0.44253 4.12159e-19
    outer loop
      vertex 29.7147 -67.6747 17.2
      vertex 29.7639 -67.575 9.2
      vertex 29.7639 -67.575 17.2
    endloop
  endfacet
  facet normal 0.896754 -0.44253 4.12159e-19
    outer loop
      vertex 29.7639 -67.575 9.2
      vertex 29.7147 -67.6747 17.2
      vertex 29.7147 -67.6747 9.2
    endloop
  endfacet
  facet normal 0.831635 -0.555323 -4.81992e-19
    outer loop
      vertex 29.7639 -67.575 17.2
      vertex 29.8256 -67.4826 9.2
      vertex 29.8256 -67.4826 17.2
    endloop
  endfacet
  facet normal 0.831635 -0.555323 -4.81992e-19
    outer loop
      vertex 29.8256 -67.4826 9.2
      vertex 29.7639 -67.575 17.2
      vertex 29.7639 -67.575 9.2
    endloop
  endfacet
  facet normal 0.0656829 0.997841 -0
    outer loop
      vertex 30.5 -68.85 9.2
      vertex 30.3891 -68.8427 17.2
      vertex 30.5 -68.85 17.2
    endloop
  endfacet
  facet normal 0.0656829 0.997841 0
    outer loop
      vertex 30.3891 -68.8427 17.2
      vertex 30.5 -68.85 9.2
      vertex 30.3891 -68.8427 9.2
    endloop
  endfacet
  facet normal 0.0656829 -0.997841 0
    outer loop
      vertex 30.3891 -67.1573 9.2
      vertex 30.5 -67.15 17.2
      vertex 30.3891 -67.1573 17.2
    endloop
  endfacet
  facet normal 0.0656829 -0.997841 0
    outer loop
      vertex 30.5 -67.15 17.2
      vertex 30.3891 -67.1573 9.2
      vertex 30.5 -67.15 9.2
    endloop
  endfacet
  facet normal 0.659268 -0.751908 0
    outer loop
      vertex 29.899 -67.399 9.2
      vertex 29.9826 -67.3257 17.2
      vertex 29.899 -67.399 17.2
    endloop
  endfacet
  facet normal 0.659268 -0.751908 0
    outer loop
      vertex 29.9826 -67.3257 17.2
      vertex 29.899 -67.399 9.2
      vertex 29.9826 -67.3257 9.2
    endloop
  endfacet
  facet normal 0.659268 0.751908 -0
    outer loop
      vertex 29.9826 -68.6743 9.2
      vertex 29.899 -68.601 17.2
      vertex 29.9826 -68.6743 17.2
    endloop
  endfacet
  facet normal 0.659268 0.751908 0
    outer loop
      vertex 29.899 -68.601 17.2
      vertex 29.9826 -68.6743 9.2
      vertex 29.899 -68.601 9.2
    endloop
  endfacet
  facet normal 0 0 1
    outer loop
      vertex 31.3427 -67.8891 9.2
      vertex 31.3427 -68.1109 9.2
      vertex 31.35 -68 9.2
    endloop
  endfacet
  facet normal 0 0 1
    outer loop
      vertex 31.321 -67.78 9.2
      vertex 31.3427 -68.1109 9.2
      vertex 31.3427 -67.8891 9.2
    endloop
  endfacet
  facet normal 0 0 1
    outer loop
      vertex 31.321 -67.78 9.2
      vertex 31.321 -68.22 9.2
      vertex 31.3427 -68.1109 9.2
    endloop
  endfacet
  facet normal 0 0 1
    outer loop
      vertex 31.2853 -67.6747 9.2
      vertex 31.321 -68.22 9.2
      vertex 31.321 -67.78 9.2
    endloop
  endfacet
  facet normal 0 0 1
    outer loop
      vertex 31.2853 -67.6747 9.2
      vertex 31.2853 -68.3253 9.2
      vertex 31.321 -68.22 9.2
    endloop
  endfacet
  facet normal 0 0 1
    outer loop
      vertex 31.2361 -67.575 9.2
      vertex 31.2853 -68.3253 9.2
      vertex 31.2853 -67.6747 9.2
    endloop
  endfacet
  facet normal 0 0 1
    outer loop
      vertex 31.2361 -67.575 9.2
      vertex 31.2361 -68.425 9.2
      vertex 31.2853 -68.3253 9.2
    endloop
  endfacet
  facet normal 0 0 1
    outer loop
      vertex 31.1744 -67.4826 9.2
      vertex 31.2361 -68.425 9.2
      vertex 31.2361 -67.575 9.2
    endloop
  endfacet
  facet normal 0 0 1
    outer loop
      vertex 31.1744 -67.4826 9.2
      vertex 31.1744 -68.5174 9.2
      vertex 31.2361 -68.425 9.2
    endloop
  endfacet
  facet normal 0 0 1
    outer loop
      vertex 31.101 -67.399 9.2
      vertex 31.1744 -68.5174 9.2
      vertex 31.1744 -67.4826 9.2
    endloop
  endfacet
  facet normal 0 0 1
    outer loop
      vertex 31.101 -67.399 9.2
      vertex 31.101 -68.601 9.2
      vertex 31.1744 -68.5174 9.2
    endloop
  endfacet
  facet normal 0 0 1
    outer loop
      vertex 31.0174 -67.3257 9.2
      vertex 31.101 -68.601 9.2
      vertex 31.101 -67.399 9.2
    endloop
  endfacet
  facet normal 0 0 1
    outer loop
      vertex 31.0174 -67.3257 9.2
      vertex 31.0174 -68.6743 9.2
      vertex 31.101 -68.601 9.2
    endloop
  endfacet
  facet normal 0 0 1
    outer loop
      vertex 30.925 -67.2639 9.2
      vertex 31.0174 -68.6743 9.2
      vertex 31.0174 -67.3257 9.2
    endloop
  endfacet
  facet normal 0 0 1
    outer loop
      vertex 30.925 -67.2639 9.2
      vertex 30.925 -68.7361 9.2
      vertex 31.0174 -68.6743 9.2
    endloop
  endfacet
  facet normal 0 0 1
    outer loop
      vertex 30.8253 -67.2147 9.2
      vertex 30.925 -68.7361 9.2
      vertex 30.925 -67.2639 9.2
    endloop
  endfacet
  facet normal 0 0 1
    outer loop
      vertex 30.8253 -67.2147 9.2
      vertex 30.8253 -68.7853 9.2
      vertex 30.925 -68.7361 9.2
    endloop
  endfacet
  facet normal 0 0 1
    outer loop
      vertex 30.72 -67.179 9.2
      vertex 30.8253 -68.7853 9.2
      vertex 30.8253 -67.2147 9.2
    endloop
  endfacet
  facet normal 0 0 1
    outer loop
      vertex 30.72 -67.179 9.2
      vertex 30.72 -68.821 9.2
      vertex 30.8253 -68.7853 9.2
    endloop
  endfacet
  facet normal 0 0 1
    outer loop
      vertex 30.6109 -67.1573 9.2
      vertex 30.72 -68.821 9.2
      vertex 30.72 -67.179 9.2
    endloop
  endfacet
  facet normal 0 0 1
    outer loop
      vertex 30.6109 -67.1573 9.2
      vertex 30.6109 -68.8427 9.2
      vertex 30.72 -68.821 9.2
    endloop
  endfacet
  facet normal 0 0 1
    outer loop
      vertex 30.5 -67.15 9.2
      vertex 30.6109 -68.8427 9.2
      vertex 30.6109 -67.1573 9.2
    endloop
  endfacet
  facet normal 0 0 1
    outer loop
      vertex 30.5 -67.15 9.2
      vertex 30.5 -68.85 9.2
      vertex 30.6109 -68.8427 9.2
    endloop
  endfacet
  facet normal -0 0 1
    outer loop
      vertex 30.3891 -67.1573 9.2
      vertex 30.5 -68.85 9.2
      vertex 30.5 -67.15 9.2
    endloop
  endfacet
  facet normal 0 0 1
    outer loop
      vertex 30.3891 -67.1573 9.2
      vertex 30.3891 -68.8427 9.2
      vertex 30.5 -68.85 9.2
    endloop
  endfacet
  facet normal -0 0 1
    outer loop
      vertex 30.28 -67.179 9.2
      vertex 30.3891 -68.8427 9.2
      vertex 30.3891 -67.1573 9.2
    endloop
  endfacet
  facet normal 0 0 1
    outer loop
      vertex 30.28 -67.179 9.2
      vertex 30.28 -68.821 9.2
      vertex 30.3891 -68.8427 9.2
    endloop
  endfacet
  facet normal -0 0 1
    outer loop
      vertex 30.1747 -67.2147 9.2
      vertex 30.28 -68.821 9.2
      vertex 30.28 -67.179 9.2
    endloop
  endfacet
  facet normal 0 0 1
    outer loop
      vertex 30.1747 -67.2147 9.2
      vertex 30.1747 -68.7853 9.2
      vertex 30.28 -68.821 9.2
    endloop
  endfacet
  facet normal -0 0 1
    outer loop
      vertex 30.075 -67.2639 9.2
      vertex 30.1747 -68.7853 9.2
      vertex 30.1747 -67.2147 9.2
    endloop
  endfacet
  facet normal 0 0 1
    outer loop
      vertex 30.075 -67.2639 9.2
      vertex 30.075 -68.7361 9.2
      vertex 30.1747 -68.7853 9.2
    endloop
  endfacet
  facet normal -0 0 1
    outer loop
      vertex 29.9826 -67.3257 9.2
      vertex 30.075 -68.7361 9.2
      vertex 30.075 -67.2639 9.2
    endloop
  endfacet
  facet normal 0 0 1
    outer loop
      vertex 29.9826 -67.3257 9.2
      vertex 29.9826 -68.6743 9.2
      vertex 30.075 -68.7361 9.2
    endloop
  endfacet
  facet normal -0 0 1
    outer loop
      vertex 29.899 -67.399 9.2
      vertex 29.9826 -68.6743 9.2
      vertex 29.9826 -67.3257 9.2
    endloop
  endfacet
  facet normal 0 0 1
    outer loop
      vertex 29.899 -67.399 9.2
      vertex 29.899 -68.601 9.2
      vertex 29.9826 -68.6743 9.2
    endloop
  endfacet
  facet normal -0 0 1
    outer loop
      vertex 29.8256 -67.4826 9.2
      vertex 29.899 -68.601 9.2
      vertex 29.899 -67.399 9.2
    endloop
  endfacet
  facet normal 0 0 1
    outer loop
      vertex 29.8256 -67.4826 9.2
      vertex 29.8256 -68.5174 9.2
      vertex 29.899 -68.601 9.2
    endloop
  endfacet
  facet normal -0 0 1
    outer loop
      vertex 29.7639 -67.575 9.2
      vertex 29.8256 -68.5174 9.2
      vertex 29.8256 -67.4826 9.2
    endloop
  endfacet
  facet normal 0 0 1
    outer loop
      vertex 29.7639 -67.575 9.2
      vertex 29.7639 -68.425 9.2
      vertex 29.8256 -68.5174 9.2
    endloop
  endfacet
  facet normal -0 0 1
    outer loop
      vertex 29.7147 -67.6747 9.2
      vertex 29.7639 -68.425 9.2
      vertex 29.7639 -67.575 9.2
    endloop
  endfacet
  facet normal 0 0 1
    outer loop
      vertex 29.7147 -67.6747 9.2
      vertex 29.7147 -68.3253 9.2
      vertex 29.7639 -68.425 9.2
    endloop
  endfacet
  facet normal -0 0 1
    outer loop
      vertex 29.679 -67.78 9.2
      vertex 29.7147 -68.3253 9.2
      vertex 29.7147 -67.6747 9.2
    endloop
  endfacet
  facet normal 0 0 1
    outer loop
      vertex 29.679 -67.78 9.2
      vertex 29.679 -68.22 9.2
      vertex 29.7147 -68.3253 9.2
    endloop
  endfacet
  facet normal -0 0 1
    outer loop
      vertex 29.6573 -67.8891 9.2
      vertex 29.679 -68.22 9.2
      vertex 29.679 -67.78 9.2
    endloop
  endfacet
  facet normal 0 0 1
    outer loop
      vertex 29.6573 -67.8891 9.2
      vertex 29.6573 -68.1109 9.2
      vertex 29.679 -68.22 9.2
    endloop
  endfacet
  facet normal 0 -0 1
    outer loop
      vertex 29.6573 -68.1109 9.2
      vertex 29.6573 -67.8891 9.2
      vertex 29.65 -68 9.2
    endloop
  endfacet
  facet normal 0.751462 -0.659776 4.44392e-19
    outer loop
      vertex 29.8256 -67.4826 17.2
      vertex 29.899 -67.399 9.2
      vertex 29.899 -67.399 17.2
    endloop
  endfacet
  facet normal 0.751462 -0.659776 4.44392e-19
    outer loop
      vertex 29.899 -67.399 9.2
      vertex 29.8256 -67.4826 17.2
      vertex 29.8256 -67.4826 9.2
    endloop
  endfacet
  facet normal -0.751462 0.659776 4.44392e-19
    outer loop
      vertex 31.101 -68.601 9.2
      vertex 31.1744 -68.5174 17.2
      vertex 31.1744 -68.5174 9.2
    endloop
  endfacet
  facet normal -0.751462 0.659776 4.44392e-19
    outer loop
      vertex 31.1744 -68.5174 17.2
      vertex 31.101 -68.601 9.2
      vertex 31.101 -68.601 17.2
    endloop
  endfacet
  facet normal -0.896754 0.44253 4.12159e-19
    outer loop
      vertex 31.2361 -68.425 9.2
      vertex 31.2853 -68.3253 17.2
      vertex 31.2853 -68.3253 9.2
    endloop
  endfacet
  facet normal -0.896754 0.44253 4.12159e-19
    outer loop
      vertex 31.2853 -68.3253 17.2
      vertex 31.2361 -68.425 9.2
      vertex 31.2361 -68.425 17.2
    endloop
  endfacet
  facet normal 0.980788 -0.195079 -2.16642e-19
    outer loop
      vertex 29.6573 -67.8891 17.2
      vertex 29.679 -67.78 9.2
      vertex 29.679 -67.78 17.2
    endloop
  endfacet
  facet normal 0.980788 -0.195079 -2.16642e-19
    outer loop
      vertex 29.679 -67.78 9.2
      vertex 29.6573 -67.8891 17.2
      vertex 29.6573 -67.8891 9.2
    endloop
  endfacet
  facet normal -0.0656829 -0.997841 0
    outer loop
      vertex 30.5 -67.15 9.2
      vertex 30.6109 -67.1573 17.2
      vertex 30.5 -67.15 17.2
    endloop
  endfacet
  facet normal -0.0656829 -0.997841 -0
    outer loop
      vertex 30.6109 -67.1573 17.2
      vertex 30.5 -67.15 9.2
      vertex 30.6109 -67.1573 9.2
    endloop
  endfacet
  facet normal -0.555945 -0.831219 0
    outer loop
      vertex 30.925 -67.2639 9.2
      vertex 31.0174 -67.3257 17.2
      vertex 30.925 -67.2639 17.2
    endloop
  endfacet
  facet normal -0.555945 -0.831219 -0
    outer loop
      vertex 31.0174 -67.3257 17.2
      vertex 30.925 -67.2639 9.2
      vertex 31.0174 -67.3257 9.2
    endloop
  endfacet
  facet normal 0.32108 -0.947052 0
    outer loop
      vertex 30.1747 -67.2147 9.2
      vertex 30.28 -67.179 17.2
      vertex 30.1747 -67.2147 17.2
    endloop
  endfacet
  facet normal 0.32108 -0.947052 0
    outer loop
      vertex 30.28 -67.179 17.2
      vertex 30.1747 -67.2147 9.2
      vertex 30.28 -67.179 9.2
    endloop
  endfacet
  facet normal 0.997841 -0.0656829 6.28209e-21
    outer loop
      vertex 29.65 -68 17.2
      vertex 29.6573 -67.8891 9.2
      vertex 29.6573 -67.8891 17.2
    endloop
  endfacet
  facet normal 0.997841 -0.0656829 6.28209e-21
    outer loop
      vertex 29.6573 -67.8891 9.2
      vertex 29.65 -68 17.2
      vertex 29.65 -68 9.2
    endloop
  endfacet
  facet normal -0.659268 -0.751908 0
    outer loop
      vertex 31.0174 -67.3257 9.2
      vertex 31.101 -67.399 17.2
      vertex 31.0174 -67.3257 17.2
    endloop
  endfacet
  facet normal -0.659268 -0.751908 -0
    outer loop
      vertex 31.101 -67.399 17.2
      vertex 31.0174 -67.3257 9.2
      vertex 31.101 -67.399 9.2
    endloop
  endfacet
  facet normal 0.44253 0.896754 -0
    outer loop
      vertex 30.1747 -68.7853 9.2
      vertex 30.075 -68.7361 17.2
      vertex 30.1747 -68.7853 17.2
    endloop
  endfacet
  facet normal 0.44253 0.896754 0
    outer loop
      vertex 30.075 -68.7361 17.2
      vertex 30.1747 -68.7853 9.2
      vertex 30.075 -68.7361 9.2
    endloop
  endfacet
  facet normal -0.659268 0.751908 0
    outer loop
      vertex 31.101 -68.601 9.2
      vertex 31.0174 -68.6743 17.2
      vertex 31.101 -68.601 17.2
    endloop
  endfacet
  facet normal -0.659268 0.751908 0
    outer loop
      vertex 31.0174 -68.6743 17.2
      vertex 31.101 -68.601 9.2
      vertex 31.0174 -68.6743 9.2
    endloop
  endfacet
  facet normal 0.831635 0.555323 4.81992e-19
    outer loop
      vertex 29.8256 -68.5174 17.2
      vertex 29.7639 -68.425 9.2
      vertex 29.7639 -68.425 17.2
    endloop
  endfacet
  facet normal 0.831635 0.555323 4.81992e-19
    outer loop
      vertex 29.7639 -68.425 9.2
      vertex 29.8256 -68.5174 17.2
      vertex 29.8256 -68.5174 9.2
    endloop
  endfacet
  facet normal 0.896754 0.44253 -4.12159e-19
    outer loop
      vertex 29.7639 -68.425 17.2
      vertex 29.7147 -68.3253 9.2
      vertex 29.7147 -68.3253 17.2
    endloop
  endfacet
  facet normal 0.896754 0.44253 -4.12159e-19
    outer loop
      vertex 29.7147 -68.3253 9.2
      vertex 29.7639 -68.425 17.2
      vertex 29.7639 -68.425 9.2
    endloop
  endfacet
  facet normal 0.896911 -0 0.442211
    outer loop
      vertex -20.7716 74.6 10.8519
      vertex -20.5981 77 10.5
      vertex -20.7716 77 10.8519
    endloop
  endfacet
  facet normal 0.896911 0 0.442211
    outer loop
      vertex -20.5981 77 10.5
      vertex -20.7716 74.6 10.8519
      vertex -20.5981 74.6 10.5
    endloop
  endfacet
  facet normal -0.980815 0 -0.19494
    outer loop
      vertex -15.0257 74.6 12.3916
      vertex -15.1022 77 12.7765
      vertex -15.0257 77 12.3916
    endloop
  endfacet
  facet normal -0.980815 -0 -0.19494
    outer loop
      vertex -15.1022 77 12.7765
      vertex -15.0257 74.6 12.3916
      vertex -15.1022 74.6 12.7765
    endloop
  endfacet
  facet normal -0.997853 0 -0.0654873
    outer loop
      vertex -15 74.6 12
      vertex -15.0257 77 12.3916
      vertex -15 77 12
    endloop
  endfacet
  facet normal -0.997853 -0 -0.0654873
    outer loop
      vertex -15.0257 77 12.3916
      vertex -15 74.6 12
      vertex -15.0257 74.6 12.3916
    endloop
  endfacet
  facet normal 0.946858 0 -0.321651
    outer loop
      vertex -20.7716 74.6 13.148
      vertex -20.8978 77 12.7765
      vertex -20.7716 77 13.148
    endloop
  endfacet
  facet normal 0.946858 0 -0.321651
    outer loop
      vertex -20.8978 77 12.7765
      vertex -20.7716 74.6 13.148
      vertex -20.8978 74.6 12.7765
    endloop
  endfacet
  facet normal -0.751724 0 -0.659478
    outer loop
      vertex -15.6199 74.6 13.8263
      vertex -15.8787 77 14.1213
      vertex -15.6199 77 13.8263
    endloop
  endfacet
  facet normal -0.751724 -0 -0.659478
    outer loop
      vertex -15.8787 77 14.1213
      vertex -15.6199 74.6 13.8263
      vertex -15.8787 74.6 14.1213
    endloop
  endfacet
  facet normal 0.195062 -3.79298e-19 0.980791
    outer loop
      vertex -18.7765 77 9.10222
      vertex -18.3916 74.6 9.02567
      vertex -18.3916 77 9.02567
    endloop
  endfacet
  facet normal 0.195062 -3.79298e-19 0.980791
    outer loop
      vertex -18.3916 74.6 9.02567
      vertex -18.7765 77 9.10222
      vertex -18.7765 74.6 9.10222
    endloop
  endfacet
  facet normal -0.831501 0 -0.555523
    outer loop
      vertex -15.4019 74.6 13.5
      vertex -15.6199 77 13.8263
      vertex -15.4019 77 13.5
    endloop
  endfacet
  facet normal -0.831501 -0 -0.555523
    outer loop
      vertex -15.6199 77 13.8263
      vertex -15.4019 74.6 13.5
      vertex -15.6199 74.6 13.8263
    endloop
  endfacet
  facet normal -0.659392 7.00345e-18 0.751799
    outer loop
      vertex -16.1737 77 9.61994
      vertex -15.8787 74.6 9.87868
      vertex -15.8787 77 9.87868
    endloop
  endfacet
  facet normal -0.659392 7.00345e-18 0.751799
    outer loop
      vertex -15.8787 74.6 9.87868
      vertex -16.1737 77 9.61994
      vertex -16.1737 74.6 9.61994
    endloop
  endfacet
  facet normal 0.831501 -0 0.555523
    outer loop
      vertex -20.5981 74.6 10.5
      vertex -20.3801 77 10.1737
      vertex -20.5981 77 10.5
    endloop
  endfacet
  facet normal 0.831501 0 0.555523
    outer loop
      vertex -20.3801 77 10.1737
      vertex -20.5981 74.6 10.5
      vertex -20.3801 74.6 10.1737
    endloop
  endfacet
  facet normal 0.997853 0 -0.0654873
    outer loop
      vertex -20.9743 74.6 12.3916
      vertex -21 77 12
      vertex -20.9743 77 12.3916
    endloop
  endfacet
  facet normal 0.997853 0 -0.0654873
    outer loop
      vertex -21 77 12
      vertex -20.9743 74.6 12.3916
      vertex -21 74.6 12
    endloop
  endfacet
  facet normal -0.442211 -3.13474e-18 -0.896911
    outer loop
      vertex -16.8519 74.6 14.7716
      vertex -16.5 77 14.5981
      vertex -16.5 74.6 14.5981
    endloop
  endfacet
  facet normal -0.442211 -3.13474e-18 -0.896911
    outer loop
      vertex -16.5 77 14.5981
      vertex -16.8519 74.6 14.7716
      vertex -16.8519 77 14.7716
    endloop
  endfacet
  facet normal -0.946858 0 -0.321651
    outer loop
      vertex -15.1022 74.6 12.7765
      vertex -15.2284 77 13.148
      vertex -15.1022 77 12.7765
    endloop
  endfacet
  facet normal -0.946858 -0 -0.321651
    outer loop
      vertex -15.2284 77 13.148
      vertex -15.1022 74.6 12.7765
      vertex -15.2284 74.6 13.148
    endloop
  endfacet
  facet normal -0.442334 2.10104e-19 0.89685
    outer loop
      vertex -16.8519 77 9.22836
      vertex -16.5 74.6 9.40192
      vertex -16.5 77 9.40192
    endloop
  endfacet
  facet normal -0.442334 2.10104e-19 0.89685
    outer loop
      vertex -16.5 74.6 9.40192
      vertex -16.8519 77 9.22836
      vertex -16.8519 74.6 9.22836
    endloop
  endfacet
  facet normal 0.980815 -0 0.19494
    outer loop
      vertex -20.9743 74.6 11.6084
      vertex -20.8978 77 11.2235
      vertex -20.9743 77 11.6084
    endloop
  endfacet
  facet normal 0.980815 0 0.19494
    outer loop
      vertex -20.8978 77 11.2235
      vertex -20.9743 74.6 11.6084
      vertex -20.8978 74.6 11.2235
    endloop
  endfacet
  facet normal 0.555523 6.30278e-18 -0.831501
    outer loop
      vertex -19.8263 74.6 14.3801
      vertex -19.5 77 14.5981
      vertex -19.5 74.6 14.5981
    endloop
  endfacet
  facet normal 0.555523 6.30278e-18 -0.831501
    outer loop
      vertex -19.5 77 14.5981
      vertex -19.8263 74.6 14.3801
      vertex -19.8263 77 14.3801
    endloop
  endfacet
  facet normal -0.195062 3.79298e-19 0.980791
    outer loop
      vertex -17.6084 77 9.02567
      vertex -17.2235 74.6 9.10222
      vertex -17.2235 77 9.10222
    endloop
  endfacet
  facet normal -0.195062 3.79298e-19 0.980791
    outer loop
      vertex -17.2235 74.6 9.10222
      vertex -17.6084 77 9.02567
      vertex -17.6084 74.6 9.02567
    endloop
  endfacet
  facet normal -0.659478 -5.14894e-19 -0.751724
    outer loop
      vertex -16.1737 74.6 14.3801
      vertex -15.8787 77 14.1213
      vertex -15.8787 74.6 14.1213
    endloop
  endfacet
  facet normal -0.659478 -5.14894e-19 -0.751724
    outer loop
      vertex -15.8787 77 14.1213
      vertex -16.1737 74.6 14.3801
      vertex -16.1737 77 14.3801
    endloop
  endfacet
  facet normal 0.0654873 2.31974e-19 -0.997853
    outer loop
      vertex -18.3916 74.6 14.9743
      vertex -18 77 15
      vertex -18 74.6 15
    endloop
  endfacet
  facet normal 0.0654873 2.31974e-19 -0.997853
    outer loop
      vertex -18 77 15
      vertex -18.3916 74.6 14.9743
      vertex -18.3916 77 14.9743
    endloop
  endfacet
  facet normal -0.751746 0 0.659453
    outer loop
      vertex -15.8787 74.6 9.87868
      vertex -15.6199 77 10.1737
      vertex -15.8787 77 9.87868
    endloop
  endfacet
  facet normal -0.751746 0 0.659453
    outer loop
      vertex -15.6199 77 10.1737
      vertex -15.8787 74.6 9.87868
      vertex -15.6199 74.6 10.1737
    endloop
  endfacet
  facet normal -0.555523 -6.30278e-18 -0.831501
    outer loop
      vertex -16.5 74.6 14.5981
      vertex -16.1737 77 14.3801
      vertex -16.1737 74.6 14.3801
    endloop
  endfacet
  facet normal -0.555523 -6.30278e-18 -0.831501
    outer loop
      vertex -16.1737 77 14.3801
      vertex -16.5 74.6 14.5981
      vertex -16.5 77 14.5981
    endloop
  endfacet
  facet normal 0.19494 1.08553e-18 -0.980815
    outer loop
      vertex -18.7765 74.6 14.8978
      vertex -18.3916 77 14.9743
      vertex -18.3916 74.6 14.9743
    endloop
  endfacet
  facet normal 0.19494 1.08553e-18 -0.980815
    outer loop
      vertex -18.3916 77 14.9743
      vertex -18.7765 74.6 14.8978
      vertex -18.7765 77 14.8978
    endloop
  endfacet
  facet normal 0.997853 -0 0.0654873
    outer loop
      vertex -21 74.6 12
      vertex -20.9743 77 11.6084
      vertex -21 77 12
    endloop
  endfacet
  facet normal 0.997853 0 0.0654873
    outer loop
      vertex -20.9743 77 11.6084
      vertex -21 74.6 12
      vertex -20.9743 74.6 11.6084
    endloop
  endfacet
  facet normal -0.19494 -1.08553e-18 -0.980815
    outer loop
      vertex -17.6084 74.6 14.9743
      vertex -17.2235 77 14.8978
      vertex -17.2235 74.6 14.8978
    endloop
  endfacet
  facet normal -0.19494 -1.08553e-18 -0.980815
    outer loop
      vertex -17.2235 77 14.8978
      vertex -17.6084 74.6 14.9743
      vertex -17.6084 77 14.9743
    endloop
  endfacet
  facet normal -0.997853 0 0.0654873
    outer loop
      vertex -15.0257 74.6 11.6084
      vertex -15 77 12
      vertex -15.0257 77 11.6084
    endloop
  endfacet
  facet normal -0.997853 0 0.0654873
    outer loop
      vertex -15 77 12
      vertex -15.0257 74.6 11.6084
      vertex -15 74.6 12
    endloop
  endfacet
  facet normal -0.321437 2.75899e-18 0.946931
    outer loop
      vertex -17.2235 77 9.10222
      vertex -16.8519 74.6 9.22836
      vertex -16.8519 77 9.22836
    endloop
  endfacet
  facet normal -0.321437 2.75899e-18 0.946931
    outer loop
      vertex -16.8519 74.6 9.22836
      vertex -17.2235 77 9.10222
      vertex -17.2235 74.6 9.10222
    endloop
  endfacet
  facet normal 0.751746 -0 0.659453
    outer loop
      vertex -20.3801 74.6 10.1737
      vertex -20.1213 77 9.87868
      vertex -20.3801 77 10.1737
    endloop
  endfacet
  facet normal 0.751746 0 0.659453
    outer loop
      vertex -20.1213 77 9.87868
      vertex -20.3801 74.6 10.1737
      vertex -20.1213 74.6 9.87868
    endloop
  endfacet
  facet normal -0.896961 0 -0.44211
    outer loop
      vertex -15.2284 74.6 13.148
      vertex -15.4019 77 13.5
      vertex -15.2284 77 13.148
    endloop
  endfacet
  facet normal -0.896961 -0 -0.44211
    outer loop
      vertex -15.4019 77 13.5
      vertex -15.2284 74.6 13.148
      vertex -15.4019 74.6 13.5
    endloop
  endfacet
  facet normal 0.44211 -2.34859e-18 -0.896961
    outer loop
      vertex -19.5 74.6 14.5981
      vertex -19.148 77 14.7716
      vertex -19.148 74.6 14.7716
    endloop
  endfacet
  facet normal 0.44211 -2.34859e-18 -0.896961
    outer loop
      vertex -19.148 77 14.7716
      vertex -19.5 74.6 14.5981
      vertex -19.5 77 14.5981
    endloop
  endfacet
  facet normal 0.980815 0 -0.19494
    outer loop
      vertex -20.8978 74.6 12.7765
      vertex -20.9743 77 12.3916
      vertex -20.8978 77 12.7765
    endloop
  endfacet
  facet normal 0.980815 0 -0.19494
    outer loop
      vertex -20.9743 77 12.3916
      vertex -20.8978 74.6 12.7765
      vertex -20.9743 74.6 12.3916
    endloop
  endfacet
  facet normal -0.555558 2.10216e-18 0.831477
    outer loop
      vertex -16.5 77 9.40192
      vertex -16.1737 74.6 9.61994
      vertex -16.1737 77 9.61994
    endloop
  endfacet
  facet normal -0.555558 2.10216e-18 0.831477
    outer loop
      vertex -16.1737 74.6 9.61994
      vertex -16.5 77 9.40192
      vertex -16.5 74.6 9.40192
    endloop
  endfacet
  facet normal -0.980815 0 0.19494
    outer loop
      vertex -15.1022 74.6 11.2235
      vertex -15.0257 77 11.6084
      vertex -15.1022 77 11.2235
    endloop
  endfacet
  facet normal -0.980815 0 0.19494
    outer loop
      vertex -15.0257 77 11.6084
      vertex -15.1022 74.6 11.2235
      vertex -15.0257 74.6 11.6084
    endloop
  endfacet
  facet normal 0.321651 1.51699e-18 -0.946858
    outer loop
      vertex -19.148 74.6 14.7716
      vertex -18.7765 77 14.8978
      vertex -18.7765 74.6 14.8978
    endloop
  endfacet
  facet normal 0.321651 1.51699e-18 -0.946858
    outer loop
      vertex -18.7765 77 14.8978
      vertex -19.148 74.6 14.7716
      vertex -19.148 77 14.7716
    endloop
  endfacet
  facet normal -0.321574 -2.0566e-18 -0.946885
    outer loop
      vertex -17.2235 74.6 14.8978
      vertex -16.8519 77 14.7716
      vertex -16.8519 74.6 14.7716
    endloop
  endfacet
  facet normal -0.321574 -2.0566e-18 -0.946885
    outer loop
      vertex -16.8519 77 14.7716
      vertex -17.2235 74.6 14.8978
      vertex -17.2235 77 14.8978
    endloop
  endfacet
  facet normal -0.831501 0 0.555523
    outer loop
      vertex -15.6199 74.6 10.1737
      vertex -15.4019 77 10.5
      vertex -15.6199 77 10.1737
    endloop
  endfacet
  facet normal -0.831501 0 0.555523
    outer loop
      vertex -15.4019 77 10.5
      vertex -15.6199 74.6 10.1737
      vertex -15.4019 74.6 10.5
    endloop
  endfacet
  facet normal 0.946885 -0 0.321574
    outer loop
      vertex -20.8978 74.6 11.2235
      vertex -20.7716 77 10.8519
      vertex -20.8978 77 11.2235
    endloop
  endfacet
  facet normal 0.946885 0 0.321574
    outer loop
      vertex -20.7716 77 10.8519
      vertex -20.8978 74.6 11.2235
      vertex -20.7716 74.6 10.8519
    endloop
  endfacet
  facet normal 0.555558 -2.10216e-18 0.831477
    outer loop
      vertex -19.8263 77 9.61994
      vertex -19.5 74.6 9.40192
      vertex -19.5 77 9.40192
    endloop
  endfacet
  facet normal 0.555558 -2.10216e-18 0.831477
    outer loop
      vertex -19.5 74.6 9.40192
      vertex -19.8263 77 9.61994
      vertex -19.8263 74.6 9.61994
    endloop
  endfacet
  facet normal 0.442233 1.7981e-18 0.8969
    outer loop
      vertex -19.5 77 9.40192
      vertex -19.148 74.6 9.22836
      vertex -19.148 77 9.22836
    endloop
  endfacet
  facet normal 0.442233 1.7981e-18 0.8969
    outer loop
      vertex -19.148 74.6 9.22836
      vertex -19.5 77 9.40192
      vertex -19.5 74.6 9.40192
    endloop
  endfacet
  facet normal -0.946885 0 0.321574
    outer loop
      vertex -15.2284 74.6 10.8519
      vertex -15.1022 77 11.2235
      vertex -15.2284 77 10.8519
    endloop
  endfacet
  facet normal -0.946885 0 0.321574
    outer loop
      vertex -15.1022 77 11.2235
      vertex -15.2284 74.6 10.8519
      vertex -15.1022 74.6 11.2235
    endloop
  endfacet
  facet normal 0.831501 0 -0.555523
    outer loop
      vertex -20.3801 74.6 13.8263
      vertex -20.5981 77 13.5
      vertex -20.3801 77 13.8263
    endloop
  endfacet
  facet normal 0.831501 0 -0.555523
    outer loop
      vertex -20.5981 77 13.5
      vertex -20.3801 74.6 13.8263
      vertex -20.5981 74.6 13.5
    endloop
  endfacet
  facet normal 0.659478 2.37738e-18 -0.751724
    outer loop
      vertex -20.1213 74.6 14.1213
      vertex -19.8263 77 14.3801
      vertex -19.8263 74.6 14.3801
    endloop
  endfacet
  facet normal 0.659478 2.37738e-18 -0.751724
    outer loop
      vertex -19.8263 77 14.3801
      vertex -20.1213 74.6 14.1213
      vertex -20.1213 77 14.1213
    endloop
  endfacet
  facet normal 0.0654112 2.13712e-19 0.997858
    outer loop
      vertex -18.3916 77 9.02567
      vertex -18 74.6 9
      vertex -18 77 9
    endloop
  endfacet
  facet normal 0.0654112 2.13712e-19 0.997858
    outer loop
      vertex -18 74.6 9
      vertex -18.3916 77 9.02567
      vertex -18.3916 74.6 9.02567
    endloop
  endfacet
  facet normal 0.896961 0 -0.44211
    outer loop
      vertex -20.5981 74.6 13.5
      vertex -20.7716 77 13.148
      vertex -20.5981 77 13.5
    endloop
  endfacet
  facet normal 0.896961 0 -0.44211
    outer loop
      vertex -20.7716 77 13.148
      vertex -20.5981 74.6 13.5
      vertex -20.7716 74.6 13.148
    endloop
  endfacet
  facet normal -0.0654873 -2.31974e-19 -0.997853
    outer loop
      vertex -18 74.6 15
      vertex -17.6084 77 14.9743
      vertex -17.6084 74.6 14.9743
    endloop
  endfacet
  facet normal -0.0654873 -2.31974e-19 -0.997853
    outer loop
      vertex -17.6084 77 14.9743
      vertex -18 74.6 15
      vertex -18 77 15
    endloop
  endfacet
  facet normal -0.0654112 -2.13712e-19 0.997858
    outer loop
      vertex -18 77 9
      vertex -17.6084 74.6 9.02567
      vertex -17.6084 77 9.02567
    endloop
  endfacet
  facet normal -0.0654112 -2.13712e-19 0.997858
    outer loop
      vertex -17.6084 74.6 9.02567
      vertex -18 77 9
      vertex -18 74.6 9
    endloop
  endfacet
  facet normal 0.321514 1.67453e-18 0.946905
    outer loop
      vertex -19.148 77 9.22836
      vertex -18.7765 74.6 9.10222
      vertex -18.7765 77 9.10222
    endloop
  endfacet
  facet normal 0.321514 1.67453e-18 0.946905
    outer loop
      vertex -18.7765 74.6 9.10222
      vertex -19.148 77 9.22836
      vertex -19.148 74.6 9.22836
    endloop
  endfacet
  facet normal -0.896911 0 0.442211
    outer loop
      vertex -15.4019 74.6 10.5
      vertex -15.2284 77 10.8519
      vertex -15.4019 77 10.5
    endloop
  endfacet
  facet normal -0.896911 0 0.442211
    outer loop
      vertex -15.2284 77 10.8519
      vertex -15.4019 74.6 10.5
      vertex -15.2284 74.6 10.8519
    endloop
  endfacet
  facet normal 0.659392 5.98337e-18 0.751799
    outer loop
      vertex -20.1213 77 9.87868
      vertex -19.8263 74.6 9.61994
      vertex -19.8263 77 9.61994
    endloop
  endfacet
  facet normal 0.659392 5.98337e-18 0.751799
    outer loop
      vertex -19.8263 74.6 9.61994
      vertex -20.1213 77 9.87868
      vertex -20.1213 74.6 9.87868
    endloop
  endfacet
  facet normal 0.751724 0 -0.659478
    outer loop
      vertex -20.1213 74.6 14.1213
      vertex -20.3801 77 13.8263
      vertex -20.1213 77 14.1213
    endloop
  endfacet
  facet normal 0.751724 0 -0.659478
    outer loop
      vertex -20.3801 77 13.8263
      vertex -20.1213 74.6 14.1213
      vertex -20.3801 74.6 13.8263
    endloop
  endfacet
  facet normal -0.195062 3.79298e-19 0.980791
    outer loop
      vertex 18.3916 77 9.02567
      vertex 18.7765 74.6 9.10222
      vertex 18.7765 77 9.10222
    endloop
  endfacet
  facet normal -0.195062 3.79298e-19 0.980791
    outer loop
      vertex 18.7765 74.6 9.10222
      vertex 18.3916 77 9.02567
      vertex 18.3916 74.6 9.02567
    endloop
  endfacet
  facet normal -0.980815 0 -0.19494
    outer loop
      vertex 20.9743 74.6 12.3916
      vertex 20.8978 77 12.7765
      vertex 20.9743 77 12.3916
    endloop
  endfacet
  facet normal -0.980815 -0 -0.19494
    outer loop
      vertex 20.8978 77 12.7765
      vertex 20.9743 74.6 12.3916
      vertex 20.8978 74.6 12.7765
    endloop
  endfacet
  facet normal -0.997853 0 -0.0654873
    outer loop
      vertex 21 74.6 12
      vertex 20.9743 77 12.3916
      vertex 21 77 12
    endloop
  endfacet
  facet normal -0.997853 -0 -0.0654873
    outer loop
      vertex 20.9743 77 12.3916
      vertex 21 74.6 12
      vertex 20.9743 74.6 12.3916
    endloop
  endfacet
  facet normal 0.442211 3.13474e-18 -0.896911
    outer loop
      vertex 16.5 74.6 14.5981
      vertex 16.8519 77 14.7716
      vertex 16.8519 74.6 14.7716
    endloop
  endfacet
  facet normal 0.442211 3.13474e-18 -0.896911
    outer loop
      vertex 16.8519 77 14.7716
      vertex 16.5 74.6 14.5981
      vertex 16.5 77 14.5981
    endloop
  endfacet
  facet normal -0.946858 0 -0.321651
    outer loop
      vertex 20.8978 74.6 12.7765
      vertex 20.7716 77 13.148
      vertex 20.8978 77 12.7765
    endloop
  endfacet
  facet normal -0.946858 -0 -0.321651
    outer loop
      vertex 20.7716 77 13.148
      vertex 20.8978 74.6 12.7765
      vertex 20.7716 74.6 13.148
    endloop
  endfacet
  facet normal -0.997853 0 0.0654873
    outer loop
      vertex 20.9743 74.6 11.6084
      vertex 21 77 12
      vertex 20.9743 77 11.6084
    endloop
  endfacet
  facet normal -0.997853 0 0.0654873
    outer loop
      vertex 21 77 12
      vertex 20.9743 74.6 11.6084
      vertex 21 74.6 12
    endloop
  endfacet
  facet normal -0.659478 -2.37738e-18 -0.751724
    outer loop
      vertex 19.8263 74.6 14.3801
      vertex 20.1213 77 14.1213
      vertex 20.1213 74.6 14.1213
    endloop
  endfacet
  facet normal -0.659478 -2.37738e-18 -0.751724
    outer loop
      vertex 20.1213 77 14.1213
      vertex 19.8263 74.6 14.3801
      vertex 19.8263 77 14.3801
    endloop
  endfacet
  facet normal -0.0654873 -2.31974e-19 -0.997853
    outer loop
      vertex 18 74.6 15
      vertex 18.3916 77 14.9743
      vertex 18.3916 74.6 14.9743
    endloop
  endfacet
  facet normal -0.0654873 -2.31974e-19 -0.997853
    outer loop
      vertex 18.3916 77 14.9743
      vertex 18 74.6 15
      vertex 18 77 15
    endloop
  endfacet
  facet normal 0.946858 0 -0.321651
    outer loop
      vertex 15.2284 74.6 13.148
      vertex 15.1022 77 12.7765
      vertex 15.2284 77 13.148
    endloop
  endfacet
  facet normal 0.946858 0 -0.321651
    outer loop
      vertex 15.1022 77 12.7765
      vertex 15.2284 74.6 13.148
      vertex 15.1022 74.6 12.7765
    endloop
  endfacet
  facet normal -0.831501 0 0.555523
    outer loop
      vertex 20.3801 74.6 10.1737
      vertex 20.5981 77 10.5
      vertex 20.3801 77 10.1737
    endloop
  endfacet
  facet normal -0.831501 0 0.555523
    outer loop
      vertex 20.5981 77 10.5
      vertex 20.3801 74.6 10.1737
      vertex 20.5981 74.6 10.5
    endloop
  endfacet
  facet normal 0.0654873 2.31974e-19 -0.997853
    outer loop
      vertex 17.6084 74.6 14.9743
      vertex 18 77 15
      vertex 18 74.6 15
    endloop
  endfacet
  facet normal 0.0654873 2.31974e-19 -0.997853
    outer loop
      vertex 18 77 15
      vertex 17.6084 74.6 14.9743
      vertex 17.6084 77 14.9743
    endloop
  endfacet
  facet normal 0.195062 -3.79298e-19 0.980791
    outer loop
      vertex 17.2235 77 9.10222
      vertex 17.6084 74.6 9.02567
      vertex 17.6084 77 9.02567
    endloop
  endfacet
  facet normal 0.195062 -3.79298e-19 0.980791
    outer loop
      vertex 17.6084 74.6 9.02567
      vertex 17.2235 77 9.10222
      vertex 17.2235 74.6 9.10222
    endloop
  endfacet
  facet normal -0.896911 0 0.442211
    outer loop
      vertex 20.5981 74.6 10.5
      vertex 20.7716 77 10.8519
      vertex 20.5981 77 10.5
    endloop
  endfacet
  facet normal -0.896911 0 0.442211
    outer loop
      vertex 20.7716 77 10.8519
      vertex 20.5981 74.6 10.5
      vertex 20.7716 74.6 10.8519
    endloop
  endfacet
  facet normal 0.997853 -0 0.0654873
    outer loop
      vertex 15 74.6 12
      vertex 15.0257 77 11.6084
      vertex 15 77 12
    endloop
  endfacet
  facet normal 0.997853 0 0.0654873
    outer loop
      vertex 15.0257 77 11.6084
      vertex 15 74.6 12
      vertex 15.0257 74.6 11.6084
    endloop
  endfacet
  facet normal 0.19494 1.08553e-18 -0.980815
    outer loop
      vertex 17.2235 74.6 14.8978
      vertex 17.6084 77 14.9743
      vertex 17.6084 74.6 14.9743
    endloop
  endfacet
  facet normal 0.19494 1.08553e-18 -0.980815
    outer loop
      vertex 17.6084 77 14.9743
      vertex 17.2235 74.6 14.8978
      vertex 17.2235 77 14.8978
    endloop
  endfacet
  facet normal 0.997853 0 -0.0654873
    outer loop
      vertex 15.0257 74.6 12.3916
      vertex 15 77 12
      vertex 15.0257 77 12.3916
    endloop
  endfacet
  facet normal 0.997853 0 -0.0654873
    outer loop
      vertex 15 77 12
      vertex 15.0257 74.6 12.3916
      vertex 15 74.6 12
    endloop
  endfacet
  facet normal 0.946885 -0 0.321574
    outer loop
      vertex 15.1022 74.6 11.2235
      vertex 15.2284 77 10.8519
      vertex 15.1022 77 11.2235
    endloop
  endfacet
  facet normal 0.946885 0 0.321574
    outer loop
      vertex 15.2284 77 10.8519
      vertex 15.1022 74.6 11.2235
      vertex 15.2284 74.6 10.8519
    endloop
  endfacet
  facet normal 0.896961 0 -0.44211
    outer loop
      vertex 15.4019 74.6 13.5
      vertex 15.2284 77 13.148
      vertex 15.4019 77 13.5
    endloop
  endfacet
  facet normal 0.896961 0 -0.44211
    outer loop
      vertex 15.2284 77 13.148
      vertex 15.4019 74.6 13.5
      vertex 15.2284 74.6 13.148
    endloop
  endfacet
  facet normal 0.831501 -0 0.555523
    outer loop
      vertex 15.4019 74.6 10.5
      vertex 15.6199 77 10.1737
      vertex 15.4019 77 10.5
    endloop
  endfacet
  facet normal 0.831501 0 0.555523
    outer loop
      vertex 15.6199 77 10.1737
      vertex 15.4019 74.6 10.5
      vertex 15.6199 74.6 10.1737
    endloop
  endfacet
  facet normal 0.321574 2.0566e-18 -0.946885
    outer loop
      vertex 16.8519 74.6 14.7716
      vertex 17.2235 77 14.8978
      vertex 17.2235 74.6 14.8978
    endloop
  endfacet
  facet normal 0.321574 2.0566e-18 -0.946885
    outer loop
      vertex 17.2235 77 14.8978
      vertex 16.8519 74.6 14.7716
      vertex 16.8519 77 14.7716
    endloop
  endfacet
  facet normal 0.831501 0 -0.555523
    outer loop
      vertex 15.6199 74.6 13.8263
      vertex 15.4019 77 13.5
      vertex 15.6199 77 13.8263
    endloop
  endfacet
  facet normal 0.831501 0 -0.555523
    outer loop
      vertex 15.4019 77 13.5
      vertex 15.6199 74.6 13.8263
      vertex 15.4019 74.6 13.5
    endloop
  endfacet
  facet normal -0.831501 0 -0.555523
    outer loop
      vertex 20.5981 74.6 13.5
      vertex 20.3801 77 13.8263
      vertex 20.5981 77 13.5
    endloop
  endfacet
  facet normal -0.831501 -0 -0.555523
    outer loop
      vertex 20.3801 77 13.8263
      vertex 20.5981 74.6 13.5
      vertex 20.3801 74.6 13.8263
    endloop
  endfacet
  facet normal -0.555523 -6.30278e-18 -0.831501
    outer loop
      vertex 19.5 74.6 14.5981
      vertex 19.8263 77 14.3801
      vertex 19.8263 74.6 14.3801
    endloop
  endfacet
  facet normal -0.555523 -6.30278e-18 -0.831501
    outer loop
      vertex 19.8263 77 14.3801
      vertex 19.5 74.6 14.5981
      vertex 19.5 77 14.5981
    endloop
  endfacet
  facet normal -0.980815 0 0.19494
    outer loop
      vertex 20.8978 74.6 11.2235
      vertex 20.9743 77 11.6084
      vertex 20.8978 77 11.2235
    endloop
  endfacet
  facet normal -0.980815 0 0.19494
    outer loop
      vertex 20.9743 77 11.6084
      vertex 20.8978 74.6 11.2235
      vertex 20.9743 74.6 11.6084
    endloop
  endfacet
  facet normal 0.751724 0 -0.659478
    outer loop
      vertex 15.8787 74.6 14.1213
      vertex 15.6199 77 13.8263
      vertex 15.8787 77 14.1213
    endloop
  endfacet
  facet normal 0.751724 0 -0.659478
    outer loop
      vertex 15.6199 77 13.8263
      vertex 15.8787 74.6 14.1213
      vertex 15.6199 74.6 13.8263
    endloop
  endfacet
  facet normal 0.980815 0 -0.19494
    outer loop
      vertex 15.1022 74.6 12.7765
      vertex 15.0257 77 12.3916
      vertex 15.1022 77 12.7765
    endloop
  endfacet
  facet normal 0.980815 0 -0.19494
    outer loop
      vertex 15.0257 77 12.3916
      vertex 15.1022 74.6 12.7765
      vertex 15.0257 74.6 12.3916
    endloop
  endfacet
  facet normal -0.19494 -1.08553e-18 -0.980815
    outer loop
      vertex 18.3916 74.6 14.9743
      vertex 18.7765 77 14.8978
      vertex 18.7765 74.6 14.8978
    endloop
  endfacet
  facet normal -0.19494 -1.08553e-18 -0.980815
    outer loop
      vertex 18.7765 77 14.8978
      vertex 18.3916 74.6 14.9743
      vertex 18.3916 77 14.9743
    endloop
  endfacet
  facet normal -0.44211 2.34859e-18 -0.896961
    outer loop
      vertex 19.148 74.6 14.7716
      vertex 19.5 77 14.5981
      vertex 19.5 74.6 14.5981
    endloop
  endfacet
  facet normal -0.44211 2.34859e-18 -0.896961
    outer loop
      vertex 19.5 77 14.5981
      vertex 19.148 74.6 14.7716
      vertex 19.148 77 14.7716
    endloop
  endfacet
  facet normal -0.0654112 -2.13712e-19 0.997858
    outer loop
      vertex 18 77 9
      vertex 18.3916 74.6 9.02567
      vertex 18.3916 77 9.02567
    endloop
  endfacet
  facet normal -0.0654112 -2.13712e-19 0.997858
    outer loop
      vertex 18.3916 74.6 9.02567
      vertex 18 77 9
      vertex 18 74.6 9
    endloop
  endfacet
  facet normal 0.555558 -2.10216e-18 0.831477
    outer loop
      vertex 16.1737 77 9.61994
      vertex 16.5 74.6 9.40192
      vertex 16.5 77 9.40192
    endloop
  endfacet
  facet normal 0.555558 -2.10216e-18 0.831477
    outer loop
      vertex 16.5 74.6 9.40192
      vertex 16.1737 77 9.61994
      vertex 16.1737 74.6 9.61994
    endloop
  endfacet
  facet normal -0.321514 -1.67453e-18 0.946905
    outer loop
      vertex 18.7765 77 9.10222
      vertex 19.148 74.6 9.22836
      vertex 19.148 77 9.22836
    endloop
  endfacet
  facet normal -0.321514 -1.67453e-18 0.946905
    outer loop
      vertex 19.148 74.6 9.22836
      vertex 18.7765 77 9.10222
      vertex 18.7765 74.6 9.10222
    endloop
  endfacet
  facet normal -0.321651 -1.51699e-18 -0.946858
    outer loop
      vertex 18.7765 74.6 14.8978
      vertex 19.148 77 14.7716
      vertex 19.148 74.6 14.7716
    endloop
  endfacet
  facet normal -0.321651 -1.51699e-18 -0.946858
    outer loop
      vertex 19.148 77 14.7716
      vertex 18.7765 74.6 14.8978
      vertex 18.7765 77 14.8978
    endloop
  endfacet
  facet normal -0.659392 -5.98337e-18 0.751799
    outer loop
      vertex 19.8263 77 9.61994
      vertex 20.1213 74.6 9.87868
      vertex 20.1213 77 9.87868
    endloop
  endfacet
  facet normal -0.659392 -5.98337e-18 0.751799
    outer loop
      vertex 20.1213 74.6 9.87868
      vertex 19.8263 77 9.61994
      vertex 19.8263 74.6 9.61994
    endloop
  endfacet
  facet normal -0.555558 2.10216e-18 0.831477
    outer loop
      vertex 19.5 77 9.40192
      vertex 19.8263 74.6 9.61994
      vertex 19.8263 77 9.61994
    endloop
  endfacet
  facet normal -0.555558 2.10216e-18 0.831477
    outer loop
      vertex 19.8263 74.6 9.61994
      vertex 19.5 77 9.40192
      vertex 19.5 74.6 9.40192
    endloop
  endfacet
  facet normal -0.896961 0 -0.44211
    outer loop
      vertex 20.7716 74.6 13.148
      vertex 20.5981 77 13.5
      vertex 20.7716 77 13.148
    endloop
  endfacet
  facet normal -0.896961 -0 -0.44211
    outer loop
      vertex 20.5981 77 13.5
      vertex 20.7716 74.6 13.148
      vertex 20.5981 74.6 13.5
    endloop
  endfacet
  facet normal 0.980815 -0 0.19494
    outer loop
      vertex 15.0257 74.6 11.6084
      vertex 15.1022 77 11.2235
      vertex 15.0257 77 11.6084
    endloop
  endfacet
  facet normal 0.980815 0 0.19494
    outer loop
      vertex 15.1022 77 11.2235
      vertex 15.0257 74.6 11.6084
      vertex 15.1022 74.6 11.2235
    endloop
  endfacet
  facet normal 0.659392 -7.00345e-18 0.751799
    outer loop
      vertex 15.8787 77 9.87868
      vertex 16.1737 74.6 9.61994
      vertex 16.1737 77 9.61994
    endloop
  endfacet
  facet normal 0.659392 -7.00345e-18 0.751799
    outer loop
      vertex 16.1737 74.6 9.61994
      vertex 15.8787 77 9.87868
      vertex 15.8787 74.6 9.87868
    endloop
  endfacet
  facet normal -0.751746 0 0.659453
    outer loop
      vertex 20.1213 74.6 9.87868
      vertex 20.3801 77 10.1737
      vertex 20.1213 77 9.87868
    endloop
  endfacet
  facet normal -0.751746 0 0.659453
    outer loop
      vertex 20.3801 77 10.1737
      vertex 20.1213 74.6 9.87868
      vertex 20.3801 74.6 10.1737
    endloop
  endfacet
  facet normal 0.896911 -0 0.442211
    outer loop
      vertex 15.2284 74.6 10.8519
      vertex 15.4019 77 10.5
      vertex 15.2284 77 10.8519
    endloop
  endfacet
  facet normal 0.896911 0 0.442211
    outer loop
      vertex 15.4019 77 10.5
      vertex 15.2284 74.6 10.8519
      vertex 15.4019 74.6 10.5
    endloop
  endfacet
  facet normal 0.0654112 2.13712e-19 0.997858
    outer loop
      vertex 17.6084 77 9.02567
      vertex 18 74.6 9
      vertex 18 77 9
    endloop
  endfacet
  facet normal 0.0654112 2.13712e-19 0.997858
    outer loop
      vertex 18 74.6 9
      vertex 17.6084 77 9.02567
      vertex 17.6084 74.6 9.02567
    endloop
  endfacet
  facet normal -0.751724 0 -0.659478
    outer loop
      vertex 20.3801 74.6 13.8263
      vertex 20.1213 77 14.1213
      vertex 20.3801 77 13.8263
    endloop
  endfacet
  facet normal -0.751724 -0 -0.659478
    outer loop
      vertex 20.1213 77 14.1213
      vertex 20.3801 74.6 13.8263
      vertex 20.1213 74.6 14.1213
    endloop
  endfacet
  facet normal 0.555523 6.30278e-18 -0.831501
    outer loop
      vertex 16.1737 74.6 14.3801
      vertex 16.5 77 14.5981
      vertex 16.5 74.6 14.5981
    endloop
  endfacet
  facet normal 0.555523 6.30278e-18 -0.831501
    outer loop
      vertex 16.5 77 14.5981
      vertex 16.1737 74.6 14.3801
      vertex 16.1737 77 14.3801
    endloop
  endfacet
  facet normal -0.442233 -1.7981e-18 0.8969
    outer loop
      vertex 19.148 77 9.22836
      vertex 19.5 74.6 9.40192
      vertex 19.5 77 9.40192
    endloop
  endfacet
  facet normal -0.442233 -1.7981e-18 0.8969
    outer loop
      vertex 19.5 74.6 9.40192
      vertex 19.148 77 9.22836
      vertex 19.148 74.6 9.22836
    endloop
  endfacet
  facet normal 0.321437 -2.75899e-18 0.946931
    outer loop
      vertex 16.8519 77 9.22836
      vertex 17.2235 74.6 9.10222
      vertex 17.2235 77 9.10222
    endloop
  endfacet
  facet normal 0.321437 -2.75899e-18 0.946931
    outer loop
      vertex 17.2235 74.6 9.10222
      vertex 16.8519 77 9.22836
      vertex 16.8519 74.6 9.22836
    endloop
  endfacet
  facet normal -0.946885 0 0.321574
    outer loop
      vertex 20.7716 74.6 10.8519
      vertex 20.8978 77 11.2235
      vertex 20.7716 77 10.8519
    endloop
  endfacet
  facet normal -0.946885 0 0.321574
    outer loop
      vertex 20.8978 77 11.2235
      vertex 20.7716 74.6 10.8519
      vertex 20.8978 74.6 11.2235
    endloop
  endfacet
  facet normal 0.659478 5.14894e-19 -0.751724
    outer loop
      vertex 15.8787 74.6 14.1213
      vertex 16.1737 77 14.3801
      vertex 16.1737 74.6 14.3801
    endloop
  endfacet
  facet normal 0.659478 5.14894e-19 -0.751724
    outer loop
      vertex 16.1737 77 14.3801
      vertex 15.8787 74.6 14.1213
      vertex 15.8787 77 14.1213
    endloop
  endfacet
  facet normal 0.442334 -2.10104e-19 0.89685
    outer loop
      vertex 16.5 77 9.40192
      vertex 16.8519 74.6 9.22836
      vertex 16.8519 77 9.22836
    endloop
  endfacet
  facet normal 0.442334 -2.10104e-19 0.89685
    outer loop
      vertex 16.8519 74.6 9.22836
      vertex 16.5 77 9.40192
      vertex 16.5 74.6 9.40192
    endloop
  endfacet
  facet normal 0.751746 -0 0.659453
    outer loop
      vertex 15.6199 74.6 10.1737
      vertex 15.8787 77 9.87868
      vertex 15.6199 77 10.1737
    endloop
  endfacet
  facet normal 0.751746 0 0.659453
    outer loop
      vertex 15.8787 77 9.87868
      vertex 15.6199 74.6 10.1737
      vertex 15.8787 74.6 9.87868
    endloop
  endfacet
  facet normal 3.1521e-20 0.99787 0.0652402
    outer loop
      vertex -34.6 55.2564 9.90211
      vertex -37 55.25 10
      vertex -34.6 55.25 10
    endloop
  endfacet
  facet normal 3.1521e-20 0.99787 0.0652402
    outer loop
      vertex -37 55.25 10
      vertex -34.6 55.2564 9.90211
      vertex -37 55.2564 9.90211
    endloop
  endfacet
  facet normal 0 -0.321391 0.946947
    outer loop
      vertex -37 56.287 9.30709
      vertex -34.6 56.1941 9.27556
      vertex -34.6 56.287 9.30709
    endloop
  endfacet
  facet normal 0 -0.321391 0.946947
    outer loop
      vertex -34.6 56.1941 9.27556
      vertex -37 56.287 9.30709
      vertex -37 56.1941 9.27556
    endloop
  endfacet
  facet normal 0 -0.321117 -0.94704
    outer loop
      vertex -37 56.1941 10.7244
      vertex -34.6 56.287 10.6929
      vertex -34.6 56.1941 10.7244
    endloop
  endfacet
  facet normal -0 -0.321117 -0.94704
    outer loop
      vertex -34.6 56.287 10.6929
      vertex -37 56.1941 10.7244
      vertex -37 56.287 10.6929
    endloop
  endfacet
  facet normal 0 -0.0652336 -0.99787
    outer loop
      vertex -37 56 10.75
      vertex -34.6 56.0979 10.7436
      vertex -34.6 56 10.75
    endloop
  endfacet
  facet normal -0 -0.0652336 -0.99787
    outer loop
      vertex -34.6 56.0979 10.7436
      vertex -37 56 10.75
      vertex -37 56.0979 10.7436
    endloop
  endfacet
  facet normal 0 -0.0654366 0.997857
    outer loop
      vertex -37 56.0979 9.25642
      vertex -34.6 56 9.25
      vertex -34.6 56.0979 9.25642
    endloop
  endfacet
  facet normal 0 -0.0654366 0.997857
    outer loop
      vertex -34.6 56 9.25
      vertex -37 56.0979 9.25642
      vertex -37 56 9.25
    endloop
  endfacet
  facet normal 1.10906e-19 0.980667 0.195685
    outer loop
      vertex -34.6 55.2756 9.80589
      vertex -37 55.2564 9.90211
      vertex -34.6 55.2564 9.90211
    endloop
  endfacet
  facet normal 1.10906e-19 0.980667 0.195685
    outer loop
      vertex -37 55.2564 9.90211
      vertex -34.6 55.2756 9.80589
      vertex -37 55.2756 9.80589
    endloop
  endfacet
  facet normal -1.03575e-19 -0.99787 -0.0652336
    outer loop
      vertex -37 56.75 10
      vertex -34.6 56.7436 10.0979
      vertex -37 56.7436 10.0979
    endloop
  endfacet
  facet normal -1.03575e-19 -0.99787 -0.0652336
    outer loop
      vertex -34.6 56.7436 10.0979
      vertex -37 56.75 10
      vertex -34.6 56.75 10
    endloop
  endfacet
  facet normal 0 -0.659673 0.751552
    outer loop
      vertex -37 56.5303 9.46967
      vertex -34.6 56.4566 9.40498
      vertex -34.6 56.5303 9.46967
    endloop
  endfacet
  facet normal 0 -0.659673 0.751552
    outer loop
      vertex -34.6 56.4566 9.40498
      vertex -37 56.5303 9.46967
      vertex -37 56.4566 9.40498
    endloop
  endfacet
  facet normal -0 0.442233 0.8969
    outer loop
      vertex -37 55.713 9.30709
      vertex -34.6 55.625 9.35048
      vertex -34.6 55.713 9.30709
    endloop
  endfacet
  facet normal 0 0.442233 0.8969
    outer loop
      vertex -34.6 55.625 9.35048
      vertex -37 55.713 9.30709
      vertex -37 55.625 9.35048
    endloop
  endfacet
  facet normal 0 -0.555406 0.83158
    outer loop
      vertex -37 56.4566 9.40498
      vertex -34.6 56.375 9.35048
      vertex -34.6 56.4566 9.40498
    endloop
  endfacet
  facet normal 0 -0.555406 0.83158
    outer loop
      vertex -34.6 56.375 9.35048
      vertex -37 56.4566 9.40498
      vertex -37 56.375 9.35048
    endloop
  endfacet
  facet normal 0 -0.442233 0.8969
    outer loop
      vertex -37 56.375 9.35048
      vertex -34.6 56.287 9.30709
      vertex -34.6 56.375 9.35048
    endloop
  endfacet
  facet normal 0 -0.442233 0.8969
    outer loop
      vertex -34.6 56.287 9.30709
      vertex -37 56.375 9.35048
      vertex -37 56.287 9.30709
    endloop
  endfacet
  facet normal 0 -0.659731 -0.751502
    outer loop
      vertex -37 56.4566 10.595
      vertex -34.6 56.5303 10.5303
      vertex -34.6 56.4566 10.595
    endloop
  endfacet
  facet normal -0 -0.659731 -0.751502
    outer loop
      vertex -34.6 56.5303 10.5303
      vertex -37 56.4566 10.595
      vertex -37 56.5303 10.5303
    endloop
  endfacet
  facet normal -0 0.0654366 0.997857
    outer loop
      vertex -37 56 9.25
      vertex -34.6 55.9021 9.25642
      vertex -34.6 56 9.25
    endloop
  endfacet
  facet normal 0 0.0654366 0.997857
    outer loop
      vertex -34.6 55.9021 9.25642
      vertex -37 56 9.25
      vertex -37 55.9021 9.25642
    endloop
  endfacet
  facet normal 0 0.659731 -0.751502
    outer loop
      vertex -37 55.4697 10.5303
      vertex -34.6 55.5434 10.595
      vertex -34.6 55.4697 10.5303
    endloop
  endfacet
  facet normal 0 0.659731 -0.751502
    outer loop
      vertex -34.6 55.5434 10.595
      vertex -37 55.4697 10.5303
      vertex -37 55.5434 10.595
    endloop
  endfacet
  facet normal -1.10906e-19 -0.980667 0.195685
    outer loop
      vertex -37 56.7244 9.80589
      vertex -34.6 56.7436 9.90211
      vertex -37 56.7436 9.90211
    endloop
  endfacet
  facet normal -1.10906e-19 -0.980667 0.195685
    outer loop
      vertex -34.6 56.7436 9.90211
      vertex -37 56.7244 9.80589
      vertex -34.6 56.7244 9.80589
    endloop
  endfacet
  facet normal -0 0.195136 0.980776
    outer loop
      vertex -37 55.9021 9.25642
      vertex -34.6 55.8059 9.27556
      vertex -34.6 55.9021 9.25642
    endloop
  endfacet
  facet normal 0 0.195136 0.980776
    outer loop
      vertex -34.6 55.8059 9.27556
      vertex -37 55.9021 9.25642
      vertex -37 55.8059 9.27556
    endloop
  endfacet
  facet normal 0 -0.555406 -0.83158
    outer loop
      vertex -37 56.375 10.6495
      vertex -34.6 56.4566 10.595
      vertex -34.6 56.375 10.6495
    endloop
  endfacet
  facet normal -0 -0.555406 -0.83158
    outer loop
      vertex -34.6 56.4566 10.595
      vertex -37 56.375 10.6495
      vertex -37 56.4566 10.595
    endloop
  endfacet
  facet normal 0 0.321117 -0.94704
    outer loop
      vertex -37 55.713 10.6929
      vertex -34.6 55.8059 10.7244
      vertex -34.6 55.713 10.6929
    endloop
  endfacet
  facet normal 0 0.321117 -0.94704
    outer loop
      vertex -34.6 55.8059 10.7244
      vertex -37 55.713 10.6929
      vertex -37 55.8059 10.7244
    endloop
  endfacet
  facet normal -8.94065e-20 -0.89684 0.442355
    outer loop
      vertex -37 56.6495 9.625
      vertex -34.6 56.6929 9.71299
      vertex -37 56.6929 9.71299
    endloop
  endfacet
  facet normal -8.94065e-20 -0.89684 0.442355
    outer loop
      vertex -34.6 56.6929 9.71299
      vertex -37 56.6495 9.625
      vertex -34.6 56.6495 9.625
    endloop
  endfacet
  facet normal 4.22613e-19 -0.89686 -0.442315
    outer loop
      vertex -37 56.6929 10.287
      vertex -34.6 56.6495 10.375
      vertex -37 56.6495 10.375
    endloop
  endfacet
  facet normal 4.22613e-19 -0.89686 -0.442315
    outer loop
      vertex -34.6 56.6495 10.375
      vertex -37 56.6929 10.287
      vertex -34.6 56.6929 10.287
    endloop
  endfacet
  facet normal 5.56447e-22 -0.980659 -0.195724
    outer loop
      vertex -37 56.7436 10.0979
      vertex -34.6 56.7244 10.1941
      vertex -37 56.7244 10.1941
    endloop
  endfacet
  facet normal 5.56447e-22 -0.980659 -0.195724
    outer loop
      vertex -34.6 56.7244 10.1941
      vertex -37 56.7436 10.0979
      vertex -34.6 56.7436 10.0979
    endloop
  endfacet
  facet normal -7.87706e-19 -0.831485 0.555547
    outer loop
      vertex -37 56.595 9.54343
      vertex -34.6 56.6495 9.625
      vertex -37 56.6495 9.625
    endloop
  endfacet
  facet normal -7.87706e-19 -0.831485 0.555547
    outer loop
      vertex -34.6 56.6495 9.625
      vertex -37 56.595 9.54343
      vertex -34.6 56.595 9.54343
    endloop
  endfacet
  facet normal -1.36456e-18 0.751502 -0.659731
    outer loop
      vertex -34.6 55.405 10.4566
      vertex -37 55.4697 10.5303
      vertex -34.6 55.4697 10.5303
    endloop
  endfacet
  facet normal -1.36456e-18 0.751502 -0.659731
    outer loop
      vertex -37 55.4697 10.5303
      vertex -34.6 55.405 10.4566
      vertex -37 55.405 10.4566
    endloop
  endfacet
  facet normal -0 0.321391 0.946947
    outer loop
      vertex -37 55.8059 9.27556
      vertex -34.6 55.713 9.30709
      vertex -34.6 55.8059 9.27556
    endloop
  endfacet
  facet normal 0 0.321391 0.946947
    outer loop
      vertex -34.6 55.713 9.30709
      vertex -37 55.8059 9.27556
      vertex -37 55.713 9.30709
    endloop
  endfacet
  facet normal 2.42484e-19 0.94704 0.321117
    outer loop
      vertex -34.6 55.3071 9.71299
      vertex -37 55.2756 9.80589
      vertex -34.6 55.2756 9.80589
    endloop
  endfacet
  facet normal 2.42484e-19 0.94704 0.321117
    outer loop
      vertex -37 55.2756 9.80589
      vertex -34.6 55.3071 9.71299
      vertex -37 55.3071 9.71299
    endloop
  endfacet
  facet normal 0 0.0652336 -0.99787
    outer loop
      vertex -37 55.9021 10.7436
      vertex -34.6 56 10.75
      vertex -34.6 55.9021 10.7436
    endloop
  endfacet
  facet normal 0 0.0652336 -0.99787
    outer loop
      vertex -34.6 56 10.75
      vertex -37 55.9021 10.7436
      vertex -37 56 10.75
    endloop
  endfacet
  facet normal -1.41977e-18 -0.751768 0.659428
    outer loop
      vertex -37 56.5303 9.46967
      vertex -34.6 56.595 9.54343
      vertex -37 56.595 9.54343
    endloop
  endfacet
  facet normal -1.41977e-18 -0.751768 0.659428
    outer loop
      vertex -34.6 56.595 9.54343
      vertex -37 56.5303 9.46967
      vertex -34.6 56.5303 9.46967
    endloop
  endfacet
  facet normal -2.42484e-19 -0.94704 0.321117
    outer loop
      vertex -37 56.6929 9.71299
      vertex -34.6 56.7244 9.80589
      vertex -37 56.7244 9.80589
    endloop
  endfacet
  facet normal -2.42484e-19 -0.94704 0.321117
    outer loop
      vertex -34.6 56.7244 9.80589
      vertex -37 56.6929 9.71299
      vertex -34.6 56.6929 9.71299
    endloop
  endfacet
  facet normal 0 -0.195136 0.980776
    outer loop
      vertex -37 56.1941 9.27556
      vertex -34.6 56.0979 9.25642
      vertex -34.6 56.1941 9.27556
    endloop
  endfacet
  facet normal 0 -0.195136 0.980776
    outer loop
      vertex -34.6 56.0979 9.25642
      vertex -37 56.1941 9.27556
      vertex -37 56.0979 9.25642
    endloop
  endfacet
  facet normal -0 0.555406 0.83158
    outer loop
      vertex -37 55.625 9.35048
      vertex -34.6 55.5434 9.40498
      vertex -34.6 55.625 9.35048
    endloop
  endfacet
  facet normal 0 0.555406 0.83158
    outer loop
      vertex -34.6 55.5434 9.40498
      vertex -37 55.625 9.35048
      vertex -37 55.5434 9.40498
    endloop
  endfacet
  facet normal 2.42484e-19 -0.94704 -0.321117
    outer loop
      vertex -37 56.7244 10.1941
      vertex -34.6 56.6929 10.287
      vertex -37 56.6929 10.287
    endloop
  endfacet
  facet normal 2.42484e-19 -0.94704 -0.321117
    outer loop
      vertex -34.6 56.6929 10.287
      vertex -37 56.7244 10.1941
      vertex -34.6 56.7244 10.1941
    endloop
  endfacet
  facet normal 8.94065e-20 0.89684 0.442355
    outer loop
      vertex -34.6 55.3505 9.625
      vertex -37 55.3071 9.71299
      vertex -34.6 55.3071 9.71299
    endloop
  endfacet
  facet normal 8.94065e-20 0.89684 0.442355
    outer loop
      vertex -37 55.3071 9.71299
      vertex -34.6 55.3505 9.625
      vertex -37 55.3505 9.625
    endloop
  endfacet
  facet normal 1.36456e-18 -0.751502 -0.659731
    outer loop
      vertex -37 56.595 10.4566
      vertex -34.6 56.5303 10.5303
      vertex -37 56.5303 10.5303
    endloop
  endfacet
  facet normal 1.36456e-18 -0.751502 -0.659731
    outer loop
      vertex -34.6 56.5303 10.5303
      vertex -37 56.595 10.4566
      vertex -34.6 56.595 10.4566
    endloop
  endfacet
  facet normal 1.41977e-18 0.751768 0.659428
    outer loop
      vertex -34.6 55.4697 9.46967
      vertex -37 55.405 9.54343
      vertex -34.6 55.405 9.54343
    endloop
  endfacet
  facet normal 1.41977e-18 0.751768 0.659428
    outer loop
      vertex -37 55.405 9.54343
      vertex -34.6 55.4697 9.46967
      vertex -37 55.4697 9.46967
    endloop
  endfacet
  facet normal 0 0.442315 -0.89686
    outer loop
      vertex -37 55.625 10.6495
      vertex -34.6 55.713 10.6929
      vertex -34.6 55.625 10.6495
    endloop
  endfacet
  facet normal 0 0.442315 -0.89686
    outer loop
      vertex -34.6 55.713 10.6929
      vertex -37 55.625 10.6495
      vertex -37 55.713 10.6929
    endloop
  endfacet
  facet normal -3.1521e-20 -0.99787 0.0652402
    outer loop
      vertex -37 56.7436 9.90211
      vertex -34.6 56.75 10
      vertex -37 56.75 10
    endloop
  endfacet
  facet normal -3.1521e-20 -0.99787 0.0652402
    outer loop
      vertex -34.6 56.75 10
      vertex -37 56.7436 9.90211
      vertex -34.6 56.7436 9.90211
    endloop
  endfacet
  facet normal -4.22613e-19 0.89686 -0.442315
    outer loop
      vertex -34.6 55.3071 10.287
      vertex -37 55.3505 10.375
      vertex -34.6 55.3505 10.375
    endloop
  endfacet
  facet normal -4.22613e-19 0.89686 -0.442315
    outer loop
      vertex -37 55.3505 10.375
      vertex -34.6 55.3071 10.287
      vertex -37 55.3071 10.287
    endloop
  endfacet
  facet normal 0 0.555406 -0.83158
    outer loop
      vertex -37 55.5434 10.595
      vertex -34.6 55.625 10.6495
      vertex -34.6 55.5434 10.595
    endloop
  endfacet
  facet normal 0 0.555406 -0.83158
    outer loop
      vertex -34.6 55.625 10.6495
      vertex -37 55.5434 10.595
      vertex -37 55.625 10.6495
    endloop
  endfacet
  facet normal -0 0.659673 0.751552
    outer loop
      vertex -37 55.5434 9.40498
      vertex -34.6 55.4697 9.46967
      vertex -34.6 55.5434 9.40498
    endloop
  endfacet
  facet normal 0 0.659673 0.751552
    outer loop
      vertex -34.6 55.4697 9.46967
      vertex -37 55.5434 9.40498
      vertex -37 55.4697 9.46967
    endloop
  endfacet
  facet normal 7.87706e-19 0.831485 0.555547
    outer loop
      vertex -34.6 55.405 9.54343
      vertex -37 55.3505 9.625
      vertex -34.6 55.3505 9.625
    endloop
  endfacet
  facet normal 7.87706e-19 0.831485 0.555547
    outer loop
      vertex -37 55.3505 9.625
      vertex -34.6 55.405 9.54343
      vertex -37 55.405 9.54343
    endloop
  endfacet
  facet normal -1.42729e-18 -0.83158 -0.555406
    outer loop
      vertex -37 56.6495 10.375
      vertex -34.6 56.595 10.4566
      vertex -37 56.595 10.4566
    endloop
  endfacet
  facet normal -1.42729e-18 -0.83158 -0.555406
    outer loop
      vertex -34.6 56.595 10.4566
      vertex -37 56.6495 10.375
      vertex -34.6 56.6495 10.375
    endloop
  endfacet
  facet normal 0 -0.442315 -0.89686
    outer loop
      vertex -37 56.287 10.6929
      vertex -34.6 56.375 10.6495
      vertex -34.6 56.287 10.6929
    endloop
  endfacet
  facet normal -0 -0.442315 -0.89686
    outer loop
      vertex -34.6 56.375 10.6495
      vertex -37 56.287 10.6929
      vertex -37 56.375 10.6495
    endloop
  endfacet
  facet normal 0 -0.195724 -0.980659
    outer loop
      vertex -37 56.0979 10.7436
      vertex -34.6 56.1941 10.7244
      vertex -34.6 56.0979 10.7436
    endloop
  endfacet
  facet normal -0 -0.195724 -0.980659
    outer loop
      vertex -34.6 56.1941 10.7244
      vertex -37 56.0979 10.7436
      vertex -37 56.1941 10.7244
    endloop
  endfacet
  facet normal 1.03575e-19 0.99787 -0.0652336
    outer loop
      vertex -34.6 55.25 10
      vertex -37 55.2564 10.0979
      vertex -34.6 55.2564 10.0979
    endloop
  endfacet
  facet normal 1.03575e-19 0.99787 -0.0652336
    outer loop
      vertex -37 55.2564 10.0979
      vertex -34.6 55.25 10
      vertex -37 55.25 10
    endloop
  endfacet
  facet normal 0 0.195724 -0.980659
    outer loop
      vertex -37 55.8059 10.7244
      vertex -34.6 55.9021 10.7436
      vertex -34.6 55.8059 10.7244
    endloop
  endfacet
  facet normal 0 0.195724 -0.980659
    outer loop
      vertex -34.6 55.9021 10.7436
      vertex -37 55.8059 10.7244
      vertex -37 55.9021 10.7436
    endloop
  endfacet
  facet normal -2.42484e-19 0.94704 -0.321117
    outer loop
      vertex -34.6 55.2756 10.1941
      vertex -37 55.3071 10.287
      vertex -34.6 55.3071 10.287
    endloop
  endfacet
  facet normal -2.42484e-19 0.94704 -0.321117
    outer loop
      vertex -37 55.3071 10.287
      vertex -34.6 55.2756 10.1941
      vertex -37 55.2756 10.1941
    endloop
  endfacet
  facet normal 1.42729e-18 0.83158 -0.555406
    outer loop
      vertex -34.6 55.3505 10.375
      vertex -37 55.405 10.4566
      vertex -34.6 55.405 10.4566
    endloop
  endfacet
  facet normal 1.42729e-18 0.83158 -0.555406
    outer loop
      vertex -37 55.405 10.4566
      vertex -34.6 55.3505 10.375
      vertex -37 55.3505 10.375
    endloop
  endfacet
  facet normal -5.56447e-22 0.980659 -0.195724
    outer loop
      vertex -34.6 55.2564 10.0979
      vertex -37 55.2756 10.1941
      vertex -34.6 55.2756 10.1941
    endloop
  endfacet
  facet normal -5.56447e-22 0.980659 -0.195724
    outer loop
      vertex -37 55.2756 10.1941
      vertex -34.6 55.2564 10.0979
      vertex -37 55.2564 10.0979
    endloop
  endfacet
  facet normal 3.1521e-20 0.99787 0.0652402
    outer loop
      vertex -34.6 58.2564 9.90211
      vertex -37 58.25 10
      vertex -34.6 58.25 10
    endloop
  endfacet
  facet normal 3.1521e-20 0.99787 0.0652402
    outer loop
      vertex -37 58.25 10
      vertex -34.6 58.2564 9.90211
      vertex -37 58.2564 9.90211
    endloop
  endfacet
  facet normal 0 -0.321391 0.946947
    outer loop
      vertex -37 59.287 9.30709
      vertex -34.6 59.1941 9.27556
      vertex -34.6 59.287 9.30709
    endloop
  endfacet
  facet normal 0 -0.321391 0.946947
    outer loop
      vertex -34.6 59.1941 9.27556
      vertex -37 59.287 9.30709
      vertex -37 59.1941 9.27556
    endloop
  endfacet
  facet normal 0 -0.321117 -0.94704
    outer loop
      vertex -37 59.1941 10.7244
      vertex -34.6 59.287 10.6929
      vertex -34.6 59.1941 10.7244
    endloop
  endfacet
  facet normal -0 -0.321117 -0.94704
    outer loop
      vertex -34.6 59.287 10.6929
      vertex -37 59.1941 10.7244
      vertex -37 59.287 10.6929
    endloop
  endfacet
  facet normal 0 -0.0652336 -0.99787
    outer loop
      vertex -37 59 10.75
      vertex -34.6 59.0979 10.7436
      vertex -34.6 59 10.75
    endloop
  endfacet
  facet normal -0 -0.0652336 -0.99787
    outer loop
      vertex -34.6 59.0979 10.7436
      vertex -37 59 10.75
      vertex -37 59.0979 10.7436
    endloop
  endfacet
  facet normal 0 -0.0654366 0.997857
    outer loop
      vertex -37 59.0979 9.25642
      vertex -34.6 59 9.25
      vertex -34.6 59.0979 9.25642
    endloop
  endfacet
  facet normal 0 -0.0654366 0.997857
    outer loop
      vertex -34.6 59 9.25
      vertex -37 59.0979 9.25642
      vertex -37 59 9.25
    endloop
  endfacet
  facet normal 1.10906e-19 0.980667 0.195685
    outer loop
      vertex -34.6 58.2756 9.80589
      vertex -37 58.2564 9.90211
      vertex -34.6 58.2564 9.90211
    endloop
  endfacet
  facet normal 1.10906e-19 0.980667 0.195685
    outer loop
      vertex -37 58.2564 9.90211
      vertex -34.6 58.2756 9.80589
      vertex -37 58.2756 9.80589
    endloop
  endfacet
  facet normal -1.03575e-19 -0.99787 -0.0652336
    outer loop
      vertex -37 59.75 10
      vertex -34.6 59.7436 10.0979
      vertex -37 59.7436 10.0979
    endloop
  endfacet
  facet normal -1.03575e-19 -0.99787 -0.0652336
    outer loop
      vertex -34.6 59.7436 10.0979
      vertex -37 59.75 10
      vertex -34.6 59.75 10
    endloop
  endfacet
  facet normal 0 -0.659673 0.751552
    outer loop
      vertex -37 59.5303 9.46967
      vertex -34.6 59.4566 9.40498
      vertex -34.6 59.5303 9.46967
    endloop
  endfacet
  facet normal 0 -0.659673 0.751552
    outer loop
      vertex -34.6 59.4566 9.40498
      vertex -37 59.5303 9.46967
      vertex -37 59.4566 9.40498
    endloop
  endfacet
  facet normal -0 0.442233 0.8969
    outer loop
      vertex -37 58.713 9.30709
      vertex -34.6 58.625 9.35048
      vertex -34.6 58.713 9.30709
    endloop
  endfacet
  facet normal 0 0.442233 0.8969
    outer loop
      vertex -34.6 58.625 9.35048
      vertex -37 58.713 9.30709
      vertex -37 58.625 9.35048
    endloop
  endfacet
  facet normal 0 -0.555406 0.83158
    outer loop
      vertex -37 59.4566 9.40498
      vertex -34.6 59.375 9.35048
      vertex -34.6 59.4566 9.40498
    endloop
  endfacet
  facet normal 0 -0.555406 0.83158
    outer loop
      vertex -34.6 59.375 9.35048
      vertex -37 59.4566 9.40498
      vertex -37 59.375 9.35048
    endloop
  endfacet
  facet normal 0 -0.442233 0.8969
    outer loop
      vertex -37 59.375 9.35048
      vertex -34.6 59.287 9.30709
      vertex -34.6 59.375 9.35048
    endloop
  endfacet
  facet normal 0 -0.442233 0.8969
    outer loop
      vertex -34.6 59.287 9.30709
      vertex -37 59.375 9.35048
      vertex -37 59.287 9.30709
    endloop
  endfacet
  facet normal 0 -0.659731 -0.751502
    outer loop
      vertex -37 59.4566 10.595
      vertex -34.6 59.5303 10.5303
      vertex -34.6 59.4566 10.595
    endloop
  endfacet
  facet normal -0 -0.659731 -0.751502
    outer loop
      vertex -34.6 59.5303 10.5303
      vertex -37 59.4566 10.595
      vertex -37 59.5303 10.5303
    endloop
  endfacet
  facet normal -0 0.0654366 0.997857
    outer loop
      vertex -37 59 9.25
      vertex -34.6 58.9021 9.25642
      vertex -34.6 59 9.25
    endloop
  endfacet
  facet normal 0 0.0654366 0.997857
    outer loop
      vertex -34.6 58.9021 9.25642
      vertex -37 59 9.25
      vertex -37 58.9021 9.25642
    endloop
  endfacet
  facet normal 0 0.659731 -0.751502
    outer loop
      vertex -37 58.4697 10.5303
      vertex -34.6 58.5434 10.595
      vertex -34.6 58.4697 10.5303
    endloop
  endfacet
  facet normal 0 0.659731 -0.751502
    outer loop
      vertex -34.6 58.5434 10.595
      vertex -37 58.4697 10.5303
      vertex -37 58.5434 10.595
    endloop
  endfacet
  facet normal -1.10906e-19 -0.980667 0.195685
    outer loop
      vertex -37 59.7244 9.80589
      vertex -34.6 59.7436 9.90211
      vertex -37 59.7436 9.90211
    endloop
  endfacet
  facet normal -1.10906e-19 -0.980667 0.195685
    outer loop
      vertex -34.6 59.7436 9.90211
      vertex -37 59.7244 9.80589
      vertex -34.6 59.7244 9.80589
    endloop
  endfacet
  facet normal -0 0.195136 0.980776
    outer loop
      vertex -37 58.9021 9.25642
      vertex -34.6 58.8059 9.27556
      vertex -34.6 58.9021 9.25642
    endloop
  endfacet
  facet normal 0 0.195136 0.980776
    outer loop
      vertex -34.6 58.8059 9.27556
      vertex -37 58.9021 9.25642
      vertex -37 58.8059 9.27556
    endloop
  endfacet
  facet normal 0 -0.555406 -0.83158
    outer loop
      vertex -37 59.375 10.6495
      vertex -34.6 59.4566 10.595
      vertex -34.6 59.375 10.6495
    endloop
  endfacet
  facet normal -0 -0.555406 -0.83158
    outer loop
      vertex -34.6 59.4566 10.595
      vertex -37 59.375 10.6495
      vertex -37 59.4566 10.595
    endloop
  endfacet
  facet normal 0 0.321117 -0.94704
    outer loop
      vertex -37 58.713 10.6929
      vertex -34.6 58.8059 10.7244
      vertex -34.6 58.713 10.6929
    endloop
  endfacet
  facet normal 0 0.321117 -0.94704
    outer loop
      vertex -34.6 58.8059 10.7244
      vertex -37 58.713 10.6929
      vertex -37 58.8059 10.7244
    endloop
  endfacet
  facet normal -8.94065e-20 -0.89684 0.442355
    outer loop
      vertex -37 59.6495 9.625
      vertex -34.6 59.6929 9.71299
      vertex -37 59.6929 9.71299
    endloop
  endfacet
  facet normal -8.94065e-20 -0.89684 0.442355
    outer loop
      vertex -34.6 59.6929 9.71299
      vertex -37 59.6495 9.625
      vertex -34.6 59.6495 9.625
    endloop
  endfacet
  facet normal 4.22613e-19 -0.89686 -0.442315
    outer loop
      vertex -37 59.6929 10.287
      vertex -34.6 59.6495 10.375
      vertex -37 59.6495 10.375
    endloop
  endfacet
  facet normal 4.22613e-19 -0.89686 -0.442315
    outer loop
      vertex -34.6 59.6495 10.375
      vertex -37 59.6929 10.287
      vertex -34.6 59.6929 10.287
    endloop
  endfacet
  facet normal 5.56447e-22 -0.980659 -0.195724
    outer loop
      vertex -37 59.7436 10.0979
      vertex -34.6 59.7244 10.1941
      vertex -37 59.7244 10.1941
    endloop
  endfacet
  facet normal 5.56447e-22 -0.980659 -0.195724
    outer loop
      vertex -34.6 59.7244 10.1941
      vertex -37 59.7436 10.0979
      vertex -34.6 59.7436 10.0979
    endloop
  endfacet
  facet normal -7.87706e-19 -0.831485 0.555547
    outer loop
      vertex -37 59.595 9.54343
      vertex -34.6 59.6495 9.625
      vertex -37 59.6495 9.625
    endloop
  endfacet
  facet normal -7.87706e-19 -0.831485 0.555547
    outer loop
      vertex -34.6 59.6495 9.625
      vertex -37 59.595 9.54343
      vertex -34.6 59.595 9.54343
    endloop
  endfacet
  facet normal -1.36456e-18 0.751502 -0.659731
    outer loop
      vertex -34.6 58.405 10.4566
      vertex -37 58.4697 10.5303
      vertex -34.6 58.4697 10.5303
    endloop
  endfacet
  facet normal -1.36456e-18 0.751502 -0.659731
    outer loop
      vertex -37 58.4697 10.5303
      vertex -34.6 58.405 10.4566
      vertex -37 58.405 10.4566
    endloop
  endfacet
  facet normal -0 0.321391 0.946947
    outer loop
      vertex -37 58.8059 9.27556
      vertex -34.6 58.713 9.30709
      vertex -34.6 58.8059 9.27556
    endloop
  endfacet
  facet normal 0 0.321391 0.946947
    outer loop
      vertex -34.6 58.713 9.30709
      vertex -37 58.8059 9.27556
      vertex -37 58.713 9.30709
    endloop
  endfacet
  facet normal 2.42484e-19 0.94704 0.321117
    outer loop
      vertex -34.6 58.3071 9.71299
      vertex -37 58.2756 9.80589
      vertex -34.6 58.2756 9.80589
    endloop
  endfacet
  facet normal 2.42484e-19 0.94704 0.321117
    outer loop
      vertex -37 58.2756 9.80589
      vertex -34.6 58.3071 9.71299
      vertex -37 58.3071 9.71299
    endloop
  endfacet
  facet normal 0 0.0652336 -0.99787
    outer loop
      vertex -37 58.9021 10.7436
      vertex -34.6 59 10.75
      vertex -34.6 58.9021 10.7436
    endloop
  endfacet
  facet normal 0 0.0652336 -0.99787
    outer loop
      vertex -34.6 59 10.75
      vertex -37 58.9021 10.7436
      vertex -37 59 10.75
    endloop
  endfacet
  facet normal -1.41977e-18 -0.751768 0.659428
    outer loop
      vertex -37 59.5303 9.46967
      vertex -34.6 59.595 9.54343
      vertex -37 59.595 9.54343
    endloop
  endfacet
  facet normal -1.41977e-18 -0.751768 0.659428
    outer loop
      vertex -34.6 59.595 9.54343
      vertex -37 59.5303 9.46967
      vertex -34.6 59.5303 9.46967
    endloop
  endfacet
  facet normal -2.42484e-19 -0.94704 0.321117
    outer loop
      vertex -37 59.6929 9.71299
      vertex -34.6 59.7244 9.80589
      vertex -37 59.7244 9.80589
    endloop
  endfacet
  facet normal -2.42484e-19 -0.94704 0.321117
    outer loop
      vertex -34.6 59.7244 9.80589
      vertex -37 59.6929 9.71299
      vertex -34.6 59.6929 9.71299
    endloop
  endfacet
  facet normal 0 -0.195136 0.980776
    outer loop
      vertex -37 59.1941 9.27556
      vertex -34.6 59.0979 9.25642
      vertex -34.6 59.1941 9.27556
    endloop
  endfacet
  facet normal 0 -0.195136 0.980776
    outer loop
      vertex -34.6 59.0979 9.25642
      vertex -37 59.1941 9.27556
      vertex -37 59.0979 9.25642
    endloop
  endfacet
  facet normal -0 0.555406 0.83158
    outer loop
      vertex -37 58.625 9.35048
      vertex -34.6 58.5434 9.40498
      vertex -34.6 58.625 9.35048
    endloop
  endfacet
  facet normal 0 0.555406 0.83158
    outer loop
      vertex -34.6 58.5434 9.40498
      vertex -37 58.625 9.35048
      vertex -37 58.5434 9.40498
    endloop
  endfacet
  facet normal 2.42484e-19 -0.94704 -0.321117
    outer loop
      vertex -37 59.7244 10.1941
      vertex -34.6 59.6929 10.287
      vertex -37 59.6929 10.287
    endloop
  endfacet
  facet normal 2.42484e-19 -0.94704 -0.321117
    outer loop
      vertex -34.6 59.6929 10.287
      vertex -37 59.7244 10.1941
      vertex -34.6 59.7244 10.1941
    endloop
  endfacet
  facet normal 8.94065e-20 0.89684 0.442355
    outer loop
      vertex -34.6 58.3505 9.625
      vertex -37 58.3071 9.71299
      vertex -34.6 58.3071 9.71299
    endloop
  endfacet
  facet normal 8.94065e-20 0.89684 0.442355
    outer loop
      vertex -37 58.3071 9.71299
      vertex -34.6 58.3505 9.625
      vertex -37 58.3505 9.625
    endloop
  endfacet
  facet normal 1.36456e-18 -0.751502 -0.659731
    outer loop
      vertex -37 59.595 10.4566
      vertex -34.6 59.5303 10.5303
      vertex -37 59.5303 10.5303
    endloop
  endfacet
  facet normal 1.36456e-18 -0.751502 -0.659731
    outer loop
      vertex -34.6 59.5303 10.5303
      vertex -37 59.595 10.4566
      vertex -34.6 59.595 10.4566
    endloop
  endfacet
  facet normal 1.41977e-18 0.751768 0.659428
    outer loop
      vertex -34.6 58.4697 9.46967
      vertex -37 58.405 9.54343
      vertex -34.6 58.405 9.54343
    endloop
  endfacet
  facet normal 1.41977e-18 0.751768 0.659428
    outer loop
      vertex -37 58.405 9.54343
      vertex -34.6 58.4697 9.46967
      vertex -37 58.4697 9.46967
    endloop
  endfacet
  facet normal 0 0.442315 -0.89686
    outer loop
      vertex -37 58.625 10.6495
      vertex -34.6 58.713 10.6929
      vertex -34.6 58.625 10.6495
    endloop
  endfacet
  facet normal 0 0.442315 -0.89686
    outer loop
      vertex -34.6 58.713 10.6929
      vertex -37 58.625 10.6495
      vertex -37 58.713 10.6929
    endloop
  endfacet
  facet normal -3.1521e-20 -0.99787 0.0652402
    outer loop
      vertex -37 59.7436 9.90211
      vertex -34.6 59.75 10
      vertex -37 59.75 10
    endloop
  endfacet
  facet normal -3.1521e-20 -0.99787 0.0652402
    outer loop
      vertex -34.6 59.75 10
      vertex -37 59.7436 9.90211
      vertex -34.6 59.7436 9.90211
    endloop
  endfacet
  facet normal -4.22613e-19 0.89686 -0.442315
    outer loop
      vertex -34.6 58.3071 10.287
      vertex -37 58.3505 10.375
      vertex -34.6 58.3505 10.375
    endloop
  endfacet
  facet normal -4.22613e-19 0.89686 -0.442315
    outer loop
      vertex -37 58.3505 10.375
      vertex -34.6 58.3071 10.287
      vertex -37 58.3071 10.287
    endloop
  endfacet
  facet normal 0 0.555406 -0.83158
    outer loop
      vertex -37 58.5434 10.595
      vertex -34.6 58.625 10.6495
      vertex -34.6 58.5434 10.595
    endloop
  endfacet
  facet normal 0 0.555406 -0.83158
    outer loop
      vertex -34.6 58.625 10.6495
      vertex -37 58.5434 10.595
      vertex -37 58.625 10.6495
    endloop
  endfacet
  facet normal -0 0.659673 0.751552
    outer loop
      vertex -37 58.5434 9.40498
      vertex -34.6 58.4697 9.46967
      vertex -34.6 58.5434 9.40498
    endloop
  endfacet
  facet normal 0 0.659673 0.751552
    outer loop
      vertex -34.6 58.4697 9.46967
      vertex -37 58.5434 9.40498
      vertex -37 58.4697 9.46967
    endloop
  endfacet
  facet normal 7.87706e-19 0.831485 0.555547
    outer loop
      vertex -34.6 58.405 9.54343
      vertex -37 58.3505 9.625
      vertex -34.6 58.3505 9.625
    endloop
  endfacet
  facet normal 7.87706e-19 0.831485 0.555547
    outer loop
      vertex -37 58.3505 9.625
      vertex -34.6 58.405 9.54343
      vertex -37 58.405 9.54343
    endloop
  endfacet
  facet normal -1.42729e-18 -0.83158 -0.555406
    outer loop
      vertex -37 59.6495 10.375
      vertex -34.6 59.595 10.4566
      vertex -37 59.595 10.4566
    endloop
  endfacet
  facet normal -1.42729e-18 -0.83158 -0.555406
    outer loop
      vertex -34.6 59.595 10.4566
      vertex -37 59.6495 10.375
      vertex -34.6 59.6495 10.375
    endloop
  endfacet
  facet normal 0 -0.442315 -0.89686
    outer loop
      vertex -37 59.287 10.6929
      vertex -34.6 59.375 10.6495
      vertex -34.6 59.287 10.6929
    endloop
  endfacet
  facet normal -0 -0.442315 -0.89686
    outer loop
      vertex -34.6 59.375 10.6495
      vertex -37 59.287 10.6929
      vertex -37 59.375 10.6495
    endloop
  endfacet
  facet normal 0 -0.195724 -0.980659
    outer loop
      vertex -37 59.0979 10.7436
      vertex -34.6 59.1941 10.7244
      vertex -34.6 59.0979 10.7436
    endloop
  endfacet
  facet normal -0 -0.195724 -0.980659
    outer loop
      vertex -34.6 59.1941 10.7244
      vertex -37 59.0979 10.7436
      vertex -37 59.1941 10.7244
    endloop
  endfacet
  facet normal 1.03575e-19 0.99787 -0.0652336
    outer loop
      vertex -34.6 58.25 10
      vertex -37 58.2564 10.0979
      vertex -34.6 58.2564 10.0979
    endloop
  endfacet
  facet normal 1.03575e-19 0.99787 -0.0652336
    outer loop
      vertex -37 58.2564 10.0979
      vertex -34.6 58.25 10
      vertex -37 58.25 10
    endloop
  endfacet
  facet normal 0 0.195724 -0.980659
    outer loop
      vertex -37 58.8059 10.7244
      vertex -34.6 58.9021 10.7436
      vertex -34.6 58.8059 10.7244
    endloop
  endfacet
  facet normal 0 0.195724 -0.980659
    outer loop
      vertex -34.6 58.9021 10.7436
      vertex -37 58.8059 10.7244
      vertex -37 58.9021 10.7436
    endloop
  endfacet
  facet normal -2.42484e-19 0.94704 -0.321117
    outer loop
      vertex -34.6 58.2756 10.1941
      vertex -37 58.3071 10.287
      vertex -34.6 58.3071 10.287
    endloop
  endfacet
  facet normal -2.42484e-19 0.94704 -0.321117
    outer loop
      vertex -37 58.3071 10.287
      vertex -34.6 58.2756 10.1941
      vertex -37 58.2756 10.1941
    endloop
  endfacet
  facet normal 1.42729e-18 0.83158 -0.555406
    outer loop
      vertex -34.6 58.3505 10.375
      vertex -37 58.405 10.4566
      vertex -34.6 58.405 10.4566
    endloop
  endfacet
  facet normal 1.42729e-18 0.83158 -0.555406
    outer loop
      vertex -37 58.405 10.4566
      vertex -34.6 58.3505 10.375
      vertex -37 58.3505 10.375
    endloop
  endfacet
  facet normal -5.56447e-22 0.980659 -0.195724
    outer loop
      vertex -34.6 58.2564 10.0979
      vertex -37 58.2756 10.1941
      vertex -34.6 58.2756 10.1941
    endloop
  endfacet
  facet normal -5.56447e-22 0.980659 -0.195724
    outer loop
      vertex -37 58.2756 10.1941
      vertex -34.6 58.2564 10.0979
      vertex -37 58.2564 10.0979
    endloop
  endfacet
  facet normal 3.1521e-20 0.99787 0.0652402
    outer loop
      vertex -34.6 61.2564 9.90211
      vertex -37 61.25 10
      vertex -34.6 61.25 10
    endloop
  endfacet
  facet normal 3.1521e-20 0.99787 0.0652402
    outer loop
      vertex -37 61.25 10
      vertex -34.6 61.2564 9.90211
      vertex -37 61.2564 9.90211
    endloop
  endfacet
  facet normal 0 -0.321391 0.946947
    outer loop
      vertex -37 62.287 9.30709
      vertex -34.6 62.1941 9.27556
      vertex -34.6 62.287 9.30709
    endloop
  endfacet
  facet normal 0 -0.321391 0.946947
    outer loop
      vertex -34.6 62.1941 9.27556
      vertex -37 62.287 9.30709
      vertex -37 62.1941 9.27556
    endloop
  endfacet
  facet normal 0 -0.321117 -0.94704
    outer loop
      vertex -37 62.1941 10.7244
      vertex -34.6 62.287 10.6929
      vertex -34.6 62.1941 10.7244
    endloop
  endfacet
  facet normal -0 -0.321117 -0.94704
    outer loop
      vertex -34.6 62.287 10.6929
      vertex -37 62.1941 10.7244
      vertex -37 62.287 10.6929
    endloop
  endfacet
  facet normal 0 -0.0652336 -0.99787
    outer loop
      vertex -37 62 10.75
      vertex -34.6 62.0979 10.7436
      vertex -34.6 62 10.75
    endloop
  endfacet
  facet normal -0 -0.0652336 -0.99787
    outer loop
      vertex -34.6 62.0979 10.7436
      vertex -37 62 10.75
      vertex -37 62.0979 10.7436
    endloop
  endfacet
  facet normal 0 -0.0654366 0.997857
    outer loop
      vertex -37 62.0979 9.25642
      vertex -34.6 62 9.25
      vertex -34.6 62.0979 9.25642
    endloop
  endfacet
  facet normal 0 -0.0654366 0.997857
    outer loop
      vertex -34.6 62 9.25
      vertex -37 62.0979 9.25642
      vertex -37 62 9.25
    endloop
  endfacet
  facet normal 1.10906e-19 0.980667 0.195685
    outer loop
      vertex -34.6 61.2756 9.80589
      vertex -37 61.2564 9.90211
      vertex -34.6 61.2564 9.90211
    endloop
  endfacet
  facet normal 1.10906e-19 0.980667 0.195685
    outer loop
      vertex -37 61.2564 9.90211
      vertex -34.6 61.2756 9.80589
      vertex -37 61.2756 9.80589
    endloop
  endfacet
  facet normal -1.03575e-19 -0.99787 -0.0652336
    outer loop
      vertex -37 62.75 10
      vertex -34.6 62.7436 10.0979
      vertex -37 62.7436 10.0979
    endloop
  endfacet
  facet normal -1.03575e-19 -0.99787 -0.0652336
    outer loop
      vertex -34.6 62.7436 10.0979
      vertex -37 62.75 10
      vertex -34.6 62.75 10
    endloop
  endfacet
  facet normal 0 -0.659673 0.751552
    outer loop
      vertex -37 62.5303 9.46967
      vertex -34.6 62.4566 9.40498
      vertex -34.6 62.5303 9.46967
    endloop
  endfacet
  facet normal 0 -0.659673 0.751552
    outer loop
      vertex -34.6 62.4566 9.40498
      vertex -37 62.5303 9.46967
      vertex -37 62.4566 9.40498
    endloop
  endfacet
  facet normal -0 0.442233 0.8969
    outer loop
      vertex -37 61.713 9.30709
      vertex -34.6 61.625 9.35048
      vertex -34.6 61.713 9.30709
    endloop
  endfacet
  facet normal 0 0.442233 0.8969
    outer loop
      vertex -34.6 61.625 9.35048
      vertex -37 61.713 9.30709
      vertex -37 61.625 9.35048
    endloop
  endfacet
  facet normal 0 -0.555406 0.83158
    outer loop
      vertex -37 62.4566 9.40498
      vertex -34.6 62.375 9.35048
      vertex -34.6 62.4566 9.40498
    endloop
  endfacet
  facet normal 0 -0.555406 0.83158
    outer loop
      vertex -34.6 62.375 9.35048
      vertex -37 62.4566 9.40498
      vertex -37 62.375 9.35048
    endloop
  endfacet
  facet normal 0 -0.442233 0.8969
    outer loop
      vertex -37 62.375 9.35048
      vertex -34.6 62.287 9.30709
      vertex -34.6 62.375 9.35048
    endloop
  endfacet
  facet normal 0 -0.442233 0.8969
    outer loop
      vertex -34.6 62.287 9.30709
      vertex -37 62.375 9.35048
      vertex -37 62.287 9.30709
    endloop
  endfacet
  facet normal 0 -0.659731 -0.751502
    outer loop
      vertex -37 62.4566 10.595
      vertex -34.6 62.5303 10.5303
      vertex -34.6 62.4566 10.595
    endloop
  endfacet
  facet normal -0 -0.659731 -0.751502
    outer loop
      vertex -34.6 62.5303 10.5303
      vertex -37 62.4566 10.595
      vertex -37 62.5303 10.5303
    endloop
  endfacet
  facet normal -0 0.0654366 0.997857
    outer loop
      vertex -37 62 9.25
      vertex -34.6 61.9021 9.25642
      vertex -34.6 62 9.25
    endloop
  endfacet
  facet normal 0 0.0654366 0.997857
    outer loop
      vertex -34.6 61.9021 9.25642
      vertex -37 62 9.25
      vertex -37 61.9021 9.25642
    endloop
  endfacet
  facet normal 0 0.659731 -0.751502
    outer loop
      vertex -37 61.4697 10.5303
      vertex -34.6 61.5434 10.595
      vertex -34.6 61.4697 10.5303
    endloop
  endfacet
  facet normal 0 0.659731 -0.751502
    outer loop
      vertex -34.6 61.5434 10.595
      vertex -37 61.4697 10.5303
      vertex -37 61.5434 10.595
    endloop
  endfacet
  facet normal -1.10906e-19 -0.980667 0.195685
    outer loop
      vertex -37 62.7244 9.80589
      vertex -34.6 62.7436 9.90211
      vertex -37 62.7436 9.90211
    endloop
  endfacet
  facet normal -1.10906e-19 -0.980667 0.195685
    outer loop
      vertex -34.6 62.7436 9.90211
      vertex -37 62.7244 9.80589
      vertex -34.6 62.7244 9.80589
    endloop
  endfacet
  facet normal -0 0.195136 0.980776
    outer loop
      vertex -37 61.9021 9.25642
      vertex -34.6 61.8059 9.27556
      vertex -34.6 61.9021 9.25642
    endloop
  endfacet
  facet normal 0 0.195136 0.980776
    outer loop
      vertex -34.6 61.8059 9.27556
      vertex -37 61.9021 9.25642
      vertex -37 61.8059 9.27556
    endloop
  endfacet
  facet normal 0 -0.555406 -0.83158
    outer loop
      vertex -37 62.375 10.6495
      vertex -34.6 62.4566 10.595
      vertex -34.6 62.375 10.6495
    endloop
  endfacet
  facet normal -0 -0.555406 -0.83158
    outer loop
      vertex -34.6 62.4566 10.595
      vertex -37 62.375 10.6495
      vertex -37 62.4566 10.595
    endloop
  endfacet
  facet normal 0 0.321117 -0.94704
    outer loop
      vertex -37 61.713 10.6929
      vertex -34.6 61.8059 10.7244
      vertex -34.6 61.713 10.6929
    endloop
  endfacet
  facet normal 0 0.321117 -0.94704
    outer loop
      vertex -34.6 61.8059 10.7244
      vertex -37 61.713 10.6929
      vertex -37 61.8059 10.7244
    endloop
  endfacet
  facet normal -8.94065e-20 -0.89684 0.442355
    outer loop
      vertex -37 62.6495 9.625
      vertex -34.6 62.6929 9.71299
      vertex -37 62.6929 9.71299
    endloop
  endfacet
  facet normal -8.94065e-20 -0.89684 0.442355
    outer loop
      vertex -34.6 62.6929 9.71299
      vertex -37 62.6495 9.625
      vertex -34.6 62.6495 9.625
    endloop
  endfacet
  facet normal 4.22613e-19 -0.89686 -0.442315
    outer loop
      vertex -37 62.6929 10.287
      vertex -34.6 62.6495 10.375
      vertex -37 62.6495 10.375
    endloop
  endfacet
  facet normal 4.22613e-19 -0.89686 -0.442315
    outer loop
      vertex -34.6 62.6495 10.375
      vertex -37 62.6929 10.287
      vertex -34.6 62.6929 10.287
    endloop
  endfacet
  facet normal 5.56447e-22 -0.980659 -0.195724
    outer loop
      vertex -37 62.7436 10.0979
      vertex -34.6 62.7244 10.1941
      vertex -37 62.7244 10.1941
    endloop
  endfacet
  facet normal 5.56447e-22 -0.980659 -0.195724
    outer loop
      vertex -34.6 62.7244 10.1941
      vertex -37 62.7436 10.0979
      vertex -34.6 62.7436 10.0979
    endloop
  endfacet
  facet normal -7.87706e-19 -0.831485 0.555547
    outer loop
      vertex -37 62.595 9.54343
      vertex -34.6 62.6495 9.625
      vertex -37 62.6495 9.625
    endloop
  endfacet
  facet normal -7.87706e-19 -0.831485 0.555547
    outer loop
      vertex -34.6 62.6495 9.625
      vertex -37 62.595 9.54343
      vertex -34.6 62.595 9.54343
    endloop
  endfacet
  facet normal -1.36456e-18 0.751502 -0.659731
    outer loop
      vertex -34.6 61.405 10.4566
      vertex -37 61.4697 10.5303
      vertex -34.6 61.4697 10.5303
    endloop
  endfacet
  facet normal -1.36456e-18 0.751502 -0.659731
    outer loop
      vertex -37 61.4697 10.5303
      vertex -34.6 61.405 10.4566
      vertex -37 61.405 10.4566
    endloop
  endfacet
  facet normal -0 0.321391 0.946947
    outer loop
      vertex -37 61.8059 9.27556
      vertex -34.6 61.713 9.30709
      vertex -34.6 61.8059 9.27556
    endloop
  endfacet
  facet normal 0 0.321391 0.946947
    outer loop
      vertex -34.6 61.713 9.30709
      vertex -37 61.8059 9.27556
      vertex -37 61.713 9.30709
    endloop
  endfacet
  facet normal 2.42484e-19 0.94704 0.321117
    outer loop
      vertex -34.6 61.3071 9.71299
      vertex -37 61.2756 9.80589
      vertex -34.6 61.2756 9.80589
    endloop
  endfacet
  facet normal 2.42484e-19 0.94704 0.321117
    outer loop
      vertex -37 61.2756 9.80589
      vertex -34.6 61.3071 9.71299
      vertex -37 61.3071 9.71299
    endloop
  endfacet
  facet normal 0 0.0652336 -0.99787
    outer loop
      vertex -37 61.9021 10.7436
      vertex -34.6 62 10.75
      vertex -34.6 61.9021 10.7436
    endloop
  endfacet
  facet normal 0 0.0652336 -0.99787
    outer loop
      vertex -34.6 62 10.75
      vertex -37 61.9021 10.7436
      vertex -37 62 10.75
    endloop
  endfacet
  facet normal -1.41977e-18 -0.751768 0.659428
    outer loop
      vertex -37 62.5303 9.46967
      vertex -34.6 62.595 9.54343
      vertex -37 62.595 9.54343
    endloop
  endfacet
  facet normal -1.41977e-18 -0.751768 0.659428
    outer loop
      vertex -34.6 62.595 9.54343
      vertex -37 62.5303 9.46967
      vertex -34.6 62.5303 9.46967
    endloop
  endfacet
  facet normal -2.42484e-19 -0.94704 0.321117
    outer loop
      vertex -37 62.6929 9.71299
      vertex -34.6 62.7244 9.80589
      vertex -37 62.7244 9.80589
    endloop
  endfacet
  facet normal -2.42484e-19 -0.94704 0.321117
    outer loop
      vertex -34.6 62.7244 9.80589
      vertex -37 62.6929 9.71299
      vertex -34.6 62.6929 9.71299
    endloop
  endfacet
  facet normal 0 -0.195136 0.980776
    outer loop
      vertex -37 62.1941 9.27556
      vertex -34.6 62.0979 9.25642
      vertex -34.6 62.1941 9.27556
    endloop
  endfacet
  facet normal 0 -0.195136 0.980776
    outer loop
      vertex -34.6 62.0979 9.25642
      vertex -37 62.1941 9.27556
      vertex -37 62.0979 9.25642
    endloop
  endfacet
  facet normal -0 0.555406 0.83158
    outer loop
      vertex -37 61.625 9.35048
      vertex -34.6 61.5434 9.40498
      vertex -34.6 61.625 9.35048
    endloop
  endfacet
  facet normal 0 0.555406 0.83158
    outer loop
      vertex -34.6 61.5434 9.40498
      vertex -37 61.625 9.35048
      vertex -37 61.5434 9.40498
    endloop
  endfacet
  facet normal 2.42484e-19 -0.94704 -0.321117
    outer loop
      vertex -37 62.7244 10.1941
      vertex -34.6 62.6929 10.287
      vertex -37 62.6929 10.287
    endloop
  endfacet
  facet normal 2.42484e-19 -0.94704 -0.321117
    outer loop
      vertex -34.6 62.6929 10.287
      vertex -37 62.7244 10.1941
      vertex -34.6 62.7244 10.1941
    endloop
  endfacet
  facet normal 8.94065e-20 0.89684 0.442355
    outer loop
      vertex -34.6 61.3505 9.625
      vertex -37 61.3071 9.71299
      vertex -34.6 61.3071 9.71299
    endloop
  endfacet
  facet normal 8.94065e-20 0.89684 0.442355
    outer loop
      vertex -37 61.3071 9.71299
      vertex -34.6 61.3505 9.625
      vertex -37 61.3505 9.625
    endloop
  endfacet
  facet normal 1.36456e-18 -0.751502 -0.659731
    outer loop
      vertex -37 62.595 10.4566
      vertex -34.6 62.5303 10.5303
      vertex -37 62.5303 10.5303
    endloop
  endfacet
  facet normal 1.36456e-18 -0.751502 -0.659731
    outer loop
      vertex -34.6 62.5303 10.5303
      vertex -37 62.595 10.4566
      vertex -34.6 62.595 10.4566
    endloop
  endfacet
  facet normal 1.41977e-18 0.751768 0.659428
    outer loop
      vertex -34.6 61.4697 9.46967
      vertex -37 61.405 9.54343
      vertex -34.6 61.405 9.54343
    endloop
  endfacet
  facet normal 1.41977e-18 0.751768 0.659428
    outer loop
      vertex -37 61.405 9.54343
      vertex -34.6 61.4697 9.46967
      vertex -37 61.4697 9.46967
    endloop
  endfacet
  facet normal 0 0.442315 -0.89686
    outer loop
      vertex -37 61.625 10.6495
      vertex -34.6 61.713 10.6929
      vertex -34.6 61.625 10.6495
    endloop
  endfacet
  facet normal 0 0.442315 -0.89686
    outer loop
      vertex -34.6 61.713 10.6929
      vertex -37 61.625 10.6495
      vertex -37 61.713 10.6929
    endloop
  endfacet
  facet normal -3.1521e-20 -0.99787 0.0652402
    outer loop
      vertex -37 62.7436 9.90211
      vertex -34.6 62.75 10
      vertex -37 62.75 10
    endloop
  endfacet
  facet normal -3.1521e-20 -0.99787 0.0652402
    outer loop
      vertex -34.6 62.75 10
      vertex -37 62.7436 9.90211
      vertex -34.6 62.7436 9.90211
    endloop
  endfacet
  facet normal -4.22613e-19 0.89686 -0.442315
    outer loop
      vertex -34.6 61.3071 10.287
      vertex -37 61.3505 10.375
      vertex -34.6 61.3505 10.375
    endloop
  endfacet
  facet normal -4.22613e-19 0.89686 -0.442315
    outer loop
      vertex -37 61.3505 10.375
      vertex -34.6 61.3071 10.287
      vertex -37 61.3071 10.287
    endloop
  endfacet
  facet normal 0 0.555406 -0.83158
    outer loop
      vertex -37 61.5434 10.595
      vertex -34.6 61.625 10.6495
      vertex -34.6 61.5434 10.595
    endloop
  endfacet
  facet normal 0 0.555406 -0.83158
    outer loop
      vertex -34.6 61.625 10.6495
      vertex -37 61.5434 10.595
      vertex -37 61.625 10.6495
    endloop
  endfacet
  facet normal -0 0.659673 0.751552
    outer loop
      vertex -37 61.5434 9.40498
      vertex -34.6 61.4697 9.46967
      vertex -34.6 61.5434 9.40498
    endloop
  endfacet
  facet normal 0 0.659673 0.751552
    outer loop
      vertex -34.6 61.4697 9.46967
      vertex -37 61.5434 9.40498
      vertex -37 61.4697 9.46967
    endloop
  endfacet
  facet normal 7.87706e-19 0.831485 0.555547
    outer loop
      vertex -34.6 61.405 9.54343
      vertex -37 61.3505 9.625
      vertex -34.6 61.3505 9.625
    endloop
  endfacet
  facet normal 7.87706e-19 0.831485 0.555547
    outer loop
      vertex -37 61.3505 9.625
      vertex -34.6 61.405 9.54343
      vertex -37 61.405 9.54343
    endloop
  endfacet
  facet normal -1.42729e-18 -0.83158 -0.555406
    outer loop
      vertex -37 62.6495 10.375
      vertex -34.6 62.595 10.4566
      vertex -37 62.595 10.4566
    endloop
  endfacet
  facet normal -1.42729e-18 -0.83158 -0.555406
    outer loop
      vertex -34.6 62.595 10.4566
      vertex -37 62.6495 10.375
      vertex -34.6 62.6495 10.375
    endloop
  endfacet
  facet normal 0 -0.442315 -0.89686
    outer loop
      vertex -37 62.287 10.6929
      vertex -34.6 62.375 10.6495
      vertex -34.6 62.287 10.6929
    endloop
  endfacet
  facet normal -0 -0.442315 -0.89686
    outer loop
      vertex -34.6 62.375 10.6495
      vertex -37 62.287 10.6929
      vertex -37 62.375 10.6495
    endloop
  endfacet
  facet normal 0 -0.195724 -0.980659
    outer loop
      vertex -37 62.0979 10.7436
      vertex -34.6 62.1941 10.7244
      vertex -34.6 62.0979 10.7436
    endloop
  endfacet
  facet normal -0 -0.195724 -0.980659
    outer loop
      vertex -34.6 62.1941 10.7244
      vertex -37 62.0979 10.7436
      vertex -37 62.1941 10.7244
    endloop
  endfacet
  facet normal 1.03575e-19 0.99787 -0.0652336
    outer loop
      vertex -34.6 61.25 10
      vertex -37 61.2564 10.0979
      vertex -34.6 61.2564 10.0979
    endloop
  endfacet
  facet normal 1.03575e-19 0.99787 -0.0652336
    outer loop
      vertex -37 61.2564 10.0979
      vertex -34.6 61.25 10
      vertex -37 61.25 10
    endloop
  endfacet
  facet normal 0 0.195724 -0.980659
    outer loop
      vertex -37 61.8059 10.7244
      vertex -34.6 61.9021 10.7436
      vertex -34.6 61.8059 10.7244
    endloop
  endfacet
  facet normal 0 0.195724 -0.980659
    outer loop
      vertex -34.6 61.9021 10.7436
      vertex -37 61.8059 10.7244
      vertex -37 61.9021 10.7436
    endloop
  endfacet
  facet normal -2.42484e-19 0.94704 -0.321117
    outer loop
      vertex -34.6 61.2756 10.1941
      vertex -37 61.3071 10.287
      vertex -34.6 61.3071 10.287
    endloop
  endfacet
  facet normal -2.42484e-19 0.94704 -0.321117
    outer loop
      vertex -37 61.3071 10.287
      vertex -34.6 61.2756 10.1941
      vertex -37 61.2756 10.1941
    endloop
  endfacet
  facet normal 1.42729e-18 0.83158 -0.555406
    outer loop
      vertex -34.6 61.3505 10.375
      vertex -37 61.405 10.4566
      vertex -34.6 61.405 10.4566
    endloop
  endfacet
  facet normal 1.42729e-18 0.83158 -0.555406
    outer loop
      vertex -37 61.405 10.4566
      vertex -34.6 61.3505 10.375
      vertex -37 61.3505 10.375
    endloop
  endfacet
  facet normal -5.56447e-22 0.980659 -0.195724
    outer loop
      vertex -34.6 61.2564 10.0979
      vertex -37 61.2756 10.1941
      vertex -34.6 61.2756 10.1941
    endloop
  endfacet
  facet normal -5.56447e-22 0.980659 -0.195724
    outer loop
      vertex -37 61.2756 10.1941
      vertex -34.6 61.2564 10.0979
      vertex -37 61.2564 10.0979
    endloop
  endfacet
  facet normal -1 0 0
    outer loop
      vertex -36.4 -49.55 5
      vertex -36.4 -48.45 13
      vertex -36.4 -48.45 5
    endloop
  endfacet
  facet normal -1 -0 0
    outer loop
      vertex -36.4 -48.45 13
      vertex -36.4 -49.55 5
      vertex -36.4 -49.55 13
    endloop
  endfacet
  facet normal 0 0 -1
    outer loop
      vertex -37 -49.55 13
      vertex -36.4 -48.45 13
      vertex -36.4 -49.55 13
    endloop
  endfacet
  facet normal -0 0 -1
    outer loop
      vertex -36.4 -48.45 13
      vertex -37 -49.55 13
      vertex -37 -48.45 13
    endloop
  endfacet
  facet normal -0 0 1
    outer loop
      vertex -37 -48.45 5
      vertex -36.4 -49.55 5
      vertex -36.4 -48.45 5
    endloop
  endfacet
  facet normal 0 0 1
    outer loop
      vertex -36.4 -49.55 5
      vertex -37 -48.45 5
      vertex -37 -49.55 5
    endloop
  endfacet
  facet normal 0 -1 0
    outer loop
      vertex -37 -48.45 5
      vertex -36.4 -48.45 13
      vertex -37 -48.45 13
    endloop
  endfacet
  facet normal 0 -1 -0
    outer loop
      vertex -36.4 -48.45 13
      vertex -37 -48.45 5
      vertex -36.4 -48.45 5
    endloop
  endfacet
  facet normal 0 1 -0
    outer loop
      vertex -36.4 -49.55 5
      vertex -37 -49.55 13
      vertex -36.4 -49.55 13
    endloop
  endfacet
  facet normal 0 1 0
    outer loop
      vertex -37 -49.55 13
      vertex -36.4 -49.55 5
      vertex -37 -49.55 5
    endloop
  endfacet
  facet normal -1 0 0
    outer loop
      vertex -36.4 -44.55 5
      vertex -36.4 -43.45 13
      vertex -36.4 -43.45 5
    endloop
  endfacet
  facet normal -1 -0 0
    outer loop
      vertex -36.4 -43.45 13
      vertex -36.4 -44.55 5
      vertex -36.4 -44.55 13
    endloop
  endfacet
  facet normal 0 0 -1
    outer loop
      vertex -37 -44.55 13
      vertex -36.4 -43.45 13
      vertex -36.4 -44.55 13
    endloop
  endfacet
  facet normal -0 0 -1
    outer loop
      vertex -36.4 -43.45 13
      vertex -37 -44.55 13
      vertex -37 -43.45 13
    endloop
  endfacet
  facet normal -0 0 1
    outer loop
      vertex -37 -43.45 5
      vertex -36.4 -44.55 5
      vertex -36.4 -43.45 5
    endloop
  endfacet
  facet normal 0 0 1
    outer loop
      vertex -36.4 -44.55 5
      vertex -37 -43.45 5
      vertex -37 -44.55 5
    endloop
  endfacet
  facet normal 0 -1 0
    outer loop
      vertex -37 -43.45 5
      vertex -36.4 -43.45 13
      vertex -37 -43.45 13
    endloop
  endfacet
  facet normal 0 -1 -0
    outer loop
      vertex -36.4 -43.45 13
      vertex -37 -43.45 5
      vertex -36.4 -43.45 5
    endloop
  endfacet
  facet normal 0 1 -0
    outer loop
      vertex -36.4 -44.55 5
      vertex -37 -44.55 13
      vertex -36.4 -44.55 13
    endloop
  endfacet
  facet normal 0 1 0
    outer loop
      vertex -37 -44.55 13
      vertex -36.4 -44.55 5
      vertex -37 -44.55 5
    endloop
  endfacet
  facet normal -1 0 0
    outer loop
      vertex -36.4 -39.55 5
      vertex -36.4 -38.45 13
      vertex -36.4 -38.45 5
    endloop
  endfacet
  facet normal -1 -0 0
    outer loop
      vertex -36.4 -38.45 13
      vertex -36.4 -39.55 5
      vertex -36.4 -39.55 13
    endloop
  endfacet
  facet normal 0 0 -1
    outer loop
      vertex -37 -39.55 13
      vertex -36.4 -38.45 13
      vertex -36.4 -39.55 13
    endloop
  endfacet
  facet normal -0 0 -1
    outer loop
      vertex -36.4 -38.45 13
      vertex -37 -39.55 13
      vertex -37 -38.45 13
    endloop
  endfacet
  facet normal -0 0 1
    outer loop
      vertex -37 -38.45 5
      vertex -36.4 -39.55 5
      vertex -36.4 -38.45 5
    endloop
  endfacet
  facet normal 0 0 1
    outer loop
      vertex -36.4 -39.55 5
      vertex -37 -38.45 5
      vertex -37 -39.55 5
    endloop
  endfacet
  facet normal 0 -1 0
    outer loop
      vertex -37 -38.45 5
      vertex -36.4 -38.45 13
      vertex -37 -38.45 13
    endloop
  endfacet
  facet normal 0 -1 -0
    outer loop
      vertex -36.4 -38.45 13
      vertex -37 -38.45 5
      vertex -36.4 -38.45 5
    endloop
  endfacet
  facet normal 0 1 -0
    outer loop
      vertex -36.4 -39.55 5
      vertex -37 -39.55 13
      vertex -36.4 -39.55 13
    endloop
  endfacet
  facet normal 0 1 0
    outer loop
      vertex -37 -39.55 13
      vertex -36.4 -39.55 5
      vertex -37 -39.55 5
    endloop
  endfacet
  facet normal -1 0 0
    outer loop
      vertex -36.4 -34.55 5
      vertex -36.4 -33.45 13
      vertex -36.4 -33.45 5
    endloop
  endfacet
  facet normal -1 -0 0
    outer loop
      vertex -36.4 -33.45 13
      vertex -36.4 -34.55 5
      vertex -36.4 -34.55 13
    endloop
  endfacet
  facet normal 0 0 -1
    outer loop
      vertex -37 -34.55 13
      vertex -36.4 -33.45 13
      vertex -36.4 -34.55 13
    endloop
  endfacet
  facet normal -0 0 -1
    outer loop
      vertex -36.4 -33.45 13
      vertex -37 -34.55 13
      vertex -37 -33.45 13
    endloop
  endfacet
  facet normal -0 0 1
    outer loop
      vertex -37 -33.45 5
      vertex -36.4 -34.55 5
      vertex -36.4 -33.45 5
    endloop
  endfacet
  facet normal 0 0 1
    outer loop
      vertex -36.4 -34.55 5
      vertex -37 -33.45 5
      vertex -37 -34.55 5
    endloop
  endfacet
  facet normal 0 -1 0
    outer loop
      vertex -37 -33.45 5
      vertex -36.4 -33.45 13
      vertex -37 -33.45 13
    endloop
  endfacet
  facet normal 0 -1 -0
    outer loop
      vertex -36.4 -33.45 13
      vertex -37 -33.45 5
      vertex -36.4 -33.45 5
    endloop
  endfacet
  facet normal 0 1 -0
    outer loop
      vertex -36.4 -34.55 5
      vertex -37 -34.55 13
      vertex -36.4 -34.55 13
    endloop
  endfacet
  facet normal 0 1 0
    outer loop
      vertex -37 -34.55 13
      vertex -36.4 -34.55 5
      vertex -37 -34.55 5
    endloop
  endfacet
  facet normal -1 0 0
    outer loop
      vertex -36.4 -29.55 5
      vertex -36.4 -28.45 13
      vertex -36.4 -28.45 5
    endloop
  endfacet
  facet normal -1 -0 0
    outer loop
      vertex -36.4 -28.45 13
      vertex -36.4 -29.55 5
      vertex -36.4 -29.55 13
    endloop
  endfacet
  facet normal 0 0 -1
    outer loop
      vertex -37 -29.55 13
      vertex -36.4 -28.45 13
      vertex -36.4 -29.55 13
    endloop
  endfacet
  facet normal -0 0 -1
    outer loop
      vertex -36.4 -28.45 13
      vertex -37 -29.55 13
      vertex -37 -28.45 13
    endloop
  endfacet
  facet normal -0 0 1
    outer loop
      vertex -37 -28.45 5
      vertex -36.4 -29.55 5
      vertex -36.4 -28.45 5
    endloop
  endfacet
  facet normal 0 0 1
    outer loop
      vertex -36.4 -29.55 5
      vertex -37 -28.45 5
      vertex -37 -29.55 5
    endloop
  endfacet
  facet normal 0 -1 0
    outer loop
      vertex -37 -28.45 5
      vertex -36.4 -28.45 13
      vertex -37 -28.45 13
    endloop
  endfacet
  facet normal 0 -1 -0
    outer loop
      vertex -36.4 -28.45 13
      vertex -37 -28.45 5
      vertex -36.4 -28.45 5
    endloop
  endfacet
  facet normal 0 1 -0
    outer loop
      vertex -36.4 -29.55 5
      vertex -37 -29.55 13
      vertex -36.4 -29.55 13
    endloop
  endfacet
  facet normal 0 1 0
    outer loop
      vertex -37 -29.55 13
      vertex -36.4 -29.55 5
      vertex -37 -29.55 5
    endloop
  endfacet
  facet normal 0 0 -1
    outer loop
      vertex 36.4 -49.55 13
      vertex 37 -48.45 13
      vertex 37 -49.55 13
    endloop
  endfacet
  facet normal -0 0 -1
    outer loop
      vertex 37 -48.45 13
      vertex 36.4 -49.55 13
      vertex 36.4 -48.45 13
    endloop
  endfacet
  facet normal -0 0 1
    outer loop
      vertex 36.4 -48.45 5
      vertex 37 -49.55 5
      vertex 37 -48.45 5
    endloop
  endfacet
  facet normal 0 0 1
    outer loop
      vertex 37 -49.55 5
      vertex 36.4 -48.45 5
      vertex 36.4 -49.55 5
    endloop
  endfacet
  facet normal 1 -0 0
    outer loop
      vertex 36.4 -49.55 13
      vertex 36.4 -48.45 5
      vertex 36.4 -48.45 13
    endloop
  endfacet
  facet normal 1 0 0
    outer loop
      vertex 36.4 -48.45 5
      vertex 36.4 -49.55 13
      vertex 36.4 -49.55 5
    endloop
  endfacet
  facet normal 0 -1 0
    outer loop
      vertex 36.4 -48.45 5
      vertex 37 -48.45 13
      vertex 36.4 -48.45 13
    endloop
  endfacet
  facet normal 0 -1 -0
    outer loop
      vertex 37 -48.45 13
      vertex 36.4 -48.45 5
      vertex 37 -48.45 5
    endloop
  endfacet
  facet normal 0 1 -0
    outer loop
      vertex 37 -49.55 5
      vertex 36.4 -49.55 13
      vertex 37 -49.55 13
    endloop
  endfacet
  facet normal 0 1 0
    outer loop
      vertex 36.4 -49.55 13
      vertex 37 -49.55 5
      vertex 36.4 -49.55 5
    endloop
  endfacet
  facet normal 0 0 -1
    outer loop
      vertex 36.4 -44.55 13
      vertex 37 -43.45 13
      vertex 37 -44.55 13
    endloop
  endfacet
  facet normal -0 0 -1
    outer loop
      vertex 37 -43.45 13
      vertex 36.4 -44.55 13
      vertex 36.4 -43.45 13
    endloop
  endfacet
  facet normal -0 0 1
    outer loop
      vertex 36.4 -43.45 5
      vertex 37 -44.55 5
      vertex 37 -43.45 5
    endloop
  endfacet
  facet normal 0 0 1
    outer loop
      vertex 37 -44.55 5
      vertex 36.4 -43.45 5
      vertex 36.4 -44.55 5
    endloop
  endfacet
  facet normal 1 -0 0
    outer loop
      vertex 36.4 -44.55 13
      vertex 36.4 -43.45 5
      vertex 36.4 -43.45 13
    endloop
  endfacet
  facet normal 1 0 0
    outer loop
      vertex 36.4 -43.45 5
      vertex 36.4 -44.55 13
      vertex 36.4 -44.55 5
    endloop
  endfacet
  facet normal 0 -1 0
    outer loop
      vertex 36.4 -43.45 5
      vertex 37 -43.45 13
      vertex 36.4 -43.45 13
    endloop
  endfacet
  facet normal 0 -1 -0
    outer loop
      vertex 37 -43.45 13
      vertex 36.4 -43.45 5
      vertex 37 -43.45 5
    endloop
  endfacet
  facet normal 0 1 -0
    outer loop
      vertex 37 -44.55 5
      vertex 36.4 -44.55 13
      vertex 37 -44.55 13
    endloop
  endfacet
  facet normal 0 1 0
    outer loop
      vertex 36.4 -44.55 13
      vertex 37 -44.55 5
      vertex 36.4 -44.55 5
    endloop
  endfacet
  facet normal 0 0 -1
    outer loop
      vertex 36.4 -39.55 13
      vertex 37 -38.45 13
      vertex 37 -39.55 13
    endloop
  endfacet
  facet normal -0 0 -1
    outer loop
      vertex 37 -38.45 13
      vertex 36.4 -39.55 13
      vertex 36.4 -38.45 13
    endloop
  endfacet
  facet normal -0 0 1
    outer loop
      vertex 36.4 -38.45 5
      vertex 37 -39.55 5
      vertex 37 -38.45 5
    endloop
  endfacet
  facet normal 0 0 1
    outer loop
      vertex 37 -39.55 5
      vertex 36.4 -38.45 5
      vertex 36.4 -39.55 5
    endloop
  endfacet
  facet normal 1 -0 0
    outer loop
      vertex 36.4 -39.55 13
      vertex 36.4 -38.45 5
      vertex 36.4 -38.45 13
    endloop
  endfacet
  facet normal 1 0 0
    outer loop
      vertex 36.4 -38.45 5
      vertex 36.4 -39.55 13
      vertex 36.4 -39.55 5
    endloop
  endfacet
  facet normal 0 -1 0
    outer loop
      vertex 36.4 -38.45 5
      vertex 37 -38.45 13
      vertex 36.4 -38.45 13
    endloop
  endfacet
  facet normal 0 -1 -0
    outer loop
      vertex 37 -38.45 13
      vertex 36.4 -38.45 5
      vertex 37 -38.45 5
    endloop
  endfacet
  facet normal 0 1 -0
    outer loop
      vertex 37 -39.55 5
      vertex 36.4 -39.55 13
      vertex 37 -39.55 13
    endloop
  endfacet
  facet normal 0 1 0
    outer loop
      vertex 36.4 -39.55 13
      vertex 37 -39.55 5
      vertex 36.4 -39.55 5
    endloop
  endfacet
  facet normal 0 0 -1
    outer loop
      vertex 36.4 -34.55 13
      vertex 37 -33.45 13
      vertex 37 -34.55 13
    endloop
  endfacet
  facet normal -0 0 -1
    outer loop
      vertex 37 -33.45 13
      vertex 36.4 -34.55 13
      vertex 36.4 -33.45 13
    endloop
  endfacet
  facet normal -0 0 1
    outer loop
      vertex 36.4 -33.45 5
      vertex 37 -34.55 5
      vertex 37 -33.45 5
    endloop
  endfacet
  facet normal 0 0 1
    outer loop
      vertex 37 -34.55 5
      vertex 36.4 -33.45 5
      vertex 36.4 -34.55 5
    endloop
  endfacet
  facet normal 1 -0 0
    outer loop
      vertex 36.4 -34.55 13
      vertex 36.4 -33.45 5
      vertex 36.4 -33.45 13
    endloop
  endfacet
  facet normal 1 0 0
    outer loop
      vertex 36.4 -33.45 5
      vertex 36.4 -34.55 13
      vertex 36.4 -34.55 5
    endloop
  endfacet
  facet normal 0 -1 0
    outer loop
      vertex 36.4 -33.45 5
      vertex 37 -33.45 13
      vertex 36.4 -33.45 13
    endloop
  endfacet
  facet normal 0 -1 -0
    outer loop
      vertex 37 -33.45 13
      vertex 36.4 -33.45 5
      vertex 37 -33.45 5
    endloop
  endfacet
  facet normal 0 1 -0
    outer loop
      vertex 37 -34.55 5
      vertex 36.4 -34.55 13
      vertex 37 -34.55 13
    endloop
  endfacet
  facet normal 0 1 0
    outer loop
      vertex 36.4 -34.55 13
      vertex 37 -34.55 5
      vertex 36.4 -34.55 5
    endloop
  endfacet
  facet normal 0 0 -1
    outer loop
      vertex 36.4 -29.55 13
      vertex 37 -28.45 13
      vertex 37 -29.55 13
    endloop
  endfacet
  facet normal -0 0 -1
    outer loop
      vertex 37 -28.45 13
      vertex 36.4 -29.55 13
      vertex 36.4 -28.45 13
    endloop
  endfacet
  facet normal -0 0 1
    outer loop
      vertex 36.4 -28.45 5
      vertex 37 -29.55 5
      vertex 37 -28.45 5
    endloop
  endfacet
  facet normal 0 0 1
    outer loop
      vertex 37 -29.55 5
      vertex 36.4 -28.45 5
      vertex 36.4 -29.55 5
    endloop
  endfacet
  facet normal 1 -0 0
    outer loop
      vertex 36.4 -29.55 13
      vertex 36.4 -28.45 5
      vertex 36.4 -28.45 13
    endloop
  endfacet
  facet normal 1 0 0
    outer loop
      vertex 36.4 -28.45 5
      vertex 36.4 -29.55 13
      vertex 36.4 -29.55 5
    endloop
  endfacet
  facet normal 0 -1 0
    outer loop
      vertex 36.4 -28.45 5
      vertex 37 -28.45 13
      vertex 36.4 -28.45 13
    endloop
  endfacet
  facet normal 0 -1 -0
    outer loop
      vertex 37 -28.45 13
      vertex 36.4 -28.45 5
      vertex 37 -28.45 5
    endloop
  endfacet
  facet normal 0 1 -0
    outer loop
      vertex 37 -29.55 5
      vertex 36.4 -29.55 13
      vertex 37 -29.55 13
    endloop
  endfacet
  facet normal 0 1 0
    outer loop
      vertex 36.4 -29.55 13
      vertex 37 -29.55 5
      vertex 36.4 -29.55 5
    endloop
  endfacet
  facet normal -0.980708 -0.195477 4.06709e-19
    outer loop
      vertex -27.8598 40.1501 1.2
      vertex -27.8892 40.2976 4.3
      vertex -27.8892 40.2976 1.2
    endloop
  endfacet
  facet normal -0.980708 -0.195477 4.06709e-19
    outer loop
      vertex -27.8892 40.2976 4.3
      vertex -27.8598 40.1501 1.2
      vertex -27.8598 40.1501 4.3
    endloop
  endfacet
  facet normal -0.997875 -0.0651511 -1.59305e-19
    outer loop
      vertex -27.85 40 1.2
      vertex -27.8598 40.1501 4.3
      vertex -27.8598 40.1501 1.2
    endloop
  endfacet
  facet normal -0.997875 -0.0651511 -1.59305e-19
    outer loop
      vertex -27.8598 40.1501 4.3
      vertex -27.85 40 1.2
      vertex -27.85 40 4.3
    endloop
  endfacet
  facet normal 0.442688 -0.896676 0
    outer loop
      vertex -29.575 40.9959 1.2
      vertex -29.4401 41.0625 4.3
      vertex -29.575 40.9959 4.3
    endloop
  endfacet
  facet normal 0.442688 -0.896676 0
    outer loop
      vertex -29.4401 41.0625 4.3
      vertex -29.575 40.9959 1.2
      vertex -29.4401 41.0625 1.2
    endloop
  endfacet
  facet normal -0.659398 -0.751794 0
    outer loop
      vertex -28.2999 40.9124 1.2
      vertex -28.1868 40.8132 4.3
      vertex -28.2999 40.9124 4.3
    endloop
  endfacet
  facet normal -0.659398 -0.751794 -0
    outer loop
      vertex -28.1868 40.8132 4.3
      vertex -28.2999 40.9124 1.2
      vertex -28.1868 40.8132 1.2
    endloop
  endfacet
  facet normal 0.0651511 -0.997875 0
    outer loop
      vertex -29.1501 41.1402 1.2
      vertex -29 41.15 4.3
      vertex -29.1501 41.1402 4.3
    endloop
  endfacet
  facet normal 0.0651511 -0.997875 0
    outer loop
      vertex -29 41.15 4.3
      vertex -29.1501 41.1402 1.2
      vertex -29 41.15 1.2
    endloop
  endfacet
  facet normal -0.442688 0.896676 0
    outer loop
      vertex -28.425 39.0041 1.2
      vertex -28.5599 38.9375 4.3
      vertex -28.425 39.0041 4.3
    endloop
  endfacet
  facet normal -0.442688 0.896676 0
    outer loop
      vertex -28.5599 38.9375 4.3
      vertex -28.425 39.0041 1.2
      vertex -28.5599 38.9375 1.2
    endloop
  endfacet
  facet normal 0.980708 -0.195477 -4.06709e-19
    outer loop
      vertex -30.1402 40.1501 4.3
      vertex -30.1108 40.2976 1.2
      vertex -30.1108 40.2976 4.3
    endloop
  endfacet
  facet normal 0.980708 -0.195477 -4.06709e-19
    outer loop
      vertex -30.1108 40.2976 1.2
      vertex -30.1402 40.1501 4.3
      vertex -30.1402 40.1501 1.2
    endloop
  endfacet
  facet normal -0.195477 0.980708 0
    outer loop
      vertex -28.7024 38.8892 1.2
      vertex -28.8499 38.8598 4.3
      vertex -28.7024 38.8892 4.3
    endloop
  endfacet
  facet normal -0.195477 0.980708 0
    outer loop
      vertex -28.8499 38.8598 4.3
      vertex -28.7024 38.8892 1.2
      vertex -28.8499 38.8598 1.2
    endloop
  endfacet
  facet normal 0.0651511 0.997875 -0
    outer loop
      vertex -29 38.85 1.2
      vertex -29.1501 38.8598 4.3
      vertex -29 38.85 4.3
    endloop
  endfacet
  facet normal 0.0651511 0.997875 0
    outer loop
      vertex -29.1501 38.8598 4.3
      vertex -29 38.85 1.2
      vertex -29.1501 38.8598 1.2
    endloop
  endfacet
  facet normal 0.55516 0.831743 -0
    outer loop
      vertex -29.575 39.0041 1.2
      vertex -29.7001 39.0876 4.3
      vertex -29.575 39.0041 4.3
    endloop
  endfacet
  facet normal 0.55516 0.831743 0
    outer loop
      vertex -29.7001 39.0876 4.3
      vertex -29.575 39.0041 1.2
      vertex -29.7001 39.0876 1.2
    endloop
  endfacet
  facet normal -0.997875 0.0651511 1.59305e-19
    outer loop
      vertex -27.8598 39.8499 1.2
      vertex -27.85 40 4.3
      vertex -27.85 40 1.2
    endloop
  endfacet
  facet normal -0.997875 0.0651511 1.59305e-19
    outer loop
      vertex -27.85 40 4.3
      vertex -27.8598 39.8499 1.2
      vertex -27.8598 39.8499 4.3
    endloop
  endfacet
  facet normal 0.997875 -0.0651511 1.59305e-19
    outer loop
      vertex -30.15 40 4.3
      vertex -30.1402 40.1501 1.2
      vertex -30.1402 40.1501 4.3
    endloop
  endfacet
  facet normal 0.997875 -0.0651511 1.59305e-19
    outer loop
      vertex -30.1402 40.1501 1.2
      vertex -30.15 40 4.3
      vertex -30.15 40 1.2
    endloop
  endfacet
  facet normal -0.831743 -0.55516 -7.48099e-19
    outer loop
      vertex -28.0041 40.575 1.2
      vertex -28.0876 40.7001 4.3
      vertex -28.0876 40.7001 1.2
    endloop
  endfacet
  facet normal -0.831743 -0.55516 -7.48099e-19
    outer loop
      vertex -28.0876 40.7001 4.3
      vertex -28.0041 40.575 1.2
      vertex -28.0041 40.575 4.3
    endloop
  endfacet
  facet normal -0.896676 -0.442688 -1.85317e-18
    outer loop
      vertex -27.9375 40.4401 1.2
      vertex -28.0041 40.575 4.3
      vertex -28.0041 40.575 1.2
    endloop
  endfacet
  facet normal -0.896676 -0.442688 -1.85317e-18
    outer loop
      vertex -28.0041 40.575 4.3
      vertex -27.9375 40.4401 1.2
      vertex -27.9375 40.4401 4.3
    endloop
  endfacet
  facet normal 0.947076 0.321009 -7.12878e-20
    outer loop
      vertex -30.0625 39.5599 4.3
      vertex -30.1108 39.7024 1.2
      vertex -30.1108 39.7024 4.3
    endloop
  endfacet
  facet normal 0.947076 0.321009 -7.12878e-20
    outer loop
      vertex -30.1108 39.7024 1.2
      vertex -30.0625 39.5599 4.3
      vertex -30.0625 39.5599 1.2
    endloop
  endfacet
  facet normal -0.751794 0.659398 -2.53257e-19
    outer loop
      vertex -28.1868 39.1868 1.2
      vertex -28.0876 39.2999 4.3
      vertex -28.0876 39.2999 1.2
    endloop
  endfacet
  facet normal -0.751794 0.659398 -2.53257e-19
    outer loop
      vertex -28.0876 39.2999 4.3
      vertex -28.1868 39.1868 1.2
      vertex -28.1868 39.1868 4.3
    endloop
  endfacet
  facet normal -0.980708 0.195477 -4.06709e-19
    outer loop
      vertex -27.8892 39.7024 1.2
      vertex -27.8598 39.8499 4.3
      vertex -27.8598 39.8499 1.2
    endloop
  endfacet
  facet normal -0.980708 0.195477 -4.06709e-19
    outer loop
      vertex -27.8598 39.8499 4.3
      vertex -27.8892 39.7024 1.2
      vertex -27.8892 39.7024 4.3
    endloop
  endfacet
  facet normal 0.896676 0.442688 -1.85317e-18
    outer loop
      vertex -29.9959 39.425 4.3
      vertex -30.0625 39.5599 1.2
      vertex -30.0625 39.5599 4.3
    endloop
  endfacet
  facet normal 0.896676 0.442688 -1.85317e-18
    outer loop
      vertex -30.0625 39.5599 1.2
      vertex -29.9959 39.425 4.3
      vertex -29.9959 39.425 1.2
    endloop
  endfacet
  facet normal 0.321009 -0.947076 0
    outer loop
      vertex -29.4401 41.0625 1.2
      vertex -29.2976 41.1108 4.3
      vertex -29.4401 41.0625 4.3
    endloop
  endfacet
  facet normal 0.321009 -0.947076 0
    outer loop
      vertex -29.2976 41.1108 4.3
      vertex -29.4401 41.0625 1.2
      vertex -29.2976 41.1108 1.2
    endloop
  endfacet
  facet normal 0.659398 -0.751794 0
    outer loop
      vertex -29.8132 40.8132 1.2
      vertex -29.7001 40.9124 4.3
      vertex -29.8132 40.8132 4.3
    endloop
  endfacet
  facet normal 0.659398 -0.751794 0
    outer loop
      vertex -29.7001 40.9124 4.3
      vertex -29.8132 40.8132 1.2
      vertex -29.7001 40.9124 1.2
    endloop
  endfacet
  facet normal 0.55516 -0.831743 0
    outer loop
      vertex -29.7001 40.9124 1.2
      vertex -29.575 40.9959 4.3
      vertex -29.7001 40.9124 4.3
    endloop
  endfacet
  facet normal 0.55516 -0.831743 0
    outer loop
      vertex -29.575 40.9959 4.3
      vertex -29.7001 40.9124 1.2
      vertex -29.575 40.9959 1.2
    endloop
  endfacet
  facet normal -0.0651511 -0.997875 0
    outer loop
      vertex -29 41.15 1.2
      vertex -28.8499 41.1402 4.3
      vertex -29 41.15 4.3
    endloop
  endfacet
  facet normal -0.0651511 -0.997875 -0
    outer loop
      vertex -28.8499 41.1402 4.3
      vertex -29 41.15 1.2
      vertex -28.8499 41.1402 1.2
    endloop
  endfacet
  facet normal 0.751794 0.659398 2.53257e-19
    outer loop
      vertex -29.8132 39.1868 4.3
      vertex -29.9124 39.2999 1.2
      vertex -29.9124 39.2999 4.3
    endloop
  endfacet
  facet normal 0.751794 0.659398 2.53257e-19
    outer loop
      vertex -29.9124 39.2999 1.2
      vertex -29.8132 39.1868 4.3
      vertex -29.8132 39.1868 1.2
    endloop
  endfacet
  facet normal -0.659398 0.751794 0
    outer loop
      vertex -28.1868 39.1868 1.2
      vertex -28.2999 39.0876 4.3
      vertex -28.1868 39.1868 4.3
    endloop
  endfacet
  facet normal -0.659398 0.751794 0
    outer loop
      vertex -28.2999 39.0876 4.3
      vertex -28.1868 39.1868 1.2
      vertex -28.2999 39.0876 1.2
    endloop
  endfacet
  facet normal -0.0651511 0.997875 0
    outer loop
      vertex -28.8499 38.8598 1.2
      vertex -29 38.85 4.3
      vertex -28.8499 38.8598 4.3
    endloop
  endfacet
  facet normal -0.0651511 0.997875 0
    outer loop
      vertex -29 38.85 4.3
      vertex -28.8499 38.8598 1.2
      vertex -29 38.85 1.2
    endloop
  endfacet
  facet normal -0.55516 -0.831743 0
    outer loop
      vertex -28.425 40.9959 1.2
      vertex -28.2999 40.9124 4.3
      vertex -28.425 40.9959 4.3
    endloop
  endfacet
  facet normal -0.55516 -0.831743 -0
    outer loop
      vertex -28.2999 40.9124 4.3
      vertex -28.425 40.9959 1.2
      vertex -28.2999 40.9124 1.2
    endloop
  endfacet
  facet normal 0.442688 0.896676 -0
    outer loop
      vertex -29.4401 38.9375 1.2
      vertex -29.575 39.0041 4.3
      vertex -29.4401 38.9375 4.3
    endloop
  endfacet
  facet normal 0.442688 0.896676 0
    outer loop
      vertex -29.575 39.0041 4.3
      vertex -29.4401 38.9375 1.2
      vertex -29.575 39.0041 1.2
    endloop
  endfacet
  facet normal -0.55516 0.831743 0
    outer loop
      vertex -28.2999 39.0876 1.2
      vertex -28.425 39.0041 4.3
      vertex -28.2999 39.0876 4.3
    endloop
  endfacet
  facet normal -0.55516 0.831743 0
    outer loop
      vertex -28.425 39.0041 4.3
      vertex -28.2999 39.0876 1.2
      vertex -28.425 39.0041 1.2
    endloop
  endfacet
  facet normal -0.321009 0.947076 0
    outer loop
      vertex -28.5599 38.9375 1.2
      vertex -28.7024 38.8892 4.3
      vertex -28.5599 38.9375 4.3
    endloop
  endfacet
  facet normal -0.321009 0.947076 0
    outer loop
      vertex -28.7024 38.8892 4.3
      vertex -28.5599 38.9375 1.2
      vertex -28.7024 38.8892 1.2
    endloop
  endfacet
  facet normal 0.195477 -0.980708 0
    outer loop
      vertex -29.2976 41.1108 1.2
      vertex -29.1501 41.1402 4.3
      vertex -29.2976 41.1108 4.3
    endloop
  endfacet
  facet normal 0.195477 -0.980708 0
    outer loop
      vertex -29.1501 41.1402 4.3
      vertex -29.2976 41.1108 1.2
      vertex -29.1501 41.1402 1.2
    endloop
  endfacet
  facet normal -0.442688 -0.896676 0
    outer loop
      vertex -28.5599 41.0625 1.2
      vertex -28.425 40.9959 4.3
      vertex -28.5599 41.0625 4.3
    endloop
  endfacet
  facet normal -0.442688 -0.896676 -0
    outer loop
      vertex -28.425 40.9959 4.3
      vertex -28.5599 41.0625 1.2
      vertex -28.425 40.9959 1.2
    endloop
  endfacet
  facet normal 0.980708 0.195477 4.06709e-19
    outer loop
      vertex -30.1108 39.7024 4.3
      vertex -30.1402 39.8499 1.2
      vertex -30.1402 39.8499 4.3
    endloop
  endfacet
  facet normal 0.980708 0.195477 4.06709e-19
    outer loop
      vertex -30.1402 39.8499 1.2
      vertex -30.1108 39.7024 4.3
      vertex -30.1108 39.7024 1.2
    endloop
  endfacet
  facet normal -0.321009 -0.947076 0
    outer loop
      vertex -28.7024 41.1108 1.2
      vertex -28.5599 41.0625 4.3
      vertex -28.7024 41.1108 4.3
    endloop
  endfacet
  facet normal -0.321009 -0.947076 -0
    outer loop
      vertex -28.5599 41.0625 4.3
      vertex -28.7024 41.1108 1.2
      vertex -28.5599 41.0625 1.2
    endloop
  endfacet
  facet normal 0.896676 -0.442688 1.85317e-18
    outer loop
      vertex -30.0625 40.4401 4.3
      vertex -29.9959 40.575 1.2
      vertex -29.9959 40.575 4.3
    endloop
  endfacet
  facet normal 0.896676 -0.442688 1.85317e-18
    outer loop
      vertex -29.9959 40.575 1.2
      vertex -30.0625 40.4401 4.3
      vertex -30.0625 40.4401 1.2
    endloop
  endfacet
  facet normal 0.831743 -0.55516 7.48099e-19
    outer loop
      vertex -29.9959 40.575 4.3
      vertex -29.9124 40.7001 1.2
      vertex -29.9124 40.7001 4.3
    endloop
  endfacet
  facet normal 0.831743 -0.55516 7.48099e-19
    outer loop
      vertex -29.9124 40.7001 1.2
      vertex -29.9959 40.575 4.3
      vertex -29.9959 40.575 1.2
    endloop
  endfacet
  facet normal -0.831743 0.55516 7.48099e-19
    outer loop
      vertex -28.0876 39.2999 1.2
      vertex -28.0041 39.425 4.3
      vertex -28.0041 39.425 1.2
    endloop
  endfacet
  facet normal -0.831743 0.55516 7.48099e-19
    outer loop
      vertex -28.0041 39.425 4.3
      vertex -28.0876 39.2999 1.2
      vertex -28.0876 39.2999 4.3
    endloop
  endfacet
  facet normal -0.947076 0.321009 7.12878e-20
    outer loop
      vertex -27.9375 39.5599 1.2
      vertex -27.8892 39.7024 4.3
      vertex -27.8892 39.7024 1.2
    endloop
  endfacet
  facet normal -0.947076 0.321009 7.12878e-20
    outer loop
      vertex -27.8892 39.7024 4.3
      vertex -27.9375 39.5599 1.2
      vertex -27.9375 39.5599 4.3
    endloop
  endfacet
  facet normal -0.195477 -0.980708 0
    outer loop
      vertex -28.8499 41.1402 1.2
      vertex -28.7024 41.1108 4.3
      vertex -28.8499 41.1402 4.3
    endloop
  endfacet
  facet normal -0.195477 -0.980708 -0
    outer loop
      vertex -28.7024 41.1108 4.3
      vertex -28.8499 41.1402 1.2
      vertex -28.7024 41.1108 1.2
    endloop
  endfacet
  facet normal 0.997875 0.0651511 -1.59305e-19
    outer loop
      vertex -30.1402 39.8499 4.3
      vertex -30.15 40 1.2
      vertex -30.15 40 4.3
    endloop
  endfacet
  facet normal 0.997875 0.0651511 -1.59305e-19
    outer loop
      vertex -30.15 40 1.2
      vertex -30.1402 39.8499 4.3
      vertex -30.1402 39.8499 1.2
    endloop
  endfacet
  facet normal 0.195477 0.980708 -0
    outer loop
      vertex -29.1501 38.8598 1.2
      vertex -29.2976 38.8892 4.3
      vertex -29.1501 38.8598 4.3
    endloop
  endfacet
  facet normal 0.195477 0.980708 0
    outer loop
      vertex -29.2976 38.8892 4.3
      vertex -29.1501 38.8598 1.2
      vertex -29.2976 38.8892 1.2
    endloop
  endfacet
  facet normal -0.751794 -0.659398 2.53257e-19
    outer loop
      vertex -28.0876 40.7001 1.2
      vertex -28.1868 40.8132 4.3
      vertex -28.1868 40.8132 1.2
    endloop
  endfacet
  facet normal -0.751794 -0.659398 2.53257e-19
    outer loop
      vertex -28.1868 40.8132 4.3
      vertex -28.0876 40.7001 1.2
      vertex -28.0876 40.7001 4.3
    endloop
  endfacet
  facet normal -0.947076 -0.321009 -7.12878e-20
    outer loop
      vertex -27.8892 40.2976 1.2
      vertex -27.9375 40.4401 4.3
      vertex -27.9375 40.4401 1.2
    endloop
  endfacet
  facet normal -0.947076 -0.321009 -7.12878e-20
    outer loop
      vertex -27.9375 40.4401 4.3
      vertex -27.8892 40.2976 1.2
      vertex -27.8892 40.2976 4.3
    endloop
  endfacet
  facet normal 0.947076 -0.321009 7.12878e-20
    outer loop
      vertex -30.1108 40.2976 4.3
      vertex -30.0625 40.4401 1.2
      vertex -30.0625 40.4401 4.3
    endloop
  endfacet
  facet normal 0.947076 -0.321009 7.12878e-20
    outer loop
      vertex -30.0625 40.4401 1.2
      vertex -30.1108 40.2976 4.3
      vertex -30.1108 40.2976 1.2
    endloop
  endfacet
  facet normal 0.831743 0.55516 -7.48099e-19
    outer loop
      vertex -29.9124 39.2999 4.3
      vertex -29.9959 39.425 1.2
      vertex -29.9959 39.425 4.3
    endloop
  endfacet
  facet normal 0.831743 0.55516 -7.48099e-19
    outer loop
      vertex -29.9959 39.425 1.2
      vertex -29.9124 39.2999 4.3
      vertex -29.9124 39.2999 1.2
    endloop
  endfacet
  facet normal 0.321009 0.947076 -0
    outer loop
      vertex -29.2976 38.8892 1.2
      vertex -29.4401 38.9375 4.3
      vertex -29.2976 38.8892 4.3
    endloop
  endfacet
  facet normal 0.321009 0.947076 0
    outer loop
      vertex -29.4401 38.9375 4.3
      vertex -29.2976 38.8892 1.2
      vertex -29.4401 38.9375 1.2
    endloop
  endfacet
  facet normal -0.896676 0.442688 1.85317e-18
    outer loop
      vertex -28.0041 39.425 1.2
      vertex -27.9375 39.5599 4.3
      vertex -27.9375 39.5599 1.2
    endloop
  endfacet
  facet normal -0.896676 0.442688 1.85317e-18
    outer loop
      vertex -27.9375 39.5599 4.3
      vertex -28.0041 39.425 1.2
      vertex -28.0041 39.425 4.3
    endloop
  endfacet
  facet normal 0.659398 0.751794 -0
    outer loop
      vertex -29.7001 39.0876 1.2
      vertex -29.8132 39.1868 4.3
      vertex -29.7001 39.0876 4.3
    endloop
  endfacet
  facet normal 0.659398 0.751794 0
    outer loop
      vertex -29.8132 39.1868 4.3
      vertex -29.7001 39.0876 1.2
      vertex -29.8132 39.1868 1.2
    endloop
  endfacet
  facet normal 0.751794 -0.659398 -2.53257e-19
    outer loop
      vertex -29.9124 40.7001 4.3
      vertex -29.8132 40.8132 1.2
      vertex -29.8132 40.8132 4.3
    endloop
  endfacet
  facet normal 0.751794 -0.659398 -2.53257e-19
    outer loop
      vertex -29.8132 40.8132 1.2
      vertex -29.9124 40.7001 4.3
      vertex -29.9124 40.7001 1.2
    endloop
  endfacet
  facet normal 0 1 -0
    outer loop
      vertex -27.8 37.9215 4.3
      vertex -30.2 37.9215 6.6
      vertex -27.8 37.9215 6.6
    endloop
  endfacet
  facet normal 0 1 0
    outer loop
      vertex -30.2 37.9215 6.6
      vertex -27.8 37.9215 4.3
      vertex -30.2 37.9215 4.3
    endloop
  endfacet
  facet normal -0.866029 0.499993 3.81654e-17
    outer loop
      vertex -27.8 37.9215 4.3
      vertex -26.6 40 6.6
      vertex -26.6 40 4.3
    endloop
  endfacet
  facet normal -0.866029 0.499993 3.81654e-17
    outer loop
      vertex -26.6 40 6.6
      vertex -27.8 37.9215 4.3
      vertex -27.8 37.9215 6.6
    endloop
  endfacet
  facet normal 0 -1 0
    outer loop
      vertex -30.2 42.0785 4.3
      vertex -27.8 42.0785 6.6
      vertex -30.2 42.0785 6.6
    endloop
  endfacet
  facet normal 0 -1 -0
    outer loop
      vertex -27.8 42.0785 6.6
      vertex -30.2 42.0785 4.3
      vertex -27.8 42.0785 4.3
    endloop
  endfacet
  facet normal -0.866029 -0.499993 -3.81654e-17
    outer loop
      vertex -26.6 40 4.3
      vertex -27.8 42.0785 6.6
      vertex -27.8 42.0785 4.3
    endloop
  endfacet
  facet normal -0.866029 -0.499993 -3.81654e-17
    outer loop
      vertex -27.8 42.0785 6.6
      vertex -26.6 40 4.3
      vertex -26.6 40 6.6
    endloop
  endfacet
  facet normal 0.866029 -0.499993 3.81654e-17
    outer loop
      vertex -31.4 40 6.6
      vertex -30.2 42.0785 4.3
      vertex -30.2 42.0785 6.6
    endloop
  endfacet
  facet normal 0.866029 -0.499993 3.81654e-17
    outer loop
      vertex -30.2 42.0785 4.3
      vertex -31.4 40 6.6
      vertex -31.4 40 4.3
    endloop
  endfacet
  facet normal 0.866029 0.499993 -3.81654e-17
    outer loop
      vertex -30.2 37.9215 6.6
      vertex -31.4 40 4.3
      vertex -31.4 40 6.6
    endloop
  endfacet
  facet normal 0.866029 0.499993 -3.81654e-17
    outer loop
      vertex -31.4 40 4.3
      vertex -30.2 37.9215 6.6
      vertex -30.2 37.9215 4.3
    endloop
  endfacet
  facet normal -0 0 1
    outer loop
      vertex -28.0041 40.575 4.3
      vertex -26.6 40 4.3
      vertex -27.8 42.0785 4.3
    endloop
  endfacet
  facet normal 0 0 1
    outer loop
      vertex -27.8598 39.8499 4.3
      vertex -26.6 40 4.3
      vertex -27.85 40 4.3
    endloop
  endfacet
  facet normal 0 0 1
    outer loop
      vertex -26.6 40 4.3
      vertex -27.8598 40.1501 4.3
      vertex -27.85 40 4.3
    endloop
  endfacet
  facet normal 0 0 1
    outer loop
      vertex -26.6 40 4.3
      vertex -27.8892 40.2976 4.3
      vertex -27.8598 40.1501 4.3
    endloop
  endfacet
  facet normal 0 0 1
    outer loop
      vertex -26.6 40 4.3
      vertex -27.9375 40.4401 4.3
      vertex -27.8892 40.2976 4.3
    endloop
  endfacet
  facet normal 0 0 1
    outer loop
      vertex -26.6 40 4.3
      vertex -28.0041 40.575 4.3
      vertex -27.9375 40.4401 4.3
    endloop
  endfacet
  facet normal 0 0 1
    outer loop
      vertex -27.8 42.0785 4.3
      vertex -28.0876 40.7001 4.3
      vertex -28.0041 40.575 4.3
    endloop
  endfacet
  facet normal 0 0 1
    outer loop
      vertex -27.8 42.0785 4.3
      vertex -28.1868 40.8132 4.3
      vertex -28.0876 40.7001 4.3
    endloop
  endfacet
  facet normal 0 0 1
    outer loop
      vertex -27.8 42.0785 4.3
      vertex -28.2999 40.9124 4.3
      vertex -28.1868 40.8132 4.3
    endloop
  endfacet
  facet normal 0 0 1
    outer loop
      vertex -27.8 42.0785 4.3
      vertex -28.425 40.9959 4.3
      vertex -28.2999 40.9124 4.3
    endloop
  endfacet
  facet normal 0 0 1
    outer loop
      vertex -27.8 42.0785 4.3
      vertex -28.5599 41.0625 4.3
      vertex -28.425 40.9959 4.3
    endloop
  endfacet
  facet normal 0 0 1
    outer loop
      vertex -27.8 42.0785 4.3
      vertex -28.7024 41.1108 4.3
      vertex -28.5599 41.0625 4.3
    endloop
  endfacet
  facet normal 0 0 1
    outer loop
      vertex -27.8 42.0785 4.3
      vertex -28.8499 41.1402 4.3
      vertex -28.7024 41.1108 4.3
    endloop
  endfacet
  facet normal 0 0 1
    outer loop
      vertex -27.8 42.0785 4.3
      vertex -29 41.15 4.3
      vertex -28.8499 41.1402 4.3
    endloop
  endfacet
  facet normal -0 0 1
    outer loop
      vertex -30.2 42.0785 4.3
      vertex -29 41.15 4.3
      vertex -27.8 42.0785 4.3
    endloop
  endfacet
  facet normal 0 0 1
    outer loop
      vertex -29 41.15 4.3
      vertex -30.2 42.0785 4.3
      vertex -29.1501 41.1402 4.3
    endloop
  endfacet
  facet normal 0 0 1
    outer loop
      vertex -29.1501 41.1402 4.3
      vertex -30.2 42.0785 4.3
      vertex -29.2976 41.1108 4.3
    endloop
  endfacet
  facet normal 0 0 1
    outer loop
      vertex -29.2976 41.1108 4.3
      vertex -30.2 42.0785 4.3
      vertex -29.4401 41.0625 4.3
    endloop
  endfacet
  facet normal 0 0 1
    outer loop
      vertex -30.1108 40.2976 4.3
      vertex -31.4 40 4.3
      vertex -30.1402 40.1501 4.3
    endloop
  endfacet
  facet normal 0 0 1
    outer loop
      vertex -30.0625 40.4401 4.3
      vertex -31.4 40 4.3
      vertex -30.1108 40.2976 4.3
    endloop
  endfacet
  facet normal 0 0 1
    outer loop
      vertex -29.9959 40.575 4.3
      vertex -31.4 40 4.3
      vertex -30.0625 40.4401 4.3
    endloop
  endfacet
  facet normal 0 0 1
    outer loop
      vertex -31.4 40 4.3
      vertex -29.9959 40.575 4.3
      vertex -30.2 42.0785 4.3
    endloop
  endfacet
  facet normal 0 0 1
    outer loop
      vertex -29.9124 40.7001 4.3
      vertex -30.2 42.0785 4.3
      vertex -29.9959 40.575 4.3
    endloop
  endfacet
  facet normal 0 0 1
    outer loop
      vertex -29.8132 40.8132 4.3
      vertex -30.2 42.0785 4.3
      vertex -29.9124 40.7001 4.3
    endloop
  endfacet
  facet normal 0 0 1
    outer loop
      vertex -29.7001 40.9124 4.3
      vertex -30.2 42.0785 4.3
      vertex -29.8132 40.8132 4.3
    endloop
  endfacet
  facet normal 0 0 1
    outer loop
      vertex -29.575 40.9959 4.3
      vertex -30.2 42.0785 4.3
      vertex -29.7001 40.9124 4.3
    endloop
  endfacet
  facet normal 0 0 1
    outer loop
      vertex -29.4401 41.0625 4.3
      vertex -30.2 42.0785 4.3
      vertex -29.575 40.9959 4.3
    endloop
  endfacet
  facet normal 0 0 1
    outer loop
      vertex -27.8892 39.7024 4.3
      vertex -26.6 40 4.3
      vertex -27.8598 39.8499 4.3
    endloop
  endfacet
  facet normal 0 0 1
    outer loop
      vertex -27.9375 39.5599 4.3
      vertex -26.6 40 4.3
      vertex -27.8892 39.7024 4.3
    endloop
  endfacet
  facet normal 0 0 1
    outer loop
      vertex -28.0041 39.425 4.3
      vertex -26.6 40 4.3
      vertex -27.9375 39.5599 4.3
    endloop
  endfacet
  facet normal 0 0 1
    outer loop
      vertex -26.6 40 4.3
      vertex -28.0041 39.425 4.3
      vertex -27.8 37.9215 4.3
    endloop
  endfacet
  facet normal -0 0 1
    outer loop
      vertex -28.0876 39.2999 4.3
      vertex -27.8 37.9215 4.3
      vertex -28.0041 39.425 4.3
    endloop
  endfacet
  facet normal -0 0 1
    outer loop
      vertex -28.1868 39.1868 4.3
      vertex -27.8 37.9215 4.3
      vertex -28.0876 39.2999 4.3
    endloop
  endfacet
  facet normal -0 0 1
    outer loop
      vertex -28.2999 39.0876 4.3
      vertex -27.8 37.9215 4.3
      vertex -28.1868 39.1868 4.3
    endloop
  endfacet
  facet normal -0 0 1
    outer loop
      vertex -28.425 39.0041 4.3
      vertex -27.8 37.9215 4.3
      vertex -28.2999 39.0876 4.3
    endloop
  endfacet
  facet normal -0 0 1
    outer loop
      vertex -28.5599 38.9375 4.3
      vertex -27.8 37.9215 4.3
      vertex -28.425 39.0041 4.3
    endloop
  endfacet
  facet normal -0 0 1
    outer loop
      vertex -28.7024 38.8892 4.3
      vertex -27.8 37.9215 4.3
      vertex -28.5599 38.9375 4.3
    endloop
  endfacet
  facet normal -0 0 1
    outer loop
      vertex -28.8499 38.8598 4.3
      vertex -27.8 37.9215 4.3
      vertex -28.7024 38.8892 4.3
    endloop
  endfacet
  facet normal -0 0 1
    outer loop
      vertex -29 38.85 4.3
      vertex -27.8 37.9215 4.3
      vertex -28.8499 38.8598 4.3
    endloop
  endfacet
  facet normal 0 0 1
    outer loop
      vertex -30.2 37.9215 4.3
      vertex -29 38.85 4.3
      vertex -29.1501 38.8598 4.3
    endloop
  endfacet
  facet normal 0 0 1
    outer loop
      vertex -30.2 37.9215 4.3
      vertex -29.1501 38.8598 4.3
      vertex -29.2976 38.8892 4.3
    endloop
  endfacet
  facet normal 0 0 1
    outer loop
      vertex -30.2 37.9215 4.3
      vertex -29.2976 38.8892 4.3
      vertex -29.4401 38.9375 4.3
    endloop
  endfacet
  facet normal 0 0 1
    outer loop
      vertex -30.2 37.9215 4.3
      vertex -29.4401 38.9375 4.3
      vertex -29.575 39.0041 4.3
    endloop
  endfacet
  facet normal 0 0 1
    outer loop
      vertex -29 38.85 4.3
      vertex -30.2 37.9215 4.3
      vertex -27.8 37.9215 4.3
    endloop
  endfacet
  facet normal 0 0 1
    outer loop
      vertex -29.7001 39.0876 4.3
      vertex -30.2 37.9215 4.3
      vertex -29.575 39.0041 4.3
    endloop
  endfacet
  facet normal 0 0 1
    outer loop
      vertex -29.8132 39.1868 4.3
      vertex -30.2 37.9215 4.3
      vertex -29.7001 39.0876 4.3
    endloop
  endfacet
  facet normal 0 0 1
    outer loop
      vertex -29.9124 39.2999 4.3
      vertex -30.2 37.9215 4.3
      vertex -29.8132 39.1868 4.3
    endloop
  endfacet
  facet normal 0 0 1
    outer loop
      vertex -29.9959 39.425 4.3
      vertex -30.2 37.9215 4.3
      vertex -29.9124 39.2999 4.3
    endloop
  endfacet
  facet normal 0 0 1
    outer loop
      vertex -31.4 40 4.3
      vertex -29.9959 39.425 4.3
      vertex -30.0625 39.5599 4.3
    endloop
  endfacet
  facet normal 0 0 1
    outer loop
      vertex -31.4 40 4.3
      vertex -30.0625 39.5599 4.3
      vertex -30.1108 39.7024 4.3
    endloop
  endfacet
  facet normal 0 0 1
    outer loop
      vertex -31.4 40 4.3
      vertex -30.1108 39.7024 4.3
      vertex -30.1402 39.8499 4.3
    endloop
  endfacet
  facet normal -0 0 1
    outer loop
      vertex -31.4 40 4.3
      vertex -30.1402 39.8499 4.3
      vertex -30.15 40 4.3
    endloop
  endfacet
  facet normal 0 0 1
    outer loop
      vertex -30.1402 40.1501 4.3
      vertex -31.4 40 4.3
      vertex -30.15 40 4.3
    endloop
  endfacet
  facet normal 0 0 1
    outer loop
      vertex -29.9959 39.425 4.3
      vertex -31.4 40 4.3
      vertex -30.2 37.9215 4.3
    endloop
  endfacet
  facet normal -0.980708 -0.195477 4.06709e-19
    outer loop
      vertex 30.1402 40.1501 1.2
      vertex 30.1108 40.2976 4.3
      vertex 30.1108 40.2976 1.2
    endloop
  endfacet
  facet normal -0.980708 -0.195477 4.06709e-19
    outer loop
      vertex 30.1108 40.2976 4.3
      vertex 30.1402 40.1501 1.2
      vertex 30.1402 40.1501 4.3
    endloop
  endfacet
  facet normal -0.997875 -0.0651511 -1.59305e-19
    outer loop
      vertex 30.15 40 1.2
      vertex 30.1402 40.1501 4.3
      vertex 30.1402 40.1501 1.2
    endloop
  endfacet
  facet normal -0.997875 -0.0651511 -1.59305e-19
    outer loop
      vertex 30.1402 40.1501 4.3
      vertex 30.15 40 1.2
      vertex 30.15 40 4.3
    endloop
  endfacet
  facet normal 0.442688 -0.896676 0
    outer loop
      vertex 28.425 40.9959 1.2
      vertex 28.5599 41.0625 4.3
      vertex 28.425 40.9959 4.3
    endloop
  endfacet
  facet normal 0.442688 -0.896676 0
    outer loop
      vertex 28.5599 41.0625 4.3
      vertex 28.425 40.9959 1.2
      vertex 28.5599 41.0625 1.2
    endloop
  endfacet
  facet normal -0.659398 -0.751794 0
    outer loop
      vertex 29.7001 40.9124 1.2
      vertex 29.8132 40.8132 4.3
      vertex 29.7001 40.9124 4.3
    endloop
  endfacet
  facet normal -0.659398 -0.751794 -0
    outer loop
      vertex 29.8132 40.8132 4.3
      vertex 29.7001 40.9124 1.2
      vertex 29.8132 40.8132 1.2
    endloop
  endfacet
  facet normal 0.0651511 -0.997875 0
    outer loop
      vertex 28.8499 41.1402 1.2
      vertex 29 41.15 4.3
      vertex 28.8499 41.1402 4.3
    endloop
  endfacet
  facet normal 0.0651511 -0.997875 0
    outer loop
      vertex 29 41.15 4.3
      vertex 28.8499 41.1402 1.2
      vertex 29 41.15 1.2
    endloop
  endfacet
  facet normal -0.442688 0.896676 0
    outer loop
      vertex 29.575 39.0041 1.2
      vertex 29.4401 38.9375 4.3
      vertex 29.575 39.0041 4.3
    endloop
  endfacet
  facet normal -0.442688 0.896676 0
    outer loop
      vertex 29.4401 38.9375 4.3
      vertex 29.575 39.0041 1.2
      vertex 29.4401 38.9375 1.2
    endloop
  endfacet
  facet normal 0.980708 -0.195477 -4.06709e-19
    outer loop
      vertex 27.8598 40.1501 4.3
      vertex 27.8892 40.2976 1.2
      vertex 27.8892 40.2976 4.3
    endloop
  endfacet
  facet normal 0.980708 -0.195477 -4.06709e-19
    outer loop
      vertex 27.8892 40.2976 1.2
      vertex 27.8598 40.1501 4.3
      vertex 27.8598 40.1501 1.2
    endloop
  endfacet
  facet normal -0.195477 0.980708 0
    outer loop
      vertex 29.2976 38.8892 1.2
      vertex 29.1501 38.8598 4.3
      vertex 29.2976 38.8892 4.3
    endloop
  endfacet
  facet normal -0.195477 0.980708 0
    outer loop
      vertex 29.1501 38.8598 4.3
      vertex 29.2976 38.8892 1.2
      vertex 29.1501 38.8598 1.2
    endloop
  endfacet
  facet normal 0.0651511 0.997875 -0
    outer loop
      vertex 29 38.85 1.2
      vertex 28.8499 38.8598 4.3
      vertex 29 38.85 4.3
    endloop
  endfacet
  facet normal 0.0651511 0.997875 0
    outer loop
      vertex 28.8499 38.8598 4.3
      vertex 29 38.85 1.2
      vertex 28.8499 38.8598 1.2
    endloop
  endfacet
  facet normal 0.55516 0.831743 -0
    outer loop
      vertex 28.425 39.0041 1.2
      vertex 28.2999 39.0876 4.3
      vertex 28.425 39.0041 4.3
    endloop
  endfacet
  facet normal 0.55516 0.831743 0
    outer loop
      vertex 28.2999 39.0876 4.3
      vertex 28.425 39.0041 1.2
      vertex 28.2999 39.0876 1.2
    endloop
  endfacet
  facet normal -0.997875 0.0651511 1.59305e-19
    outer loop
      vertex 30.1402 39.8499 1.2
      vertex 30.15 40 4.3
      vertex 30.15 40 1.2
    endloop
  endfacet
  facet normal -0.997875 0.0651511 1.59305e-19
    outer loop
      vertex 30.15 40 4.3
      vertex 30.1402 39.8499 1.2
      vertex 30.1402 39.8499 4.3
    endloop
  endfacet
  facet normal 0.997875 -0.0651511 1.59305e-19
    outer loop
      vertex 27.85 40 4.3
      vertex 27.8598 40.1501 1.2
      vertex 27.8598 40.1501 4.3
    endloop
  endfacet
  facet normal 0.997875 -0.0651511 1.59305e-19
    outer loop
      vertex 27.8598 40.1501 1.2
      vertex 27.85 40 4.3
      vertex 27.85 40 1.2
    endloop
  endfacet
  facet normal -0.831743 -0.55516 -7.48099e-19
    outer loop
      vertex 29.9959 40.575 1.2
      vertex 29.9124 40.7001 4.3
      vertex 29.9124 40.7001 1.2
    endloop
  endfacet
  facet normal -0.831743 -0.55516 -7.48099e-19
    outer loop
      vertex 29.9124 40.7001 4.3
      vertex 29.9959 40.575 1.2
      vertex 29.9959 40.575 4.3
    endloop
  endfacet
  facet normal -0.896676 -0.442688 -1.85317e-18
    outer loop
      vertex 30.0625 40.4401 1.2
      vertex 29.9959 40.575 4.3
      vertex 29.9959 40.575 1.2
    endloop
  endfacet
  facet normal -0.896676 -0.442688 -1.85317e-18
    outer loop
      vertex 29.9959 40.575 4.3
      vertex 30.0625 40.4401 1.2
      vertex 30.0625 40.4401 4.3
    endloop
  endfacet
  facet normal 0.947076 0.321009 -7.12878e-20
    outer loop
      vertex 27.9375 39.5599 4.3
      vertex 27.8892 39.7024 1.2
      vertex 27.8892 39.7024 4.3
    endloop
  endfacet
  facet normal 0.947076 0.321009 -7.12878e-20
    outer loop
      vertex 27.8892 39.7024 1.2
      vertex 27.9375 39.5599 4.3
      vertex 27.9375 39.5599 1.2
    endloop
  endfacet
  facet normal -0.751794 0.659398 -2.53257e-19
    outer loop
      vertex 29.8132 39.1868 1.2
      vertex 29.9124 39.2999 4.3
      vertex 29.9124 39.2999 1.2
    endloop
  endfacet
  facet normal -0.751794 0.659398 -2.53257e-19
    outer loop
      vertex 29.9124 39.2999 4.3
      vertex 29.8132 39.1868 1.2
      vertex 29.8132 39.1868 4.3
    endloop
  endfacet
  facet normal -0.980708 0.195477 -4.06709e-19
    outer loop
      vertex 30.1108 39.7024 1.2
      vertex 30.1402 39.8499 4.3
      vertex 30.1402 39.8499 1.2
    endloop
  endfacet
  facet normal -0.980708 0.195477 -4.06709e-19
    outer loop
      vertex 30.1402 39.8499 4.3
      vertex 30.1108 39.7024 1.2
      vertex 30.1108 39.7024 4.3
    endloop
  endfacet
  facet normal 0.896676 0.442688 -1.85317e-18
    outer loop
      vertex 28.0041 39.425 4.3
      vertex 27.9375 39.5599 1.2
      vertex 27.9375 39.5599 4.3
    endloop
  endfacet
  facet normal 0.896676 0.442688 -1.85317e-18
    outer loop
      vertex 27.9375 39.5599 1.2
      vertex 28.0041 39.425 4.3
      vertex 28.0041 39.425 1.2
    endloop
  endfacet
  facet normal 0.321009 -0.947076 0
    outer loop
      vertex 28.5599 41.0625 1.2
      vertex 28.7024 41.1108 4.3
      vertex 28.5599 41.0625 4.3
    endloop
  endfacet
  facet normal 0.321009 -0.947076 0
    outer loop
      vertex 28.7024 41.1108 4.3
      vertex 28.5599 41.0625 1.2
      vertex 28.7024 41.1108 1.2
    endloop
  endfacet
  facet normal 0.659398 -0.751794 0
    outer loop
      vertex 28.1868 40.8132 1.2
      vertex 28.2999 40.9124 4.3
      vertex 28.1868 40.8132 4.3
    endloop
  endfacet
  facet normal 0.659398 -0.751794 0
    outer loop
      vertex 28.2999 40.9124 4.3
      vertex 28.1868 40.8132 1.2
      vertex 28.2999 40.9124 1.2
    endloop
  endfacet
  facet normal 0.55516 -0.831743 0
    outer loop
      vertex 28.2999 40.9124 1.2
      vertex 28.425 40.9959 4.3
      vertex 28.2999 40.9124 4.3
    endloop
  endfacet
  facet normal 0.55516 -0.831743 0
    outer loop
      vertex 28.425 40.9959 4.3
      vertex 28.2999 40.9124 1.2
      vertex 28.425 40.9959 1.2
    endloop
  endfacet
  facet normal -0.0651511 -0.997875 0
    outer loop
      vertex 29 41.15 1.2
      vertex 29.1501 41.1402 4.3
      vertex 29 41.15 4.3
    endloop
  endfacet
  facet normal -0.0651511 -0.997875 -0
    outer loop
      vertex 29.1501 41.1402 4.3
      vertex 29 41.15 1.2
      vertex 29.1501 41.1402 1.2
    endloop
  endfacet
  facet normal -0.321009 0.947076 0
    outer loop
      vertex 29.4401 38.9375 1.2
      vertex 29.2976 38.8892 4.3
      vertex 29.4401 38.9375 4.3
    endloop
  endfacet
  facet normal -0.321009 0.947076 0
    outer loop
      vertex 29.2976 38.8892 4.3
      vertex 29.4401 38.9375 1.2
      vertex 29.2976 38.8892 1.2
    endloop
  endfacet
  facet normal 0.751794 0.659398 2.53257e-19
    outer loop
      vertex 28.1868 39.1868 4.3
      vertex 28.0876 39.2999 1.2
      vertex 28.0876 39.2999 4.3
    endloop
  endfacet
  facet normal 0.751794 0.659398 2.53257e-19
    outer loop
      vertex 28.0876 39.2999 1.2
      vertex 28.1868 39.1868 4.3
      vertex 28.1868 39.1868 1.2
    endloop
  endfacet
  facet normal -0.659398 0.751794 0
    outer loop
      vertex 29.8132 39.1868 1.2
      vertex 29.7001 39.0876 4.3
      vertex 29.8132 39.1868 4.3
    endloop
  endfacet
  facet normal -0.659398 0.751794 0
    outer loop
      vertex 29.7001 39.0876 4.3
      vertex 29.8132 39.1868 1.2
      vertex 29.7001 39.0876 1.2
    endloop
  endfacet
  facet normal -0.0651511 0.997875 0
    outer loop
      vertex 29.1501 38.8598 1.2
      vertex 29 38.85 4.3
      vertex 29.1501 38.8598 4.3
    endloop
  endfacet
  facet normal -0.0651511 0.997875 0
    outer loop
      vertex 29 38.85 4.3
      vertex 29.1501 38.8598 1.2
      vertex 29 38.85 1.2
    endloop
  endfacet
  facet normal -0.55516 -0.831743 0
    outer loop
      vertex 29.575 40.9959 1.2
      vertex 29.7001 40.9124 4.3
      vertex 29.575 40.9959 4.3
    endloop
  endfacet
  facet normal -0.55516 -0.831743 -0
    outer loop
      vertex 29.7001 40.9124 4.3
      vertex 29.575 40.9959 1.2
      vertex 29.7001 40.9124 1.2
    endloop
  endfacet
  facet normal 0.442688 0.896676 -0
    outer loop
      vertex 28.5599 38.9375 1.2
      vertex 28.425 39.0041 4.3
      vertex 28.5599 38.9375 4.3
    endloop
  endfacet
  facet normal 0.442688 0.896676 0
    outer loop
      vertex 28.425 39.0041 4.3
      vertex 28.5599 38.9375 1.2
      vertex 28.425 39.0041 1.2
    endloop
  endfacet
  facet normal -0.55516 0.831743 0
    outer loop
      vertex 29.7001 39.0876 1.2
      vertex 29.575 39.0041 4.3
      vertex 29.7001 39.0876 4.3
    endloop
  endfacet
  facet normal -0.55516 0.831743 0
    outer loop
      vertex 29.575 39.0041 4.3
      vertex 29.7001 39.0876 1.2
      vertex 29.575 39.0041 1.2
    endloop
  endfacet
  facet normal 0.195477 -0.980708 0
    outer loop
      vertex 28.7024 41.1108 1.2
      vertex 28.8499 41.1402 4.3
      vertex 28.7024 41.1108 4.3
    endloop
  endfacet
  facet normal 0.195477 -0.980708 0
    outer loop
      vertex 28.8499 41.1402 4.3
      vertex 28.7024 41.1108 1.2
      vertex 28.8499 41.1402 1.2
    endloop
  endfacet
  facet normal -0.442688 -0.896676 0
    outer loop
      vertex 29.4401 41.0625 1.2
      vertex 29.575 40.9959 4.3
      vertex 29.4401 41.0625 4.3
    endloop
  endfacet
  facet normal -0.442688 -0.896676 -0
    outer loop
      vertex 29.575 40.9959 4.3
      vertex 29.4401 41.0625 1.2
      vertex 29.575 40.9959 1.2
    endloop
  endfacet
  facet normal 0.980708 0.195477 4.06709e-19
    outer loop
      vertex 27.8892 39.7024 4.3
      vertex 27.8598 39.8499 1.2
      vertex 27.8598 39.8499 4.3
    endloop
  endfacet
  facet normal 0.980708 0.195477 4.06709e-19
    outer loop
      vertex 27.8598 39.8499 1.2
      vertex 27.8892 39.7024 4.3
      vertex 27.8892 39.7024 1.2
    endloop
  endfacet
  facet normal -0.321009 -0.947076 0
    outer loop
      vertex 29.2976 41.1108 1.2
      vertex 29.4401 41.0625 4.3
      vertex 29.2976 41.1108 4.3
    endloop
  endfacet
  facet normal -0.321009 -0.947076 -0
    outer loop
      vertex 29.4401 41.0625 4.3
      vertex 29.2976 41.1108 1.2
      vertex 29.4401 41.0625 1.2
    endloop
  endfacet
  facet normal 0.896676 -0.442688 1.85317e-18
    outer loop
      vertex 27.9375 40.4401 4.3
      vertex 28.0041 40.575 1.2
      vertex 28.0041 40.575 4.3
    endloop
  endfacet
  facet normal 0.896676 -0.442688 1.85317e-18
    outer loop
      vertex 28.0041 40.575 1.2
      vertex 27.9375 40.4401 4.3
      vertex 27.9375 40.4401 1.2
    endloop
  endfacet
  facet normal 0.831743 -0.55516 7.48099e-19
    outer loop
      vertex 28.0041 40.575 4.3
      vertex 28.0876 40.7001 1.2
      vertex 28.0876 40.7001 4.3
    endloop
  endfacet
  facet normal 0.831743 -0.55516 7.48099e-19
    outer loop
      vertex 28.0876 40.7001 1.2
      vertex 28.0041 40.575 4.3
      vertex 28.0041 40.575 1.2
    endloop
  endfacet
  facet normal -0.831743 0.55516 7.48099e-19
    outer loop
      vertex 29.9124 39.2999 1.2
      vertex 29.9959 39.425 4.3
      vertex 29.9959 39.425 1.2
    endloop
  endfacet
  facet normal -0.831743 0.55516 7.48099e-19
    outer loop
      vertex 29.9959 39.425 4.3
      vertex 29.9124 39.2999 1.2
      vertex 29.9124 39.2999 4.3
    endloop
  endfacet
  facet normal -0.947076 0.321009 7.12878e-20
    outer loop
      vertex 30.0625 39.5599 1.2
      vertex 30.1108 39.7024 4.3
      vertex 30.1108 39.7024 1.2
    endloop
  endfacet
  facet normal -0.947076 0.321009 7.12878e-20
    outer loop
      vertex 30.1108 39.7024 4.3
      vertex 30.0625 39.5599 1.2
      vertex 30.0625 39.5599 4.3
    endloop
  endfacet
  facet normal -0.195477 -0.980708 0
    outer loop
      vertex 29.1501 41.1402 1.2
      vertex 29.2976 41.1108 4.3
      vertex 29.1501 41.1402 4.3
    endloop
  endfacet
  facet normal -0.195477 -0.980708 -0
    outer loop
      vertex 29.2976 41.1108 4.3
      vertex 29.1501 41.1402 1.2
      vertex 29.2976 41.1108 1.2
    endloop
  endfacet
  facet normal 0.997875 0.0651511 -1.59305e-19
    outer loop
      vertex 27.8598 39.8499 4.3
      vertex 27.85 40 1.2
      vertex 27.85 40 4.3
    endloop
  endfacet
  facet normal 0.997875 0.0651511 -1.59305e-19
    outer loop
      vertex 27.85 40 1.2
      vertex 27.8598 39.8499 4.3
      vertex 27.8598 39.8499 1.2
    endloop
  endfacet
  facet normal 0.195477 0.980708 -0
    outer loop
      vertex 28.8499 38.8598 1.2
      vertex 28.7024 38.8892 4.3
      vertex 28.8499 38.8598 4.3
    endloop
  endfacet
  facet normal 0.195477 0.980708 0
    outer loop
      vertex 28.7024 38.8892 4.3
      vertex 28.8499 38.8598 1.2
      vertex 28.7024 38.8892 1.2
    endloop
  endfacet
  facet normal -0.751794 -0.659398 2.53257e-19
    outer loop
      vertex 29.9124 40.7001 1.2
      vertex 29.8132 40.8132 4.3
      vertex 29.8132 40.8132 1.2
    endloop
  endfacet
  facet normal -0.751794 -0.659398 2.53257e-19
    outer loop
      vertex 29.8132 40.8132 4.3
      vertex 29.9124 40.7001 1.2
      vertex 29.9124 40.7001 4.3
    endloop
  endfacet
  facet normal -0.947076 -0.321009 -7.12878e-20
    outer loop
      vertex 30.1108 40.2976 1.2
      vertex 30.0625 40.4401 4.3
      vertex 30.0625 40.4401 1.2
    endloop
  endfacet
  facet normal -0.947076 -0.321009 -7.12878e-20
    outer loop
      vertex 30.0625 40.4401 4.3
      vertex 30.1108 40.2976 1.2
      vertex 30.1108 40.2976 4.3
    endloop
  endfacet
  facet normal 0.947076 -0.321009 7.12878e-20
    outer loop
      vertex 27.8892 40.2976 4.3
      vertex 27.9375 40.4401 1.2
      vertex 27.9375 40.4401 4.3
    endloop
  endfacet
  facet normal 0.947076 -0.321009 7.12878e-20
    outer loop
      vertex 27.9375 40.4401 1.2
      vertex 27.8892 40.2976 4.3
      vertex 27.8892 40.2976 1.2
    endloop
  endfacet
  facet normal 0.831743 0.55516 -7.48099e-19
    outer loop
      vertex 28.0876 39.2999 4.3
      vertex 28.0041 39.425 1.2
      vertex 28.0041 39.425 4.3
    endloop
  endfacet
  facet normal 0.831743 0.55516 -7.48099e-19
    outer loop
      vertex 28.0041 39.425 1.2
      vertex 28.0876 39.2999 4.3
      vertex 28.0876 39.2999 1.2
    endloop
  endfacet
  facet normal 0.321009 0.947076 -0
    outer loop
      vertex 28.7024 38.8892 1.2
      vertex 28.5599 38.9375 4.3
      vertex 28.7024 38.8892 4.3
    endloop
  endfacet
  facet normal 0.321009 0.947076 0
    outer loop
      vertex 28.5599 38.9375 4.3
      vertex 28.7024 38.8892 1.2
      vertex 28.5599 38.9375 1.2
    endloop
  endfacet
  facet normal -0.896676 0.442688 1.85317e-18
    outer loop
      vertex 29.9959 39.425 1.2
      vertex 30.0625 39.5599 4.3
      vertex 30.0625 39.5599 1.2
    endloop
  endfacet
  facet normal -0.896676 0.442688 1.85317e-18
    outer loop
      vertex 30.0625 39.5599 4.3
      vertex 29.9959 39.425 1.2
      vertex 29.9959 39.425 4.3
    endloop
  endfacet
  facet normal 0.659398 0.751794 -0
    outer loop
      vertex 28.2999 39.0876 1.2
      vertex 28.1868 39.1868 4.3
      vertex 28.2999 39.0876 4.3
    endloop
  endfacet
  facet normal 0.659398 0.751794 0
    outer loop
      vertex 28.1868 39.1868 4.3
      vertex 28.2999 39.0876 1.2
      vertex 28.1868 39.1868 1.2
    endloop
  endfacet
  facet normal 0.751794 -0.659398 -2.53257e-19
    outer loop
      vertex 28.0876 40.7001 4.3
      vertex 28.1868 40.8132 1.2
      vertex 28.1868 40.8132 4.3
    endloop
  endfacet
  facet normal 0.751794 -0.659398 -2.53257e-19
    outer loop
      vertex 28.1868 40.8132 1.2
      vertex 28.0876 40.7001 4.3
      vertex 28.0876 40.7001 1.2
    endloop
  endfacet
  facet normal 0 1 -0
    outer loop
      vertex 30.2 37.9215 4.3
      vertex 27.8 37.9215 6.6
      vertex 30.2 37.9215 6.6
    endloop
  endfacet
  facet normal 0 1 0
    outer loop
      vertex 27.8 37.9215 6.6
      vertex 30.2 37.9215 4.3
      vertex 27.8 37.9215 4.3
    endloop
  endfacet
  facet normal -0.866029 0.499993 3.81654e-17
    outer loop
      vertex 30.2 37.9215 4.3
      vertex 31.4 40 6.6
      vertex 31.4 40 4.3
    endloop
  endfacet
  facet normal -0.866029 0.499993 3.81654e-17
    outer loop
      vertex 31.4 40 6.6
      vertex 30.2 37.9215 4.3
      vertex 30.2 37.9215 6.6
    endloop
  endfacet
  facet normal 0 -1 0
    outer loop
      vertex 27.8 42.0785 4.3
      vertex 30.2 42.0785 6.6
      vertex 27.8 42.0785 6.6
    endloop
  endfacet
  facet normal 0 -1 -0
    outer loop
      vertex 30.2 42.0785 6.6
      vertex 27.8 42.0785 4.3
      vertex 30.2 42.0785 4.3
    endloop
  endfacet
  facet normal -0.866029 -0.499993 -3.81654e-17
    outer loop
      vertex 31.4 40 4.3
      vertex 30.2 42.0785 6.6
      vertex 30.2 42.0785 4.3
    endloop
  endfacet
  facet normal -0.866029 -0.499993 -3.81654e-17
    outer loop
      vertex 30.2 42.0785 6.6
      vertex 31.4 40 4.3
      vertex 31.4 40 6.6
    endloop
  endfacet
  facet normal 0.866029 -0.499993 3.81654e-17
    outer loop
      vertex 26.6 40 6.6
      vertex 27.8 42.0785 4.3
      vertex 27.8 42.0785 6.6
    endloop
  endfacet
  facet normal 0.866029 -0.499993 3.81654e-17
    outer loop
      vertex 27.8 42.0785 4.3
      vertex 26.6 40 6.6
      vertex 26.6 40 4.3
    endloop
  endfacet
  facet normal 0.866029 0.499993 -3.81654e-17
    outer loop
      vertex 27.8 37.9215 6.6
      vertex 26.6 40 4.3
      vertex 26.6 40 6.6
    endloop
  endfacet
  facet normal 0.866029 0.499993 -3.81654e-17
    outer loop
      vertex 26.6 40 4.3
      vertex 27.8 37.9215 6.6
      vertex 27.8 37.9215 4.3
    endloop
  endfacet
  facet normal -0 0 1
    outer loop
      vertex 29.9959 40.575 4.3
      vertex 31.4 40 4.3
      vertex 30.2 42.0785 4.3
    endloop
  endfacet
  facet normal 0 0 1
    outer loop
      vertex 30.1402 39.8499 4.3
      vertex 31.4 40 4.3
      vertex 30.15 40 4.3
    endloop
  endfacet
  facet normal 0 0 1
    outer loop
      vertex 31.4 40 4.3
      vertex 30.1402 40.1501 4.3
      vertex 30.15 40 4.3
    endloop
  endfacet
  facet normal 0 0 1
    outer loop
      vertex 31.4 40 4.3
      vertex 30.1108 40.2976 4.3
      vertex 30.1402 40.1501 4.3
    endloop
  endfacet
  facet normal 0 0 1
    outer loop
      vertex 31.4 40 4.3
      vertex 30.0625 40.4401 4.3
      vertex 30.1108 40.2976 4.3
    endloop
  endfacet
  facet normal 0 0 1
    outer loop
      vertex 31.4 40 4.3
      vertex 29.9959 40.575 4.3
      vertex 30.0625 40.4401 4.3
    endloop
  endfacet
  facet normal 0 0 1
    outer loop
      vertex 30.2 42.0785 4.3
      vertex 29.9124 40.7001 4.3
      vertex 29.9959 40.575 4.3
    endloop
  endfacet
  facet normal 0 0 1
    outer loop
      vertex 30.2 42.0785 4.3
      vertex 29.8132 40.8132 4.3
      vertex 29.9124 40.7001 4.3
    endloop
  endfacet
  facet normal 0 0 1
    outer loop
      vertex 30.2 42.0785 4.3
      vertex 29.7001 40.9124 4.3
      vertex 29.8132 40.8132 4.3
    endloop
  endfacet
  facet normal 0 0 1
    outer loop
      vertex 30.2 42.0785 4.3
      vertex 29.575 40.9959 4.3
      vertex 29.7001 40.9124 4.3
    endloop
  endfacet
  facet normal 0 0 1
    outer loop
      vertex 30.2 42.0785 4.3
      vertex 29.4401 41.0625 4.3
      vertex 29.575 40.9959 4.3
    endloop
  endfacet
  facet normal 0 0 1
    outer loop
      vertex 30.2 42.0785 4.3
      vertex 29.2976 41.1108 4.3
      vertex 29.4401 41.0625 4.3
    endloop
  endfacet
  facet normal 0 0 1
    outer loop
      vertex 30.2 42.0785 4.3
      vertex 29.1501 41.1402 4.3
      vertex 29.2976 41.1108 4.3
    endloop
  endfacet
  facet normal 0 0 1
    outer loop
      vertex 30.2 42.0785 4.3
      vertex 29 41.15 4.3
      vertex 29.1501 41.1402 4.3
    endloop
  endfacet
  facet normal -0 0 1
    outer loop
      vertex 27.8 42.0785 4.3
      vertex 29 41.15 4.3
      vertex 30.2 42.0785 4.3
    endloop
  endfacet
  facet normal 0 0 1
    outer loop
      vertex 29 41.15 4.3
      vertex 27.8 42.0785 4.3
      vertex 28.8499 41.1402 4.3
    endloop
  endfacet
  facet normal 0 0 1
    outer loop
      vertex 28.8499 41.1402 4.3
      vertex 27.8 42.0785 4.3
      vertex 28.7024 41.1108 4.3
    endloop
  endfacet
  facet normal 0 0 1
    outer loop
      vertex 28.7024 41.1108 4.3
      vertex 27.8 42.0785 4.3
      vertex 28.5599 41.0625 4.3
    endloop
  endfacet
  facet normal 0 0 1
    outer loop
      vertex 27.8892 40.2976 4.3
      vertex 26.6 40 4.3
      vertex 27.8598 40.1501 4.3
    endloop
  endfacet
  facet normal 0 0 1
    outer loop
      vertex 27.9375 40.4401 4.3
      vertex 26.6 40 4.3
      vertex 27.8892 40.2976 4.3
    endloop
  endfacet
  facet normal 0 0 1
    outer loop
      vertex 28.0041 40.575 4.3
      vertex 26.6 40 4.3
      vertex 27.9375 40.4401 4.3
    endloop
  endfacet
  facet normal 0 0 1
    outer loop
      vertex 26.6 40 4.3
      vertex 28.0041 40.575 4.3
      vertex 27.8 42.0785 4.3
    endloop
  endfacet
  facet normal 0 0 1
    outer loop
      vertex 28.0876 40.7001 4.3
      vertex 27.8 42.0785 4.3
      vertex 28.0041 40.575 4.3
    endloop
  endfacet
  facet normal 0 0 1
    outer loop
      vertex 28.1868 40.8132 4.3
      vertex 27.8 42.0785 4.3
      vertex 28.0876 40.7001 4.3
    endloop
  endfacet
  facet normal 0 0 1
    outer loop
      vertex 28.2999 40.9124 4.3
      vertex 27.8 42.0785 4.3
      vertex 28.1868 40.8132 4.3
    endloop
  endfacet
  facet normal 0 0 1
    outer loop
      vertex 28.425 40.9959 4.3
      vertex 27.8 42.0785 4.3
      vertex 28.2999 40.9124 4.3
    endloop
  endfacet
  facet normal 0 0 1
    outer loop
      vertex 28.5599 41.0625 4.3
      vertex 27.8 42.0785 4.3
      vertex 28.425 40.9959 4.3
    endloop
  endfacet
  facet normal 0 0 1
    outer loop
      vertex 30.1108 39.7024 4.3
      vertex 31.4 40 4.3
      vertex 30.1402 39.8499 4.3
    endloop
  endfacet
  facet normal 0 0 1
    outer loop
      vertex 30.0625 39.5599 4.3
      vertex 31.4 40 4.3
      vertex 30.1108 39.7024 4.3
    endloop
  endfacet
  facet normal 0 0 1
    outer loop
      vertex 29.9959 39.425 4.3
      vertex 31.4 40 4.3
      vertex 30.0625 39.5599 4.3
    endloop
  endfacet
  facet normal 0 0 1
    outer loop
      vertex 31.4 40 4.3
      vertex 29.9959 39.425 4.3
      vertex 30.2 37.9215 4.3
    endloop
  endfacet
  facet normal -0 0 1
    outer loop
      vertex 29.9124 39.2999 4.3
      vertex 30.2 37.9215 4.3
      vertex 29.9959 39.425 4.3
    endloop
  endfacet
  facet normal -0 0 1
    outer loop
      vertex 29.8132 39.1868 4.3
      vertex 30.2 37.9215 4.3
      vertex 29.9124 39.2999 4.3
    endloop
  endfacet
  facet normal -0 0 1
    outer loop
      vertex 29.7001 39.0876 4.3
      vertex 30.2 37.9215 4.3
      vertex 29.8132 39.1868 4.3
    endloop
  endfacet
  facet normal -0 0 1
    outer loop
      vertex 29.575 39.0041 4.3
      vertex 30.2 37.9215 4.3
      vertex 29.7001 39.0876 4.3
    endloop
  endfacet
  facet normal -0 0 1
    outer loop
      vertex 29.4401 38.9375 4.3
      vertex 30.2 37.9215 4.3
      vertex 29.575 39.0041 4.3
    endloop
  endfacet
  facet normal -0 0 1
    outer loop
      vertex 29.2976 38.8892 4.3
      vertex 30.2 37.9215 4.3
      vertex 29.4401 38.9375 4.3
    endloop
  endfacet
  facet normal -0 0 1
    outer loop
      vertex 29.1501 38.8598 4.3
      vertex 30.2 37.9215 4.3
      vertex 29.2976 38.8892 4.3
    endloop
  endfacet
  facet normal -0 0 1
    outer loop
      vertex 29 38.85 4.3
      vertex 30.2 37.9215 4.3
      vertex 29.1501 38.8598 4.3
    endloop
  endfacet
  facet normal 0 0 1
    outer loop
      vertex 27.8 37.9215 4.3
      vertex 29 38.85 4.3
      vertex 28.8499 38.8598 4.3
    endloop
  endfacet
  facet normal 0 0 1
    outer loop
      vertex 27.8 37.9215 4.3
      vertex 28.8499 38.8598 4.3
      vertex 28.7024 38.8892 4.3
    endloop
  endfacet
  facet normal 0 0 1
    outer loop
      vertex 27.8 37.9215 4.3
      vertex 28.7024 38.8892 4.3
      vertex 28.5599 38.9375 4.3
    endloop
  endfacet
  facet normal 0 0 1
    outer loop
      vertex 27.8 37.9215 4.3
      vertex 28.5599 38.9375 4.3
      vertex 28.425 39.0041 4.3
    endloop
  endfacet
  facet normal 0 0 1
    outer loop
      vertex 29 38.85 4.3
      vertex 27.8 37.9215 4.3
      vertex 30.2 37.9215 4.3
    endloop
  endfacet
  facet normal 0 0 1
    outer loop
      vertex 28.2999 39.0876 4.3
      vertex 27.8 37.9215 4.3
      vertex 28.425 39.0041 4.3
    endloop
  endfacet
  facet normal 0 0 1
    outer loop
      vertex 28.1868 39.1868 4.3
      vertex 27.8 37.9215 4.3
      vertex 28.2999 39.0876 4.3
    endloop
  endfacet
  facet normal 0 0 1
    outer loop
      vertex 28.0876 39.2999 4.3
      vertex 27.8 37.9215 4.3
      vertex 28.1868 39.1868 4.3
    endloop
  endfacet
  facet normal 0 0 1
    outer loop
      vertex 28.0041 39.425 4.3
      vertex 27.8 37.9215 4.3
      vertex 28.0876 39.2999 4.3
    endloop
  endfacet
  facet normal 0 0 1
    outer loop
      vertex 26.6 40 4.3
      vertex 28.0041 39.425 4.3
      vertex 27.9375 39.5599 4.3
    endloop
  endfacet
  facet normal 0 0 1
    outer loop
      vertex 26.6 40 4.3
      vertex 27.9375 39.5599 4.3
      vertex 27.8892 39.7024 4.3
    endloop
  endfacet
  facet normal 0 0 1
    outer loop
      vertex 26.6 40 4.3
      vertex 27.8892 39.7024 4.3
      vertex 27.8598 39.8499 4.3
    endloop
  endfacet
  facet normal -0 0 1
    outer loop
      vertex 26.6 40 4.3
      vertex 27.8598 39.8499 4.3
      vertex 27.85 40 4.3
    endloop
  endfacet
  facet normal 0 0 1
    outer loop
      vertex 27.8598 40.1501 4.3
      vertex 26.6 40 4.3
      vertex 27.85 40 4.3
    endloop
  endfacet
  facet normal 0 0 1
    outer loop
      vertex 28.0041 39.425 4.3
      vertex 26.6 40 4.3
      vertex 27.8 37.9215 4.3
    endloop
  endfacet
  facet normal -0.707107 -0.707107 0
    outer loop
      vertex 33.3 61.3 0
      vertex 30.3 64.3 1.2
      vertex 30.3 64.3 0
    endloop
  endfacet
  facet normal -0.707107 -0.707107 0
    outer loop
      vertex 30.3 64.3 1.2
      vertex 33.3 61.3 0
      vertex 33.3 61.3 1.2
    endloop
  endfacet
  facet normal 0 0 -1
    outer loop
      vertex 8.99998 25.2 1.2
      vertex 33.3 18.7 1.2
      vertex 30.3 15.7 1.2
    endloop
  endfacet
  facet normal 0 0 -1
    outer loop
      vertex 33.3 18.7 1.2
      vertex 30.15 40 1.2
      vertex 33.3 61.3 1.2
    endloop
  endfacet
  facet normal 0 0 -1
    outer loop
      vertex 30.1402 40.1501 1.2
      vertex 33.3 61.3 1.2
      vertex 30.15 40 1.2
    endloop
  endfacet
  facet normal 0 0 -1
    outer loop
      vertex 33.3 18.7 1.2
      vertex 30.1402 39.8499 1.2
      vertex 30.15 40 1.2
    endloop
  endfacet
  facet normal 0 0 -1
    outer loop
      vertex 33.3 18.7 1.2
      vertex 30.1108 39.7024 1.2
      vertex 30.1402 39.8499 1.2
    endloop
  endfacet
  facet normal 0 0 -1
    outer loop
      vertex 33.3 18.7 1.2
      vertex 30.0625 39.5599 1.2
      vertex 30.1108 39.7024 1.2
    endloop
  endfacet
  facet normal 0 0 -1
    outer loop
      vertex 33.3 18.7 1.2
      vertex 29.9959 39.425 1.2
      vertex 30.0625 39.5599 1.2
    endloop
  endfacet
  facet normal 0 0 -1
    outer loop
      vertex 33.3 18.7 1.2
      vertex 29.9124 39.2999 1.2
      vertex 29.9959 39.425 1.2
    endloop
  endfacet
  facet normal 0 0 -1
    outer loop
      vertex 33.3 18.7 1.2
      vertex 29.8132 39.1868 1.2
      vertex 29.9124 39.2999 1.2
    endloop
  endfacet
  facet normal 0 0 -1
    outer loop
      vertex 33.3 18.7 1.2
      vertex 29.7001 39.0876 1.2
      vertex 29.8132 39.1868 1.2
    endloop
  endfacet
  facet normal 0 0 -1
    outer loop
      vertex 33.3 18.7 1.2
      vertex 29.575 39.0041 1.2
      vertex 29.7001 39.0876 1.2
    endloop
  endfacet
  facet normal 0 0 -1
    outer loop
      vertex 33.3 18.7 1.2
      vertex 29.4401 38.9375 1.2
      vertex 29.575 39.0041 1.2
    endloop
  endfacet
  facet normal 0 0 -1
    outer loop
      vertex 33.3 18.7 1.2
      vertex 29.2976 38.8892 1.2
      vertex 29.4401 38.9375 1.2
    endloop
  endfacet
  facet normal 0 0 -1
    outer loop
      vertex 33.3 18.7 1.2
      vertex 29.1501 38.8598 1.2
      vertex 29.2976 38.8892 1.2
    endloop
  endfacet
  facet normal 0 0 -1
    outer loop
      vertex 33.3 18.7 1.2
      vertex 29 38.85 1.2
      vertex 29.1501 38.8598 1.2
    endloop
  endfacet
  facet normal 0 0 -1
    outer loop
      vertex 33.3 18.7 1.2
      vertex 28.8499 38.8598 1.2
      vertex 29 38.85 1.2
    endloop
  endfacet
  facet normal 0 0 -1
    outer loop
      vertex 33.3 18.7 1.2
      vertex 28.7024 38.8892 1.2
      vertex 28.8499 38.8598 1.2
    endloop
  endfacet
  facet normal 0 0 -1
    outer loop
      vertex 33.3 18.7 1.2
      vertex 28.5599 38.9375 1.2
      vertex 28.7024 38.8892 1.2
    endloop
  endfacet
  facet normal 0 0 -1
    outer loop
      vertex 33.3 18.7 1.2
      vertex 28.425 39.0041 1.2
      vertex 28.5599 38.9375 1.2
    endloop
  endfacet
  facet normal 0 0 -1
    outer loop
      vertex 33.3 18.7 1.2
      vertex 8.99998 25.2 1.2
      vertex 28.425 39.0041 1.2
    endloop
  endfacet
  facet normal 0 0 -1
    outer loop
      vertex 8.99998 30.8 1.2
      vertex 28.425 39.0041 1.2
      vertex 8.99998 25.2 1.2
    endloop
  endfacet
  facet normal -0 0 -1
    outer loop
      vertex 28.425 39.0041 1.2
      vertex 8.99998 30.8 1.2
      vertex 28.2999 39.0876 1.2
    endloop
  endfacet
  facet normal -0 0 -1
    outer loop
      vertex 28.2999 39.0876 1.2
      vertex 8.99998 30.8 1.2
      vertex 28.1868 39.1868 1.2
    endloop
  endfacet
  facet normal 0 0 -1
    outer loop
      vertex 8.98972 30.9566 1.2
      vertex 28.1868 39.1868 1.2
      vertex 8.99998 30.8 1.2
    endloop
  endfacet
  facet normal -0 0 -1
    outer loop
      vertex 28.1868 39.1868 1.2
      vertex 8.98972 30.9566 1.2
      vertex 28.0876 39.2999 1.2
    endloop
  endfacet
  facet normal 0 0 -1
    outer loop
      vertex 8.95909 31.1106 1.2
      vertex 28.0876 39.2999 1.2
      vertex 8.98972 30.9566 1.2
    endloop
  endfacet
  facet normal 0 0 -1
    outer loop
      vertex 10.799 43.75 1.2
      vertex 27.85 40 1.2
      vertex 27.8598 39.8499 1.2
    endloop
  endfacet
  facet normal -0 0 -1
    outer loop
      vertex 28.0876 39.2999 1.2
      vertex 8.95909 31.1106 1.2
      vertex 28.0041 39.425 1.2
    endloop
  endfacet
  facet normal 0 0 -1
    outer loop
      vertex 27.85 40 1.2
      vertex 10.9872 44.3042 1.2
      vertex 11 44.5 1.2
    endloop
  endfacet
  facet normal 0 0 -1
    outer loop
      vertex 27.85 40 1.2
      vertex 10.9489 44.1118 1.2
      vertex 10.9872 44.3042 1.2
    endloop
  endfacet
  facet normal 0 0 -1
    outer loop
      vertex 27.85 40 1.2
      vertex 10.8858 43.926 1.2
      vertex 10.9489 44.1118 1.2
    endloop
  endfacet
  facet normal 0 0 -1
    outer loop
      vertex 27.85 40 1.2
      vertex 10.799 43.75 1.2
      vertex 10.8858 43.926 1.2
    endloop
  endfacet
  facet normal -0 0 -1
    outer loop
      vertex 27.9375 39.5599 1.2
      vertex 8.83922 31.4 1.2
      vertex 27.8892 39.7024 1.2
    endloop
  endfacet
  facet normal 0 0 -1
    outer loop
      vertex 27.8598 39.8499 1.2
      vertex 10.69 43.5869 1.2
      vertex 10.799 43.75 1.2
    endloop
  endfacet
  facet normal 0 -0 -1
    outer loop
      vertex 10.5607 43.4393 1.2
      vertex 27.8892 39.7024 1.2
      vertex 8.83922 31.4 1.2
    endloop
  endfacet
  facet normal 0 0 -1
    outer loop
      vertex 27.8892 39.7024 1.2
      vertex 10.69 43.5869 1.2
      vertex 27.8598 39.8499 1.2
    endloop
  endfacet
  facet normal 0 -0 -1
    outer loop
      vertex 10.69 43.5869 1.2
      vertex 27.8892 39.7024 1.2
      vertex 10.5607 43.4393 1.2
    endloop
  endfacet
  facet normal 0 0 -1
    outer loop
      vertex 10.5607 43.4393 1.2
      vertex 8.83922 31.4 1.2
      vertex 10.4131 43.31 1.2
    endloop
  endfacet
  facet normal 0 0 -1
    outer loop
      vertex 8.75201 31.5305 1.2
      vertex 10.4131 43.31 1.2
      vertex 8.83922 31.4 1.2
    endloop
  endfacet
  facet normal 0 0 -1
    outer loop
      vertex 10.4131 43.31 1.2
      vertex 8.75201 31.5305 1.2
      vertex 10.25 43.201 1.2
    endloop
  endfacet
  facet normal 0 0 -1
    outer loop
      vertex 8.90865 31.2592 1.2
      vertex 28.0041 39.425 1.2
      vertex 8.95909 31.1106 1.2
    endloop
  endfacet
  facet normal 0 0 -1
    outer loop
      vertex 30.3 15.7 1.2
      vertex 8.98972 25.0434 1.2
      vertex 8.99998 25.2 1.2
    endloop
  endfacet
  facet normal 0 0 -1
    outer loop
      vertex 30.3 15.7 1.2
      vertex 8.95909 24.8894 1.2
      vertex 8.98972 25.0434 1.2
    endloop
  endfacet
  facet normal 0 0 -1
    outer loop
      vertex 30.3 15.7 1.2
      vertex 8.90865 24.7408 1.2
      vertex 8.95909 24.8894 1.2
    endloop
  endfacet
  facet normal 0 0 -1
    outer loop
      vertex 30.3 15.7 1.2
      vertex 8.83922 24.6 1.2
      vertex 8.90865 24.7408 1.2
    endloop
  endfacet
  facet normal 0 0 -1
    outer loop
      vertex 30.3 15.7 1.2
      vertex 8.75201 24.4695 1.2
      vertex 8.83922 24.6 1.2
    endloop
  endfacet
  facet normal 0 0 -1
    outer loop
      vertex 30.3 15.7 1.2
      vertex 8.64851 24.3515 1.2
      vertex 8.75201 24.4695 1.2
    endloop
  endfacet
  facet normal 0 0 -1
    outer loop
      vertex 30.3 15.7 1.2
      vertex 8.5305 24.248 1.2
      vertex 8.64851 24.3515 1.2
    endloop
  endfacet
  facet normal 0 0 -1
    outer loop
      vertex 30.3 15.7 1.2
      vertex 8.39999 24.1608 1.2
      vertex 8.5305 24.248 1.2
    endloop
  endfacet
  facet normal 0 0 -1
    outer loop
      vertex 30.3 15.7 1.2
      vertex 8.2592 24.0914 1.2
      vertex 8.39999 24.1608 1.2
    endloop
  endfacet
  facet normal 0 0 -1
    outer loop
      vertex 30.3 15.7 1.2
      vertex 8.11057 24.0409 1.2
      vertex 8.2592 24.0914 1.2
    endloop
  endfacet
  facet normal 0 0 -1
    outer loop
      vertex 30.3 15.7 1.2
      vertex 7.95662 24.0103 1.2
      vertex 8.11057 24.0409 1.2
    endloop
  endfacet
  facet normal 0 0 -1
    outer loop
      vertex 30.3 15.7 1.2
      vertex 7.79999 24 1.2
      vertex 7.95662 24.0103 1.2
    endloop
  endfacet
  facet normal 0 0 -1
    outer loop
      vertex 30.3 15.7 1.2
      vertex -7.79999 24 1.2
      vertex 7.79999 24 1.2
    endloop
  endfacet
  facet normal 0 0 -1
    outer loop
      vertex -30.3 15.7 1.2
      vertex -7.79999 24 1.2
      vertex 30.3 15.7 1.2
    endloop
  endfacet
  facet normal -0 0 -1
    outer loop
      vertex -7.79999 24 1.2
      vertex -30.3 15.7 1.2
      vertex -7.95662 24.0103 1.2
    endloop
  endfacet
  facet normal 0 0 -1
    outer loop
      vertex -28.425 39.0041 1.2
      vertex -8.99998 30.8 1.2
      vertex -8.99998 25.2 1.2
    endloop
  endfacet
  facet normal 0 0 -1
    outer loop
      vertex -8.99998 30.8 1.2
      vertex -9.69579 43.0128 1.2
      vertex -9.5 43 1.2
    endloop
  endfacet
  facet normal 0 0 -1
    outer loop
      vertex -8.99998 30.8 1.2
      vertex -9.88823 43.0511 1.2
      vertex -9.69579 43.0128 1.2
    endloop
  endfacet
  facet normal 0 0 -1
    outer loop
      vertex -8.99998 30.8 1.2
      vertex -10.074 43.1142 1.2
      vertex -9.88823 43.0511 1.2
    endloop
  endfacet
  facet normal 0 0 -1
    outer loop
      vertex -8.99998 30.8 1.2
      vertex -10.25 43.201 1.2
      vertex -10.074 43.1142 1.2
    endloop
  endfacet
  facet normal 0 0 -1
    outer loop
      vertex -30.3 15.7 1.2
      vertex -8.99998 25.2 1.2
      vertex -8.98972 25.0434 1.2
    endloop
  endfacet
  facet normal 0 0 -1
    outer loop
      vertex -8.99998 30.8 1.2
      vertex -10.4131 43.31 1.2
      vertex -10.25 43.201 1.2
    endloop
  endfacet
  facet normal 0 -0 -1
    outer loop
      vertex -27.9375 39.5599 1.2
      vertex -8.99998 30.8 1.2
      vertex -28.0041 39.425 1.2
    endloop
  endfacet
  facet normal 0 -0 -1
    outer loop
      vertex -10.5607 43.4393 1.2
      vertex -8.99998 30.8 1.2
      vertex -27.9375 39.5599 1.2
    endloop
  endfacet
  facet normal 0 0 -1
    outer loop
      vertex -8.99998 30.8 1.2
      vertex -10.5607 43.4393 1.2
      vertex -10.4131 43.31 1.2
    endloop
  endfacet
  facet normal 0 -0 -1
    outer loop
      vertex -27.8892 39.7024 1.2
      vertex -10.5607 43.4393 1.2
      vertex -27.9375 39.5599 1.2
    endloop
  endfacet
  facet normal -0 0 -1
    outer loop
      vertex -10.5607 43.4393 1.2
      vertex -27.8892 39.7024 1.2
      vertex -10.69 43.5869 1.2
    endloop
  endfacet
  facet normal 0 -0 -1
    outer loop
      vertex -27.8598 39.8499 1.2
      vertex -10.69 43.5869 1.2
      vertex -27.8892 39.7024 1.2
    endloop
  endfacet
  facet normal 0 0 -1
    outer loop
      vertex -23.6765 57.7926 1.2
      vertex -11 51.5 1.2
      vertex -11 44.5 1.2
    endloop
  endfacet
  facet normal 0 0 -1
    outer loop
      vertex -27.9375 40.4401 1.2
      vertex -11 44.5 1.2
      vertex -10.9872 44.3042 1.2
    endloop
  endfacet
  facet normal -0 0 -1
    outer loop
      vertex -10.69 43.5869 1.2
      vertex -27.8598 39.8499 1.2
      vertex -10.799 43.75 1.2
    endloop
  endfacet
  facet normal 0 0 -1
    outer loop
      vertex -30.3 15.7 1.2
      vertex -8.98972 25.0434 1.2
      vertex -8.95909 24.8894 1.2
    endloop
  endfacet
  facet normal 0 0 -1
    outer loop
      vertex -30.3 15.7 1.2
      vertex -8.95909 24.8894 1.2
      vertex -8.90865 24.7408 1.2
    endloop
  endfacet
  facet normal 0 0 -1
    outer loop
      vertex -11 51.5 1.2
      vertex -22.7607 58.8368 1.2
      vertex -22.75 59 1.2
    endloop
  endfacet
  facet normal 0 0 -1
    outer loop
      vertex -11 51.5 1.2
      vertex -22.7926 58.6765 1.2
      vertex -22.7607 58.8368 1.2
    endloop
  endfacet
  facet normal 0 0 -1
    outer loop
      vertex -11 51.5 1.2
      vertex -22.8451 58.5216 1.2
      vertex -22.7926 58.6765 1.2
    endloop
  endfacet
  facet normal 0 0 -1
    outer loop
      vertex -11 51.5 1.2
      vertex -22.9175 58.375 1.2
      vertex -22.8451 58.5216 1.2
    endloop
  endfacet
  facet normal 0 0 -1
    outer loop
      vertex -11 51.5 1.2
      vertex -23.0083 58.239 1.2
      vertex -22.9175 58.375 1.2
    endloop
  endfacet
  facet normal 0 0 -1
    outer loop
      vertex -11 51.5 1.2
      vertex -23.1161 58.1161 1.2
      vertex -23.0083 58.239 1.2
    endloop
  endfacet
  facet normal 0 0 -1
    outer loop
      vertex -27.9375 40.4401 1.2
      vertex -10.9872 44.3042 1.2
      vertex -27.8892 40.2976 1.2
    endloop
  endfacet
  facet normal 0 0 -1
    outer loop
      vertex -11 51.5 1.2
      vertex -23.239 58.0083 1.2
      vertex -23.1161 58.1161 1.2
    endloop
  endfacet
  facet normal 0 0 -1
    outer loop
      vertex -11 44.5 1.2
      vertex -27.9375 40.4401 1.2
      vertex -28.0041 40.575 1.2
    endloop
  endfacet
  facet normal 0 0 -1
    outer loop
      vertex -11 51.5 1.2
      vertex -23.375 57.9175 1.2
      vertex -23.239 58.0083 1.2
    endloop
  endfacet
  facet normal 0 0 -1
    outer loop
      vertex -11 44.5 1.2
      vertex -28.0041 40.575 1.2
      vertex -28.0876 40.7001 1.2
    endloop
  endfacet
  facet normal 0 0 -1
    outer loop
      vertex -11 51.5 1.2
      vertex -23.5216 57.8451 1.2
      vertex -23.375 57.9175 1.2
    endloop
  endfacet
  facet normal 0 0 -1
    outer loop
      vertex -11 44.5 1.2
      vertex -28.0876 40.7001 1.2
      vertex -28.1868 40.8132 1.2
    endloop
  endfacet
  facet normal 0 0 -1
    outer loop
      vertex -11 51.5 1.2
      vertex -23.6765 57.7926 1.2
      vertex -23.5216 57.8451 1.2
    endloop
  endfacet
  facet normal -0 0 -1
    outer loop
      vertex -11 44.5 1.2
      vertex -28.1868 40.8132 1.2
      vertex -23.6765 57.7926 1.2
    endloop
  endfacet
  facet normal 0 0 -1
    outer loop
      vertex -23.6765 57.7926 1.2
      vertex -28.1868 40.8132 1.2
      vertex -23.8368 57.7607 1.2
    endloop
  endfacet
  facet normal 0 0 -1
    outer loop
      vertex -28.2999 40.9124 1.2
      vertex -23.8368 57.7607 1.2
      vertex -28.1868 40.8132 1.2
    endloop
  endfacet
  facet normal 0 0 -1
    outer loop
      vertex -23.8368 57.7607 1.2
      vertex -28.2999 40.9124 1.2
      vertex -24 57.75 1.2
    endloop
  endfacet
  facet normal 0 0 -1
    outer loop
      vertex -28.425 40.9959 1.2
      vertex -24 57.75 1.2
      vertex -28.2999 40.9124 1.2
    endloop
  endfacet
  facet normal -0 0 -1
    outer loop
      vertex -24 57.75 1.2
      vertex -28.425 40.9959 1.2
      vertex -24.1632 57.7607 1.2
    endloop
  endfacet
  facet normal 0 0 -1
    outer loop
      vertex -28.5599 41.0625 1.2
      vertex -24.1632 57.7607 1.2
      vertex -28.425 40.9959 1.2
    endloop
  endfacet
  facet normal 0 0 -1
    outer loop
      vertex -28.7024 41.1108 1.2
      vertex -24.3235 57.7926 1.2
      vertex -28.5599 41.0625 1.2
    endloop
  endfacet
  facet normal -0 0 -1
    outer loop
      vertex -24.1632 57.7607 1.2
      vertex -28.5599 41.0625 1.2
      vertex -24.3235 57.7926 1.2
    endloop
  endfacet
  facet normal -0 0 -1
    outer loop
      vertex -10.9489 44.1118 1.2
      vertex -27.8892 40.2976 1.2
      vertex -10.9872 44.3042 1.2
    endloop
  endfacet
  facet normal 0 0 -1
    outer loop
      vertex -27.8892 40.2976 1.2
      vertex -10.9489 44.1118 1.2
      vertex -27.8598 40.1501 1.2
    endloop
  endfacet
  facet normal 0 0 -1
    outer loop
      vertex -30.3 15.7 1.2
      vertex -8.90865 24.7408 1.2
      vertex -8.83922 24.6 1.2
    endloop
  endfacet
  facet normal 0 0 -1
    outer loop
      vertex -30.3 15.7 1.2
      vertex -8.83922 24.6 1.2
      vertex -8.75201 24.4695 1.2
    endloop
  endfacet
  facet normal 0 0 -1
    outer loop
      vertex -30.3 15.7 1.2
      vertex -8.75201 24.4695 1.2
      vertex -8.64851 24.3515 1.2
    endloop
  endfacet
  facet normal 0 0 -1
    outer loop
      vertex -30.3 15.7 1.2
      vertex -8.64851 24.3515 1.2
      vertex -8.5305 24.248 1.2
    endloop
  endfacet
  facet normal -0 0 -1
    outer loop
      vertex -10.8858 43.926 1.2
      vertex -27.8598 40.1501 1.2
      vertex -10.9489 44.1118 1.2
    endloop
  endfacet
  facet normal 0 0 -1
    outer loop
      vertex -27.8598 40.1501 1.2
      vertex -10.8858 43.926 1.2
      vertex -27.85 40 1.2
    endloop
  endfacet
  facet normal -0 0 -1
    outer loop
      vertex -10.799 43.75 1.2
      vertex -27.85 40 1.2
      vertex -10.8858 43.926 1.2
    endloop
  endfacet
  facet normal 0 -0 -1
    outer loop
      vertex -27.85 40 1.2
      vertex -10.799 43.75 1.2
      vertex -27.8598 39.8499 1.2
    endloop
  endfacet
  facet normal 0 0 -1
    outer loop
      vertex -8.99998 30.8 1.2
      vertex -28.0876 39.2999 1.2
      vertex -28.0041 39.425 1.2
    endloop
  endfacet
  facet normal 0 0 -1
    outer loop
      vertex -8.99998 30.8 1.2
      vertex -28.1868 39.1868 1.2
      vertex -28.0876 39.2999 1.2
    endloop
  endfacet
  facet normal 0 0 -1
    outer loop
      vertex -8.99998 30.8 1.2
      vertex -28.2999 39.0876 1.2
      vertex -28.1868 39.1868 1.2
    endloop
  endfacet
  facet normal 0 0 -1
    outer loop
      vertex -8.99998 30.8 1.2
      vertex -28.425 39.0041 1.2
      vertex -28.2999 39.0876 1.2
    endloop
  endfacet
  facet normal -0 0 -1
    outer loop
      vertex -8.99998 25.2 1.2
      vertex -33.3 18.7 1.2
      vertex -28.425 39.0041 1.2
    endloop
  endfacet
  facet normal 0 0 -1
    outer loop
      vertex -28.425 39.0041 1.2
      vertex -33.3 18.7 1.2
      vertex -28.5599 38.9375 1.2
    endloop
  endfacet
  facet normal 0 0 -1
    outer loop
      vertex -28.5599 38.9375 1.2
      vertex -33.3 18.7 1.2
      vertex -28.7024 38.8892 1.2
    endloop
  endfacet
  facet normal 0 0 -1
    outer loop
      vertex -28.7024 38.8892 1.2
      vertex -33.3 18.7 1.2
      vertex -28.8499 38.8598 1.2
    endloop
  endfacet
  facet normal 0 0 -1
    outer loop
      vertex -28.8499 38.8598 1.2
      vertex -33.3 18.7 1.2
      vertex -29 38.85 1.2
    endloop
  endfacet
  facet normal -0 0 -1
    outer loop
      vertex -29 38.85 1.2
      vertex -33.3 18.7 1.2
      vertex -29.1501 38.8598 1.2
    endloop
  endfacet
  facet normal -0 0 -1
    outer loop
      vertex -29.1501 38.8598 1.2
      vertex -33.3 18.7 1.2
      vertex -29.2976 38.8892 1.2
    endloop
  endfacet
  facet normal -0 0 -1
    outer loop
      vertex -29.2976 38.8892 1.2
      vertex -33.3 18.7 1.2
      vertex -29.4401 38.9375 1.2
    endloop
  endfacet
  facet normal -0 0 -1
    outer loop
      vertex -29.4401 38.9375 1.2
      vertex -33.3 18.7 1.2
      vertex -29.575 39.0041 1.2
    endloop
  endfacet
  facet normal -0 0 -1
    outer loop
      vertex -30.1108 39.7024 1.2
      vertex -33.3 18.7 1.2
      vertex -30.1402 39.8499 1.2
    endloop
  endfacet
  facet normal -0 0 -1
    outer loop
      vertex -30.0625 39.5599 1.2
      vertex -33.3 18.7 1.2
      vertex -30.1108 39.7024 1.2
    endloop
  endfacet
  facet normal -0 0 -1
    outer loop
      vertex -29.9959 39.425 1.2
      vertex -33.3 18.7 1.2
      vertex -30.0625 39.5599 1.2
    endloop
  endfacet
  facet normal -0 0 -1
    outer loop
      vertex -29.9124 39.2999 1.2
      vertex -33.3 18.7 1.2
      vertex -29.9959 39.425 1.2
    endloop
  endfacet
  facet normal -0 0 -1
    outer loop
      vertex -29.8132 39.1868 1.2
      vertex -33.3 18.7 1.2
      vertex -29.9124 39.2999 1.2
    endloop
  endfacet
  facet normal -0 0 -1
    outer loop
      vertex -29.7001 39.0876 1.2
      vertex -33.3 18.7 1.2
      vertex -29.8132 39.1868 1.2
    endloop
  endfacet
  facet normal -0 0 -1
    outer loop
      vertex -29.575 39.0041 1.2
      vertex -33.3 18.7 1.2
      vertex -29.7001 39.0876 1.2
    endloop
  endfacet
  facet normal 0 0 -1
    outer loop
      vertex -8.99998 25.2 1.2
      vertex -30.3 15.7 1.2
      vertex -33.3 18.7 1.2
    endloop
  endfacet
  facet normal -0 0 -1
    outer loop
      vertex -8.39999 24.1608 1.2
      vertex -30.3 15.7 1.2
      vertex -8.5305 24.248 1.2
    endloop
  endfacet
  facet normal -0 0 -1
    outer loop
      vertex -8.2592 24.0914 1.2
      vertex -30.3 15.7 1.2
      vertex -8.39999 24.1608 1.2
    endloop
  endfacet
  facet normal -0 0 -1
    outer loop
      vertex -8.11057 24.0409 1.2
      vertex -30.3 15.7 1.2
      vertex -8.2592 24.0914 1.2
    endloop
  endfacet
  facet normal -0 0 -1
    outer loop
      vertex -7.95662 24.0103 1.2
      vertex -30.3 15.7 1.2
      vertex -8.11057 24.0409 1.2
    endloop
  endfacet
  facet normal 0 0 -1
    outer loop
      vertex 30.1108 40.2976 1.2
      vertex 33.3 61.3 1.2
      vertex 30.1402 40.1501 1.2
    endloop
  endfacet
  facet normal 0 0 -1
    outer loop
      vertex 30.0625 40.4401 1.2
      vertex 33.3 61.3 1.2
      vertex 30.1108 40.2976 1.2
    endloop
  endfacet
  facet normal 0 0 -1
    outer loop
      vertex 29.9959 40.575 1.2
      vertex 33.3 61.3 1.2
      vertex 30.0625 40.4401 1.2
    endloop
  endfacet
  facet normal 0 0 -1
    outer loop
      vertex 29.9124 40.7001 1.2
      vertex 33.3 61.3 1.2
      vertex 29.9959 40.575 1.2
    endloop
  endfacet
  facet normal 0 0 -1
    outer loop
      vertex 29.8132 40.8132 1.2
      vertex 33.3 61.3 1.2
      vertex 29.9124 40.7001 1.2
    endloop
  endfacet
  facet normal 0 0 -1
    outer loop
      vertex 29.7001 40.9124 1.2
      vertex 33.3 61.3 1.2
      vertex 29.8132 40.8132 1.2
    endloop
  endfacet
  facet normal 0 0 -1
    outer loop
      vertex 29.575 40.9959 1.2
      vertex 33.3 61.3 1.2
      vertex 29.7001 40.9124 1.2
    endloop
  endfacet
  facet normal 0 0 -1
    outer loop
      vertex 29.4401 41.0625 1.2
      vertex 33.3 61.3 1.2
      vertex 29.575 40.9959 1.2
    endloop
  endfacet
  facet normal 0 0 -1
    outer loop
      vertex 29.2976 41.1108 1.2
      vertex 33.3 61.3 1.2
      vertex 29.4401 41.0625 1.2
    endloop
  endfacet
  facet normal 0 0 -1
    outer loop
      vertex 29.1501 41.1402 1.2
      vertex 33.3 61.3 1.2
      vertex 29.2976 41.1108 1.2
    endloop
  endfacet
  facet normal 0 0 -1
    outer loop
      vertex 29 41.15 1.2
      vertex 33.3 61.3 1.2
      vertex 29.1501 41.1402 1.2
    endloop
  endfacet
  facet normal 0 0 -1
    outer loop
      vertex 28.8499 41.1402 1.2
      vertex 33.3 61.3 1.2
      vertex 29 41.15 1.2
    endloop
  endfacet
  facet normal 0 0 -1
    outer loop
      vertex 28.7024 41.1108 1.2
      vertex 33.3 61.3 1.2
      vertex 28.8499 41.1402 1.2
    endloop
  endfacet
  facet normal 0 0 -1
    outer loop
      vertex 28.5599 41.0625 1.2
      vertex 33.3 61.3 1.2
      vertex 28.7024 41.1108 1.2
    endloop
  endfacet
  facet normal 0 0 -1
    outer loop
      vertex 10.9872 51.6958 1.2
      vertex 33.3 61.3 1.2
      vertex 28.5599 41.0625 1.2
    endloop
  endfacet
  facet normal 0 0 -1
    outer loop
      vertex 11 51.5 1.2
      vertex 28.5599 41.0625 1.2
      vertex 28.425 40.9959 1.2
    endloop
  endfacet
  facet normal 0 0 -1
    outer loop
      vertex 11 51.5 1.2
      vertex 28.425 40.9959 1.2
      vertex 28.2999 40.9124 1.2
    endloop
  endfacet
  facet normal 0 0 -1
    outer loop
      vertex 11 51.5 1.2
      vertex 28.2999 40.9124 1.2
      vertex 28.1868 40.8132 1.2
    endloop
  endfacet
  facet normal 0 0 -1
    outer loop
      vertex 11 44.5 1.2
      vertex 28.1868 40.8132 1.2
      vertex 28.0876 40.7001 1.2
    endloop
  endfacet
  facet normal 0 0 -1
    outer loop
      vertex 11 44.5 1.2
      vertex 28.0876 40.7001 1.2
      vertex 28.0041 40.575 1.2
    endloop
  endfacet
  facet normal 0 0 -1
    outer loop
      vertex 11 44.5 1.2
      vertex 28.0041 40.575 1.2
      vertex 27.9375 40.4401 1.2
    endloop
  endfacet
  facet normal 0 0 -1
    outer loop
      vertex 11 44.5 1.2
      vertex 27.9375 40.4401 1.2
      vertex 27.8892 40.2976 1.2
    endloop
  endfacet
  facet normal 0 0 -1
    outer loop
      vertex 11 44.5 1.2
      vertex 27.8892 40.2976 1.2
      vertex 27.8598 40.1501 1.2
    endloop
  endfacet
  facet normal 0 0 -1
    outer loop
      vertex 11 44.5 1.2
      vertex 27.8598 40.1501 1.2
      vertex 27.85 40 1.2
    endloop
  endfacet
  facet normal 0 0 -1
    outer loop
      vertex 28.1868 40.8132 1.2
      vertex 11 44.5 1.2
      vertex 11 51.5 1.2
    endloop
  endfacet
  facet normal 0 0 -1
    outer loop
      vertex 28.5599 41.0625 1.2
      vertex 11 51.5 1.2
      vertex 10.9872 51.6958 1.2
    endloop
  endfacet
  facet normal -0 0 -1
    outer loop
      vertex 33.3 61.3 1.2
      vertex 10.9872 51.6958 1.2
      vertex 30.3 64.3 1.2
    endloop
  endfacet
  facet normal 0 0 -1
    outer loop
      vertex 10.9489 51.8882 1.2
      vertex 30.3 64.3 1.2
      vertex 10.9872 51.6958 1.2
    endloop
  endfacet
  facet normal 0 0 -1
    outer loop
      vertex 10.8858 52.074 1.2
      vertex 30.3 64.3 1.2
      vertex 10.9489 51.8882 1.2
    endloop
  endfacet
  facet normal 0 0 -1
    outer loop
      vertex 10.799 52.25 1.2
      vertex 30.3 64.3 1.2
      vertex 10.8858 52.074 1.2
    endloop
  endfacet
  facet normal 0 0 -1
    outer loop
      vertex 10.69 52.4131 1.2
      vertex 30.3 64.3 1.2
      vertex 10.799 52.25 1.2
    endloop
  endfacet
  facet normal 0 0 -1
    outer loop
      vertex 10.5607 52.5607 1.2
      vertex 30.3 64.3 1.2
      vertex 10.69 52.4131 1.2
    endloop
  endfacet
  facet normal 0 0 -1
    outer loop
      vertex 10.4131 52.69 1.2
      vertex 30.3 64.3 1.2
      vertex 10.5607 52.5607 1.2
    endloop
  endfacet
  facet normal 0 0 -1
    outer loop
      vertex 10.25 52.799 1.2
      vertex 30.3 64.3 1.2
      vertex 10.4131 52.69 1.2
    endloop
  endfacet
  facet normal 0 0 -1
    outer loop
      vertex 10.074 52.8858 1.2
      vertex 30.3 64.3 1.2
      vertex 10.25 52.799 1.2
    endloop
  endfacet
  facet normal 0 0 -1
    outer loop
      vertex 9.88823 52.9489 1.2
      vertex 30.3 64.3 1.2
      vertex 10.074 52.8858 1.2
    endloop
  endfacet
  facet normal 0 0 -1
    outer loop
      vertex 9.69579 52.9872 1.2
      vertex 30.3 64.3 1.2
      vertex 9.88823 52.9489 1.2
    endloop
  endfacet
  facet normal 0 0 -1
    outer loop
      vertex 9.5 53 1.2
      vertex 30.3 64.3 1.2
      vertex 9.69579 52.9872 1.2
    endloop
  endfacet
  facet normal 0 0 -1
    outer loop
      vertex -23.239 59.9917 1.2
      vertex 9.5 53 1.2
      vertex -9.5 53 1.2
    endloop
  endfacet
  facet normal 0 0 -1
    outer loop
      vertex -22.9175 59.625 1.2
      vertex -9.5 53 1.2
      vertex -9.69579 52.9872 1.2
    endloop
  endfacet
  facet normal 0 0 -1
    outer loop
      vertex -22.8451 59.4784 1.2
      vertex -9.69579 52.9872 1.2
      vertex -9.88823 52.9489 1.2
    endloop
  endfacet
  facet normal 0 0 -1
    outer loop
      vertex -22.75 59 1.2
      vertex -10.9872 51.6958 1.2
      vertex -11 51.5 1.2
    endloop
  endfacet
  facet normal 0 0 -1
    outer loop
      vertex -22.75 59 1.2
      vertex -10.9489 51.8882 1.2
      vertex -10.9872 51.6958 1.2
    endloop
  endfacet
  facet normal 0 0 -1
    outer loop
      vertex -22.75 59 1.2
      vertex -10.8858 52.074 1.2
      vertex -10.9489 51.8882 1.2
    endloop
  endfacet
  facet normal 0 0 -1
    outer loop
      vertex -22.75 59 1.2
      vertex -10.799 52.25 1.2
      vertex -10.8858 52.074 1.2
    endloop
  endfacet
  facet normal 0 0 -1
    outer loop
      vertex -22.75 59 1.2
      vertex -10.69 52.4131 1.2
      vertex -10.799 52.25 1.2
    endloop
  endfacet
  facet normal 0 0 -1
    outer loop
      vertex -22.75 59 1.2
      vertex -10.5607 52.5607 1.2
      vertex -10.69 52.4131 1.2
    endloop
  endfacet
  facet normal 0 0 -1
    outer loop
      vertex -22.75 59 1.2
      vertex -10.4131 52.69 1.2
      vertex -10.5607 52.5607 1.2
    endloop
  endfacet
  facet normal 0 0 -1
    outer loop
      vertex -22.75 59 1.2
      vertex -10.25 52.799 1.2
      vertex -10.4131 52.69 1.2
    endloop
  endfacet
  facet normal 0 0 -1
    outer loop
      vertex -22.7607 59.1632 1.2
      vertex -10.25 52.799 1.2
      vertex -22.75 59 1.2
    endloop
  endfacet
  facet normal 0 0 -1
    outer loop
      vertex -10.25 52.799 1.2
      vertex -22.7607 59.1632 1.2
      vertex -10.074 52.8858 1.2
    endloop
  endfacet
  facet normal 0 0 -1
    outer loop
      vertex -22.7926 59.3235 1.2
      vertex -10.074 52.8858 1.2
      vertex -22.7607 59.1632 1.2
    endloop
  endfacet
  facet normal 0 0 -1
    outer loop
      vertex -10.074 52.8858 1.2
      vertex -22.7926 59.3235 1.2
      vertex -9.88823 52.9489 1.2
    endloop
  endfacet
  facet normal 0 0 -1
    outer loop
      vertex -22.8451 59.4784 1.2
      vertex -9.88823 52.9489 1.2
      vertex -22.7926 59.3235 1.2
    endloop
  endfacet
  facet normal 0 0 -1
    outer loop
      vertex -9.69579 52.9872 1.2
      vertex -22.8451 59.4784 1.2
      vertex -22.9175 59.625 1.2
    endloop
  endfacet
  facet normal 0 0 -1
    outer loop
      vertex -9.5 53 1.2
      vertex -22.9175 59.625 1.2
      vertex -23.0083 59.761 1.2
    endloop
  endfacet
  facet normal 0 0 -1
    outer loop
      vertex -9.5 53 1.2
      vertex -23.0083 59.761 1.2
      vertex -23.1161 59.8839 1.2
    endloop
  endfacet
  facet normal 0 0 -1
    outer loop
      vertex -9.5 53 1.2
      vertex -23.1161 59.8839 1.2
      vertex -23.239 59.9917 1.2
    endloop
  endfacet
  facet normal 0 0 -1
    outer loop
      vertex 9.5 53 1.2
      vertex -23.239 59.9917 1.2
      vertex 30.3 64.3 1.2
    endloop
  endfacet
  facet normal 0 0 -1
    outer loop
      vertex -23.375 60.0825 1.2
      vertex 30.3 64.3 1.2
      vertex -23.239 59.9917 1.2
    endloop
  endfacet
  facet normal 0 0 -1
    outer loop
      vertex -30.3 64.3 1.2
      vertex -23.375 60.0825 1.2
      vertex -23.5216 60.1549 1.2
    endloop
  endfacet
  facet normal 0 0 -1
    outer loop
      vertex -30.3 64.3 1.2
      vertex -23.5216 60.1549 1.2
      vertex -23.6765 60.2074 1.2
    endloop
  endfacet
  facet normal 0 0 -1
    outer loop
      vertex -30.3 64.3 1.2
      vertex -23.6765 60.2074 1.2
      vertex -23.8368 60.2393 1.2
    endloop
  endfacet
  facet normal 0 0 -1
    outer loop
      vertex -30.3 64.3 1.2
      vertex -23.8368 60.2393 1.2
      vertex -24 60.25 1.2
    endloop
  endfacet
  facet normal 0 0 -1
    outer loop
      vertex -30.3 64.3 1.2
      vertex -24 60.25 1.2
      vertex -24.1632 60.2393 1.2
    endloop
  endfacet
  facet normal 0 0 -1
    outer loop
      vertex -28.8499 41.1402 1.2
      vertex -24.3235 57.7926 1.2
      vertex -28.7024 41.1108 1.2
    endloop
  endfacet
  facet normal -0 0 -1
    outer loop
      vertex -24.3235 57.7926 1.2
      vertex -28.8499 41.1402 1.2
      vertex -24.4784 57.8451 1.2
    endloop
  endfacet
  facet normal 0 0 -1
    outer loop
      vertex -29 41.15 1.2
      vertex -24.4784 57.8451 1.2
      vertex -28.8499 41.1402 1.2
    endloop
  endfacet
  facet normal -0 0 -1
    outer loop
      vertex -24.4784 57.8451 1.2
      vertex -29 41.15 1.2
      vertex -24.625 57.9175 1.2
    endloop
  endfacet
  facet normal 0 0 -1
    outer loop
      vertex -29.1501 41.1402 1.2
      vertex -24.625 57.9175 1.2
      vertex -29 41.15 1.2
    endloop
  endfacet
  facet normal -0 0 -1
    outer loop
      vertex -24.625 57.9175 1.2
      vertex -29.1501 41.1402 1.2
      vertex -24.761 58.0083 1.2
    endloop
  endfacet
  facet normal 0 0 -1
    outer loop
      vertex -29.2976 41.1108 1.2
      vertex -24.761 58.0083 1.2
      vertex -29.1501 41.1402 1.2
    endloop
  endfacet
  facet normal -0 0 -1
    outer loop
      vertex -24.761 58.0083 1.2
      vertex -29.2976 41.1108 1.2
      vertex -24.8839 58.1161 1.2
    endloop
  endfacet
  facet normal 0 0 -1
    outer loop
      vertex -33.3 61.3 1.2
      vertex -24.8839 58.1161 1.2
      vertex -29.2976 41.1108 1.2
    endloop
  endfacet
  facet normal 0 0 -1
    outer loop
      vertex -24.8839 58.1161 1.2
      vertex -33.3 61.3 1.2
      vertex -24.9917 58.239 1.2
    endloop
  endfacet
  facet normal 0 0 -1
    outer loop
      vertex -24.9917 58.239 1.2
      vertex -33.3 61.3 1.2
      vertex -25.0825 58.375 1.2
    endloop
  endfacet
  facet normal 0 0 -1
    outer loop
      vertex -25.0825 58.375 1.2
      vertex -33.3 61.3 1.2
      vertex -25.1549 58.5216 1.2
    endloop
  endfacet
  facet normal 0 0 -1
    outer loop
      vertex -25.1549 58.5216 1.2
      vertex -33.3 61.3 1.2
      vertex -25.2074 58.6765 1.2
    endloop
  endfacet
  facet normal 0 0 -1
    outer loop
      vertex -25.2074 58.6765 1.2
      vertex -33.3 61.3 1.2
      vertex -25.2393 58.8368 1.2
    endloop
  endfacet
  facet normal 0 0 -1
    outer loop
      vertex -25.2393 58.8368 1.2
      vertex -33.3 61.3 1.2
      vertex -25.25 59 1.2
    endloop
  endfacet
  facet normal 0 0 -1
    outer loop
      vertex -25.25 59 1.2
      vertex -33.3 61.3 1.2
      vertex -25.2393 59.1632 1.2
    endloop
  endfacet
  facet normal 0 0 -1
    outer loop
      vertex -33.3 61.3 1.2
      vertex -29.2976 41.1108 1.2
      vertex -29.4401 41.0625 1.2
    endloop
  endfacet
  facet normal 0 0 -1
    outer loop
      vertex -33.3 61.3 1.2
      vertex -29.4401 41.0625 1.2
      vertex -29.575 40.9959 1.2
    endloop
  endfacet
  facet normal 0 0 -1
    outer loop
      vertex -33.3 61.3 1.2
      vertex -29.575 40.9959 1.2
      vertex -29.7001 40.9124 1.2
    endloop
  endfacet
  facet normal 0 0 -1
    outer loop
      vertex -33.3 61.3 1.2
      vertex -29.7001 40.9124 1.2
      vertex -29.8132 40.8132 1.2
    endloop
  endfacet
  facet normal 0 0 -1
    outer loop
      vertex -33.3 61.3 1.2
      vertex -29.8132 40.8132 1.2
      vertex -29.9124 40.7001 1.2
    endloop
  endfacet
  facet normal 0 0 -1
    outer loop
      vertex -33.3 61.3 1.2
      vertex -29.9124 40.7001 1.2
      vertex -29.9959 40.575 1.2
    endloop
  endfacet
  facet normal 0 0 -1
    outer loop
      vertex -33.3 61.3 1.2
      vertex -29.9959 40.575 1.2
      vertex -30.0625 40.4401 1.2
    endloop
  endfacet
  facet normal 0 0 -1
    outer loop
      vertex -33.3 61.3 1.2
      vertex -30.0625 40.4401 1.2
      vertex -30.1108 40.2976 1.2
    endloop
  endfacet
  facet normal 0 0 -1
    outer loop
      vertex -23.375 60.0825 1.2
      vertex -30.3 64.3 1.2
      vertex 30.3 64.3 1.2
    endloop
  endfacet
  facet normal 0 0 -1
    outer loop
      vertex -24.3235 60.2074 1.2
      vertex -30.3 64.3 1.2
      vertex -24.1632 60.2393 1.2
    endloop
  endfacet
  facet normal 0 0 -1
    outer loop
      vertex -24.4784 60.1549 1.2
      vertex -30.3 64.3 1.2
      vertex -24.3235 60.2074 1.2
    endloop
  endfacet
  facet normal 0 0 -1
    outer loop
      vertex -24.625 60.0825 1.2
      vertex -30.3 64.3 1.2
      vertex -24.4784 60.1549 1.2
    endloop
  endfacet
  facet normal 0 0 -1
    outer loop
      vertex -24.761 59.9917 1.2
      vertex -30.3 64.3 1.2
      vertex -24.625 60.0825 1.2
    endloop
  endfacet
  facet normal 0 0 -1
    outer loop
      vertex -24.8839 59.8839 1.2
      vertex -30.3 64.3 1.2
      vertex -24.761 59.9917 1.2
    endloop
  endfacet
  facet normal 0 0 -1
    outer loop
      vertex -24.9917 59.761 1.2
      vertex -30.3 64.3 1.2
      vertex -24.8839 59.8839 1.2
    endloop
  endfacet
  facet normal 0 0 -1
    outer loop
      vertex -25.0825 59.625 1.2
      vertex -30.3 64.3 1.2
      vertex -24.9917 59.761 1.2
    endloop
  endfacet
  facet normal 0 0 -1
    outer loop
      vertex -25.1549 59.4784 1.2
      vertex -30.3 64.3 1.2
      vertex -25.0825 59.625 1.2
    endloop
  endfacet
  facet normal 0 0 -1
    outer loop
      vertex -25.2074 59.3235 1.2
      vertex -30.3 64.3 1.2
      vertex -25.1549 59.4784 1.2
    endloop
  endfacet
  facet normal 0 0 -1
    outer loop
      vertex -25.2393 59.1632 1.2
      vertex -33.3 61.3 1.2
      vertex -25.2074 59.3235 1.2
    endloop
  endfacet
  facet normal 0 0 -1
    outer loop
      vertex -33.3 61.3 1.2
      vertex -30.1108 40.2976 1.2
      vertex -30.1402 40.1501 1.2
    endloop
  endfacet
  facet normal 0 0 -1
    outer loop
      vertex -33.3 61.3 1.2
      vertex -30.1402 40.1501 1.2
      vertex -30.15 40 1.2
    endloop
  endfacet
  facet normal -0 0 -1
    outer loop
      vertex -30.1402 39.8499 1.2
      vertex -33.3 18.7 1.2
      vertex -30.15 40 1.2
    endloop
  endfacet
  facet normal 0 0 -1
    outer loop
      vertex -33.3 61.3 1.2
      vertex -30.15 40 1.2
      vertex -33.3 18.7 1.2
    endloop
  endfacet
  facet normal 0 0 -1
    outer loop
      vertex -25.2074 59.3235 1.2
      vertex -33.3 61.3 1.2
      vertex -30.3 64.3 1.2
    endloop
  endfacet
  facet normal -0 0 -1
    outer loop
      vertex 28.0041 39.425 1.2
      vertex 8.90865 31.2592 1.2
      vertex 27.9375 39.5599 1.2
    endloop
  endfacet
  facet normal 0 0 -1
    outer loop
      vertex 8.83922 31.4 1.2
      vertex 27.9375 39.5599 1.2
      vertex 8.90865 31.2592 1.2
    endloop
  endfacet
  facet normal 0 0 -1
    outer loop
      vertex 8.64851 31.6485 1.2
      vertex 10.25 43.201 1.2
      vertex 8.75201 31.5305 1.2
    endloop
  endfacet
  facet normal 0 0 -1
    outer loop
      vertex 10.25 43.201 1.2
      vertex 8.64851 31.6485 1.2
      vertex 10.074 43.1142 1.2
    endloop
  endfacet
  facet normal 0 0 -1
    outer loop
      vertex 8.5305 31.752 1.2
      vertex 10.074 43.1142 1.2
      vertex 8.64851 31.6485 1.2
    endloop
  endfacet
  facet normal 0 0 -1
    outer loop
      vertex 10.074 43.1142 1.2
      vertex 8.5305 31.752 1.2
      vertex 9.88823 43.0511 1.2
    endloop
  endfacet
  facet normal 0 0 -1
    outer loop
      vertex 8.39999 31.8392 1.2
      vertex 9.88823 43.0511 1.2
      vertex 8.5305 31.752 1.2
    endloop
  endfacet
  facet normal 0 0 -1
    outer loop
      vertex 9.88823 43.0511 1.2
      vertex 8.39999 31.8392 1.2
      vertex 9.69579 43.0128 1.2
    endloop
  endfacet
  facet normal 0 0 -1
    outer loop
      vertex 8.2592 31.9086 1.2
      vertex 9.69579 43.0128 1.2
      vertex 8.39999 31.8392 1.2
    endloop
  endfacet
  facet normal 0 0 -1
    outer loop
      vertex 9.69579 43.0128 1.2
      vertex 8.2592 31.9086 1.2
      vertex 9.5 43 1.2
    endloop
  endfacet
  facet normal 0 0 -1
    outer loop
      vertex 8.11057 31.9591 1.2
      vertex 9.5 43 1.2
      vertex 8.2592 31.9086 1.2
    endloop
  endfacet
  facet normal 0 0 -1
    outer loop
      vertex 7.95662 31.9897 1.2
      vertex 9.5 43 1.2
      vertex 8.11057 31.9591 1.2
    endloop
  endfacet
  facet normal 0 0 -1
    outer loop
      vertex 7.79999 32 1.2
      vertex 9.5 43 1.2
      vertex 7.95662 31.9897 1.2
    endloop
  endfacet
  facet normal 0 0 -1
    outer loop
      vertex -7.79999 32 1.2
      vertex 9.5 43 1.2
      vertex 7.79999 32 1.2
    endloop
  endfacet
  facet normal 0 0 -1
    outer loop
      vertex -9.5 43 1.2
      vertex -7.79999 32 1.2
      vertex -7.95662 31.9897 1.2
    endloop
  endfacet
  facet normal 0 0 -1
    outer loop
      vertex -9.5 43 1.2
      vertex -7.95662 31.9897 1.2
      vertex -8.11057 31.9591 1.2
    endloop
  endfacet
  facet normal 0 0 -1
    outer loop
      vertex -9.5 43 1.2
      vertex -8.11057 31.9591 1.2
      vertex -8.2592 31.9086 1.2
    endloop
  endfacet
  facet normal 0 0 -1
    outer loop
      vertex -9.5 43 1.2
      vertex -8.2592 31.9086 1.2
      vertex -8.39999 31.8392 1.2
    endloop
  endfacet
  facet normal 0 0 -1
    outer loop
      vertex -7.79999 32 1.2
      vertex -9.5 43 1.2
      vertex 9.5 43 1.2
    endloop
  endfacet
  facet normal 0 0 -1
    outer loop
      vertex -8.5305 31.752 1.2
      vertex -9.5 43 1.2
      vertex -8.39999 31.8392 1.2
    endloop
  endfacet
  facet normal 0 0 -1
    outer loop
      vertex -8.64851 31.6485 1.2
      vertex -9.5 43 1.2
      vertex -8.5305 31.752 1.2
    endloop
  endfacet
  facet normal 0 0 -1
    outer loop
      vertex -8.75201 31.5305 1.2
      vertex -9.5 43 1.2
      vertex -8.64851 31.6485 1.2
    endloop
  endfacet
  facet normal 0 0 -1
    outer loop
      vertex -8.83922 31.4 1.2
      vertex -9.5 43 1.2
      vertex -8.75201 31.5305 1.2
    endloop
  endfacet
  facet normal 0 0 -1
    outer loop
      vertex -8.90865 31.2592 1.2
      vertex -9.5 43 1.2
      vertex -8.83922 31.4 1.2
    endloop
  endfacet
  facet normal 0 0 -1
    outer loop
      vertex -8.95909 31.1106 1.2
      vertex -9.5 43 1.2
      vertex -8.90865 31.2592 1.2
    endloop
  endfacet
  facet normal 0 0 -1
    outer loop
      vertex -8.98972 30.9566 1.2
      vertex -9.5 43 1.2
      vertex -8.95909 31.1106 1.2
    endloop
  endfacet
  facet normal 0 0 -1
    outer loop
      vertex -9.5 43 1.2
      vertex -8.98972 30.9566 1.2
      vertex -8.99998 30.8 1.2
    endloop
  endfacet
  facet normal 0.707107 0.707107 0
    outer loop
      vertex -30.3 15.7 1.2
      vertex -33.3 18.7 0
      vertex -33.3 18.7 1.2
    endloop
  endfacet
  facet normal 0.707107 0.707107 0
    outer loop
      vertex -33.3 18.7 0
      vertex -30.3 15.7 1.2
      vertex -30.3 15.7 0
    endloop
  endfacet
  facet normal -1 0 0
    outer loop
      vertex 33.3 18.7 0
      vertex 33.3 61.3 1.2
      vertex 33.3 61.3 0
    endloop
  endfacet
  facet normal -1 -0 0
    outer loop
      vertex 33.3 61.3 1.2
      vertex 33.3 18.7 0
      vertex 33.3 18.7 1.2
    endloop
  endfacet
  facet normal 0.707107 -0.707107 0
    outer loop
      vertex -33.3 61.3 1.2
      vertex -30.3 64.3 0
      vertex -30.3 64.3 1.2
    endloop
  endfacet
  facet normal 0.707107 -0.707107 0
    outer loop
      vertex -30.3 64.3 0
      vertex -33.3 61.3 1.2
      vertex -33.3 61.3 0
    endloop
  endfacet
  facet normal 0 -1 0
    outer loop
      vertex -30.3 64.3 0
      vertex 30.3 64.3 1.2
      vertex -30.3 64.3 1.2
    endloop
  endfacet
  facet normal 0 -1 -0
    outer loop
      vertex 30.3 64.3 1.2
      vertex -30.3 64.3 0
      vertex 30.3 64.3 0
    endloop
  endfacet
  facet normal 1 -0 0
    outer loop
      vertex -33.3 18.7 1.2
      vertex -33.3 61.3 0
      vertex -33.3 61.3 1.2
    endloop
  endfacet
  facet normal 1 0 0
    outer loop
      vertex -33.3 61.3 0
      vertex -33.3 18.7 1.2
      vertex -33.3 18.7 0
    endloop
  endfacet
  facet normal 0 1 -0
    outer loop
      vertex 30.3 15.7 0
      vertex -30.3 15.7 1.2
      vertex 30.3 15.7 1.2
    endloop
  endfacet
  facet normal 0 1 0
    outer loop
      vertex -30.3 15.7 1.2
      vertex 30.3 15.7 0
      vertex -30.3 15.7 0
    endloop
  endfacet
  facet normal -0.707107 0.707107 0
    outer loop
      vertex 30.3 15.7 0
      vertex 33.3 18.7 1.2
      vertex 33.3 18.7 0
    endloop
  endfacet
  facet normal -0.707107 0.707107 0
    outer loop
      vertex 33.3 18.7 1.2
      vertex 30.3 15.7 0
      vertex 30.3 15.7 1.2
    endloop
  endfacet
  facet normal -0.980757 -0.195234 7.3919e-19
    outer loop
      vertex 10.9872 51.6958 1.2
      vertex 10.9489 51.8882 2.2
      vertex 10.9489 51.8882 1.2
    endloop
  endfacet
  facet normal -0.980757 -0.195234 7.3919e-19
    outer loop
      vertex 10.9489 51.8882 2.2
      vertex 10.9872 51.6958 1.2
      vertex 10.9872 51.6958 2.2
    endloop
  endfacet
  facet normal -0.0652369 0.99787 0
    outer loop
      vertex 9.69579 43.0128 1.2
      vertex 9.5 43 2.2
      vertex 9.69579 43.0128 2.2
    endloop
  endfacet
  facet normal -0.0652369 0.99787 0
    outer loop
      vertex 9.5 43 2.2
      vertex 9.69579 43.0128 1.2
      vertex 9.5 43 1.2
    endloop
  endfacet
  facet normal 0.195195 0.980764 -0
    outer loop
      vertex -9.69579 43.0128 1.2
      vertex -9.88823 43.0511 2.2
      vertex -9.69579 43.0128 2.2
    endloop
  endfacet
  facet normal 0.195195 0.980764 0
    outer loop
      vertex -9.88823 43.0511 2.2
      vertex -9.69579 43.0128 1.2
      vertex -9.88823 43.0511 1.2
    endloop
  endfacet
  facet normal 0 -1 0
    outer loop
      vertex -9.5 53 1.2
      vertex 9.5 53 2.2
      vertex -9.5 53 2.2
    endloop
  endfacet
  facet normal 0 -1 -0
    outer loop
      vertex 9.5 53 2.2
      vertex -9.5 53 1.2
      vertex 9.5 53 1.2
    endloop
  endfacet
  facet normal 0.442315 -0.89686 0
    outer loop
      vertex -10.25 52.799 1.2
      vertex -10.074 52.8858 2.2
      vertex -10.25 52.799 2.2
    endloop
  endfacet
  facet normal 0.442315 -0.89686 0
    outer loop
      vertex -10.074 52.8858 2.2
      vertex -10.25 52.799 1.2
      vertex -10.074 52.8858 1.2
    endloop
  endfacet
  facet normal -0.555641 0.831422 0
    outer loop
      vertex 10.4131 43.31 1.2
      vertex 10.25 43.201 2.2
      vertex 10.4131 43.31 2.2
    endloop
  endfacet
  facet normal -0.555641 0.831422 0
    outer loop
      vertex 10.25 43.201 2.2
      vertex 10.4131 43.31 1.2
      vertex 10.25 43.201 1.2
    endloop
  endfacet
  facet normal 0.442315 0.89686 -0
    outer loop
      vertex -10.074 43.1142 1.2
      vertex -10.25 43.201 2.2
      vertex -10.074 43.1142 2.2
    endloop
  endfacet
  facet normal 0.442315 0.89686 0
    outer loop
      vertex -10.25 43.201 2.2
      vertex -10.074 43.1142 1.2
      vertex -10.25 43.201 1.2
    endloop
  endfacet
  facet normal 1 -0 0
    outer loop
      vertex -11 44.5 2.2
      vertex -11 51.5 1.2
      vertex -11 51.5 2.2
    endloop
  endfacet
  facet normal 1 0 0
    outer loop
      vertex -11 51.5 1.2
      vertex -11 44.5 2.2
      vertex -11 44.5 1.2
    endloop
  endfacet
  facet normal 0.0652369 -0.99787 0
    outer loop
      vertex -9.69579 52.9872 1.2
      vertex -9.5 53 2.2
      vertex -9.69579 52.9872 2.2
    endloop
  endfacet
  facet normal 0.0652369 -0.99787 0
    outer loop
      vertex -9.5 53 2.2
      vertex -9.69579 52.9872 1.2
      vertex -9.5 53 1.2
    endloop
  endfacet
  facet normal 0 1 -0
    outer loop
      vertex 9.5 43 1.2
      vertex -9.5 43 2.2
      vertex 9.5 43 2.2
    endloop
  endfacet
  facet normal 0 1 0
    outer loop
      vertex -9.5 43 2.2
      vertex 9.5 43 1.2
      vertex -9.5 43 1.2
    endloop
  endfacet
  facet normal -0.0652369 -0.99787 0
    outer loop
      vertex 9.5 53 1.2
      vertex 9.69579 52.9872 2.2
      vertex 9.5 53 2.2
    endloop
  endfacet
  facet normal -0.0652369 -0.99787 -0
    outer loop
      vertex 9.69579 52.9872 2.2
      vertex 9.5 53 1.2
      vertex 9.69579 52.9872 1.2
    endloop
  endfacet
  facet normal 0.658937 0.752198 -0
    outer loop
      vertex -10.4131 43.31 1.2
      vertex -10.5607 43.4393 2.2
      vertex -10.4131 43.31 2.2
    endloop
  endfacet
  facet normal 0.658937 0.752198 0
    outer loop
      vertex -10.5607 43.4393 2.2
      vertex -10.4131 43.31 1.2
      vertex -10.5607 43.4393 1.2
    endloop
  endfacet
  facet normal 0.99787 0.0652336 -4.90089e-19
    outer loop
      vertex -10.9872 44.3042 2.2
      vertex -11 44.5 1.2
      vertex -11 44.5 2.2
    endloop
  endfacet
  facet normal 0.99787 0.0652336 -4.90089e-19
    outer loop
      vertex -11 44.5 1.2
      vertex -10.9872 44.3042 2.2
      vertex -10.9872 44.3042 1.2
    endloop
  endfacet
  facet normal 0.99787 -0.0652336 4.90089e-19
    outer loop
      vertex -11 51.5 2.2
      vertex -10.9872 51.6958 1.2
      vertex -10.9872 51.6958 2.2
    endloop
  endfacet
  facet normal 0.99787 -0.0652336 4.90089e-19
    outer loop
      vertex -10.9872 51.6958 1.2
      vertex -11 51.5 2.2
      vertex -11 51.5 1.2
    endloop
  endfacet
  facet normal 0.0652369 0.99787 -0
    outer loop
      vertex -9.5 43 1.2
      vertex -9.69579 43.0128 2.2
      vertex -9.5 43 2.2
    endloop
  endfacet
  facet normal 0.0652369 0.99787 0
    outer loop
      vertex -9.69579 43.0128 2.2
      vertex -9.5 43 1.2
      vertex -9.69579 43.0128 1.2
    endloop
  endfacet
  facet normal 0.752198 0.658937 -5.09067e-18
    outer loop
      vertex -10.5607 43.4393 2.2
      vertex -10.69 43.5869 1.2
      vertex -10.69 43.5869 2.2
    endloop
  endfacet
  facet normal 0.752198 0.658937 -5.09067e-18
    outer loop
      vertex -10.69 43.5869 1.2
      vertex -10.5607 43.4393 2.2
      vertex -10.5607 43.4393 1.2
    endloop
  endfacet
  facet normal -0.752198 0.658937 5.09067e-18
    outer loop
      vertex 10.5607 43.4393 1.2
      vertex 10.69 43.5869 2.2
      vertex 10.69 43.5869 1.2
    endloop
  endfacet
  facet normal -0.752198 0.658937 5.09067e-18
    outer loop
      vertex 10.69 43.5869 2.2
      vertex 10.5607 43.4393 1.2
      vertex 10.5607 43.4393 2.2
    endloop
  endfacet
  facet normal 0.831422 -0.555641 4.59732e-18
    outer loop
      vertex -10.799 52.25 2.2
      vertex -10.69 52.4131 1.2
      vertex -10.69 52.4131 2.2
    endloop
  endfacet
  facet normal 0.831422 -0.555641 4.59732e-18
    outer loop
      vertex -10.69 52.4131 1.2
      vertex -10.799 52.25 2.2
      vertex -10.799 52.25 1.2
    endloop
  endfacet
  facet normal 0.946885 0.321574 -2.46792e-18
    outer loop
      vertex -10.8858 43.926 2.2
      vertex -10.9489 44.1118 1.2
      vertex -10.9489 44.1118 2.2
    endloop
  endfacet
  facet normal 0.946885 0.321574 -2.46792e-18
    outer loop
      vertex -10.9489 44.1118 1.2
      vertex -10.8858 43.926 2.2
      vertex -10.8858 43.926 1.2
    endloop
  endfacet
  facet normal -0.946885 -0.321574 -2.46792e-18
    outer loop
      vertex 10.9489 51.8882 1.2
      vertex 10.8858 52.074 2.2
      vertex 10.8858 52.074 1.2
    endloop
  endfacet
  facet normal -0.946885 -0.321574 -2.46792e-18
    outer loop
      vertex 10.8858 52.074 2.2
      vertex 10.9489 51.8882 1.2
      vertex 10.9489 51.8882 2.2
    endloop
  endfacet
  facet normal -0.32162 -0.946869 0
    outer loop
      vertex 9.88823 52.9489 1.2
      vertex 10.074 52.8858 2.2
      vertex 9.88823 52.9489 2.2
    endloop
  endfacet
  facet normal -0.32162 -0.946869 -0
    outer loop
      vertex 10.074 52.8858 2.2
      vertex 9.88823 52.9489 1.2
      vertex 10.074 52.8858 1.2
    endloop
  endfacet
  facet normal -0.89686 -0.442315 1.3329e-19
    outer loop
      vertex 10.8858 52.074 1.2
      vertex 10.799 52.25 2.2
      vertex 10.799 52.25 1.2
    endloop
  endfacet
  facet normal -0.89686 -0.442315 1.3329e-19
    outer loop
      vertex 10.799 52.25 2.2
      vertex 10.8858 52.074 1.2
      vertex 10.8858 52.074 2.2
    endloop
  endfacet
  facet normal -0.752198 -0.658937 -5.09067e-18
    outer loop
      vertex 10.69 52.4131 1.2
      vertex 10.5607 52.5607 2.2
      vertex 10.5607 52.5607 1.2
    endloop
  endfacet
  facet normal -0.752198 -0.658937 -5.09067e-18
    outer loop
      vertex 10.5607 52.5607 2.2
      vertex 10.69 52.4131 1.2
      vertex 10.69 52.4131 2.2
    endloop
  endfacet
  facet normal -0.442315 -0.89686 0
    outer loop
      vertex 10.074 52.8858 1.2
      vertex 10.25 52.799 2.2
      vertex 10.074 52.8858 2.2
    endloop
  endfacet
  facet normal -0.442315 -0.89686 -0
    outer loop
      vertex 10.25 52.799 2.2
      vertex 10.074 52.8858 1.2
      vertex 10.25 52.799 1.2
    endloop
  endfacet
  facet normal -0.658937 0.752198 0
    outer loop
      vertex 10.5607 43.4393 1.2
      vertex 10.4131 43.31 2.2
      vertex 10.5607 43.4393 2.2
    endloop
  endfacet
  facet normal -0.658937 0.752198 0
    outer loop
      vertex 10.4131 43.31 2.2
      vertex 10.5607 43.4393 1.2
      vertex 10.4131 43.31 1.2
    endloop
  endfacet
  facet normal 0.946885 -0.321574 2.46792e-18
    outer loop
      vertex -10.9489 51.8882 2.2
      vertex -10.8858 52.074 1.2
      vertex -10.8858 52.074 2.2
    endloop
  endfacet
  facet normal 0.946885 -0.321574 2.46792e-18
    outer loop
      vertex -10.8858 52.074 1.2
      vertex -10.9489 51.8882 2.2
      vertex -10.9489 51.8882 1.2
    endloop
  endfacet
  facet normal 0.555641 -0.831422 0
    outer loop
      vertex -10.4131 52.69 1.2
      vertex -10.25 52.799 2.2
      vertex -10.4131 52.69 2.2
    endloop
  endfacet
  facet normal 0.555641 -0.831422 0
    outer loop
      vertex -10.25 52.799 2.2
      vertex -10.4131 52.69 1.2
      vertex -10.25 52.799 1.2
    endloop
  endfacet
  facet normal 0.555641 0.831422 -0
    outer loop
      vertex -10.25 43.201 1.2
      vertex -10.4131 43.31 2.2
      vertex -10.25 43.201 2.2
    endloop
  endfacet
  facet normal 0.555641 0.831422 0
    outer loop
      vertex -10.4131 43.31 2.2
      vertex -10.25 43.201 1.2
      vertex -10.4131 43.31 1.2
    endloop
  endfacet
  facet normal -0.99787 0.0652336 4.90089e-19
    outer loop
      vertex 10.9872 44.3042 1.2
      vertex 11 44.5 2.2
      vertex 11 44.5 1.2
    endloop
  endfacet
  facet normal -0.99787 0.0652336 4.90089e-19
    outer loop
      vertex 11 44.5 2.2
      vertex 10.9872 44.3042 1.2
      vertex 10.9872 44.3042 2.2
    endloop
  endfacet
  facet normal -0.99787 -0.0652336 -4.90089e-19
    outer loop
      vertex 11 51.5 1.2
      vertex 10.9872 51.6958 2.2
      vertex 10.9872 51.6958 1.2
    endloop
  endfacet
  facet normal -0.99787 -0.0652336 -4.90089e-19
    outer loop
      vertex 10.9872 51.6958 2.2
      vertex 11 51.5 1.2
      vertex 11 51.5 2.2
    endloop
  endfacet
  facet normal 0.658937 -0.752198 0
    outer loop
      vertex -10.5607 52.5607 1.2
      vertex -10.4131 52.69 2.2
      vertex -10.5607 52.5607 2.2
    endloop
  endfacet
  facet normal 0.658937 -0.752198 0
    outer loop
      vertex -10.4131 52.69 2.2
      vertex -10.5607 52.5607 1.2
      vertex -10.4131 52.69 1.2
    endloop
  endfacet
  facet normal 0.32162 -0.946869 0
    outer loop
      vertex -10.074 52.8858 1.2
      vertex -9.88823 52.9489 2.2
      vertex -10.074 52.8858 2.2
    endloop
  endfacet
  facet normal 0.32162 -0.946869 0
    outer loop
      vertex -9.88823 52.9489 2.2
      vertex -10.074 52.8858 1.2
      vertex -9.88823 52.9489 1.2
    endloop
  endfacet
  facet normal 0.980757 -0.195234 -7.3919e-19
    outer loop
      vertex -10.9872 51.6958 2.2
      vertex -10.9489 51.8882 1.2
      vertex -10.9489 51.8882 2.2
    endloop
  endfacet
  facet normal 0.980757 -0.195234 -7.3919e-19
    outer loop
      vertex -10.9489 51.8882 1.2
      vertex -10.9872 51.6958 2.2
      vertex -10.9872 51.6958 1.2
    endloop
  endfacet
  facet normal -0.980757 0.195234 -7.3919e-19
    outer loop
      vertex 10.9489 44.1118 1.2
      vertex 10.9872 44.3042 2.2
      vertex 10.9872 44.3042 1.2
    endloop
  endfacet
  facet normal -0.980757 0.195234 -7.3919e-19
    outer loop
      vertex 10.9872 44.3042 2.2
      vertex 10.9489 44.1118 1.2
      vertex 10.9489 44.1118 2.2
    endloop
  endfacet
  facet normal -0.195195 -0.980764 0
    outer loop
      vertex 9.69579 52.9872 1.2
      vertex 9.88823 52.9489 2.2
      vertex 9.69579 52.9872 2.2
    endloop
  endfacet
  facet normal -0.195195 -0.980764 -0
    outer loop
      vertex 9.88823 52.9489 2.2
      vertex 9.69579 52.9872 1.2
      vertex 9.88823 52.9489 1.2
    endloop
  endfacet
  facet normal -0.946885 0.321574 2.46792e-18
    outer loop
      vertex 10.8858 43.926 1.2
      vertex 10.9489 44.1118 2.2
      vertex 10.9489 44.1118 1.2
    endloop
  endfacet
  facet normal -0.946885 0.321574 2.46792e-18
    outer loop
      vertex 10.9489 44.1118 2.2
      vertex 10.8858 43.926 1.2
      vertex 10.8858 43.926 2.2
    endloop
  endfacet
  facet normal 0.195195 -0.980764 0
    outer loop
      vertex -9.88823 52.9489 1.2
      vertex -9.69579 52.9872 2.2
      vertex -9.88823 52.9489 2.2
    endloop
  endfacet
  facet normal 0.195195 -0.980764 0
    outer loop
      vertex -9.69579 52.9872 2.2
      vertex -9.88823 52.9489 1.2
      vertex -9.69579 52.9872 1.2
    endloop
  endfacet
  facet normal 0.980757 0.195234 7.3919e-19
    outer loop
      vertex -10.9489 44.1118 2.2
      vertex -10.9872 44.3042 1.2
      vertex -10.9872 44.3042 2.2
    endloop
  endfacet
  facet normal 0.980757 0.195234 7.3919e-19
    outer loop
      vertex -10.9872 44.3042 1.2
      vertex -10.9489 44.1118 2.2
      vertex -10.9489 44.1118 1.2
    endloop
  endfacet
  facet normal -0.831422 -0.555641 -4.59732e-18
    outer loop
      vertex 10.799 52.25 1.2
      vertex 10.69 52.4131 2.2
      vertex 10.69 52.4131 1.2
    endloop
  endfacet
  facet normal -0.831422 -0.555641 -4.59732e-18
    outer loop
      vertex 10.69 52.4131 2.2
      vertex 10.799 52.25 1.2
      vertex 10.799 52.25 2.2
    endloop
  endfacet
  facet normal 0.831422 0.555641 -4.59732e-18
    outer loop
      vertex -10.69 43.5869 2.2
      vertex -10.799 43.75 1.2
      vertex -10.799 43.75 2.2
    endloop
  endfacet
  facet normal 0.831422 0.555641 -4.59732e-18
    outer loop
      vertex -10.799 43.75 1.2
      vertex -10.69 43.5869 2.2
      vertex -10.69 43.5869 1.2
    endloop
  endfacet
  facet normal -0.831422 0.555641 4.59732e-18
    outer loop
      vertex 10.69 43.5869 1.2
      vertex 10.799 43.75 2.2
      vertex 10.799 43.75 1.2
    endloop
  endfacet
  facet normal -0.831422 0.555641 4.59732e-18
    outer loop
      vertex 10.799 43.75 2.2
      vertex 10.69 43.5869 1.2
      vertex 10.69 43.5869 2.2
    endloop
  endfacet
  facet normal 0.89686 0.442315 1.3329e-19
    outer loop
      vertex -10.799 43.75 2.2
      vertex -10.8858 43.926 1.2
      vertex -10.8858 43.926 2.2
    endloop
  endfacet
  facet normal 0.89686 0.442315 1.3329e-19
    outer loop
      vertex -10.8858 43.926 1.2
      vertex -10.799 43.75 2.2
      vertex -10.799 43.75 1.2
    endloop
  endfacet
  facet normal 0.752198 -0.658937 5.09067e-18
    outer loop
      vertex -10.69 52.4131 2.2
      vertex -10.5607 52.5607 1.2
      vertex -10.5607 52.5607 2.2
    endloop
  endfacet
  facet normal 0.752198 -0.658937 5.09067e-18
    outer loop
      vertex -10.5607 52.5607 1.2
      vertex -10.69 52.4131 2.2
      vertex -10.69 52.4131 1.2
    endloop
  endfacet
  facet normal 0.32162 0.946869 -0
    outer loop
      vertex -9.88823 43.0511 1.2
      vertex -10.074 43.1142 2.2
      vertex -9.88823 43.0511 2.2
    endloop
  endfacet
  facet normal 0.32162 0.946869 0
    outer loop
      vertex -10.074 43.1142 2.2
      vertex -9.88823 43.0511 1.2
      vertex -10.074 43.1142 1.2
    endloop
  endfacet
  facet normal -0.442315 0.89686 0
    outer loop
      vertex 10.25 43.201 1.2
      vertex 10.074 43.1142 2.2
      vertex 10.25 43.201 2.2
    endloop
  endfacet
  facet normal -0.442315 0.89686 0
    outer loop
      vertex 10.074 43.1142 2.2
      vertex 10.25 43.201 1.2
      vertex 10.074 43.1142 1.2
    endloop
  endfacet
  facet normal 0.89686 -0.442315 -1.3329e-19
    outer loop
      vertex -10.8858 52.074 2.2
      vertex -10.799 52.25 1.2
      vertex -10.799 52.25 2.2
    endloop
  endfacet
  facet normal 0.89686 -0.442315 -1.3329e-19
    outer loop
      vertex -10.799 52.25 1.2
      vertex -10.8858 52.074 2.2
      vertex -10.8858 52.074 1.2
    endloop
  endfacet
  facet normal -0.555641 -0.831422 0
    outer loop
      vertex 10.25 52.799 1.2
      vertex 10.4131 52.69 2.2
      vertex 10.25 52.799 2.2
    endloop
  endfacet
  facet normal -0.555641 -0.831422 -0
    outer loop
      vertex 10.4131 52.69 2.2
      vertex 10.25 52.799 1.2
      vertex 10.4131 52.69 1.2
    endloop
  endfacet
  facet normal -1 0 0
    outer loop
      vertex 11 44.5 1.2
      vertex 11 51.5 2.2
      vertex 11 51.5 1.2
    endloop
  endfacet
  facet normal -1 -0 0
    outer loop
      vertex 11 51.5 2.2
      vertex 11 44.5 1.2
      vertex 11 44.5 2.2
    endloop
  endfacet
  facet normal -0.195195 0.980764 0
    outer loop
      vertex 9.88823 43.0511 1.2
      vertex 9.69579 43.0128 2.2
      vertex 9.88823 43.0511 2.2
    endloop
  endfacet
  facet normal -0.195195 0.980764 0
    outer loop
      vertex 9.69579 43.0128 2.2
      vertex 9.88823 43.0511 1.2
      vertex 9.69579 43.0128 1.2
    endloop
  endfacet
  facet normal -0.89686 0.442315 -1.3329e-19
    outer loop
      vertex 10.799 43.75 1.2
      vertex 10.8858 43.926 2.2
      vertex 10.8858 43.926 1.2
    endloop
  endfacet
  facet normal -0.89686 0.442315 -1.3329e-19
    outer loop
      vertex 10.8858 43.926 2.2
      vertex 10.799 43.75 1.2
      vertex 10.799 43.75 2.2
    endloop
  endfacet
  facet normal -0.32162 0.946869 0
    outer loop
      vertex 10.074 43.1142 1.2
      vertex 9.88823 43.0511 2.2
      vertex 10.074 43.1142 2.2
    endloop
  endfacet
  facet normal -0.32162 0.946869 0
    outer loop
      vertex 9.88823 43.0511 2.2
      vertex 10.074 43.1142 1.2
      vertex 9.88823 43.0511 1.2
    endloop
  endfacet
  facet normal -0.658937 -0.752198 0
    outer loop
      vertex 10.4131 52.69 1.2
      vertex 10.5607 52.5607 2.2
      vertex 10.4131 52.69 2.2
    endloop
  endfacet
  facet normal -0.658937 -0.752198 -0
    outer loop
      vertex 10.5607 52.5607 2.2
      vertex 10.4131 52.69 1.2
      vertex 10.5607 52.5607 1.2
    endloop
  endfacet
  facet normal -0.0656183 0.997845 0
    outer loop
      vertex 7.95662 24.0103 1.2
      vertex 7.79999 24 2.2
      vertex 7.95662 24.0103 2.2
    endloop
  endfacet
  facet normal -0.0656183 0.997845 0
    outer loop
      vertex 7.79999 24 2.2
      vertex 7.95662 24.0103 1.2
      vertex 7.79999 24 1.2
    endloop
  endfacet
  facet normal 0.194952 0.980813 -0
    outer loop
      vertex -7.95662 24.0103 1.2
      vertex -8.11057 24.0409 2.2
      vertex -7.95662 24.0103 2.2
    endloop
  endfacet
  facet normal 0.194952 0.980813 0
    outer loop
      vertex -8.11057 24.0409 2.2
      vertex -7.95662 24.0103 1.2
      vertex -8.11057 24.0409 1.2
    endloop
  endfacet
  facet normal -0.946936 -0.321423 2.6024e-18
    outer loop
      vertex 8.95909 31.1106 1.2
      vertex 8.90865 31.2592 2.2
      vertex 8.90865 31.2592 1.2
    endloop
  endfacet
  facet normal -0.946936 -0.321423 2.6024e-18
    outer loop
      vertex 8.90865 31.2592 2.2
      vertex 8.95909 31.1106 1.2
      vertex 8.95909 31.1106 2.2
    endloop
  endfacet
  facet normal 0.751787 -0.659406 -3.21553e-18
    outer loop
      vertex -8.75201 31.5305 2.2
      vertex -8.64851 31.6485 1.2
      vertex -8.64851 31.6485 2.2
    endloop
  endfacet
  facet normal 0.751787 -0.659406 -3.21553e-18
    outer loop
      vertex -8.64851 31.6485 1.2
      vertex -8.75201 31.5305 2.2
      vertex -8.75201 31.5305 1.2
    endloop
  endfacet
  facet normal 0.194952 -0.980813 0
    outer loop
      vertex -8.11057 31.9591 1.2
      vertex -7.95662 31.9897 2.2
      vertex -8.11057 31.9591 2.2
    endloop
  endfacet
  facet normal 0.194952 -0.980813 0
    outer loop
      vertex -7.95662 31.9897 2.2
      vertex -8.11057 31.9591 1.2
      vertex -7.95662 31.9897 1.2
    endloop
  endfacet
  facet normal 0.896885 0.442264 1.60751e-18
    outer loop
      vertex -8.83922 24.6 2.2
      vertex -8.90865 24.7408 1.2
      vertex -8.90865 24.7408 2.2
    endloop
  endfacet
  facet normal 0.896885 0.442264 1.60751e-18
    outer loop
      vertex -8.90865 24.7408 1.2
      vertex -8.83922 24.6 2.2
      vertex -8.83922 24.6 1.2
    endloop
  endfacet
  facet normal 0 -1 0
    outer loop
      vertex -7.79999 32 1.2
      vertex 7.79999 32 2.2
      vertex -7.79999 32 2.2
    endloop
  endfacet
  facet normal 0 -1 -0
    outer loop
      vertex 7.79999 32 2.2
      vertex -7.79999 32 1.2
      vertex 7.79999 32 1.2
    endloop
  endfacet
  facet normal 0.831432 -0.555626 1.29955e-18
    outer loop
      vertex -8.83922 31.4 2.2
      vertex -8.75201 31.5305 1.2
      vertex -8.75201 31.5305 2.2
    endloop
  endfacet
  facet normal 0.831432 -0.555626 1.29955e-18
    outer loop
      vertex -8.75201 31.5305 1.2
      vertex -8.83922 31.4 2.2
      vertex -8.83922 31.4 1.2
    endloop
  endfacet
  facet normal 0.555553 0.831481 -0
    outer loop
      vertex -8.39999 24.1608 1.2
      vertex -8.5305 24.248 2.2
      vertex -8.39999 24.1608 2.2
    endloop
  endfacet
  facet normal 0.555553 0.831481 0
    outer loop
      vertex -8.5305 24.248 2.2
      vertex -8.39999 24.1608 1.2
      vertex -8.5305 24.248 1.2
    endloop
  endfacet
  facet normal 0.831432 0.555626 -1.29955e-18
    outer loop
      vertex -8.75201 24.4695 2.2
      vertex -8.83922 24.6 1.2
      vertex -8.83922 24.6 2.2
    endloop
  endfacet
  facet normal 0.831432 0.555626 -1.29955e-18
    outer loop
      vertex -8.83922 24.6 1.2
      vertex -8.75201 24.4695 2.2
      vertex -8.75201 24.4695 1.2
    endloop
  endfacet
  facet normal 1 -0 0
    outer loop
      vertex -8.99998 25.2 2.2
      vertex -8.99998 30.8 1.2
      vertex -8.99998 30.8 2.2
    endloop
  endfacet
  facet normal 1 0 0
    outer loop
      vertex -8.99998 30.8 1.2
      vertex -8.99998 25.2 2.2
      vertex -8.99998 25.2 1.2
    endloop
  endfacet
  facet normal 0.0656183 -0.997845 0
    outer loop
      vertex -7.95662 31.9897 1.2
      vertex -7.79999 32 2.2
      vertex -7.95662 31.9897 2.2
    endloop
  endfacet
  facet normal 0.0656183 -0.997845 0
    outer loop
      vertex -7.79999 32 2.2
      vertex -7.95662 31.9897 1.2
      vertex -7.79999 32 1.2
    endloop
  endfacet
  facet normal 0 1 -0
    outer loop
      vertex 7.79999 24 1.2
      vertex -7.79999 24 2.2
      vertex 7.79999 24 2.2
    endloop
  endfacet
  facet normal 0 1 0
    outer loop
      vertex -7.79999 24 2.2
      vertex 7.79999 24 1.2
      vertex -7.79999 24 1.2
    endloop
  endfacet
  facet normal -0.194952 -0.980813 0
    outer loop
      vertex 7.95662 31.9897 1.2
      vertex 8.11057 31.9591 2.2
      vertex 7.95662 31.9897 2.2
    endloop
  endfacet
  facet normal -0.194952 -0.980813 -0
    outer loop
      vertex 8.11057 31.9591 2.2
      vertex 7.95662 31.9897 1.2
      vertex 8.11057 31.9591 1.2
    endloop
  endfacet
  facet normal 0.442135 -0.896948 0
    outer loop
      vertex -8.39999 31.8392 1.2
      vertex -8.2592 31.9086 2.2
      vertex -8.39999 31.8392 2.2
    endloop
  endfacet
  facet normal 0.442135 -0.896948 0
    outer loop
      vertex -8.2592 31.9086 2.2
      vertex -8.39999 31.8392 1.2
      vertex -8.2592 31.9086 1.2
    endloop
  endfacet
  facet normal 0.321707 -0.946839 0
    outer loop
      vertex -8.2592 31.9086 1.2
      vertex -8.11057 31.9591 2.2
      vertex -8.2592 31.9086 2.2
    endloop
  endfacet
  facet normal 0.321707 -0.946839 0
    outer loop
      vertex -8.11057 31.9591 2.2
      vertex -8.2592 31.9086 1.2
      vertex -8.11057 31.9591 1.2
    endloop
  endfacet
  facet normal 0.997861 0.0653771 -2.42901e-19
    outer loop
      vertex -8.98972 25.0434 2.2
      vertex -8.99998 25.2 1.2
      vertex -8.99998 25.2 2.2
    endloop
  endfacet
  facet normal 0.997861 0.0653771 -2.42901e-19
    outer loop
      vertex -8.99998 25.2 1.2
      vertex -8.98972 25.0434 2.2
      vertex -8.98972 25.0434 1.2
    endloop
  endfacet
  facet normal 0.997861 -0.0653771 2.42901e-19
    outer loop
      vertex -8.99998 30.8 2.2
      vertex -8.98972 30.9566 1.2
      vertex -8.98972 30.9566 2.2
    endloop
  endfacet
  facet normal 0.997861 -0.0653771 2.42901e-19
    outer loop
      vertex -8.98972 30.9566 1.2
      vertex -8.99998 30.8 2.2
      vertex -8.99998 30.8 1.2
    endloop
  endfacet
  facet normal -0.0656183 -0.997845 0
    outer loop
      vertex 7.79999 32 1.2
      vertex 7.95662 31.9897 2.2
      vertex 7.79999 32 2.2
    endloop
  endfacet
  facet normal -0.0656183 -0.997845 -0
    outer loop
      vertex 7.95662 31.9897 2.2
      vertex 7.79999 32 1.2
      vertex 7.95662 31.9897 1.2
    endloop
  endfacet
  facet normal 0.0656183 0.997845 -0
    outer loop
      vertex -7.79999 24 1.2
      vertex -7.95662 24.0103 2.2
      vertex -7.79999 24 2.2
    endloop
  endfacet
  facet normal 0.0656183 0.997845 0
    outer loop
      vertex -7.95662 24.0103 2.2
      vertex -7.79999 24 1.2
      vertex -7.95662 24.0103 1.2
    endloop
  endfacet
  facet normal -0.997861 -0.0653771 -2.42901e-19
    outer loop
      vertex 8.99998 30.8 1.2
      vertex 8.98972 30.9566 2.2
      vertex 8.98972 30.9566 1.2
    endloop
  endfacet
  facet normal -0.997861 -0.0653771 -2.42901e-19
    outer loop
      vertex 8.98972 30.9566 2.2
      vertex 8.99998 30.8 1.2
      vertex 8.99998 30.8 2.2
    endloop
  endfacet
  facet normal -0.896885 -0.442264 1.60751e-18
    outer loop
      vertex 8.90865 31.2592 1.2
      vertex 8.83922 31.4 2.2
      vertex 8.83922 31.4 1.2
    endloop
  endfacet
  facet normal -0.896885 -0.442264 1.60751e-18
    outer loop
      vertex 8.83922 31.4 2.2
      vertex 8.90865 31.2592 1.2
      vertex 8.90865 31.2592 2.2
    endloop
  endfacet
  facet normal 0.659375 -0.751815 0
    outer loop
      vertex -8.64851 31.6485 1.2
      vertex -8.5305 31.752 2.2
      vertex -8.64851 31.6485 2.2
    endloop
  endfacet
  facet normal 0.659375 -0.751815 0
    outer loop
      vertex -8.5305 31.752 2.2
      vertex -8.64851 31.6485 1.2
      vertex -8.5305 31.752 1.2
    endloop
  endfacet
  facet normal 0.555553 -0.831481 0
    outer loop
      vertex -8.5305 31.752 1.2
      vertex -8.39999 31.8392 2.2
      vertex -8.5305 31.752 2.2
    endloop
  endfacet
  facet normal 0.555553 -0.831481 0
    outer loop
      vertex -8.39999 31.8392 2.2
      vertex -8.5305 31.752 1.2
      vertex -8.39999 31.8392 1.2
    endloop
  endfacet
  facet normal 0.946936 -0.321423 -2.6024e-18
    outer loop
      vertex -8.95909 31.1106 2.2
      vertex -8.90865 31.2592 1.2
      vertex -8.90865 31.2592 2.2
    endloop
  endfacet
  facet normal 0.946936 -0.321423 -2.6024e-18
    outer loop
      vertex -8.90865 31.2592 1.2
      vertex -8.95909 31.1106 2.2
      vertex -8.95909 31.1106 1.2
    endloop
  endfacet
  facet normal -0.659375 0.751815 0
    outer loop
      vertex 8.64851 24.3515 1.2
      vertex 8.5305 24.248 2.2
      vertex 8.64851 24.3515 2.2
    endloop
  endfacet
  facet normal -0.659375 0.751815 0
    outer loop
      vertex 8.5305 24.248 2.2
      vertex 8.64851 24.3515 1.2
      vertex 8.5305 24.248 1.2
    endloop
  endfacet
  facet normal 0.980788 0.195075 2.04969e-18
    outer loop
      vertex -8.95909 24.8894 2.2
      vertex -8.98972 25.0434 1.2
      vertex -8.98972 25.0434 2.2
    endloop
  endfacet
  facet normal 0.980788 0.195075 2.04969e-18
    outer loop
      vertex -8.98972 25.0434 1.2
      vertex -8.95909 24.8894 2.2
      vertex -8.95909 24.8894 1.2
    endloop
  endfacet
  facet normal 0.659375 0.751815 -0
    outer loop
      vertex -8.5305 24.248 1.2
      vertex -8.64851 24.3515 2.2
      vertex -8.5305 24.248 2.2
    endloop
  endfacet
  facet normal 0.659375 0.751815 0
    outer loop
      vertex -8.64851 24.3515 2.2
      vertex -8.5305 24.248 1.2
      vertex -8.64851 24.3515 1.2
    endloop
  endfacet
  facet normal 0.442135 0.896948 -0
    outer loop
      vertex -8.2592 24.0914 1.2
      vertex -8.39999 24.1608 2.2
      vertex -8.2592 24.0914 2.2
    endloop
  endfacet
  facet normal 0.442135 0.896948 0
    outer loop
      vertex -8.39999 24.1608 2.2
      vertex -8.2592 24.0914 1.2
      vertex -8.39999 24.1608 1.2
    endloop
  endfacet
  facet normal -0.321707 -0.946839 0
    outer loop
      vertex 8.11057 31.9591 1.2
      vertex 8.2592 31.9086 2.2
      vertex 8.11057 31.9591 2.2
    endloop
  endfacet
  facet normal -0.321707 -0.946839 -0
    outer loop
      vertex 8.2592 31.9086 2.2
      vertex 8.11057 31.9591 1.2
      vertex 8.2592 31.9086 1.2
    endloop
  endfacet
  facet normal -0.442135 -0.896948 0
    outer loop
      vertex 8.2592 31.9086 1.2
      vertex 8.39999 31.8392 2.2
      vertex 8.2592 31.9086 2.2
    endloop
  endfacet
  facet normal -0.442135 -0.896948 -0
    outer loop
      vertex 8.39999 31.8392 2.2
      vertex 8.2592 31.9086 1.2
      vertex 8.39999 31.8392 1.2
    endloop
  endfacet
  facet normal -0.980788 0.195075 -2.04969e-18
    outer loop
      vertex 8.95909 24.8894 1.2
      vertex 8.98972 25.0434 2.2
      vertex 8.98972 25.0434 1.2
    endloop
  endfacet
  facet normal -0.980788 0.195075 -2.04969e-18
    outer loop
      vertex 8.98972 25.0434 2.2
      vertex 8.95909 24.8894 1.2
      vertex 8.95909 24.8894 2.2
    endloop
  endfacet
  facet normal -0.896885 0.442264 -1.60751e-18
    outer loop
      vertex 8.83922 24.6 1.2
      vertex 8.90865 24.7408 2.2
      vertex 8.90865 24.7408 1.2
    endloop
  endfacet
  facet normal -0.896885 0.442264 -1.60751e-18
    outer loop
      vertex 8.90865 24.7408 2.2
      vertex 8.83922 24.6 1.2
      vertex 8.83922 24.6 2.2
    endloop
  endfacet
  facet normal -0.555553 0.831481 0
    outer loop
      vertex 8.5305 24.248 1.2
      vertex 8.39999 24.1608 2.2
      vertex 8.5305 24.248 2.2
    endloop
  endfacet
  facet normal -0.555553 0.831481 0
    outer loop
      vertex 8.39999 24.1608 2.2
      vertex 8.5305 24.248 1.2
      vertex 8.39999 24.1608 1.2
    endloop
  endfacet
  facet normal 0.321707 0.946839 -0
    outer loop
      vertex -8.11057 24.0409 1.2
      vertex -8.2592 24.0914 2.2
      vertex -8.11057 24.0409 2.2
    endloop
  endfacet
  facet normal 0.321707 0.946839 0
    outer loop
      vertex -8.2592 24.0914 2.2
      vertex -8.11057 24.0409 1.2
      vertex -8.2592 24.0914 1.2
    endloop
  endfacet
  facet normal -0.980788 -0.195075 2.04969e-18
    outer loop
      vertex 8.98972 30.9566 1.2
      vertex 8.95909 31.1106 2.2
      vertex 8.95909 31.1106 1.2
    endloop
  endfacet
  facet normal -0.980788 -0.195075 2.04969e-18
    outer loop
      vertex 8.95909 31.1106 2.2
      vertex 8.98972 30.9566 1.2
      vertex 8.98972 30.9566 2.2
    endloop
  endfacet
  facet normal -0.659375 -0.751815 0
    outer loop
      vertex 8.5305 31.752 1.2
      vertex 8.64851 31.6485 2.2
      vertex 8.5305 31.752 2.2
    endloop
  endfacet
  facet normal -0.659375 -0.751815 -0
    outer loop
      vertex 8.64851 31.6485 2.2
      vertex 8.5305 31.752 1.2
      vertex 8.64851 31.6485 1.2
    endloop
  endfacet
  facet normal 0.980788 -0.195075 -2.04969e-18
    outer loop
      vertex -8.98972 30.9566 2.2
      vertex -8.95909 31.1106 1.2
      vertex -8.95909 31.1106 2.2
    endloop
  endfacet
  facet normal 0.980788 -0.195075 -2.04969e-18
    outer loop
      vertex -8.95909 31.1106 1.2
      vertex -8.98972 30.9566 2.2
      vertex -8.98972 30.9566 1.2
    endloop
  endfacet
  facet normal 0.751787 0.659406 3.21553e-18
    outer loop
      vertex -8.64851 24.3515 2.2
      vertex -8.75201 24.4695 1.2
      vertex -8.75201 24.4695 2.2
    endloop
  endfacet
  facet normal 0.751787 0.659406 3.21553e-18
    outer loop
      vertex -8.75201 24.4695 1.2
      vertex -8.64851 24.3515 2.2
      vertex -8.64851 24.3515 1.2
    endloop
  endfacet
  facet normal 0.896885 -0.442264 -1.60751e-18
    outer loop
      vertex -8.90865 31.2592 2.2
      vertex -8.83922 31.4 1.2
      vertex -8.83922 31.4 2.2
    endloop
  endfacet
  facet normal 0.896885 -0.442264 -1.60751e-18
    outer loop
      vertex -8.83922 31.4 1.2
      vertex -8.90865 31.2592 2.2
      vertex -8.90865 31.2592 1.2
    endloop
  endfacet
  facet normal -0.321707 0.946839 0
    outer loop
      vertex 8.2592 24.0914 1.2
      vertex 8.11057 24.0409 2.2
      vertex 8.2592 24.0914 2.2
    endloop
  endfacet
  facet normal -0.321707 0.946839 0
    outer loop
      vertex 8.11057 24.0409 2.2
      vertex 8.2592 24.0914 1.2
      vertex 8.11057 24.0409 1.2
    endloop
  endfacet
  facet normal 0.946936 0.321423 2.6024e-18
    outer loop
      vertex -8.90865 24.7408 2.2
      vertex -8.95909 24.8894 1.2
      vertex -8.95909 24.8894 2.2
    endloop
  endfacet
  facet normal 0.946936 0.321423 2.6024e-18
    outer loop
      vertex -8.95909 24.8894 1.2
      vertex -8.90865 24.7408 2.2
      vertex -8.90865 24.7408 1.2
    endloop
  endfacet
  facet normal -1 0 0
    outer loop
      vertex 8.99998 25.2 1.2
      vertex 8.99998 30.8 2.2
      vertex 8.99998 30.8 1.2
    endloop
  endfacet
  facet normal -1 -0 0
    outer loop
      vertex 8.99998 30.8 2.2
      vertex 8.99998 25.2 1.2
      vertex 8.99998 25.2 2.2
    endloop
  endfacet
  facet normal -0.831432 0.555626 1.29955e-18
    outer loop
      vertex 8.75201 24.4695 1.2
      vertex 8.83922 24.6 2.2
      vertex 8.83922 24.6 1.2
    endloop
  endfacet
  facet normal -0.831432 0.555626 1.29955e-18
    outer loop
      vertex 8.83922 24.6 2.2
      vertex 8.75201 24.4695 1.2
      vertex 8.75201 24.4695 2.2
    endloop
  endfacet
  facet normal -0.751787 0.659406 -3.21553e-18
    outer loop
      vertex 8.64851 24.3515 1.2
      vertex 8.75201 24.4695 2.2
      vertex 8.75201 24.4695 1.2
    endloop
  endfacet
  facet normal -0.751787 0.659406 -3.21553e-18
    outer loop
      vertex 8.75201 24.4695 2.2
      vertex 8.64851 24.3515 1.2
      vertex 8.64851 24.3515 2.2
    endloop
  endfacet
  facet normal -0.442135 0.896948 0
    outer loop
      vertex 8.39999 24.1608 1.2
      vertex 8.2592 24.0914 2.2
      vertex 8.39999 24.1608 2.2
    endloop
  endfacet
  facet normal -0.442135 0.896948 0
    outer loop
      vertex 8.2592 24.0914 2.2
      vertex 8.39999 24.1608 1.2
      vertex 8.2592 24.0914 1.2
    endloop
  endfacet
  facet normal -0.194952 0.980813 0
    outer loop
      vertex 8.11057 24.0409 1.2
      vertex 7.95662 24.0103 2.2
      vertex 8.11057 24.0409 2.2
    endloop
  endfacet
  facet normal -0.194952 0.980813 0
    outer loop
      vertex 7.95662 24.0103 2.2
      vertex 8.11057 24.0409 1.2
      vertex 7.95662 24.0103 1.2
    endloop
  endfacet
  facet normal -0.997861 0.0653771 2.42901e-19
    outer loop
      vertex 8.98972 25.0434 1.2
      vertex 8.99998 25.2 2.2
      vertex 8.99998 25.2 1.2
    endloop
  endfacet
  facet normal -0.997861 0.0653771 2.42901e-19
    outer loop
      vertex 8.99998 25.2 2.2
      vertex 8.98972 25.0434 1.2
      vertex 8.98972 25.0434 2.2
    endloop
  endfacet
  facet normal -0.946936 0.321423 -2.6024e-18
    outer loop
      vertex 8.90865 24.7408 1.2
      vertex 8.95909 24.8894 2.2
      vertex 8.95909 24.8894 1.2
    endloop
  endfacet
  facet normal -0.946936 0.321423 -2.6024e-18
    outer loop
      vertex 8.95909 24.8894 2.2
      vertex 8.90865 24.7408 1.2
      vertex 8.90865 24.7408 2.2
    endloop
  endfacet
  facet normal -0.751787 -0.659406 3.21553e-18
    outer loop
      vertex 8.75201 31.5305 1.2
      vertex 8.64851 31.6485 2.2
      vertex 8.64851 31.6485 1.2
    endloop
  endfacet
  facet normal -0.751787 -0.659406 3.21553e-18
    outer loop
      vertex 8.64851 31.6485 2.2
      vertex 8.75201 31.5305 1.2
      vertex 8.75201 31.5305 2.2
    endloop
  endfacet
  facet normal -0.831432 -0.555626 -1.29955e-18
    outer loop
      vertex 8.83922 31.4 1.2
      vertex 8.75201 31.5305 2.2
      vertex 8.75201 31.5305 1.2
    endloop
  endfacet
  facet normal -0.831432 -0.555626 -1.29955e-18
    outer loop
      vertex 8.75201 31.5305 2.2
      vertex 8.83922 31.4 1.2
      vertex 8.83922 31.4 2.2
    endloop
  endfacet
  facet normal -0.555553 -0.831481 0
    outer loop
      vertex 8.39999 31.8392 1.2
      vertex 8.5305 31.752 2.2
      vertex 8.39999 31.8392 2.2
    endloop
  endfacet
  facet normal -0.555553 -0.831481 -0
    outer loop
      vertex 8.5305 31.752 2.2
      vertex 8.39999 31.8392 1.2
      vertex 8.5305 31.752 1.2
    endloop
  endfacet
  facet normal -0.896618 0.442805 6.4996e-20
    outer loop
      vertex -22.9175 58.375 1.2
      vertex -22.8451 58.5216 2.2
      vertex -22.8451 58.5216 1.2
    endloop
  endfacet
  facet normal -0.896618 0.442805 6.4996e-20
    outer loop
      vertex -22.8451 58.5216 2.2
      vertex -22.9175 58.375 1.2
      vertex -22.9175 58.375 2.2
    endloop
  endfacet
  facet normal -0.980768 -0.195175 -1.74135e-18
    outer loop
      vertex -22.7607 59.1632 1.2
      vertex -22.7926 59.3235 2.2
      vertex -22.7926 59.3235 1.2
    endloop
  endfacet
  facet normal -0.980768 -0.195175 -1.74135e-18
    outer loop
      vertex -22.7926 59.3235 2.2
      vertex -22.7607 59.1632 1.2
      vertex -22.7607 59.1632 2.2
    endloop
  endfacet
  facet normal -0.997858 -0.0654233 -5.90949e-19
    outer loop
      vertex -22.75 59 1.2
      vertex -22.7607 59.1632 2.2
      vertex -22.7607 59.1632 1.2
    endloop
  endfacet
  facet normal -0.997858 -0.0654233 -5.90949e-19
    outer loop
      vertex -22.7607 59.1632 2.2
      vertex -22.75 59 1.2
      vertex -22.75 59 2.2
    endloop
  endfacet
  facet normal -0.947082 -0.320993 -1.75132e-19
    outer loop
      vertex -22.7926 59.3235 1.2
      vertex -22.8451 59.4784 2.2
      vertex -22.8451 59.4784 1.2
    endloop
  endfacet
  facet normal -0.947082 -0.320993 -1.75132e-19
    outer loop
      vertex -22.8451 59.4784 2.2
      vertex -22.7926 59.3235 1.2
      vertex -22.7926 59.3235 2.2
    endloop
  endfacet
  facet normal -0.195175 -0.980768 0
    outer loop
      vertex -23.8368 60.2393 1.2
      vertex -23.6765 60.2074 2.2
      vertex -23.8368 60.2393 2.2
    endloop
  endfacet
  facet normal -0.195175 -0.980768 -0
    outer loop
      vertex -23.6765 60.2074 2.2
      vertex -23.8368 60.2393 1.2
      vertex -23.6765 60.2074 1.2
    endloop
  endfacet
  facet normal -0.0654233 -0.997858 0
    outer loop
      vertex -24 60.25 1.2
      vertex -23.8368 60.2393 2.2
      vertex -24 60.25 2.2
    endloop
  endfacet
  facet normal -0.0654233 -0.997858 -0
    outer loop
      vertex -23.8368 60.2393 2.2
      vertex -24 60.25 1.2
      vertex -23.8368 60.2393 1.2
    endloop
  endfacet
  facet normal -0.980768 0.195175 1.74135e-18
    outer loop
      vertex -22.7926 58.6765 1.2
      vertex -22.7607 58.8368 2.2
      vertex -22.7607 58.8368 1.2
    endloop
  endfacet
  facet normal -0.980768 0.195175 1.74135e-18
    outer loop
      vertex -22.7607 58.8368 2.2
      vertex -22.7926 58.6765 1.2
      vertex -22.7926 58.6765 2.2
    endloop
  endfacet
  facet normal -0.195175 0.980768 0
    outer loop
      vertex -23.6765 57.7926 1.2
      vertex -23.8368 57.7607 2.2
      vertex -23.6765 57.7926 2.2
    endloop
  endfacet
  facet normal -0.195175 0.980768 0
    outer loop
      vertex -23.8368 57.7607 2.2
      vertex -23.6765 57.7926 1.2
      vertex -23.8368 57.7607 1.2
    endloop
  endfacet
  facet normal -0.442805 -0.896618 0
    outer loop
      vertex -23.5216 60.1549 1.2
      vertex -23.375 60.0825 2.2
      vertex -23.5216 60.1549 2.2
    endloop
  endfacet
  facet normal -0.442805 -0.896618 -0
    outer loop
      vertex -23.375 60.0825 2.2
      vertex -23.5216 60.1549 1.2
      vertex -23.375 60.0825 1.2
    endloop
  endfacet
  facet normal -0.997858 0.0654233 5.90949e-19
    outer loop
      vertex -22.7607 58.8368 1.2
      vertex -22.75 59 2.2
      vertex -22.75 59 1.2
    endloop
  endfacet
  facet normal -0.997858 0.0654233 5.90949e-19
    outer loop
      vertex -22.75 59 2.2
      vertex -22.7607 58.8368 1.2
      vertex -22.7607 58.8368 2.2
    endloop
  endfacet
  facet normal -0.442805 0.896618 0
    outer loop
      vertex -23.375 57.9175 1.2
      vertex -23.5216 57.8451 2.2
      vertex -23.375 57.9175 2.2
    endloop
  endfacet
  facet normal -0.442805 0.896618 0
    outer loop
      vertex -23.5216 57.8451 2.2
      vertex -23.375 57.9175 1.2
      vertex -23.5216 57.8451 1.2
    endloop
  endfacet
  facet normal -0.555265 0.831674 0
    outer loop
      vertex -23.239 58.0083 1.2
      vertex -23.375 57.9175 2.2
      vertex -23.239 58.0083 2.2
    endloop
  endfacet
  facet normal -0.555265 0.831674 0
    outer loop
      vertex -23.375 57.9175 2.2
      vertex -23.239 58.0083 1.2
      vertex -23.375 57.9175 1.2
    endloop
  endfacet
  facet normal 0.896618 0.442805 -6.4996e-20
    outer loop
      vertex -25.0825 58.375 2.2
      vertex -25.1549 58.5216 1.2
      vertex -25.1549 58.5216 2.2
    endloop
  endfacet
  facet normal 0.896618 0.442805 -6.4996e-20
    outer loop
      vertex -25.1549 58.5216 1.2
      vertex -25.0825 58.375 2.2
      vertex -25.0825 58.375 1.2
    endloop
  endfacet
  facet normal 0.555265 -0.831674 0
    outer loop
      vertex -24.761 59.9917 1.2
      vertex -24.625 60.0825 2.2
      vertex -24.761 59.9917 2.2
    endloop
  endfacet
  facet normal 0.555265 -0.831674 0
    outer loop
      vertex -24.625 60.0825 2.2
      vertex -24.761 59.9917 1.2
      vertex -24.625 60.0825 1.2
    endloop
  endfacet
  facet normal 0.0654233 -0.997858 0
    outer loop
      vertex -24.1632 60.2393 1.2
      vertex -24 60.25 2.2
      vertex -24.1632 60.2393 2.2
    endloop
  endfacet
  facet normal 0.0654233 -0.997858 0
    outer loop
      vertex -24 60.25 2.2
      vertex -24.1632 60.2393 1.2
      vertex -24 60.25 1.2
    endloop
  endfacet
  facet normal 0.831674 0.555265 -4.74598e-18
    outer loop
      vertex -24.9917 58.239 2.2
      vertex -25.0825 58.375 1.2
      vertex -25.0825 58.375 2.2
    endloop
  endfacet
  facet normal 0.831674 0.555265 -4.74598e-18
    outer loop
      vertex -25.0825 58.375 1.2
      vertex -24.9917 58.239 2.2
      vertex -24.9917 58.239 1.2
    endloop
  endfacet
  facet normal -0.75178 -0.659414 4.36748e-18
    outer loop
      vertex -23.0083 59.761 1.2
      vertex -23.1161 59.8839 2.2
      vertex -23.1161 59.8839 1.2
    endloop
  endfacet
  facet normal -0.75178 -0.659414 4.36748e-18
    outer loop
      vertex -23.1161 59.8839 2.2
      vertex -23.0083 59.761 1.2
      vertex -23.0083 59.761 2.2
    endloop
  endfacet
  facet normal 0.195175 0.980768 -0
    outer loop
      vertex -24.1632 57.7607 1.2
      vertex -24.3235 57.7926 2.2
      vertex -24.1632 57.7607 2.2
    endloop
  endfacet
  facet normal 0.195175 0.980768 0
    outer loop
      vertex -24.3235 57.7926 2.2
      vertex -24.1632 57.7607 1.2
      vertex -24.3235 57.7926 1.2
    endloop
  endfacet
  facet normal -0.555265 -0.831674 0
    outer loop
      vertex -23.375 60.0825 1.2
      vertex -23.239 59.9917 2.2
      vertex -23.375 60.0825 2.2
    endloop
  endfacet
  facet normal -0.555265 -0.831674 -0
    outer loop
      vertex -23.239 59.9917 2.2
      vertex -23.375 60.0825 1.2
      vertex -23.239 59.9917 1.2
    endloop
  endfacet
  facet normal -0.831674 0.555265 4.74598e-18
    outer loop
      vertex -23.0083 58.239 1.2
      vertex -22.9175 58.375 2.2
      vertex -22.9175 58.375 1.2
    endloop
  endfacet
  facet normal -0.831674 0.555265 4.74598e-18
    outer loop
      vertex -22.9175 58.375 2.2
      vertex -23.0083 58.239 1.2
      vertex -23.0083 58.239 2.2
    endloop
  endfacet
  facet normal 0.442805 -0.896618 0
    outer loop
      vertex -24.625 60.0825 1.2
      vertex -24.4784 60.1549 2.2
      vertex -24.625 60.0825 2.2
    endloop
  endfacet
  facet normal 0.442805 -0.896618 0
    outer loop
      vertex -24.4784 60.1549 2.2
      vertex -24.625 60.0825 1.2
      vertex -24.4784 60.1549 1.2
    endloop
  endfacet
  facet normal -0.659414 -0.75178 0
    outer loop
      vertex -23.239 59.9917 1.2
      vertex -23.1161 59.8839 2.2
      vertex -23.239 59.9917 2.2
    endloop
  endfacet
  facet normal -0.659414 -0.75178 -0
    outer loop
      vertex -23.1161 59.8839 2.2
      vertex -23.239 59.9917 1.2
      vertex -23.1161 59.8839 1.2
    endloop
  endfacet
  facet normal -0.75178 0.659414 -4.36748e-18
    outer loop
      vertex -23.1161 58.1161 1.2
      vertex -23.0083 58.239 2.2
      vertex -23.0083 58.239 1.2
    endloop
  endfacet
  facet normal -0.75178 0.659414 -4.36748e-18
    outer loop
      vertex -23.0083 58.239 2.2
      vertex -23.1161 58.1161 1.2
      vertex -23.1161 58.1161 2.2
    endloop
  endfacet
  facet normal -0.896618 -0.442805 -6.4996e-20
    outer loop
      vertex -22.8451 59.4784 1.2
      vertex -22.9175 59.625 2.2
      vertex -22.9175 59.625 1.2
    endloop
  endfacet
  facet normal -0.896618 -0.442805 -6.4996e-20
    outer loop
      vertex -22.9175 59.625 2.2
      vertex -22.8451 59.4784 1.2
      vertex -22.8451 59.4784 2.2
    endloop
  endfacet
  facet normal -0.659414 0.75178 0
    outer loop
      vertex -23.1161 58.1161 1.2
      vertex -23.239 58.0083 2.2
      vertex -23.1161 58.1161 2.2
    endloop
  endfacet
  facet normal -0.659414 0.75178 0
    outer loop
      vertex -23.239 58.0083 2.2
      vertex -23.1161 58.1161 1.2
      vertex -23.239 58.0083 1.2
    endloop
  endfacet
  facet normal -0.831674 -0.555265 -4.74598e-18
    outer loop
      vertex -22.9175 59.625 1.2
      vertex -23.0083 59.761 2.2
      vertex -23.0083 59.761 1.2
    endloop
  endfacet
  facet normal -0.831674 -0.555265 -4.74598e-18
    outer loop
      vertex -23.0083 59.761 2.2
      vertex -22.9175 59.625 1.2
      vertex -22.9175 59.625 2.2
    endloop
  endfacet
  facet normal -0.947082 0.320993 1.75132e-19
    outer loop
      vertex -22.8451 58.5216 1.2
      vertex -22.7926 58.6765 2.2
      vertex -22.7926 58.6765 1.2
    endloop
  endfacet
  facet normal -0.947082 0.320993 1.75132e-19
    outer loop
      vertex -22.7926 58.6765 2.2
      vertex -22.8451 58.5216 1.2
      vertex -22.8451 58.5216 2.2
    endloop
  endfacet
  facet normal -0.320993 -0.947082 0
    outer loop
      vertex -23.6765 60.2074 1.2
      vertex -23.5216 60.1549 2.2
      vertex -23.6765 60.2074 2.2
    endloop
  endfacet
  facet normal -0.320993 -0.947082 -0
    outer loop
      vertex -23.5216 60.1549 2.2
      vertex -23.6765 60.2074 1.2
      vertex -23.5216 60.1549 1.2
    endloop
  endfacet
  facet normal -0.320993 0.947082 0
    outer loop
      vertex -23.5216 57.8451 1.2
      vertex -23.6765 57.7926 2.2
      vertex -23.5216 57.8451 2.2
    endloop
  endfacet
  facet normal -0.320993 0.947082 0
    outer loop
      vertex -23.6765 57.7926 2.2
      vertex -23.5216 57.8451 1.2
      vertex -23.6765 57.7926 1.2
    endloop
  endfacet
  facet normal 0.659414 0.75178 -0
    outer loop
      vertex -24.761 58.0083 1.2
      vertex -24.8839 58.1161 2.2
      vertex -24.761 58.0083 2.2
    endloop
  endfacet
  facet normal 0.659414 0.75178 0
    outer loop
      vertex -24.8839 58.1161 2.2
      vertex -24.761 58.0083 1.2
      vertex -24.8839 58.1161 1.2
    endloop
  endfacet
  facet normal 0.659414 -0.75178 0
    outer loop
      vertex -24.8839 59.8839 1.2
      vertex -24.761 59.9917 2.2
      vertex -24.8839 59.8839 2.2
    endloop
  endfacet
  facet normal 0.659414 -0.75178 0
    outer loop
      vertex -24.761 59.9917 2.2
      vertex -24.8839 59.8839 1.2
      vertex -24.761 59.9917 1.2
    endloop
  endfacet
  facet normal 0.195175 -0.980768 0
    outer loop
      vertex -24.3235 60.2074 1.2
      vertex -24.1632 60.2393 2.2
      vertex -24.3235 60.2074 2.2
    endloop
  endfacet
  facet normal 0.195175 -0.980768 0
    outer loop
      vertex -24.1632 60.2393 2.2
      vertex -24.3235 60.2074 1.2
      vertex -24.1632 60.2393 1.2
    endloop
  endfacet
  facet normal 0.320993 -0.947082 0
    outer loop
      vertex -24.4784 60.1549 1.2
      vertex -24.3235 60.2074 2.2
      vertex -24.4784 60.1549 2.2
    endloop
  endfacet
  facet normal 0.320993 -0.947082 0
    outer loop
      vertex -24.3235 60.2074 2.2
      vertex -24.4784 60.1549 1.2
      vertex -24.3235 60.2074 1.2
    endloop
  endfacet
  facet normal 0.947082 -0.320993 1.75132e-19
    outer loop
      vertex -25.2074 59.3235 2.2
      vertex -25.1549 59.4784 1.2
      vertex -25.1549 59.4784 2.2
    endloop
  endfacet
  facet normal 0.947082 -0.320993 1.75132e-19
    outer loop
      vertex -25.1549 59.4784 1.2
      vertex -25.2074 59.3235 2.2
      vertex -25.2074 59.3235 1.2
    endloop
  endfacet
  facet normal 0.947082 0.320993 -1.75132e-19
    outer loop
      vertex -25.1549 58.5216 2.2
      vertex -25.2074 58.6765 1.2
      vertex -25.2074 58.6765 2.2
    endloop
  endfacet
  facet normal 0.947082 0.320993 -1.75132e-19
    outer loop
      vertex -25.2074 58.6765 1.2
      vertex -25.1549 58.5216 2.2
      vertex -25.1549 58.5216 1.2
    endloop
  endfacet
  facet normal 0.442805 0.896618 -0
    outer loop
      vertex -24.4784 57.8451 1.2
      vertex -24.625 57.9175 2.2
      vertex -24.4784 57.8451 2.2
    endloop
  endfacet
  facet normal 0.442805 0.896618 0
    outer loop
      vertex -24.625 57.9175 2.2
      vertex -24.4784 57.8451 1.2
      vertex -24.625 57.9175 1.2
    endloop
  endfacet
  facet normal 0.75178 0.659414 4.36748e-18
    outer loop
      vertex -24.8839 58.1161 2.2
      vertex -24.9917 58.239 1.2
      vertex -24.9917 58.239 2.2
    endloop
  endfacet
  facet normal 0.75178 0.659414 4.36748e-18
    outer loop
      vertex -24.9917 58.239 1.2
      vertex -24.8839 58.1161 2.2
      vertex -24.8839 58.1161 1.2
    endloop
  endfacet
  facet normal 0.896618 -0.442805 6.4996e-20
    outer loop
      vertex -25.1549 59.4784 2.2
      vertex -25.0825 59.625 1.2
      vertex -25.0825 59.625 2.2
    endloop
  endfacet
  facet normal 0.896618 -0.442805 6.4996e-20
    outer loop
      vertex -25.0825 59.625 1.2
      vertex -25.1549 59.4784 2.2
      vertex -25.1549 59.4784 1.2
    endloop
  endfacet
  facet normal 0.0654233 0.997858 -0
    outer loop
      vertex -24 57.75 1.2
      vertex -24.1632 57.7607 2.2
      vertex -24 57.75 2.2
    endloop
  endfacet
  facet normal 0.0654233 0.997858 0
    outer loop
      vertex -24.1632 57.7607 2.2
      vertex -24 57.75 1.2
      vertex -24.1632 57.7607 1.2
    endloop
  endfacet
  facet normal 0.980768 -0.195175 1.74135e-18
    outer loop
      vertex -25.2393 59.1632 2.2
      vertex -25.2074 59.3235 1.2
      vertex -25.2074 59.3235 2.2
    endloop
  endfacet
  facet normal 0.980768 -0.195175 1.74135e-18
    outer loop
      vertex -25.2074 59.3235 1.2
      vertex -25.2393 59.1632 2.2
      vertex -25.2393 59.1632 1.2
    endloop
  endfacet
  facet normal 0.980768 0.195175 -1.74135e-18
    outer loop
      vertex -25.2074 58.6765 2.2
      vertex -25.2393 58.8368 1.2
      vertex -25.2393 58.8368 2.2
    endloop
  endfacet
  facet normal 0.980768 0.195175 -1.74135e-18
    outer loop
      vertex -25.2393 58.8368 1.2
      vertex -25.2074 58.6765 2.2
      vertex -25.2074 58.6765 1.2
    endloop
  endfacet
  facet normal 0.831674 -0.555265 4.74598e-18
    outer loop
      vertex -25.0825 59.625 2.2
      vertex -24.9917 59.761 1.2
      vertex -24.9917 59.761 2.2
    endloop
  endfacet
  facet normal 0.831674 -0.555265 4.74598e-18
    outer loop
      vertex -24.9917 59.761 1.2
      vertex -25.0825 59.625 2.2
      vertex -25.0825 59.625 1.2
    endloop
  endfacet
  facet normal -0.0654233 0.997858 0
    outer loop
      vertex -23.8368 57.7607 1.2
      vertex -24 57.75 2.2
      vertex -23.8368 57.7607 2.2
    endloop
  endfacet
  facet normal -0.0654233 0.997858 0
    outer loop
      vertex -24 57.75 2.2
      vertex -23.8368 57.7607 1.2
      vertex -24 57.75 1.2
    endloop
  endfacet
  facet normal 0.555265 0.831674 -0
    outer loop
      vertex -24.625 57.9175 1.2
      vertex -24.761 58.0083 2.2
      vertex -24.625 57.9175 2.2
    endloop
  endfacet
  facet normal 0.555265 0.831674 0
    outer loop
      vertex -24.761 58.0083 2.2
      vertex -24.625 57.9175 1.2
      vertex -24.761 58.0083 1.2
    endloop
  endfacet
  facet normal 0.997858 0.0654233 -5.90949e-19
    outer loop
      vertex -25.2393 58.8368 2.2
      vertex -25.25 59 1.2
      vertex -25.25 59 2.2
    endloop
  endfacet
  facet normal 0.997858 0.0654233 -5.90949e-19
    outer loop
      vertex -25.25 59 1.2
      vertex -25.2393 58.8368 2.2
      vertex -25.2393 58.8368 1.2
    endloop
  endfacet
  facet normal 0.997858 -0.0654233 5.90949e-19
    outer loop
      vertex -25.25 59 2.2
      vertex -25.2393 59.1632 1.2
      vertex -25.2393 59.1632 2.2
    endloop
  endfacet
  facet normal 0.997858 -0.0654233 5.90949e-19
    outer loop
      vertex -25.2393 59.1632 1.2
      vertex -25.25 59 2.2
      vertex -25.25 59 1.2
    endloop
  endfacet
  facet normal 0.320993 0.947082 -0
    outer loop
      vertex -24.3235 57.7926 1.2
      vertex -24.4784 57.8451 2.2
      vertex -24.3235 57.7926 2.2
    endloop
  endfacet
  facet normal 0.320993 0.947082 0
    outer loop
      vertex -24.4784 57.8451 2.2
      vertex -24.3235 57.7926 1.2
      vertex -24.4784 57.8451 1.2
    endloop
  endfacet
  facet normal 0.75178 -0.659414 -4.36748e-18
    outer loop
      vertex -24.9917 59.761 2.2
      vertex -24.8839 59.8839 1.2
      vertex -24.8839 59.8839 2.2
    endloop
  endfacet
  facet normal 0.75178 -0.659414 -4.36748e-18
    outer loop
      vertex -24.8839 59.8839 1.2
      vertex -24.9917 59.761 2.2
      vertex -24.9917 59.761 1.2
    endloop
  endfacet
  facet normal -1 0 0
    outer loop
      vertex -20 -43 2.8
      vertex -20 -35 4.6
      vertex -20 -35 2.8
    endloop
  endfacet
  facet normal -1 -0 0
    outer loop
      vertex -20 -35 4.6
      vertex -20 -43 2.8
      vertex -20 -43 4.6
    endloop
  endfacet
  facet normal 0 0 -1
    outer loop
      vertex -27 -43 4.6
      vertex -20 -35 4.6
      vertex -20 -43 4.6
    endloop
  endfacet
  facet normal -0 0 -1
    outer loop
      vertex -20 -35 4.6
      vertex -27 -43 4.6
      vertex -27 -35 4.6
    endloop
  endfacet
  facet normal -0 0 1
    outer loop
      vertex -27 -35 2.8
      vertex -20 -43 2.8
      vertex -20 -35 2.8
    endloop
  endfacet
  facet normal 0 0 1
    outer loop
      vertex -20 -43 2.8
      vertex -27 -35 2.8
      vertex -27 -43 2.8
    endloop
  endfacet
  facet normal 0 -1 0
    outer loop
      vertex -27 -35 2.8
      vertex -20 -35 4.6
      vertex -27 -35 4.6
    endloop
  endfacet
  facet normal 0 -1 -0
    outer loop
      vertex -20 -35 4.6
      vertex -27 -35 2.8
      vertex -20 -35 2.8
    endloop
  endfacet
  facet normal 0 1 -0
    outer loop
      vertex -20 -43 2.8
      vertex -27 -43 4.6
      vertex -20 -43 4.6
    endloop
  endfacet
  facet normal 0 1 0
    outer loop
      vertex -27 -43 4.6
      vertex -20 -43 2.8
      vertex -27 -43 2.8
    endloop
  endfacet
  facet normal 0 0 -1
    outer loop
      vertex 20 -43 4.6
      vertex 27 -35 4.6
      vertex 27 -43 4.6
    endloop
  endfacet
  facet normal -0 0 -1
    outer loop
      vertex 27 -35 4.6
      vertex 20 -43 4.6
      vertex 20 -35 4.6
    endloop
  endfacet
  facet normal -0 0 1
    outer loop
      vertex 20 -35 2.8
      vertex 27 -43 2.8
      vertex 27 -35 2.8
    endloop
  endfacet
  facet normal 0 0 1
    outer loop
      vertex 27 -43 2.8
      vertex 20 -35 2.8
      vertex 20 -43 2.8
    endloop
  endfacet
  facet normal 1 -0 0
    outer loop
      vertex 20 -43 4.6
      vertex 20 -35 2.8
      vertex 20 -35 4.6
    endloop
  endfacet
  facet normal 1 0 0
    outer loop
      vertex 20 -35 2.8
      vertex 20 -43 4.6
      vertex 20 -43 2.8
    endloop
  endfacet
  facet normal 0 -1 0
    outer loop
      vertex 20 -35 2.8
      vertex 27 -35 4.6
      vertex 20 -35 4.6
    endloop
  endfacet
  facet normal 0 -1 -0
    outer loop
      vertex 27 -35 4.6
      vertex 20 -35 2.8
      vertex 27 -35 2.8
    endloop
  endfacet
  facet normal 0 1 -0
    outer loop
      vertex 27 -43 2.8
      vertex 20 -43 4.6
      vertex 27 -43 4.6
    endloop
  endfacet
  facet normal 0 1 0
    outer loop
      vertex 20 -43 4.6
      vertex 27 -43 2.8
      vertex 20 -43 2.8
    endloop
  endfacet
  facet normal -0 0 1
    outer loop
      vertex 34.6 6.5 17.4
      vertex 37 -6.5 17.4
      vertex 37 6.5 17.4
    endloop
  endfacet
  facet normal 0 0 1
    outer loop
      vertex 37 -6.5 17.4
      vertex 34.6 6.5 17.4
      vertex 34.6 -6.5 17.4
    endloop
  endfacet
  facet normal -3.14786e-19 0.980764 0.195197
    outer loop
      vertex 37 -6.88637 17.6965
      vertex 34.6 -6.89658 17.7478
      vertex 37 -6.89658 17.7478
    endloop
  endfacet
  facet normal -3.14786e-19 0.980764 0.195197
    outer loop
      vertex 34.6 -6.89658 17.7478
      vertex 37 -6.88637 17.6965
      vertex 34.6 -6.88637 17.6965
    endloop
  endfacet
  facet normal -9.99127e-20 0.997873 -0.0651867
    outer loop
      vertex 37 -6.89999 19.6
      vertex 34.6 -6.89658 19.6522
      vertex 37 -6.89658 19.6522
    endloop
  endfacet
  facet normal -9.99127e-20 0.997873 -0.0651867
    outer loop
      vertex 34.6 -6.89658 19.6522
      vertex 37 -6.89999 19.6
      vertex 34.6 -6.89999 19.6
    endloop
  endfacet
  facet normal -4.27621e-19 0.831432 -0.555626
    outer loop
      vertex 37 -6.84641 19.8
      vertex 34.6 -6.81734 19.8435
      vertex 37 -6.81734 19.8435
    endloop
  endfacet
  facet normal -4.27621e-19 0.831432 -0.555626
    outer loop
      vertex 34.6 -6.81734 19.8435
      vertex 37 -6.84641 19.8
      vertex 34.6 -6.84641 19.8
    endloop
  endfacet
  facet normal 4.27621e-19 -0.831432 -0.555626
    outer loop
      vertex 34.6 6.84641 19.8
      vertex 37 6.81734 19.8435
      vertex 34.6 6.81734 19.8435
    endloop
  endfacet
  facet normal 4.27621e-19 -0.831432 -0.555626
    outer loop
      vertex 37 6.81734 19.8435
      vertex 34.6 6.84641 19.8
      vertex 37 6.84641 19.8
    endloop
  endfacet
  facet normal 3.48373e-19 -0.75151 -0.659722
    outer loop
      vertex 34.6 6.81734 19.8435
      vertex 37 6.78284 19.8828
      vertex 34.6 6.78284 19.8828
    endloop
  endfacet
  facet normal 3.48373e-19 -0.75151 -0.659722
    outer loop
      vertex 37 6.78284 19.8828
      vertex 34.6 6.81734 19.8435
      vertex 37 6.81734 19.8435
    endloop
  endfacet
  facet normal 0 -0.32281 -0.946464
    outer loop
      vertex 34.6 6.60353 19.9864
      vertex 37 6.65308 19.9695
      vertex 37 6.60353 19.9864
    endloop
  endfacet
  facet normal -0 -0.32281 -0.946464
    outer loop
      vertex 37 6.65308 19.9695
      vertex 34.6 6.60353 19.9864
      vertex 34.6 6.65308 19.9695
    endloop
  endfacet
  facet normal -3.48373e-19 -0.75151 0.659722
    outer loop
      vertex 34.6 6.78284 17.5172
      vertex 37 6.81734 17.5565
      vertex 34.6 6.81734 17.5565
    endloop
  endfacet
  facet normal -3.48373e-19 -0.75151 0.659722
    outer loop
      vertex 37 6.81734 17.5565
      vertex 34.6 6.78284 17.5172
      vertex 37 6.78284 17.5172
    endloop
  endfacet
  facet normal -9.99127e-20 -0.997873 0.0651867
    outer loop
      vertex 34.6 6.89658 17.7478
      vertex 37 6.89999 17.8
      vertex 34.6 6.89999 17.8
    endloop
  endfacet
  facet normal -9.99127e-20 -0.997873 0.0651867
    outer loop
      vertex 37 6.89999 17.8
      vertex 34.6 6.89658 17.7478
      vertex 37 6.89658 17.7478
    endloop
  endfacet
  facet normal -0 0.0649716 0.997887
    outer loop
      vertex 34.6 -6.5 17.4
      vertex 37 -6.55222 17.4034
      vertex 37 -6.5 17.4
    endloop
  endfacet
  facet normal 0 0.0649716 0.997887
    outer loop
      vertex 37 -6.55222 17.4034
      vertex 34.6 -6.5 17.4
      vertex 34.6 -6.55222 17.4034
    endloop
  endfacet
  facet normal 4.20103e-19 -0.947028 -0.32115
    outer loop
      vertex 34.6 6.88637 19.7035
      vertex 37 6.86955 19.7531
      vertex 34.6 6.86955 19.7531
    endloop
  endfacet
  facet normal 4.20103e-19 -0.947028 -0.32115
    outer loop
      vertex 37 6.86955 19.7531
      vertex 34.6 6.88637 19.7035
      vertex 37 6.88637 19.7035
    endloop
  endfacet
  facet normal 0 1 -0
    outer loop
      vertex 37 -6.89999 17.8
      vertex 34.6 -6.89999 19.6
      vertex 37 -6.89999 19.6
    endloop
  endfacet
  facet normal 0 1 0
    outer loop
      vertex 34.6 -6.89999 19.6
      vertex 37 -6.89999 17.8
      vertex 34.6 -6.89999 17.8
    endloop
  endfacet
  facet normal 0 0.441698 -0.897164
    outer loop
      vertex 34.6 -6.7 19.9464
      vertex 37 -6.65308 19.9695
      vertex 37 -6.7 19.9464
    endloop
  endfacet
  facet normal 0 0.441698 -0.897164
    outer loop
      vertex 37 -6.65308 19.9695
      vertex 34.6 -6.7 19.9464
      vertex 34.6 -6.65308 19.9695
    endloop
  endfacet
  facet normal 0 -0.194976 0.980808
    outer loop
      vertex 34.6 6.60353 17.4136
      vertex 37 6.55222 17.4034
      vertex 37 6.60353 17.4136
    endloop
  endfacet
  facet normal 0 -0.194976 0.980808
    outer loop
      vertex 37 6.55222 17.4034
      vertex 34.6 6.60353 17.4136
      vertex 34.6 6.55222 17.4034
    endloop
  endfacet
  facet normal -0 0.556022 0.831167
    outer loop
      vertex 34.6 -6.7 17.4536
      vertex 37 -6.7435 17.4827
      vertex 37 -6.7 17.4536
    endloop
  endfacet
  facet normal 0 0.556022 0.831167
    outer loop
      vertex 37 -6.7435 17.4827
      vertex 34.6 -6.7 17.4536
      vertex 34.6 -6.7435 17.4827
    endloop
  endfacet
  facet normal 2.11843e-19 -0.896786 -0.442465
    outer loop
      vertex 34.6 6.86955 19.7531
      vertex 37 6.84641 19.8
      vertex 34.6 6.84641 19.8
    endloop
  endfacet
  facet normal 2.11843e-19 -0.896786 -0.442465
    outer loop
      vertex 37 6.84641 19.8
      vertex 34.6 6.86955 19.7531
      vertex 37 6.86955 19.7531
    endloop
  endfacet
  facet normal 0 -1 0
    outer loop
      vertex 34.6 6.89999 17.8
      vertex 37 6.89999 19.6
      vertex 34.6 6.89999 19.6
    endloop
  endfacet
  facet normal 0 -1 -0
    outer loop
      vertex 37 6.89999 19.6
      vertex 34.6 6.89999 17.8
      vertex 37 6.89999 17.8
    endloop
  endfacet
  facet normal 9.99127e-20 0.997873 0.0651867
    outer loop
      vertex 37 -6.89658 17.7478
      vertex 34.6 -6.89999 17.8
      vertex 37 -6.89999 17.8
    endloop
  endfacet
  facet normal 9.99127e-20 0.997873 0.0651867
    outer loop
      vertex 34.6 -6.89999 17.8
      vertex 37 -6.89658 17.7478
      vertex 34.6 -6.89658 17.7478
    endloop
  endfacet
  facet normal -4.20103e-19 -0.947028 0.32115
    outer loop
      vertex 34.6 6.86955 17.6469
      vertex 37 6.88637 17.6965
      vertex 34.6 6.88637 17.6965
    endloop
  endfacet
  facet normal -4.20103e-19 -0.947028 0.32115
    outer loop
      vertex 37 6.88637 17.6965
      vertex 34.6 6.86955 17.6469
      vertex 37 6.86955 17.6469
    endloop
  endfacet
  facet normal 0 -0.659343 0.751842
    outer loop
      vertex 34.6 6.78284 17.5172
      vertex 37 6.7435 17.4827
      vertex 37 6.78284 17.5172
    endloop
  endfacet
  facet normal 0 -0.659343 0.751842
    outer loop
      vertex 37 6.7435 17.4827
      vertex 34.6 6.78284 17.5172
      vertex 34.6 6.7435 17.4827
    endloop
  endfacet
  facet normal 0 0.0649716 -0.997887
    outer loop
      vertex 34.6 -6.55222 19.9966
      vertex 37 -6.5 20
      vertex 37 -6.55222 19.9966
    endloop
  endfacet
  facet normal 0 0.0649716 -0.997887
    outer loop
      vertex 37 -6.5 20
      vertex 34.6 -6.55222 19.9966
      vertex 34.6 -6.5 20
    endloop
  endfacet
  facet normal 0 0 -1
    outer loop
      vertex 34.6 -6.5 20
      vertex 37 6.5 20
      vertex 37 -6.5 20
    endloop
  endfacet
  facet normal -0 0 -1
    outer loop
      vertex 37 6.5 20
      vertex 34.6 -6.5 20
      vertex 34.6 6.5 20
    endloop
  endfacet
  facet normal -0 0.32281 0.946464
    outer loop
      vertex 34.6 -6.60353 17.4136
      vertex 37 -6.65308 17.4305
      vertex 37 -6.60353 17.4136
    endloop
  endfacet
  facet normal 0 0.32281 0.946464
    outer loop
      vertex 37 -6.65308 17.4305
      vertex 34.6 -6.60353 17.4136
      vertex 34.6 -6.65308 17.4305
    endloop
  endfacet
  facet normal 0 -0.0649716 0.997887
    outer loop
      vertex 34.6 6.55222 17.4034
      vertex 37 6.5 17.4
      vertex 37 6.55222 17.4034
    endloop
  endfacet
  facet normal 0 -0.0649716 0.997887
    outer loop
      vertex 37 6.5 17.4
      vertex 34.6 6.55222 17.4034
      vertex 34.6 6.5 17.4
    endloop
  endfacet
  facet normal -4.29107e-19 -0.896786 0.442465
    outer loop
      vertex 34.6 6.84641 17.6
      vertex 37 6.86955 17.6469
      vertex 34.6 6.86955 17.6469
    endloop
  endfacet
  facet normal -4.29107e-19 -0.896786 0.442465
    outer loop
      vertex 37 6.86955 17.6469
      vertex 34.6 6.84641 17.6
      vertex 37 6.84641 17.6
    endloop
  endfacet
  facet normal 4.20103e-19 0.947028 0.32115
    outer loop
      vertex 37 -6.86955 17.6469
      vertex 34.6 -6.88637 17.6965
      vertex 37 -6.88637 17.6965
    endloop
  endfacet
  facet normal 4.20103e-19 0.947028 0.32115
    outer loop
      vertex 34.6 -6.88637 17.6965
      vertex 37 -6.86955 17.6469
      vertex 34.6 -6.86955 17.6469
    endloop
  endfacet
  facet normal 3.48373e-19 0.75151 0.659722
    outer loop
      vertex 37 -6.78284 17.5172
      vertex 34.6 -6.81734 17.5565
      vertex 37 -6.81734 17.5565
    endloop
  endfacet
  facet normal 3.48373e-19 0.75151 0.659722
    outer loop
      vertex 34.6 -6.81734 17.5565
      vertex 37 -6.78284 17.5172
      vertex 34.6 -6.78284 17.5172
    endloop
  endfacet
  facet normal -6.08841e-20 0.831432 0.555626
    outer loop
      vertex 37 -6.81734 17.5565
      vertex 34.6 -6.84641 17.6
      vertex 37 -6.84641 17.6
    endloop
  endfacet
  facet normal -6.08841e-20 0.831432 0.555626
    outer loop
      vertex 34.6 -6.84641 17.6
      vertex 37 -6.81734 17.5565
      vertex 34.6 -6.81734 17.5565
    endloop
  endfacet
  facet normal 0 0.659343 -0.751842
    outer loop
      vertex 34.6 -6.78284 19.8828
      vertex 37 -6.7435 19.9173
      vertex 37 -6.78284 19.8828
    endloop
  endfacet
  facet normal 0 0.659343 -0.751842
    outer loop
      vertex 37 -6.7435 19.9173
      vertex 34.6 -6.78284 19.8828
      vertex 34.6 -6.7435 19.9173
    endloop
  endfacet
  facet normal -3.48373e-19 0.75151 -0.659722
    outer loop
      vertex 37 -6.81734 19.8435
      vertex 34.6 -6.78284 19.8828
      vertex 37 -6.78284 19.8828
    endloop
  endfacet
  facet normal -3.48373e-19 0.75151 -0.659722
    outer loop
      vertex 34.6 -6.78284 19.8828
      vertex 37 -6.81734 19.8435
      vertex 34.6 -6.81734 19.8435
    endloop
  endfacet
  facet normal 0 -0.441698 0.897164
    outer loop
      vertex 34.6 6.7 17.4536
      vertex 37 6.65308 17.4305
      vertex 37 6.7 17.4536
    endloop
  endfacet
  facet normal 0 -0.441698 0.897164
    outer loop
      vertex 37 6.65308 17.4305
      vertex 34.6 6.7 17.4536
      vertex 34.6 6.65308 17.4305
    endloop
  endfacet
  facet normal 9.99127e-20 -0.997873 -0.0651867
    outer loop
      vertex 34.6 6.89999 19.6
      vertex 37 6.89658 19.6522
      vertex 34.6 6.89658 19.6522
    endloop
  endfacet
  facet normal 9.99127e-20 -0.997873 -0.0651867
    outer loop
      vertex 37 6.89658 19.6522
      vertex 34.6 6.89999 19.6
      vertex 37 6.89999 19.6
    endloop
  endfacet
  facet normal 0 -0.32281 0.946464
    outer loop
      vertex 34.6 6.65308 17.4305
      vertex 37 6.60353 17.4136
      vertex 37 6.65308 17.4305
    endloop
  endfacet
  facet normal 0 -0.32281 0.946464
    outer loop
      vertex 37 6.60353 17.4136
      vertex 34.6 6.65308 17.4305
      vertex 34.6 6.60353 17.4136
    endloop
  endfacet
  facet normal 0 -0.0649716 -0.997887
    outer loop
      vertex 34.6 6.5 20
      vertex 37 6.55222 19.9966
      vertex 37 6.5 20
    endloop
  endfacet
  facet normal -0 -0.0649716 -0.997887
    outer loop
      vertex 37 6.55222 19.9966
      vertex 34.6 6.5 20
      vertex 34.6 6.55222 19.9966
    endloop
  endfacet
  facet normal -0 0.194976 0.980808
    outer loop
      vertex 34.6 -6.55222 17.4034
      vertex 37 -6.60353 17.4136
      vertex 37 -6.55222 17.4034
    endloop
  endfacet
  facet normal 0 0.194976 0.980808
    outer loop
      vertex 37 -6.60353 17.4136
      vertex 34.6 -6.55222 17.4034
      vertex 34.6 -6.60353 17.4136
    endloop
  endfacet
  facet normal -0 0.441698 0.897164
    outer loop
      vertex 34.6 -6.65308 17.4305
      vertex 37 -6.7 17.4536
      vertex 37 -6.65308 17.4305
    endloop
  endfacet
  facet normal 0 0.441698 0.897164
    outer loop
      vertex 37 -6.7 17.4536
      vertex 34.6 -6.65308 17.4305
      vertex 34.6 -6.7 17.4536
    endloop
  endfacet
  facet normal 0 -0.194976 -0.980808
    outer loop
      vertex 34.6 6.55222 19.9966
      vertex 37 6.60353 19.9864
      vertex 37 6.55222 19.9966
    endloop
  endfacet
  facet normal -0 -0.194976 -0.980808
    outer loop
      vertex 37 6.60353 19.9864
      vertex 34.6 6.55222 19.9966
      vertex 34.6 6.60353 19.9864
    endloop
  endfacet
  facet normal 0 -0.659343 -0.751842
    outer loop
      vertex 34.6 6.7435 19.9173
      vertex 37 6.78284 19.8828
      vertex 37 6.7435 19.9173
    endloop
  endfacet
  facet normal -0 -0.659343 -0.751842
    outer loop
      vertex 37 6.78284 19.8828
      vertex 34.6 6.7435 19.9173
      vertex 34.6 6.78284 19.8828
    endloop
  endfacet
  facet normal 1.69973e-19 -0.980764 -0.195197
    outer loop
      vertex 34.6 6.89658 19.6522
      vertex 37 6.88637 19.7035
      vertex 34.6 6.88637 19.7035
    endloop
  endfacet
  facet normal 1.69973e-19 -0.980764 -0.195197
    outer loop
      vertex 37 6.88637 19.7035
      vertex 34.6 6.89658 19.6522
      vertex 37 6.89658 19.6522
    endloop
  endfacet
  facet normal 4.29107e-19 0.896786 0.442465
    outer loop
      vertex 37 -6.84641 17.6
      vertex 34.6 -6.86955 17.6469
      vertex 37 -6.86955 17.6469
    endloop
  endfacet
  facet normal 4.29107e-19 0.896786 0.442465
    outer loop
      vertex 34.6 -6.86955 17.6469
      vertex 37 -6.84641 17.6
      vertex 34.6 -6.84641 17.6
    endloop
  endfacet
  facet normal 3.14786e-19 -0.980764 0.195197
    outer loop
      vertex 34.6 6.88637 17.6965
      vertex 37 6.89658 17.7478
      vertex 34.6 6.89658 17.7478
    endloop
  endfacet
  facet normal 3.14786e-19 -0.980764 0.195197
    outer loop
      vertex 37 6.89658 17.7478
      vertex 34.6 6.88637 17.6965
      vertex 37 6.88637 17.6965
    endloop
  endfacet
  facet normal 6.08841e-20 -0.831432 0.555626
    outer loop
      vertex 34.6 6.81734 17.5565
      vertex 37 6.84641 17.6
      vertex 34.6 6.84641 17.6
    endloop
  endfacet
  facet normal 6.08841e-20 -0.831432 0.555626
    outer loop
      vertex 37 6.84641 17.6
      vertex 34.6 6.81734 17.5565
      vertex 37 6.81734 17.5565
    endloop
  endfacet
  facet normal -0 0.659343 0.751842
    outer loop
      vertex 34.6 -6.7435 17.4827
      vertex 37 -6.78284 17.5172
      vertex 37 -6.7435 17.4827
    endloop
  endfacet
  facet normal 0 0.659343 0.751842
    outer loop
      vertex 37 -6.78284 17.5172
      vertex 34.6 -6.7435 17.4827
      vertex 34.6 -6.78284 17.5172
    endloop
  endfacet
  facet normal 0 0.32281 -0.946464
    outer loop
      vertex 34.6 -6.65308 19.9695
      vertex 37 -6.60353 19.9864
      vertex 37 -6.65308 19.9695
    endloop
  endfacet
  facet normal 0 0.32281 -0.946464
    outer loop
      vertex 37 -6.60353 19.9864
      vertex 34.6 -6.65308 19.9695
      vertex 34.6 -6.60353 19.9864
    endloop
  endfacet
  facet normal 0 0.194976 -0.980808
    outer loop
      vertex 34.6 -6.60353 19.9864
      vertex 37 -6.55222 19.9966
      vertex 37 -6.60353 19.9864
    endloop
  endfacet
  facet normal 0 0.194976 -0.980808
    outer loop
      vertex 37 -6.55222 19.9966
      vertex 34.6 -6.60353 19.9864
      vertex 34.6 -6.55222 19.9966
    endloop
  endfacet
  facet normal 0 -0.556022 -0.831167
    outer loop
      vertex 34.6 6.7 19.9464
      vertex 37 6.7435 19.9173
      vertex 37 6.7 19.9464
    endloop
  endfacet
  facet normal -0 -0.556022 -0.831167
    outer loop
      vertex 37 6.7435 19.9173
      vertex 34.6 6.7 19.9464
      vertex 34.6 6.7435 19.9173
    endloop
  endfacet
  facet normal 0 -0.441698 -0.897164
    outer loop
      vertex 34.6 6.65308 19.9695
      vertex 37 6.7 19.9464
      vertex 37 6.65308 19.9695
    endloop
  endfacet
  facet normal -0 -0.441698 -0.897164
    outer loop
      vertex 37 6.7 19.9464
      vertex 34.6 6.65308 19.9695
      vertex 34.6 6.7 19.9464
    endloop
  endfacet
  facet normal -4.20103e-19 0.947028 -0.32115
    outer loop
      vertex 37 -6.88637 19.7035
      vertex 34.6 -6.86955 19.7531
      vertex 37 -6.86955 19.7531
    endloop
  endfacet
  facet normal -4.20103e-19 0.947028 -0.32115
    outer loop
      vertex 34.6 -6.86955 19.7531
      vertex 37 -6.88637 19.7035
      vertex 34.6 -6.88637 19.7035
    endloop
  endfacet
  facet normal -1.69973e-19 0.980764 -0.195197
    outer loop
      vertex 37 -6.89658 19.6522
      vertex 34.6 -6.88637 19.7035
      vertex 37 -6.88637 19.7035
    endloop
  endfacet
  facet normal -1.69973e-19 0.980764 -0.195197
    outer loop
      vertex 34.6 -6.88637 19.7035
      vertex 37 -6.89658 19.6522
      vertex 34.6 -6.89658 19.6522
    endloop
  endfacet
  facet normal 0 -0.556022 0.831167
    outer loop
      vertex 34.6 6.7435 17.4827
      vertex 37 6.7 17.4536
      vertex 37 6.7435 17.4827
    endloop
  endfacet
  facet normal 0 -0.556022 0.831167
    outer loop
      vertex 37 6.7 17.4536
      vertex 34.6 6.7435 17.4827
      vertex 34.6 6.7 17.4536
    endloop
  endfacet
  facet normal 0 0.556022 -0.831167
    outer loop
      vertex 34.6 -6.7435 19.9173
      vertex 37 -6.7 19.9464
      vertex 37 -6.7435 19.9173
    endloop
  endfacet
  facet normal 0 0.556022 -0.831167
    outer loop
      vertex 37 -6.7 19.9464
      vertex 34.6 -6.7435 19.9173
      vertex 34.6 -6.7 19.9464
    endloop
  endfacet
  facet normal -2.11843e-19 0.896786 -0.442465
    outer loop
      vertex 37 -6.86955 19.7531
      vertex 34.6 -6.84641 19.8
      vertex 37 -6.84641 19.8
    endloop
  endfacet
  facet normal -2.11843e-19 0.896786 -0.442465
    outer loop
      vertex 34.6 -6.84641 19.8
      vertex 37 -6.86955 19.7531
      vertex 34.6 -6.86955 19.7531
    endloop
  endfacet
  facet normal 0 0.19494 -0.980815
    outer loop
      vertex 34.6 38.7412 22.2159
      vertex 37 38.8695 22.2414
      vertex 37 38.7412 22.2159
    endloop
  endfacet
  facet normal 0 0.19494 -0.980815
    outer loop
      vertex 37 38.8695 22.2414
      vertex 34.6 38.7412 22.2159
      vertex 34.6 38.8695 22.2414
    endloop
  endfacet
  facet normal -6.38984e-19 0.947066 -0.321039
    outer loop
      vertex 37 38.0341 21.5088
      vertex 34.6 38.0761 21.6327
      vertex 37 38.0761 21.6327
    endloop
  endfacet
  facet normal -6.38984e-19 0.947066 -0.321039
    outer loop
      vertex 34.6 38.0761 21.6327
      vertex 37 38.0341 21.5088
      vertex 34.6 38.0341 21.5088
    endloop
  endfacet
  facet normal 3.77315e-19 0.980815 -0.19494
    outer loop
      vertex 37 38.0086 21.3805
      vertex 34.6 38.0341 21.5088
      vertex 37 38.0341 21.5088
    endloop
  endfacet
  facet normal 3.77315e-19 0.980815 -0.19494
    outer loop
      vertex 34.6 38.0341 21.5088
      vertex 37 38.0086 21.3805
      vertex 34.6 38.0086 21.3805
    endloop
  endfacet
  facet normal 6.38984e-19 0.947066 0.321039
    outer loop
      vertex 37 38.0761 16.3673
      vertex 34.6 38.0341 16.4912
      vertex 37 38.0341 16.4912
    endloop
  endfacet
  facet normal 6.38984e-19 0.947066 0.321039
    outer loop
      vertex 34.6 38.0341 16.4912
      vertex 37 38.0761 16.3673
      vertex 34.6 38.0761 16.3673
    endloop
  endfacet
  facet normal 1.53775e-20 -0.997836 -0.0657577
    outer loop
      vertex 34.6 50 21.25
      vertex 37 49.9914 21.3805
      vertex 34.6 49.9914 21.3805
    endloop
  endfacet
  facet normal 1.53775e-20 -0.997836 -0.0657577
    outer loop
      vertex 37 49.9914 21.3805
      vertex 34.6 50 21.25
      vertex 37 50 21.25
    endloop
  endfacet
  facet normal -1.53775e-20 0.997836 -0.0657577
    outer loop
      vertex 37 38 21.25
      vertex 34.6 38.0086 21.3805
      vertex 37 38.0086 21.3805
    endloop
  endfacet
  facet normal -1.53775e-20 0.997836 -0.0657577
    outer loop
      vertex 34.6 38.0086 21.3805
      vertex 37 38 21.25
      vertex 34.6 38 21.25
    endloop
  endfacet
  facet normal 0 -0.321039 0.947066
    outer loop
      vertex 34.6 49.3827 15.8261
      vertex 37 49.2588 15.7841
      vertex 37 49.3827 15.8261
    endloop
  endfacet
  facet normal 0 -0.321039 0.947066
    outer loop
      vertex 37 49.2588 15.7841
      vertex 34.6 49.3827 15.8261
      vertex 34.6 49.2588 15.7841
    endloop
  endfacet
  facet normal -3.77315e-19 -0.980815 -0.19494
    outer loop
      vertex 34.6 49.9914 21.3805
      vertex 37 49.9659 21.5088
      vertex 34.6 49.9659 21.5088
    endloop
  endfacet
  facet normal -3.77315e-19 -0.980815 -0.19494
    outer loop
      vertex 37 49.9659 21.5088
      vertex 34.6 49.9914 21.3805
      vertex 37 49.9914 21.3805
    endloop
  endfacet
  facet normal -0 0 1
    outer loop
      vertex 34.6 49 15.75
      vertex 37 39 15.75
      vertex 37 49 15.75
    endloop
  endfacet
  facet normal 0 0 1
    outer loop
      vertex 37 39 15.75
      vertex 34.6 49 15.75
      vertex 34.6 39 15.75
    endloop
  endfacet
  facet normal 6.38984e-19 -0.947066 -0.321039
    outer loop
      vertex 34.6 49.9659 21.5088
      vertex 37 49.9239 21.6327
      vertex 34.6 49.9239 21.6327
    endloop
  endfacet
  facet normal 6.38984e-19 -0.947066 -0.321039
    outer loop
      vertex 37 49.9239 21.6327
      vertex 34.6 49.9659 21.5088
      vertex 37 49.9659 21.5088
    endloop
  endfacet
  facet normal 0 0 -1
    outer loop
      vertex 34.6 39 22.25
      vertex 37 49 22.25
      vertex 37 39 22.25
    endloop
  endfacet
  facet normal -0 0 -1
    outer loop
      vertex 37 49 22.25
      vertex 34.6 39 22.25
      vertex 34.6 49 22.25
    endloop
  endfacet
  facet normal 0 1 -0
    outer loop
      vertex 37 38 16.75
      vertex 34.6 38 21.25
      vertex 37 38 21.25
    endloop
  endfacet
  facet normal 0 1 0
    outer loop
      vertex 34.6 38 21.25
      vertex 37 38 16.75
      vertex 34.6 38 16.75
    endloop
  endfacet
  facet normal 1.53775e-20 0.997836 0.0657577
    outer loop
      vertex 37 38.0086 16.6195
      vertex 34.6 38 16.75
      vertex 37 38 16.75
    endloop
  endfacet
  facet normal 1.53775e-20 0.997836 0.0657577
    outer loop
      vertex 34.6 38 16.75
      vertex 37 38.0086 16.6195
      vertex 34.6 38.0086 16.6195
    endloop
  endfacet
  facet normal -1.53775e-20 -0.997836 0.0657577
    outer loop
      vertex 34.6 49.9914 16.6195
      vertex 37 50 16.75
      vertex 34.6 50 16.75
    endloop
  endfacet
  facet normal -1.53775e-20 -0.997836 0.0657577
    outer loop
      vertex 37 50 16.75
      vertex 34.6 49.9914 16.6195
      vertex 37 49.9914 16.6195
    endloop
  endfacet
  facet normal 1.27338e-18 -0.896709 0.442621
    outer loop
      vertex 34.6 49.866 16.25
      vertex 37 49.9239 16.3673
      vertex 34.6 49.9239 16.3673
    endloop
  endfacet
  facet normal 1.27338e-18 -0.896709 0.442621
    outer loop
      vertex 37 49.9239 16.3673
      vertex 34.6 49.866 16.25
      vertex 37 49.866 16.25
    endloop
  endfacet
  facet normal 0 -0.659749 0.751486
    outer loop
      vertex 34.6 49.7071 16.0429
      vertex 37 49.6088 15.9566
      vertex 37 49.7071 16.0429
    endloop
  endfacet
  facet normal 0 -0.659749 0.751486
    outer loop
      vertex 37 49.6088 15.9566
      vertex 34.6 49.7071 16.0429
      vertex 34.6 49.6088 15.9566
    endloop
  endfacet
  facet normal -0 0.555053 0.831815
    outer loop
      vertex 34.6 38.5 15.884
      vertex 37 38.3912 15.9566
      vertex 37 38.5 15.884
    endloop
  endfacet
  facet normal 0 0.555053 0.831815
    outer loop
      vertex 37 38.3912 15.9566
      vertex 34.6 38.5 15.884
      vertex 34.6 38.3912 15.9566
    endloop
  endfacet
  facet normal 0 -0.0657577 -0.997836
    outer loop
      vertex 34.6 49 22.25
      vertex 37 49.1305 22.2414
      vertex 37 49 22.25
    endloop
  endfacet
  facet normal -0 -0.0657577 -0.997836
    outer loop
      vertex 37 49.1305 22.2414
      vertex 34.6 49 22.25
      vertex 34.6 49.1305 22.2414
    endloop
  endfacet
  facet normal -1.56992e-18 -0.831815 0.555053
    outer loop
      vertex 34.6 49.7934 16.1412
      vertex 37 49.866 16.25
      vertex 34.6 49.866 16.25
    endloop
  endfacet
  facet normal -1.56992e-18 -0.831815 0.555053
    outer loop
      vertex 37 49.866 16.25
      vertex 34.6 49.7934 16.1412
      vertex 37 49.7934 16.1412
    endloop
  endfacet
  facet normal 0 -0.442621 -0.896709
    outer loop
      vertex 34.6 49.3827 22.1739
      vertex 37 49.5 22.116
      vertex 37 49.3827 22.1739
    endloop
  endfacet
  facet normal -0 -0.442621 -0.896709
    outer loop
      vertex 37 49.5 22.116
      vertex 34.6 49.3827 22.1739
      vertex 34.6 49.5 22.116
    endloop
  endfacet
  facet normal 0 -0.659749 -0.751486
    outer loop
      vertex 34.6 49.6088 22.0434
      vertex 37 49.7071 21.9571
      vertex 37 49.6088 22.0434
    endloop
  endfacet
  facet normal -0 -0.659749 -0.751486
    outer loop
      vertex 37 49.7071 21.9571
      vertex 34.6 49.6088 22.0434
      vertex 34.6 49.7071 21.9571
    endloop
  endfacet
  facet normal 0 -0.321039 -0.947066
    outer loop
      vertex 34.6 49.2588 22.2159
      vertex 37 49.3827 22.1739
      vertex 37 49.2588 22.2159
    endloop
  endfacet
  facet normal -0 -0.321039 -0.947066
    outer loop
      vertex 37 49.3827 22.1739
      vertex 34.6 49.2588 22.2159
      vertex 34.6 49.3827 22.1739
    endloop
  endfacet
  facet normal 2.48482e-18 0.751486 -0.659749
    outer loop
      vertex 37 38.2066 21.8588
      vertex 34.6 38.2929 21.9571
      vertex 37 38.2929 21.9571
    endloop
  endfacet
  facet normal 2.48482e-18 0.751486 -0.659749
    outer loop
      vertex 34.6 38.2929 21.9571
      vertex 37 38.2066 21.8588
      vertex 34.6 38.2066 21.8588
    endloop
  endfacet
  facet normal -6.38984e-19 -0.947066 0.321039
    outer loop
      vertex 34.6 49.9239 16.3673
      vertex 37 49.9659 16.4912
      vertex 34.6 49.9659 16.4912
    endloop
  endfacet
  facet normal -6.38984e-19 -0.947066 0.321039
    outer loop
      vertex 37 49.9659 16.4912
      vertex 34.6 49.9239 16.3673
      vertex 37 49.9239 16.3673
    endloop
  endfacet
  facet normal 0 0.321039 -0.947066
    outer loop
      vertex 34.6 38.6173 22.1739
      vertex 37 38.7412 22.2159
      vertex 37 38.6173 22.1739
    endloop
  endfacet
  facet normal 0 0.321039 -0.947066
    outer loop
      vertex 37 38.7412 22.2159
      vertex 34.6 38.6173 22.1739
      vertex 34.6 38.7412 22.2159
    endloop
  endfacet
  facet normal -0 0.442621 0.896709
    outer loop
      vertex 34.6 38.6173 15.8261
      vertex 37 38.5 15.884
      vertex 37 38.6173 15.8261
    endloop
  endfacet
  facet normal 0 0.442621 0.896709
    outer loop
      vertex 37 38.5 15.884
      vertex 34.6 38.6173 15.8261
      vertex 34.6 38.5 15.884
    endloop
  endfacet
  facet normal 0 -0.19494 -0.980815
    outer loop
      vertex 34.6 49.1305 22.2414
      vertex 37 49.2588 22.2159
      vertex 37 49.1305 22.2414
    endloop
  endfacet
  facet normal -0 -0.19494 -0.980815
    outer loop
      vertex 37 49.2588 22.2159
      vertex 34.6 49.1305 22.2414
      vertex 34.6 49.2588 22.2159
    endloop
  endfacet
  facet normal 0 -0.442621 0.896709
    outer loop
      vertex 34.6 49.5 15.884
      vertex 37 49.3827 15.8261
      vertex 37 49.5 15.884
    endloop
  endfacet
  facet normal 0 -0.442621 0.896709
    outer loop
      vertex 37 49.3827 15.8261
      vertex 34.6 49.5 15.884
      vertex 34.6 49.3827 15.8261
    endloop
  endfacet
  facet normal 3.77315e-19 -0.980815 0.19494
    outer loop
      vertex 34.6 49.9659 16.4912
      vertex 37 49.9914 16.6195
      vertex 34.6 49.9914 16.6195
    endloop
  endfacet
  facet normal 3.77315e-19 -0.980815 0.19494
    outer loop
      vertex 37 49.9914 16.6195
      vertex 34.6 49.9659 16.4912
      vertex 37 49.9659 16.4912
    endloop
  endfacet
  facet normal -3.77315e-19 0.980815 0.19494
    outer loop
      vertex 37 38.0341 16.4912
      vertex 34.6 38.0086 16.6195
      vertex 37 38.0086 16.6195
    endloop
  endfacet
  facet normal -3.77315e-19 0.980815 0.19494
    outer loop
      vertex 34.6 38.0086 16.6195
      vertex 37 38.0341 16.4912
      vertex 34.6 38.0341 16.4912
    endloop
  endfacet
  facet normal 0 -1 0
    outer loop
      vertex 34.6 50 16.75
      vertex 37 50 21.25
      vertex 34.6 50 21.25
    endloop
  endfacet
  facet normal 0 -1 -0
    outer loop
      vertex 37 50 21.25
      vertex 34.6 50 16.75
      vertex 37 50 16.75
    endloop
  endfacet
  facet normal -0 0.321039 0.947066
    outer loop
      vertex 34.6 38.7412 15.7841
      vertex 37 38.6173 15.8261
      vertex 37 38.7412 15.7841
    endloop
  endfacet
  facet normal 0 0.321039 0.947066
    outer loop
      vertex 37 38.6173 15.8261
      vertex 34.6 38.7412 15.7841
      vertex 34.6 38.6173 15.8261
    endloop
  endfacet
  facet normal 0 -0.555053 0.831815
    outer loop
      vertex 34.6 49.6088 15.9566
      vertex 37 49.5 15.884
      vertex 37 49.6088 15.9566
    endloop
  endfacet
  facet normal 0 -0.555053 0.831815
    outer loop
      vertex 37 49.5 15.884
      vertex 34.6 49.6088 15.9566
      vertex 34.6 49.5 15.884
    endloop
  endfacet
  facet normal -1.27338e-18 0.896709 0.442621
    outer loop
      vertex 37 38.134 16.25
      vertex 34.6 38.0761 16.3673
      vertex 37 38.0761 16.3673
    endloop
  endfacet
  facet normal -1.27338e-18 0.896709 0.442621
    outer loop
      vertex 34.6 38.0761 16.3673
      vertex 37 38.134 16.25
      vertex 34.6 38.134 16.25
    endloop
  endfacet
  facet normal 0 -0.0657577 0.997836
    outer loop
      vertex 34.6 49.1305 15.7586
      vertex 37 49 15.75
      vertex 37 49.1305 15.7586
    endloop
  endfacet
  facet normal 0 -0.0657577 0.997836
    outer loop
      vertex 37 49 15.75
      vertex 34.6 49.1305 15.7586
      vertex 34.6 49 15.75
    endloop
  endfacet
  facet normal 1.27338e-18 0.896709 -0.442621
    outer loop
      vertex 37 38.0761 21.6327
      vertex 34.6 38.134 21.75
      vertex 37 38.134 21.75
    endloop
  endfacet
  facet normal 1.27338e-18 0.896709 -0.442621
    outer loop
      vertex 34.6 38.134 21.75
      vertex 37 38.0761 21.6327
      vertex 34.6 38.0761 21.6327
    endloop
  endfacet
  facet normal -2.48482e-18 0.751486 0.659749
    outer loop
      vertex 37 38.2929 16.0429
      vertex 34.6 38.2066 16.1412
      vertex 37 38.2066 16.1412
    endloop
  endfacet
  facet normal -2.48482e-18 0.751486 0.659749
    outer loop
      vertex 34.6 38.2066 16.1412
      vertex 37 38.2929 16.0429
      vertex 34.6 38.2929 16.0429
    endloop
  endfacet
  facet normal -0 0.659749 0.751486
    outer loop
      vertex 34.6 38.3912 15.9566
      vertex 37 38.2929 16.0429
      vertex 37 38.3912 15.9566
    endloop
  endfacet
  facet normal 0 0.659749 0.751486
    outer loop
      vertex 37 38.2929 16.0429
      vertex 34.6 38.3912 15.9566
      vertex 34.6 38.2929 16.0429
    endloop
  endfacet
  facet normal 0 -0.19494 0.980815
    outer loop
      vertex 34.6 49.2588 15.7841
      vertex 37 49.1305 15.7586
      vertex 37 49.2588 15.7841
    endloop
  endfacet
  facet normal 0 -0.19494 0.980815
    outer loop
      vertex 37 49.1305 15.7586
      vertex 34.6 49.2588 15.7841
      vertex 34.6 49.1305 15.7586
    endloop
  endfacet
  facet normal 1.56992e-18 0.831815 0.555053
    outer loop
      vertex 37 38.2066 16.1412
      vertex 34.6 38.134 16.25
      vertex 37 38.134 16.25
    endloop
  endfacet
  facet normal 1.56992e-18 0.831815 0.555053
    outer loop
      vertex 34.6 38.134 16.25
      vertex 37 38.2066 16.1412
      vertex 34.6 38.2066 16.1412
    endloop
  endfacet
  facet normal 1.56992e-18 -0.831815 -0.555053
    outer loop
      vertex 34.6 49.866 21.75
      vertex 37 49.7934 21.8588
      vertex 34.6 49.7934 21.8588
    endloop
  endfacet
  facet normal 1.56992e-18 -0.831815 -0.555053
    outer loop
      vertex 37 49.7934 21.8588
      vertex 34.6 49.866 21.75
      vertex 37 49.866 21.75
    endloop
  endfacet
  facet normal 2.48482e-18 -0.751486 0.659749
    outer loop
      vertex 34.6 49.7071 16.0429
      vertex 37 49.7934 16.1412
      vertex 34.6 49.7934 16.1412
    endloop
  endfacet
  facet normal 2.48482e-18 -0.751486 0.659749
    outer loop
      vertex 37 49.7934 16.1412
      vertex 34.6 49.7071 16.0429
      vertex 37 49.7071 16.0429
    endloop
  endfacet
  facet normal -1.27338e-18 -0.896709 -0.442621
    outer loop
      vertex 34.6 49.9239 21.6327
      vertex 37 49.866 21.75
      vertex 34.6 49.866 21.75
    endloop
  endfacet
  facet normal -1.27338e-18 -0.896709 -0.442621
    outer loop
      vertex 37 49.866 21.75
      vertex 34.6 49.9239 21.6327
      vertex 37 49.9239 21.6327
    endloop
  endfacet
  facet normal -2.48482e-18 -0.751486 -0.659749
    outer loop
      vertex 34.6 49.7934 21.8588
      vertex 37 49.7071 21.9571
      vertex 34.6 49.7071 21.9571
    endloop
  endfacet
  facet normal -2.48482e-18 -0.751486 -0.659749
    outer loop
      vertex 37 49.7071 21.9571
      vertex 34.6 49.7934 21.8588
      vertex 37 49.7934 21.8588
    endloop
  endfacet
  facet normal 0 -0.555053 -0.831815
    outer loop
      vertex 34.6 49.5 22.116
      vertex 37 49.6088 22.0434
      vertex 37 49.5 22.116
    endloop
  endfacet
  facet normal -0 -0.555053 -0.831815
    outer loop
      vertex 37 49.6088 22.0434
      vertex 34.6 49.5 22.116
      vertex 34.6 49.6088 22.0434
    endloop
  endfacet
  facet normal 0 0.659749 -0.751486
    outer loop
      vertex 34.6 38.2929 21.9571
      vertex 37 38.3912 22.0434
      vertex 37 38.2929 21.9571
    endloop
  endfacet
  facet normal 0 0.659749 -0.751486
    outer loop
      vertex 37 38.3912 22.0434
      vertex 34.6 38.2929 21.9571
      vertex 34.6 38.3912 22.0434
    endloop
  endfacet
  facet normal -0 0.19494 0.980815
    outer loop
      vertex 34.6 38.8695 15.7586
      vertex 37 38.7412 15.7841
      vertex 37 38.8695 15.7586
    endloop
  endfacet
  facet normal 0 0.19494 0.980815
    outer loop
      vertex 37 38.7412 15.7841
      vertex 34.6 38.8695 15.7586
      vertex 34.6 38.7412 15.7841
    endloop
  endfacet
  facet normal -0 0.0657577 0.997836
    outer loop
      vertex 34.6 39 15.75
      vertex 37 38.8695 15.7586
      vertex 37 39 15.75
    endloop
  endfacet
  facet normal 0 0.0657577 0.997836
    outer loop
      vertex 37 38.8695 15.7586
      vertex 34.6 39 15.75
      vertex 34.6 38.8695 15.7586
    endloop
  endfacet
  facet normal 0 0.442621 -0.896709
    outer loop
      vertex 34.6 38.5 22.116
      vertex 37 38.6173 22.1739
      vertex 37 38.5 22.116
    endloop
  endfacet
  facet normal 0 0.442621 -0.896709
    outer loop
      vertex 37 38.6173 22.1739
      vertex 34.6 38.5 22.116
      vertex 34.6 38.6173 22.1739
    endloop
  endfacet
  facet normal 0 0.0657577 -0.997836
    outer loop
      vertex 34.6 38.8695 22.2414
      vertex 37 39 22.25
      vertex 37 38.8695 22.2414
    endloop
  endfacet
  facet normal 0 0.0657577 -0.997836
    outer loop
      vertex 37 39 22.25
      vertex 34.6 38.8695 22.2414
      vertex 34.6 39 22.25
    endloop
  endfacet
  facet normal 0 0.555053 -0.831815
    outer loop
      vertex 34.6 38.3912 22.0434
      vertex 37 38.5 22.116
      vertex 37 38.3912 22.0434
    endloop
  endfacet
  facet normal 0 0.555053 -0.831815
    outer loop
      vertex 37 38.5 22.116
      vertex 34.6 38.3912 22.0434
      vertex 34.6 38.5 22.116
    endloop
  endfacet
  facet normal -1.56992e-18 0.831815 -0.555053
    outer loop
      vertex 37 38.134 21.75
      vertex 34.6 38.2066 21.8588
      vertex 37 38.2066 21.8588
    endloop
  endfacet
  facet normal -1.56992e-18 0.831815 -0.555053
    outer loop
      vertex 34.6 38.2066 21.8588
      vertex 37 38.134 21.75
      vertex 34.6 38.134 21.75
    endloop
  endfacet
  facet normal -2.74896e-19 0.947046 0.321097
    outer loop
      vertex -34.6 55.2609 17.5938
      vertex -37 55.2273 17.6929
      vertex -34.6 55.2273 17.6929
    endloop
  endfacet
  facet normal -2.74896e-19 0.947046 0.321097
    outer loop
      vertex -37 55.2273 17.6929
      vertex -34.6 55.2609 17.5938
      vertex -37 55.2609 17.5938
    endloop
  endfacet
  facet normal -5.40684e-19 -0.980654 -0.195749
    outer loop
      vertex -37 62.7932 21.0044
      vertex -34.6 62.7727 21.1071
      vertex -37 62.7727 21.1071
    endloop
  endfacet
  facet normal -5.40684e-19 -0.980654 -0.195749
    outer loop
      vertex -34.6 62.7727 21.1071
      vertex -37 62.7932 21.0044
      vertex -34.6 62.7932 21.0044
    endloop
  endfacet
  facet normal -2.74896e-19 -0.947046 -0.321097
    outer loop
      vertex -37 62.7727 21.1071
      vertex -34.6 62.7391 21.2062
      vertex -37 62.7391 21.2062
    endloop
  endfacet
  facet normal -2.74896e-19 -0.947046 -0.321097
    outer loop
      vertex -34.6 62.7391 21.2062
      vertex -37 62.7727 21.1071
      vertex -34.6 62.7727 21.1071
    endloop
  endfacet
  facet normal 0 0.442619 -0.89671
    outer loop
      vertex -37 55.6 21.5928
      vertex -34.6 55.6938 21.6391
      vertex -34.6 55.6 21.5928
    endloop
  endfacet
  facet normal 0 0.442619 -0.89671
    outer loop
      vertex -34.6 55.6938 21.6391
      vertex -37 55.6 21.5928
      vertex -37 55.6938 21.6391
    endloop
  endfacet
  facet normal 1.52556e-18 -0.831609 0.555362
    outer loop
      vertex -37 62.6347 17.413
      vertex -34.6 62.6928 17.5
      vertex -37 62.6928 17.5
    endloop
  endfacet
  facet normal 1.52556e-18 -0.831609 0.555362
    outer loop
      vertex -34.6 62.6928 17.5
      vertex -37 62.6347 17.413
      vertex -34.6 62.6347 17.413
    endloop
  endfacet
  facet normal -0 0.0649964 0.997886
    outer loop
      vertex -37 56 17.1
      vertex -34.6 55.8956 17.1068
      vertex -34.6 56 17.1
    endloop
  endfacet
  facet normal 0 0.0649964 0.997886
    outer loop
      vertex -34.6 55.8956 17.1068
      vertex -37 56 17.1
      vertex -37 55.8956 17.1068
    endloop
  endfacet
  facet normal 0 0.321097 -0.947046
    outer loop
      vertex -37 55.6938 21.6391
      vertex -34.6 55.7929 21.6727
      vertex -34.6 55.6938 21.6391
    endloop
  endfacet
  facet normal 0 0.321097 -0.947046
    outer loop
      vertex -34.6 55.7929 21.6727
      vertex -37 55.6938 21.6391
      vertex -37 55.7929 21.6727
    endloop
  endfacet
  facet normal 0 -1 0
    outer loop
      vertex -37 62.8 17.9
      vertex -34.6 62.8 20.9
      vertex -37 62.8 20.9
    endloop
  endfacet
  facet normal 0 -1 -0
    outer loop
      vertex -34.6 62.8 20.9
      vertex -37 62.8 17.9
      vertex -34.6 62.8 17.9
    endloop
  endfacet
  facet normal -1.52556e-18 -0.831609 -0.555362
    outer loop
      vertex -37 62.6928 21.3
      vertex -34.6 62.6347 21.387
      vertex -37 62.6347 21.387
    endloop
  endfacet
  facet normal -1.52556e-18 -0.831609 -0.555362
    outer loop
      vertex -34.6 62.6347 21.387
      vertex -37 62.6928 21.3
      vertex -34.6 62.6928 21.3
    endloop
  endfacet
  facet normal 5.40684e-19 -0.980654 0.195749
    outer loop
      vertex -37 62.7727 17.6929
      vertex -34.6 62.7932 17.7956
      vertex -37 62.7932 17.7956
    endloop
  endfacet
  facet normal 5.40684e-19 -0.980654 0.195749
    outer loop
      vertex -34.6 62.7932 17.7956
      vertex -37 62.7727 17.6929
      vertex -34.6 62.7727 17.6929
    endloop
  endfacet
  facet normal 2.74896e-19 0.947046 -0.321097
    outer loop
      vertex -34.6 55.2273 21.1071
      vertex -37 55.2609 21.2062
      vertex -34.6 55.2609 21.2062
    endloop
  endfacet
  facet normal 2.74896e-19 0.947046 -0.321097
    outer loop
      vertex -37 55.2609 21.2062
      vertex -34.6 55.2273 21.1071
      vertex -37 55.2273 21.1071
    endloop
  endfacet
  facet normal 0 -0.0649964 0.997886
    outer loop
      vertex -37 62.1044 17.1068
      vertex -34.6 62 17.1
      vertex -34.6 62.1044 17.1068
    endloop
  endfacet
  facet normal 0 -0.0649964 0.997886
    outer loop
      vertex -34.6 62 17.1
      vertex -37 62.1044 17.1068
      vertex -37 62 17.1
    endloop
  endfacet
  facet normal 1.40945e-19 0.997886 0.0649964
    outer loop
      vertex -34.6 55.2068 17.7956
      vertex -37 55.2 17.9
      vertex -34.6 55.2 17.9
    endloop
  endfacet
  facet normal 1.40945e-19 0.997886 0.0649964
    outer loop
      vertex -37 55.2 17.9
      vertex -34.6 55.2068 17.7956
      vertex -37 55.2068 17.7956
    endloop
  endfacet
  facet normal -0 0 1
    outer loop
      vertex -37 62 17.1
      vertex -34.6 56 17.1
      vertex -34.6 62 17.1
    endloop
  endfacet
  facet normal 0 0 1
    outer loop
      vertex -34.6 56 17.1
      vertex -37 62 17.1
      vertex -37 56 17.1
    endloop
  endfacet
  facet normal 0 -0.659248 -0.751925
    outer loop
      vertex -37 62.487 21.5347
      vertex -34.6 62.5657 21.4657
      vertex -34.6 62.487 21.5347
    endloop
  endfacet
  facet normal -0 -0.659248 -0.751925
    outer loop
      vertex -34.6 62.5657 21.4657
      vertex -37 62.487 21.5347
      vertex -37 62.5657 21.4657
    endloop
  endfacet
  facet normal 0 -0.195749 0.980654
    outer loop
      vertex -37 62.2071 17.1273
      vertex -34.6 62.1044 17.1068
      vertex -34.6 62.2071 17.1273
    endloop
  endfacet
  facet normal 0 -0.195749 0.980654
    outer loop
      vertex -34.6 62.1044 17.1068
      vertex -37 62.2071 17.1273
      vertex -37 62.1044 17.1068
    endloop
  endfacet
  facet normal 0 0 -1
    outer loop
      vertex -37 56 21.7
      vertex -34.6 62 21.7
      vertex -34.6 56 21.7
    endloop
  endfacet
  facet normal -0 0 -1
    outer loop
      vertex -34.6 62 21.7
      vertex -37 56 21.7
      vertex -37 62 21.7
    endloop
  endfacet
  facet normal 0 -0.195749 -0.980654
    outer loop
      vertex -37 62.1044 21.6932
      vertex -34.6 62.2071 21.6727
      vertex -34.6 62.1044 21.6932
    endloop
  endfacet
  facet normal -0 -0.195749 -0.980654
    outer loop
      vertex -34.6 62.2071 21.6727
      vertex -37 62.1044 21.6932
      vertex -37 62.2071 21.6727
    endloop
  endfacet
  facet normal -0 0.442619 0.89671
    outer loop
      vertex -37 55.6938 17.1609
      vertex -34.6 55.6 17.2072
      vertex -34.6 55.6938 17.1609
    endloop
  endfacet
  facet normal 0 0.442619 0.89671
    outer loop
      vertex -34.6 55.6 17.2072
      vertex -37 55.6938 17.1609
      vertex -37 55.6 17.2072
    endloop
  endfacet
  facet normal 0 -0.0649964 -0.997886
    outer loop
      vertex -37 62 21.7
      vertex -34.6 62.1044 21.6932
      vertex -34.6 62 21.7
    endloop
  endfacet
  facet normal -0 -0.0649964 -0.997886
    outer loop
      vertex -34.6 62.1044 21.6932
      vertex -37 62 21.7
      vertex -37 62.1044 21.6932
    endloop
  endfacet
  facet normal 1.44675e-18 0.89671 0.442619
    outer loop
      vertex -34.6 55.3072 17.5
      vertex -37 55.2609 17.5938
      vertex -34.6 55.2609 17.5938
    endloop
  endfacet
  facet normal 1.44675e-18 0.89671 0.442619
    outer loop
      vertex -37 55.2609 17.5938
      vertex -34.6 55.3072 17.5
      vertex -37 55.3072 17.5
    endloop
  endfacet
  facet normal 2.74896e-19 -0.947046 0.321097
    outer loop
      vertex -37 62.7391 17.5938
      vertex -34.6 62.7727 17.6929
      vertex -37 62.7727 17.6929
    endloop
  endfacet
  facet normal 2.74896e-19 -0.947046 0.321097
    outer loop
      vertex -34.6 62.7727 17.6929
      vertex -37 62.7391 17.5938
      vertex -34.6 62.7391 17.5938
    endloop
  endfacet
  facet normal 0 -0.321097 -0.947046
    outer loop
      vertex -37 62.2071 21.6727
      vertex -34.6 62.3062 21.6391
      vertex -34.6 62.2071 21.6727
    endloop
  endfacet
  facet normal -0 -0.321097 -0.947046
    outer loop
      vertex -34.6 62.3062 21.6391
      vertex -37 62.2071 21.6727
      vertex -37 62.3062 21.6391
    endloop
  endfacet
  facet normal 0 0.659248 -0.751925
    outer loop
      vertex -37 55.4343 21.4657
      vertex -34.6 55.513 21.5347
      vertex -34.6 55.4343 21.4657
    endloop
  endfacet
  facet normal 0 0.659248 -0.751925
    outer loop
      vertex -34.6 55.513 21.5347
      vertex -37 55.4343 21.4657
      vertex -37 55.513 21.5347
    endloop
  endfacet
  facet normal 0 -0.555362 0.831609
    outer loop
      vertex -37 62.487 17.2653
      vertex -34.6 62.4 17.2072
      vertex -34.6 62.487 17.2653
    endloop
  endfacet
  facet normal 0 -0.555362 0.831609
    outer loop
      vertex -34.6 62.4 17.2072
      vertex -37 62.487 17.2653
      vertex -37 62.4 17.2072
    endloop
  endfacet
  facet normal -8.65213e-19 -0.751925 0.659248
    outer loop
      vertex -37 62.5657 17.3343
      vertex -34.6 62.6347 17.413
      vertex -37 62.6347 17.413
    endloop
  endfacet
  facet normal -8.65213e-19 -0.751925 0.659248
    outer loop
      vertex -34.6 62.6347 17.413
      vertex -37 62.5657 17.3343
      vertex -34.6 62.5657 17.3343
    endloop
  endfacet
  facet normal 0 -0.555362 -0.831609
    outer loop
      vertex -37 62.4 21.5928
      vertex -34.6 62.487 21.5347
      vertex -34.6 62.4 21.5928
    endloop
  endfacet
  facet normal -0 -0.555362 -0.831609
    outer loop
      vertex -34.6 62.487 21.5347
      vertex -37 62.4 21.5928
      vertex -37 62.487 21.5347
    endloop
  endfacet
  facet normal 0 0.555362 -0.831609
    outer loop
      vertex -37 55.513 21.5347
      vertex -34.6 55.6 21.5928
      vertex -34.6 55.513 21.5347
    endloop
  endfacet
  facet normal 0 0.555362 -0.831609
    outer loop
      vertex -34.6 55.6 21.5928
      vertex -37 55.513 21.5347
      vertex -37 55.6 21.5928
    endloop
  endfacet
  facet normal -1.40945e-19 -0.997886 0.0649964
    outer loop
      vertex -37 62.7932 17.7956
      vertex -34.6 62.8 17.9
      vertex -37 62.8 17.9
    endloop
  endfacet
  facet normal -1.40945e-19 -0.997886 0.0649964
    outer loop
      vertex -34.6 62.8 17.9
      vertex -37 62.7932 17.7956
      vertex -34.6 62.7932 17.7956
    endloop
  endfacet
  facet normal 0 1 -0
    outer loop
      vertex -34.6 55.2 17.9
      vertex -37 55.2 20.9
      vertex -34.6 55.2 20.9
    endloop
  endfacet
  facet normal 0 1 0
    outer loop
      vertex -37 55.2 20.9
      vertex -34.6 55.2 17.9
      vertex -37 55.2 17.9
    endloop
  endfacet
  facet normal 2.14164e-19 0.997886 -0.0649964
    outer loop
      vertex -34.6 55.2 20.9
      vertex -37 55.2068 21.0044
      vertex -34.6 55.2068 21.0044
    endloop
  endfacet
  facet normal 2.14164e-19 0.997886 -0.0649964
    outer loop
      vertex -37 55.2068 21.0044
      vertex -34.6 55.2 20.9
      vertex -37 55.2 20.9
    endloop
  endfacet
  facet normal -5.40684e-19 0.980654 0.195749
    outer loop
      vertex -34.6 55.2273 17.6929
      vertex -37 55.2068 17.7956
      vertex -34.6 55.2068 17.7956
    endloop
  endfacet
  facet normal -5.40684e-19 0.980654 0.195749
    outer loop
      vertex -37 55.2068 17.7956
      vertex -34.6 55.2273 17.6929
      vertex -37 55.2273 17.6929
    endloop
  endfacet
  facet normal -0 0.555362 0.831609
    outer loop
      vertex -37 55.6 17.2072
      vertex -34.6 55.513 17.2653
      vertex -34.6 55.6 17.2072
    endloop
  endfacet
  facet normal 0 0.555362 0.831609
    outer loop
      vertex -34.6 55.513 17.2653
      vertex -37 55.6 17.2072
      vertex -37 55.513 17.2653
    endloop
  endfacet
  facet normal 0 -0.442619 -0.89671
    outer loop
      vertex -37 62.3062 21.6391
      vertex -34.6 62.4 21.5928
      vertex -34.6 62.3062 21.6391
    endloop
  endfacet
  facet normal -0 -0.442619 -0.89671
    outer loop
      vertex -34.6 62.4 21.5928
      vertex -37 62.3062 21.6391
      vertex -37 62.4 21.5928
    endloop
  endfacet
  facet normal 1.52556e-18 0.831609 -0.555362
    outer loop
      vertex -34.6 55.3072 21.3
      vertex -37 55.3653 21.387
      vertex -34.6 55.3653 21.387
    endloop
  endfacet
  facet normal 1.52556e-18 0.831609 -0.555362
    outer loop
      vertex -37 55.3653 21.387
      vertex -34.6 55.3072 21.3
      vertex -37 55.3072 21.3
    endloop
  endfacet
  facet normal 0 0.0649964 -0.997886
    outer loop
      vertex -37 55.8956 21.6932
      vertex -34.6 56 21.7
      vertex -34.6 55.8956 21.6932
    endloop
  endfacet
  facet normal 0 0.0649964 -0.997886
    outer loop
      vertex -34.6 56 21.7
      vertex -37 55.8956 21.6932
      vertex -37 56 21.7
    endloop
  endfacet
  facet normal -2.14164e-19 -0.997886 -0.0649964
    outer loop
      vertex -37 62.8 20.9
      vertex -34.6 62.7932 21.0044
      vertex -37 62.7932 21.0044
    endloop
  endfacet
  facet normal -2.14164e-19 -0.997886 -0.0649964
    outer loop
      vertex -34.6 62.7932 21.0044
      vertex -37 62.8 20.9
      vertex -34.6 62.8 20.9
    endloop
  endfacet
  facet normal -1.44675e-18 0.89671 -0.442619
    outer loop
      vertex -34.6 55.2609 21.2062
      vertex -37 55.3072 21.3
      vertex -34.6 55.3072 21.3
    endloop
  endfacet
  facet normal -1.44675e-18 0.89671 -0.442619
    outer loop
      vertex -37 55.3072 21.3
      vertex -34.6 55.2609 21.2062
      vertex -37 55.2609 21.2062
    endloop
  endfacet
  facet normal -0 0.659248 0.751925
    outer loop
      vertex -37 55.513 17.2653
      vertex -34.6 55.4343 17.3343
      vertex -34.6 55.513 17.2653
    endloop
  endfacet
  facet normal 0 0.659248 0.751925
    outer loop
      vertex -34.6 55.4343 17.3343
      vertex -37 55.513 17.2653
      vertex -37 55.4343 17.3343
    endloop
  endfacet
  facet normal 5.40684e-19 0.980654 -0.195749
    outer loop
      vertex -34.6 55.2068 21.0044
      vertex -37 55.2273 21.1071
      vertex -34.6 55.2273 21.1071
    endloop
  endfacet
  facet normal 5.40684e-19 0.980654 -0.195749
    outer loop
      vertex -37 55.2273 21.1071
      vertex -34.6 55.2068 21.0044
      vertex -37 55.2068 21.0044
    endloop
  endfacet
  facet normal -0 0.195749 0.980654
    outer loop
      vertex -37 55.8956 17.1068
      vertex -34.6 55.7929 17.1273
      vertex -34.6 55.8956 17.1068
    endloop
  endfacet
  facet normal 0 0.195749 0.980654
    outer loop
      vertex -34.6 55.7929 17.1273
      vertex -37 55.8956 17.1068
      vertex -37 55.7929 17.1273
    endloop
  endfacet
  facet normal 0 0.195749 -0.980654
    outer loop
      vertex -37 55.7929 21.6727
      vertex -34.6 55.8956 21.6932
      vertex -34.6 55.7929 21.6727
    endloop
  endfacet
  facet normal 0 0.195749 -0.980654
    outer loop
      vertex -34.6 55.8956 21.6932
      vertex -37 55.7929 21.6727
      vertex -37 55.8956 21.6932
    endloop
  endfacet
  facet normal 0 -0.659248 0.751925
    outer loop
      vertex -37 62.5657 17.3343
      vertex -34.6 62.487 17.2653
      vertex -34.6 62.5657 17.3343
    endloop
  endfacet
  facet normal 0 -0.659248 0.751925
    outer loop
      vertex -34.6 62.487 17.2653
      vertex -37 62.5657 17.3343
      vertex -37 62.487 17.2653
    endloop
  endfacet
  facet normal 4.33093e-19 0.751925 -0.659248
    outer loop
      vertex -34.6 55.3653 21.387
      vertex -37 55.4343 21.4657
      vertex -34.6 55.4343 21.4657
    endloop
  endfacet
  facet normal 4.33093e-19 0.751925 -0.659248
    outer loop
      vertex -37 55.4343 21.4657
      vertex -34.6 55.3653 21.387
      vertex -37 55.3653 21.387
    endloop
  endfacet
  facet normal -0 0.321097 0.947046
    outer loop
      vertex -37 55.7929 17.1273
      vertex -34.6 55.6938 17.1609
      vertex -34.6 55.7929 17.1273
    endloop
  endfacet
  facet normal 0 0.321097 0.947046
    outer loop
      vertex -34.6 55.6938 17.1609
      vertex -37 55.7929 17.1273
      vertex -37 55.6938 17.1609
    endloop
  endfacet
  facet normal 0 -0.321097 0.947046
    outer loop
      vertex -37 62.3062 17.1609
      vertex -34.6 62.2071 17.1273
      vertex -34.6 62.3062 17.1609
    endloop
  endfacet
  facet normal 0 -0.321097 0.947046
    outer loop
      vertex -34.6 62.2071 17.1273
      vertex -37 62.3062 17.1609
      vertex -37 62.2071 17.1273
    endloop
  endfacet
  facet normal -1.44675e-18 -0.89671 0.442619
    outer loop
      vertex -37 62.6928 17.5
      vertex -34.6 62.7391 17.5938
      vertex -37 62.7391 17.5938
    endloop
  endfacet
  facet normal -1.44675e-18 -0.89671 0.442619
    outer loop
      vertex -34.6 62.7391 17.5938
      vertex -37 62.6928 17.5
      vertex -34.6 62.6928 17.5
    endloop
  endfacet
  facet normal 0 -0.442619 0.89671
    outer loop
      vertex -37 62.4 17.2072
      vertex -34.6 62.3062 17.1609
      vertex -34.6 62.4 17.2072
    endloop
  endfacet
  facet normal 0 -0.442619 0.89671
    outer loop
      vertex -34.6 62.3062 17.1609
      vertex -37 62.4 17.2072
      vertex -37 62.3062 17.1609
    endloop
  endfacet
  facet normal -4.33093e-19 -0.751925 -0.659248
    outer loop
      vertex -37 62.6347 21.387
      vertex -34.6 62.5657 21.4657
      vertex -37 62.5657 21.4657
    endloop
  endfacet
  facet normal -4.33093e-19 -0.751925 -0.659248
    outer loop
      vertex -34.6 62.5657 21.4657
      vertex -37 62.6347 21.387
      vertex -34.6 62.6347 21.387
    endloop
  endfacet
  facet normal -1.52556e-18 0.831609 0.555362
    outer loop
      vertex -34.6 55.3653 17.413
      vertex -37 55.3072 17.5
      vertex -34.6 55.3072 17.5
    endloop
  endfacet
  facet normal -1.52556e-18 0.831609 0.555362
    outer loop
      vertex -37 55.3072 17.5
      vertex -34.6 55.3653 17.413
      vertex -37 55.3653 17.413
    endloop
  endfacet
  facet normal 1.44675e-18 -0.89671 -0.442619
    outer loop
      vertex -37 62.7391 21.2062
      vertex -34.6 62.6928 21.3
      vertex -37 62.6928 21.3
    endloop
  endfacet
  facet normal 1.44675e-18 -0.89671 -0.442619
    outer loop
      vertex -34.6 62.6928 21.3
      vertex -37 62.7391 21.2062
      vertex -34.6 62.7391 21.2062
    endloop
  endfacet
  facet normal 8.65213e-19 0.751925 0.659248
    outer loop
      vertex -34.6 55.4343 17.3343
      vertex -37 55.3653 17.413
      vertex -34.6 55.3653 17.413
    endloop
  endfacet
  facet normal 8.65213e-19 0.751925 0.659248
    outer loop
      vertex -37 55.3653 17.413
      vertex -34.6 55.4343 17.3343
      vertex -37 55.4343 17.3343
    endloop
  endfacet
endsolid OpenSCAD_Model
