solid OpenSCAD_Model
  facet normal 0 0 1
    outer loop
      vertex 0.371967 8.05891 28.2852
      vertex 0.371967 7.94109 28.2852
      vertex 0.376604 8 28.2852
    endloop
  endfacet
  facet normal 0 0 1
    outer loop
      vertex 0.358171 8.11638 28.2852
      vertex 0.371967 7.94109 28.2852
      vertex 0.371967 8.05891 28.2852
    endloop
  endfacet
  facet normal 0 0 1
    outer loop
      vertex 0.358171 8.11638 28.2852
      vertex 0.358171 7.88362 28.2852
      vertex 0.371967 7.94109 28.2852
    endloop
  endfacet
  facet normal 0 0 1
    outer loop
      vertex 0.335556 8.17097 28.2852
      vertex 0.358171 7.88362 28.2852
      vertex 0.358171 8.11638 28.2852
    endloop
  endfacet
  facet normal 0 0 1
    outer loop
      vertex 0.335556 8.17097 28.2852
      vertex 0.335556 7.82903 28.2852
      vertex 0.358171 7.88362 28.2852
    endloop
  endfacet
  facet normal 0 0 1
    outer loop
      vertex 0.304679 8.22136 28.2852
      vertex 0.335556 7.82903 28.2852
      vertex 0.335556 8.17097 28.2852
    endloop
  endfacet
  facet normal 0 0 1
    outer loop
      vertex 0.304679 8.22136 28.2852
      vertex 0.304679 7.77864 28.2852
      vertex 0.335556 7.82903 28.2852
    endloop
  endfacet
  facet normal 0 0 1
    outer loop
      vertex 0.266299 8.2663 28.2852
      vertex 0.304679 7.77864 28.2852
      vertex 0.304679 8.22136 28.2852
    endloop
  endfacet
  facet normal 0 0 1
    outer loop
      vertex 0.266299 8.2663 28.2852
      vertex 0.266299 7.7337 28.2852
      vertex 0.304679 7.77864 28.2852
    endloop
  endfacet
  facet normal 0 0 1
    outer loop
      vertex 0.221362 8.30468 28.2852
      vertex 0.266299 7.7337 28.2852
      vertex 0.266299 8.2663 28.2852
    endloop
  endfacet
  facet normal 0 0 1
    outer loop
      vertex 0.221362 8.30468 28.2852
      vertex 0.221362 7.69532 28.2852
      vertex 0.266299 7.7337 28.2852
    endloop
  endfacet
  facet normal 0 0 1
    outer loop
      vertex 0.170974 8.33556 28.2852
      vertex 0.221362 7.69532 28.2852
      vertex 0.221362 8.30468 28.2852
    endloop
  endfacet
  facet normal 0 0 1
    outer loop
      vertex 0.170974 8.33556 28.2852
      vertex 0.170974 7.66444 28.2852
      vertex 0.221362 7.69532 28.2852
    endloop
  endfacet
  facet normal 0 0 1
    outer loop
      vertex 0.116377 8.35817 28.2852
      vertex 0.170974 7.66444 28.2852
      vertex 0.170974 8.33556 28.2852
    endloop
  endfacet
  facet normal 0 0 1
    outer loop
      vertex 0.116377 8.35817 28.2852
      vertex 0.116377 7.64183 28.2852
      vertex 0.170974 7.66444 28.2852
    endloop
  endfacet
  facet normal 0 0 1
    outer loop
      vertex 0.0589138 8.37197 28.2852
      vertex 0.116377 7.64183 28.2852
      vertex 0.116377 8.35817 28.2852
    endloop
  endfacet
  facet normal 0 0 1
    outer loop
      vertex 0.0589138 8.37197 28.2852
      vertex 0.0589138 7.62803 28.2852
      vertex 0.116377 7.64183 28.2852
    endloop
  endfacet
  facet normal 0 0 1
    outer loop
      vertex 0 8.3766 28.2852
      vertex 0.0589138 7.62803 28.2852
      vertex 0.0589138 8.37197 28.2852
    endloop
  endfacet
  facet normal 0 0 1
    outer loop
      vertex 0 8.3766 28.2852
      vertex 0 7.6234 28.2852
      vertex 0.0589138 7.62803 28.2852
    endloop
  endfacet
  facet normal -0 0 1
    outer loop
      vertex -0.0589138 8.37197 28.2852
      vertex 0 7.6234 28.2852
      vertex 0 8.3766 28.2852
    endloop
  endfacet
  facet normal 0 0 1
    outer loop
      vertex -0.0589138 8.37197 28.2852
      vertex -0.0589138 7.62803 28.2852
      vertex 0 7.6234 28.2852
    endloop
  endfacet
  facet normal -0 0 1
    outer loop
      vertex -0.116377 8.35817 28.2852
      vertex -0.0589138 7.62803 28.2852
      vertex -0.0589138 8.37197 28.2852
    endloop
  endfacet
  facet normal 0 0 1
    outer loop
      vertex -0.116377 8.35817 28.2852
      vertex -0.116377 7.64183 28.2852
      vertex -0.0589138 7.62803 28.2852
    endloop
  endfacet
  facet normal -0 0 1
    outer loop
      vertex -0.170974 8.33556 28.2852
      vertex -0.116377 7.64183 28.2852
      vertex -0.116377 8.35817 28.2852
    endloop
  endfacet
  facet normal 0 0 1
    outer loop
      vertex -0.170974 8.33556 28.2852
      vertex -0.170974 7.66444 28.2852
      vertex -0.116377 7.64183 28.2852
    endloop
  endfacet
  facet normal -0 0 1
    outer loop
      vertex -0.221362 8.30468 28.2852
      vertex -0.170974 7.66444 28.2852
      vertex -0.170974 8.33556 28.2852
    endloop
  endfacet
  facet normal 0 0 1
    outer loop
      vertex -0.221362 8.30468 28.2852
      vertex -0.221362 7.69532 28.2852
      vertex -0.170974 7.66444 28.2852
    endloop
  endfacet
  facet normal -0 0 1
    outer loop
      vertex -0.266299 8.2663 28.2852
      vertex -0.221362 7.69532 28.2852
      vertex -0.221362 8.30468 28.2852
    endloop
  endfacet
  facet normal 0 0 1
    outer loop
      vertex -0.266299 8.2663 28.2852
      vertex -0.266299 7.7337 28.2852
      vertex -0.221362 7.69532 28.2852
    endloop
  endfacet
  facet normal -0 0 1
    outer loop
      vertex -0.304679 8.22136 28.2852
      vertex -0.266299 7.7337 28.2852
      vertex -0.266299 8.2663 28.2852
    endloop
  endfacet
  facet normal 0 0 1
    outer loop
      vertex -0.304679 8.22136 28.2852
      vertex -0.304679 7.77864 28.2852
      vertex -0.266299 7.7337 28.2852
    endloop
  endfacet
  facet normal -0 0 1
    outer loop
      vertex -0.335556 8.17097 28.2852
      vertex -0.304679 7.77864 28.2852
      vertex -0.304679 8.22136 28.2852
    endloop
  endfacet
  facet normal 0 0 1
    outer loop
      vertex -0.335556 8.17097 28.2852
      vertex -0.335556 7.82903 28.2852
      vertex -0.304679 7.77864 28.2852
    endloop
  endfacet
  facet normal -0 0 1
    outer loop
      vertex -0.358171 8.11638 28.2852
      vertex -0.335556 7.82903 28.2852
      vertex -0.335556 8.17097 28.2852
    endloop
  endfacet
  facet normal 0 0 1
    outer loop
      vertex -0.358171 8.11638 28.2852
      vertex -0.358171 7.88362 28.2852
      vertex -0.335556 7.82903 28.2852
    endloop
  endfacet
  facet normal -0 0 1
    outer loop
      vertex -0.371967 8.05891 28.2852
      vertex -0.358171 7.88362 28.2852
      vertex -0.358171 8.11638 28.2852
    endloop
  endfacet
  facet normal 0 0 1
    outer loop
      vertex -0.371967 8.05891 28.2852
      vertex -0.371967 7.94109 28.2852
      vertex -0.358171 7.88362 28.2852
    endloop
  endfacet
  facet normal 0 -0 1
    outer loop
      vertex -0.371967 7.94109 28.2852
      vertex -0.371967 8.05891 28.2852
      vertex -0.376604 8 28.2852
    endloop
  endfacet
  facet normal 0.156386 0.0123118 0.987619
    outer loop
      vertex 1.12054 8 28.1674
      vertex 1.10674 8.17529 28.1674
      vertex 0.376604 8 28.2852
    endloop
  endfacet
  facet normal 0.156387 0.0123097 0.987619
    outer loop
      vertex 1.10674 8.17529 28.1674
      vertex 0.371967 8.05891 28.2852
      vertex 0.376604 8 28.2852
    endloop
  endfacet
  facet normal 0.152536 0.036624 0.987619
    outer loop
      vertex 1.10674 8.17529 28.1674
      vertex 1.06569 8.34626 28.1674
      vertex 0.371967 8.05891 28.2852
    endloop
  endfacet
  facet normal 0.152538 0.0366177 0.987619
    outer loop
      vertex 1.06569 8.34626 28.1674
      vertex 0.358171 8.11638 28.2852
      vertex 0.371967 8.05891 28.2852
    endloop
  endfacet
  facet normal 0.144932 0.0600284 0.987619
    outer loop
      vertex 1.06569 8.34626 28.1674
      vertex 0.998406 8.50871 28.1674
      vertex 0.358171 8.11638 28.2852
    endloop
  endfacet
  facet normal 0.144926 0.0600385 0.987619
    outer loop
      vertex 0.998406 8.50871 28.1674
      vertex 0.335556 8.17097 28.2852
      vertex 0.358171 8.11638 28.2852
    endloop
  endfacet
  facet normal 0.133756 0.081961 0.987619
    outer loop
      vertex 0.998406 8.50871 28.1674
      vertex 0.906534 8.65864 28.1674
      vertex 0.335556 8.17097 28.2852
    endloop
  endfacet
  facet normal 0.133756 0.0819605 0.987619
    outer loop
      vertex 0.906534 8.65864 28.1674
      vertex 0.304679 8.22136 28.2852
      vertex 0.335556 8.17097 28.2852
    endloop
  endfacet
  facet normal 0.119283 0.101881 0.987619
    outer loop
      vertex 0.906534 8.65864 28.1674
      vertex 0.79234 8.79234 28.1674
      vertex 0.304679 8.22136 28.2852
    endloop
  endfacet
  facet normal 0.119289 0.101876 0.987619
    outer loop
      vertex 0.79234 8.79234 28.1674
      vertex 0.266299 8.2663 28.2852
      vertex 0.304679 8.22136 28.2852
    endloop
  endfacet
  facet normal 0.101877 0.119287 0.987619
    outer loop
      vertex 0.79234 8.79234 28.1674
      vertex 0.658636 8.90653 28.1674
      vertex 0.266299 8.2663 28.2852
    endloop
  endfacet
  facet normal 0.10188 0.119286 0.987619
    outer loop
      vertex 0.658636 8.90653 28.1674
      vertex 0.221362 8.30468 28.2852
      vertex 0.266299 8.2663 28.2852
    endloop
  endfacet
  facet normal 0.0819694 0.133752 0.987619
    outer loop
      vertex 0.658636 8.90653 28.1674
      vertex 0.508713 8.99841 28.1674
      vertex 0.221362 8.30468 28.2852
    endloop
  endfacet
  facet normal 0.081969 0.133752 0.987619
    outer loop
      vertex 0.508713 8.99841 28.1674
      vertex 0.170974 8.33556 28.2852
      vertex 0.221362 8.30468 28.2852
    endloop
  endfacet
  facet normal 0.0600257 0.144932 0.987619
    outer loop
      vertex 0.508713 8.99841 28.1674
      vertex 0.346265 9.06569 28.1674
      vertex 0.170974 8.33556 28.2852
    endloop
  endfacet
  facet normal 0.0600207 0.144934 0.987619
    outer loop
      vertex 0.346265 9.06569 28.1674
      vertex 0.116377 8.35817 28.2852
      vertex 0.170974 8.33556 28.2852
    endloop
  endfacet
  facet normal 0.0366231 0.152536 0.987619
    outer loop
      vertex 0.346265 9.06569 28.1674
      vertex 0.175291 9.10674 28.1674
      vertex 0.116377 8.35817 28.2852
    endloop
  endfacet
  facet normal 0.0366319 0.152535 0.987619
    outer loop
      vertex 0.175291 9.10674 28.1674
      vertex 0.0589138 8.37197 28.2852
      vertex 0.116377 8.35817 28.2852
    endloop
  endfacet
  facet normal 0.0123118 0.156387 0.987619
    outer loop
      vertex 0.175291 9.10674 28.1674
      vertex 0 9.12054 28.1674
      vertex 0.0589138 8.37197 28.2852
    endloop
  endfacet
  facet normal 0.0122903 0.156386 0.98762
    outer loop
      vertex 0 9.12054 28.1674
      vertex 0 8.3766 28.2852
      vertex 0.0589138 8.37197 28.2852
    endloop
  endfacet
  facet normal -0.0123117 0.156386 0.987619
    outer loop
      vertex 0 9.12054 28.1674
      vertex -0.175291 9.10674 28.1674
      vertex 0 8.3766 28.2852
    endloop
  endfacet
  facet normal -0.0122906 0.156391 0.987619
    outer loop
      vertex -0.175291 9.10674 28.1674
      vertex -0.0589138 8.37197 28.2852
      vertex 0 8.3766 28.2852
    endloop
  endfacet
  facet normal -0.0366233 0.152537 0.987619
    outer loop
      vertex -0.175291 9.10674 28.1674
      vertex -0.346265 9.06569 28.1674
      vertex -0.0589138 8.37197 28.2852
    endloop
  endfacet
  facet normal -0.0366315 0.152533 0.987619
    outer loop
      vertex -0.346265 9.06569 28.1674
      vertex -0.116377 8.35817 28.2852
      vertex -0.0589138 8.37197 28.2852
    endloop
  endfacet
  facet normal -0.0600256 0.144932 0.987619
    outer loop
      vertex -0.346265 9.06569 28.1674
      vertex -0.508713 8.99841 28.1674
      vertex -0.116377 8.35817 28.2852
    endloop
  endfacet
  facet normal -0.0600212 0.144935 0.987619
    outer loop
      vertex -0.508713 8.99841 28.1674
      vertex -0.170974 8.33556 28.2852
      vertex -0.116377 8.35817 28.2852
    endloop
  endfacet
  facet normal -0.0819694 0.133752 0.987619
    outer loop
      vertex -0.508713 8.99841 28.1674
      vertex -0.658636 8.90653 28.1674
      vertex -0.170974 8.33556 28.2852
    endloop
  endfacet
  facet normal -0.0819691 0.133752 0.987619
    outer loop
      vertex -0.658636 8.90653 28.1674
      vertex -0.221362 8.30468 28.2852
      vertex -0.170974 8.33556 28.2852
    endloop
  endfacet
  facet normal -0.101878 0.119287 0.987619
    outer loop
      vertex -0.658636 8.90653 28.1674
      vertex -0.79234 8.79234 28.1674
      vertex -0.221362 8.30468 28.2852
    endloop
  endfacet
  facet normal -0.10188 0.119285 0.987619
    outer loop
      vertex -0.79234 8.79234 28.1674
      vertex -0.266299 8.2663 28.2852
      vertex -0.221362 8.30468 28.2852
    endloop
  endfacet
  facet normal -0.119284 0.101881 0.987619
    outer loop
      vertex -0.79234 8.79234 28.1674
      vertex -0.906534 8.65864 28.1674
      vertex -0.266299 8.2663 28.2852
    endloop
  endfacet
  facet normal -0.119287 0.101875 0.987619
    outer loop
      vertex -0.906534 8.65864 28.1674
      vertex -0.304679 8.22136 28.2852
      vertex -0.266299 8.2663 28.2852
    endloop
  endfacet
  facet normal -0.133756 0.081961 0.987619
    outer loop
      vertex -0.906534 8.65864 28.1674
      vertex -0.998406 8.50871 28.1674
      vertex -0.304679 8.22136 28.2852
    endloop
  endfacet
  facet normal -0.133756 0.0819604 0.987619
    outer loop
      vertex -0.998406 8.50871 28.1674
      vertex -0.335556 8.17097 28.2852
      vertex -0.304679 8.22136 28.2852
    endloop
  endfacet
  facet normal -0.144931 0.060028 0.987619
    outer loop
      vertex -0.998406 8.50871 28.1674
      vertex -1.06569 8.34626 28.1674
      vertex -0.335556 8.17097 28.2852
    endloop
  endfacet
  facet normal -0.144928 0.0600395 0.987619
    outer loop
      vertex -1.06569 8.34626 28.1674
      vertex -0.358171 8.11638 28.2852
      vertex -0.335556 8.17097 28.2852
    endloop
  endfacet
  facet normal -0.152536 0.0366241 0.987619
    outer loop
      vertex -1.06569 8.34626 28.1674
      vertex -1.10674 8.17529 28.1674
      vertex -0.358171 8.11638 28.2852
    endloop
  endfacet
  facet normal -0.152537 0.0366174 0.987619
    outer loop
      vertex -1.10674 8.17529 28.1674
      vertex -0.371967 8.05891 28.2852
      vertex -0.358171 8.11638 28.2852
    endloop
  endfacet
  facet normal -0.156387 0.0123118 0.987619
    outer loop
      vertex -1.10674 8.17529 28.1674
      vertex -1.12054 8 28.1674
      vertex -0.371967 8.05891 28.2852
    endloop
  endfacet
  facet normal -0.156386 0.0123097 0.987619
    outer loop
      vertex -1.12054 8 28.1674
      vertex -0.376604 8 28.2852
      vertex -0.371967 8.05891 28.2852
    endloop
  endfacet
  facet normal -0.156386 -0.0123118 0.987619
    outer loop
      vertex -1.12054 8 28.1674
      vertex -1.10674 7.82471 28.1674
      vertex -0.376604 8 28.2852
    endloop
  endfacet
  facet normal -0.156387 -0.0123097 0.987619
    outer loop
      vertex -1.10674 7.82471 28.1674
      vertex -0.371967 7.94109 28.2852
      vertex -0.376604 8 28.2852
    endloop
  endfacet
  facet normal -0.152536 -0.0366219 0.987619
    outer loop
      vertex -1.10674 7.82471 28.1674
      vertex -1.06569 7.65373 28.1674
      vertex -0.371967 7.94109 28.2852
    endloop
  endfacet
  facet normal -0.152538 -0.0366176 0.987619
    outer loop
      vertex -1.06569 7.65373 28.1674
      vertex -0.358171 7.88362 28.2852
      vertex -0.371967 7.94109 28.2852
    endloop
  endfacet
  facet normal -0.14493 -0.0600313 0.987619
    outer loop
      vertex -1.06569 7.65373 28.1674
      vertex -0.998406 7.49129 28.1674
      vertex -0.358171 7.88362 28.2852
    endloop
  endfacet
  facet normal -0.144926 -0.0600385 0.987619
    outer loop
      vertex -0.998406 7.49129 28.1674
      vertex -0.335556 7.82903 28.2852
      vertex -0.358171 7.88362 28.2852
    endloop
  endfacet
  facet normal -0.133756 -0.081961 0.987619
    outer loop
      vertex -0.998406 7.49129 28.1674
      vertex -0.906534 7.34136 28.1674
      vertex -0.335556 7.82903 28.2852
    endloop
  endfacet
  facet normal -0.133756 -0.0819605 0.987619
    outer loop
      vertex -0.906534 7.34136 28.1674
      vertex -0.304679 7.77864 28.2852
      vertex -0.335556 7.82903 28.2852
    endloop
  endfacet
  facet normal -0.119283 -0.101881 0.987619
    outer loop
      vertex -0.906534 7.34136 28.1674
      vertex -0.79234 7.20766 28.1674
      vertex -0.304679 7.77864 28.2852
    endloop
  endfacet
  facet normal -0.119289 -0.101876 0.987619
    outer loop
      vertex -0.79234 7.20766 28.1674
      vertex -0.266299 7.7337 28.2852
      vertex -0.304679 7.77864 28.2852
    endloop
  endfacet
  facet normal -0.101877 -0.119287 0.987619
    outer loop
      vertex -0.79234 7.20766 28.1674
      vertex -0.658636 7.09347 28.1674
      vertex -0.266299 7.7337 28.2852
    endloop
  endfacet
  facet normal -0.10188 -0.119286 0.987619
    outer loop
      vertex -0.658636 7.09347 28.1674
      vertex -0.221362 7.69532 28.2852
      vertex -0.266299 7.7337 28.2852
    endloop
  endfacet
  facet normal -0.0819694 -0.133752 0.987619
    outer loop
      vertex -0.658636 7.09347 28.1674
      vertex -0.508713 7.00159 28.1674
      vertex -0.221362 7.69532 28.2852
    endloop
  endfacet
  facet normal -0.081969 -0.133752 0.987619
    outer loop
      vertex -0.508713 7.00159 28.1674
      vertex -0.170974 7.66444 28.2852
      vertex -0.221362 7.69532 28.2852
    endloop
  endfacet
  facet normal -0.0600257 -0.144932 0.987619
    outer loop
      vertex -0.508713 7.00159 28.1674
      vertex -0.346265 6.93431 28.1674
      vertex -0.170974 7.66444 28.2852
    endloop
  endfacet
  facet normal -0.0600207 -0.144934 0.987619
    outer loop
      vertex -0.346265 6.93431 28.1674
      vertex -0.116377 7.64183 28.2852
      vertex -0.170974 7.66444 28.2852
    endloop
  endfacet
  facet normal -0.0366231 -0.152536 0.987619
    outer loop
      vertex -0.346265 6.93431 28.1674
      vertex -0.175291 6.89326 28.1674
      vertex -0.116377 7.64183 28.2852
    endloop
  endfacet
  facet normal -0.0366319 -0.152535 0.987619
    outer loop
      vertex -0.175291 6.89326 28.1674
      vertex -0.0589138 7.62803 28.2852
      vertex -0.116377 7.64183 28.2852
    endloop
  endfacet
  facet normal -0.0123118 -0.156387 0.987619
    outer loop
      vertex -0.175291 6.89326 28.1674
      vertex 0 6.87946 28.1674
      vertex -0.0589138 7.62803 28.2852
    endloop
  endfacet
  facet normal -0.0122903 -0.156386 0.98762
    outer loop
      vertex 0 6.87946 28.1674
      vertex 0 7.6234 28.2852
      vertex -0.0589138 7.62803 28.2852
    endloop
  endfacet
  facet normal 0.0123117 -0.156386 0.987619
    outer loop
      vertex 0 6.87946 28.1674
      vertex 0.175291 6.89326 28.1674
      vertex 0 7.6234 28.2852
    endloop
  endfacet
  facet normal 0.0122906 -0.156391 0.987619
    outer loop
      vertex 0.175291 6.89326 28.1674
      vertex 0.0589138 7.62803 28.2852
      vertex 0 7.6234 28.2852
    endloop
  endfacet
  facet normal 0.0366233 -0.152537 0.987619
    outer loop
      vertex 0.175291 6.89326 28.1674
      vertex 0.346265 6.93431 28.1674
      vertex 0.0589138 7.62803 28.2852
    endloop
  endfacet
  facet normal 0.0366315 -0.152533 0.987619
    outer loop
      vertex 0.346265 6.93431 28.1674
      vertex 0.116377 7.64183 28.2852
      vertex 0.0589138 7.62803 28.2852
    endloop
  endfacet
  facet normal 0.0600256 -0.144932 0.987619
    outer loop
      vertex 0.346265 6.93431 28.1674
      vertex 0.508713 7.00159 28.1674
      vertex 0.116377 7.64183 28.2852
    endloop
  endfacet
  facet normal 0.0600212 -0.144935 0.987619
    outer loop
      vertex 0.508713 7.00159 28.1674
      vertex 0.170974 7.66444 28.2852
      vertex 0.116377 7.64183 28.2852
    endloop
  endfacet
  facet normal 0.0819694 -0.133752 0.987619
    outer loop
      vertex 0.508713 7.00159 28.1674
      vertex 0.658636 7.09347 28.1674
      vertex 0.170974 7.66444 28.2852
    endloop
  endfacet
  facet normal 0.0819691 -0.133752 0.987619
    outer loop
      vertex 0.658636 7.09347 28.1674
      vertex 0.221362 7.69532 28.2852
      vertex 0.170974 7.66444 28.2852
    endloop
  endfacet
  facet normal 0.101878 -0.119287 0.987619
    outer loop
      vertex 0.658636 7.09347 28.1674
      vertex 0.79234 7.20766 28.1674
      vertex 0.221362 7.69532 28.2852
    endloop
  endfacet
  facet normal 0.10188 -0.119285 0.987619
    outer loop
      vertex 0.79234 7.20766 28.1674
      vertex 0.266299 7.7337 28.2852
      vertex 0.221362 7.69532 28.2852
    endloop
  endfacet
  facet normal 0.119284 -0.101881 0.987619
    outer loop
      vertex 0.79234 7.20766 28.1674
      vertex 0.906534 7.34136 28.1674
      vertex 0.266299 7.7337 28.2852
    endloop
  endfacet
  facet normal 0.119287 -0.101875 0.987619
    outer loop
      vertex 0.906534 7.34136 28.1674
      vertex 0.304679 7.77864 28.2852
      vertex 0.266299 7.7337 28.2852
    endloop
  endfacet
  facet normal 0.133756 -0.081961 0.987619
    outer loop
      vertex 0.906534 7.34136 28.1674
      vertex 0.998406 7.49129 28.1674
      vertex 0.304679 7.77864 28.2852
    endloop
  endfacet
  facet normal 0.133756 -0.0819604 0.987619
    outer loop
      vertex 0.998406 7.49129 28.1674
      vertex 0.335556 7.82903 28.2852
      vertex 0.304679 7.77864 28.2852
    endloop
  endfacet
  facet normal 0.14493 -0.0600311 0.987619
    outer loop
      vertex 0.998406 7.49129 28.1674
      vertex 1.06569 7.65373 28.1674
      vertex 0.335556 7.82903 28.2852
    endloop
  endfacet
  facet normal 0.144928 -0.0600392 0.987619
    outer loop
      vertex 1.06569 7.65373 28.1674
      vertex 0.358171 7.88362 28.2852
      vertex 0.335556 7.82903 28.2852
    endloop
  endfacet
  facet normal 0.152537 -0.036622 0.987619
    outer loop
      vertex 1.06569 7.65373 28.1674
      vertex 1.10674 7.82471 28.1674
      vertex 0.358171 7.88362 28.2852
    endloop
  endfacet
  facet normal 0.152537 -0.0366174 0.987619
    outer loop
      vertex 1.10674 7.82471 28.1674
      vertex 0.371967 7.94109 28.2852
      vertex 0.358171 7.88362 28.2852
    endloop
  endfacet
  facet normal 0.156387 -0.0123118 0.987619
    outer loop
      vertex 1.10674 7.82471 28.1674
      vertex 1.12054 8 28.1674
      vertex 0.371967 7.94109 28.2852
    endloop
  endfacet
  facet normal 0.156386 -0.0123097 0.987619
    outer loop
      vertex 1.12054 8 28.1674
      vertex 0.376604 8 28.2852
      vertex 0.371967 7.94109 28.2852
    endloop
  endfacet
  facet normal 0.308982 0.0243121 0.950757
    outer loop
      vertex 1.83688 8 27.9346
      vertex 1.81427 8.28735 27.9346
      vertex 1.12054 8 28.1674
    endloop
  endfacet
  facet normal 0.308977 0.0243248 0.950758
    outer loop
      vertex 1.81427 8.28735 27.9346
      vertex 1.10674 8.17529 28.1674
      vertex 1.12054 8 28.1674
    endloop
  endfacet
  facet normal 0.30137 0.0723534 0.950758
    outer loop
      vertex 1.81427 8.28735 27.9346
      vertex 1.74698 8.56763 27.9346
      vertex 1.10674 8.17529 28.1674
    endloop
  endfacet
  facet normal 0.301367 0.0723585 0.950759
    outer loop
      vertex 1.74698 8.56763 27.9346
      vertex 1.06569 8.34626 28.1674
      vertex 1.10674 8.17529 28.1674
    endloop
  endfacet
  facet normal 0.286339 0.118611 0.950758
    outer loop
      vertex 1.74698 8.56763 27.9346
      vertex 1.63667 8.83393 27.9346
      vertex 1.06569 8.34626 28.1674
    endloop
  endfacet
  facet normal 0.286347 0.1186 0.950757
    outer loop
      vertex 1.63667 8.83393 27.9346
      vertex 0.998406 8.50871 28.1674
      vertex 1.06569 8.34626 28.1674
    endloop
  endfacet
  facet normal 0.264264 0.161939 0.950758
    outer loop
      vertex 1.63667 8.83393 27.9346
      vertex 1.48607 9.07969 27.9346
      vertex 0.998406 8.50871 28.1674
    endloop
  endfacet
  facet normal 0.264269 0.161935 0.950757
    outer loop
      vertex 1.48607 9.07969 27.9346
      vertex 0.906534 8.65864 28.1674
      vertex 0.998406 8.50871 28.1674
    endloop
  endfacet
  facet normal 0.235677 0.20129 0.950757
    outer loop
      vertex 1.48607 9.07969 27.9346
      vertex 1.29887 9.29887 27.9346
      vertex 0.906534 8.65864 28.1674
    endloop
  endfacet
  facet normal 0.235675 0.201291 0.950757
    outer loop
      vertex 1.29887 9.29887 27.9346
      vertex 0.79234 8.79234 28.1674
      vertex 0.906534 8.65864 28.1674
    endloop
  endfacet
  facet normal 0.201289 0.235676 0.950757
    outer loop
      vertex 1.29887 9.29887 27.9346
      vertex 1.07969 9.48607 27.9346
      vertex 0.79234 8.79234 28.1674
    endloop
  endfacet
  facet normal 0.201282 0.23568 0.950758
    outer loop
      vertex 1.07969 9.48607 27.9346
      vertex 0.658636 8.90653 28.1674
      vertex 0.79234 8.79234 28.1674
    endloop
  endfacet
  facet normal 0.161937 0.264265 0.950758
    outer loop
      vertex 1.07969 9.48607 27.9346
      vertex 0.833926 9.63667 27.9346
      vertex 0.658636 8.90653 28.1674
    endloop
  endfacet
  facet normal 0.161952 0.264261 0.950756
    outer loop
      vertex 0.833926 9.63667 27.9346
      vertex 0.508713 8.99841 28.1674
      vertex 0.658636 8.90653 28.1674
    endloop
  endfacet
  facet normal 0.118613 0.286344 0.950757
    outer loop
      vertex 0.833926 9.63667 27.9346
      vertex 0.567627 9.74698 27.9346
      vertex 0.508713 8.99841 28.1674
    endloop
  endfacet
  facet normal 0.118594 0.286346 0.950758
    outer loop
      vertex 0.567627 9.74698 27.9346
      vertex 0.346265 9.06569 28.1674
      vertex 0.508713 8.99841 28.1674
    endloop
  endfacet
  facet normal 0.0723542 0.30137 0.950758
    outer loop
      vertex 0.567627 9.74698 27.9346
      vertex 0.287351 9.81427 27.9346
      vertex 0.346265 9.06569 28.1674
    endloop
  endfacet
  facet normal 0.0723573 0.30137 0.950758
    outer loop
      vertex 0.287351 9.81427 27.9346
      vertex 0.175291 9.10674 28.1674
      vertex 0.346265 9.06569 28.1674
    endloop
  endfacet
  facet normal 0.0243118 0.308979 0.950758
    outer loop
      vertex 0.287351 9.81427 27.9346
      vertex 0 9.83688 27.9346
      vertex 0.175291 9.10674 28.1674
    endloop
  endfacet
  facet normal 0.024325 0.308982 0.950757
    outer loop
      vertex 0 9.83688 27.9346
      vertex 0 9.12054 28.1674
      vertex 0.175291 9.10674 28.1674
    endloop
  endfacet
  facet normal -0.024312 0.308982 0.950757
    outer loop
      vertex 0 9.83688 27.9346
      vertex -0.287351 9.81427 27.9346
      vertex 0 9.12054 28.1674
    endloop
  endfacet
  facet normal -0.0243246 0.308977 0.950758
    outer loop
      vertex -0.287351 9.81427 27.9346
      vertex -0.175291 9.10674 28.1674
      vertex 0 9.12054 28.1674
    endloop
  endfacet
  facet normal -0.0723544 0.30137 0.950758
    outer loop
      vertex -0.287351 9.81427 27.9346
      vertex -0.567627 9.74698 27.9346
      vertex -0.175291 9.10674 28.1674
    endloop
  endfacet
  facet normal -0.0723571 0.301369 0.950758
    outer loop
      vertex -0.567627 9.74698 27.9346
      vertex -0.346265 9.06569 28.1674
      vertex -0.175291 9.10674 28.1674
    endloop
  endfacet
  facet normal -0.118612 0.28634 0.950758
    outer loop
      vertex -0.567627 9.74698 27.9346
      vertex -0.833926 9.63667 27.9346
      vertex -0.346265 9.06569 28.1674
    endloop
  endfacet
  facet normal -0.118596 0.286352 0.950756
    outer loop
      vertex -0.833926 9.63667 27.9346
      vertex -0.508713 8.99841 28.1674
      vertex -0.346265 9.06569 28.1674
    endloop
  endfacet
  facet normal -0.161939 0.264268 0.950757
    outer loop
      vertex -0.833926 9.63667 27.9346
      vertex -1.07969 9.48607 27.9346
      vertex -0.508713 8.99841 28.1674
    endloop
  endfacet
  facet normal -0.161949 0.264256 0.950758
    outer loop
      vertex -1.07969 9.48607 27.9346
      vertex -0.658636 8.90653 28.1674
      vertex -0.508713 8.99841 28.1674
    endloop
  endfacet
  facet normal -0.201288 0.235675 0.950758
    outer loop
      vertex -1.07969 9.48607 27.9346
      vertex -1.29887 9.29887 27.9346
      vertex -0.658636 8.90653 28.1674
    endloop
  endfacet
  facet normal -0.201284 0.235682 0.950757
    outer loop
      vertex -1.29887 9.29887 27.9346
      vertex -0.79234 8.79234 28.1674
      vertex -0.658636 8.90653 28.1674
    endloop
  endfacet
  facet normal -0.235676 0.201289 0.950757
    outer loop
      vertex -1.29887 9.29887 27.9346
      vertex -1.48607 9.07969 27.9346
      vertex -0.79234 8.79234 28.1674
    endloop
  endfacet
  facet normal -0.235675 0.201292 0.950757
    outer loop
      vertex -1.48607 9.07969 27.9346
      vertex -0.906534 8.65864 28.1674
      vertex -0.79234 8.79234 28.1674
    endloop
  endfacet
  facet normal -0.264266 0.16194 0.950757
    outer loop
      vertex -1.48607 9.07969 27.9346
      vertex -1.63667 8.83393 27.9346
      vertex -0.906534 8.65864 28.1674
    endloop
  endfacet
  facet normal -0.264267 0.161934 0.950758
    outer loop
      vertex -1.63667 8.83393 27.9346
      vertex -0.998406 8.50871 28.1674
      vertex -0.906534 8.65864 28.1674
    endloop
  endfacet
  facet normal -0.286341 0.118612 0.950758
    outer loop
      vertex -1.63667 8.83393 27.9346
      vertex -1.74698 8.56763 27.9346
      vertex -0.998406 8.50871 28.1674
    endloop
  endfacet
  facet normal -0.286343 0.118598 0.950759
    outer loop
      vertex -1.74698 8.56763 27.9346
      vertex -1.06569 8.34626 28.1674
      vertex -0.998406 8.50871 28.1674
    endloop
  endfacet
  facet normal -0.301369 0.0723531 0.950758
    outer loop
      vertex -1.74698 8.56763 27.9346
      vertex -1.81427 8.28735 27.9346
      vertex -1.06569 8.34626 28.1674
    endloop
  endfacet
  facet normal -0.301369 0.072359 0.950758
    outer loop
      vertex -1.81427 8.28735 27.9346
      vertex -1.10674 8.17529 28.1674
      vertex -1.06569 8.34626 28.1674
    endloop
  endfacet
  facet normal -0.308979 0.0243119 0.950758
    outer loop
      vertex -1.81427 8.28735 27.9346
      vertex -1.83688 8 27.9346
      vertex -1.10674 8.17529 28.1674
    endloop
  endfacet
  facet normal -0.308982 0.0243251 0.950757
    outer loop
      vertex -1.83688 8 27.9346
      vertex -1.12054 8 28.1674
      vertex -1.10674 8.17529 28.1674
    endloop
  endfacet
  facet normal -0.308982 -0.0243121 0.950757
    outer loop
      vertex -1.83688 8 27.9346
      vertex -1.81427 7.71265 27.9346
      vertex -1.12054 8 28.1674
    endloop
  endfacet
  facet normal -0.308977 -0.0243248 0.950758
    outer loop
      vertex -1.81427 7.71265 27.9346
      vertex -1.10674 7.82471 28.1674
      vertex -1.12054 8 28.1674
    endloop
  endfacet
  facet normal -0.30137 -0.0723534 0.950758
    outer loop
      vertex -1.81427 7.71265 27.9346
      vertex -1.74698 7.43237 27.9346
      vertex -1.10674 7.82471 28.1674
    endloop
  endfacet
  facet normal -0.30137 -0.0723548 0.950758
    outer loop
      vertex -1.74698 7.43237 27.9346
      vertex -1.06569 7.65373 28.1674
      vertex -1.10674 7.82471 28.1674
    endloop
  endfacet
  facet normal -0.28634 -0.118611 0.950758
    outer loop
      vertex -1.74698 7.43237 27.9346
      vertex -1.63667 7.16607 27.9346
      vertex -1.06569 7.65373 28.1674
    endloop
  endfacet
  facet normal -0.286344 -0.118606 0.950757
    outer loop
      vertex -1.63667 7.16607 27.9346
      vertex -0.998406 7.49129 28.1674
      vertex -1.06569 7.65373 28.1674
    endloop
  endfacet
  facet normal -0.264264 -0.161939 0.950758
    outer loop
      vertex -1.63667 7.16607 27.9346
      vertex -1.48607 6.92031 27.9346
      vertex -0.998406 7.49129 28.1674
    endloop
  endfacet
  facet normal -0.264269 -0.161935 0.950757
    outer loop
      vertex -1.48607 6.92031 27.9346
      vertex -0.906534 7.34136 28.1674
      vertex -0.998406 7.49129 28.1674
    endloop
  endfacet
  facet normal -0.235677 -0.20129 0.950757
    outer loop
      vertex -1.48607 6.92031 27.9346
      vertex -1.29887 6.70113 27.9346
      vertex -0.906534 7.34136 28.1674
    endloop
  endfacet
  facet normal -0.235675 -0.201291 0.950757
    outer loop
      vertex -1.29887 6.70113 27.9346
      vertex -0.79234 7.20766 28.1674
      vertex -0.906534 7.34136 28.1674
    endloop
  endfacet
  facet normal -0.201289 -0.235676 0.950757
    outer loop
      vertex -1.29887 6.70113 27.9346
      vertex -1.07969 6.51393 27.9346
      vertex -0.79234 7.20766 28.1674
    endloop
  endfacet
  facet normal -0.201282 -0.23568 0.950758
    outer loop
      vertex -1.07969 6.51393 27.9346
      vertex -0.658636 7.09347 28.1674
      vertex -0.79234 7.20766 28.1674
    endloop
  endfacet
  facet normal -0.161937 -0.264265 0.950758
    outer loop
      vertex -1.07969 6.51393 27.9346
      vertex -0.833926 6.36333 27.9346
      vertex -0.658636 7.09347 28.1674
    endloop
  endfacet
  facet normal -0.161952 -0.264261 0.950756
    outer loop
      vertex -0.833926 6.36333 27.9346
      vertex -0.508713 7.00159 28.1674
      vertex -0.658636 7.09347 28.1674
    endloop
  endfacet
  facet normal -0.118613 -0.286344 0.950757
    outer loop
      vertex -0.833926 6.36333 27.9346
      vertex -0.567627 6.25302 27.9346
      vertex -0.508713 7.00159 28.1674
    endloop
  endfacet
  facet normal -0.118594 -0.286346 0.950758
    outer loop
      vertex -0.567627 6.25302 27.9346
      vertex -0.346265 6.93431 28.1674
      vertex -0.508713 7.00159 28.1674
    endloop
  endfacet
  facet normal -0.0723542 -0.30137 0.950758
    outer loop
      vertex -0.567627 6.25302 27.9346
      vertex -0.287351 6.18573 27.9346
      vertex -0.346265 6.93431 28.1674
    endloop
  endfacet
  facet normal -0.0723573 -0.30137 0.950758
    outer loop
      vertex -0.287351 6.18573 27.9346
      vertex -0.175291 6.89326 28.1674
      vertex -0.346265 6.93431 28.1674
    endloop
  endfacet
  facet normal -0.0243118 -0.308979 0.950758
    outer loop
      vertex -0.287351 6.18573 27.9346
      vertex 0 6.16312 27.9346
      vertex -0.175291 6.89326 28.1674
    endloop
  endfacet
  facet normal -0.024325 -0.308982 0.950757
    outer loop
      vertex 0 6.16312 27.9346
      vertex 0 6.87946 28.1674
      vertex -0.175291 6.89326 28.1674
    endloop
  endfacet
  facet normal 0.024312 -0.308982 0.950757
    outer loop
      vertex 0 6.16312 27.9346
      vertex 0.287351 6.18573 27.9346
      vertex 0 6.87946 28.1674
    endloop
  endfacet
  facet normal 0.0243246 -0.308977 0.950758
    outer loop
      vertex 0.287351 6.18573 27.9346
      vertex 0.175291 6.89326 28.1674
      vertex 0 6.87946 28.1674
    endloop
  endfacet
  facet normal 0.0723544 -0.30137 0.950758
    outer loop
      vertex 0.287351 6.18573 27.9346
      vertex 0.567627 6.25302 27.9346
      vertex 0.175291 6.89326 28.1674
    endloop
  endfacet
  facet normal 0.0723571 -0.301369 0.950758
    outer loop
      vertex 0.567627 6.25302 27.9346
      vertex 0.346265 6.93431 28.1674
      vertex 0.175291 6.89326 28.1674
    endloop
  endfacet
  facet normal 0.118612 -0.28634 0.950758
    outer loop
      vertex 0.567627 6.25302 27.9346
      vertex 0.833926 6.36333 27.9346
      vertex 0.346265 6.93431 28.1674
    endloop
  endfacet
  facet normal 0.118596 -0.286352 0.950756
    outer loop
      vertex 0.833926 6.36333 27.9346
      vertex 0.508713 7.00159 28.1674
      vertex 0.346265 6.93431 28.1674
    endloop
  endfacet
  facet normal 0.161939 -0.264268 0.950757
    outer loop
      vertex 0.833926 6.36333 27.9346
      vertex 1.07969 6.51393 27.9346
      vertex 0.508713 7.00159 28.1674
    endloop
  endfacet
  facet normal 0.161949 -0.264256 0.950758
    outer loop
      vertex 1.07969 6.51393 27.9346
      vertex 0.658636 7.09347 28.1674
      vertex 0.508713 7.00159 28.1674
    endloop
  endfacet
  facet normal 0.201288 -0.235675 0.950758
    outer loop
      vertex 1.07969 6.51393 27.9346
      vertex 1.29887 6.70113 27.9346
      vertex 0.658636 7.09347 28.1674
    endloop
  endfacet
  facet normal 0.201284 -0.235682 0.950757
    outer loop
      vertex 1.29887 6.70113 27.9346
      vertex 0.79234 7.20766 28.1674
      vertex 0.658636 7.09347 28.1674
    endloop
  endfacet
  facet normal 0.235676 -0.201289 0.950757
    outer loop
      vertex 1.29887 6.70113 27.9346
      vertex 1.48607 6.92031 27.9346
      vertex 0.79234 7.20766 28.1674
    endloop
  endfacet
  facet normal 0.235675 -0.201292 0.950757
    outer loop
      vertex 1.48607 6.92031 27.9346
      vertex 0.906534 7.34136 28.1674
      vertex 0.79234 7.20766 28.1674
    endloop
  endfacet
  facet normal 0.264266 -0.16194 0.950757
    outer loop
      vertex 1.48607 6.92031 27.9346
      vertex 1.63667 7.16607 27.9346
      vertex 0.906534 7.34136 28.1674
    endloop
  endfacet
  facet normal 0.264267 -0.161934 0.950758
    outer loop
      vertex 1.63667 7.16607 27.9346
      vertex 0.998406 7.49129 28.1674
      vertex 0.906534 7.34136 28.1674
    endloop
  endfacet
  facet normal 0.286341 -0.118612 0.950758
    outer loop
      vertex 1.63667 7.16607 27.9346
      vertex 1.74698 7.43237 27.9346
      vertex 0.998406 7.49129 28.1674
    endloop
  endfacet
  facet normal 0.286342 -0.118605 0.950758
    outer loop
      vertex 1.74698 7.43237 27.9346
      vertex 1.06569 7.65373 28.1674
      vertex 0.998406 7.49129 28.1674
    endloop
  endfacet
  facet normal 0.30137 -0.0723533 0.950758
    outer loop
      vertex 1.74698 7.43237 27.9346
      vertex 1.81427 7.71265 27.9346
      vertex 1.06569 7.65373 28.1674
    endloop
  endfacet
  facet normal 0.30137 -0.0723549 0.950758
    outer loop
      vertex 1.81427 7.71265 27.9346
      vertex 1.10674 7.82471 28.1674
      vertex 1.06569 7.65373 28.1674
    endloop
  endfacet
  facet normal 0.308979 -0.0243119 0.950758
    outer loop
      vertex 1.81427 7.71265 27.9346
      vertex 1.83688 8 27.9346
      vertex 1.10674 7.82471 28.1674
    endloop
  endfacet
  facet normal 0.308982 -0.0243251 0.950757
    outer loop
      vertex 1.83688 8 27.9346
      vertex 1.12054 8 28.1674
      vertex 1.10674 7.82471 28.1674
    endloop
  endfacet
  facet normal 0.453651 0.0356941 0.890464
    outer loop
      vertex 2.50799 8 27.5927
      vertex 2.47712 8.39234 27.5927
      vertex 1.83688 8 27.9346
    endloop
  endfacet
  facet normal 0.45365 0.0356953 0.890465
    outer loop
      vertex 2.47712 8.39234 27.5927
      vertex 1.81427 8.28735 27.9346
      vertex 1.83688 8 27.9346
    endloop
  endfacet
  facet normal 0.442477 0.10624 0.890465
    outer loop
      vertex 2.47712 8.39234 27.5927
      vertex 2.38524 8.77501 27.5927
      vertex 1.81427 8.28735 27.9346
    endloop
  endfacet
  facet normal 0.442483 0.106232 0.890463
    outer loop
      vertex 2.38524 8.77501 27.5927
      vertex 1.74698 8.56763 27.9346
      vertex 1.81427 8.28735 27.9346
    endloop
  endfacet
  facet normal 0.42042 0.174134 0.890463
    outer loop
      vertex 2.38524 8.77501 27.5927
      vertex 2.23464 9.13861 27.5927
      vertex 1.74698 8.56763 27.9346
    endloop
  endfacet
  facet normal 0.420408 0.174147 0.890466
    outer loop
      vertex 2.23464 9.13861 27.5927
      vertex 1.63667 8.83393 27.9346
      vertex 1.74698 8.56763 27.9346
    endloop
  endfacet
  facet normal 0.387992 0.237767 0.890466
    outer loop
      vertex 2.23464 9.13861 27.5927
      vertex 2.02901 9.47416 27.5927
      vertex 1.63667 8.83393 27.9346
    endloop
  endfacet
  facet normal 0.387998 0.237762 0.890464
    outer loop
      vertex 2.02901 9.47416 27.5927
      vertex 1.48607 9.07969 27.9346
      vertex 1.63667 8.83393 27.9346
    endloop
  endfacet
  facet normal 0.346026 0.295532 0.890464
    outer loop
      vertex 2.02901 9.47416 27.5927
      vertex 1.77342 9.77342 27.5927
      vertex 1.48607 9.07969 27.9346
    endloop
  endfacet
  facet normal 0.346021 0.295534 0.890466
    outer loop
      vertex 1.77342 9.77342 27.5927
      vertex 1.29887 9.29887 27.9346
      vertex 1.48607 9.07969 27.9346
    endloop
  endfacet
  facet normal 0.295524 0.346031 0.890465
    outer loop
      vertex 1.77342 9.77342 27.5927
      vertex 1.47416 10.029 27.5927
      vertex 1.29887 9.29887 27.9346
    endloop
  endfacet
  facet normal 0.295538 0.346026 0.890462
    outer loop
      vertex 1.47416 10.029 27.5927
      vertex 1.07969 9.48607 27.9346
      vertex 1.29887 9.29887 27.9346
    endloop
  endfacet
  facet normal 0.237742 0.388018 0.890461
    outer loop
      vertex 1.47416 10.029 27.5927
      vertex 1.1386 10.2346 27.5927
      vertex 1.07969 9.48607 27.9346
    endloop
  endfacet
  facet normal 0.237768 0.388014 0.890456
    outer loop
      vertex 1.1386 10.2346 27.5927
      vertex 0.833926 9.63667 27.9346
      vertex 1.07969 9.48607 27.9346
    endloop
  endfacet
  facet normal 0.174145 0.420432 0.890455
    outer loop
      vertex 1.1386 10.2346 27.5927
      vertex 0.775012 10.3852 27.5927
      vertex 0.833926 9.63667 27.9346
    endloop
  endfacet
  facet normal 0.174157 0.420432 0.890453
    outer loop
      vertex 0.775012 10.3852 27.5927
      vertex 0.567627 9.74698 27.9346
      vertex 0.833926 9.63667 27.9346
    endloop
  endfacet
  facet normal 0.106265 0.442493 0.890453
    outer loop
      vertex 0.775012 10.3852 27.5927
      vertex 0.392337 10.4771 27.5927
      vertex 0.567627 9.74698 27.9346
    endloop
  endfacet
  facet normal 0.106235 0.442489 0.890459
    outer loop
      vertex 0.392337 10.4771 27.5927
      vertex 0.287351 9.81427 27.9346
      vertex 0.567627 9.74698 27.9346
    endloop
  endfacet
  facet normal 0.0357295 0.453657 0.89046
    outer loop
      vertex 0.392337 10.4771 27.5927
      vertex 0 10.508 27.5927
      vertex 0.287351 9.81427 27.9346
    endloop
  endfacet
  facet normal 0.0356948 0.453646 0.890467
    outer loop
      vertex 0 10.508 27.5927
      vertex 0 9.83688 27.9346
      vertex 0.287351 9.81427 27.9346
    endloop
  endfacet
  facet normal -0.0357286 0.453645 0.890466
    outer loop
      vertex 0 10.508 27.5927
      vertex -0.392337 10.4771 27.5927
      vertex 0 9.83688 27.9346
    endloop
  endfacet
  facet normal -0.035696 0.453661 0.890459
    outer loop
      vertex -0.392337 10.4771 27.5927
      vertex -0.287351 9.81427 27.9346
      vertex 0 9.83688 27.9346
    endloop
  endfacet
  facet normal -0.106263 0.442484 0.890458
    outer loop
      vertex -0.392337 10.4771 27.5927
      vertex -0.775012 10.3852 27.5927
      vertex -0.287351 9.81427 27.9346
    endloop
  endfacet
  facet normal -0.106238 0.442502 0.890452
    outer loop
      vertex -0.775012 10.3852 27.5927
      vertex -0.567627 9.74698 27.9346
      vertex -0.287351 9.81427 27.9346
    endloop
  endfacet
  facet normal -0.174147 0.420436 0.890453
    outer loop
      vertex -0.775012 10.3852 27.5927
      vertex -1.1386 10.2346 27.5927
      vertex -0.567627 9.74698 27.9346
    endloop
  endfacet
  facet normal -0.174155 0.420427 0.890455
    outer loop
      vertex -1.1386 10.2346 27.5927
      vertex -0.833926 9.63667 27.9346
      vertex -0.567627 9.74698 27.9346
    endloop
  endfacet
  facet normal -0.237746 0.388026 0.890457
    outer loop
      vertex -1.1386 10.2346 27.5927
      vertex -1.47416 10.029 27.5927
      vertex -0.833926 9.63667 27.9346
    endloop
  endfacet
  facet normal -0.237762 0.388004 0.890462
    outer loop
      vertex -1.47416 10.029 27.5927
      vertex -1.07969 9.48607 27.9346
      vertex -0.833926 9.63667 27.9346
    endloop
  endfacet
  facet normal -0.295527 0.346035 0.890463
    outer loop
      vertex -1.47416 10.029 27.5927
      vertex -1.77342 9.77342 27.5927
      vertex -1.07969 9.48607 27.9346
    endloop
  endfacet
  facet normal -0.295534 0.346021 0.890466
    outer loop
      vertex -1.77342 9.77342 27.5927
      vertex -1.29887 9.29887 27.9346
      vertex -1.07969 9.48607 27.9346
    endloop
  endfacet
  facet normal -0.346025 0.295531 0.890465
    outer loop
      vertex -1.77342 9.77342 27.5927
      vertex -2.02901 9.47416 27.5927
      vertex -1.29887 9.29887 27.9346
    endloop
  endfacet
  facet normal -0.346023 0.295536 0.890464
    outer loop
      vertex -2.02901 9.47416 27.5927
      vertex -1.48607 9.07969 27.9346
      vertex -1.29887 9.29887 27.9346
    endloop
  endfacet
  facet normal -0.387994 0.237768 0.890465
    outer loop
      vertex -2.02901 9.47416 27.5927
      vertex -2.23464 9.13861 27.5927
      vertex -1.48607 9.07969 27.9346
    endloop
  endfacet
  facet normal -0.387995 0.237761 0.890466
    outer loop
      vertex -2.23464 9.13861 27.5927
      vertex -1.63667 8.83393 27.9346
      vertex -1.48607 9.07969 27.9346
    endloop
  endfacet
  facet normal -0.420415 0.174132 0.890466
    outer loop
      vertex -2.23464 9.13861 27.5927
      vertex -2.38524 8.77501 27.5927
      vertex -1.63667 8.83393 27.9346
    endloop
  endfacet
  facet normal -0.420415 0.174149 0.890462
    outer loop
      vertex -2.38524 8.77501 27.5927
      vertex -1.74698 8.56763 27.9346
      vertex -1.63667 8.83393 27.9346
    endloop
  endfacet
  facet normal -0.44248 0.10624 0.890463
    outer loop
      vertex -2.38524 8.77501 27.5927
      vertex -2.47712 8.39234 27.5927
      vertex -1.74698 8.56763 27.9346
    endloop
  endfacet
  facet normal -0.442478 0.106231 0.890465
    outer loop
      vertex -2.47712 8.39234 27.5927
      vertex -1.81427 8.28735 27.9346
      vertex -1.74698 8.56763 27.9346
    endloop
  endfacet
  facet normal -0.453651 0.035694 0.890465
    outer loop
      vertex -2.47712 8.39234 27.5927
      vertex -2.50799 8 27.5927
      vertex -1.81427 8.28735 27.9346
    endloop
  endfacet
  facet normal -0.453651 0.0356953 0.890464
    outer loop
      vertex -2.50799 8 27.5927
      vertex -1.83688 8 27.9346
      vertex -1.81427 8.28735 27.9346
    endloop
  endfacet
  facet normal -0.453651 -0.0356941 0.890464
    outer loop
      vertex -2.50799 8 27.5927
      vertex -2.47712 7.60766 27.5927
      vertex -1.83688 8 27.9346
    endloop
  endfacet
  facet normal -0.45365 -0.0356953 0.890465
    outer loop
      vertex -2.47712 7.60766 27.5927
      vertex -1.81427 7.71265 27.9346
      vertex -1.83688 8 27.9346
    endloop
  endfacet
  facet normal -0.442477 -0.10624 0.890465
    outer loop
      vertex -2.47712 7.60766 27.5927
      vertex -2.38524 7.22499 27.5927
      vertex -1.81427 7.71265 27.9346
    endloop
  endfacet
  facet normal -0.442483 -0.106232 0.890463
    outer loop
      vertex -2.38524 7.22499 27.5927
      vertex -1.74698 7.43237 27.9346
      vertex -1.81427 7.71265 27.9346
    endloop
  endfacet
  facet normal -0.42042 -0.174134 0.890463
    outer loop
      vertex -2.38524 7.22499 27.5927
      vertex -2.23464 6.86139 27.5927
      vertex -1.74698 7.43237 27.9346
    endloop
  endfacet
  facet normal -0.420408 -0.174147 0.890466
    outer loop
      vertex -2.23464 6.86139 27.5927
      vertex -1.63667 7.16607 27.9346
      vertex -1.74698 7.43237 27.9346
    endloop
  endfacet
  facet normal -0.387992 -0.237767 0.890466
    outer loop
      vertex -2.23464 6.86139 27.5927
      vertex -2.02901 6.52584 27.5927
      vertex -1.63667 7.16607 27.9346
    endloop
  endfacet
  facet normal -0.387998 -0.237762 0.890464
    outer loop
      vertex -2.02901 6.52584 27.5927
      vertex -1.48607 6.92031 27.9346
      vertex -1.63667 7.16607 27.9346
    endloop
  endfacet
  facet normal -0.346026 -0.295532 0.890464
    outer loop
      vertex -2.02901 6.52584 27.5927
      vertex -1.77342 6.22658 27.5927
      vertex -1.48607 6.92031 27.9346
    endloop
  endfacet
  facet normal -0.346021 -0.295534 0.890466
    outer loop
      vertex -1.77342 6.22658 27.5927
      vertex -1.29887 6.70113 27.9346
      vertex -1.48607 6.92031 27.9346
    endloop
  endfacet
  facet normal -0.295531 -0.346025 0.890465
    outer loop
      vertex -1.77342 6.22658 27.5927
      vertex -1.47416 5.97099 27.5927
      vertex -1.29887 6.70113 27.9346
    endloop
  endfacet
  facet normal -0.295536 -0.346023 0.890464
    outer loop
      vertex -1.47416 5.97099 27.5927
      vertex -1.07969 6.51393 27.9346
      vertex -1.29887 6.70113 27.9346
    endloop
  endfacet
  facet normal -0.237763 -0.387997 0.890464
    outer loop
      vertex -1.47416 5.97099 27.5927
      vertex -1.1386 5.76536 27.5927
      vertex -1.07969 6.51393 27.9346
    endloop
  endfacet
  facet normal -0.237759 -0.387998 0.890465
    outer loop
      vertex -1.1386 5.76536 27.5927
      vertex -0.833926 6.36333 27.9346
      vertex -1.07969 6.51393 27.9346
    endloop
  endfacet
  facet normal -0.174138 -0.420414 0.890465
    outer loop
      vertex -1.1386 5.76536 27.5927
      vertex -0.775012 5.61476 27.5927
      vertex -0.833926 6.36333 27.9346
    endloop
  endfacet
  facet normal -0.17415 -0.420414 0.890463
    outer loop
      vertex -0.775012 5.61476 27.5927
      vertex -0.567627 6.25302 27.9346
      vertex -0.833926 6.36333 27.9346
    endloop
  endfacet
  facet normal -0.106239 -0.44248 0.890463
    outer loop
      vertex -0.775012 5.61476 27.5927
      vertex -0.392337 5.52288 27.5927
      vertex -0.567627 6.25302 27.9346
    endloop
  endfacet
  facet normal -0.106232 -0.442479 0.890465
    outer loop
      vertex -0.392337 5.52288 27.5927
      vertex -0.287351 6.18573 27.9346
      vertex -0.567627 6.25302 27.9346
    endloop
  endfacet
  facet normal -0.0356943 -0.453651 0.890464
    outer loop
      vertex -0.392337 5.52288 27.5927
      vertex 0 5.49201 27.5927
      vertex -0.287351 6.18573 27.9346
    endloop
  endfacet
  facet normal -0.0356952 -0.453651 0.890464
    outer loop
      vertex 0 5.49201 27.5927
      vertex 0 6.16312 27.9346
      vertex -0.287351 6.18573 27.9346
    endloop
  endfacet
  facet normal 0.0356943 -0.453651 0.890464
    outer loop
      vertex 0 5.49201 27.5927
      vertex 0.392337 5.52288 27.5927
      vertex 0 6.16312 27.9346
    endloop
  endfacet
  facet normal 0.0356952 -0.453651 0.890464
    outer loop
      vertex 0.392337 5.52288 27.5927
      vertex 0.287351 6.18573 27.9346
      vertex 0 6.16312 27.9346
    endloop
  endfacet
  facet normal 0.106239 -0.442478 0.890464
    outer loop
      vertex 0.392337 5.52288 27.5927
      vertex 0.775012 5.61476 27.5927
      vertex 0.287351 6.18573 27.9346
    endloop
  endfacet
  facet normal 0.106233 -0.442481 0.890463
    outer loop
      vertex 0.775012 5.61476 27.5927
      vertex 0.567627 6.25302 27.9346
      vertex 0.287351 6.18573 27.9346
    endloop
  endfacet
  facet normal 0.174139 -0.420417 0.890463
    outer loop
      vertex 0.775012 5.61476 27.5927
      vertex 1.1386 5.76536 27.5927
      vertex 0.567627 6.25302 27.9346
    endloop
  endfacet
  facet normal 0.174148 -0.420409 0.890466
    outer loop
      vertex 1.1386 5.76536 27.5927
      vertex 0.833926 6.36333 27.9346
      vertex 0.567627 6.25302 27.9346
    endloop
  endfacet
  facet normal 0.237763 -0.387996 0.890465
    outer loop
      vertex 1.1386 5.76536 27.5927
      vertex 1.47416 5.97099 27.5927
      vertex 0.833926 6.36333 27.9346
    endloop
  endfacet
  facet normal 0.23776 -0.388 0.890464
    outer loop
      vertex 1.47416 5.97099 27.5927
      vertex 1.07969 6.51393 27.9346
      vertex 0.833926 6.36333 27.9346
    endloop
  endfacet
  facet normal 0.295532 -0.346026 0.890464
    outer loop
      vertex 1.47416 5.97099 27.5927
      vertex 1.77342 6.22658 27.5927
      vertex 1.07969 6.51393 27.9346
    endloop
  endfacet
  facet normal 0.295534 -0.346021 0.890466
    outer loop
      vertex 1.77342 6.22658 27.5927
      vertex 1.29887 6.70113 27.9346
      vertex 1.07969 6.51393 27.9346
    endloop
  endfacet
  facet normal 0.346025 -0.295531 0.890465
    outer loop
      vertex 1.77342 6.22658 27.5927
      vertex 2.02901 6.52584 27.5927
      vertex 1.29887 6.70113 27.9346
    endloop
  endfacet
  facet normal 0.346023 -0.295536 0.890464
    outer loop
      vertex 2.02901 6.52584 27.5927
      vertex 1.48607 6.92031 27.9346
      vertex 1.29887 6.70113 27.9346
    endloop
  endfacet
  facet normal 0.387994 -0.237768 0.890465
    outer loop
      vertex 2.02901 6.52584 27.5927
      vertex 2.23464 6.86139 27.5927
      vertex 1.48607 6.92031 27.9346
    endloop
  endfacet
  facet normal 0.387995 -0.237761 0.890466
    outer loop
      vertex 2.23464 6.86139 27.5927
      vertex 1.63667 7.16607 27.9346
      vertex 1.48607 6.92031 27.9346
    endloop
  endfacet
  facet normal 0.420415 -0.174132 0.890466
    outer loop
      vertex 2.23464 6.86139 27.5927
      vertex 2.38524 7.22499 27.5927
      vertex 1.63667 7.16607 27.9346
    endloop
  endfacet
  facet normal 0.420415 -0.174149 0.890462
    outer loop
      vertex 2.38524 7.22499 27.5927
      vertex 1.74698 7.43237 27.9346
      vertex 1.63667 7.16607 27.9346
    endloop
  endfacet
  facet normal 0.44248 -0.10624 0.890463
    outer loop
      vertex 2.38524 7.22499 27.5927
      vertex 2.47712 7.60766 27.5927
      vertex 1.74698 7.43237 27.9346
    endloop
  endfacet
  facet normal 0.442478 -0.106231 0.890465
    outer loop
      vertex 2.47712 7.60766 27.5927
      vertex 1.81427 7.71265 27.9346
      vertex 1.74698 7.43237 27.9346
    endloop
  endfacet
  facet normal 0.453651 -0.035694 0.890465
    outer loop
      vertex 2.47712 7.60766 27.5927
      vertex 2.50799 8 27.5927
      vertex 1.81427 7.71265 27.9346
    endloop
  endfacet
  facet normal 0.453651 -0.0356953 0.890464
    outer loop
      vertex 2.50799 8 27.5927
      vertex 1.83688 8 27.9346
      vertex 1.81427 7.71265 27.9346
    endloop
  endfacet
  facet normal 0.587221 0.0462157 0.808106
    outer loop
      vertex 3.11735 8 27.1499
      vertex 3.07897 8.48766 27.1499
      vertex 2.50799 8 27.5927
    endloop
  endfacet
  facet normal 0.587228 0.0462041 0.808102
    outer loop
      vertex 3.07897 8.48766 27.1499
      vertex 2.47712 8.39234 27.5927
      vertex 2.50799 8 27.5927
    endloop
  endfacet
  facet normal 0.572768 0.137505 0.808102
    outer loop
      vertex 3.07897 8.48766 27.1499
      vertex 2.96478 8.96331 27.1499
      vertex 2.47712 8.39234 27.5927
    endloop
  endfacet
  facet normal 0.572756 0.13752 0.808108
    outer loop
      vertex 2.96478 8.96331 27.1499
      vertex 2.38524 8.77501 27.5927
      vertex 2.47712 8.39234 27.5927
    endloop
  endfacet
  facet normal 0.544198 0.225414 0.808107
    outer loop
      vertex 2.96478 8.96331 27.1499
      vertex 2.77758 9.41525 27.1499
      vertex 2.38524 8.77501 27.5927
    endloop
  endfacet
  facet normal 0.544207 0.225406 0.808103
    outer loop
      vertex 2.77758 9.41525 27.1499
      vertex 2.23464 9.13861 27.5927
      vertex 2.38524 8.77501 27.5927
    endloop
  endfacet
  facet normal 0.502238 0.307776 0.808103
    outer loop
      vertex 2.77758 9.41525 27.1499
      vertex 2.52199 9.83233 27.1499
      vertex 2.23464 9.13861 27.5927
    endloop
  endfacet
  facet normal 0.502235 0.307777 0.808104
    outer loop
      vertex 2.52199 9.83233 27.1499
      vertex 2.02901 9.47416 27.5927
      vertex 2.23464 9.13861 27.5927
    endloop
  endfacet
  facet normal 0.447911 0.382549 0.808104
    outer loop
      vertex 2.52199 9.83233 27.1499
      vertex 2.2043 10.2043 27.1499
      vertex 2.02901 9.47416 27.5927
    endloop
  endfacet
  facet normal 0.447911 0.382549 0.808104
    outer loop
      vertex 2.2043 10.2043 27.1499
      vertex 1.77342 9.77342 27.5927
      vertex 2.02901 9.47416 27.5927
    endloop
  endfacet
  facet normal 0.382556 0.447904 0.808104
    outer loop
      vertex 2.2043 10.2043 27.1499
      vertex 1.83233 10.522 27.1499
      vertex 1.77342 9.77342 27.5927
    endloop
  endfacet
  facet normal 0.382533 0.44791 0.808112
    outer loop
      vertex 1.83233 10.522 27.1499
      vertex 1.47416 10.029 27.5927
      vertex 1.77342 9.77342 27.5927
    endloop
  endfacet
  facet normal 0.307778 0.502222 0.808113
    outer loop
      vertex 1.83233 10.522 27.1499
      vertex 1.41525 10.7776 27.1499
      vertex 1.47416 10.029 27.5927
    endloop
  endfacet
  facet normal 0.307719 0.502228 0.808131
    outer loop
      vertex 1.41525 10.7776 27.1499
      vertex 1.1386 10.2346 27.5927
      vertex 1.47416 10.029 27.5927
    endloop
  endfacet
  facet normal 0.225404 0.544167 0.808131
    outer loop
      vertex 1.41525 10.7776 27.1499
      vertex 0.963314 10.9648 27.1499
      vertex 1.1386 10.2346 27.5927
    endloop
  endfacet
  facet normal 0.225396 0.544166 0.808133
    outer loop
      vertex 0.963314 10.9648 27.1499
      vertex 0.775012 10.3852 27.5927
      vertex 1.1386 10.2346 27.5927
    endloop
  endfacet
  facet normal 0.137505 0.572722 0.808135
    outer loop
      vertex 0.963314 10.9648 27.1499
      vertex 0.487661 11.079 27.1499
      vertex 0.775012 10.3852 27.5927
    endloop
  endfacet
  facet normal 0.137542 0.57273 0.808123
    outer loop
      vertex 0.487661 11.079 27.1499
      vertex 0.392337 10.4771 27.5927
      vertex 0.775012 10.3852 27.5927
    endloop
  endfacet
  facet normal 0.0462374 0.587192 0.808126
    outer loop
      vertex 0.487661 11.079 27.1499
      vertex 0 11.1174 27.1499
      vertex 0.392337 10.4771 27.5927
    endloop
  endfacet
  facet normal 0.0462468 0.587195 0.808123
    outer loop
      vertex 0 11.1174 27.1499
      vertex 0 10.508 27.5927
      vertex 0.392337 10.4771 27.5927
    endloop
  endfacet
  facet normal -0.0462377 0.587196 0.808123
    outer loop
      vertex 0 11.1174 27.1499
      vertex -0.487661 11.079 27.1499
      vertex 0 10.508 27.5927
    endloop
  endfacet
  facet normal -0.0462464 0.587191 0.808127
    outer loop
      vertex -0.487661 11.079 27.1499
      vertex -0.392337 10.4771 27.5927
      vertex 0 10.508 27.5927
    endloop
  endfacet
  facet normal -0.137509 0.572736 0.808124
    outer loop
      vertex -0.487661 11.079 27.1499
      vertex -0.963314 10.9648 27.1499
      vertex -0.392337 10.4771 27.5927
    endloop
  endfacet
  facet normal -0.137538 0.572712 0.808136
    outer loop
      vertex -0.963314 10.9648 27.1499
      vertex -0.775012 10.3852 27.5927
      vertex -0.392337 10.4771 27.5927
    endloop
  endfacet
  facet normal -0.225403 0.544164 0.808133
    outer loop
      vertex -0.963314 10.9648 27.1499
      vertex -1.41525 10.7776 27.1499
      vertex -0.775012 10.3852 27.5927
    endloop
  endfacet
  facet normal -0.225398 0.544169 0.808131
    outer loop
      vertex -1.41525 10.7776 27.1499
      vertex -1.1386 10.2346 27.5927
      vertex -0.775012 10.3852 27.5927
    endloop
  endfacet
  facet normal -0.307766 0.502203 0.808129
    outer loop
      vertex -1.41525 10.7776 27.1499
      vertex -1.83233 10.522 27.1499
      vertex -1.1386 10.2346 27.5927
    endloop
  endfacet
  facet normal -0.307734 0.502252 0.808111
    outer loop
      vertex -1.83233 10.522 27.1499
      vertex -1.47416 10.029 27.5927
      vertex -1.1386 10.2346 27.5927
    endloop
  endfacet
  facet normal -0.38255 0.447898 0.808111
    outer loop
      vertex -1.83233 10.522 27.1499
      vertex -2.2043 10.2043 27.1499
      vertex -1.47416 10.029 27.5927
    endloop
  endfacet
  facet normal -0.382541 0.447919 0.808104
    outer loop
      vertex -2.2043 10.2043 27.1499
      vertex -1.77342 9.77342 27.5927
      vertex -1.47416 10.029 27.5927
    endloop
  endfacet
  facet normal -0.447911 0.382549 0.808104
    outer loop
      vertex -2.2043 10.2043 27.1499
      vertex -2.52199 9.83233 27.1499
      vertex -1.77342 9.77342 27.5927
    endloop
  endfacet
  facet normal -0.447911 0.382549 0.808104
    outer loop
      vertex -2.52199 9.83233 27.1499
      vertex -2.02901 9.47416 27.5927
      vertex -1.77342 9.77342 27.5927
    endloop
  endfacet
  facet normal -0.502237 0.307775 0.808104
    outer loop
      vertex -2.52199 9.83233 27.1499
      vertex -2.77758 9.41525 27.1499
      vertex -2.02901 9.47416 27.5927
    endloop
  endfacet
  facet normal -0.502237 0.307778 0.808103
    outer loop
      vertex -2.77758 9.41525 27.1499
      vertex -2.23464 9.13861 27.5927
      vertex -2.02901 9.47416 27.5927
    endloop
  endfacet
  facet normal -0.544202 0.225416 0.808104
    outer loop
      vertex -2.77758 9.41525 27.1499
      vertex -2.96478 8.96331 27.1499
      vertex -2.23464 9.13861 27.5927
    endloop
  endfacet
  facet normal -0.544202 0.225404 0.808108
    outer loop
      vertex -2.96478 8.96331 27.1499
      vertex -2.38524 8.77501 27.5927
      vertex -2.23464 9.13861 27.5927
    endloop
  endfacet
  facet normal -0.572761 0.137504 0.808107
    outer loop
      vertex -2.96478 8.96331 27.1499
      vertex -3.07897 8.48766 27.1499
      vertex -2.38524 8.77501 27.5927
    endloop
  endfacet
  facet normal -0.572765 0.137522 0.808101
    outer loop
      vertex -3.07897 8.48766 27.1499
      vertex -2.47712 8.39234 27.5927
      vertex -2.38524 8.77501 27.5927
    endloop
  endfacet
  facet normal -0.587227 0.0462161 0.808102
    outer loop
      vertex -3.07897 8.48766 27.1499
      vertex -3.11735 8 27.1499
      vertex -2.47712 8.39234 27.5927
    endloop
  endfacet
  facet normal -0.587222 0.0462036 0.808106
    outer loop
      vertex -3.11735 8 27.1499
      vertex -2.50799 8 27.5927
      vertex -2.47712 8.39234 27.5927
    endloop
  endfacet
  facet normal -0.587221 -0.0462157 0.808106
    outer loop
      vertex -3.11735 8 27.1499
      vertex -3.07897 7.51234 27.1499
      vertex -2.50799 8 27.5927
    endloop
  endfacet
  facet normal -0.587228 -0.0462041 0.808102
    outer loop
      vertex -3.07897 7.51234 27.1499
      vertex -2.47712 7.60766 27.5927
      vertex -2.50799 8 27.5927
    endloop
  endfacet
  facet normal -0.572768 -0.137505 0.808102
    outer loop
      vertex -3.07897 7.51234 27.1499
      vertex -2.96478 7.03669 27.1499
      vertex -2.47712 7.60766 27.5927
    endloop
  endfacet
  facet normal -0.572756 -0.13752 0.808108
    outer loop
      vertex -2.96478 7.03669 27.1499
      vertex -2.38524 7.22499 27.5927
      vertex -2.47712 7.60766 27.5927
    endloop
  endfacet
  facet normal -0.544198 -0.225414 0.808107
    outer loop
      vertex -2.96478 7.03669 27.1499
      vertex -2.77758 6.58475 27.1499
      vertex -2.38524 7.22499 27.5927
    endloop
  endfacet
  facet normal -0.544207 -0.225406 0.808103
    outer loop
      vertex -2.77758 6.58475 27.1499
      vertex -2.23464 6.86139 27.5927
      vertex -2.38524 7.22499 27.5927
    endloop
  endfacet
  facet normal -0.502238 -0.307776 0.808103
    outer loop
      vertex -2.77758 6.58475 27.1499
      vertex -2.52199 6.16767 27.1499
      vertex -2.23464 6.86139 27.5927
    endloop
  endfacet
  facet normal -0.502235 -0.307777 0.808104
    outer loop
      vertex -2.52199 6.16767 27.1499
      vertex -2.02901 6.52584 27.5927
      vertex -2.23464 6.86139 27.5927
    endloop
  endfacet
  facet normal -0.447911 -0.382549 0.808104
    outer loop
      vertex -2.52199 6.16767 27.1499
      vertex -2.2043 5.7957 27.1499
      vertex -2.02901 6.52584 27.5927
    endloop
  endfacet
  facet normal -0.447911 -0.382549 0.808104
    outer loop
      vertex -2.2043 5.7957 27.1499
      vertex -1.77342 6.22658 27.5927
      vertex -2.02901 6.52584 27.5927
    endloop
  endfacet
  facet normal -0.382549 -0.447911 0.808104
    outer loop
      vertex -2.2043 5.7957 27.1499
      vertex -1.83233 5.47801 27.1499
      vertex -1.77342 6.22658 27.5927
    endloop
  endfacet
  facet normal -0.382549 -0.447911 0.808104
    outer loop
      vertex -1.83233 5.47801 27.1499
      vertex -1.47416 5.97099 27.5927
      vertex -1.77342 6.22658 27.5927
    endloop
  endfacet
  facet normal -0.307775 -0.502237 0.808104
    outer loop
      vertex -1.83233 5.47801 27.1499
      vertex -1.41525 5.22242 27.1499
      vertex -1.47416 5.97099 27.5927
    endloop
  endfacet
  facet normal -0.307769 -0.502238 0.808106
    outer loop
      vertex -1.41525 5.22242 27.1499
      vertex -1.1386 5.76536 27.5927
      vertex -1.47416 5.97099 27.5927
    endloop
  endfacet
  facet normal -0.225417 -0.544199 0.808105
    outer loop
      vertex -1.41525 5.22242 27.1499
      vertex -0.963314 5.03522 27.1499
      vertex -1.1386 5.76536 27.5927
    endloop
  endfacet
  facet normal -0.22541 -0.544199 0.808108
    outer loop
      vertex -0.963314 5.03522 27.1499
      vertex -0.775012 5.61476 27.5927
      vertex -1.1386 5.76536 27.5927
    endloop
  endfacet
  facet normal -0.137503 -0.572761 0.808108
    outer loop
      vertex -0.963314 5.03522 27.1499
      vertex -0.487661 4.92103 27.1499
      vertex -0.775012 5.61476 27.5927
    endloop
  endfacet
  facet normal -0.13752 -0.572765 0.808102
    outer loop
      vertex -0.487661 4.92103 27.1499
      vertex -0.392337 5.52288 27.5927
      vertex -0.775012 5.61476 27.5927
    endloop
  endfacet
  facet normal -0.046216 -0.587226 0.808102
    outer loop
      vertex -0.487661 4.92103 27.1499
      vertex 0 4.88265 27.1499
      vertex -0.392337 5.52288 27.5927
    endloop
  endfacet
  facet normal -0.046204 -0.587222 0.808106
    outer loop
      vertex 0 4.88265 27.1499
      vertex 0 5.49201 27.5927
      vertex -0.392337 5.52288 27.5927
    endloop
  endfacet
  facet normal 0.0462156 -0.587221 0.808106
    outer loop
      vertex 0 4.88265 27.1499
      vertex 0.487661 4.92103 27.1499
      vertex 0 5.49201 27.5927
    endloop
  endfacet
  facet normal 0.0462045 -0.587228 0.808102
    outer loop
      vertex 0.487661 4.92103 27.1499
      vertex 0.392337 5.52288 27.5927
      vertex 0 5.49201 27.5927
    endloop
  endfacet
  facet normal 0.137504 -0.572768 0.808102
    outer loop
      vertex 0.487661 4.92103 27.1499
      vertex 0.963314 5.03522 27.1499
      vertex 0.392337 5.52288 27.5927
    endloop
  endfacet
  facet normal 0.137518 -0.572756 0.808108
    outer loop
      vertex 0.963314 5.03522 27.1499
      vertex 0.775012 5.61476 27.5927
      vertex 0.392337 5.52288 27.5927
    endloop
  endfacet
  facet normal 0.225416 -0.544197 0.808107
    outer loop
      vertex 0.963314 5.03522 27.1499
      vertex 1.41525 5.22242 27.1499
      vertex 0.775012 5.61476 27.5927
    endloop
  endfacet
  facet normal 0.225411 -0.544202 0.808105
    outer loop
      vertex 1.41525 5.22242 27.1499
      vertex 1.1386 5.76536 27.5927
      vertex 0.775012 5.61476 27.5927
    endloop
  endfacet
  facet normal 0.307774 -0.502235 0.808106
    outer loop
      vertex 1.41525 5.22242 27.1499
      vertex 1.83233 5.47801 27.1499
      vertex 1.1386 5.76536 27.5927
    endloop
  endfacet
  facet normal 0.307771 -0.50224 0.808104
    outer loop
      vertex 1.83233 5.47801 27.1499
      vertex 1.47416 5.97099 27.5927
      vertex 1.1386 5.76536 27.5927
    endloop
  endfacet
  facet normal 0.382549 -0.447911 0.808104
    outer loop
      vertex 1.83233 5.47801 27.1499
      vertex 2.2043 5.7957 27.1499
      vertex 1.47416 5.97099 27.5927
    endloop
  endfacet
  facet normal 0.382549 -0.447911 0.808104
    outer loop
      vertex 2.2043 5.7957 27.1499
      vertex 1.77342 6.22658 27.5927
      vertex 1.47416 5.97099 27.5927
    endloop
  endfacet
  facet normal 0.447911 -0.382549 0.808104
    outer loop
      vertex 2.2043 5.7957 27.1499
      vertex 2.52199 6.16767 27.1499
      vertex 1.77342 6.22658 27.5927
    endloop
  endfacet
  facet normal 0.447911 -0.382549 0.808104
    outer loop
      vertex 2.52199 6.16767 27.1499
      vertex 2.02901 6.52584 27.5927
      vertex 1.77342 6.22658 27.5927
    endloop
  endfacet
  facet normal 0.502237 -0.307775 0.808104
    outer loop
      vertex 2.52199 6.16767 27.1499
      vertex 2.77758 6.58475 27.1499
      vertex 2.02901 6.52584 27.5927
    endloop
  endfacet
  facet normal 0.502237 -0.307778 0.808103
    outer loop
      vertex 2.77758 6.58475 27.1499
      vertex 2.23464 6.86139 27.5927
      vertex 2.02901 6.52584 27.5927
    endloop
  endfacet
  facet normal 0.544202 -0.225416 0.808104
    outer loop
      vertex 2.77758 6.58475 27.1499
      vertex 2.96478 7.03669 27.1499
      vertex 2.23464 6.86139 27.5927
    endloop
  endfacet
  facet normal 0.544202 -0.225404 0.808108
    outer loop
      vertex 2.96478 7.03669 27.1499
      vertex 2.38524 7.22499 27.5927
      vertex 2.23464 6.86139 27.5927
    endloop
  endfacet
  facet normal 0.572761 -0.137504 0.808107
    outer loop
      vertex 2.96478 7.03669 27.1499
      vertex 3.07897 7.51234 27.1499
      vertex 2.38524 7.22499 27.5927
    endloop
  endfacet
  facet normal 0.572765 -0.137522 0.808101
    outer loop
      vertex 3.07897 7.51234 27.1499
      vertex 2.47712 7.60766 27.5927
      vertex 2.38524 7.22499 27.5927
    endloop
  endfacet
  facet normal 0.587227 -0.0462161 0.808102
    outer loop
      vertex 3.07897 7.51234 27.1499
      vertex 3.11735 8 27.1499
      vertex 2.47712 7.60766 27.5927
    endloop
  endfacet
  facet normal 0.587222 -0.0462036 0.808106
    outer loop
      vertex 3.11735 8 27.1499
      vertex 2.50799 8 27.5927
      vertex 2.47712 7.60766 27.5927
    endloop
  endfacet
  facet normal 0.705948 0.0555629 0.706081
    outer loop
      vertex 3.64995 8 26.6174
      vertex 3.60501 8.57098 26.6174
      vertex 3.11735 8 27.1499
    endloop
  endfacet
  facet normal 0.70595 0.0555599 0.706079
    outer loop
      vertex 3.60501 8.57098 26.6174
      vertex 3.07897 8.48766 27.1499
      vertex 3.11735 8 27.1499
    endloop
  endfacet
  facet normal 0.688568 0.165305 0.70608
    outer loop
      vertex 3.60501 8.57098 26.6174
      vertex 3.47131 9.1279 26.6174
      vertex 3.07897 8.48766 27.1499
    endloop
  endfacet
  facet normal 0.688567 0.165305 0.70608
    outer loop
      vertex 3.47131 9.1279 26.6174
      vertex 2.96478 8.96331 27.1499
      vertex 3.07897 8.48766 27.1499
    endloop
  endfacet
  facet normal 0.654226 0.270993 0.706081
    outer loop
      vertex 3.47131 9.1279 26.6174
      vertex 3.25213 9.65704 26.6174
      vertex 2.96478 8.96331 27.1499
    endloop
  endfacet
  facet normal 0.654229 0.270991 0.706079
    outer loop
      vertex 3.25213 9.65704 26.6174
      vertex 2.77758 9.41525 27.1499
      vertex 2.96478 8.96331 27.1499
    endloop
  endfacet
  facet normal 0.603787 0.369992 0.706079
    outer loop
      vertex 3.25213 9.65704 26.6174
      vertex 2.95287 10.1454 26.6174
      vertex 2.77758 9.41525 27.1499
    endloop
  endfacet
  facet normal 0.603776 0.369999 0.706085
    outer loop
      vertex 2.95287 10.1454 26.6174
      vertex 2.52199 9.83233 27.1499
      vertex 2.77758 9.41525 27.1499
    endloop
  endfacet
  facet normal 0.538453 0.459904 0.706086
    outer loop
      vertex 2.95287 10.1454 26.6174
      vertex 2.5809 10.5809 26.6174
      vertex 2.52199 9.83233 27.1499
    endloop
  endfacet
  facet normal 0.538473 0.459896 0.706076
    outer loop
      vertex 2.5809 10.5809 26.6174
      vertex 2.2043 10.2043 27.1499
      vertex 2.52199 9.83233 27.1499
    endloop
  endfacet
  facet normal 0.459925 0.538446 0.706078
    outer loop
      vertex 2.5809 10.5809 26.6174
      vertex 2.14539 10.9529 26.6174
      vertex 2.2043 10.2043 27.1499
    endloop
  endfacet
  facet normal 0.459894 0.538453 0.706092
    outer loop
      vertex 2.14539 10.9529 26.6174
      vertex 1.83233 10.522 27.1499
      vertex 2.2043 10.2043 27.1499
    endloop
  endfacet
  facet normal 0.369938 0.603807 0.70609
    outer loop
      vertex 2.14539 10.9529 26.6174
      vertex 1.65704 11.2521 26.6174
      vertex 1.83233 10.522 27.1499
    endloop
  endfacet
  facet normal 0.370027 0.603799 0.70605
    outer loop
      vertex 1.65704 11.2521 26.6174
      vertex 1.41525 10.7776 27.1499
      vertex 1.83233 10.522 27.1499
    endloop
  endfacet
  facet normal 0.271026 0.654247 0.70605
    outer loop
      vertex 1.65704 11.2521 26.6174
      vertex 1.1279 11.4713 26.6174
      vertex 1.41525 10.7776 27.1499
    endloop
  endfacet
  facet normal 0.271 0.654245 0.706062
    outer loop
      vertex 1.1279 11.4713 26.6174
      vertex 0.963314 10.9648 27.1499
      vertex 1.41525 10.7776 27.1499
    endloop
  endfacet
  facet normal 0.165309 0.688587 0.70606
    outer loop
      vertex 1.1279 11.4713 26.6174
      vertex 0.570978 11.605 26.6174
      vertex 0.963314 10.9648 27.1499
    endloop
  endfacet
  facet normal 0.165324 0.688591 0.706053
    outer loop
      vertex 0.570978 11.605 26.6174
      vertex 0.487661 11.079 27.1499
      vertex 0.963314 10.9648 27.1499
    endloop
  endfacet
  facet normal 0.0555163 0.705982 0.706051
    outer loop
      vertex 0.570978 11.605 26.6174
      vertex 0 11.6499 26.6174
      vertex 0.487661 11.079 27.1499
    endloop
  endfacet
  facet normal 0.0555938 0.706013 0.706013
    outer loop
      vertex 0 11.6499 26.6174
      vertex 0 11.1174 27.1499
      vertex 0.487661 11.079 27.1499
    endloop
  endfacet
  facet normal -0.055519 0.706016 0.706016
    outer loop
      vertex 0 11.6499 26.6174
      vertex -0.570978 11.605 26.6174
      vertex 0 11.1174 27.1499
    endloop
  endfacet
  facet normal -0.0555906 0.705973 0.706054
    outer loop
      vertex -0.570978 11.605 26.6174
      vertex -0.487661 11.079 27.1499
      vertex 0 11.1174 27.1499
    endloop
  endfacet
  facet normal -0.16531 0.688594 0.706053
    outer loop
      vertex -0.570978 11.605 26.6174
      vertex -1.1279 11.4713 26.6174
      vertex -0.487661 11.079 27.1499
    endloop
  endfacet
  facet normal -0.165323 0.688583 0.706061
    outer loop
      vertex -1.1279 11.4713 26.6174
      vertex -0.963314 10.9648 27.1499
      vertex -0.487661 11.079 27.1499
    endloop
  endfacet
  facet normal -0.271022 0.654237 0.706061
    outer loop
      vertex -1.1279 11.4713 26.6174
      vertex -1.65704 11.2521 26.6174
      vertex -0.963314 10.9648 27.1499
    endloop
  endfacet
  facet normal -0.271005 0.654257 0.706049
    outer loop
      vertex -1.65704 11.2521 26.6174
      vertex -1.41525 10.7776 27.1499
      vertex -0.963314 10.9648 27.1499
    endloop
  endfacet
  facet normal -0.369957 0.603838 0.706053
    outer loop
      vertex -1.65704 11.2521 26.6174
      vertex -2.14539 10.9529 26.6174
      vertex -1.41525 10.7776 27.1499
    endloop
  endfacet
  facet normal -0.370005 0.603762 0.706093
    outer loop
      vertex -2.14539 10.9529 26.6174
      vertex -1.83233 10.522 27.1499
      vertex -1.41525 10.7776 27.1499
    endloop
  endfacet
  facet normal -0.459916 0.538436 0.706091
    outer loop
      vertex -2.14539 10.9529 26.6174
      vertex -2.5809 10.5809 26.6174
      vertex -1.83233 10.522 27.1499
    endloop
  endfacet
  facet normal -0.459904 0.538465 0.706076
    outer loop
      vertex -2.5809 10.5809 26.6174
      vertex -2.2043 10.2043 27.1499
      vertex -1.83233 10.522 27.1499
    endloop
  endfacet
  facet normal -0.538459 0.45991 0.706077
    outer loop
      vertex -2.5809 10.5809 26.6174
      vertex -2.95287 10.1454 26.6174
      vertex -2.2043 10.2043 27.1499
    endloop
  endfacet
  facet normal -0.538465 0.459889 0.706086
    outer loop
      vertex -2.95287 10.1454 26.6174
      vertex -2.52199 9.83233 27.1499
      vertex -2.2043 10.2043 27.1499
    endloop
  endfacet
  facet normal -0.603782 0.369989 0.706085
    outer loop
      vertex -2.95287 10.1454 26.6174
      vertex -3.25213 9.65704 26.6174
      vertex -2.52199 9.83233 27.1499
    endloop
  endfacet
  facet normal -0.603781 0.370002 0.706079
    outer loop
      vertex -3.25213 9.65704 26.6174
      vertex -2.77758 9.41525 27.1499
      vertex -2.52199 9.83233 27.1499
    endloop
  endfacet
  facet normal -0.654228 0.270994 0.70608
    outer loop
      vertex -3.25213 9.65704 26.6174
      vertex -3.47131 9.1279 26.6174
      vertex -2.77758 9.41525 27.1499
    endloop
  endfacet
  facet normal -0.654228 0.27099 0.706081
    outer loop
      vertex -3.47131 9.1279 26.6174
      vertex -2.96478 8.96331 27.1499
      vertex -2.77758 9.41525 27.1499
    endloop
  endfacet
  facet normal -0.688568 0.165305 0.70608
    outer loop
      vertex -3.47131 9.1279 26.6174
      vertex -3.60501 8.57098 26.6174
      vertex -2.96478 8.96331 27.1499
    endloop
  endfacet
  facet normal -0.688568 0.165305 0.70608
    outer loop
      vertex -3.60501 8.57098 26.6174
      vertex -3.07897 8.48766 27.1499
      vertex -2.96478 8.96331 27.1499
    endloop
  endfacet
  facet normal -0.70595 0.055563 0.706079
    outer loop
      vertex -3.60501 8.57098 26.6174
      vertex -3.64995 8 26.6174
      vertex -3.07897 8.48766 27.1499
    endloop
  endfacet
  facet normal -0.705948 0.0555598 0.706081
    outer loop
      vertex -3.64995 8 26.6174
      vertex -3.11735 8 27.1499
      vertex -3.07897 8.48766 27.1499
    endloop
  endfacet
  facet normal -0.705948 -0.0555629 0.706081
    outer loop
      vertex -3.64995 8 26.6174
      vertex -3.60501 7.42902 26.6174
      vertex -3.11735 8 27.1499
    endloop
  endfacet
  facet normal -0.70595 -0.0555599 0.706079
    outer loop
      vertex -3.60501 7.42902 26.6174
      vertex -3.07897 7.51234 27.1499
      vertex -3.11735 8 27.1499
    endloop
  endfacet
  facet normal -0.688568 -0.165305 0.70608
    outer loop
      vertex -3.60501 7.42902 26.6174
      vertex -3.47131 6.8721 26.6174
      vertex -3.07897 7.51234 27.1499
    endloop
  endfacet
  facet normal -0.688567 -0.165305 0.70608
    outer loop
      vertex -3.47131 6.8721 26.6174
      vertex -2.96478 7.03669 27.1499
      vertex -3.07897 7.51234 27.1499
    endloop
  endfacet
  facet normal -0.654226 -0.270993 0.706081
    outer loop
      vertex -3.47131 6.8721 26.6174
      vertex -3.25213 6.34296 26.6174
      vertex -2.96478 7.03669 27.1499
    endloop
  endfacet
  facet normal -0.654229 -0.270991 0.706079
    outer loop
      vertex -3.25213 6.34296 26.6174
      vertex -2.77758 6.58475 27.1499
      vertex -2.96478 7.03669 27.1499
    endloop
  endfacet
  facet normal -0.603783 -0.369997 0.706079
    outer loop
      vertex -3.25213 6.34296 26.6174
      vertex -2.95287 5.85461 26.6174
      vertex -2.77758 6.58475 27.1499
    endloop
  endfacet
  facet normal -0.603779 -0.37 0.706082
    outer loop
      vertex -2.95287 5.85461 26.6174
      vertex -2.52199 6.16767 27.1499
      vertex -2.77758 6.58475 27.1499
    endloop
  endfacet
  facet normal -0.538461 -0.459901 0.706082
    outer loop
      vertex -2.95287 5.85461 26.6174
      vertex -2.5809 5.4191 26.6174
      vertex -2.52199 6.16767 27.1499
    endloop
  endfacet
  facet normal -0.538473 -0.459896 0.706076
    outer loop
      vertex -2.5809 5.4191 26.6174
      vertex -2.2043 5.7957 27.1499
      vertex -2.52199 6.16767 27.1499
    endloop
  endfacet
  facet normal -0.459904 -0.538465 0.706076
    outer loop
      vertex -2.5809 5.4191 26.6174
      vertex -2.14539 5.04713 26.6174
      vertex -2.2043 5.7957 27.1499
    endloop
  endfacet
  facet normal -0.459892 -0.538468 0.706082
    outer loop
      vertex -2.14539 5.04713 26.6174
      vertex -1.83233 5.47801 27.1499
      vertex -2.2043 5.7957 27.1499
    endloop
  endfacet
  facet normal -0.369996 -0.603781 0.706081
    outer loop
      vertex -2.14539 5.04713 26.6174
      vertex -1.65704 4.74787 26.6174
      vertex -1.83233 5.47801 27.1499
    endloop
  endfacet
  facet normal -0.370002 -0.603781 0.706079
    outer loop
      vertex -1.65704 4.74787 26.6174
      vertex -1.41525 5.22242 27.1499
      vertex -1.83233 5.47801 27.1499
    endloop
  endfacet
  facet normal -0.270994 -0.654228 0.70608
    outer loop
      vertex -1.65704 4.74787 26.6174
      vertex -1.1279 4.52869 26.6174
      vertex -1.41525 5.22242 27.1499
    endloop
  endfacet
  facet normal -0.270993 -0.654228 0.70608
    outer loop
      vertex -1.1279 4.52869 26.6174
      vertex -0.963314 5.03522 27.1499
      vertex -1.41525 5.22242 27.1499
    endloop
  endfacet
  facet normal -0.165304 -0.688568 0.706079
    outer loop
      vertex -1.1279 4.52869 26.6174
      vertex -0.570978 4.39499 26.6174
      vertex -0.963314 5.03522 27.1499
    endloop
  endfacet
  facet normal -0.165305 -0.688568 0.706079
    outer loop
      vertex -0.570978 4.39499 26.6174
      vertex -0.487661 4.92103 27.1499
      vertex -0.963314 5.03522 27.1499
    endloop
  endfacet
  facet normal -0.0555632 -0.70595 0.706079
    outer loop
      vertex -0.570978 4.39499 26.6174
      vertex 0 4.35005 26.6174
      vertex -0.487661 4.92103 27.1499
    endloop
  endfacet
  facet normal -0.0555597 -0.705948 0.706081
    outer loop
      vertex 0 4.35005 26.6174
      vertex 0 4.88265 27.1499
      vertex -0.487661 4.92103 27.1499
    endloop
  endfacet
  facet normal 0.0555631 -0.705948 0.706081
    outer loop
      vertex 0 4.35005 26.6174
      vertex 0.570978 4.39499 26.6174
      vertex 0 4.88265 27.1499
    endloop
  endfacet
  facet normal 0.0555598 -0.70595 0.706079
    outer loop
      vertex 0.570978 4.39499 26.6174
      vertex 0.487661 4.92103 27.1499
      vertex 0 4.88265 27.1499
    endloop
  endfacet
  facet normal 0.165304 -0.688568 0.706079
    outer loop
      vertex 0.570978 4.39499 26.6174
      vertex 1.1279 4.52869 26.6174
      vertex 0.487661 4.92103 27.1499
    endloop
  endfacet
  facet normal 0.165305 -0.688568 0.706079
    outer loop
      vertex 1.1279 4.52869 26.6174
      vertex 0.963314 5.03522 27.1499
      vertex 0.487661 4.92103 27.1499
    endloop
  endfacet
  facet normal 0.270994 -0.654227 0.70608
    outer loop
      vertex 1.1279 4.52869 26.6174
      vertex 1.65704 4.74787 26.6174
      vertex 0.963314 5.03522 27.1499
    endloop
  endfacet
  facet normal 0.270993 -0.654228 0.70608
    outer loop
      vertex 1.65704 4.74787 26.6174
      vertex 1.41525 5.22242 27.1499
      vertex 0.963314 5.03522 27.1499
    endloop
  endfacet
  facet normal 0.369997 -0.603783 0.706079
    outer loop
      vertex 1.65704 4.74787 26.6174
      vertex 2.14539 5.04713 26.6174
      vertex 1.41525 5.22242 27.1499
    endloop
  endfacet
  facet normal 0.37 -0.603779 0.706082
    outer loop
      vertex 2.14539 5.04713 26.6174
      vertex 1.83233 5.47801 27.1499
      vertex 1.41525 5.22242 27.1499
    endloop
  endfacet
  facet normal 0.459901 -0.538461 0.706082
    outer loop
      vertex 2.14539 5.04713 26.6174
      vertex 2.5809 5.4191 26.6174
      vertex 1.83233 5.47801 27.1499
    endloop
  endfacet
  facet normal 0.459896 -0.538473 0.706076
    outer loop
      vertex 2.5809 5.4191 26.6174
      vertex 2.2043 5.7957 27.1499
      vertex 1.83233 5.47801 27.1499
    endloop
  endfacet
  facet normal 0.538465 -0.459904 0.706076
    outer loop
      vertex 2.5809 5.4191 26.6174
      vertex 2.95287 5.85461 26.6174
      vertex 2.2043 5.7957 27.1499
    endloop
  endfacet
  facet normal 0.538468 -0.459892 0.706082
    outer loop
      vertex 2.95287 5.85461 26.6174
      vertex 2.52199 6.16767 27.1499
      vertex 2.2043 5.7957 27.1499
    endloop
  endfacet
  facet normal 0.603781 -0.369996 0.706081
    outer loop
      vertex 2.95287 5.85461 26.6174
      vertex 3.25213 6.34296 26.6174
      vertex 2.52199 6.16767 27.1499
    endloop
  endfacet
  facet normal 0.603781 -0.370002 0.706079
    outer loop
      vertex 3.25213 6.34296 26.6174
      vertex 2.77758 6.58475 27.1499
      vertex 2.52199 6.16767 27.1499
    endloop
  endfacet
  facet normal 0.654228 -0.270994 0.70608
    outer loop
      vertex 3.25213 6.34296 26.6174
      vertex 3.47131 6.8721 26.6174
      vertex 2.77758 6.58475 27.1499
    endloop
  endfacet
  facet normal 0.654228 -0.27099 0.706081
    outer loop
      vertex 3.47131 6.8721 26.6174
      vertex 2.96478 7.03669 27.1499
      vertex 2.77758 6.58475 27.1499
    endloop
  endfacet
  facet normal 0.688568 -0.165305 0.70608
    outer loop
      vertex 3.47131 6.8721 26.6174
      vertex 3.60501 7.42902 26.6174
      vertex 2.96478 7.03669 27.1499
    endloop
  endfacet
  facet normal 0.688568 -0.165305 0.70608
    outer loop
      vertex 3.60501 7.42902 26.6174
      vertex 3.07897 7.51234 27.1499
      vertex 2.96478 7.03669 27.1499
    endloop
  endfacet
  facet normal 0.70595 -0.055563 0.706079
    outer loop
      vertex 3.60501 7.42902 26.6174
      vertex 3.64995 8 26.6174
      vertex 3.07897 7.51234 27.1499
    endloop
  endfacet
  facet normal 0.705948 -0.0555598 0.706081
    outer loop
      vertex 3.64995 8 26.6174
      vertex 3.11735 8 27.1499
      vertex 3.07897 7.51234 27.1499
    endloop
  endfacet
  facet normal 0.807404 0.0635476 0.586567
    outer loop
      vertex 4.09267 8 26.008
      vertex 4.04228 8.64023 26.008
      vertex 3.64995 8 26.6174
    endloop
  endfacet
  facet normal 0.807404 0.0635481 0.586567
    outer loop
      vertex 4.04228 8.64023 26.008
      vertex 3.60501 8.57098 26.6174
      vertex 3.64995 8 26.6174
    endloop
  endfacet
  facet normal 0.787525 0.189062 0.586566
    outer loop
      vertex 4.04228 8.64023 26.008
      vertex 3.89236 9.26471 26.008
      vertex 3.60501 8.57098 26.6174
    endloop
  endfacet
  facet normal 0.787526 0.189062 0.586566
    outer loop
      vertex 3.89236 9.26471 26.008
      vertex 3.47131 9.1279 26.6174
      vertex 3.60501 8.57098 26.6174
    endloop
  endfacet
  facet normal 0.748252 0.309934 0.586566
    outer loop
      vertex 3.89236 9.26471 26.008
      vertex 3.6466 9.85803 26.008
      vertex 3.47131 9.1279 26.6174
    endloop
  endfacet
  facet normal 0.748247 0.309938 0.58657
    outer loop
      vertex 3.6466 9.85803 26.008
      vertex 3.25213 9.65704 26.6174
      vertex 3.47131 9.1279 26.6174
    endloop
  endfacet
  facet normal 0.690548 0.423179 0.586569
    outer loop
      vertex 3.6466 9.85803 26.008
      vertex 3.31104 10.4056 26.008
      vertex 3.25213 9.65704 26.6174
    endloop
  endfacet
  facet normal 0.690565 0.423168 0.586557
    outer loop
      vertex 3.31104 10.4056 26.008
      vertex 2.95287 10.1454 26.6174
      vertex 3.25213 9.65704 26.6174
    endloop
  endfacet
  facet normal 0.615892 0.525955 0.586556
    outer loop
      vertex 3.31104 10.4056 26.008
      vertex 2.89396 10.894 26.008
      vertex 2.95287 10.1454 26.6174
    endloop
  endfacet
  facet normal 0.615821 0.525986 0.586602
    outer loop
      vertex 2.89396 10.894 26.008
      vertex 2.5809 10.5809 26.6174
      vertex 2.95287 10.1454 26.6174
    endloop
  endfacet
  facet normal 0.525906 0.61589 0.586602
    outer loop
      vertex 2.89396 10.894 26.008
      vertex 2.40561 11.311 26.008
      vertex 2.5809 10.5809 26.6174
    endloop
  endfacet
  facet normal 0.526044 0.615853 0.586518
    outer loop
      vertex 2.40561 11.311 26.008
      vertex 2.14539 10.9529 26.6174
      vertex 2.5809 10.5809 26.6174
    endloop
  endfacet
  facet normal 0.42323 0.690561 0.586516
    outer loop
      vertex 2.40561 11.311 26.008
      vertex 1.85803 11.6466 26.008
      vertex 2.14539 10.9529 26.6174
    endloop
  endfacet
  facet normal 0.423099 0.690576 0.586594
    outer loop
      vertex 1.85803 11.6466 26.008
      vertex 1.65704 11.2521 26.6174
      vertex 2.14539 10.9529 26.6174
    endloop
  endfacet
  facet normal 0.309969 0.748214 0.586596
    outer loop
      vertex 1.85803 11.6466 26.008
      vertex 1.26471 11.8924 26.008
      vertex 1.65704 11.2521 26.6174
    endloop
  endfacet
  facet normal 0.309953 0.748213 0.586605
    outer loop
      vertex 1.26471 11.8924 26.008
      vertex 1.1279 11.4713 26.6174
      vertex 1.65704 11.2521 26.6174
    endloop
  endfacet
  facet normal 0.189033 0.787501 0.586607
    outer loop
      vertex 1.26471 11.8924 26.008
      vertex 0.640235 12.0423 26.008
      vertex 1.1279 11.4713 26.6174
    endloop
  endfacet
  facet normal 0.189056 0.787506 0.586593
    outer loop
      vertex 0.640235 12.0423 26.008
      vertex 0.570978 11.605 26.6174
      vertex 1.1279 11.4713 26.6174
    endloop
  endfacet
  facet normal 0.0635581 0.807383 0.586594
    outer loop
      vertex 0.640235 12.0423 26.008
      vertex 0 12.0927 26.008
      vertex 0.570978 11.605 26.6174
    endloop
  endfacet
  facet normal 0.0634881 0.807357 0.586638
    outer loop
      vertex 0 12.0927 26.008
      vertex 0 11.6499 26.6174
      vertex 0.570978 11.605 26.6174
    endloop
  endfacet
  facet normal -0.0635557 0.807353 0.586636
    outer loop
      vertex 0 12.0927 26.008
      vertex -0.640235 12.0423 26.008
      vertex 0 11.6499 26.6174
    endloop
  endfacet
  facet normal -0.0634908 0.80739 0.586592
    outer loop
      vertex -0.640235 12.0423 26.008
      vertex -0.570978 11.605 26.6174
      vertex 0 11.6499 26.6174
    endloop
  endfacet
  facet normal -0.189035 0.787511 0.586594
    outer loop
      vertex -0.640235 12.0423 26.008
      vertex -1.26471 11.8924 26.008
      vertex -0.570978 11.605 26.6174
    endloop
  endfacet
  facet normal -0.189054 0.787496 0.586608
    outer loop
      vertex -1.26471 11.8924 26.008
      vertex -1.1279 11.4713 26.6174
      vertex -0.570978 11.605 26.6174
    endloop
  endfacet
  facet normal -0.309967 0.748208 0.586605
    outer loop
      vertex -1.26471 11.8924 26.008
      vertex -1.85803 11.6466 26.008
      vertex -1.1279 11.4713 26.6174
    endloop
  endfacet
  facet normal -0.309956 0.74822 0.586595
    outer loop
      vertex -1.85803 11.6466 26.008
      vertex -1.65704 11.2521 26.6174
      vertex -1.1279 11.4713 26.6174
    endloop
  endfacet
  facet normal -0.423202 0.690516 0.58659
    outer loop
      vertex -1.85803 11.6466 26.008
      vertex -2.40561 11.311 26.008
      vertex -1.65704 11.2521 26.6174
    endloop
  endfacet
  facet normal -0.42313 0.690627 0.586512
    outer loop
      vertex -2.40561 11.311 26.008
      vertex -2.14539 10.9529 26.6174
      vertex -1.65704 11.2521 26.6174
    endloop
  endfacet
  facet normal -0.525943 0.615934 0.586523
    outer loop
      vertex -2.40561 11.311 26.008
      vertex -2.89396 10.894 26.008
      vertex -2.14539 10.9529 26.6174
    endloop
  endfacet
  facet normal -0.526002 0.615804 0.586607
    outer loop
      vertex -2.89396 10.894 26.008
      vertex -2.5809 10.5809 26.6174
      vertex -2.14539 10.9529 26.6174
    endloop
  endfacet
  facet normal -0.615868 0.525934 0.5866
    outer loop
      vertex -2.89396 10.894 26.008
      vertex -3.31104 10.4056 26.008
      vertex -2.5809 10.5809 26.6174
    endloop
  endfacet
  facet normal -0.615848 0.526009 0.586554
    outer loop
      vertex -3.31104 10.4056 26.008
      vertex -2.95287 10.1454 26.6174
      vertex -2.5809 10.5809 26.6174
    endloop
  endfacet
  facet normal -0.690555 0.423183 0.586558
    outer loop
      vertex -3.31104 10.4056 26.008
      vertex -3.6466 9.85803 26.008
      vertex -2.95287 10.1454 26.6174
    endloop
  endfacet
  facet normal -0.690557 0.423163 0.58657
    outer loop
      vertex -3.6466 9.85803 26.008
      vertex -3.25213 9.65704 26.6174
      vertex -2.95287 10.1454 26.6174
    endloop
  endfacet
  facet normal -0.748249 0.309934 0.58657
    outer loop
      vertex -3.6466 9.85803 26.008
      vertex -3.89236 9.26471 26.008
      vertex -3.25213 9.65704 26.6174
    endloop
  endfacet
  facet normal -0.74825 0.309939 0.586566
    outer loop
      vertex -3.89236 9.26471 26.008
      vertex -3.47131 9.1279 26.6174
      vertex -3.25213 9.65704 26.6174
    endloop
  endfacet
  facet normal -0.787525 0.189063 0.586566
    outer loop
      vertex -3.89236 9.26471 26.008
      vertex -4.04228 8.64023 26.008
      vertex -3.47131 9.1279 26.6174
    endloop
  endfacet
  facet normal -0.787525 0.189061 0.586566
    outer loop
      vertex -4.04228 8.64023 26.008
      vertex -3.60501 8.57098 26.6174
      vertex -3.47131 9.1279 26.6174
    endloop
  endfacet
  facet normal -0.807404 0.0635476 0.586567
    outer loop
      vertex -4.04228 8.64023 26.008
      vertex -4.09267 8 26.008
      vertex -3.60501 8.57098 26.6174
    endloop
  endfacet
  facet normal -0.807404 0.0635482 0.586567
    outer loop
      vertex -4.09267 8 26.008
      vertex -3.64995 8 26.6174
      vertex -3.60501 8.57098 26.6174
    endloop
  endfacet
  facet normal -0.807404 -0.0635476 0.586567
    outer loop
      vertex -4.09267 8 26.008
      vertex -4.04228 7.35977 26.008
      vertex -3.64995 8 26.6174
    endloop
  endfacet
  facet normal -0.807404 -0.0635481 0.586567
    outer loop
      vertex -4.04228 7.35977 26.008
      vertex -3.60501 7.42902 26.6174
      vertex -3.64995 8 26.6174
    endloop
  endfacet
  facet normal -0.787525 -0.189062 0.586566
    outer loop
      vertex -4.04228 7.35977 26.008
      vertex -3.89236 6.73529 26.008
      vertex -3.60501 7.42902 26.6174
    endloop
  endfacet
  facet normal -0.787526 -0.189062 0.586566
    outer loop
      vertex -3.89236 6.73529 26.008
      vertex -3.47131 6.8721 26.6174
      vertex -3.60501 7.42902 26.6174
    endloop
  endfacet
  facet normal -0.748252 -0.309934 0.586566
    outer loop
      vertex -3.89236 6.73529 26.008
      vertex -3.6466 6.14197 26.008
      vertex -3.47131 6.8721 26.6174
    endloop
  endfacet
  facet normal -0.748247 -0.309938 0.58657
    outer loop
      vertex -3.6466 6.14197 26.008
      vertex -3.25213 6.34296 26.6174
      vertex -3.47131 6.8721 26.6174
    endloop
  endfacet
  facet normal -0.690551 -0.423173 0.586569
    outer loop
      vertex -3.6466 6.14197 26.008
      vertex -3.31104 5.59439 26.008
      vertex -3.25213 6.34296 26.6174
    endloop
  endfacet
  facet normal -0.690555 -0.423171 0.586566
    outer loop
      vertex -3.31104 5.59439 26.008
      vertex -2.95287 5.85461 26.6174
      vertex -3.25213 6.34296 26.6174
    endloop
  endfacet
  facet normal -0.61586 -0.525981 0.586566
    outer loop
      vertex -3.31104 5.59439 26.008
      vertex -2.89396 5.10604 26.008
      vertex -2.95287 5.85461 26.6174
    endloop
  endfacet
  facet normal -0.61584 -0.52599 0.586579
    outer loop
      vertex -2.89396 5.10604 26.008
      vertex -2.5809 5.4191 26.6174
      vertex -2.95287 5.85461 26.6174
    endloop
  endfacet
  facet normal -0.525975 -0.615853 0.586579
    outer loop
      vertex -2.89396 5.10604 26.008
      vertex -2.40561 4.68896 26.008
      vertex -2.5809 5.4191 26.6174
    endloop
  endfacet
  facet normal -0.525997 -0.615848 0.586566
    outer loop
      vertex -2.40561 4.68896 26.008
      vertex -2.14539 5.04713 26.6174
      vertex -2.5809 5.4191 26.6174
    endloop
  endfacet
  facet normal -0.423174 -0.690553 0.586567
    outer loop
      vertex -2.40561 4.68896 26.008
      vertex -1.85803 4.3534 26.008
      vertex -2.14539 5.04713 26.6174
    endloop
  endfacet
  facet normal -0.42317 -0.690553 0.586569
    outer loop
      vertex -1.85803 4.3534 26.008
      vertex -1.65704 4.74787 26.6174
      vertex -2.14539 5.04713 26.6174
    endloop
  endfacet
  facet normal -0.309934 -0.748249 0.58657
    outer loop
      vertex -1.85803 4.3534 26.008
      vertex -1.26471 4.10764 26.008
      vertex -1.65704 4.74787 26.6174
    endloop
  endfacet
  facet normal -0.309939 -0.74825 0.586566
    outer loop
      vertex -1.26471 4.10764 26.008
      vertex -1.1279 4.52869 26.6174
      vertex -1.65704 4.74787 26.6174
    endloop
  endfacet
  facet normal -0.189076 -0.787522 0.586566
    outer loop
      vertex -1.26471 4.10764 26.008
      vertex -0.640235 3.95771 26.008
      vertex -1.1279 4.52869 26.6174
    endloop
  endfacet
  facet normal -0.189059 -0.787518 0.586576
    outer loop
      vertex -0.640235 3.95771 26.008
      vertex -0.570978 4.39499 26.6174
      vertex -1.1279 4.52869 26.6174
    endloop
  endfacet
  facet normal -0.0635341 -0.807398 0.586576
    outer loop
      vertex -0.640235 3.95771 26.008
      vertex 0 3.90733 26.008
      vertex -0.570978 4.39499 26.6174
    endloop
  endfacet
  facet normal -0.0635484 -0.807404 0.586567
    outer loop
      vertex 0 3.90733 26.008
      vertex 0 4.35005 26.6174
      vertex -0.570978 4.39499 26.6174
    endloop
  endfacet
  facet normal 0.0635345 -0.807405 0.586567
    outer loop
      vertex 0 3.90733 26.008
      vertex 0.640235 3.95771 26.008
      vertex 0 4.35005 26.6174
    endloop
  endfacet
  facet normal 0.0635478 -0.807397 0.586576
    outer loop
      vertex 0.640235 3.95771 26.008
      vertex 0.570978 4.39499 26.6174
      vertex 0 4.35005 26.6174
    endloop
  endfacet
  facet normal 0.189074 -0.787515 0.586576
    outer loop
      vertex 0.640235 3.95771 26.008
      vertex 1.26471 4.10764 26.008
      vertex 0.570978 4.39499 26.6174
    endloop
  endfacet
  facet normal 0.189061 -0.787526 0.586566
    outer loop
      vertex 1.26471 4.10764 26.008
      vertex 1.1279 4.52869 26.6174
      vertex 0.570978 4.39499 26.6174
    endloop
  endfacet
  facet normal 0.309934 -0.748252 0.586566
    outer loop
      vertex 1.26471 4.10764 26.008
      vertex 1.85803 4.3534 26.008
      vertex 1.1279 4.52869 26.6174
    endloop
  endfacet
  facet normal 0.309938 -0.748247 0.58657
    outer loop
      vertex 1.85803 4.3534 26.008
      vertex 1.65704 4.74787 26.6174
      vertex 1.1279 4.52869 26.6174
    endloop
  endfacet
  facet normal 0.423173 -0.690551 0.586569
    outer loop
      vertex 1.85803 4.3534 26.008
      vertex 2.40561 4.68896 26.008
      vertex 1.65704 4.74787 26.6174
    endloop
  endfacet
  facet normal 0.423171 -0.690555 0.586566
    outer loop
      vertex 2.40561 4.68896 26.008
      vertex 2.14539 5.04713 26.6174
      vertex 1.65704 4.74787 26.6174
    endloop
  endfacet
  facet normal 0.525981 -0.61586 0.586566
    outer loop
      vertex 2.40561 4.68896 26.008
      vertex 2.89396 5.10604 26.008
      vertex 2.14539 5.04713 26.6174
    endloop
  endfacet
  facet normal 0.52599 -0.61584 0.586579
    outer loop
      vertex 2.89396 5.10604 26.008
      vertex 2.5809 5.4191 26.6174
      vertex 2.14539 5.04713 26.6174
    endloop
  endfacet
  facet normal 0.615853 -0.525975 0.586579
    outer loop
      vertex 2.89396 5.10604 26.008
      vertex 3.31104 5.59439 26.008
      vertex 2.5809 5.4191 26.6174
    endloop
  endfacet
  facet normal 0.615848 -0.525997 0.586566
    outer loop
      vertex 3.31104 5.59439 26.008
      vertex 2.95287 5.85461 26.6174
      vertex 2.5809 5.4191 26.6174
    endloop
  endfacet
  facet normal 0.690553 -0.423174 0.586567
    outer loop
      vertex 3.31104 5.59439 26.008
      vertex 3.6466 6.14197 26.008
      vertex 2.95287 5.85461 26.6174
    endloop
  endfacet
  facet normal 0.690553 -0.42317 0.586569
    outer loop
      vertex 3.6466 6.14197 26.008
      vertex 3.25213 6.34296 26.6174
      vertex 2.95287 5.85461 26.6174
    endloop
  endfacet
  facet normal 0.748249 -0.309934 0.58657
    outer loop
      vertex 3.6466 6.14197 26.008
      vertex 3.89236 6.73529 26.008
      vertex 3.25213 6.34296 26.6174
    endloop
  endfacet
  facet normal 0.74825 -0.309939 0.586566
    outer loop
      vertex 3.89236 6.73529 26.008
      vertex 3.47131 6.8721 26.6174
      vertex 3.25213 6.34296 26.6174
    endloop
  endfacet
  facet normal 0.787525 -0.189063 0.586566
    outer loop
      vertex 3.89236 6.73529 26.008
      vertex 4.04228 7.35977 26.008
      vertex 3.47131 6.8721 26.6174
    endloop
  endfacet
  facet normal 0.787525 -0.189061 0.586566
    outer loop
      vertex 4.04228 7.35977 26.008
      vertex 3.60501 7.42902 26.6174
      vertex 3.47131 6.8721 26.6174
    endloop
  endfacet
  facet normal 0.807404 -0.0635476 0.586567
    outer loop
      vertex 4.04228 7.35977 26.008
      vertex 4.09267 8 26.008
      vertex 3.60501 7.42902 26.6174
    endloop
  endfacet
  facet normal 0.807404 -0.0635482 0.586567
    outer loop
      vertex 4.09267 8 26.008
      vertex 3.64995 8 26.6174
      vertex 3.60501 7.42902 26.6174
    endloop
  endfacet
  facet normal 0.88882 0.0699545 0.452886
    outer loop
      vertex 4.43462 8 25.3369
      vertex 4.38002 8.69373 25.3369
      vertex 4.09267 8 26.008
    endloop
  endfacet
  facet normal 0.888819 0.0699555 0.452887
    outer loop
      vertex 4.38002 8.69373 25.3369
      vertex 4.04228 8.64023 26.008
      vertex 4.09267 8 26.008
    endloop
  endfacet
  facet normal 0.866935 0.208124 0.452888
    outer loop
      vertex 4.38002 8.69373 25.3369
      vertex 4.21758 9.37037 25.3369
      vertex 4.04228 8.64023 26.008
    endloop
  endfacet
  facet normal 0.866934 0.208126 0.45289
    outer loop
      vertex 4.21758 9.37037 25.3369
      vertex 3.89236 9.26471 26.008
      vertex 4.04228 8.64023 26.008
    endloop
  endfacet
  facet normal 0.823705 0.341177 0.452889
    outer loop
      vertex 4.21758 9.37037 25.3369
      vertex 3.95128 10.0133 25.3369
      vertex 3.89236 9.26471 26.008
    endloop
  endfacet
  facet normal 0.823697 0.341185 0.452898
    outer loop
      vertex 3.95128 10.0133 25.3369
      vertex 3.6466 9.85803 26.008
      vertex 3.89236 9.26471 26.008
    endloop
  endfacet
  facet normal 0.760166 0.465863 0.452901
    outer loop
      vertex 3.95128 10.0133 25.3369
      vertex 3.58768 10.6066 25.3369
      vertex 3.6466 9.85803 26.008
    endloop
  endfacet
  facet normal 0.760181 0.465852 0.452887
    outer loop
      vertex 3.58768 10.6066 25.3369
      vertex 3.31104 10.4056 26.008
      vertex 3.6466 9.85803 26.008
    endloop
  endfacet
  facet normal 0.677984 0.578989 0.45289
    outer loop
      vertex 3.58768 10.6066 25.3369
      vertex 3.13575 11.1358 25.3369
      vertex 3.31104 10.4056 26.008
    endloop
  endfacet
  facet normal 0.677991 0.578986 0.452884
    outer loop
      vertex 3.13575 11.1358 25.3369
      vertex 2.89396 10.894 26.008
      vertex 3.31104 10.4056 26.008
    endloop
  endfacet
  facet normal 0.579007 0.677972 0.452886
    outer loop
      vertex 3.13575 11.1358 25.3369
      vertex 2.60661 11.5877 25.3369
      vertex 2.89396 10.894 26.008
    endloop
  endfacet
  facet normal 0.578937 0.677995 0.452939
    outer loop
      vertex 2.60661 11.5877 25.3369
      vertex 2.40561 11.311 26.008
      vertex 2.89396 10.894 26.008
    endloop
  endfacet
  facet normal 0.465835 0.760159 0.452941
    outer loop
      vertex 2.60661 11.5877 25.3369
      vertex 2.01328 11.9513 25.3369
      vertex 2.40561 11.311 26.008
    endloop
  endfacet
  facet normal 0.465881 0.760152 0.452907
    outer loop
      vertex 2.01328 11.9513 25.3369
      vertex 1.85803 11.6466 26.008
      vertex 2.40561 11.311 26.008
    endloop
  endfacet
  facet normal 0.341182 0.823692 0.452909
    outer loop
      vertex 2.01328 11.9513 25.3369
      vertex 1.37037 12.2176 25.3369
      vertex 1.85803 11.6466 26.008
    endloop
  endfacet
  facet normal 0.341238 0.823691 0.452868
    outer loop
      vertex 1.37037 12.2176 25.3369
      vertex 1.26471 11.8924 26.008
      vertex 1.85803 11.6466 26.008
    endloop
  endfacet
  facet normal 0.208077 0.866957 0.452868
    outer loop
      vertex 1.37037 12.2176 25.3369
      vertex 0.693728 12.38 25.3369
      vertex 1.26471 11.8924 26.008
    endloop
  endfacet
  facet normal 0.208107 0.866961 0.452846
    outer loop
      vertex 0.693728 12.38 25.3369
      vertex 0.640235 12.0423 26.008
      vertex 1.26471 11.8924 26.008
    endloop
  endfacet
  facet normal 0.0699564 0.888841 0.452844
    outer loop
      vertex 0.693728 12.38 25.3369
      vertex 0 12.4346 25.3369
      vertex 0.640235 12.0423 26.008
    endloop
  endfacet
  facet normal 0.0699709 0.888845 0.452833
    outer loop
      vertex 0 12.4346 25.3369
      vertex 0 12.0927 26.008
      vertex 0.640235 12.0423 26.008
    endloop
  endfacet
  facet normal -0.0699568 0.888846 0.452834
    outer loop
      vertex 0 12.4346 25.3369
      vertex -0.693728 12.38 25.3369
      vertex 0 12.0927 26.008
    endloop
  endfacet
  facet normal -0.0699704 0.88884 0.452845
    outer loop
      vertex -0.693728 12.38 25.3369
      vertex -0.640235 12.0423 26.008
      vertex 0 12.0927 26.008
    endloop
  endfacet
  facet normal -0.20808 0.866967 0.452847
    outer loop
      vertex -0.693728 12.38 25.3369
      vertex -1.37037 12.2176 25.3369
      vertex -0.640235 12.0423 26.008
    endloop
  endfacet
  facet normal -0.208104 0.86695 0.452869
    outer loop
      vertex -1.37037 12.2176 25.3369
      vertex -1.26471 11.8924 26.008
      vertex -0.640235 12.0423 26.008
    endloop
  endfacet
  facet normal -0.341189 0.82371 0.45287
    outer loop
      vertex -1.37037 12.2176 25.3369
      vertex -2.01328 11.9513 25.3369
      vertex -1.26471 11.8924 26.008
    endloop
  endfacet
  facet normal -0.34123 0.823671 0.452911
    outer loop
      vertex -2.01328 11.9513 25.3369
      vertex -1.85803 11.6466 26.008
      vertex -1.26471 11.8924 26.008
    endloop
  endfacet
  facet normal -0.465844 0.760173 0.452909
    outer loop
      vertex -2.01328 11.9513 25.3369
      vertex -2.60661 11.5877 25.3369
      vertex -1.85803 11.6466 26.008
    endloop
  endfacet
  facet normal -0.465871 0.760136 0.452943
    outer loop
      vertex -2.60661 11.5877 25.3369
      vertex -2.40561 11.311 26.008
      vertex -1.85803 11.6466 26.008
    endloop
  endfacet
  facet normal -0.57899 0.677952 0.452937
    outer loop
      vertex -2.60661 11.5877 25.3369
      vertex -3.13575 11.1358 25.3369
      vertex -2.40561 11.311 26.008
    endloop
  endfacet
  facet normal -0.578956 0.678017 0.452884
    outer loop
      vertex -3.13575 11.1358 25.3369
      vertex -2.89396 10.894 26.008
      vertex -2.40561 11.311 26.008
    endloop
  endfacet
  facet normal -0.677986 0.578991 0.452884
    outer loop
      vertex -3.13575 11.1358 25.3369
      vertex -3.58768 10.6066 25.3369
      vertex -2.89396 10.894 26.008
    endloop
  endfacet
  facet normal -0.677989 0.578984 0.45289
    outer loop
      vertex -3.58768 10.6066 25.3369
      vertex -3.31104 10.4056 26.008
      vertex -2.89396 10.894 26.008
    endloop
  endfacet
  facet normal -0.760172 0.465866 0.452888
    outer loop
      vertex -3.58768 10.6066 25.3369
      vertex -3.95128 10.0133 25.3369
      vertex -3.31104 10.4056 26.008
    endloop
  endfacet
  facet normal -0.760175 0.465848 0.452902
    outer loop
      vertex -3.95128 10.0133 25.3369
      vertex -3.6466 9.85803 26.008
      vertex -3.31104 10.4056 26.008
    endloop
  endfacet
  facet normal -0.823701 0.341175 0.452897
    outer loop
      vertex -3.95128 10.0133 25.3369
      vertex -4.21758 9.37037 25.3369
      vertex -3.6466 9.85803 26.008
    endloop
  endfacet
  facet normal -0.823701 0.341186 0.452889
    outer loop
      vertex -4.21758 9.37037 25.3369
      vertex -3.89236 9.26471 26.008
      vertex -3.6466 9.85803 26.008
    endloop
  endfacet
  facet normal -0.866934 0.208124 0.45289
    outer loop
      vertex -4.21758 9.37037 25.3369
      vertex -4.38002 8.69373 25.3369
      vertex -3.89236 9.26471 26.008
    endloop
  endfacet
  facet normal -0.866935 0.208127 0.452888
    outer loop
      vertex -4.38002 8.69373 25.3369
      vertex -4.04228 8.64023 26.008
      vertex -3.89236 9.26471 26.008
    endloop
  endfacet
  facet normal -0.888819 0.0699545 0.452887
    outer loop
      vertex -4.38002 8.69373 25.3369
      vertex -4.43462 8 25.3369
      vertex -4.04228 8.64023 26.008
    endloop
  endfacet
  facet normal -0.88882 0.0699555 0.452886
    outer loop
      vertex -4.43462 8 25.3369
      vertex -4.09267 8 26.008
      vertex -4.04228 8.64023 26.008
    endloop
  endfacet
  facet normal -0.88882 -0.0699545 0.452886
    outer loop
      vertex -4.43462 8 25.3369
      vertex -4.38002 7.30627 25.3369
      vertex -4.09267 8 26.008
    endloop
  endfacet
  facet normal -0.888819 -0.0699555 0.452887
    outer loop
      vertex -4.38002 7.30627 25.3369
      vertex -4.04228 7.35977 26.008
      vertex -4.09267 8 26.008
    endloop
  endfacet
  facet normal -0.866935 -0.208124 0.452888
    outer loop
      vertex -4.38002 7.30627 25.3369
      vertex -4.21758 6.62963 25.3369
      vertex -4.04228 7.35977 26.008
    endloop
  endfacet
  facet normal -0.866934 -0.208126 0.45289
    outer loop
      vertex -4.21758 6.62963 25.3369
      vertex -3.89236 6.73529 26.008
      vertex -4.04228 7.35977 26.008
    endloop
  endfacet
  facet normal -0.823701 -0.341186 0.452889
    outer loop
      vertex -4.21758 6.62963 25.3369
      vertex -3.95128 5.98672 25.3369
      vertex -3.89236 6.73529 26.008
    endloop
  endfacet
  facet normal -0.823701 -0.341186 0.45289
    outer loop
      vertex -3.95128 5.98672 25.3369
      vertex -3.6466 6.14197 26.008
      vertex -3.89236 6.73529 26.008
    endloop
  endfacet
  facet normal -0.760181 -0.465848 0.452891
    outer loop
      vertex -3.95128 5.98672 25.3369
      vertex -3.58768 5.39339 25.3369
      vertex -3.6466 6.14197 26.008
    endloop
  endfacet
  facet normal -0.760185 -0.465846 0.452887
    outer loop
      vertex -3.58768 5.39339 25.3369
      vertex -3.31104 5.59439 26.008
      vertex -3.6466 6.14197 26.008
    endloop
  endfacet
  facet normal -0.677952 -0.579028 0.452888
    outer loop
      vertex -3.58768 5.39339 25.3369
      vertex -3.13575 4.86425 25.3369
      vertex -3.31104 5.59439 26.008
    endloop
  endfacet
  facet normal -0.677964 -0.579022 0.452878
    outer loop
      vertex -3.13575 4.86425 25.3369
      vertex -2.89396 5.10604 26.008
      vertex -3.31104 5.59439 26.008
    endloop
  endfacet
  facet normal -0.579031 -0.677956 0.452879
    outer loop
      vertex -3.13575 4.86425 25.3369
      vertex -2.60661 4.41232 25.3369
      vertex -2.89396 5.10604 26.008
    endloop
  endfacet
  facet normal -0.579018 -0.67796 0.452889
    outer loop
      vertex -2.60661 4.41232 25.3369
      vertex -2.40561 4.68896 26.008
      vertex -2.89396 5.10604 26.008
    endloop
  endfacet
  facet normal -0.465849 -0.760183 0.452887
    outer loop
      vertex -2.60661 4.41232 25.3369
      vertex -2.01328 4.04872 25.3369
      vertex -2.40561 4.68896 26.008
    endloop
  endfacet
  facet normal -0.465845 -0.760183 0.452891
    outer loop
      vertex -2.01328 4.04872 25.3369
      vertex -1.85803 4.3534 26.008
      vertex -2.40561 4.68896 26.008
    endloop
  endfacet
  facet normal -0.341186 -0.823701 0.45289
    outer loop
      vertex -2.01328 4.04872 25.3369
      vertex -1.37037 3.78242 25.3369
      vertex -1.85803 4.3534 26.008
    endloop
  endfacet
  facet normal -0.341186 -0.823701 0.452889
    outer loop
      vertex -1.37037 3.78242 25.3369
      vertex -1.26471 4.10764 26.008
      vertex -1.85803 4.3534 26.008
    endloop
  endfacet
  facet normal -0.208123 -0.866934 0.45289
    outer loop
      vertex -1.37037 3.78242 25.3369
      vertex -0.693728 3.61998 25.3369
      vertex -1.26471 4.10764 26.008
    endloop
  endfacet
  facet normal -0.208143 -0.866937 0.452876
    outer loop
      vertex -0.693728 3.61998 25.3369
      vertex -0.640235 3.95771 26.008
      vertex -1.26471 4.10764 26.008
    endloop
  endfacet
  facet normal -0.0699551 -0.888825 0.452876
    outer loop
      vertex -0.693728 3.61998 25.3369
      vertex 0 3.56538 25.3369
      vertex -0.640235 3.95771 26.008
    endloop
  endfacet
  facet normal -0.0699412 -0.888821 0.452887
    outer loop
      vertex 0 3.56538 25.3369
      vertex 0 3.90733 26.008
      vertex -0.640235 3.95771 26.008
    endloop
  endfacet
  facet normal 0.0699547 -0.88882 0.452886
    outer loop
      vertex 0 3.56538 25.3369
      vertex 0.693728 3.61998 25.3369
      vertex 0 3.90733 26.008
    endloop
  endfacet
  facet normal 0.0699416 -0.888826 0.452875
    outer loop
      vertex 0.693728 3.61998 25.3369
      vertex 0.640235 3.95771 26.008
      vertex 0 3.90733 26.008
    endloop
  endfacet
  facet normal 0.208125 -0.866941 0.452876
    outer loop
      vertex 0.693728 3.61998 25.3369
      vertex 1.37037 3.78242 25.3369
      vertex 0.640235 3.95771 26.008
    endloop
  endfacet
  facet normal 0.208141 -0.86693 0.452891
    outer loop
      vertex 1.37037 3.78242 25.3369
      vertex 1.26471 4.10764 26.008
      vertex 0.640235 3.95771 26.008
    endloop
  endfacet
  facet normal 0.341186 -0.823701 0.452889
    outer loop
      vertex 1.37037 3.78242 25.3369
      vertex 2.01328 4.04872 25.3369
      vertex 1.26471 4.10764 26.008
    endloop
  endfacet
  facet normal 0.341186 -0.823701 0.45289
    outer loop
      vertex 2.01328 4.04872 25.3369
      vertex 1.85803 4.3534 26.008
      vertex 1.26471 4.10764 26.008
    endloop
  endfacet
  facet normal 0.465848 -0.760181 0.452891
    outer loop
      vertex 2.01328 4.04872 25.3369
      vertex 2.60661 4.41232 25.3369
      vertex 1.85803 4.3534 26.008
    endloop
  endfacet
  facet normal 0.465846 -0.760185 0.452887
    outer loop
      vertex 2.60661 4.41232 25.3369
      vertex 2.40561 4.68896 26.008
      vertex 1.85803 4.3534 26.008
    endloop
  endfacet
  facet normal 0.579028 -0.677952 0.452888
    outer loop
      vertex 2.60661 4.41232 25.3369
      vertex 3.13575 4.86425 25.3369
      vertex 2.40561 4.68896 26.008
    endloop
  endfacet
  facet normal 0.579022 -0.677964 0.452878
    outer loop
      vertex 3.13575 4.86425 25.3369
      vertex 2.89396 5.10604 26.008
      vertex 2.40561 4.68896 26.008
    endloop
  endfacet
  facet normal 0.677956 -0.579031 0.452879
    outer loop
      vertex 3.13575 4.86425 25.3369
      vertex 3.58768 5.39339 25.3369
      vertex 2.89396 5.10604 26.008
    endloop
  endfacet
  facet normal 0.67796 -0.579018 0.452889
    outer loop
      vertex 3.58768 5.39339 25.3369
      vertex 3.31104 5.59439 26.008
      vertex 2.89396 5.10604 26.008
    endloop
  endfacet
  facet normal 0.760183 -0.465849 0.452887
    outer loop
      vertex 3.58768 5.39339 25.3369
      vertex 3.95128 5.98672 25.3369
      vertex 3.31104 5.59439 26.008
    endloop
  endfacet
  facet normal 0.760183 -0.465845 0.452891
    outer loop
      vertex 3.95128 5.98672 25.3369
      vertex 3.6466 6.14197 26.008
      vertex 3.31104 5.59439 26.008
    endloop
  endfacet
  facet normal 0.823701 -0.341186 0.45289
    outer loop
      vertex 3.95128 5.98672 25.3369
      vertex 4.21758 6.62963 25.3369
      vertex 3.6466 6.14197 26.008
    endloop
  endfacet
  facet normal 0.823701 -0.341186 0.452889
    outer loop
      vertex 4.21758 6.62963 25.3369
      vertex 3.89236 6.73529 26.008
      vertex 3.6466 6.14197 26.008
    endloop
  endfacet
  facet normal 0.866934 -0.208124 0.45289
    outer loop
      vertex 4.21758 6.62963 25.3369
      vertex 4.38002 7.30627 25.3369
      vertex 3.89236 6.73529 26.008
    endloop
  endfacet
  facet normal 0.866935 -0.208127 0.452888
    outer loop
      vertex 4.38002 7.30627 25.3369
      vertex 4.04228 7.35977 26.008
      vertex 3.89236 6.73529 26.008
    endloop
  endfacet
  facet normal 0.888819 -0.0699545 0.452887
    outer loop
      vertex 4.38002 7.30627 25.3369
      vertex 4.43462 8 25.3369
      vertex 4.04228 7.35977 26.008
    endloop
  endfacet
  facet normal 0.88882 -0.0699555 0.452886
    outer loop
      vertex 4.43462 8 25.3369
      vertex 4.09267 8 26.008
      vertex 4.04228 7.35977 26.008
    endloop
  endfacet
  facet normal 0.948408 0.0746501 0.30814
    outer loop
      vertex 4.66738 8 24.6205
      vertex 4.60991 8.73014 24.6205
      vertex 4.43462 8 25.3369
    endloop
  endfacet
  facet normal 0.94841 0.0746446 0.308135
    outer loop
      vertex 4.60991 8.73014 24.6205
      vertex 4.38002 8.69373 25.3369
      vertex 4.43462 8 25.3369
    endloop
  endfacet
  facet normal 0.925058 0.222081 0.308135
    outer loop
      vertex 4.60991 8.73014 24.6205
      vertex 4.43894 9.4423 24.6205
      vertex 4.38002 8.69373 25.3369
    endloop
  endfacet
  facet normal 0.92506 0.222078 0.308131
    outer loop
      vertex 4.43894 9.4423 24.6205
      vertex 4.21758 9.37037 25.3369
      vertex 4.38002 8.69373 25.3369
    endloop
  endfacet
  facet normal 0.878916 0.364089 0.308132
    outer loop
      vertex 4.43894 9.4423 24.6205
      vertex 4.15866 10.1189 24.6205
      vertex 4.21758 9.37037 25.3369
    endloop
  endfacet
  facet normal 0.878943 0.364056 0.308095
    outer loop
      vertex 4.15866 10.1189 24.6205
      vertex 3.95128 10.0133 25.3369
      vertex 4.21758 9.37037 25.3369
    endloop
  endfacet
  facet normal 0.811181 0.497061 0.308085
    outer loop
      vertex 4.15866 10.1189 24.6205
      vertex 3.77599 10.7434 24.6205
      vertex 3.95128 10.0133 25.3369
    endloop
  endfacet
  facet normal 0.811137 0.4971 0.308136
    outer loop
      vertex 3.77599 10.7434 24.6205
      vertex 3.58768 10.6066 25.3369
      vertex 3.95128 10.0133 25.3369
    endloop
  endfacet
  facet normal 0.723393 0.617865 0.308132
    outer loop
      vertex 3.77599 10.7434 24.6205
      vertex 3.30033 11.3003 24.6205
      vertex 3.58768 10.6066 25.3369
    endloop
  endfacet
  facet normal 0.723457 0.617823 0.308066
    outer loop
      vertex 3.30033 11.3003 24.6205
      vertex 3.13575 11.1358 25.3369
      vertex 3.58768 10.6066 25.3369
    endloop
  endfacet
  facet normal 0.617898 0.723397 0.308058
    outer loop
      vertex 3.30033 11.3003 24.6205
      vertex 2.74341 11.776 24.6205
      vertex 3.13575 11.1358 25.3369
    endloop
  endfacet
  facet normal 0.617828 0.723428 0.308124
    outer loop
      vertex 2.74341 11.776 24.6205
      vertex 2.60661 11.5877 25.3369
      vertex 3.13575 11.1358 25.3369
    endloop
  endfacet
  facet normal 0.4971 0.811141 0.308126
    outer loop
      vertex 2.74341 11.776 24.6205
      vertex 2.11894 12.1587 24.6205
      vertex 2.60661 11.5877 25.3369
    endloop
  endfacet
  facet normal 0.497081 0.811147 0.308143
    outer loop
      vertex 2.11894 12.1587 24.6205
      vertex 2.01328 11.9513 25.3369
      vertex 2.60661 11.5877 25.3369
    endloop
  endfacet
  facet normal 0.363981 0.878957 0.308143
    outer loop
      vertex 2.11894 12.1587 24.6205
      vertex 1.4423 12.4389 24.6205
      vertex 2.01328 11.9513 25.3369
    endloop
  endfacet
  facet normal 0.364069 0.878948 0.308066
    outer loop
      vertex 1.4423 12.4389 24.6205
      vertex 1.37037 12.2176 25.3369
      vertex 2.01328 11.9513 25.3369
    endloop
  endfacet
  facet normal 0.222123 0.925072 0.308062
    outer loop
      vertex 1.4423 12.4389 24.6205
      vertex 0.730138 12.6099 24.6205
      vertex 1.37037 12.2176 25.3369
    endloop
  endfacet
  facet normal 0.222024 0.925068 0.308148
    outer loop
      vertex 0.730138 12.6099 24.6205
      vertex 0.693728 12.38 25.3369
      vertex 1.37037 12.2176 25.3369
    endloop
  endfacet
  facet normal 0.0746888 0.948402 0.308148
    outer loop
      vertex 0.730138 12.6099 24.6205
      vertex 0 12.6674 24.6205
      vertex 0.693728 12.38 25.3369
    endloop
  endfacet
  facet normal 0.0746434 0.948393 0.308188
    outer loop
      vertex 0 12.6674 24.6205
      vertex 0 12.4346 25.3369
      vertex 0.693728 12.38 25.3369
    endloop
  endfacet
  facet normal -0.0746878 0.948389 0.308187
    outer loop
      vertex 0 12.6674 24.6205
      vertex -0.730138 12.6099 24.6205
      vertex 0 12.4346 25.3369
    endloop
  endfacet
  facet normal -0.0746445 0.948406 0.308147
    outer loop
      vertex -0.730138 12.6099 24.6205
      vertex -0.693728 12.38 25.3369
      vertex 0 12.4346 25.3369
    endloop
  endfacet
  facet normal -0.222116 0.925046 0.308145
    outer loop
      vertex -0.730138 12.6099 24.6205
      vertex -1.4423 12.4389 24.6205
      vertex -0.693728 12.38 25.3369
    endloop
  endfacet
  facet normal -0.222031 0.925095 0.30806
    outer loop
      vertex -1.4423 12.4389 24.6205
      vertex -1.37037 12.2176 25.3369
      vertex -0.693728 12.38 25.3369
    endloop
  endfacet
  facet normal -0.36399 0.87898 0.308068
    outer loop
      vertex -1.4423 12.4389 24.6205
      vertex -2.11894 12.1587 24.6205
      vertex -1.37037 12.2176 25.3369
    endloop
  endfacet
  facet normal -0.364059 0.878924 0.308145
    outer loop
      vertex -2.11894 12.1587 24.6205
      vertex -2.01328 11.9513 25.3369
      vertex -1.37037 12.2176 25.3369
    endloop
  endfacet
  facet normal -0.497097 0.811137 0.308142
    outer loop
      vertex -2.11894 12.1587 24.6205
      vertex -2.74341 11.776 24.6205
      vertex -2.01328 11.9513 25.3369
    endloop
  endfacet
  facet normal -0.497084 0.811151 0.308125
    outer loop
      vertex -2.74341 11.776 24.6205
      vertex -2.60661 11.5877 25.3369
      vertex -2.01328 11.9513 25.3369
    endloop
  endfacet
  facet normal -0.617884 0.723381 0.308123
    outer loop
      vertex -2.74341 11.776 24.6205
      vertex -3.30033 11.3003 24.6205
      vertex -2.60661 11.5877 25.3369
    endloop
  endfacet
  facet normal -0.617842 0.723445 0.308056
    outer loop
      vertex -3.30033 11.3003 24.6205
      vertex -3.13575 11.1358 25.3369
      vertex -2.60661 11.5877 25.3369
    endloop
  endfacet
  facet normal -0.723409 0.617879 0.308068
    outer loop
      vertex -3.30033 11.3003 24.6205
      vertex -3.77599 10.7434 24.6205
      vertex -3.13575 11.1358 25.3369
    endloop
  endfacet
  facet normal -0.72344 0.617809 0.308134
    outer loop
      vertex -3.77599 10.7434 24.6205
      vertex -3.58768 10.6066 25.3369
      vertex -3.13575 11.1358 25.3369
    endloop
  endfacet
  facet normal -0.811167 0.497052 0.308135
    outer loop
      vertex -3.77599 10.7434 24.6205
      vertex -4.15866 10.1189 24.6205
      vertex -3.58768 10.6066 25.3369
    endloop
  endfacet
  facet normal -0.811152 0.497109 0.308084
    outer loop
      vertex -4.15866 10.1189 24.6205
      vertex -3.95128 10.0133 25.3369
      vertex -3.58768 10.6066 25.3369
    endloop
  endfacet
  facet normal -0.878927 0.364093 0.308096
    outer loop
      vertex -4.15866 10.1189 24.6205
      vertex -4.43894 9.4423 24.6205
      vertex -3.95128 10.0133 25.3369
    endloop
  endfacet
  facet normal -0.878932 0.364051 0.308133
    outer loop
      vertex -4.43894 9.4423 24.6205
      vertex -4.21758 9.37037 25.3369
      vertex -3.95128 10.0133 25.3369
    endloop
  endfacet
  facet normal -0.925059 0.222081 0.308132
    outer loop
      vertex -4.43894 9.4423 24.6205
      vertex -4.60991 8.73014 24.6205
      vertex -4.21758 9.37037 25.3369
    endloop
  endfacet
  facet normal -0.925059 0.222078 0.308135
    outer loop
      vertex -4.60991 8.73014 24.6205
      vertex -4.38002 8.69373 25.3369
      vertex -4.21758 9.37037 25.3369
    endloop
  endfacet
  facet normal -0.948409 0.0746502 0.308135
    outer loop
      vertex -4.60991 8.73014 24.6205
      vertex -4.66738 8 24.6205
      vertex -4.38002 8.69373 25.3369
    endloop
  endfacet
  facet normal -0.948408 0.0746444 0.30814
    outer loop
      vertex -4.66738 8 24.6205
      vertex -4.43462 8 25.3369
      vertex -4.38002 8.69373 25.3369
    endloop
  endfacet
  facet normal -0.948408 -0.0746501 0.30814
    outer loop
      vertex -4.66738 8 24.6205
      vertex -4.60991 7.26986 24.6205
      vertex -4.43462 8 25.3369
    endloop
  endfacet
  facet normal -0.94841 -0.0746446 0.308135
    outer loop
      vertex -4.60991 7.26986 24.6205
      vertex -4.38002 7.30627 25.3369
      vertex -4.43462 8 25.3369
    endloop
  endfacet
  facet normal -0.925058 -0.222081 0.308135
    outer loop
      vertex -4.60991 7.26986 24.6205
      vertex -4.43894 6.5577 24.6205
      vertex -4.38002 7.30627 25.3369
    endloop
  endfacet
  facet normal -0.92506 -0.222078 0.308131
    outer loop
      vertex -4.43894 6.5577 24.6205
      vertex -4.21758 6.62963 25.3369
      vertex -4.38002 7.30627 25.3369
    endloop
  endfacet
  facet normal -0.878924 -0.364071 0.308133
    outer loop
      vertex -4.43894 6.5577 24.6205
      vertex -4.15866 5.88106 24.6205
      vertex -4.21758 6.62963 25.3369
    endloop
  endfacet
  facet normal -0.878931 -0.364062 0.308123
    outer loop
      vertex -4.15866 5.88106 24.6205
      vertex -3.95128 5.98672 25.3369
      vertex -4.21758 6.62963 25.3369
    endloop
  endfacet
  facet normal -0.81116 -0.497072 0.308122
    outer loop
      vertex -4.15866 5.88106 24.6205
      vertex -3.77599 5.25659 24.6205
      vertex -3.95128 5.98672 25.3369
    endloop
  endfacet
  facet normal -0.811149 -0.497082 0.308135
    outer loop
      vertex -3.77599 5.25659 24.6205
      vertex -3.58768 5.39339 25.3369
      vertex -3.95128 5.98672 25.3369
    endloop
  endfacet
  facet normal -0.723404 -0.617852 0.308133
    outer loop
      vertex -3.77599 5.25659 24.6205
      vertex -3.30033 4.69967 24.6205
      vertex -3.58768 5.39339 25.3369
    endloop
  endfacet
  facet normal -0.723407 -0.61785 0.30813
    outer loop
      vertex -3.30033 4.69967 24.6205
      vertex -3.13575 4.86425 25.3369
      vertex -3.58768 5.39339 25.3369
    endloop
  endfacet
  facet normal -0.617853 -0.723404 0.30813
    outer loop
      vertex -3.30033 4.69967 24.6205
      vertex -2.74341 4.22401 24.6205
      vertex -3.13575 4.86425 25.3369
    endloop
  endfacet
  facet normal -0.617849 -0.723406 0.308133
    outer loop
      vertex -2.74341 4.22401 24.6205
      vertex -2.60661 4.41232 25.3369
      vertex -3.13575 4.86425 25.3369
    endloop
  endfacet
  facet normal -0.49707 -0.811156 0.308135
    outer loop
      vertex -2.74341 4.22401 24.6205
      vertex -2.11894 3.84134 24.6205
      vertex -2.60661 4.41232 25.3369
    endloop
  endfacet
  facet normal -0.497084 -0.811152 0.308122
    outer loop
      vertex -2.11894 3.84134 24.6205
      vertex -2.01328 4.04872 25.3369
      vertex -2.60661 4.41232 25.3369
    endloop
  endfacet
  facet normal -0.364072 -0.878926 0.308123
    outer loop
      vertex -2.11894 3.84134 24.6205
      vertex -1.4423 3.56106 24.6205
      vertex -2.01328 4.04872 25.3369
    endloop
  endfacet
  facet normal -0.364061 -0.878928 0.308133
    outer loop
      vertex -1.4423 3.56106 24.6205
      vertex -1.37037 3.78242 25.3369
      vertex -2.01328 4.04872 25.3369
    endloop
  endfacet
  facet normal -0.222081 -0.92506 0.308132
    outer loop
      vertex -1.4423 3.56106 24.6205
      vertex -0.730138 3.39009 24.6205
      vertex -1.37037 3.78242 25.3369
    endloop
  endfacet
  facet normal -0.222077 -0.925059 0.308135
    outer loop
      vertex -0.730138 3.39009 24.6205
      vertex -0.693728 3.61998 25.3369
      vertex -1.37037 3.78242 25.3369
    endloop
  endfacet
  facet normal -0.0746504 -0.948409 0.308135
    outer loop
      vertex -0.730138 3.39009 24.6205
      vertex 0 3.33262 24.6205
      vertex -0.693728 3.61998 25.3369
    endloop
  endfacet
  facet normal -0.0746446 -0.948408 0.30814
    outer loop
      vertex 0 3.33262 24.6205
      vertex 0 3.56538 25.3369
      vertex -0.693728 3.61998 25.3369
    endloop
  endfacet
  facet normal 0.0746503 -0.948408 0.30814
    outer loop
      vertex 0 3.33262 24.6205
      vertex 0.730138 3.39009 24.6205
      vertex 0 3.56538 25.3369
    endloop
  endfacet
  facet normal 0.0746448 -0.94841 0.308135
    outer loop
      vertex 0.730138 3.39009 24.6205
      vertex 0.693728 3.61998 25.3369
      vertex 0 3.56538 25.3369
    endloop
  endfacet
  facet normal 0.22208 -0.925059 0.308135
    outer loop
      vertex 0.730138 3.39009 24.6205
      vertex 1.4423 3.56106 24.6205
      vertex 0.693728 3.61998 25.3369
    endloop
  endfacet
  facet normal 0.222077 -0.92506 0.308131
    outer loop
      vertex 1.4423 3.56106 24.6205
      vertex 1.37037 3.78242 25.3369
      vertex 0.693728 3.61998 25.3369
    endloop
  endfacet
  facet normal 0.364071 -0.878924 0.308133
    outer loop
      vertex 1.4423 3.56106 24.6205
      vertex 2.11894 3.84134 24.6205
      vertex 1.37037 3.78242 25.3369
    endloop
  endfacet
  facet normal 0.364062 -0.878931 0.308123
    outer loop
      vertex 2.11894 3.84134 24.6205
      vertex 2.01328 4.04872 25.3369
      vertex 1.37037 3.78242 25.3369
    endloop
  endfacet
  facet normal 0.497072 -0.81116 0.308122
    outer loop
      vertex 2.11894 3.84134 24.6205
      vertex 2.74341 4.22401 24.6205
      vertex 2.01328 4.04872 25.3369
    endloop
  endfacet
  facet normal 0.497082 -0.811149 0.308135
    outer loop
      vertex 2.74341 4.22401 24.6205
      vertex 2.60661 4.41232 25.3369
      vertex 2.01328 4.04872 25.3369
    endloop
  endfacet
  facet normal 0.617852 -0.723404 0.308133
    outer loop
      vertex 2.74341 4.22401 24.6205
      vertex 3.30033 4.69967 24.6205
      vertex 2.60661 4.41232 25.3369
    endloop
  endfacet
  facet normal 0.61785 -0.723407 0.30813
    outer loop
      vertex 3.30033 4.69967 24.6205
      vertex 3.13575 4.86425 25.3369
      vertex 2.60661 4.41232 25.3369
    endloop
  endfacet
  facet normal 0.723404 -0.617853 0.30813
    outer loop
      vertex 3.30033 4.69967 24.6205
      vertex 3.77599 5.25659 24.6205
      vertex 3.13575 4.86425 25.3369
    endloop
  endfacet
  facet normal 0.723406 -0.617849 0.308133
    outer loop
      vertex 3.77599 5.25659 24.6205
      vertex 3.58768 5.39339 25.3369
      vertex 3.13575 4.86425 25.3369
    endloop
  endfacet
  facet normal 0.811156 -0.49707 0.308135
    outer loop
      vertex 3.77599 5.25659 24.6205
      vertex 4.15866 5.88106 24.6205
      vertex 3.58768 5.39339 25.3369
    endloop
  endfacet
  facet normal 0.811152 -0.497084 0.308122
    outer loop
      vertex 4.15866 5.88106 24.6205
      vertex 3.95128 5.98672 25.3369
      vertex 3.58768 5.39339 25.3369
    endloop
  endfacet
  facet normal 0.878926 -0.364072 0.308123
    outer loop
      vertex 4.15866 5.88106 24.6205
      vertex 4.43894 6.5577 24.6205
      vertex 3.95128 5.98672 25.3369
    endloop
  endfacet
  facet normal 0.878928 -0.364061 0.308133
    outer loop
      vertex 4.43894 6.5577 24.6205
      vertex 4.21758 6.62963 25.3369
      vertex 3.95128 5.98672 25.3369
    endloop
  endfacet
  facet normal 0.925059 -0.222081 0.308132
    outer loop
      vertex 4.43894 6.5577 24.6205
      vertex 4.60991 7.26986 24.6205
      vertex 4.21758 6.62963 25.3369
    endloop
  endfacet
  facet normal 0.925059 -0.222078 0.308135
    outer loop
      vertex 4.60991 7.26986 24.6205
      vertex 4.38002 7.30627 25.3369
      vertex 4.21758 6.62963 25.3369
    endloop
  endfacet
  facet normal 0.948409 -0.0746502 0.308135
    outer loop
      vertex 4.60991 7.26986 24.6205
      vertex 4.66738 8 24.6205
      vertex 4.38002 7.30627 25.3369
    endloop
  endfacet
  facet normal 0.948408 -0.0746444 0.30814
    outer loop
      vertex 4.66738 8 24.6205
      vertex 4.43462 8 25.3369
      vertex 4.38002 7.30627 25.3369
    endloop
  endfacet
  facet normal 0.984719 0.0774941 0.155961
    outer loop
      vertex 4.7852 8 23.8766
      vertex 4.72629 8.74857 23.8766
      vertex 4.66738 8 24.6205
    endloop
  endfacet
  facet normal 0.984715 0.0775079 0.155975
    outer loop
      vertex 4.72629 8.74857 23.8766
      vertex 4.60991 8.73014 24.6205
      vertex 4.66738 8 24.6205
    endloop
  endfacet
  facet normal 0.96047 0.230587 0.155974
    outer loop
      vertex 4.72629 8.74857 23.8766
      vertex 4.551 9.47871 23.8766
      vertex 4.60991 8.73014 24.6205
    endloop
  endfacet
  facet normal 0.960471 0.230583 0.15597
    outer loop
      vertex 4.551 9.47871 23.8766
      vertex 4.43894 9.4423 24.6205
      vertex 4.60991 8.73014 24.6205
    endloop
  endfacet
  facet normal 0.912566 0.378016 0.15597
    outer loop
      vertex 4.551 9.47871 23.8766
      vertex 4.26365 10.1724 23.8766
      vertex 4.43894 9.4423 24.6205
    endloop
  endfacet
  facet normal 0.91256 0.378026 0.155981
    outer loop
      vertex 4.26365 10.1724 23.8766
      vertex 4.15866 10.1189 24.6205
      vertex 4.43894 9.4423 24.6205
    endloop
  endfacet
  facet normal 0.842225 0.516068 0.155982
    outer loop
      vertex 4.26365 10.1724 23.8766
      vertex 3.87131 10.8127 23.8766
      vertex 4.15866 10.1189 24.6205
    endloop
  endfacet
  facet normal 0.842217 0.516078 0.155995
    outer loop
      vertex 3.87131 10.8127 23.8766
      vertex 3.77599 10.7434 24.6205
      vertex 4.15866 10.1189 24.6205
    endloop
  endfacet
  facet normal 0.751054 0.641546 0.156002
    outer loop
      vertex 3.87131 10.8127 23.8766
      vertex 3.38365 11.3836 23.8766
      vertex 3.77599 10.7434 24.6205
    endloop
  endfacet
  facet normal 0.751086 0.641518 0.15596
    outer loop
      vertex 3.38365 11.3836 23.8766
      vertex 3.30033 11.3003 24.6205
      vertex 3.77599 10.7434 24.6205
    endloop
  endfacet
  facet normal 0.641529 0.751077 0.155958
    outer loop
      vertex 3.38365 11.3836 23.8766
      vertex 2.81267 11.8713 23.8766
      vertex 3.30033 11.3003 24.6205
    endloop
  endfacet
  facet normal 0.641538 0.751072 0.155948
    outer loop
      vertex 2.81267 11.8713 23.8766
      vertex 2.74341 11.776 24.6205
      vertex 3.30033 11.3003 24.6205
    endloop
  endfacet
  facet normal 0.516074 0.842228 0.155945
    outer loop
      vertex 2.81267 11.8713 23.8766
      vertex 2.17244 12.2636 23.8766
      vertex 2.74341 11.776 24.6205
    endloop
  endfacet
  facet normal 0.516135 0.842203 0.155882
    outer loop
      vertex 2.17244 12.2636 23.8766
      vertex 2.11894 12.1587 24.6205
      vertex 2.74341 11.776 24.6205
    endloop
  endfacet
  facet normal 0.378059 0.912565 0.155873
    outer loop
      vertex 2.17244 12.2636 23.8766
      vertex 1.47871 12.551 23.8766
      vertex 2.11894 12.1587 24.6205
    endloop
  endfacet
  facet normal 0.377913 0.912601 0.156019
    outer loop
      vertex 1.47871 12.551 23.8766
      vertex 1.4423 12.4389 24.6205
      vertex 2.11894 12.1587 24.6205
    endloop
  endfacet
  facet normal 0.230598 0.960459 0.15602
    outer loop
      vertex 1.47871 12.551 23.8766
      vertex 0.748571 12.7263 23.8766
      vertex 1.4423 12.4389 24.6205
    endloop
  endfacet
  facet normal 0.230619 0.960458 0.156
    outer loop
      vertex 0.748571 12.7263 23.8766
      vertex 0.730138 12.6099 24.6205
      vertex 1.4423 12.4389 24.6205
    endloop
  endfacet
  facet normal 0.0774805 0.984713 0.156001
    outer loop
      vertex 0.748571 12.7263 23.8766
      vertex 0 12.7852 23.8766
      vertex 0.730138 12.6099 24.6205
    endloop
  endfacet
  facet normal 0.0775488 0.984719 0.155935
    outer loop
      vertex 0 12.7852 23.8766
      vertex 0 12.6674 24.6205
      vertex 0.730138 12.6099 24.6205
    endloop
  endfacet
  facet normal -0.0774813 0.984724 0.155936
    outer loop
      vertex 0 12.7852 23.8766
      vertex -0.748571 12.7263 23.8766
      vertex 0 12.6674 24.6205
    endloop
  endfacet
  facet normal -0.077548 0.984708 0.156001
    outer loop
      vertex -0.748571 12.7263 23.8766
      vertex -0.730138 12.6099 24.6205
      vertex 0 12.6674 24.6205
    endloop
  endfacet
  facet normal -0.230599 0.960463 0.156
    outer loop
      vertex -0.748571 12.7263 23.8766
      vertex -1.47871 12.551 23.8766
      vertex -0.730138 12.6099 24.6205
    endloop
  endfacet
  facet normal -0.230618 0.960454 0.156021
    outer loop
      vertex -1.47871 12.551 23.8766
      vertex -1.4423 12.4389 24.6205
      vertex -0.730138 12.6099 24.6205
    endloop
  endfacet
  facet normal -0.378051 0.912544 0.156017
    outer loop
      vertex -1.47871 12.551 23.8766
      vertex -2.17244 12.2636 23.8766
      vertex -1.4423 12.4389 24.6205
    endloop
  endfacet
  facet normal -0.377921 0.912622 0.155872
    outer loop
      vertex -2.17244 12.2636 23.8766
      vertex -2.11894 12.1587 24.6205
      vertex -1.4423 12.4389 24.6205
    endloop
  endfacet
  facet normal -0.516079 0.842237 0.155882
    outer loop
      vertex -2.17244 12.2636 23.8766
      vertex -2.81267 11.8713 23.8766
      vertex -2.11894 12.1587 24.6205
    endloop
  endfacet
  facet normal -0.51613 0.842194 0.155946
    outer loop
      vertex -2.81267 11.8713 23.8766
      vertex -2.74341 11.776 24.6205
      vertex -2.11894 12.1587 24.6205
    endloop
  endfacet
  facet normal -0.64153 0.751078 0.155949
    outer loop
      vertex -2.81267 11.8713 23.8766
      vertex -3.38365 11.3836 23.8766
      vertex -2.74341 11.776 24.6205
    endloop
  endfacet
  facet normal -0.641537 0.751071 0.155958
    outer loop
      vertex -3.38365 11.3836 23.8766
      vertex -3.30033 11.3003 24.6205
      vertex -2.74341 11.776 24.6205
    endloop
  endfacet
  facet normal -0.751059 0.641551 0.155961
    outer loop
      vertex -3.38365 11.3836 23.8766
      vertex -3.87131 10.8127 23.8766
      vertex -3.30033 11.3003 24.6205
    endloop
  endfacet
  facet normal -0.751081 0.641514 0.156002
    outer loop
      vertex -3.87131 10.8127 23.8766
      vertex -3.77599 10.7434 24.6205
      vertex -3.30033 11.3003 24.6205
    endloop
  endfacet
  facet normal -0.842223 0.516067 0.155994
    outer loop
      vertex -3.87131 10.8127 23.8766
      vertex -4.26365 10.1724 23.8766
      vertex -3.77599 10.7434 24.6205
    endloop
  endfacet
  facet normal -0.842218 0.51608 0.155982
    outer loop
      vertex -4.26365 10.1724 23.8766
      vertex -4.15866 10.1189 24.6205
      vertex -3.77599 10.7434 24.6205
    endloop
  endfacet
  facet normal -0.912565 0.378015 0.155981
    outer loop
      vertex -4.26365 10.1724 23.8766
      vertex -4.551 9.47871 23.8766
      vertex -4.15866 10.1189 24.6205
    endloop
  endfacet
  facet normal -0.912562 0.378027 0.155969
    outer loop
      vertex -4.551 9.47871 23.8766
      vertex -4.43894 9.4423 24.6205
      vertex -4.15866 10.1189 24.6205
    endloop
  endfacet
  facet normal -0.96047 0.230587 0.15597
    outer loop
      vertex -4.551 9.47871 23.8766
      vertex -4.72629 8.74857 23.8766
      vertex -4.43894 9.4423 24.6205
    endloop
  endfacet
  facet normal -0.960471 0.230583 0.155974
    outer loop
      vertex -4.72629 8.74857 23.8766
      vertex -4.60991 8.73014 24.6205
      vertex -4.43894 9.4423 24.6205
    endloop
  endfacet
  facet normal -0.984717 0.077494 0.155975
    outer loop
      vertex -4.72629 8.74857 23.8766
      vertex -4.7852 8 23.8766
      vertex -4.60991 8.73014 24.6205
    endloop
  endfacet
  facet normal -0.984718 0.077508 0.155961
    outer loop
      vertex -4.7852 8 23.8766
      vertex -4.66738 8 24.6205
      vertex -4.60991 8.73014 24.6205
    endloop
  endfacet
  facet normal -0.984719 -0.0774941 0.155961
    outer loop
      vertex -4.7852 8 23.8766
      vertex -4.72629 7.25143 23.8766
      vertex -4.66738 8 24.6205
    endloop
  endfacet
  facet normal -0.984715 -0.0775079 0.155975
    outer loop
      vertex -4.72629 7.25143 23.8766
      vertex -4.60991 7.26986 24.6205
      vertex -4.66738 8 24.6205
    endloop
  endfacet
  facet normal -0.96047 -0.230587 0.155974
    outer loop
      vertex -4.72629 7.25143 23.8766
      vertex -4.551 6.52129 23.8766
      vertex -4.60991 7.26986 24.6205
    endloop
  endfacet
  facet normal -0.960471 -0.230583 0.15597
    outer loop
      vertex -4.551 6.52129 23.8766
      vertex -4.43894 6.5577 24.6205
      vertex -4.60991 7.26986 24.6205
    endloop
  endfacet
  facet normal -0.912574 -0.377997 0.15597
    outer loop
      vertex -4.551 6.52129 23.8766
      vertex -4.26365 5.82756 23.8766
      vertex -4.43894 6.5577 24.6205
    endloop
  endfacet
  facet normal -0.912568 -0.378007 0.155981
    outer loop
      vertex -4.26365 5.82756 23.8766
      vertex -4.15866 5.88106 24.6205
      vertex -4.43894 6.5577 24.6205
    endloop
  endfacet
  facet normal -0.8422 -0.516109 0.155981
    outer loop
      vertex -4.26365 5.82756 23.8766
      vertex -3.87131 5.18733 23.8766
      vertex -4.15866 5.88106 24.6205
    endloop
  endfacet
  facet normal -0.842209 -0.516099 0.155968
    outer loop
      vertex -3.87131 5.18733 23.8766
      vertex -3.77599 5.25659 24.6205
      vertex -4.15866 5.88106 24.6205
    endloop
  endfacet
  facet normal -0.751102 -0.641498 0.155969
    outer loop
      vertex -3.87131 5.18733 23.8766
      vertex -3.38365 4.61635 23.8766
      vertex -3.77599 5.25659 24.6205
    endloop
  endfacet
  facet normal -0.751096 -0.641503 0.155977
    outer loop
      vertex -3.38365 4.61635 23.8766
      vertex -3.30033 4.69967 24.6205
      vertex -3.77599 5.25659 24.6205
    endloop
  endfacet
  facet normal -0.641497 -0.751101 0.155977
    outer loop
      vertex -3.38365 4.61635 23.8766
      vertex -2.81267 4.12869 23.8766
      vertex -3.30033 4.69967 24.6205
    endloop
  endfacet
  facet normal -0.641504 -0.751097 0.155969
    outer loop
      vertex -2.81267 4.12869 23.8766
      vertex -2.74341 4.22401 24.6205
      vertex -3.30033 4.69967 24.6205
    endloop
  endfacet
  facet normal -0.516111 -0.842202 0.155968
    outer loop
      vertex -2.81267 4.12869 23.8766
      vertex -2.17244 3.73635 23.8766
      vertex -2.74341 4.22401 24.6205
    endloop
  endfacet
  facet normal -0.516098 -0.842207 0.155981
    outer loop
      vertex -2.17244 3.73635 23.8766
      vertex -2.11894 3.84134 24.6205
      vertex -2.74341 4.22401 24.6205
    endloop
  endfacet
  facet normal -0.377997 -0.912572 0.15598
    outer loop
      vertex -2.17244 3.73635 23.8766
      vertex -1.47871 3.449 23.8766
      vertex -2.11894 3.84134 24.6205
    endloop
  endfacet
  facet normal -0.378008 -0.91257 0.15597
    outer loop
      vertex -1.47871 3.449 23.8766
      vertex -1.4423 3.56106 24.6205
      vertex -2.11894 3.84134 24.6205
    endloop
  endfacet
  facet normal -0.230587 -0.96047 0.15597
    outer loop
      vertex -1.47871 3.449 23.8766
      vertex -0.748571 3.27371 23.8766
      vertex -1.4423 3.56106 24.6205
    endloop
  endfacet
  facet normal -0.230582 -0.960471 0.155975
    outer loop
      vertex -0.748571 3.27371 23.8766
      vertex -0.730138 3.39009 24.6205
      vertex -1.4423 3.56106 24.6205
    endloop
  endfacet
  facet normal -0.0774938 -0.984716 0.155975
    outer loop
      vertex -0.748571 3.27371 23.8766
      vertex 0 3.2148 23.8766
      vertex -0.730138 3.39009 24.6205
    endloop
  endfacet
  facet normal -0.0775082 -0.984718 0.155961
    outer loop
      vertex 0 3.2148 23.8766
      vertex 0 3.33262 24.6205
      vertex -0.730138 3.39009 24.6205
    endloop
  endfacet
  facet normal 0.077494 -0.984719 0.155961
    outer loop
      vertex 0 3.2148 23.8766
      vertex 0.748571 3.27371 23.8766
      vertex 0 3.33262 24.6205
    endloop
  endfacet
  facet normal 0.0775081 -0.984715 0.155975
    outer loop
      vertex 0.748571 3.27371 23.8766
      vertex 0.730138 3.39009 24.6205
      vertex 0 3.33262 24.6205
    endloop
  endfacet
  facet normal 0.230587 -0.960469 0.155975
    outer loop
      vertex 0.748571 3.27371 23.8766
      vertex 1.47871 3.449 23.8766
      vertex 0.730138 3.39009 24.6205
    endloop
  endfacet
  facet normal 0.230582 -0.960471 0.15597
    outer loop
      vertex 1.47871 3.449 23.8766
      vertex 1.4423 3.56106 24.6205
      vertex 0.730138 3.39009 24.6205
    endloop
  endfacet
  facet normal 0.377997 -0.912574 0.15597
    outer loop
      vertex 1.47871 3.449 23.8766
      vertex 2.17244 3.73635 23.8766
      vertex 1.4423 3.56106 24.6205
    endloop
  endfacet
  facet normal 0.378007 -0.912568 0.155981
    outer loop
      vertex 2.17244 3.73635 23.8766
      vertex 2.11894 3.84134 24.6205
      vertex 1.4423 3.56106 24.6205
    endloop
  endfacet
  facet normal 0.516109 -0.8422 0.155981
    outer loop
      vertex 2.17244 3.73635 23.8766
      vertex 2.81267 4.12869 23.8766
      vertex 2.11894 3.84134 24.6205
    endloop
  endfacet
  facet normal 0.516099 -0.842209 0.155968
    outer loop
      vertex 2.81267 4.12869 23.8766
      vertex 2.74341 4.22401 24.6205
      vertex 2.11894 3.84134 24.6205
    endloop
  endfacet
  facet normal 0.641498 -0.751102 0.155969
    outer loop
      vertex 2.81267 4.12869 23.8766
      vertex 3.38365 4.61635 23.8766
      vertex 2.74341 4.22401 24.6205
    endloop
  endfacet
  facet normal 0.641503 -0.751096 0.155977
    outer loop
      vertex 3.38365 4.61635 23.8766
      vertex 3.30033 4.69967 24.6205
      vertex 2.74341 4.22401 24.6205
    endloop
  endfacet
  facet normal 0.751101 -0.641497 0.155977
    outer loop
      vertex 3.38365 4.61635 23.8766
      vertex 3.87131 5.18733 23.8766
      vertex 3.30033 4.69967 24.6205
    endloop
  endfacet
  facet normal 0.751097 -0.641504 0.155969
    outer loop
      vertex 3.87131 5.18733 23.8766
      vertex 3.77599 5.25659 24.6205
      vertex 3.30033 4.69967 24.6205
    endloop
  endfacet
  facet normal 0.842202 -0.516111 0.155968
    outer loop
      vertex 3.87131 5.18733 23.8766
      vertex 4.26365 5.82756 23.8766
      vertex 3.77599 5.25659 24.6205
    endloop
  endfacet
  facet normal 0.842207 -0.516098 0.155981
    outer loop
      vertex 4.26365 5.82756 23.8766
      vertex 4.15866 5.88106 24.6205
      vertex 3.77599 5.25659 24.6205
    endloop
  endfacet
  facet normal 0.912572 -0.377997 0.15598
    outer loop
      vertex 4.26365 5.82756 23.8766
      vertex 4.551 6.52129 23.8766
      vertex 4.15866 5.88106 24.6205
    endloop
  endfacet
  facet normal 0.91257 -0.378008 0.15597
    outer loop
      vertex 4.551 6.52129 23.8766
      vertex 4.43894 6.5577 24.6205
      vertex 4.15866 5.88106 24.6205
    endloop
  endfacet
  facet normal 0.96047 -0.230587 0.15597
    outer loop
      vertex 4.551 6.52129 23.8766
      vertex 4.72629 7.25143 23.8766
      vertex 4.43894 6.5577 24.6205
    endloop
  endfacet
  facet normal 0.960471 -0.230583 0.155974
    outer loop
      vertex 4.72629 7.25143 23.8766
      vertex 4.60991 7.26986 24.6205
      vertex 4.43894 6.5577 24.6205
    endloop
  endfacet
  facet normal 0.984717 -0.077494 0.155975
    outer loop
      vertex 4.72629 7.25143 23.8766
      vertex 4.7852 8 23.8766
      vertex 4.60991 7.26986 24.6205
    endloop
  endfacet
  facet normal 0.984718 -0.077508 0.155961
    outer loop
      vertex 4.7852 8 23.8766
      vertex 4.66738 8 24.6205
      vertex 4.60991 7.26986 24.6205
    endloop
  endfacet
  facet normal 0.996918 0.0784541 -0
    outer loop
      vertex 4.7852 8 23.1234
      vertex 4.72629 8.74857 23.1234
      vertex 4.7852 8 23.8766
    endloop
  endfacet
  facet normal 0.996918 0.0784541 -0
    outer loop
      vertex 4.72629 8.74857 23.1234
      vertex 4.72629 8.74857 23.8766
      vertex 4.7852 8 23.8766
    endloop
  endfacet
  facet normal 0.97237 0.233444 -0
    outer loop
      vertex 4.72629 8.74857 23.1234
      vertex 4.551 9.47871 23.1234
      vertex 4.72629 8.74857 23.8766
    endloop
  endfacet
  facet normal 0.97237 0.233444 -0
    outer loop
      vertex 4.551 9.47871 23.1234
      vertex 4.551 9.47871 23.8766
      vertex 4.72629 8.74857 23.8766
    endloop
  endfacet
  facet normal 0.923873 0.3827 -0
    outer loop
      vertex 4.551 9.47871 23.1234
      vertex 4.26365 10.1724 23.1234
      vertex 4.551 9.47871 23.8766
    endloop
  endfacet
  facet normal 0.923873 0.3827 -0
    outer loop
      vertex 4.26365 10.1724 23.1234
      vertex 4.26365 10.1724 23.8766
      vertex 4.551 9.47871 23.8766
    endloop
  endfacet
  facet normal 0.852662 0.522463 -0
    outer loop
      vertex 4.26365 10.1724 23.1234
      vertex 3.87131 10.8127 23.1234
      vertex 4.26365 10.1724 23.8766
    endloop
  endfacet
  facet normal 0.852662 0.522463 -0
    outer loop
      vertex 3.87131 10.8127 23.1234
      vertex 3.87131 10.8127 23.8766
      vertex 4.26365 10.1724 23.8766
    endloop
  endfacet
  facet normal 0.760363 0.649498 -0
    outer loop
      vertex 3.87131 10.8127 23.1234
      vertex 3.38365 11.3836 23.1234
      vertex 3.87131 10.8127 23.8766
    endloop
  endfacet
  facet normal 0.760363 0.649498 -0
    outer loop
      vertex 3.38365 11.3836 23.1234
      vertex 3.38365 11.3836 23.8766
      vertex 3.87131 10.8127 23.8766
    endloop
  endfacet
  facet normal 0.649477 0.760382 -0
    outer loop
      vertex 3.38365 11.3836 23.1234
      vertex 2.81267 11.8713 23.1234
      vertex 3.38365 11.3836 23.8766
    endloop
  endfacet
  facet normal 0.649477 0.760382 -0
    outer loop
      vertex 2.81267 11.8713 23.1234
      vertex 2.81267 11.8713 23.8766
      vertex 3.38365 11.3836 23.8766
    endloop
  endfacet
  facet normal 0.522466 0.85266 -0
    outer loop
      vertex 2.81267 11.8713 23.1234
      vertex 2.17244 12.2636 23.1234
      vertex 2.81267 11.8713 23.8766
    endloop
  endfacet
  facet normal 0.522466 0.85266 -0
    outer loop
      vertex 2.17244 12.2636 23.1234
      vertex 2.17244 12.2636 23.8766
      vertex 2.81267 11.8713 23.8766
    endloop
  endfacet
  facet normal 0.382738 0.923857 -0
    outer loop
      vertex 2.17244 12.2636 23.1234
      vertex 1.47871 12.551 23.1234
      vertex 2.17244 12.2636 23.8766
    endloop
  endfacet
  facet normal 0.382738 0.923857 -0
    outer loop
      vertex 1.47871 12.551 23.1234
      vertex 1.47871 12.551 23.8766
      vertex 2.17244 12.2636 23.8766
    endloop
  endfacet
  facet normal 0.233457 0.972367 -0
    outer loop
      vertex 1.47871 12.551 23.1234
      vertex 0.748571 12.7263 23.1234
      vertex 1.47871 12.551 23.8766
    endloop
  endfacet
  facet normal 0.233457 0.972367 -0
    outer loop
      vertex 0.748571 12.7263 23.1234
      vertex 0.748571 12.7263 23.8766
      vertex 1.47871 12.551 23.8766
    endloop
  endfacet
  facet normal 0.0784408 0.996919 -0
    outer loop
      vertex 0.748571 12.7263 23.1234
      vertex 0 12.7852 23.1234
      vertex 0.748571 12.7263 23.8766
    endloop
  endfacet
  facet normal 0.0784408 0.996919 -0
    outer loop
      vertex 0 12.7852 23.1234
      vertex 0 12.7852 23.8766
      vertex 0.748571 12.7263 23.8766
    endloop
  endfacet
  facet normal -0.0784408 0.996919 0
    outer loop
      vertex 0 12.7852 23.1234
      vertex -0.748571 12.7263 23.1234
      vertex 0 12.7852 23.8766
    endloop
  endfacet
  facet normal -0.0784408 0.996919 0
    outer loop
      vertex -0.748571 12.7263 23.1234
      vertex -0.748571 12.7263 23.8766
      vertex 0 12.7852 23.8766
    endloop
  endfacet
  facet normal -0.233457 0.972367 0
    outer loop
      vertex -0.748571 12.7263 23.1234
      vertex -1.47871 12.551 23.1234
      vertex -0.748571 12.7263 23.8766
    endloop
  endfacet
  facet normal -0.233457 0.972367 0
    outer loop
      vertex -1.47871 12.551 23.1234
      vertex -1.47871 12.551 23.8766
      vertex -0.748571 12.7263 23.8766
    endloop
  endfacet
  facet normal -0.382738 0.923857 0
    outer loop
      vertex -1.47871 12.551 23.1234
      vertex -2.17244 12.2636 23.1234
      vertex -1.47871 12.551 23.8766
    endloop
  endfacet
  facet normal -0.382738 0.923857 0
    outer loop
      vertex -2.17244 12.2636 23.1234
      vertex -2.17244 12.2636 23.8766
      vertex -1.47871 12.551 23.8766
    endloop
  endfacet
  facet normal -0.522466 0.85266 0
    outer loop
      vertex -2.17244 12.2636 23.1234
      vertex -2.81267 11.8713 23.1234
      vertex -2.17244 12.2636 23.8766
    endloop
  endfacet
  facet normal -0.522466 0.85266 0
    outer loop
      vertex -2.81267 11.8713 23.1234
      vertex -2.81267 11.8713 23.8766
      vertex -2.17244 12.2636 23.8766
    endloop
  endfacet
  facet normal -0.649477 0.760382 0
    outer loop
      vertex -2.81267 11.8713 23.1234
      vertex -3.38365 11.3836 23.1234
      vertex -2.81267 11.8713 23.8766
    endloop
  endfacet
  facet normal -0.649477 0.760382 0
    outer loop
      vertex -3.38365 11.3836 23.1234
      vertex -3.38365 11.3836 23.8766
      vertex -2.81267 11.8713 23.8766
    endloop
  endfacet
  facet normal -0.760363 0.649498 0
    outer loop
      vertex -3.38365 11.3836 23.1234
      vertex -3.87131 10.8127 23.1234
      vertex -3.38365 11.3836 23.8766
    endloop
  endfacet
  facet normal -0.760363 0.649498 0
    outer loop
      vertex -3.87131 10.8127 23.1234
      vertex -3.87131 10.8127 23.8766
      vertex -3.38365 11.3836 23.8766
    endloop
  endfacet
  facet normal -0.852662 0.522463 0
    outer loop
      vertex -3.87131 10.8127 23.1234
      vertex -4.26365 10.1724 23.1234
      vertex -3.87131 10.8127 23.8766
    endloop
  endfacet
  facet normal -0.852662 0.522463 0
    outer loop
      vertex -4.26365 10.1724 23.1234
      vertex -4.26365 10.1724 23.8766
      vertex -3.87131 10.8127 23.8766
    endloop
  endfacet
  facet normal -0.923873 0.3827 0
    outer loop
      vertex -4.26365 10.1724 23.1234
      vertex -4.551 9.47871 23.1234
      vertex -4.26365 10.1724 23.8766
    endloop
  endfacet
  facet normal -0.923873 0.3827 0
    outer loop
      vertex -4.551 9.47871 23.1234
      vertex -4.551 9.47871 23.8766
      vertex -4.26365 10.1724 23.8766
    endloop
  endfacet
  facet normal -0.97237 0.233444 0
    outer loop
      vertex -4.551 9.47871 23.1234
      vertex -4.72629 8.74857 23.1234
      vertex -4.551 9.47871 23.8766
    endloop
  endfacet
  facet normal -0.97237 0.233444 0
    outer loop
      vertex -4.72629 8.74857 23.1234
      vertex -4.72629 8.74857 23.8766
      vertex -4.551 9.47871 23.8766
    endloop
  endfacet
  facet normal -0.996918 0.0784541 0
    outer loop
      vertex -4.72629 8.74857 23.1234
      vertex -4.7852 8 23.1234
      vertex -4.72629 8.74857 23.8766
    endloop
  endfacet
  facet normal -0.996918 0.0784541 0
    outer loop
      vertex -4.7852 8 23.1234
      vertex -4.7852 8 23.8766
      vertex -4.72629 8.74857 23.8766
    endloop
  endfacet
  facet normal -0.996918 -0.0784541 0
    outer loop
      vertex -4.7852 8 23.1234
      vertex -4.72629 7.25143 23.1234
      vertex -4.7852 8 23.8766
    endloop
  endfacet
  facet normal -0.996918 -0.0784541 0
    outer loop
      vertex -4.72629 7.25143 23.1234
      vertex -4.72629 7.25143 23.8766
      vertex -4.7852 8 23.8766
    endloop
  endfacet
  facet normal -0.97237 -0.233444 0
    outer loop
      vertex -4.72629 7.25143 23.1234
      vertex -4.551 6.52129 23.1234
      vertex -4.72629 7.25143 23.8766
    endloop
  endfacet
  facet normal -0.97237 -0.233444 0
    outer loop
      vertex -4.551 6.52129 23.1234
      vertex -4.551 6.52129 23.8766
      vertex -4.72629 7.25143 23.8766
    endloop
  endfacet
  facet normal -0.923881 -0.382681 0
    outer loop
      vertex -4.551 6.52129 23.1234
      vertex -4.26365 5.82756 23.1234
      vertex -4.551 6.52129 23.8766
    endloop
  endfacet
  facet normal -0.923881 -0.382681 0
    outer loop
      vertex -4.26365 5.82756 23.1234
      vertex -4.26365 5.82756 23.8766
      vertex -4.551 6.52129 23.8766
    endloop
  endfacet
  facet normal -0.852636 -0.522505 0
    outer loop
      vertex -4.26365 5.82756 23.1234
      vertex -3.87131 5.18733 23.1234
      vertex -4.26365 5.82756 23.8766
    endloop
  endfacet
  facet normal -0.852636 -0.522505 0
    outer loop
      vertex -3.87131 5.18733 23.1234
      vertex -3.87131 5.18733 23.8766
      vertex -4.26365 5.82756 23.8766
    endloop
  endfacet
  facet normal -0.760408 -0.649446 0
    outer loop
      vertex -3.87131 5.18733 23.1234
      vertex -3.38365 4.61635 23.1234
      vertex -3.87131 5.18733 23.8766
    endloop
  endfacet
  facet normal -0.760408 -0.649446 0
    outer loop
      vertex -3.38365 4.61635 23.1234
      vertex -3.38365 4.61635 23.8766
      vertex -3.87131 5.18733 23.8766
    endloop
  endfacet
  facet normal -0.649446 -0.760408 0
    outer loop
      vertex -3.38365 4.61635 23.1234
      vertex -2.81267 4.12869 23.1234
      vertex -3.38365 4.61635 23.8766
    endloop
  endfacet
  facet normal -0.649446 -0.760408 0
    outer loop
      vertex -2.81267 4.12869 23.1234
      vertex -2.81267 4.12869 23.8766
      vertex -3.38365 4.61635 23.8766
    endloop
  endfacet
  facet normal -0.522505 -0.852636 0
    outer loop
      vertex -2.81267 4.12869 23.1234
      vertex -2.17244 3.73635 23.1234
      vertex -2.81267 4.12869 23.8766
    endloop
  endfacet
  facet normal -0.522505 -0.852636 0
    outer loop
      vertex -2.17244 3.73635 23.1234
      vertex -2.17244 3.73635 23.8766
      vertex -2.81267 4.12869 23.8766
    endloop
  endfacet
  facet normal -0.382681 -0.923881 0
    outer loop
      vertex -2.17244 3.73635 23.1234
      vertex -1.47871 3.449 23.1234
      vertex -2.17244 3.73635 23.8766
    endloop
  endfacet
  facet normal -0.382681 -0.923881 0
    outer loop
      vertex -1.47871 3.449 23.1234
      vertex -1.47871 3.449 23.8766
      vertex -2.17244 3.73635 23.8766
    endloop
  endfacet
  facet normal -0.233444 -0.97237 0
    outer loop
      vertex -1.47871 3.449 23.1234
      vertex -0.748571 3.27371 23.1234
      vertex -1.47871 3.449 23.8766
    endloop
  endfacet
  facet normal -0.233444 -0.97237 0
    outer loop
      vertex -0.748571 3.27371 23.1234
      vertex -0.748571 3.27371 23.8766
      vertex -1.47871 3.449 23.8766
    endloop
  endfacet
  facet normal -0.078454 -0.996918 0
    outer loop
      vertex -0.748571 3.27371 23.1234
      vertex 0 3.2148 23.1234
      vertex -0.748571 3.27371 23.8766
    endloop
  endfacet
  facet normal -0.078454 -0.996918 0
    outer loop
      vertex 0 3.2148 23.1234
      vertex 0 3.2148 23.8766
      vertex -0.748571 3.27371 23.8766
    endloop
  endfacet
  facet normal 0.078454 -0.996918 0
    outer loop
      vertex 0 3.2148 23.1234
      vertex 0.748571 3.27371 23.1234
      vertex 0 3.2148 23.8766
    endloop
  endfacet
  facet normal 0.078454 -0.996918 0
    outer loop
      vertex 0.748571 3.27371 23.1234
      vertex 0.748571 3.27371 23.8766
      vertex 0 3.2148 23.8766
    endloop
  endfacet
  facet normal 0.233444 -0.97237 0
    outer loop
      vertex 0.748571 3.27371 23.1234
      vertex 1.47871 3.449 23.1234
      vertex 0.748571 3.27371 23.8766
    endloop
  endfacet
  facet normal 0.233444 -0.97237 0
    outer loop
      vertex 1.47871 3.449 23.1234
      vertex 1.47871 3.449 23.8766
      vertex 0.748571 3.27371 23.8766
    endloop
  endfacet
  facet normal 0.382681 -0.923881 0
    outer loop
      vertex 1.47871 3.449 23.1234
      vertex 2.17244 3.73635 23.1234
      vertex 1.47871 3.449 23.8766
    endloop
  endfacet
  facet normal 0.382681 -0.923881 0
    outer loop
      vertex 2.17244 3.73635 23.1234
      vertex 2.17244 3.73635 23.8766
      vertex 1.47871 3.449 23.8766
    endloop
  endfacet
  facet normal 0.522505 -0.852636 0
    outer loop
      vertex 2.17244 3.73635 23.1234
      vertex 2.81267 4.12869 23.1234
      vertex 2.17244 3.73635 23.8766
    endloop
  endfacet
  facet normal 0.522505 -0.852636 0
    outer loop
      vertex 2.81267 4.12869 23.1234
      vertex 2.81267 4.12869 23.8766
      vertex 2.17244 3.73635 23.8766
    endloop
  endfacet
  facet normal 0.649446 -0.760408 0
    outer loop
      vertex 2.81267 4.12869 23.1234
      vertex 3.38365 4.61635 23.1234
      vertex 2.81267 4.12869 23.8766
    endloop
  endfacet
  facet normal 0.649446 -0.760408 0
    outer loop
      vertex 3.38365 4.61635 23.1234
      vertex 3.38365 4.61635 23.8766
      vertex 2.81267 4.12869 23.8766
    endloop
  endfacet
  facet normal 0.760408 -0.649446 0
    outer loop
      vertex 3.38365 4.61635 23.1234
      vertex 3.87131 5.18733 23.1234
      vertex 3.38365 4.61635 23.8766
    endloop
  endfacet
  facet normal 0.760408 -0.649446 0
    outer loop
      vertex 3.87131 5.18733 23.1234
      vertex 3.87131 5.18733 23.8766
      vertex 3.38365 4.61635 23.8766
    endloop
  endfacet
  facet normal 0.852636 -0.522505 0
    outer loop
      vertex 3.87131 5.18733 23.1234
      vertex 4.26365 5.82756 23.1234
      vertex 3.87131 5.18733 23.8766
    endloop
  endfacet
  facet normal 0.852636 -0.522505 0
    outer loop
      vertex 4.26365 5.82756 23.1234
      vertex 4.26365 5.82756 23.8766
      vertex 3.87131 5.18733 23.8766
    endloop
  endfacet
  facet normal 0.923881 -0.382681 0
    outer loop
      vertex 4.26365 5.82756 23.1234
      vertex 4.551 6.52129 23.1234
      vertex 4.26365 5.82756 23.8766
    endloop
  endfacet
  facet normal 0.923881 -0.382681 0
    outer loop
      vertex 4.551 6.52129 23.1234
      vertex 4.551 6.52129 23.8766
      vertex 4.26365 5.82756 23.8766
    endloop
  endfacet
  facet normal 0.97237 -0.233444 0
    outer loop
      vertex 4.551 6.52129 23.1234
      vertex 4.72629 7.25143 23.1234
      vertex 4.551 6.52129 23.8766
    endloop
  endfacet
  facet normal 0.97237 -0.233444 0
    outer loop
      vertex 4.72629 7.25143 23.1234
      vertex 4.72629 7.25143 23.8766
      vertex 4.551 6.52129 23.8766
    endloop
  endfacet
  facet normal 0.996918 -0.0784541 0
    outer loop
      vertex 4.72629 7.25143 23.1234
      vertex 4.7852 8 23.1234
      vertex 4.72629 7.25143 23.8766
    endloop
  endfacet
  facet normal 0.996918 -0.0784541 0
    outer loop
      vertex 4.7852 8 23.1234
      vertex 4.7852 8 23.8766
      vertex 4.72629 7.25143 23.8766
    endloop
  endfacet
  facet normal 0.984718 0.077508 -0.155961
    outer loop
      vertex 4.66738 8 22.3795
      vertex 4.60991 8.73014 22.3795
      vertex 4.7852 8 23.1234
    endloop
  endfacet
  facet normal 0.984717 0.077494 -0.155975
    outer loop
      vertex 4.60991 8.73014 22.3795
      vertex 4.72629 8.74857 23.1234
      vertex 4.7852 8 23.1234
    endloop
  endfacet
  facet normal 0.960471 0.230583 -0.155974
    outer loop
      vertex 4.60991 8.73014 22.3795
      vertex 4.43894 9.4423 22.3795
      vertex 4.72629 8.74857 23.1234
    endloop
  endfacet
  facet normal 0.96047 0.230587 -0.15597
    outer loop
      vertex 4.43894 9.4423 22.3795
      vertex 4.551 9.47871 23.1234
      vertex 4.72629 8.74857 23.1234
    endloop
  endfacet
  facet normal 0.912562 0.378027 -0.155969
    outer loop
      vertex 4.43894 9.4423 22.3795
      vertex 4.15866 10.1189 22.3795
      vertex 4.551 9.47871 23.1234
    endloop
  endfacet
  facet normal 0.912565 0.378015 -0.155981
    outer loop
      vertex 4.15866 10.1189 22.3795
      vertex 4.26365 10.1724 23.1234
      vertex 4.551 9.47871 23.1234
    endloop
  endfacet
  facet normal 0.842218 0.51608 -0.155982
    outer loop
      vertex 4.15866 10.1189 22.3795
      vertex 3.77599 10.7434 22.3795
      vertex 4.26365 10.1724 23.1234
    endloop
  endfacet
  facet normal 0.842223 0.516067 -0.155994
    outer loop
      vertex 3.77599 10.7434 22.3795
      vertex 3.87131 10.8127 23.1234
      vertex 4.26365 10.1724 23.1234
    endloop
  endfacet
  facet normal 0.751081 0.641514 -0.156002
    outer loop
      vertex 3.77599 10.7434 22.3795
      vertex 3.30033 11.3003 22.3795
      vertex 3.87131 10.8127 23.1234
    endloop
  endfacet
  facet normal 0.751059 0.641551 -0.155961
    outer loop
      vertex 3.30033 11.3003 22.3795
      vertex 3.38365 11.3836 23.1234
      vertex 3.87131 10.8127 23.1234
    endloop
  endfacet
  facet normal 0.641537 0.751071 -0.155958
    outer loop
      vertex 3.30033 11.3003 22.3795
      vertex 2.74341 11.776 22.3795
      vertex 3.38365 11.3836 23.1234
    endloop
  endfacet
  facet normal 0.64153 0.751078 -0.155949
    outer loop
      vertex 2.74341 11.776 22.3795
      vertex 2.81267 11.8713 23.1234
      vertex 3.38365 11.3836 23.1234
    endloop
  endfacet
  facet normal 0.51613 0.842194 -0.155946
    outer loop
      vertex 2.74341 11.776 22.3795
      vertex 2.11894 12.1587 22.3795
      vertex 2.81267 11.8713 23.1234
    endloop
  endfacet
  facet normal 0.516079 0.842237 -0.155882
    outer loop
      vertex 2.11894 12.1587 22.3795
      vertex 2.17244 12.2636 23.1234
      vertex 2.81267 11.8713 23.1234
    endloop
  endfacet
  facet normal 0.377921 0.912622 -0.155872
    outer loop
      vertex 2.11894 12.1587 22.3795
      vertex 1.4423 12.4389 22.3795
      vertex 2.17244 12.2636 23.1234
    endloop
  endfacet
  facet normal 0.378051 0.912544 -0.156017
    outer loop
      vertex 1.4423 12.4389 22.3795
      vertex 1.47871 12.551 23.1234
      vertex 2.17244 12.2636 23.1234
    endloop
  endfacet
  facet normal 0.230618 0.960454 -0.156021
    outer loop
      vertex 1.4423 12.4389 22.3795
      vertex 0.730138 12.6099 22.3795
      vertex 1.47871 12.551 23.1234
    endloop
  endfacet
  facet normal 0.230599 0.960463 -0.156
    outer loop
      vertex 0.730138 12.6099 22.3795
      vertex 0.748571 12.7263 23.1234
      vertex 1.47871 12.551 23.1234
    endloop
  endfacet
  facet normal 0.077548 0.984708 -0.156001
    outer loop
      vertex 0.730138 12.6099 22.3795
      vertex 0 12.6674 22.3795
      vertex 0.748571 12.7263 23.1234
    endloop
  endfacet
  facet normal 0.0774813 0.984724 -0.155936
    outer loop
      vertex 0 12.6674 22.3795
      vertex 0 12.7852 23.1234
      vertex 0.748571 12.7263 23.1234
    endloop
  endfacet
  facet normal -0.0775488 0.984719 -0.155935
    outer loop
      vertex 0 12.6674 22.3795
      vertex -0.730138 12.6099 22.3795
      vertex 0 12.7852 23.1234
    endloop
  endfacet
  facet normal -0.0774805 0.984713 -0.156001
    outer loop
      vertex -0.730138 12.6099 22.3795
      vertex -0.748571 12.7263 23.1234
      vertex 0 12.7852 23.1234
    endloop
  endfacet
  facet normal -0.230619 0.960458 -0.156
    outer loop
      vertex -0.730138 12.6099 22.3795
      vertex -1.4423 12.4389 22.3795
      vertex -0.748571 12.7263 23.1234
    endloop
  endfacet
  facet normal -0.230598 0.960459 -0.15602
    outer loop
      vertex -1.4423 12.4389 22.3795
      vertex -1.47871 12.551 23.1234
      vertex -0.748571 12.7263 23.1234
    endloop
  endfacet
  facet normal -0.377913 0.912601 -0.156019
    outer loop
      vertex -1.4423 12.4389 22.3795
      vertex -2.11894 12.1587 22.3795
      vertex -1.47871 12.551 23.1234
    endloop
  endfacet
  facet normal -0.378059 0.912565 -0.155873
    outer loop
      vertex -2.11894 12.1587 22.3795
      vertex -2.17244 12.2636 23.1234
      vertex -1.47871 12.551 23.1234
    endloop
  endfacet
  facet normal -0.516135 0.842203 -0.155882
    outer loop
      vertex -2.11894 12.1587 22.3795
      vertex -2.74341 11.776 22.3795
      vertex -2.17244 12.2636 23.1234
    endloop
  endfacet
  facet normal -0.516074 0.842228 -0.155945
    outer loop
      vertex -2.74341 11.776 22.3795
      vertex -2.81267 11.8713 23.1234
      vertex -2.17244 12.2636 23.1234
    endloop
  endfacet
  facet normal -0.641538 0.751072 -0.155948
    outer loop
      vertex -2.74341 11.776 22.3795
      vertex -3.30033 11.3003 22.3795
      vertex -2.81267 11.8713 23.1234
    endloop
  endfacet
  facet normal -0.641529 0.751077 -0.155958
    outer loop
      vertex -3.30033 11.3003 22.3795
      vertex -3.38365 11.3836 23.1234
      vertex -2.81267 11.8713 23.1234
    endloop
  endfacet
  facet normal -0.751086 0.641518 -0.15596
    outer loop
      vertex -3.30033 11.3003 22.3795
      vertex -3.77599 10.7434 22.3795
      vertex -3.38365 11.3836 23.1234
    endloop
  endfacet
  facet normal -0.751054 0.641546 -0.156002
    outer loop
      vertex -3.77599 10.7434 22.3795
      vertex -3.87131 10.8127 23.1234
      vertex -3.38365 11.3836 23.1234
    endloop
  endfacet
  facet normal -0.842217 0.516078 -0.155995
    outer loop
      vertex -3.77599 10.7434 22.3795
      vertex -4.15866 10.1189 22.3795
      vertex -3.87131 10.8127 23.1234
    endloop
  endfacet
  facet normal -0.842225 0.516068 -0.155982
    outer loop
      vertex -4.15866 10.1189 22.3795
      vertex -4.26365 10.1724 23.1234
      vertex -3.87131 10.8127 23.1234
    endloop
  endfacet
  facet normal -0.91256 0.378026 -0.155981
    outer loop
      vertex -4.15866 10.1189 22.3795
      vertex -4.43894 9.4423 22.3795
      vertex -4.26365 10.1724 23.1234
    endloop
  endfacet
  facet normal -0.912566 0.378016 -0.15597
    outer loop
      vertex -4.43894 9.4423 22.3795
      vertex -4.551 9.47871 23.1234
      vertex -4.26365 10.1724 23.1234
    endloop
  endfacet
  facet normal -0.960471 0.230583 -0.15597
    outer loop
      vertex -4.43894 9.4423 22.3795
      vertex -4.60991 8.73014 22.3795
      vertex -4.551 9.47871 23.1234
    endloop
  endfacet
  facet normal -0.96047 0.230587 -0.155974
    outer loop
      vertex -4.60991 8.73014 22.3795
      vertex -4.72629 8.74857 23.1234
      vertex -4.551 9.47871 23.1234
    endloop
  endfacet
  facet normal -0.984715 0.0775079 -0.155975
    outer loop
      vertex -4.60991 8.73014 22.3795
      vertex -4.66738 8 22.3795
      vertex -4.72629 8.74857 23.1234
    endloop
  endfacet
  facet normal -0.984719 0.0774941 -0.155961
    outer loop
      vertex -4.66738 8 22.3795
      vertex -4.7852 8 23.1234
      vertex -4.72629 8.74857 23.1234
    endloop
  endfacet
  facet normal -0.984718 -0.077508 -0.155961
    outer loop
      vertex -4.66738 8 22.3795
      vertex -4.60991 7.26986 22.3795
      vertex -4.7852 8 23.1234
    endloop
  endfacet
  facet normal -0.984717 -0.077494 -0.155975
    outer loop
      vertex -4.60991 7.26986 22.3795
      vertex -4.72629 7.25143 23.1234
      vertex -4.7852 8 23.1234
    endloop
  endfacet
  facet normal -0.960471 -0.230583 -0.155974
    outer loop
      vertex -4.60991 7.26986 22.3795
      vertex -4.43894 6.5577 22.3795
      vertex -4.72629 7.25143 23.1234
    endloop
  endfacet
  facet normal -0.96047 -0.230587 -0.15597
    outer loop
      vertex -4.43894 6.5577 22.3795
      vertex -4.551 6.52129 23.1234
      vertex -4.72629 7.25143 23.1234
    endloop
  endfacet
  facet normal -0.91257 -0.378008 -0.15597
    outer loop
      vertex -4.43894 6.5577 22.3795
      vertex -4.15866 5.88106 22.3795
      vertex -4.551 6.52129 23.1234
    endloop
  endfacet
  facet normal -0.912572 -0.377997 -0.15598
    outer loop
      vertex -4.15866 5.88106 22.3795
      vertex -4.26365 5.82756 23.1234
      vertex -4.551 6.52129 23.1234
    endloop
  endfacet
  facet normal -0.842207 -0.516098 -0.155981
    outer loop
      vertex -4.15866 5.88106 22.3795
      vertex -3.77599 5.25659 22.3795
      vertex -4.26365 5.82756 23.1234
    endloop
  endfacet
  facet normal -0.842202 -0.516111 -0.155968
    outer loop
      vertex -3.77599 5.25659 22.3795
      vertex -3.87131 5.18733 23.1234
      vertex -4.26365 5.82756 23.1234
    endloop
  endfacet
  facet normal -0.751097 -0.641504 -0.155969
    outer loop
      vertex -3.77599 5.25659 22.3795
      vertex -3.30033 4.69967 22.3795
      vertex -3.87131 5.18733 23.1234
    endloop
  endfacet
  facet normal -0.751101 -0.641497 -0.155977
    outer loop
      vertex -3.30033 4.69967 22.3795
      vertex -3.38365 4.61635 23.1234
      vertex -3.87131 5.18733 23.1234
    endloop
  endfacet
  facet normal -0.641503 -0.751096 -0.155977
    outer loop
      vertex -3.30033 4.69967 22.3795
      vertex -2.74341 4.22401 22.3795
      vertex -3.38365 4.61635 23.1234
    endloop
  endfacet
  facet normal -0.641498 -0.751102 -0.155969
    outer loop
      vertex -2.74341 4.22401 22.3795
      vertex -2.81267 4.12869 23.1234
      vertex -3.38365 4.61635 23.1234
    endloop
  endfacet
  facet normal -0.516099 -0.842209 -0.155968
    outer loop
      vertex -2.74341 4.22401 22.3795
      vertex -2.11894 3.84134 22.3795
      vertex -2.81267 4.12869 23.1234
    endloop
  endfacet
  facet normal -0.516109 -0.8422 -0.155981
    outer loop
      vertex -2.11894 3.84134 22.3795
      vertex -2.17244 3.73635 23.1234
      vertex -2.81267 4.12869 23.1234
    endloop
  endfacet
  facet normal -0.378007 -0.912568 -0.155981
    outer loop
      vertex -2.11894 3.84134 22.3795
      vertex -1.4423 3.56106 22.3795
      vertex -2.17244 3.73635 23.1234
    endloop
  endfacet
  facet normal -0.377997 -0.912574 -0.15597
    outer loop
      vertex -1.4423 3.56106 22.3795
      vertex -1.47871 3.449 23.1234
      vertex -2.17244 3.73635 23.1234
    endloop
  endfacet
  facet normal -0.230582 -0.960471 -0.15597
    outer loop
      vertex -1.4423 3.56106 22.3795
      vertex -0.730138 3.39009 22.3795
      vertex -1.47871 3.449 23.1234
    endloop
  endfacet
  facet normal -0.230587 -0.960469 -0.155975
    outer loop
      vertex -0.730138 3.39009 22.3795
      vertex -0.748571 3.27371 23.1234
      vertex -1.47871 3.449 23.1234
    endloop
  endfacet
  facet normal -0.0775081 -0.984715 -0.155975
    outer loop
      vertex -0.730138 3.39009 22.3795
      vertex 0 3.33262 22.3795
      vertex -0.748571 3.27371 23.1234
    endloop
  endfacet
  facet normal -0.077494 -0.984719 -0.155961
    outer loop
      vertex 0 3.33262 22.3795
      vertex 0 3.2148 23.1234
      vertex -0.748571 3.27371 23.1234
    endloop
  endfacet
  facet normal 0.0775082 -0.984718 -0.155961
    outer loop
      vertex 0 3.33262 22.3795
      vertex 0.730138 3.39009 22.3795
      vertex 0 3.2148 23.1234
    endloop
  endfacet
  facet normal 0.0774938 -0.984716 -0.155975
    outer loop
      vertex 0.730138 3.39009 22.3795
      vertex 0.748571 3.27371 23.1234
      vertex 0 3.2148 23.1234
    endloop
  endfacet
  facet normal 0.230582 -0.960471 -0.155975
    outer loop
      vertex 0.730138 3.39009 22.3795
      vertex 1.4423 3.56106 22.3795
      vertex 0.748571 3.27371 23.1234
    endloop
  endfacet
  facet normal 0.230587 -0.96047 -0.15597
    outer loop
      vertex 1.4423 3.56106 22.3795
      vertex 1.47871 3.449 23.1234
      vertex 0.748571 3.27371 23.1234
    endloop
  endfacet
  facet normal 0.378008 -0.91257 -0.15597
    outer loop
      vertex 1.4423 3.56106 22.3795
      vertex 2.11894 3.84134 22.3795
      vertex 1.47871 3.449 23.1234
    endloop
  endfacet
  facet normal 0.377997 -0.912572 -0.15598
    outer loop
      vertex 2.11894 3.84134 22.3795
      vertex 2.17244 3.73635 23.1234
      vertex 1.47871 3.449 23.1234
    endloop
  endfacet
  facet normal 0.516098 -0.842207 -0.155981
    outer loop
      vertex 2.11894 3.84134 22.3795
      vertex 2.74341 4.22401 22.3795
      vertex 2.17244 3.73635 23.1234
    endloop
  endfacet
  facet normal 0.516111 -0.842202 -0.155968
    outer loop
      vertex 2.74341 4.22401 22.3795
      vertex 2.81267 4.12869 23.1234
      vertex 2.17244 3.73635 23.1234
    endloop
  endfacet
  facet normal 0.641504 -0.751097 -0.155969
    outer loop
      vertex 2.74341 4.22401 22.3795
      vertex 3.30033 4.69967 22.3795
      vertex 2.81267 4.12869 23.1234
    endloop
  endfacet
  facet normal 0.641497 -0.751101 -0.155977
    outer loop
      vertex 3.30033 4.69967 22.3795
      vertex 3.38365 4.61635 23.1234
      vertex 2.81267 4.12869 23.1234
    endloop
  endfacet
  facet normal 0.751096 -0.641503 -0.155977
    outer loop
      vertex 3.30033 4.69967 22.3795
      vertex 3.77599 5.25659 22.3795
      vertex 3.38365 4.61635 23.1234
    endloop
  endfacet
  facet normal 0.751102 -0.641498 -0.155969
    outer loop
      vertex 3.77599 5.25659 22.3795
      vertex 3.87131 5.18733 23.1234
      vertex 3.38365 4.61635 23.1234
    endloop
  endfacet
  facet normal 0.842209 -0.516099 -0.155968
    outer loop
      vertex 3.77599 5.25659 22.3795
      vertex 4.15866 5.88106 22.3795
      vertex 3.87131 5.18733 23.1234
    endloop
  endfacet
  facet normal 0.8422 -0.516109 -0.155981
    outer loop
      vertex 4.15866 5.88106 22.3795
      vertex 4.26365 5.82756 23.1234
      vertex 3.87131 5.18733 23.1234
    endloop
  endfacet
  facet normal 0.912568 -0.378007 -0.155981
    outer loop
      vertex 4.15866 5.88106 22.3795
      vertex 4.43894 6.5577 22.3795
      vertex 4.26365 5.82756 23.1234
    endloop
  endfacet
  facet normal 0.912574 -0.377997 -0.15597
    outer loop
      vertex 4.43894 6.5577 22.3795
      vertex 4.551 6.52129 23.1234
      vertex 4.26365 5.82756 23.1234
    endloop
  endfacet
  facet normal 0.960471 -0.230583 -0.15597
    outer loop
      vertex 4.43894 6.5577 22.3795
      vertex 4.60991 7.26986 22.3795
      vertex 4.551 6.52129 23.1234
    endloop
  endfacet
  facet normal 0.96047 -0.230587 -0.155974
    outer loop
      vertex 4.60991 7.26986 22.3795
      vertex 4.72629 7.25143 23.1234
      vertex 4.551 6.52129 23.1234
    endloop
  endfacet
  facet normal 0.984715 -0.0775079 -0.155975
    outer loop
      vertex 4.60991 7.26986 22.3795
      vertex 4.66738 8 22.3795
      vertex 4.72629 7.25143 23.1234
    endloop
  endfacet
  facet normal 0.984719 -0.0774941 -0.155961
    outer loop
      vertex 4.66738 8 22.3795
      vertex 4.7852 8 23.1234
      vertex 4.72629 7.25143 23.1234
    endloop
  endfacet
  facet normal 0.948408 0.0746444 -0.30814
    outer loop
      vertex 4.43462 8 21.6631
      vertex 4.38002 8.69373 21.6631
      vertex 4.66738 8 22.3795
    endloop
  endfacet
  facet normal 0.948409 0.0746502 -0.308135
    outer loop
      vertex 4.38002 8.69373 21.6631
      vertex 4.60991 8.73014 22.3795
      vertex 4.66738 8 22.3795
    endloop
  endfacet
  facet normal 0.925059 0.222078 -0.308135
    outer loop
      vertex 4.38002 8.69373 21.6631
      vertex 4.21758 9.37037 21.6631
      vertex 4.60991 8.73014 22.3795
    endloop
  endfacet
  facet normal 0.925059 0.222081 -0.308132
    outer loop
      vertex 4.21758 9.37037 21.6631
      vertex 4.43894 9.4423 22.3795
      vertex 4.60991 8.73014 22.3795
    endloop
  endfacet
  facet normal 0.878932 0.364051 -0.308133
    outer loop
      vertex 4.21758 9.37037 21.6631
      vertex 3.95128 10.0133 21.6631
      vertex 4.43894 9.4423 22.3795
    endloop
  endfacet
  facet normal 0.878927 0.364093 -0.308096
    outer loop
      vertex 3.95128 10.0133 21.6631
      vertex 4.15866 10.1189 22.3795
      vertex 4.43894 9.4423 22.3795
    endloop
  endfacet
  facet normal 0.811152 0.497109 -0.308084
    outer loop
      vertex 3.95128 10.0133 21.6631
      vertex 3.58768 10.6066 21.6631
      vertex 4.15866 10.1189 22.3795
    endloop
  endfacet
  facet normal 0.811167 0.497052 -0.308135
    outer loop
      vertex 3.58768 10.6066 21.6631
      vertex 3.77599 10.7434 22.3795
      vertex 4.15866 10.1189 22.3795
    endloop
  endfacet
  facet normal 0.72344 0.617809 -0.308134
    outer loop
      vertex 3.58768 10.6066 21.6631
      vertex 3.13575 11.1358 21.6631
      vertex 3.77599 10.7434 22.3795
    endloop
  endfacet
  facet normal 0.723409 0.617879 -0.308068
    outer loop
      vertex 3.13575 11.1358 21.6631
      vertex 3.30033 11.3003 22.3795
      vertex 3.77599 10.7434 22.3795
    endloop
  endfacet
  facet normal 0.617842 0.723445 -0.308056
    outer loop
      vertex 3.13575 11.1358 21.6631
      vertex 2.60661 11.5877 21.6631
      vertex 3.30033 11.3003 22.3795
    endloop
  endfacet
  facet normal 0.617884 0.723381 -0.308123
    outer loop
      vertex 2.60661 11.5877 21.6631
      vertex 2.74341 11.776 22.3795
      vertex 3.30033 11.3003 22.3795
    endloop
  endfacet
  facet normal 0.497084 0.811151 -0.308125
    outer loop
      vertex 2.60661 11.5877 21.6631
      vertex 2.01328 11.9513 21.6631
      vertex 2.74341 11.776 22.3795
    endloop
  endfacet
  facet normal 0.497097 0.811137 -0.308142
    outer loop
      vertex 2.01328 11.9513 21.6631
      vertex 2.11894 12.1587 22.3795
      vertex 2.74341 11.776 22.3795
    endloop
  endfacet
  facet normal 0.364059 0.878924 -0.308145
    outer loop
      vertex 2.01328 11.9513 21.6631
      vertex 1.37037 12.2176 21.6631
      vertex 2.11894 12.1587 22.3795
    endloop
  endfacet
  facet normal 0.36399 0.87898 -0.308068
    outer loop
      vertex 1.37037 12.2176 21.6631
      vertex 1.4423 12.4389 22.3795
      vertex 2.11894 12.1587 22.3795
    endloop
  endfacet
  facet normal 0.222031 0.925095 -0.30806
    outer loop
      vertex 1.37037 12.2176 21.6631
      vertex 0.693728 12.38 21.6631
      vertex 1.4423 12.4389 22.3795
    endloop
  endfacet
  facet normal 0.222116 0.925046 -0.308145
    outer loop
      vertex 0.693728 12.38 21.6631
      vertex 0.730138 12.6099 22.3795
      vertex 1.4423 12.4389 22.3795
    endloop
  endfacet
  facet normal 0.0746445 0.948406 -0.308147
    outer loop
      vertex 0.693728 12.38 21.6631
      vertex 0 12.4346 21.6631
      vertex 0.730138 12.6099 22.3795
    endloop
  endfacet
  facet normal 0.0746878 0.948389 -0.308187
    outer loop
      vertex 0 12.4346 21.6631
      vertex 0 12.6674 22.3795
      vertex 0.730138 12.6099 22.3795
    endloop
  endfacet
  facet normal -0.0746434 0.948393 -0.308188
    outer loop
      vertex 0 12.4346 21.6631
      vertex -0.693728 12.38 21.6631
      vertex 0 12.6674 22.3795
    endloop
  endfacet
  facet normal -0.0746888 0.948402 -0.308148
    outer loop
      vertex -0.693728 12.38 21.6631
      vertex -0.730138 12.6099 22.3795
      vertex 0 12.6674 22.3795
    endloop
  endfacet
  facet normal -0.222024 0.925068 -0.308148
    outer loop
      vertex -0.693728 12.38 21.6631
      vertex -1.37037 12.2176 21.6631
      vertex -0.730138 12.6099 22.3795
    endloop
  endfacet
  facet normal -0.222123 0.925072 -0.308062
    outer loop
      vertex -1.37037 12.2176 21.6631
      vertex -1.4423 12.4389 22.3795
      vertex -0.730138 12.6099 22.3795
    endloop
  endfacet
  facet normal -0.364069 0.878948 -0.308066
    outer loop
      vertex -1.37037 12.2176 21.6631
      vertex -2.01328 11.9513 21.6631
      vertex -1.4423 12.4389 22.3795
    endloop
  endfacet
  facet normal -0.363981 0.878957 -0.308143
    outer loop
      vertex -2.01328 11.9513 21.6631
      vertex -2.11894 12.1587 22.3795
      vertex -1.4423 12.4389 22.3795
    endloop
  endfacet
  facet normal -0.497081 0.811147 -0.308143
    outer loop
      vertex -2.01328 11.9513 21.6631
      vertex -2.60661 11.5877 21.6631
      vertex -2.11894 12.1587 22.3795
    endloop
  endfacet
  facet normal -0.4971 0.811141 -0.308126
    outer loop
      vertex -2.60661 11.5877 21.6631
      vertex -2.74341 11.776 22.3795
      vertex -2.11894 12.1587 22.3795
    endloop
  endfacet
  facet normal -0.617828 0.723428 -0.308124
    outer loop
      vertex -2.60661 11.5877 21.6631
      vertex -3.13575 11.1358 21.6631
      vertex -2.74341 11.776 22.3795
    endloop
  endfacet
  facet normal -0.617898 0.723397 -0.308058
    outer loop
      vertex -3.13575 11.1358 21.6631
      vertex -3.30033 11.3003 22.3795
      vertex -2.74341 11.776 22.3795
    endloop
  endfacet
  facet normal -0.723457 0.617823 -0.308066
    outer loop
      vertex -3.13575 11.1358 21.6631
      vertex -3.58768 10.6066 21.6631
      vertex -3.30033 11.3003 22.3795
    endloop
  endfacet
  facet normal -0.723393 0.617865 -0.308132
    outer loop
      vertex -3.58768 10.6066 21.6631
      vertex -3.77599 10.7434 22.3795
      vertex -3.30033 11.3003 22.3795
    endloop
  endfacet
  facet normal -0.811137 0.4971 -0.308136
    outer loop
      vertex -3.58768 10.6066 21.6631
      vertex -3.95128 10.0133 21.6631
      vertex -3.77599 10.7434 22.3795
    endloop
  endfacet
  facet normal -0.811181 0.497061 -0.308085
    outer loop
      vertex -3.95128 10.0133 21.6631
      vertex -4.15866 10.1189 22.3795
      vertex -3.77599 10.7434 22.3795
    endloop
  endfacet
  facet normal -0.878943 0.364056 -0.308095
    outer loop
      vertex -3.95128 10.0133 21.6631
      vertex -4.21758 9.37037 21.6631
      vertex -4.15866 10.1189 22.3795
    endloop
  endfacet
  facet normal -0.878916 0.364089 -0.308132
    outer loop
      vertex -4.21758 9.37037 21.6631
      vertex -4.43894 9.4423 22.3795
      vertex -4.15866 10.1189 22.3795
    endloop
  endfacet
  facet normal -0.92506 0.222078 -0.308131
    outer loop
      vertex -4.21758 9.37037 21.6631
      vertex -4.38002 8.69373 21.6631
      vertex -4.43894 9.4423 22.3795
    endloop
  endfacet
  facet normal -0.925058 0.222081 -0.308135
    outer loop
      vertex -4.38002 8.69373 21.6631
      vertex -4.60991 8.73014 22.3795
      vertex -4.43894 9.4423 22.3795
    endloop
  endfacet
  facet normal -0.94841 0.0746446 -0.308135
    outer loop
      vertex -4.38002 8.69373 21.6631
      vertex -4.43462 8 21.6631
      vertex -4.60991 8.73014 22.3795
    endloop
  endfacet
  facet normal -0.948408 0.0746501 -0.30814
    outer loop
      vertex -4.43462 8 21.6631
      vertex -4.66738 8 22.3795
      vertex -4.60991 8.73014 22.3795
    endloop
  endfacet
  facet normal -0.948408 -0.0746444 -0.30814
    outer loop
      vertex -4.43462 8 21.6631
      vertex -4.38002 7.30627 21.6631
      vertex -4.66738 8 22.3795
    endloop
  endfacet
  facet normal -0.948409 -0.0746502 -0.308135
    outer loop
      vertex -4.38002 7.30627 21.6631
      vertex -4.60991 7.26986 22.3795
      vertex -4.66738 8 22.3795
    endloop
  endfacet
  facet normal -0.925059 -0.222078 -0.308135
    outer loop
      vertex -4.38002 7.30627 21.6631
      vertex -4.21758 6.62963 21.6631
      vertex -4.60991 7.26986 22.3795
    endloop
  endfacet
  facet normal -0.925059 -0.222081 -0.308132
    outer loop
      vertex -4.21758 6.62963 21.6631
      vertex -4.43894 6.5577 22.3795
      vertex -4.60991 7.26986 22.3795
    endloop
  endfacet
  facet normal -0.878928 -0.364061 -0.308133
    outer loop
      vertex -4.21758 6.62963 21.6631
      vertex -3.95128 5.98672 21.6631
      vertex -4.43894 6.5577 22.3795
    endloop
  endfacet
  facet normal -0.878926 -0.364072 -0.308123
    outer loop
      vertex -3.95128 5.98672 21.6631
      vertex -4.15866 5.88106 22.3795
      vertex -4.43894 6.5577 22.3795
    endloop
  endfacet
  facet normal -0.811152 -0.497084 -0.308122
    outer loop
      vertex -3.95128 5.98672 21.6631
      vertex -3.58768 5.39339 21.6631
      vertex -4.15866 5.88106 22.3795
    endloop
  endfacet
  facet normal -0.811156 -0.49707 -0.308135
    outer loop
      vertex -3.58768 5.39339 21.6631
      vertex -3.77599 5.25659 22.3795
      vertex -4.15866 5.88106 22.3795
    endloop
  endfacet
  facet normal -0.723406 -0.617849 -0.308133
    outer loop
      vertex -3.58768 5.39339 21.6631
      vertex -3.13575 4.86425 21.6631
      vertex -3.77599 5.25659 22.3795
    endloop
  endfacet
  facet normal -0.723404 -0.617853 -0.30813
    outer loop
      vertex -3.13575 4.86425 21.6631
      vertex -3.30033 4.69967 22.3795
      vertex -3.77599 5.25659 22.3795
    endloop
  endfacet
  facet normal -0.61785 -0.723407 -0.30813
    outer loop
      vertex -3.13575 4.86425 21.6631
      vertex -2.60661 4.41232 21.6631
      vertex -3.30033 4.69967 22.3795
    endloop
  endfacet
  facet normal -0.617852 -0.723404 -0.308133
    outer loop
      vertex -2.60661 4.41232 21.6631
      vertex -2.74341 4.22401 22.3795
      vertex -3.30033 4.69967 22.3795
    endloop
  endfacet
  facet normal -0.497082 -0.811149 -0.308135
    outer loop
      vertex -2.60661 4.41232 21.6631
      vertex -2.01328 4.04872 21.6631
      vertex -2.74341 4.22401 22.3795
    endloop
  endfacet
  facet normal -0.497072 -0.81116 -0.308122
    outer loop
      vertex -2.01328 4.04872 21.6631
      vertex -2.11894 3.84134 22.3795
      vertex -2.74341 4.22401 22.3795
    endloop
  endfacet
  facet normal -0.364062 -0.878931 -0.308123
    outer loop
      vertex -2.01328 4.04872 21.6631
      vertex -1.37037 3.78242 21.6631
      vertex -2.11894 3.84134 22.3795
    endloop
  endfacet
  facet normal -0.364071 -0.878924 -0.308133
    outer loop
      vertex -1.37037 3.78242 21.6631
      vertex -1.4423 3.56106 22.3795
      vertex -2.11894 3.84134 22.3795
    endloop
  endfacet
  facet normal -0.222077 -0.92506 -0.308131
    outer loop
      vertex -1.37037 3.78242 21.6631
      vertex -0.693728 3.61998 21.6631
      vertex -1.4423 3.56106 22.3795
    endloop
  endfacet
  facet normal -0.22208 -0.925059 -0.308135
    outer loop
      vertex -0.693728 3.61998 21.6631
      vertex -0.730138 3.39009 22.3795
      vertex -1.4423 3.56106 22.3795
    endloop
  endfacet
  facet normal -0.0746448 -0.94841 -0.308135
    outer loop
      vertex -0.693728 3.61998 21.6631
      vertex 0 3.56538 21.6631
      vertex -0.730138 3.39009 22.3795
    endloop
  endfacet
  facet normal -0.0746503 -0.948408 -0.30814
    outer loop
      vertex 0 3.56538 21.6631
      vertex 0 3.33262 22.3795
      vertex -0.730138 3.39009 22.3795
    endloop
  endfacet
  facet normal 0.0746446 -0.948408 -0.30814
    outer loop
      vertex 0 3.56538 21.6631
      vertex 0.693728 3.61998 21.6631
      vertex 0 3.33262 22.3795
    endloop
  endfacet
  facet normal 0.0746504 -0.948409 -0.308135
    outer loop
      vertex 0.693728 3.61998 21.6631
      vertex 0.730138 3.39009 22.3795
      vertex 0 3.33262 22.3795
    endloop
  endfacet
  facet normal 0.222077 -0.925059 -0.308135
    outer loop
      vertex 0.693728 3.61998 21.6631
      vertex 1.37037 3.78242 21.6631
      vertex 0.730138 3.39009 22.3795
    endloop
  endfacet
  facet normal 0.222081 -0.92506 -0.308132
    outer loop
      vertex 1.37037 3.78242 21.6631
      vertex 1.4423 3.56106 22.3795
      vertex 0.730138 3.39009 22.3795
    endloop
  endfacet
  facet normal 0.364061 -0.878928 -0.308133
    outer loop
      vertex 1.37037 3.78242 21.6631
      vertex 2.01328 4.04872 21.6631
      vertex 1.4423 3.56106 22.3795
    endloop
  endfacet
  facet normal 0.364072 -0.878926 -0.308123
    outer loop
      vertex 2.01328 4.04872 21.6631
      vertex 2.11894 3.84134 22.3795
      vertex 1.4423 3.56106 22.3795
    endloop
  endfacet
  facet normal 0.497084 -0.811152 -0.308122
    outer loop
      vertex 2.01328 4.04872 21.6631
      vertex 2.60661 4.41232 21.6631
      vertex 2.11894 3.84134 22.3795
    endloop
  endfacet
  facet normal 0.49707 -0.811156 -0.308135
    outer loop
      vertex 2.60661 4.41232 21.6631
      vertex 2.74341 4.22401 22.3795
      vertex 2.11894 3.84134 22.3795
    endloop
  endfacet
  facet normal 0.617849 -0.723406 -0.308133
    outer loop
      vertex 2.60661 4.41232 21.6631
      vertex 3.13575 4.86425 21.6631
      vertex 2.74341 4.22401 22.3795
    endloop
  endfacet
  facet normal 0.617853 -0.723404 -0.30813
    outer loop
      vertex 3.13575 4.86425 21.6631
      vertex 3.30033 4.69967 22.3795
      vertex 2.74341 4.22401 22.3795
    endloop
  endfacet
  facet normal 0.723407 -0.61785 -0.30813
    outer loop
      vertex 3.13575 4.86425 21.6631
      vertex 3.58768 5.39339 21.6631
      vertex 3.30033 4.69967 22.3795
    endloop
  endfacet
  facet normal 0.723404 -0.617852 -0.308133
    outer loop
      vertex 3.58768 5.39339 21.6631
      vertex 3.77599 5.25659 22.3795
      vertex 3.30033 4.69967 22.3795
    endloop
  endfacet
  facet normal 0.811149 -0.497082 -0.308135
    outer loop
      vertex 3.58768 5.39339 21.6631
      vertex 3.95128 5.98672 21.6631
      vertex 3.77599 5.25659 22.3795
    endloop
  endfacet
  facet normal 0.81116 -0.497072 -0.308122
    outer loop
      vertex 3.95128 5.98672 21.6631
      vertex 4.15866 5.88106 22.3795
      vertex 3.77599 5.25659 22.3795
    endloop
  endfacet
  facet normal 0.878931 -0.364062 -0.308123
    outer loop
      vertex 3.95128 5.98672 21.6631
      vertex 4.21758 6.62963 21.6631
      vertex 4.15866 5.88106 22.3795
    endloop
  endfacet
  facet normal 0.878924 -0.364071 -0.308133
    outer loop
      vertex 4.21758 6.62963 21.6631
      vertex 4.43894 6.5577 22.3795
      vertex 4.15866 5.88106 22.3795
    endloop
  endfacet
  facet normal 0.92506 -0.222078 -0.308131
    outer loop
      vertex 4.21758 6.62963 21.6631
      vertex 4.38002 7.30627 21.6631
      vertex 4.43894 6.5577 22.3795
    endloop
  endfacet
  facet normal 0.925058 -0.222081 -0.308135
    outer loop
      vertex 4.38002 7.30627 21.6631
      vertex 4.60991 7.26986 22.3795
      vertex 4.43894 6.5577 22.3795
    endloop
  endfacet
  facet normal 0.94841 -0.0746446 -0.308135
    outer loop
      vertex 4.38002 7.30627 21.6631
      vertex 4.43462 8 21.6631
      vertex 4.60991 7.26986 22.3795
    endloop
  endfacet
  facet normal 0.948408 -0.0746501 -0.30814
    outer loop
      vertex 4.43462 8 21.6631
      vertex 4.66738 8 22.3795
      vertex 4.60991 7.26986 22.3795
    endloop
  endfacet
  facet normal 0.88882 0.0699555 -0.452886
    outer loop
      vertex 4.09267 8 20.992
      vertex 4.04228 8.64023 20.992
      vertex 4.43462 8 21.6631
    endloop
  endfacet
  facet normal 0.888819 0.0699545 -0.452887
    outer loop
      vertex 4.04228 8.64023 20.992
      vertex 4.38002 8.69373 21.6631
      vertex 4.43462 8 21.6631
    endloop
  endfacet
  facet normal 0.866935 0.208127 -0.452888
    outer loop
      vertex 4.04228 8.64023 20.992
      vertex 3.89236 9.26471 20.992
      vertex 4.38002 8.69373 21.6631
    endloop
  endfacet
  facet normal 0.866934 0.208124 -0.45289
    outer loop
      vertex 3.89236 9.26471 20.992
      vertex 4.21758 9.37037 21.6631
      vertex 4.38002 8.69373 21.6631
    endloop
  endfacet
  facet normal 0.823701 0.341186 -0.452889
    outer loop
      vertex 3.89236 9.26471 20.992
      vertex 3.6466 9.85803 20.992
      vertex 4.21758 9.37037 21.6631
    endloop
  endfacet
  facet normal 0.823701 0.341175 -0.452897
    outer loop
      vertex 3.6466 9.85803 20.992
      vertex 3.95128 10.0133 21.6631
      vertex 4.21758 9.37037 21.6631
    endloop
  endfacet
  facet normal 0.760175 0.465848 -0.452902
    outer loop
      vertex 3.6466 9.85803 20.992
      vertex 3.31104 10.4056 20.992
      vertex 3.95128 10.0133 21.6631
    endloop
  endfacet
  facet normal 0.760172 0.465866 -0.452888
    outer loop
      vertex 3.31104 10.4056 20.992
      vertex 3.58768 10.6066 21.6631
      vertex 3.95128 10.0133 21.6631
    endloop
  endfacet
  facet normal 0.677989 0.578984 -0.45289
    outer loop
      vertex 3.31104 10.4056 20.992
      vertex 2.89396 10.894 20.992
      vertex 3.58768 10.6066 21.6631
    endloop
  endfacet
  facet normal 0.677986 0.578991 -0.452884
    outer loop
      vertex 2.89396 10.894 20.992
      vertex 3.13575 11.1358 21.6631
      vertex 3.58768 10.6066 21.6631
    endloop
  endfacet
  facet normal 0.578956 0.678017 -0.452884
    outer loop
      vertex 2.89396 10.894 20.992
      vertex 2.40561 11.311 20.992
      vertex 3.13575 11.1358 21.6631
    endloop
  endfacet
  facet normal 0.57899 0.677952 -0.452937
    outer loop
      vertex 2.40561 11.311 20.992
      vertex 2.60661 11.5877 21.6631
      vertex 3.13575 11.1358 21.6631
    endloop
  endfacet
  facet normal 0.465871 0.760136 -0.452943
    outer loop
      vertex 2.40561 11.311 20.992
      vertex 1.85803 11.6466 20.992
      vertex 2.60661 11.5877 21.6631
    endloop
  endfacet
  facet normal 0.465844 0.760173 -0.452909
    outer loop
      vertex 1.85803 11.6466 20.992
      vertex 2.01328 11.9513 21.6631
      vertex 2.60661 11.5877 21.6631
    endloop
  endfacet
  facet normal 0.34123 0.823671 -0.452911
    outer loop
      vertex 1.85803 11.6466 20.992
      vertex 1.26471 11.8924 20.992
      vertex 2.01328 11.9513 21.6631
    endloop
  endfacet
  facet normal 0.341189 0.82371 -0.45287
    outer loop
      vertex 1.26471 11.8924 20.992
      vertex 1.37037 12.2176 21.6631
      vertex 2.01328 11.9513 21.6631
    endloop
  endfacet
  facet normal 0.208104 0.86695 -0.452869
    outer loop
      vertex 1.26471 11.8924 20.992
      vertex 0.640235 12.0423 20.992
      vertex 1.37037 12.2176 21.6631
    endloop
  endfacet
  facet normal 0.20808 0.866967 -0.452847
    outer loop
      vertex 0.640235 12.0423 20.992
      vertex 0.693728 12.38 21.6631
      vertex 1.37037 12.2176 21.6631
    endloop
  endfacet
  facet normal 0.0699704 0.88884 -0.452845
    outer loop
      vertex 0.640235 12.0423 20.992
      vertex 0 12.0927 20.992
      vertex 0.693728 12.38 21.6631
    endloop
  endfacet
  facet normal 0.0699568 0.888846 -0.452834
    outer loop
      vertex 0 12.0927 20.992
      vertex 0 12.4346 21.6631
      vertex 0.693728 12.38 21.6631
    endloop
  endfacet
  facet normal -0.0699709 0.888845 -0.452833
    outer loop
      vertex 0 12.0927 20.992
      vertex -0.640235 12.0423 20.992
      vertex 0 12.4346 21.6631
    endloop
  endfacet
  facet normal -0.0699564 0.888841 -0.452844
    outer loop
      vertex -0.640235 12.0423 20.992
      vertex -0.693728 12.38 21.6631
      vertex 0 12.4346 21.6631
    endloop
  endfacet
  facet normal -0.208107 0.866961 -0.452846
    outer loop
      vertex -0.640235 12.0423 20.992
      vertex -1.26471 11.8924 20.992
      vertex -0.693728 12.38 21.6631
    endloop
  endfacet
  facet normal -0.208077 0.866957 -0.452868
    outer loop
      vertex -1.26471 11.8924 20.992
      vertex -1.37037 12.2176 21.6631
      vertex -0.693728 12.38 21.6631
    endloop
  endfacet
  facet normal -0.341238 0.823691 -0.452868
    outer loop
      vertex -1.26471 11.8924 20.992
      vertex -1.85803 11.6466 20.992
      vertex -1.37037 12.2176 21.6631
    endloop
  endfacet
  facet normal -0.341182 0.823692 -0.452909
    outer loop
      vertex -1.85803 11.6466 20.992
      vertex -2.01328 11.9513 21.6631
      vertex -1.37037 12.2176 21.6631
    endloop
  endfacet
  facet normal -0.465881 0.760152 -0.452907
    outer loop
      vertex -1.85803 11.6466 20.992
      vertex -2.40561 11.311 20.992
      vertex -2.01328 11.9513 21.6631
    endloop
  endfacet
  facet normal -0.465835 0.760159 -0.452941
    outer loop
      vertex -2.40561 11.311 20.992
      vertex -2.60661 11.5877 21.6631
      vertex -2.01328 11.9513 21.6631
    endloop
  endfacet
  facet normal -0.578937 0.677995 -0.452939
    outer loop
      vertex -2.40561 11.311 20.992
      vertex -2.89396 10.894 20.992
      vertex -2.60661 11.5877 21.6631
    endloop
  endfacet
  facet normal -0.579007 0.677972 -0.452886
    outer loop
      vertex -2.89396 10.894 20.992
      vertex -3.13575 11.1358 21.6631
      vertex -2.60661 11.5877 21.6631
    endloop
  endfacet
  facet normal -0.677991 0.578986 -0.452884
    outer loop
      vertex -2.89396 10.894 20.992
      vertex -3.31104 10.4056 20.992
      vertex -3.13575 11.1358 21.6631
    endloop
  endfacet
  facet normal -0.677984 0.578989 -0.45289
    outer loop
      vertex -3.31104 10.4056 20.992
      vertex -3.58768 10.6066 21.6631
      vertex -3.13575 11.1358 21.6631
    endloop
  endfacet
  facet normal -0.760181 0.465852 -0.452887
    outer loop
      vertex -3.31104 10.4056 20.992
      vertex -3.6466 9.85803 20.992
      vertex -3.58768 10.6066 21.6631
    endloop
  endfacet
  facet normal -0.760166 0.465863 -0.452901
    outer loop
      vertex -3.6466 9.85803 20.992
      vertex -3.95128 10.0133 21.6631
      vertex -3.58768 10.6066 21.6631
    endloop
  endfacet
  facet normal -0.823697 0.341185 -0.452898
    outer loop
      vertex -3.6466 9.85803 20.992
      vertex -3.89236 9.26471 20.992
      vertex -3.95128 10.0133 21.6631
    endloop
  endfacet
  facet normal -0.823705 0.341177 -0.452889
    outer loop
      vertex -3.89236 9.26471 20.992
      vertex -4.21758 9.37037 21.6631
      vertex -3.95128 10.0133 21.6631
    endloop
  endfacet
  facet normal -0.866934 0.208126 -0.45289
    outer loop
      vertex -3.89236 9.26471 20.992
      vertex -4.04228 8.64023 20.992
      vertex -4.21758 9.37037 21.6631
    endloop
  endfacet
  facet normal -0.866935 0.208124 -0.452888
    outer loop
      vertex -4.04228 8.64023 20.992
      vertex -4.38002 8.69373 21.6631
      vertex -4.21758 9.37037 21.6631
    endloop
  endfacet
  facet normal -0.888819 0.0699555 -0.452887
    outer loop
      vertex -4.04228 8.64023 20.992
      vertex -4.09267 8 20.992
      vertex -4.38002 8.69373 21.6631
    endloop
  endfacet
  facet normal -0.88882 0.0699545 -0.452886
    outer loop
      vertex -4.09267 8 20.992
      vertex -4.43462 8 21.6631
      vertex -4.38002 8.69373 21.6631
    endloop
  endfacet
  facet normal -0.88882 -0.0699555 -0.452886
    outer loop
      vertex -4.09267 8 20.992
      vertex -4.04228 7.35977 20.992
      vertex -4.43462 8 21.6631
    endloop
  endfacet
  facet normal -0.888819 -0.0699545 -0.452887
    outer loop
      vertex -4.04228 7.35977 20.992
      vertex -4.38002 7.30627 21.6631
      vertex -4.43462 8 21.6631
    endloop
  endfacet
  facet normal -0.866935 -0.208127 -0.452888
    outer loop
      vertex -4.04228 7.35977 20.992
      vertex -3.89236 6.73529 20.992
      vertex -4.38002 7.30627 21.6631
    endloop
  endfacet
  facet normal -0.866934 -0.208124 -0.45289
    outer loop
      vertex -3.89236 6.73529 20.992
      vertex -4.21758 6.62963 21.6631
      vertex -4.38002 7.30627 21.6631
    endloop
  endfacet
  facet normal -0.823701 -0.341186 -0.452889
    outer loop
      vertex -3.89236 6.73529 20.992
      vertex -3.6466 6.14197 20.992
      vertex -4.21758 6.62963 21.6631
    endloop
  endfacet
  facet normal -0.823701 -0.341186 -0.45289
    outer loop
      vertex -3.6466 6.14197 20.992
      vertex -3.95128 5.98672 21.6631
      vertex -4.21758 6.62963 21.6631
    endloop
  endfacet
  facet normal -0.760183 -0.465845 -0.452891
    outer loop
      vertex -3.6466 6.14197 20.992
      vertex -3.31104 5.59439 20.992
      vertex -3.95128 5.98672 21.6631
    endloop
  endfacet
  facet normal -0.760183 -0.465849 -0.452887
    outer loop
      vertex -3.31104 5.59439 20.992
      vertex -3.58768 5.39339 21.6631
      vertex -3.95128 5.98672 21.6631
    endloop
  endfacet
  facet normal -0.67796 -0.579018 -0.452889
    outer loop
      vertex -3.31104 5.59439 20.992
      vertex -2.89396 5.10604 20.992
      vertex -3.58768 5.39339 21.6631
    endloop
  endfacet
  facet normal -0.677956 -0.579031 -0.452879
    outer loop
      vertex -2.89396 5.10604 20.992
      vertex -3.13575 4.86425 21.6631
      vertex -3.58768 5.39339 21.6631
    endloop
  endfacet
  facet normal -0.579022 -0.677964 -0.452878
    outer loop
      vertex -2.89396 5.10604 20.992
      vertex -2.40561 4.68896 20.992
      vertex -3.13575 4.86425 21.6631
    endloop
  endfacet
  facet normal -0.579028 -0.677952 -0.452888
    outer loop
      vertex -2.40561 4.68896 20.992
      vertex -2.60661 4.41232 21.6631
      vertex -3.13575 4.86425 21.6631
    endloop
  endfacet
  facet normal -0.465846 -0.760185 -0.452887
    outer loop
      vertex -2.40561 4.68896 20.992
      vertex -1.85803 4.3534 20.992
      vertex -2.60661 4.41232 21.6631
    endloop
  endfacet
  facet normal -0.465848 -0.760181 -0.452891
    outer loop
      vertex -1.85803 4.3534 20.992
      vertex -2.01328 4.04872 21.6631
      vertex -2.60661 4.41232 21.6631
    endloop
  endfacet
  facet normal -0.341186 -0.823701 -0.45289
    outer loop
      vertex -1.85803 4.3534 20.992
      vertex -1.26471 4.10764 20.992
      vertex -2.01328 4.04872 21.6631
    endloop
  endfacet
  facet normal -0.341186 -0.823701 -0.452889
    outer loop
      vertex -1.26471 4.10764 20.992
      vertex -1.37037 3.78242 21.6631
      vertex -2.01328 4.04872 21.6631
    endloop
  endfacet
  facet normal -0.208141 -0.86693 -0.452891
    outer loop
      vertex -1.26471 4.10764 20.992
      vertex -0.640235 3.95771 20.992
      vertex -1.37037 3.78242 21.6631
    endloop
  endfacet
  facet normal -0.208125 -0.866941 -0.452876
    outer loop
      vertex -0.640235 3.95771 20.992
      vertex -0.693728 3.61998 21.6631
      vertex -1.37037 3.78242 21.6631
    endloop
  endfacet
  facet normal -0.0699416 -0.888826 -0.452875
    outer loop
      vertex -0.640235 3.95771 20.992
      vertex 0 3.90733 20.992
      vertex -0.693728 3.61998 21.6631
    endloop
  endfacet
  facet normal -0.0699547 -0.88882 -0.452886
    outer loop
      vertex 0 3.90733 20.992
      vertex 0 3.56538 21.6631
      vertex -0.693728 3.61998 21.6631
    endloop
  endfacet
  facet normal 0.0699412 -0.888821 -0.452887
    outer loop
      vertex 0 3.90733 20.992
      vertex 0.640235 3.95771 20.992
      vertex 0 3.56538 21.6631
    endloop
  endfacet
  facet normal 0.0699551 -0.888825 -0.452876
    outer loop
      vertex 0.640235 3.95771 20.992
      vertex 0.693728 3.61998 21.6631
      vertex 0 3.56538 21.6631
    endloop
  endfacet
  facet normal 0.208143 -0.866937 -0.452876
    outer loop
      vertex 0.640235 3.95771 20.992
      vertex 1.26471 4.10764 20.992
      vertex 0.693728 3.61998 21.6631
    endloop
  endfacet
  facet normal 0.208123 -0.866934 -0.45289
    outer loop
      vertex 1.26471 4.10764 20.992
      vertex 1.37037 3.78242 21.6631
      vertex 0.693728 3.61998 21.6631
    endloop
  endfacet
  facet normal 0.341186 -0.823701 -0.452889
    outer loop
      vertex 1.26471 4.10764 20.992
      vertex 1.85803 4.3534 20.992
      vertex 1.37037 3.78242 21.6631
    endloop
  endfacet
  facet normal 0.341186 -0.823701 -0.45289
    outer loop
      vertex 1.85803 4.3534 20.992
      vertex 2.01328 4.04872 21.6631
      vertex 1.37037 3.78242 21.6631
    endloop
  endfacet
  facet normal 0.465845 -0.760183 -0.452891
    outer loop
      vertex 1.85803 4.3534 20.992
      vertex 2.40561 4.68896 20.992
      vertex 2.01328 4.04872 21.6631
    endloop
  endfacet
  facet normal 0.465849 -0.760183 -0.452887
    outer loop
      vertex 2.40561 4.68896 20.992
      vertex 2.60661 4.41232 21.6631
      vertex 2.01328 4.04872 21.6631
    endloop
  endfacet
  facet normal 0.579018 -0.67796 -0.452889
    outer loop
      vertex 2.40561 4.68896 20.992
      vertex 2.89396 5.10604 20.992
      vertex 2.60661 4.41232 21.6631
    endloop
  endfacet
  facet normal 0.579031 -0.677956 -0.452879
    outer loop
      vertex 2.89396 5.10604 20.992
      vertex 3.13575 4.86425 21.6631
      vertex 2.60661 4.41232 21.6631
    endloop
  endfacet
  facet normal 0.677964 -0.579022 -0.452878
    outer loop
      vertex 2.89396 5.10604 20.992
      vertex 3.31104 5.59439 20.992
      vertex 3.13575 4.86425 21.6631
    endloop
  endfacet
  facet normal 0.677952 -0.579028 -0.452888
    outer loop
      vertex 3.31104 5.59439 20.992
      vertex 3.58768 5.39339 21.6631
      vertex 3.13575 4.86425 21.6631
    endloop
  endfacet
  facet normal 0.760185 -0.465846 -0.452887
    outer loop
      vertex 3.31104 5.59439 20.992
      vertex 3.6466 6.14197 20.992
      vertex 3.58768 5.39339 21.6631
    endloop
  endfacet
  facet normal 0.760181 -0.465848 -0.452891
    outer loop
      vertex 3.6466 6.14197 20.992
      vertex 3.95128 5.98672 21.6631
      vertex 3.58768 5.39339 21.6631
    endloop
  endfacet
  facet normal 0.823701 -0.341186 -0.45289
    outer loop
      vertex 3.6466 6.14197 20.992
      vertex 3.89236 6.73529 20.992
      vertex 3.95128 5.98672 21.6631
    endloop
  endfacet
  facet normal 0.823701 -0.341186 -0.452889
    outer loop
      vertex 3.89236 6.73529 20.992
      vertex 4.21758 6.62963 21.6631
      vertex 3.95128 5.98672 21.6631
    endloop
  endfacet
  facet normal 0.866934 -0.208126 -0.45289
    outer loop
      vertex 3.89236 6.73529 20.992
      vertex 4.04228 7.35977 20.992
      vertex 4.21758 6.62963 21.6631
    endloop
  endfacet
  facet normal 0.866935 -0.208124 -0.452888
    outer loop
      vertex 4.04228 7.35977 20.992
      vertex 4.38002 7.30627 21.6631
      vertex 4.21758 6.62963 21.6631
    endloop
  endfacet
  facet normal 0.888819 -0.0699555 -0.452887
    outer loop
      vertex 4.04228 7.35977 20.992
      vertex 4.09267 8 20.992
      vertex 4.38002 7.30627 21.6631
    endloop
  endfacet
  facet normal 0.88882 -0.0699545 -0.452886
    outer loop
      vertex 4.09267 8 20.992
      vertex 4.43462 8 21.6631
      vertex 4.38002 7.30627 21.6631
    endloop
  endfacet
  facet normal 0.807404 0.0635482 -0.586567
    outer loop
      vertex 3.64995 8 20.3826
      vertex 3.60501 8.57098 20.3826
      vertex 4.09267 8 20.992
    endloop
  endfacet
  facet normal 0.807404 0.0635476 -0.586567
    outer loop
      vertex 3.60501 8.57098 20.3826
      vertex 4.04228 8.64023 20.992
      vertex 4.09267 8 20.992
    endloop
  endfacet
  facet normal 0.787525 0.189061 -0.586566
    outer loop
      vertex 3.60501 8.57098 20.3826
      vertex 3.47131 9.1279 20.3826
      vertex 4.04228 8.64023 20.992
    endloop
  endfacet
  facet normal 0.787525 0.189063 -0.586566
    outer loop
      vertex 3.47131 9.1279 20.3826
      vertex 3.89236 9.26471 20.992
      vertex 4.04228 8.64023 20.992
    endloop
  endfacet
  facet normal 0.74825 0.309939 -0.586566
    outer loop
      vertex 3.47131 9.1279 20.3826
      vertex 3.25213 9.65704 20.3826
      vertex 3.89236 9.26471 20.992
    endloop
  endfacet
  facet normal 0.748249 0.309934 -0.58657
    outer loop
      vertex 3.25213 9.65704 20.3826
      vertex 3.6466 9.85803 20.992
      vertex 3.89236 9.26471 20.992
    endloop
  endfacet
  facet normal 0.690557 0.423163 -0.58657
    outer loop
      vertex 3.25213 9.65704 20.3826
      vertex 2.95287 10.1454 20.3826
      vertex 3.6466 9.85803 20.992
    endloop
  endfacet
  facet normal 0.690555 0.423183 -0.586558
    outer loop
      vertex 2.95287 10.1454 20.3826
      vertex 3.31104 10.4056 20.992
      vertex 3.6466 9.85803 20.992
    endloop
  endfacet
  facet normal 0.615848 0.526009 -0.586554
    outer loop
      vertex 2.95287 10.1454 20.3826
      vertex 2.5809 10.5809 20.3826
      vertex 3.31104 10.4056 20.992
    endloop
  endfacet
  facet normal 0.615868 0.525934 -0.5866
    outer loop
      vertex 2.5809 10.5809 20.3826
      vertex 2.89396 10.894 20.992
      vertex 3.31104 10.4056 20.992
    endloop
  endfacet
  facet normal 0.526002 0.615804 -0.586607
    outer loop
      vertex 2.5809 10.5809 20.3826
      vertex 2.14539 10.9529 20.3826
      vertex 2.89396 10.894 20.992
    endloop
  endfacet
  facet normal 0.525943 0.615934 -0.586523
    outer loop
      vertex 2.14539 10.9529 20.3826
      vertex 2.40561 11.311 20.992
      vertex 2.89396 10.894 20.992
    endloop
  endfacet
  facet normal 0.42313 0.690627 -0.586512
    outer loop
      vertex 2.14539 10.9529 20.3826
      vertex 1.65704 11.2521 20.3826
      vertex 2.40561 11.311 20.992
    endloop
  endfacet
  facet normal 0.423202 0.690516 -0.58659
    outer loop
      vertex 1.65704 11.2521 20.3826
      vertex 1.85803 11.6466 20.992
      vertex 2.40561 11.311 20.992
    endloop
  endfacet
  facet normal 0.309956 0.74822 -0.586595
    outer loop
      vertex 1.65704 11.2521 20.3826
      vertex 1.1279 11.4713 20.3826
      vertex 1.85803 11.6466 20.992
    endloop
  endfacet
  facet normal 0.309967 0.748208 -0.586605
    outer loop
      vertex 1.1279 11.4713 20.3826
      vertex 1.26471 11.8924 20.992
      vertex 1.85803 11.6466 20.992
    endloop
  endfacet
  facet normal 0.189054 0.787496 -0.586608
    outer loop
      vertex 1.1279 11.4713 20.3826
      vertex 0.570978 11.605 20.3826
      vertex 1.26471 11.8924 20.992
    endloop
  endfacet
  facet normal 0.189035 0.787511 -0.586594
    outer loop
      vertex 0.570978 11.605 20.3826
      vertex 0.640235 12.0423 20.992
      vertex 1.26471 11.8924 20.992
    endloop
  endfacet
  facet normal 0.0634908 0.80739 -0.586592
    outer loop
      vertex 0.570978 11.605 20.3826
      vertex 0 11.6499 20.3826
      vertex 0.640235 12.0423 20.992
    endloop
  endfacet
  facet normal 0.0635557 0.807353 -0.586636
    outer loop
      vertex 0 11.6499 20.3826
      vertex 0 12.0927 20.992
      vertex 0.640235 12.0423 20.992
    endloop
  endfacet
  facet normal -0.0634881 0.807357 -0.586638
    outer loop
      vertex 0 11.6499 20.3826
      vertex -0.570978 11.605 20.3826
      vertex 0 12.0927 20.992
    endloop
  endfacet
  facet normal -0.0635581 0.807383 -0.586594
    outer loop
      vertex -0.570978 11.605 20.3826
      vertex -0.640235 12.0423 20.992
      vertex 0 12.0927 20.992
    endloop
  endfacet
  facet normal -0.189056 0.787506 -0.586593
    outer loop
      vertex -0.570978 11.605 20.3826
      vertex -1.1279 11.4713 20.3826
      vertex -0.640235 12.0423 20.992
    endloop
  endfacet
  facet normal -0.189033 0.787501 -0.586607
    outer loop
      vertex -1.1279 11.4713 20.3826
      vertex -1.26471 11.8924 20.992
      vertex -0.640235 12.0423 20.992
    endloop
  endfacet
  facet normal -0.309953 0.748213 -0.586605
    outer loop
      vertex -1.1279 11.4713 20.3826
      vertex -1.65704 11.2521 20.3826
      vertex -1.26471 11.8924 20.992
    endloop
  endfacet
  facet normal -0.309969 0.748214 -0.586596
    outer loop
      vertex -1.65704 11.2521 20.3826
      vertex -1.85803 11.6466 20.992
      vertex -1.26471 11.8924 20.992
    endloop
  endfacet
  facet normal -0.423099 0.690576 -0.586594
    outer loop
      vertex -1.65704 11.2521 20.3826
      vertex -2.14539 10.9529 20.3826
      vertex -1.85803 11.6466 20.992
    endloop
  endfacet
  facet normal -0.42323 0.690561 -0.586516
    outer loop
      vertex -2.14539 10.9529 20.3826
      vertex -2.40561 11.311 20.992
      vertex -1.85803 11.6466 20.992
    endloop
  endfacet
  facet normal -0.526044 0.615853 -0.586518
    outer loop
      vertex -2.14539 10.9529 20.3826
      vertex -2.5809 10.5809 20.3826
      vertex -2.40561 11.311 20.992
    endloop
  endfacet
  facet normal -0.525906 0.61589 -0.586602
    outer loop
      vertex -2.5809 10.5809 20.3826
      vertex -2.89396 10.894 20.992
      vertex -2.40561 11.311 20.992
    endloop
  endfacet
  facet normal -0.615821 0.525986 -0.586602
    outer loop
      vertex -2.5809 10.5809 20.3826
      vertex -2.95287 10.1454 20.3826
      vertex -2.89396 10.894 20.992
    endloop
  endfacet
  facet normal -0.615892 0.525955 -0.586556
    outer loop
      vertex -2.95287 10.1454 20.3826
      vertex -3.31104 10.4056 20.992
      vertex -2.89396 10.894 20.992
    endloop
  endfacet
  facet normal -0.690565 0.423168 -0.586557
    outer loop
      vertex -2.95287 10.1454 20.3826
      vertex -3.25213 9.65704 20.3826
      vertex -3.31104 10.4056 20.992
    endloop
  endfacet
  facet normal -0.690548 0.423179 -0.586569
    outer loop
      vertex -3.25213 9.65704 20.3826
      vertex -3.6466 9.85803 20.992
      vertex -3.31104 10.4056 20.992
    endloop
  endfacet
  facet normal -0.748247 0.309938 -0.58657
    outer loop
      vertex -3.25213 9.65704 20.3826
      vertex -3.47131 9.1279 20.3826
      vertex -3.6466 9.85803 20.992
    endloop
  endfacet
  facet normal -0.748252 0.309934 -0.586566
    outer loop
      vertex -3.47131 9.1279 20.3826
      vertex -3.89236 9.26471 20.992
      vertex -3.6466 9.85803 20.992
    endloop
  endfacet
  facet normal -0.787526 0.189062 -0.586566
    outer loop
      vertex -3.47131 9.1279 20.3826
      vertex -3.60501 8.57098 20.3826
      vertex -3.89236 9.26471 20.992
    endloop
  endfacet
  facet normal -0.787525 0.189062 -0.586566
    outer loop
      vertex -3.60501 8.57098 20.3826
      vertex -4.04228 8.64023 20.992
      vertex -3.89236 9.26471 20.992
    endloop
  endfacet
  facet normal -0.807404 0.0635481 -0.586567
    outer loop
      vertex -3.60501 8.57098 20.3826
      vertex -3.64995 8 20.3826
      vertex -4.04228 8.64023 20.992
    endloop
  endfacet
  facet normal -0.807404 0.0635476 -0.586567
    outer loop
      vertex -3.64995 8 20.3826
      vertex -4.09267 8 20.992
      vertex -4.04228 8.64023 20.992
    endloop
  endfacet
  facet normal -0.807404 -0.0635482 -0.586567
    outer loop
      vertex -3.64995 8 20.3826
      vertex -3.60501 7.42902 20.3826
      vertex -4.09267 8 20.992
    endloop
  endfacet
  facet normal -0.807404 -0.0635476 -0.586567
    outer loop
      vertex -3.60501 7.42902 20.3826
      vertex -4.04228 7.35977 20.992
      vertex -4.09267 8 20.992
    endloop
  endfacet
  facet normal -0.787525 -0.189061 -0.586566
    outer loop
      vertex -3.60501 7.42902 20.3826
      vertex -3.47131 6.8721 20.3826
      vertex -4.04228 7.35977 20.992
    endloop
  endfacet
  facet normal -0.787525 -0.189063 -0.586566
    outer loop
      vertex -3.47131 6.8721 20.3826
      vertex -3.89236 6.73529 20.992
      vertex -4.04228 7.35977 20.992
    endloop
  endfacet
  facet normal -0.74825 -0.309939 -0.586566
    outer loop
      vertex -3.47131 6.8721 20.3826
      vertex -3.25213 6.34296 20.3826
      vertex -3.89236 6.73529 20.992
    endloop
  endfacet
  facet normal -0.748249 -0.309934 -0.58657
    outer loop
      vertex -3.25213 6.34296 20.3826
      vertex -3.6466 6.14197 20.992
      vertex -3.89236 6.73529 20.992
    endloop
  endfacet
  facet normal -0.690553 -0.42317 -0.586569
    outer loop
      vertex -3.25213 6.34296 20.3826
      vertex -2.95287 5.85461 20.3826
      vertex -3.6466 6.14197 20.992
    endloop
  endfacet
  facet normal -0.690553 -0.423174 -0.586567
    outer loop
      vertex -2.95287 5.85461 20.3826
      vertex -3.31104 5.59439 20.992
      vertex -3.6466 6.14197 20.992
    endloop
  endfacet
  facet normal -0.615848 -0.525997 -0.586566
    outer loop
      vertex -2.95287 5.85461 20.3826
      vertex -2.5809 5.4191 20.3826
      vertex -3.31104 5.59439 20.992
    endloop
  endfacet
  facet normal -0.615853 -0.525975 -0.586579
    outer loop
      vertex -2.5809 5.4191 20.3826
      vertex -2.89396 5.10604 20.992
      vertex -3.31104 5.59439 20.992
    endloop
  endfacet
  facet normal -0.52599 -0.61584 -0.586579
    outer loop
      vertex -2.5809 5.4191 20.3826
      vertex -2.14539 5.04713 20.3826
      vertex -2.89396 5.10604 20.992
    endloop
  endfacet
  facet normal -0.525981 -0.61586 -0.586566
    outer loop
      vertex -2.14539 5.04713 20.3826
      vertex -2.40561 4.68896 20.992
      vertex -2.89396 5.10604 20.992
    endloop
  endfacet
  facet normal -0.423171 -0.690555 -0.586566
    outer loop
      vertex -2.14539 5.04713 20.3826
      vertex -1.65704 4.74787 20.3826
      vertex -2.40561 4.68896 20.992
    endloop
  endfacet
  facet normal -0.423173 -0.690551 -0.586569
    outer loop
      vertex -1.65704 4.74787 20.3826
      vertex -1.85803 4.3534 20.992
      vertex -2.40561 4.68896 20.992
    endloop
  endfacet
  facet normal -0.309938 -0.748247 -0.58657
    outer loop
      vertex -1.65704 4.74787 20.3826
      vertex -1.1279 4.52869 20.3826
      vertex -1.85803 4.3534 20.992
    endloop
  endfacet
  facet normal -0.309934 -0.748252 -0.586566
    outer loop
      vertex -1.1279 4.52869 20.3826
      vertex -1.26471 4.10764 20.992
      vertex -1.85803 4.3534 20.992
    endloop
  endfacet
  facet normal -0.189061 -0.787526 -0.586566
    outer loop
      vertex -1.1279 4.52869 20.3826
      vertex -0.570978 4.39499 20.3826
      vertex -1.26471 4.10764 20.992
    endloop
  endfacet
  facet normal -0.189074 -0.787515 -0.586576
    outer loop
      vertex -0.570978 4.39499 20.3826
      vertex -0.640235 3.95771 20.992
      vertex -1.26471 4.10764 20.992
    endloop
  endfacet
  facet normal -0.0635478 -0.807397 -0.586576
    outer loop
      vertex -0.570978 4.39499 20.3826
      vertex 0 4.35005 20.3826
      vertex -0.640235 3.95771 20.992
    endloop
  endfacet
  facet normal -0.0635345 -0.807405 -0.586567
    outer loop
      vertex 0 4.35005 20.3826
      vertex 0 3.90733 20.992
      vertex -0.640235 3.95771 20.992
    endloop
  endfacet
  facet normal 0.0635484 -0.807404 -0.586567
    outer loop
      vertex 0 4.35005 20.3826
      vertex 0.570978 4.39499 20.3826
      vertex 0 3.90733 20.992
    endloop
  endfacet
  facet normal 0.0635341 -0.807398 -0.586576
    outer loop
      vertex 0.570978 4.39499 20.3826
      vertex 0.640235 3.95771 20.992
      vertex 0 3.90733 20.992
    endloop
  endfacet
  facet normal 0.189059 -0.787518 -0.586576
    outer loop
      vertex 0.570978 4.39499 20.3826
      vertex 1.1279 4.52869 20.3826
      vertex 0.640235 3.95771 20.992
    endloop
  endfacet
  facet normal 0.189076 -0.787522 -0.586566
    outer loop
      vertex 1.1279 4.52869 20.3826
      vertex 1.26471 4.10764 20.992
      vertex 0.640235 3.95771 20.992
    endloop
  endfacet
  facet normal 0.309939 -0.74825 -0.586566
    outer loop
      vertex 1.1279 4.52869 20.3826
      vertex 1.65704 4.74787 20.3826
      vertex 1.26471 4.10764 20.992
    endloop
  endfacet
  facet normal 0.309934 -0.748249 -0.58657
    outer loop
      vertex 1.65704 4.74787 20.3826
      vertex 1.85803 4.3534 20.992
      vertex 1.26471 4.10764 20.992
    endloop
  endfacet
  facet normal 0.42317 -0.690553 -0.586569
    outer loop
      vertex 1.65704 4.74787 20.3826
      vertex 2.14539 5.04713 20.3826
      vertex 1.85803 4.3534 20.992
    endloop
  endfacet
  facet normal 0.423174 -0.690553 -0.586567
    outer loop
      vertex 2.14539 5.04713 20.3826
      vertex 2.40561 4.68896 20.992
      vertex 1.85803 4.3534 20.992
    endloop
  endfacet
  facet normal 0.525997 -0.615848 -0.586566
    outer loop
      vertex 2.14539 5.04713 20.3826
      vertex 2.5809 5.4191 20.3826
      vertex 2.40561 4.68896 20.992
    endloop
  endfacet
  facet normal 0.525975 -0.615853 -0.586579
    outer loop
      vertex 2.5809 5.4191 20.3826
      vertex 2.89396 5.10604 20.992
      vertex 2.40561 4.68896 20.992
    endloop
  endfacet
  facet normal 0.61584 -0.52599 -0.586579
    outer loop
      vertex 2.5809 5.4191 20.3826
      vertex 2.95287 5.85461 20.3826
      vertex 2.89396 5.10604 20.992
    endloop
  endfacet
  facet normal 0.61586 -0.525981 -0.586566
    outer loop
      vertex 2.95287 5.85461 20.3826
      vertex 3.31104 5.59439 20.992
      vertex 2.89396 5.10604 20.992
    endloop
  endfacet
  facet normal 0.690555 -0.423171 -0.586566
    outer loop
      vertex 2.95287 5.85461 20.3826
      vertex 3.25213 6.34296 20.3826
      vertex 3.31104 5.59439 20.992
    endloop
  endfacet
  facet normal 0.690551 -0.423173 -0.586569
    outer loop
      vertex 3.25213 6.34296 20.3826
      vertex 3.6466 6.14197 20.992
      vertex 3.31104 5.59439 20.992
    endloop
  endfacet
  facet normal 0.748247 -0.309938 -0.58657
    outer loop
      vertex 3.25213 6.34296 20.3826
      vertex 3.47131 6.8721 20.3826
      vertex 3.6466 6.14197 20.992
    endloop
  endfacet
  facet normal 0.748252 -0.309934 -0.586566
    outer loop
      vertex 3.47131 6.8721 20.3826
      vertex 3.89236 6.73529 20.992
      vertex 3.6466 6.14197 20.992
    endloop
  endfacet
  facet normal 0.787526 -0.189062 -0.586566
    outer loop
      vertex 3.47131 6.8721 20.3826
      vertex 3.60501 7.42902 20.3826
      vertex 3.89236 6.73529 20.992
    endloop
  endfacet
  facet normal 0.787525 -0.189062 -0.586566
    outer loop
      vertex 3.60501 7.42902 20.3826
      vertex 4.04228 7.35977 20.992
      vertex 3.89236 6.73529 20.992
    endloop
  endfacet
  facet normal 0.807404 -0.0635481 -0.586567
    outer loop
      vertex 3.60501 7.42902 20.3826
      vertex 3.64995 8 20.3826
      vertex 4.04228 7.35977 20.992
    endloop
  endfacet
  facet normal 0.807404 -0.0635476 -0.586567
    outer loop
      vertex 3.64995 8 20.3826
      vertex 4.09267 8 20.992
      vertex 4.04228 7.35977 20.992
    endloop
  endfacet
  facet normal 0.705948 0.0555598 -0.706081
    outer loop
      vertex 3.11735 8 19.8501
      vertex 3.07897 8.48766 19.8501
      vertex 3.64995 8 20.3826
    endloop
  endfacet
  facet normal 0.70595 0.055563 -0.706079
    outer loop
      vertex 3.07897 8.48766 19.8501
      vertex 3.60501 8.57098 20.3826
      vertex 3.64995 8 20.3826
    endloop
  endfacet
  facet normal 0.688568 0.165305 -0.70608
    outer loop
      vertex 3.07897 8.48766 19.8501
      vertex 2.96478 8.96331 19.8501
      vertex 3.60501 8.57098 20.3826
    endloop
  endfacet
  facet normal 0.688568 0.165305 -0.70608
    outer loop
      vertex 2.96478 8.96331 19.8501
      vertex 3.47131 9.1279 20.3826
      vertex 3.60501 8.57098 20.3826
    endloop
  endfacet
  facet normal 0.654228 0.27099 -0.706081
    outer loop
      vertex 2.96478 8.96331 19.8501
      vertex 2.77758 9.41525 19.8501
      vertex 3.47131 9.1279 20.3826
    endloop
  endfacet
  facet normal 0.654228 0.270994 -0.70608
    outer loop
      vertex 2.77758 9.41525 19.8501
      vertex 3.25213 9.65704 20.3826
      vertex 3.47131 9.1279 20.3826
    endloop
  endfacet
  facet normal 0.603781 0.370002 -0.706079
    outer loop
      vertex 2.77758 9.41525 19.8501
      vertex 2.52199 9.83233 19.8501
      vertex 3.25213 9.65704 20.3826
    endloop
  endfacet
  facet normal 0.603782 0.369989 -0.706085
    outer loop
      vertex 2.52199 9.83233 19.8501
      vertex 2.95287 10.1454 20.3826
      vertex 3.25213 9.65704 20.3826
    endloop
  endfacet
  facet normal 0.538465 0.459889 -0.706086
    outer loop
      vertex 2.52199 9.83233 19.8501
      vertex 2.2043 10.2043 19.8501
      vertex 2.95287 10.1454 20.3826
    endloop
  endfacet
  facet normal 0.538459 0.45991 -0.706077
    outer loop
      vertex 2.2043 10.2043 19.8501
      vertex 2.5809 10.5809 20.3826
      vertex 2.95287 10.1454 20.3826
    endloop
  endfacet
  facet normal 0.459904 0.538465 -0.706076
    outer loop
      vertex 2.2043 10.2043 19.8501
      vertex 1.83233 10.522 19.8501
      vertex 2.5809 10.5809 20.3826
    endloop
  endfacet
  facet normal 0.459916 0.538436 -0.706091
    outer loop
      vertex 1.83233 10.522 19.8501
      vertex 2.14539 10.9529 20.3826
      vertex 2.5809 10.5809 20.3826
    endloop
  endfacet
  facet normal 0.370005 0.603762 -0.706093
    outer loop
      vertex 1.83233 10.522 19.8501
      vertex 1.41525 10.7776 19.8501
      vertex 2.14539 10.9529 20.3826
    endloop
  endfacet
  facet normal 0.369957 0.603838 -0.706053
    outer loop
      vertex 1.41525 10.7776 19.8501
      vertex 1.65704 11.2521 20.3826
      vertex 2.14539 10.9529 20.3826
    endloop
  endfacet
  facet normal 0.271005 0.654257 -0.706049
    outer loop
      vertex 1.41525 10.7776 19.8501
      vertex 0.963314 10.9648 19.8501
      vertex 1.65704 11.2521 20.3826
    endloop
  endfacet
  facet normal 0.271022 0.654237 -0.706061
    outer loop
      vertex 0.963314 10.9648 19.8501
      vertex 1.1279 11.4713 20.3826
      vertex 1.65704 11.2521 20.3826
    endloop
  endfacet
  facet normal 0.165323 0.688583 -0.706061
    outer loop
      vertex 0.963314 10.9648 19.8501
      vertex 0.487661 11.079 19.8501
      vertex 1.1279 11.4713 20.3826
    endloop
  endfacet
  facet normal 0.16531 0.688594 -0.706053
    outer loop
      vertex 0.487661 11.079 19.8501
      vertex 0.570978 11.605 20.3826
      vertex 1.1279 11.4713 20.3826
    endloop
  endfacet
  facet normal 0.0555906 0.705973 -0.706054
    outer loop
      vertex 0.487661 11.079 19.8501
      vertex 0 11.1174 19.8501
      vertex 0.570978 11.605 20.3826
    endloop
  endfacet
  facet normal 0.055519 0.706016 -0.706016
    outer loop
      vertex 0 11.1174 19.8501
      vertex 0 11.6499 20.3826
      vertex 0.570978 11.605 20.3826
    endloop
  endfacet
  facet normal -0.0555938 0.706013 -0.706013
    outer loop
      vertex 0 11.1174 19.8501
      vertex -0.487661 11.079 19.8501
      vertex 0 11.6499 20.3826
    endloop
  endfacet
  facet normal -0.0555163 0.705982 -0.706051
    outer loop
      vertex -0.487661 11.079 19.8501
      vertex -0.570978 11.605 20.3826
      vertex 0 11.6499 20.3826
    endloop
  endfacet
  facet normal -0.165324 0.688591 -0.706053
    outer loop
      vertex -0.487661 11.079 19.8501
      vertex -0.963314 10.9648 19.8501
      vertex -0.570978 11.605 20.3826
    endloop
  endfacet
  facet normal -0.165309 0.688587 -0.70606
    outer loop
      vertex -0.963314 10.9648 19.8501
      vertex -1.1279 11.4713 20.3826
      vertex -0.570978 11.605 20.3826
    endloop
  endfacet
  facet normal -0.271 0.654245 -0.706062
    outer loop
      vertex -0.963314 10.9648 19.8501
      vertex -1.41525 10.7776 19.8501
      vertex -1.1279 11.4713 20.3826
    endloop
  endfacet
  facet normal -0.271026 0.654247 -0.70605
    outer loop
      vertex -1.41525 10.7776 19.8501
      vertex -1.65704 11.2521 20.3826
      vertex -1.1279 11.4713 20.3826
    endloop
  endfacet
  facet normal -0.370027 0.603799 -0.70605
    outer loop
      vertex -1.41525 10.7776 19.8501
      vertex -1.83233 10.522 19.8501
      vertex -1.65704 11.2521 20.3826
    endloop
  endfacet
  facet normal -0.369938 0.603807 -0.70609
    outer loop
      vertex -1.83233 10.522 19.8501
      vertex -2.14539 10.9529 20.3826
      vertex -1.65704 11.2521 20.3826
    endloop
  endfacet
  facet normal -0.459894 0.538453 -0.706092
    outer loop
      vertex -1.83233 10.522 19.8501
      vertex -2.2043 10.2043 19.8501
      vertex -2.14539 10.9529 20.3826
    endloop
  endfacet
  facet normal -0.459925 0.538446 -0.706078
    outer loop
      vertex -2.2043 10.2043 19.8501
      vertex -2.5809 10.5809 20.3826
      vertex -2.14539 10.9529 20.3826
    endloop
  endfacet
  facet normal -0.538473 0.459896 -0.706076
    outer loop
      vertex -2.2043 10.2043 19.8501
      vertex -2.52199 9.83233 19.8501
      vertex -2.5809 10.5809 20.3826
    endloop
  endfacet
  facet normal -0.538453 0.459904 -0.706086
    outer loop
      vertex -2.52199 9.83233 19.8501
      vertex -2.95287 10.1454 20.3826
      vertex -2.5809 10.5809 20.3826
    endloop
  endfacet
  facet normal -0.603776 0.369999 -0.706085
    outer loop
      vertex -2.52199 9.83233 19.8501
      vertex -2.77758 9.41525 19.8501
      vertex -2.95287 10.1454 20.3826
    endloop
  endfacet
  facet normal -0.603787 0.369992 -0.706079
    outer loop
      vertex -2.77758 9.41525 19.8501
      vertex -3.25213 9.65704 20.3826
      vertex -2.95287 10.1454 20.3826
    endloop
  endfacet
  facet normal -0.654229 0.270991 -0.706079
    outer loop
      vertex -2.77758 9.41525 19.8501
      vertex -2.96478 8.96331 19.8501
      vertex -3.25213 9.65704 20.3826
    endloop
  endfacet
  facet normal -0.654226 0.270993 -0.706081
    outer loop
      vertex -2.96478 8.96331 19.8501
      vertex -3.47131 9.1279 20.3826
      vertex -3.25213 9.65704 20.3826
    endloop
  endfacet
  facet normal -0.688567 0.165305 -0.70608
    outer loop
      vertex -2.96478 8.96331 19.8501
      vertex -3.07897 8.48766 19.8501
      vertex -3.47131 9.1279 20.3826
    endloop
  endfacet
  facet normal -0.688568 0.165305 -0.70608
    outer loop
      vertex -3.07897 8.48766 19.8501
      vertex -3.60501 8.57098 20.3826
      vertex -3.47131 9.1279 20.3826
    endloop
  endfacet
  facet normal -0.70595 0.0555599 -0.706079
    outer loop
      vertex -3.07897 8.48766 19.8501
      vertex -3.11735 8 19.8501
      vertex -3.60501 8.57098 20.3826
    endloop
  endfacet
  facet normal -0.705948 0.0555629 -0.706081
    outer loop
      vertex -3.11735 8 19.8501
      vertex -3.64995 8 20.3826
      vertex -3.60501 8.57098 20.3826
    endloop
  endfacet
  facet normal -0.705948 -0.0555598 -0.706081
    outer loop
      vertex -3.11735 8 19.8501
      vertex -3.07897 7.51234 19.8501
      vertex -3.64995 8 20.3826
    endloop
  endfacet
  facet normal -0.70595 -0.055563 -0.706079
    outer loop
      vertex -3.07897 7.51234 19.8501
      vertex -3.60501 7.42902 20.3826
      vertex -3.64995 8 20.3826
    endloop
  endfacet
  facet normal -0.688568 -0.165305 -0.70608
    outer loop
      vertex -3.07897 7.51234 19.8501
      vertex -2.96478 7.03669 19.8501
      vertex -3.60501 7.42902 20.3826
    endloop
  endfacet
  facet normal -0.688568 -0.165305 -0.70608
    outer loop
      vertex -2.96478 7.03669 19.8501
      vertex -3.47131 6.8721 20.3826
      vertex -3.60501 7.42902 20.3826
    endloop
  endfacet
  facet normal -0.654228 -0.27099 -0.706081
    outer loop
      vertex -2.96478 7.03669 19.8501
      vertex -2.77758 6.58475 19.8501
      vertex -3.47131 6.8721 20.3826
    endloop
  endfacet
  facet normal -0.654228 -0.270994 -0.70608
    outer loop
      vertex -2.77758 6.58475 19.8501
      vertex -3.25213 6.34296 20.3826
      vertex -3.47131 6.8721 20.3826
    endloop
  endfacet
  facet normal -0.603781 -0.370002 -0.706079
    outer loop
      vertex -2.77758 6.58475 19.8501
      vertex -2.52199 6.16767 19.8501
      vertex -3.25213 6.34296 20.3826
    endloop
  endfacet
  facet normal -0.603781 -0.369996 -0.706081
    outer loop
      vertex -2.52199 6.16767 19.8501
      vertex -2.95287 5.85461 20.3826
      vertex -3.25213 6.34296 20.3826
    endloop
  endfacet
  facet normal -0.538468 -0.459892 -0.706082
    outer loop
      vertex -2.52199 6.16767 19.8501
      vertex -2.2043 5.7957 19.8501
      vertex -2.95287 5.85461 20.3826
    endloop
  endfacet
  facet normal -0.538465 -0.459904 -0.706076
    outer loop
      vertex -2.2043 5.7957 19.8501
      vertex -2.5809 5.4191 20.3826
      vertex -2.95287 5.85461 20.3826
    endloop
  endfacet
  facet normal -0.459896 -0.538473 -0.706076
    outer loop
      vertex -2.2043 5.7957 19.8501
      vertex -1.83233 5.47801 19.8501
      vertex -2.5809 5.4191 20.3826
    endloop
  endfacet
  facet normal -0.459901 -0.538461 -0.706082
    outer loop
      vertex -1.83233 5.47801 19.8501
      vertex -2.14539 5.04713 20.3826
      vertex -2.5809 5.4191 20.3826
    endloop
  endfacet
  facet normal -0.37 -0.603779 -0.706082
    outer loop
      vertex -1.83233 5.47801 19.8501
      vertex -1.41525 5.22242 19.8501
      vertex -2.14539 5.04713 20.3826
    endloop
  endfacet
  facet normal -0.369997 -0.603783 -0.706079
    outer loop
      vertex -1.41525 5.22242 19.8501
      vertex -1.65704 4.74787 20.3826
      vertex -2.14539 5.04713 20.3826
    endloop
  endfacet
  facet normal -0.270993 -0.654228 -0.70608
    outer loop
      vertex -1.41525 5.22242 19.8501
      vertex -0.963314 5.03522 19.8501
      vertex -1.65704 4.74787 20.3826
    endloop
  endfacet
  facet normal -0.270994 -0.654227 -0.70608
    outer loop
      vertex -0.963314 5.03522 19.8501
      vertex -1.1279 4.52869 20.3826
      vertex -1.65704 4.74787 20.3826
    endloop
  endfacet
  facet normal -0.165305 -0.688568 -0.706079
    outer loop
      vertex -0.963314 5.03522 19.8501
      vertex -0.487661 4.92103 19.8501
      vertex -1.1279 4.52869 20.3826
    endloop
  endfacet
  facet normal -0.165304 -0.688568 -0.706079
    outer loop
      vertex -0.487661 4.92103 19.8501
      vertex -0.570978 4.39499 20.3826
      vertex -1.1279 4.52869 20.3826
    endloop
  endfacet
  facet normal -0.0555598 -0.70595 -0.706079
    outer loop
      vertex -0.487661 4.92103 19.8501
      vertex 0 4.88265 19.8501
      vertex -0.570978 4.39499 20.3826
    endloop
  endfacet
  facet normal -0.0555631 -0.705948 -0.706081
    outer loop
      vertex 0 4.88265 19.8501
      vertex 0 4.35005 20.3826
      vertex -0.570978 4.39499 20.3826
    endloop
  endfacet
  facet normal 0.0555597 -0.705948 -0.706081
    outer loop
      vertex 0 4.88265 19.8501
      vertex 0.487661 4.92103 19.8501
      vertex 0 4.35005 20.3826
    endloop
  endfacet
  facet normal 0.0555632 -0.70595 -0.706079
    outer loop
      vertex 0.487661 4.92103 19.8501
      vertex 0.570978 4.39499 20.3826
      vertex 0 4.35005 20.3826
    endloop
  endfacet
  facet normal 0.165305 -0.688568 -0.706079
    outer loop
      vertex 0.487661 4.92103 19.8501
      vertex 0.963314 5.03522 19.8501
      vertex 0.570978 4.39499 20.3826
    endloop
  endfacet
  facet normal 0.165304 -0.688568 -0.706079
    outer loop
      vertex 0.963314 5.03522 19.8501
      vertex 1.1279 4.52869 20.3826
      vertex 0.570978 4.39499 20.3826
    endloop
  endfacet
  facet normal 0.270993 -0.654228 -0.70608
    outer loop
      vertex 0.963314 5.03522 19.8501
      vertex 1.41525 5.22242 19.8501
      vertex 1.1279 4.52869 20.3826
    endloop
  endfacet
  facet normal 0.270994 -0.654228 -0.70608
    outer loop
      vertex 1.41525 5.22242 19.8501
      vertex 1.65704 4.74787 20.3826
      vertex 1.1279 4.52869 20.3826
    endloop
  endfacet
  facet normal 0.370002 -0.603781 -0.706079
    outer loop
      vertex 1.41525 5.22242 19.8501
      vertex 1.83233 5.47801 19.8501
      vertex 1.65704 4.74787 20.3826
    endloop
  endfacet
  facet normal 0.369996 -0.603781 -0.706081
    outer loop
      vertex 1.83233 5.47801 19.8501
      vertex 2.14539 5.04713 20.3826
      vertex 1.65704 4.74787 20.3826
    endloop
  endfacet
  facet normal 0.459892 -0.538468 -0.706082
    outer loop
      vertex 1.83233 5.47801 19.8501
      vertex 2.2043 5.7957 19.8501
      vertex 2.14539 5.04713 20.3826
    endloop
  endfacet
  facet normal 0.459904 -0.538465 -0.706076
    outer loop
      vertex 2.2043 5.7957 19.8501
      vertex 2.5809 5.4191 20.3826
      vertex 2.14539 5.04713 20.3826
    endloop
  endfacet
  facet normal 0.538473 -0.459896 -0.706076
    outer loop
      vertex 2.2043 5.7957 19.8501
      vertex 2.52199 6.16767 19.8501
      vertex 2.5809 5.4191 20.3826
    endloop
  endfacet
  facet normal 0.538461 -0.459901 -0.706082
    outer loop
      vertex 2.52199 6.16767 19.8501
      vertex 2.95287 5.85461 20.3826
      vertex 2.5809 5.4191 20.3826
    endloop
  endfacet
  facet normal 0.603779 -0.37 -0.706082
    outer loop
      vertex 2.52199 6.16767 19.8501
      vertex 2.77758 6.58475 19.8501
      vertex 2.95287 5.85461 20.3826
    endloop
  endfacet
  facet normal 0.603783 -0.369997 -0.706079
    outer loop
      vertex 2.77758 6.58475 19.8501
      vertex 3.25213 6.34296 20.3826
      vertex 2.95287 5.85461 20.3826
    endloop
  endfacet
  facet normal 0.654229 -0.270991 -0.706079
    outer loop
      vertex 2.77758 6.58475 19.8501
      vertex 2.96478 7.03669 19.8501
      vertex 3.25213 6.34296 20.3826
    endloop
  endfacet
  facet normal 0.654226 -0.270993 -0.706081
    outer loop
      vertex 2.96478 7.03669 19.8501
      vertex 3.47131 6.8721 20.3826
      vertex 3.25213 6.34296 20.3826
    endloop
  endfacet
  facet normal 0.688567 -0.165305 -0.70608
    outer loop
      vertex 2.96478 7.03669 19.8501
      vertex 3.07897 7.51234 19.8501
      vertex 3.47131 6.8721 20.3826
    endloop
  endfacet
  facet normal 0.688568 -0.165305 -0.70608
    outer loop
      vertex 3.07897 7.51234 19.8501
      vertex 3.60501 7.42902 20.3826
      vertex 3.47131 6.8721 20.3826
    endloop
  endfacet
  facet normal 0.70595 -0.0555599 -0.706079
    outer loop
      vertex 3.07897 7.51234 19.8501
      vertex 3.11735 8 19.8501
      vertex 3.60501 7.42902 20.3826
    endloop
  endfacet
  facet normal 0.705948 -0.0555629 -0.706081
    outer loop
      vertex 3.11735 8 19.8501
      vertex 3.64995 8 20.3826
      vertex 3.60501 7.42902 20.3826
    endloop
  endfacet
  facet normal 0.587222 0.0462036 -0.808106
    outer loop
      vertex 2.50799 8 19.4073
      vertex 2.47712 8.39234 19.4073
      vertex 3.11735 8 19.8501
    endloop
  endfacet
  facet normal 0.587227 0.0462161 -0.808102
    outer loop
      vertex 2.47712 8.39234 19.4073
      vertex 3.07897 8.48766 19.8501
      vertex 3.11735 8 19.8501
    endloop
  endfacet
  facet normal 0.572765 0.137522 -0.808101
    outer loop
      vertex 2.47712 8.39234 19.4073
      vertex 2.38524 8.77501 19.4073
      vertex 3.07897 8.48766 19.8501
    endloop
  endfacet
  facet normal 0.572761 0.137504 -0.808107
    outer loop
      vertex 2.38524 8.77501 19.4073
      vertex 2.96478 8.96331 19.8501
      vertex 3.07897 8.48766 19.8501
    endloop
  endfacet
  facet normal 0.544202 0.225404 -0.808108
    outer loop
      vertex 2.38524 8.77501 19.4073
      vertex 2.23464 9.13861 19.4073
      vertex 2.96478 8.96331 19.8501
    endloop
  endfacet
  facet normal 0.544202 0.225416 -0.808104
    outer loop
      vertex 2.23464 9.13861 19.4073
      vertex 2.77758 9.41525 19.8501
      vertex 2.96478 8.96331 19.8501
    endloop
  endfacet
  facet normal 0.502237 0.307778 -0.808103
    outer loop
      vertex 2.23464 9.13861 19.4073
      vertex 2.02901 9.47416 19.4073
      vertex 2.77758 9.41525 19.8501
    endloop
  endfacet
  facet normal 0.502237 0.307775 -0.808104
    outer loop
      vertex 2.02901 9.47416 19.4073
      vertex 2.52199 9.83233 19.8501
      vertex 2.77758 9.41525 19.8501
    endloop
  endfacet
  facet normal 0.447911 0.382549 -0.808104
    outer loop
      vertex 2.02901 9.47416 19.4073
      vertex 1.77342 9.77342 19.4073
      vertex 2.52199 9.83233 19.8501
    endloop
  endfacet
  facet normal 0.447911 0.382549 -0.808104
    outer loop
      vertex 1.77342 9.77342 19.4073
      vertex 2.2043 10.2043 19.8501
      vertex 2.52199 9.83233 19.8501
    endloop
  endfacet
  facet normal 0.382541 0.447919 -0.808104
    outer loop
      vertex 1.77342 9.77342 19.4073
      vertex 1.47416 10.029 19.4073
      vertex 2.2043 10.2043 19.8501
    endloop
  endfacet
  facet normal 0.38255 0.447898 -0.808111
    outer loop
      vertex 1.47416 10.029 19.4073
      vertex 1.83233 10.522 19.8501
      vertex 2.2043 10.2043 19.8501
    endloop
  endfacet
  facet normal 0.307734 0.502252 -0.808111
    outer loop
      vertex 1.47416 10.029 19.4073
      vertex 1.1386 10.2346 19.4073
      vertex 1.83233 10.522 19.8501
    endloop
  endfacet
  facet normal 0.307766 0.502203 -0.808129
    outer loop
      vertex 1.1386 10.2346 19.4073
      vertex 1.41525 10.7776 19.8501
      vertex 1.83233 10.522 19.8501
    endloop
  endfacet
  facet normal 0.225398 0.544169 -0.808131
    outer loop
      vertex 1.1386 10.2346 19.4073
      vertex 0.775012 10.3852 19.4073
      vertex 1.41525 10.7776 19.8501
    endloop
  endfacet
  facet normal 0.225403 0.544164 -0.808133
    outer loop
      vertex 0.775012 10.3852 19.4073
      vertex 0.963314 10.9648 19.8501
      vertex 1.41525 10.7776 19.8501
    endloop
  endfacet
  facet normal 0.137538 0.572712 -0.808136
    outer loop
      vertex 0.775012 10.3852 19.4073
      vertex 0.392337 10.4771 19.4073
      vertex 0.963314 10.9648 19.8501
    endloop
  endfacet
  facet normal 0.137509 0.572736 -0.808124
    outer loop
      vertex 0.392337 10.4771 19.4073
      vertex 0.487661 11.079 19.8501
      vertex 0.963314 10.9648 19.8501
    endloop
  endfacet
  facet normal 0.0462464 0.587191 -0.808127
    outer loop
      vertex 0.392337 10.4771 19.4073
      vertex 0 10.508 19.4073
      vertex 0.487661 11.079 19.8501
    endloop
  endfacet
  facet normal 0.0462377 0.587196 -0.808123
    outer loop
      vertex 0 10.508 19.4073
      vertex 0 11.1174 19.8501
      vertex 0.487661 11.079 19.8501
    endloop
  endfacet
  facet normal -0.0462468 0.587195 -0.808123
    outer loop
      vertex 0 10.508 19.4073
      vertex -0.392337 10.4771 19.4073
      vertex 0 11.1174 19.8501
    endloop
  endfacet
  facet normal -0.0462374 0.587192 -0.808126
    outer loop
      vertex -0.392337 10.4771 19.4073
      vertex -0.487661 11.079 19.8501
      vertex 0 11.1174 19.8501
    endloop
  endfacet
  facet normal -0.137542 0.57273 -0.808123
    outer loop
      vertex -0.392337 10.4771 19.4073
      vertex -0.775012 10.3852 19.4073
      vertex -0.487661 11.079 19.8501
    endloop
  endfacet
  facet normal -0.137505 0.572722 -0.808135
    outer loop
      vertex -0.775012 10.3852 19.4073
      vertex -0.963314 10.9648 19.8501
      vertex -0.487661 11.079 19.8501
    endloop
  endfacet
  facet normal -0.225396 0.544166 -0.808133
    outer loop
      vertex -0.775012 10.3852 19.4073
      vertex -1.1386 10.2346 19.4073
      vertex -0.963314 10.9648 19.8501
    endloop
  endfacet
  facet normal -0.225404 0.544167 -0.808131
    outer loop
      vertex -1.1386 10.2346 19.4073
      vertex -1.41525 10.7776 19.8501
      vertex -0.963314 10.9648 19.8501
    endloop
  endfacet
  facet normal -0.307719 0.502228 -0.808131
    outer loop
      vertex -1.1386 10.2346 19.4073
      vertex -1.47416 10.029 19.4073
      vertex -1.41525 10.7776 19.8501
    endloop
  endfacet
  facet normal -0.307778 0.502222 -0.808113
    outer loop
      vertex -1.47416 10.029 19.4073
      vertex -1.83233 10.522 19.8501
      vertex -1.41525 10.7776 19.8501
    endloop
  endfacet
  facet normal -0.382533 0.44791 -0.808112
    outer loop
      vertex -1.47416 10.029 19.4073
      vertex -1.77342 9.77342 19.4073
      vertex -1.83233 10.522 19.8501
    endloop
  endfacet
  facet normal -0.382556 0.447904 -0.808104
    outer loop
      vertex -1.77342 9.77342 19.4073
      vertex -2.2043 10.2043 19.8501
      vertex -1.83233 10.522 19.8501
    endloop
  endfacet
  facet normal -0.447911 0.382549 -0.808104
    outer loop
      vertex -1.77342 9.77342 19.4073
      vertex -2.02901 9.47416 19.4073
      vertex -2.2043 10.2043 19.8501
    endloop
  endfacet
  facet normal -0.447911 0.382549 -0.808104
    outer loop
      vertex -2.02901 9.47416 19.4073
      vertex -2.52199 9.83233 19.8501
      vertex -2.2043 10.2043 19.8501
    endloop
  endfacet
  facet normal -0.502235 0.307777 -0.808104
    outer loop
      vertex -2.02901 9.47416 19.4073
      vertex -2.23464 9.13861 19.4073
      vertex -2.52199 9.83233 19.8501
    endloop
  endfacet
  facet normal -0.502238 0.307776 -0.808103
    outer loop
      vertex -2.23464 9.13861 19.4073
      vertex -2.77758 9.41525 19.8501
      vertex -2.52199 9.83233 19.8501
    endloop
  endfacet
  facet normal -0.544207 0.225406 -0.808103
    outer loop
      vertex -2.23464 9.13861 19.4073
      vertex -2.38524 8.77501 19.4073
      vertex -2.77758 9.41525 19.8501
    endloop
  endfacet
  facet normal -0.544198 0.225414 -0.808107
    outer loop
      vertex -2.38524 8.77501 19.4073
      vertex -2.96478 8.96331 19.8501
      vertex -2.77758 9.41525 19.8501
    endloop
  endfacet
  facet normal -0.572756 0.13752 -0.808108
    outer loop
      vertex -2.38524 8.77501 19.4073
      vertex -2.47712 8.39234 19.4073
      vertex -2.96478 8.96331 19.8501
    endloop
  endfacet
  facet normal -0.572768 0.137505 -0.808102
    outer loop
      vertex -2.47712 8.39234 19.4073
      vertex -3.07897 8.48766 19.8501
      vertex -2.96478 8.96331 19.8501
    endloop
  endfacet
  facet normal -0.587228 0.0462041 -0.808102
    outer loop
      vertex -2.47712 8.39234 19.4073
      vertex -2.50799 8 19.4073
      vertex -3.07897 8.48766 19.8501
    endloop
  endfacet
  facet normal -0.587221 0.0462157 -0.808106
    outer loop
      vertex -2.50799 8 19.4073
      vertex -3.11735 8 19.8501
      vertex -3.07897 8.48766 19.8501
    endloop
  endfacet
  facet normal -0.587222 -0.0462036 -0.808106
    outer loop
      vertex -2.50799 8 19.4073
      vertex -2.47712 7.60766 19.4073
      vertex -3.11735 8 19.8501
    endloop
  endfacet
  facet normal -0.587227 -0.0462161 -0.808102
    outer loop
      vertex -2.47712 7.60766 19.4073
      vertex -3.07897 7.51234 19.8501
      vertex -3.11735 8 19.8501
    endloop
  endfacet
  facet normal -0.572765 -0.137522 -0.808101
    outer loop
      vertex -2.47712 7.60766 19.4073
      vertex -2.38524 7.22499 19.4073
      vertex -3.07897 7.51234 19.8501
    endloop
  endfacet
  facet normal -0.572761 -0.137504 -0.808107
    outer loop
      vertex -2.38524 7.22499 19.4073
      vertex -2.96478 7.03669 19.8501
      vertex -3.07897 7.51234 19.8501
    endloop
  endfacet
  facet normal -0.544202 -0.225404 -0.808108
    outer loop
      vertex -2.38524 7.22499 19.4073
      vertex -2.23464 6.86139 19.4073
      vertex -2.96478 7.03669 19.8501
    endloop
  endfacet
  facet normal -0.544202 -0.225416 -0.808104
    outer loop
      vertex -2.23464 6.86139 19.4073
      vertex -2.77758 6.58475 19.8501
      vertex -2.96478 7.03669 19.8501
    endloop
  endfacet
  facet normal -0.502237 -0.307778 -0.808103
    outer loop
      vertex -2.23464 6.86139 19.4073
      vertex -2.02901 6.52584 19.4073
      vertex -2.77758 6.58475 19.8501
    endloop
  endfacet
  facet normal -0.502237 -0.307775 -0.808104
    outer loop
      vertex -2.02901 6.52584 19.4073
      vertex -2.52199 6.16767 19.8501
      vertex -2.77758 6.58475 19.8501
    endloop
  endfacet
  facet normal -0.447911 -0.382549 -0.808104
    outer loop
      vertex -2.02901 6.52584 19.4073
      vertex -1.77342 6.22658 19.4073
      vertex -2.52199 6.16767 19.8501
    endloop
  endfacet
  facet normal -0.447911 -0.382549 -0.808104
    outer loop
      vertex -1.77342 6.22658 19.4073
      vertex -2.2043 5.7957 19.8501
      vertex -2.52199 6.16767 19.8501
    endloop
  endfacet
  facet normal -0.382549 -0.447911 -0.808104
    outer loop
      vertex -1.77342 6.22658 19.4073
      vertex -1.47416 5.97099 19.4073
      vertex -2.2043 5.7957 19.8501
    endloop
  endfacet
  facet normal -0.382549 -0.447911 -0.808104
    outer loop
      vertex -1.47416 5.97099 19.4073
      vertex -1.83233 5.47801 19.8501
      vertex -2.2043 5.7957 19.8501
    endloop
  endfacet
  facet normal -0.307771 -0.50224 -0.808104
    outer loop
      vertex -1.47416 5.97099 19.4073
      vertex -1.1386 5.76536 19.4073
      vertex -1.83233 5.47801 19.8501
    endloop
  endfacet
  facet normal -0.307774 -0.502235 -0.808106
    outer loop
      vertex -1.1386 5.76536 19.4073
      vertex -1.41525 5.22242 19.8501
      vertex -1.83233 5.47801 19.8501
    endloop
  endfacet
  facet normal -0.225411 -0.544202 -0.808105
    outer loop
      vertex -1.1386 5.76536 19.4073
      vertex -0.775012 5.61476 19.4073
      vertex -1.41525 5.22242 19.8501
    endloop
  endfacet
  facet normal -0.225416 -0.544197 -0.808107
    outer loop
      vertex -0.775012 5.61476 19.4073
      vertex -0.963314 5.03522 19.8501
      vertex -1.41525 5.22242 19.8501
    endloop
  endfacet
  facet normal -0.137518 -0.572756 -0.808108
    outer loop
      vertex -0.775012 5.61476 19.4073
      vertex -0.392337 5.52288 19.4073
      vertex -0.963314 5.03522 19.8501
    endloop
  endfacet
  facet normal -0.137504 -0.572768 -0.808102
    outer loop
      vertex -0.392337 5.52288 19.4073
      vertex -0.487661 4.92103 19.8501
      vertex -0.963314 5.03522 19.8501
    endloop
  endfacet
  facet normal -0.0462045 -0.587228 -0.808102
    outer loop
      vertex -0.392337 5.52288 19.4073
      vertex 0 5.49201 19.4073
      vertex -0.487661 4.92103 19.8501
    endloop
  endfacet
  facet normal -0.0462156 -0.587221 -0.808106
    outer loop
      vertex 0 5.49201 19.4073
      vertex 0 4.88265 19.8501
      vertex -0.487661 4.92103 19.8501
    endloop
  endfacet
  facet normal 0.046204 -0.587222 -0.808106
    outer loop
      vertex 0 5.49201 19.4073
      vertex 0.392337 5.52288 19.4073
      vertex 0 4.88265 19.8501
    endloop
  endfacet
  facet normal 0.046216 -0.587226 -0.808102
    outer loop
      vertex 0.392337 5.52288 19.4073
      vertex 0.487661 4.92103 19.8501
      vertex 0 4.88265 19.8501
    endloop
  endfacet
  facet normal 0.13752 -0.572765 -0.808102
    outer loop
      vertex 0.392337 5.52288 19.4073
      vertex 0.775012 5.61476 19.4073
      vertex 0.487661 4.92103 19.8501
    endloop
  endfacet
  facet normal 0.137503 -0.572761 -0.808108
    outer loop
      vertex 0.775012 5.61476 19.4073
      vertex 0.963314 5.03522 19.8501
      vertex 0.487661 4.92103 19.8501
    endloop
  endfacet
  facet normal 0.22541 -0.544199 -0.808108
    outer loop
      vertex 0.775012 5.61476 19.4073
      vertex 1.1386 5.76536 19.4073
      vertex 0.963314 5.03522 19.8501
    endloop
  endfacet
  facet normal 0.225417 -0.544199 -0.808105
    outer loop
      vertex 1.1386 5.76536 19.4073
      vertex 1.41525 5.22242 19.8501
      vertex 0.963314 5.03522 19.8501
    endloop
  endfacet
  facet normal 0.307769 -0.502238 -0.808106
    outer loop
      vertex 1.1386 5.76536 19.4073
      vertex 1.47416 5.97099 19.4073
      vertex 1.41525 5.22242 19.8501
    endloop
  endfacet
  facet normal 0.307775 -0.502237 -0.808104
    outer loop
      vertex 1.47416 5.97099 19.4073
      vertex 1.83233 5.47801 19.8501
      vertex 1.41525 5.22242 19.8501
    endloop
  endfacet
  facet normal 0.382549 -0.447911 -0.808104
    outer loop
      vertex 1.47416 5.97099 19.4073
      vertex 1.77342 6.22658 19.4073
      vertex 1.83233 5.47801 19.8501
    endloop
  endfacet
  facet normal 0.382549 -0.447911 -0.808104
    outer loop
      vertex 1.77342 6.22658 19.4073
      vertex 2.2043 5.7957 19.8501
      vertex 1.83233 5.47801 19.8501
    endloop
  endfacet
  facet normal 0.447911 -0.382549 -0.808104
    outer loop
      vertex 1.77342 6.22658 19.4073
      vertex 2.02901 6.52584 19.4073
      vertex 2.2043 5.7957 19.8501
    endloop
  endfacet
  facet normal 0.447911 -0.382549 -0.808104
    outer loop
      vertex 2.02901 6.52584 19.4073
      vertex 2.52199 6.16767 19.8501
      vertex 2.2043 5.7957 19.8501
    endloop
  endfacet
  facet normal 0.502235 -0.307777 -0.808104
    outer loop
      vertex 2.02901 6.52584 19.4073
      vertex 2.23464 6.86139 19.4073
      vertex 2.52199 6.16767 19.8501
    endloop
  endfacet
  facet normal 0.502238 -0.307776 -0.808103
    outer loop
      vertex 2.23464 6.86139 19.4073
      vertex 2.77758 6.58475 19.8501
      vertex 2.52199 6.16767 19.8501
    endloop
  endfacet
  facet normal 0.544207 -0.225406 -0.808103
    outer loop
      vertex 2.23464 6.86139 19.4073
      vertex 2.38524 7.22499 19.4073
      vertex 2.77758 6.58475 19.8501
    endloop
  endfacet
  facet normal 0.544198 -0.225414 -0.808107
    outer loop
      vertex 2.38524 7.22499 19.4073
      vertex 2.96478 7.03669 19.8501
      vertex 2.77758 6.58475 19.8501
    endloop
  endfacet
  facet normal 0.572756 -0.13752 -0.808108
    outer loop
      vertex 2.38524 7.22499 19.4073
      vertex 2.47712 7.60766 19.4073
      vertex 2.96478 7.03669 19.8501
    endloop
  endfacet
  facet normal 0.572768 -0.137505 -0.808102
    outer loop
      vertex 2.47712 7.60766 19.4073
      vertex 3.07897 7.51234 19.8501
      vertex 2.96478 7.03669 19.8501
    endloop
  endfacet
  facet normal 0.587228 -0.0462041 -0.808102
    outer loop
      vertex 2.47712 7.60766 19.4073
      vertex 2.50799 8 19.4073
      vertex 3.07897 7.51234 19.8501
    endloop
  endfacet
  facet normal 0.587221 -0.0462157 -0.808106
    outer loop
      vertex 2.50799 8 19.4073
      vertex 3.11735 8 19.8501
      vertex 3.07897 7.51234 19.8501
    endloop
  endfacet
  facet normal 0.453651 0.0356953 -0.890464
    outer loop
      vertex 1.83688 8 19.0654
      vertex 1.81427 8.28735 19.0654
      vertex 2.50799 8 19.4073
    endloop
  endfacet
  facet normal 0.453651 0.035694 -0.890465
    outer loop
      vertex 1.81427 8.28735 19.0654
      vertex 2.47712 8.39234 19.4073
      vertex 2.50799 8 19.4073
    endloop
  endfacet
  facet normal 0.442478 0.106231 -0.890465
    outer loop
      vertex 1.81427 8.28735 19.0654
      vertex 1.74698 8.56763 19.0654
      vertex 2.47712 8.39234 19.4073
    endloop
  endfacet
  facet normal 0.44248 0.10624 -0.890463
    outer loop
      vertex 1.74698 8.56763 19.0654
      vertex 2.38524 8.77501 19.4073
      vertex 2.47712 8.39234 19.4073
    endloop
  endfacet
  facet normal 0.420415 0.174149 -0.890462
    outer loop
      vertex 1.74698 8.56763 19.0654
      vertex 1.63667 8.83393 19.0654
      vertex 2.38524 8.77501 19.4073
    endloop
  endfacet
  facet normal 0.420415 0.174132 -0.890466
    outer loop
      vertex 1.63667 8.83393 19.0654
      vertex 2.23464 9.13861 19.4073
      vertex 2.38524 8.77501 19.4073
    endloop
  endfacet
  facet normal 0.387995 0.237761 -0.890466
    outer loop
      vertex 1.63667 8.83393 19.0654
      vertex 1.48607 9.07969 19.0654
      vertex 2.23464 9.13861 19.4073
    endloop
  endfacet
  facet normal 0.387994 0.237768 -0.890465
    outer loop
      vertex 1.48607 9.07969 19.0654
      vertex 2.02901 9.47416 19.4073
      vertex 2.23464 9.13861 19.4073
    endloop
  endfacet
  facet normal 0.346023 0.295536 -0.890464
    outer loop
      vertex 1.48607 9.07969 19.0654
      vertex 1.29887 9.29887 19.0654
      vertex 2.02901 9.47416 19.4073
    endloop
  endfacet
  facet normal 0.346025 0.295531 -0.890465
    outer loop
      vertex 1.29887 9.29887 19.0654
      vertex 1.77342 9.77342 19.4073
      vertex 2.02901 9.47416 19.4073
    endloop
  endfacet
  facet normal 0.295534 0.346021 -0.890466
    outer loop
      vertex 1.29887 9.29887 19.0654
      vertex 1.07969 9.48607 19.0654
      vertex 1.77342 9.77342 19.4073
    endloop
  endfacet
  facet normal 0.295527 0.346035 -0.890463
    outer loop
      vertex 1.07969 9.48607 19.0654
      vertex 1.47416 10.029 19.4073
      vertex 1.77342 9.77342 19.4073
    endloop
  endfacet
  facet normal 0.237762 0.388004 -0.890462
    outer loop
      vertex 1.07969 9.48607 19.0654
      vertex 0.833926 9.63667 19.0654
      vertex 1.47416 10.029 19.4073
    endloop
  endfacet
  facet normal 0.237746 0.388026 -0.890457
    outer loop
      vertex 0.833926 9.63667 19.0654
      vertex 1.1386 10.2346 19.4073
      vertex 1.47416 10.029 19.4073
    endloop
  endfacet
  facet normal 0.174155 0.420427 -0.890455
    outer loop
      vertex 0.833926 9.63667 19.0654
      vertex 0.567627 9.74698 19.0654
      vertex 1.1386 10.2346 19.4073
    endloop
  endfacet
  facet normal 0.174147 0.420436 -0.890453
    outer loop
      vertex 0.567627 9.74698 19.0654
      vertex 0.775012 10.3852 19.4073
      vertex 1.1386 10.2346 19.4073
    endloop
  endfacet
  facet normal 0.106238 0.442502 -0.890452
    outer loop
      vertex 0.567627 9.74698 19.0654
      vertex 0.287351 9.81427 19.0654
      vertex 0.775012 10.3852 19.4073
    endloop
  endfacet
  facet normal 0.106263 0.442484 -0.890458
    outer loop
      vertex 0.287351 9.81427 19.0654
      vertex 0.392337 10.4771 19.4073
      vertex 0.775012 10.3852 19.4073
    endloop
  endfacet
  facet normal 0.035696 0.453661 -0.890459
    outer loop
      vertex 0.287351 9.81427 19.0654
      vertex 0 9.83688 19.0654
      vertex 0.392337 10.4771 19.4073
    endloop
  endfacet
  facet normal 0.0357286 0.453645 -0.890466
    outer loop
      vertex 0 9.83688 19.0654
      vertex 0 10.508 19.4073
      vertex 0.392337 10.4771 19.4073
    endloop
  endfacet
  facet normal -0.0356948 0.453646 -0.890467
    outer loop
      vertex 0 9.83688 19.0654
      vertex -0.287351 9.81427 19.0654
      vertex 0 10.508 19.4073
    endloop
  endfacet
  facet normal -0.0357295 0.453657 -0.89046
    outer loop
      vertex -0.287351 9.81427 19.0654
      vertex -0.392337 10.4771 19.4073
      vertex 0 10.508 19.4073
    endloop
  endfacet
  facet normal -0.106235 0.442489 -0.890459
    outer loop
      vertex -0.287351 9.81427 19.0654
      vertex -0.567627 9.74698 19.0654
      vertex -0.392337 10.4771 19.4073
    endloop
  endfacet
  facet normal -0.106265 0.442493 -0.890453
    outer loop
      vertex -0.567627 9.74698 19.0654
      vertex -0.775012 10.3852 19.4073
      vertex -0.392337 10.4771 19.4073
    endloop
  endfacet
  facet normal -0.174157 0.420432 -0.890453
    outer loop
      vertex -0.567627 9.74698 19.0654
      vertex -0.833926 9.63667 19.0654
      vertex -0.775012 10.3852 19.4073
    endloop
  endfacet
  facet normal -0.174145 0.420432 -0.890455
    outer loop
      vertex -0.833926 9.63667 19.0654
      vertex -1.1386 10.2346 19.4073
      vertex -0.775012 10.3852 19.4073
    endloop
  endfacet
  facet normal -0.237768 0.388014 -0.890456
    outer loop
      vertex -0.833926 9.63667 19.0654
      vertex -1.07969 9.48607 19.0654
      vertex -1.1386 10.2346 19.4073
    endloop
  endfacet
  facet normal -0.237742 0.388018 -0.890461
    outer loop
      vertex -1.07969 9.48607 19.0654
      vertex -1.47416 10.029 19.4073
      vertex -1.1386 10.2346 19.4073
    endloop
  endfacet
  facet normal -0.295538 0.346026 -0.890462
    outer loop
      vertex -1.07969 9.48607 19.0654
      vertex -1.29887 9.29887 19.0654
      vertex -1.47416 10.029 19.4073
    endloop
  endfacet
  facet normal -0.295524 0.346031 -0.890465
    outer loop
      vertex -1.29887 9.29887 19.0654
      vertex -1.77342 9.77342 19.4073
      vertex -1.47416 10.029 19.4073
    endloop
  endfacet
  facet normal -0.346021 0.295534 -0.890466
    outer loop
      vertex -1.29887 9.29887 19.0654
      vertex -1.48607 9.07969 19.0654
      vertex -1.77342 9.77342 19.4073
    endloop
  endfacet
  facet normal -0.346026 0.295532 -0.890464
    outer loop
      vertex -1.48607 9.07969 19.0654
      vertex -2.02901 9.47416 19.4073
      vertex -1.77342 9.77342 19.4073
    endloop
  endfacet
  facet normal -0.387998 0.237762 -0.890464
    outer loop
      vertex -1.48607 9.07969 19.0654
      vertex -1.63667 8.83393 19.0654
      vertex -2.02901 9.47416 19.4073
    endloop
  endfacet
  facet normal -0.387992 0.237767 -0.890466
    outer loop
      vertex -1.63667 8.83393 19.0654
      vertex -2.23464 9.13861 19.4073
      vertex -2.02901 9.47416 19.4073
    endloop
  endfacet
  facet normal -0.420408 0.174147 -0.890466
    outer loop
      vertex -1.63667 8.83393 19.0654
      vertex -1.74698 8.56763 19.0654
      vertex -2.23464 9.13861 19.4073
    endloop
  endfacet
  facet normal -0.42042 0.174134 -0.890463
    outer loop
      vertex -1.74698 8.56763 19.0654
      vertex -2.38524 8.77501 19.4073
      vertex -2.23464 9.13861 19.4073
    endloop
  endfacet
  facet normal -0.442483 0.106232 -0.890463
    outer loop
      vertex -1.74698 8.56763 19.0654
      vertex -1.81427 8.28735 19.0654
      vertex -2.38524 8.77501 19.4073
    endloop
  endfacet
  facet normal -0.442477 0.10624 -0.890465
    outer loop
      vertex -1.81427 8.28735 19.0654
      vertex -2.47712 8.39234 19.4073
      vertex -2.38524 8.77501 19.4073
    endloop
  endfacet
  facet normal -0.45365 0.0356953 -0.890465
    outer loop
      vertex -1.81427 8.28735 19.0654
      vertex -1.83688 8 19.0654
      vertex -2.47712 8.39234 19.4073
    endloop
  endfacet
  facet normal -0.453651 0.0356941 -0.890464
    outer loop
      vertex -1.83688 8 19.0654
      vertex -2.50799 8 19.4073
      vertex -2.47712 8.39234 19.4073
    endloop
  endfacet
  facet normal -0.453651 -0.0356953 -0.890464
    outer loop
      vertex -1.83688 8 19.0654
      vertex -1.81427 7.71265 19.0654
      vertex -2.50799 8 19.4073
    endloop
  endfacet
  facet normal -0.453651 -0.035694 -0.890465
    outer loop
      vertex -1.81427 7.71265 19.0654
      vertex -2.47712 7.60766 19.4073
      vertex -2.50799 8 19.4073
    endloop
  endfacet
  facet normal -0.442478 -0.106231 -0.890465
    outer loop
      vertex -1.81427 7.71265 19.0654
      vertex -1.74698 7.43237 19.0654
      vertex -2.47712 7.60766 19.4073
    endloop
  endfacet
  facet normal -0.44248 -0.10624 -0.890463
    outer loop
      vertex -1.74698 7.43237 19.0654
      vertex -2.38524 7.22499 19.4073
      vertex -2.47712 7.60766 19.4073
    endloop
  endfacet
  facet normal -0.420415 -0.174149 -0.890462
    outer loop
      vertex -1.74698 7.43237 19.0654
      vertex -1.63667 7.16607 19.0654
      vertex -2.38524 7.22499 19.4073
    endloop
  endfacet
  facet normal -0.420415 -0.174132 -0.890466
    outer loop
      vertex -1.63667 7.16607 19.0654
      vertex -2.23464 6.86139 19.4073
      vertex -2.38524 7.22499 19.4073
    endloop
  endfacet
  facet normal -0.387995 -0.237761 -0.890466
    outer loop
      vertex -1.63667 7.16607 19.0654
      vertex -1.48607 6.92031 19.0654
      vertex -2.23464 6.86139 19.4073
    endloop
  endfacet
  facet normal -0.387994 -0.237768 -0.890465
    outer loop
      vertex -1.48607 6.92031 19.0654
      vertex -2.02901 6.52584 19.4073
      vertex -2.23464 6.86139 19.4073
    endloop
  endfacet
  facet normal -0.346023 -0.295536 -0.890464
    outer loop
      vertex -1.48607 6.92031 19.0654
      vertex -1.29887 6.70113 19.0654
      vertex -2.02901 6.52584 19.4073
    endloop
  endfacet
  facet normal -0.346025 -0.295531 -0.890465
    outer loop
      vertex -1.29887 6.70113 19.0654
      vertex -1.77342 6.22658 19.4073
      vertex -2.02901 6.52584 19.4073
    endloop
  endfacet
  facet normal -0.295534 -0.346021 -0.890466
    outer loop
      vertex -1.29887 6.70113 19.0654
      vertex -1.07969 6.51393 19.0654
      vertex -1.77342 6.22658 19.4073
    endloop
  endfacet
  facet normal -0.295532 -0.346026 -0.890464
    outer loop
      vertex -1.07969 6.51393 19.0654
      vertex -1.47416 5.97099 19.4073
      vertex -1.77342 6.22658 19.4073
    endloop
  endfacet
  facet normal -0.23776 -0.388 -0.890464
    outer loop
      vertex -1.07969 6.51393 19.0654
      vertex -0.833926 6.36333 19.0654
      vertex -1.47416 5.97099 19.4073
    endloop
  endfacet
  facet normal -0.237763 -0.387996 -0.890465
    outer loop
      vertex -0.833926 6.36333 19.0654
      vertex -1.1386 5.76536 19.4073
      vertex -1.47416 5.97099 19.4073
    endloop
  endfacet
  facet normal -0.174148 -0.420409 -0.890466
    outer loop
      vertex -0.833926 6.36333 19.0654
      vertex -0.567627 6.25302 19.0654
      vertex -1.1386 5.76536 19.4073
    endloop
  endfacet
  facet normal -0.174139 -0.420417 -0.890463
    outer loop
      vertex -0.567627 6.25302 19.0654
      vertex -0.775012 5.61476 19.4073
      vertex -1.1386 5.76536 19.4073
    endloop
  endfacet
  facet normal -0.106233 -0.442481 -0.890463
    outer loop
      vertex -0.567627 6.25302 19.0654
      vertex -0.287351 6.18573 19.0654
      vertex -0.775012 5.61476 19.4073
    endloop
  endfacet
  facet normal -0.106239 -0.442478 -0.890464
    outer loop
      vertex -0.287351 6.18573 19.0654
      vertex -0.392337 5.52288 19.4073
      vertex -0.775012 5.61476 19.4073
    endloop
  endfacet
  facet normal -0.0356952 -0.453651 -0.890464
    outer loop
      vertex -0.287351 6.18573 19.0654
      vertex 0 6.16312 19.0654
      vertex -0.392337 5.52288 19.4073
    endloop
  endfacet
  facet normal -0.0356943 -0.453651 -0.890464
    outer loop
      vertex 0 6.16312 19.0654
      vertex 0 5.49201 19.4073
      vertex -0.392337 5.52288 19.4073
    endloop
  endfacet
  facet normal 0.0356952 -0.453651 -0.890464
    outer loop
      vertex 0 6.16312 19.0654
      vertex 0.287351 6.18573 19.0654
      vertex 0 5.49201 19.4073
    endloop
  endfacet
  facet normal 0.0356943 -0.453651 -0.890464
    outer loop
      vertex 0.287351 6.18573 19.0654
      vertex 0.392337 5.52288 19.4073
      vertex 0 5.49201 19.4073
    endloop
  endfacet
  facet normal 0.106232 -0.442479 -0.890465
    outer loop
      vertex 0.287351 6.18573 19.0654
      vertex 0.567627 6.25302 19.0654
      vertex 0.392337 5.52288 19.4073
    endloop
  endfacet
  facet normal 0.106239 -0.44248 -0.890463
    outer loop
      vertex 0.567627 6.25302 19.0654
      vertex 0.775012 5.61476 19.4073
      vertex 0.392337 5.52288 19.4073
    endloop
  endfacet
  facet normal 0.17415 -0.420414 -0.890463
    outer loop
      vertex 0.567627 6.25302 19.0654
      vertex 0.833926 6.36333 19.0654
      vertex 0.775012 5.61476 19.4073
    endloop
  endfacet
  facet normal 0.174138 -0.420414 -0.890465
    outer loop
      vertex 0.833926 6.36333 19.0654
      vertex 1.1386 5.76536 19.4073
      vertex 0.775012 5.61476 19.4073
    endloop
  endfacet
  facet normal 0.237759 -0.387998 -0.890465
    outer loop
      vertex 0.833926 6.36333 19.0654
      vertex 1.07969 6.51393 19.0654
      vertex 1.1386 5.76536 19.4073
    endloop
  endfacet
  facet normal 0.237763 -0.387997 -0.890464
    outer loop
      vertex 1.07969 6.51393 19.0654
      vertex 1.47416 5.97099 19.4073
      vertex 1.1386 5.76536 19.4073
    endloop
  endfacet
  facet normal 0.295536 -0.346023 -0.890464
    outer loop
      vertex 1.07969 6.51393 19.0654
      vertex 1.29887 6.70113 19.0654
      vertex 1.47416 5.97099 19.4073
    endloop
  endfacet
  facet normal 0.295531 -0.346025 -0.890465
    outer loop
      vertex 1.29887 6.70113 19.0654
      vertex 1.77342 6.22658 19.4073
      vertex 1.47416 5.97099 19.4073
    endloop
  endfacet
  facet normal 0.346021 -0.295534 -0.890466
    outer loop
      vertex 1.29887 6.70113 19.0654
      vertex 1.48607 6.92031 19.0654
      vertex 1.77342 6.22658 19.4073
    endloop
  endfacet
  facet normal 0.346026 -0.295532 -0.890464
    outer loop
      vertex 1.48607 6.92031 19.0654
      vertex 2.02901 6.52584 19.4073
      vertex 1.77342 6.22658 19.4073
    endloop
  endfacet
  facet normal 0.387998 -0.237762 -0.890464
    outer loop
      vertex 1.48607 6.92031 19.0654
      vertex 1.63667 7.16607 19.0654
      vertex 2.02901 6.52584 19.4073
    endloop
  endfacet
  facet normal 0.387992 -0.237767 -0.890466
    outer loop
      vertex 1.63667 7.16607 19.0654
      vertex 2.23464 6.86139 19.4073
      vertex 2.02901 6.52584 19.4073
    endloop
  endfacet
  facet normal 0.420408 -0.174147 -0.890466
    outer loop
      vertex 1.63667 7.16607 19.0654
      vertex 1.74698 7.43237 19.0654
      vertex 2.23464 6.86139 19.4073
    endloop
  endfacet
  facet normal 0.42042 -0.174134 -0.890463
    outer loop
      vertex 1.74698 7.43237 19.0654
      vertex 2.38524 7.22499 19.4073
      vertex 2.23464 6.86139 19.4073
    endloop
  endfacet
  facet normal 0.442483 -0.106232 -0.890463
    outer loop
      vertex 1.74698 7.43237 19.0654
      vertex 1.81427 7.71265 19.0654
      vertex 2.38524 7.22499 19.4073
    endloop
  endfacet
  facet normal 0.442477 -0.10624 -0.890465
    outer loop
      vertex 1.81427 7.71265 19.0654
      vertex 2.47712 7.60766 19.4073
      vertex 2.38524 7.22499 19.4073
    endloop
  endfacet
  facet normal 0.45365 -0.0356953 -0.890465
    outer loop
      vertex 1.81427 7.71265 19.0654
      vertex 1.83688 8 19.0654
      vertex 2.47712 7.60766 19.4073
    endloop
  endfacet
  facet normal 0.453651 -0.0356941 -0.890464
    outer loop
      vertex 1.83688 8 19.0654
      vertex 2.50799 8 19.4073
      vertex 2.47712 7.60766 19.4073
    endloop
  endfacet
  facet normal 0.308982 0.0243251 -0.950757
    outer loop
      vertex 1.12054 8 18.8326
      vertex 1.10674 8.17529 18.8326
      vertex 1.83688 8 19.0654
    endloop
  endfacet
  facet normal 0.308979 0.0243119 -0.950758
    outer loop
      vertex 1.10674 8.17529 18.8326
      vertex 1.81427 8.28735 19.0654
      vertex 1.83688 8 19.0654
    endloop
  endfacet
  facet normal 0.301369 0.072359 -0.950758
    outer loop
      vertex 1.10674 8.17529 18.8326
      vertex 1.06569 8.34626 18.8326
      vertex 1.81427 8.28735 19.0654
    endloop
  endfacet
  facet normal 0.301369 0.0723531 -0.950758
    outer loop
      vertex 1.06569 8.34626 18.8326
      vertex 1.74698 8.56763 19.0654
      vertex 1.81427 8.28735 19.0654
    endloop
  endfacet
  facet normal 0.286343 0.118598 -0.950759
    outer loop
      vertex 1.06569 8.34626 18.8326
      vertex 0.998406 8.50871 18.8326
      vertex 1.74698 8.56763 19.0654
    endloop
  endfacet
  facet normal 0.286341 0.118612 -0.950758
    outer loop
      vertex 0.998406 8.50871 18.8326
      vertex 1.63667 8.83393 19.0654
      vertex 1.74698 8.56763 19.0654
    endloop
  endfacet
  facet normal 0.264267 0.161934 -0.950758
    outer loop
      vertex 0.998406 8.50871 18.8326
      vertex 0.906534 8.65864 18.8326
      vertex 1.63667 8.83393 19.0654
    endloop
  endfacet
  facet normal 0.264266 0.16194 -0.950757
    outer loop
      vertex 0.906534 8.65864 18.8326
      vertex 1.48607 9.07969 19.0654
      vertex 1.63667 8.83393 19.0654
    endloop
  endfacet
  facet normal 0.235675 0.201292 -0.950757
    outer loop
      vertex 0.906534 8.65864 18.8326
      vertex 0.79234 8.79234 18.8326
      vertex 1.48607 9.07969 19.0654
    endloop
  endfacet
  facet normal 0.235676 0.201289 -0.950757
    outer loop
      vertex 0.79234 8.79234 18.8326
      vertex 1.29887 9.29887 19.0654
      vertex 1.48607 9.07969 19.0654
    endloop
  endfacet
  facet normal 0.201284 0.235682 -0.950757
    outer loop
      vertex 0.79234 8.79234 18.8326
      vertex 0.658636 8.90653 18.8326
      vertex 1.29887 9.29887 19.0654
    endloop
  endfacet
  facet normal 0.201288 0.235675 -0.950758
    outer loop
      vertex 0.658636 8.90653 18.8326
      vertex 1.07969 9.48607 19.0654
      vertex 1.29887 9.29887 19.0654
    endloop
  endfacet
  facet normal 0.161949 0.264256 -0.950758
    outer loop
      vertex 0.658636 8.90653 18.8326
      vertex 0.508713 8.99841 18.8326
      vertex 1.07969 9.48607 19.0654
    endloop
  endfacet
  facet normal 0.161939 0.264268 -0.950757
    outer loop
      vertex 0.508713 8.99841 18.8326
      vertex 0.833926 9.63667 19.0654
      vertex 1.07969 9.48607 19.0654
    endloop
  endfacet
  facet normal 0.118596 0.286352 -0.950756
    outer loop
      vertex 0.508713 8.99841 18.8326
      vertex 0.346265 9.06569 18.8326
      vertex 0.833926 9.63667 19.0654
    endloop
  endfacet
  facet normal 0.118612 0.28634 -0.950758
    outer loop
      vertex 0.346265 9.06569 18.8326
      vertex 0.567627 9.74698 19.0654
      vertex 0.833926 9.63667 19.0654
    endloop
  endfacet
  facet normal 0.0723571 0.301369 -0.950758
    outer loop
      vertex 0.346265 9.06569 18.8326
      vertex 0.175291 9.10674 18.8326
      vertex 0.567627 9.74698 19.0654
    endloop
  endfacet
  facet normal 0.0723544 0.30137 -0.950758
    outer loop
      vertex 0.175291 9.10674 18.8326
      vertex 0.287351 9.81427 19.0654
      vertex 0.567627 9.74698 19.0654
    endloop
  endfacet
  facet normal 0.0243246 0.308977 -0.950758
    outer loop
      vertex 0.175291 9.10674 18.8326
      vertex 0 9.12054 18.8326
      vertex 0.287351 9.81427 19.0654
    endloop
  endfacet
  facet normal 0.024312 0.308982 -0.950757
    outer loop
      vertex 0 9.12054 18.8326
      vertex 0 9.83688 19.0654
      vertex 0.287351 9.81427 19.0654
    endloop
  endfacet
  facet normal -0.024325 0.308982 -0.950757
    outer loop
      vertex 0 9.12054 18.8326
      vertex -0.175291 9.10674 18.8326
      vertex 0 9.83688 19.0654
    endloop
  endfacet
  facet normal -0.0243118 0.308979 -0.950758
    outer loop
      vertex -0.175291 9.10674 18.8326
      vertex -0.287351 9.81427 19.0654
      vertex 0 9.83688 19.0654
    endloop
  endfacet
  facet normal -0.0723573 0.30137 -0.950758
    outer loop
      vertex -0.175291 9.10674 18.8326
      vertex -0.346265 9.06569 18.8326
      vertex -0.287351 9.81427 19.0654
    endloop
  endfacet
  facet normal -0.0723542 0.30137 -0.950758
    outer loop
      vertex -0.346265 9.06569 18.8326
      vertex -0.567627 9.74698 19.0654
      vertex -0.287351 9.81427 19.0654
    endloop
  endfacet
  facet normal -0.118594 0.286346 -0.950758
    outer loop
      vertex -0.346265 9.06569 18.8326
      vertex -0.508713 8.99841 18.8326
      vertex -0.567627 9.74698 19.0654
    endloop
  endfacet
  facet normal -0.118613 0.286344 -0.950757
    outer loop
      vertex -0.508713 8.99841 18.8326
      vertex -0.833926 9.63667 19.0654
      vertex -0.567627 9.74698 19.0654
    endloop
  endfacet
  facet normal -0.161952 0.264261 -0.950756
    outer loop
      vertex -0.508713 8.99841 18.8326
      vertex -0.658636 8.90653 18.8326
      vertex -0.833926 9.63667 19.0654
    endloop
  endfacet
  facet normal -0.161937 0.264265 -0.950758
    outer loop
      vertex -0.658636 8.90653 18.8326
      vertex -1.07969 9.48607 19.0654
      vertex -0.833926 9.63667 19.0654
    endloop
  endfacet
  facet normal -0.201282 0.23568 -0.950758
    outer loop
      vertex -0.658636 8.90653 18.8326
      vertex -0.79234 8.79234 18.8326
      vertex -1.07969 9.48607 19.0654
    endloop
  endfacet
  facet normal -0.201289 0.235676 -0.950757
    outer loop
      vertex -0.79234 8.79234 18.8326
      vertex -1.29887 9.29887 19.0654
      vertex -1.07969 9.48607 19.0654
    endloop
  endfacet
  facet normal -0.235675 0.201291 -0.950757
    outer loop
      vertex -0.79234 8.79234 18.8326
      vertex -0.906534 8.65864 18.8326
      vertex -1.29887 9.29887 19.0654
    endloop
  endfacet
  facet normal -0.235677 0.20129 -0.950757
    outer loop
      vertex -0.906534 8.65864 18.8326
      vertex -1.48607 9.07969 19.0654
      vertex -1.29887 9.29887 19.0654
    endloop
  endfacet
  facet normal -0.264269 0.161935 -0.950757
    outer loop
      vertex -0.906534 8.65864 18.8326
      vertex -0.998406 8.50871 18.8326
      vertex -1.48607 9.07969 19.0654
    endloop
  endfacet
  facet normal -0.264264 0.161939 -0.950758
    outer loop
      vertex -0.998406 8.50871 18.8326
      vertex -1.63667 8.83393 19.0654
      vertex -1.48607 9.07969 19.0654
    endloop
  endfacet
  facet normal -0.286347 0.1186 -0.950757
    outer loop
      vertex -0.998406 8.50871 18.8326
      vertex -1.06569 8.34626 18.8326
      vertex -1.63667 8.83393 19.0654
    endloop
  endfacet
  facet normal -0.286339 0.118611 -0.950758
    outer loop
      vertex -1.06569 8.34626 18.8326
      vertex -1.74698 8.56763 19.0654
      vertex -1.63667 8.83393 19.0654
    endloop
  endfacet
  facet normal -0.301367 0.0723585 -0.950759
    outer loop
      vertex -1.06569 8.34626 18.8326
      vertex -1.10674 8.17529 18.8326
      vertex -1.74698 8.56763 19.0654
    endloop
  endfacet
  facet normal -0.30137 0.0723534 -0.950758
    outer loop
      vertex -1.10674 8.17529 18.8326
      vertex -1.81427 8.28735 19.0654
      vertex -1.74698 8.56763 19.0654
    endloop
  endfacet
  facet normal -0.308977 0.0243248 -0.950758
    outer loop
      vertex -1.10674 8.17529 18.8326
      vertex -1.12054 8 18.8326
      vertex -1.81427 8.28735 19.0654
    endloop
  endfacet
  facet normal -0.308982 0.0243121 -0.950757
    outer loop
      vertex -1.12054 8 18.8326
      vertex -1.83688 8 19.0654
      vertex -1.81427 8.28735 19.0654
    endloop
  endfacet
  facet normal -0.308982 -0.0243251 -0.950757
    outer loop
      vertex -1.12054 8 18.8326
      vertex -1.10674 7.82471 18.8326
      vertex -1.83688 8 19.0654
    endloop
  endfacet
  facet normal -0.308979 -0.0243119 -0.950758
    outer loop
      vertex -1.10674 7.82471 18.8326
      vertex -1.81427 7.71265 19.0654
      vertex -1.83688 8 19.0654
    endloop
  endfacet
  facet normal -0.30137 -0.0723549 -0.950758
    outer loop
      vertex -1.10674 7.82471 18.8326
      vertex -1.06569 7.65373 18.8326
      vertex -1.81427 7.71265 19.0654
    endloop
  endfacet
  facet normal -0.30137 -0.0723533 -0.950758
    outer loop
      vertex -1.06569 7.65373 18.8326
      vertex -1.74698 7.43237 19.0654
      vertex -1.81427 7.71265 19.0654
    endloop
  endfacet
  facet normal -0.286342 -0.118605 -0.950758
    outer loop
      vertex -1.06569 7.65373 18.8326
      vertex -0.998406 7.49129 18.8326
      vertex -1.74698 7.43237 19.0654
    endloop
  endfacet
  facet normal -0.286341 -0.118612 -0.950758
    outer loop
      vertex -0.998406 7.49129 18.8326
      vertex -1.63667 7.16607 19.0654
      vertex -1.74698 7.43237 19.0654
    endloop
  endfacet
  facet normal -0.264267 -0.161934 -0.950758
    outer loop
      vertex -0.998406 7.49129 18.8326
      vertex -0.906534 7.34136 18.8326
      vertex -1.63667 7.16607 19.0654
    endloop
  endfacet
  facet normal -0.264266 -0.16194 -0.950757
    outer loop
      vertex -0.906534 7.34136 18.8326
      vertex -1.48607 6.92031 19.0654
      vertex -1.63667 7.16607 19.0654
    endloop
  endfacet
  facet normal -0.235675 -0.201292 -0.950757
    outer loop
      vertex -0.906534 7.34136 18.8326
      vertex -0.79234 7.20766 18.8326
      vertex -1.48607 6.92031 19.0654
    endloop
  endfacet
  facet normal -0.235676 -0.201289 -0.950757
    outer loop
      vertex -0.79234 7.20766 18.8326
      vertex -1.29887 6.70113 19.0654
      vertex -1.48607 6.92031 19.0654
    endloop
  endfacet
  facet normal -0.201284 -0.235682 -0.950757
    outer loop
      vertex -0.79234 7.20766 18.8326
      vertex -0.658636 7.09347 18.8326
      vertex -1.29887 6.70113 19.0654
    endloop
  endfacet
  facet normal -0.201288 -0.235675 -0.950758
    outer loop
      vertex -0.658636 7.09347 18.8326
      vertex -1.07969 6.51393 19.0654
      vertex -1.29887 6.70113 19.0654
    endloop
  endfacet
  facet normal -0.161949 -0.264256 -0.950758
    outer loop
      vertex -0.658636 7.09347 18.8326
      vertex -0.508713 7.00159 18.8326
      vertex -1.07969 6.51393 19.0654
    endloop
  endfacet
  facet normal -0.161939 -0.264268 -0.950757
    outer loop
      vertex -0.508713 7.00159 18.8326
      vertex -0.833926 6.36333 19.0654
      vertex -1.07969 6.51393 19.0654
    endloop
  endfacet
  facet normal -0.118596 -0.286352 -0.950756
    outer loop
      vertex -0.508713 7.00159 18.8326
      vertex -0.346265 6.93431 18.8326
      vertex -0.833926 6.36333 19.0654
    endloop
  endfacet
  facet normal -0.118612 -0.28634 -0.950758
    outer loop
      vertex -0.346265 6.93431 18.8326
      vertex -0.567627 6.25302 19.0654
      vertex -0.833926 6.36333 19.0654
    endloop
  endfacet
  facet normal -0.0723571 -0.301369 -0.950758
    outer loop
      vertex -0.346265 6.93431 18.8326
      vertex -0.175291 6.89326 18.8326
      vertex -0.567627 6.25302 19.0654
    endloop
  endfacet
  facet normal -0.0723544 -0.30137 -0.950758
    outer loop
      vertex -0.175291 6.89326 18.8326
      vertex -0.287351 6.18573 19.0654
      vertex -0.567627 6.25302 19.0654
    endloop
  endfacet
  facet normal -0.0243246 -0.308977 -0.950758
    outer loop
      vertex -0.175291 6.89326 18.8326
      vertex 0 6.87946 18.8326
      vertex -0.287351 6.18573 19.0654
    endloop
  endfacet
  facet normal -0.024312 -0.308982 -0.950757
    outer loop
      vertex 0 6.87946 18.8326
      vertex 0 6.16312 19.0654
      vertex -0.287351 6.18573 19.0654
    endloop
  endfacet
  facet normal 0.024325 -0.308982 -0.950757
    outer loop
      vertex 0 6.87946 18.8326
      vertex 0.175291 6.89326 18.8326
      vertex 0 6.16312 19.0654
    endloop
  endfacet
  facet normal 0.0243118 -0.308979 -0.950758
    outer loop
      vertex 0.175291 6.89326 18.8326
      vertex 0.287351 6.18573 19.0654
      vertex 0 6.16312 19.0654
    endloop
  endfacet
  facet normal 0.0723573 -0.30137 -0.950758
    outer loop
      vertex 0.175291 6.89326 18.8326
      vertex 0.346265 6.93431 18.8326
      vertex 0.287351 6.18573 19.0654
    endloop
  endfacet
  facet normal 0.0723542 -0.30137 -0.950758
    outer loop
      vertex 0.346265 6.93431 18.8326
      vertex 0.567627 6.25302 19.0654
      vertex 0.287351 6.18573 19.0654
    endloop
  endfacet
  facet normal 0.118594 -0.286346 -0.950758
    outer loop
      vertex 0.346265 6.93431 18.8326
      vertex 0.508713 7.00159 18.8326
      vertex 0.567627 6.25302 19.0654
    endloop
  endfacet
  facet normal 0.118613 -0.286344 -0.950757
    outer loop
      vertex 0.508713 7.00159 18.8326
      vertex 0.833926 6.36333 19.0654
      vertex 0.567627 6.25302 19.0654
    endloop
  endfacet
  facet normal 0.161952 -0.264261 -0.950756
    outer loop
      vertex 0.508713 7.00159 18.8326
      vertex 0.658636 7.09347 18.8326
      vertex 0.833926 6.36333 19.0654
    endloop
  endfacet
  facet normal 0.161937 -0.264265 -0.950758
    outer loop
      vertex 0.658636 7.09347 18.8326
      vertex 1.07969 6.51393 19.0654
      vertex 0.833926 6.36333 19.0654
    endloop
  endfacet
  facet normal 0.201282 -0.23568 -0.950758
    outer loop
      vertex 0.658636 7.09347 18.8326
      vertex 0.79234 7.20766 18.8326
      vertex 1.07969 6.51393 19.0654
    endloop
  endfacet
  facet normal 0.201289 -0.235676 -0.950757
    outer loop
      vertex 0.79234 7.20766 18.8326
      vertex 1.29887 6.70113 19.0654
      vertex 1.07969 6.51393 19.0654
    endloop
  endfacet
  facet normal 0.235675 -0.201291 -0.950757
    outer loop
      vertex 0.79234 7.20766 18.8326
      vertex 0.906534 7.34136 18.8326
      vertex 1.29887 6.70113 19.0654
    endloop
  endfacet
  facet normal 0.235677 -0.20129 -0.950757
    outer loop
      vertex 0.906534 7.34136 18.8326
      vertex 1.48607 6.92031 19.0654
      vertex 1.29887 6.70113 19.0654
    endloop
  endfacet
  facet normal 0.264269 -0.161935 -0.950757
    outer loop
      vertex 0.906534 7.34136 18.8326
      vertex 0.998406 7.49129 18.8326
      vertex 1.48607 6.92031 19.0654
    endloop
  endfacet
  facet normal 0.264264 -0.161939 -0.950758
    outer loop
      vertex 0.998406 7.49129 18.8326
      vertex 1.63667 7.16607 19.0654
      vertex 1.48607 6.92031 19.0654
    endloop
  endfacet
  facet normal 0.286344 -0.118606 -0.950757
    outer loop
      vertex 0.998406 7.49129 18.8326
      vertex 1.06569 7.65373 18.8326
      vertex 1.63667 7.16607 19.0654
    endloop
  endfacet
  facet normal 0.28634 -0.118611 -0.950758
    outer loop
      vertex 1.06569 7.65373 18.8326
      vertex 1.74698 7.43237 19.0654
      vertex 1.63667 7.16607 19.0654
    endloop
  endfacet
  facet normal 0.30137 -0.0723548 -0.950758
    outer loop
      vertex 1.06569 7.65373 18.8326
      vertex 1.10674 7.82471 18.8326
      vertex 1.74698 7.43237 19.0654
    endloop
  endfacet
  facet normal 0.30137 -0.0723534 -0.950758
    outer loop
      vertex 1.10674 7.82471 18.8326
      vertex 1.81427 7.71265 19.0654
      vertex 1.74698 7.43237 19.0654
    endloop
  endfacet
  facet normal 0.308977 -0.0243248 -0.950758
    outer loop
      vertex 1.10674 7.82471 18.8326
      vertex 1.12054 8 18.8326
      vertex 1.81427 7.71265 19.0654
    endloop
  endfacet
  facet normal 0.308982 -0.0243121 -0.950757
    outer loop
      vertex 1.12054 8 18.8326
      vertex 1.83688 8 19.0654
      vertex 1.81427 7.71265 19.0654
    endloop
  endfacet
  facet normal 0.156386 0.0123097 -0.987619
    outer loop
      vertex 0.376604 8 18.7148
      vertex 0.371967 8.05891 18.7148
      vertex 1.12054 8 18.8326
    endloop
  endfacet
  facet normal 0.156387 0.0123118 -0.987619
    outer loop
      vertex 0.371967 8.05891 18.7148
      vertex 1.10674 8.17529 18.8326
      vertex 1.12054 8 18.8326
    endloop
  endfacet
  facet normal 0.152537 0.0366174 -0.987619
    outer loop
      vertex 0.371967 8.05891 18.7148
      vertex 0.358171 8.11638 18.7148
      vertex 1.10674 8.17529 18.8326
    endloop
  endfacet
  facet normal 0.152536 0.0366241 -0.987619
    outer loop
      vertex 0.358171 8.11638 18.7148
      vertex 1.06569 8.34626 18.8326
      vertex 1.10674 8.17529 18.8326
    endloop
  endfacet
  facet normal 0.144928 0.0600395 -0.987619
    outer loop
      vertex 0.358171 8.11638 18.7148
      vertex 0.335556 8.17097 18.7148
      vertex 1.06569 8.34626 18.8326
    endloop
  endfacet
  facet normal 0.144931 0.060028 -0.987619
    outer loop
      vertex 0.335556 8.17097 18.7148
      vertex 0.998406 8.50871 18.8326
      vertex 1.06569 8.34626 18.8326
    endloop
  endfacet
  facet normal 0.133756 0.0819604 -0.987619
    outer loop
      vertex 0.335556 8.17097 18.7148
      vertex 0.304679 8.22136 18.7148
      vertex 0.998406 8.50871 18.8326
    endloop
  endfacet
  facet normal 0.133756 0.081961 -0.987619
    outer loop
      vertex 0.304679 8.22136 18.7148
      vertex 0.906534 8.65864 18.8326
      vertex 0.998406 8.50871 18.8326
    endloop
  endfacet
  facet normal 0.119287 0.101875 -0.987619
    outer loop
      vertex 0.304679 8.22136 18.7148
      vertex 0.266299 8.2663 18.7148
      vertex 0.906534 8.65864 18.8326
    endloop
  endfacet
  facet normal 0.119284 0.101881 -0.987619
    outer loop
      vertex 0.266299 8.2663 18.7148
      vertex 0.79234 8.79234 18.8326
      vertex 0.906534 8.65864 18.8326
    endloop
  endfacet
  facet normal 0.10188 0.119285 -0.987619
    outer loop
      vertex 0.266299 8.2663 18.7148
      vertex 0.221362 8.30468 18.7148
      vertex 0.79234 8.79234 18.8326
    endloop
  endfacet
  facet normal 0.101878 0.119287 -0.987619
    outer loop
      vertex 0.221362 8.30468 18.7148
      vertex 0.658636 8.90653 18.8326
      vertex 0.79234 8.79234 18.8326
    endloop
  endfacet
  facet normal 0.0819691 0.133752 -0.987619
    outer loop
      vertex 0.221362 8.30468 18.7148
      vertex 0.170974 8.33556 18.7148
      vertex 0.658636 8.90653 18.8326
    endloop
  endfacet
  facet normal 0.0819694 0.133752 -0.987619
    outer loop
      vertex 0.170974 8.33556 18.7148
      vertex 0.508713 8.99841 18.8326
      vertex 0.658636 8.90653 18.8326
    endloop
  endfacet
  facet normal 0.0600212 0.144935 -0.987619
    outer loop
      vertex 0.170974 8.33556 18.7148
      vertex 0.116377 8.35817 18.7148
      vertex 0.508713 8.99841 18.8326
    endloop
  endfacet
  facet normal 0.0600256 0.144932 -0.987619
    outer loop
      vertex 0.116377 8.35817 18.7148
      vertex 0.346265 9.06569 18.8326
      vertex 0.508713 8.99841 18.8326
    endloop
  endfacet
  facet normal 0.0366315 0.152533 -0.987619
    outer loop
      vertex 0.116377 8.35817 18.7148
      vertex 0.0589138 8.37197 18.7148
      vertex 0.346265 9.06569 18.8326
    endloop
  endfacet
  facet normal 0.0366233 0.152537 -0.987619
    outer loop
      vertex 0.0589138 8.37197 18.7148
      vertex 0.175291 9.10674 18.8326
      vertex 0.346265 9.06569 18.8326
    endloop
  endfacet
  facet normal 0.0122906 0.156391 -0.987619
    outer loop
      vertex 0.0589138 8.37197 18.7148
      vertex 0 8.3766 18.7148
      vertex 0.175291 9.10674 18.8326
    endloop
  endfacet
  facet normal 0.0123117 0.156386 -0.987619
    outer loop
      vertex 0 8.3766 18.7148
      vertex 0 9.12054 18.8326
      vertex 0.175291 9.10674 18.8326
    endloop
  endfacet
  facet normal -0.0122903 0.156386 -0.98762
    outer loop
      vertex 0 8.3766 18.7148
      vertex -0.0589138 8.37197 18.7148
      vertex 0 9.12054 18.8326
    endloop
  endfacet
  facet normal -0.0123118 0.156387 -0.987619
    outer loop
      vertex -0.0589138 8.37197 18.7148
      vertex -0.175291 9.10674 18.8326
      vertex 0 9.12054 18.8326
    endloop
  endfacet
  facet normal -0.0366319 0.152535 -0.987619
    outer loop
      vertex -0.0589138 8.37197 18.7148
      vertex -0.116377 8.35817 18.7148
      vertex -0.175291 9.10674 18.8326
    endloop
  endfacet
  facet normal -0.0366231 0.152536 -0.987619
    outer loop
      vertex -0.116377 8.35817 18.7148
      vertex -0.346265 9.06569 18.8326
      vertex -0.175291 9.10674 18.8326
    endloop
  endfacet
  facet normal -0.0600207 0.144934 -0.987619
    outer loop
      vertex -0.116377 8.35817 18.7148
      vertex -0.170974 8.33556 18.7148
      vertex -0.346265 9.06569 18.8326
    endloop
  endfacet
  facet normal -0.0600257 0.144932 -0.987619
    outer loop
      vertex -0.170974 8.33556 18.7148
      vertex -0.508713 8.99841 18.8326
      vertex -0.346265 9.06569 18.8326
    endloop
  endfacet
  facet normal -0.081969 0.133752 -0.987619
    outer loop
      vertex -0.170974 8.33556 18.7148
      vertex -0.221362 8.30468 18.7148
      vertex -0.508713 8.99841 18.8326
    endloop
  endfacet
  facet normal -0.0819694 0.133752 -0.987619
    outer loop
      vertex -0.221362 8.30468 18.7148
      vertex -0.658636 8.90653 18.8326
      vertex -0.508713 8.99841 18.8326
    endloop
  endfacet
  facet normal -0.10188 0.119286 -0.987619
    outer loop
      vertex -0.221362 8.30468 18.7148
      vertex -0.266299 8.2663 18.7148
      vertex -0.658636 8.90653 18.8326
    endloop
  endfacet
  facet normal -0.101877 0.119287 -0.987619
    outer loop
      vertex -0.266299 8.2663 18.7148
      vertex -0.79234 8.79234 18.8326
      vertex -0.658636 8.90653 18.8326
    endloop
  endfacet
  facet normal -0.119289 0.101876 -0.987619
    outer loop
      vertex -0.266299 8.2663 18.7148
      vertex -0.304679 8.22136 18.7148
      vertex -0.79234 8.79234 18.8326
    endloop
  endfacet
  facet normal -0.119283 0.101881 -0.987619
    outer loop
      vertex -0.304679 8.22136 18.7148
      vertex -0.906534 8.65864 18.8326
      vertex -0.79234 8.79234 18.8326
    endloop
  endfacet
  facet normal -0.133756 0.0819605 -0.987619
    outer loop
      vertex -0.304679 8.22136 18.7148
      vertex -0.335556 8.17097 18.7148
      vertex -0.906534 8.65864 18.8326
    endloop
  endfacet
  facet normal -0.133756 0.081961 -0.987619
    outer loop
      vertex -0.335556 8.17097 18.7148
      vertex -0.998406 8.50871 18.8326
      vertex -0.906534 8.65864 18.8326
    endloop
  endfacet
  facet normal -0.144926 0.0600385 -0.987619
    outer loop
      vertex -0.335556 8.17097 18.7148
      vertex -0.358171 8.11638 18.7148
      vertex -0.998406 8.50871 18.8326
    endloop
  endfacet
  facet normal -0.144932 0.0600284 -0.987619
    outer loop
      vertex -0.358171 8.11638 18.7148
      vertex -1.06569 8.34626 18.8326
      vertex -0.998406 8.50871 18.8326
    endloop
  endfacet
  facet normal -0.152538 0.0366177 -0.987619
    outer loop
      vertex -0.358171 8.11638 18.7148
      vertex -0.371967 8.05891 18.7148
      vertex -1.06569 8.34626 18.8326
    endloop
  endfacet
  facet normal -0.152536 0.036624 -0.987619
    outer loop
      vertex -0.371967 8.05891 18.7148
      vertex -1.10674 8.17529 18.8326
      vertex -1.06569 8.34626 18.8326
    endloop
  endfacet
  facet normal -0.156387 0.0123097 -0.987619
    outer loop
      vertex -0.371967 8.05891 18.7148
      vertex -0.376604 8 18.7148
      vertex -1.10674 8.17529 18.8326
    endloop
  endfacet
  facet normal -0.156386 0.0123118 -0.987619
    outer loop
      vertex -0.376604 8 18.7148
      vertex -1.12054 8 18.8326
      vertex -1.10674 8.17529 18.8326
    endloop
  endfacet
  facet normal -0.156386 -0.0123097 -0.987619
    outer loop
      vertex -0.376604 8 18.7148
      vertex -0.371967 7.94109 18.7148
      vertex -1.12054 8 18.8326
    endloop
  endfacet
  facet normal -0.156387 -0.0123118 -0.987619
    outer loop
      vertex -0.371967 7.94109 18.7148
      vertex -1.10674 7.82471 18.8326
      vertex -1.12054 8 18.8326
    endloop
  endfacet
  facet normal -0.152537 -0.0366174 -0.987619
    outer loop
      vertex -0.371967 7.94109 18.7148
      vertex -0.358171 7.88362 18.7148
      vertex -1.10674 7.82471 18.8326
    endloop
  endfacet
  facet normal -0.152537 -0.036622 -0.987619
    outer loop
      vertex -0.358171 7.88362 18.7148
      vertex -1.06569 7.65373 18.8326
      vertex -1.10674 7.82471 18.8326
    endloop
  endfacet
  facet normal -0.144928 -0.0600392 -0.987619
    outer loop
      vertex -0.358171 7.88362 18.7148
      vertex -0.335556 7.82903 18.7148
      vertex -1.06569 7.65373 18.8326
    endloop
  endfacet
  facet normal -0.14493 -0.0600311 -0.987619
    outer loop
      vertex -0.335556 7.82903 18.7148
      vertex -0.998406 7.49129 18.8326
      vertex -1.06569 7.65373 18.8326
    endloop
  endfacet
  facet normal -0.133756 -0.0819604 -0.987619
    outer loop
      vertex -0.335556 7.82903 18.7148
      vertex -0.304679 7.77864 18.7148
      vertex -0.998406 7.49129 18.8326
    endloop
  endfacet
  facet normal -0.133756 -0.081961 -0.987619
    outer loop
      vertex -0.304679 7.77864 18.7148
      vertex -0.906534 7.34136 18.8326
      vertex -0.998406 7.49129 18.8326
    endloop
  endfacet
  facet normal -0.119287 -0.101875 -0.987619
    outer loop
      vertex -0.304679 7.77864 18.7148
      vertex -0.266299 7.7337 18.7148
      vertex -0.906534 7.34136 18.8326
    endloop
  endfacet
  facet normal -0.119284 -0.101881 -0.987619
    outer loop
      vertex -0.266299 7.7337 18.7148
      vertex -0.79234 7.20766 18.8326
      vertex -0.906534 7.34136 18.8326
    endloop
  endfacet
  facet normal -0.10188 -0.119285 -0.987619
    outer loop
      vertex -0.266299 7.7337 18.7148
      vertex -0.221362 7.69532 18.7148
      vertex -0.79234 7.20766 18.8326
    endloop
  endfacet
  facet normal -0.101878 -0.119287 -0.987619
    outer loop
      vertex -0.221362 7.69532 18.7148
      vertex -0.658636 7.09347 18.8326
      vertex -0.79234 7.20766 18.8326
    endloop
  endfacet
  facet normal -0.0819691 -0.133752 -0.987619
    outer loop
      vertex -0.221362 7.69532 18.7148
      vertex -0.170974 7.66444 18.7148
      vertex -0.658636 7.09347 18.8326
    endloop
  endfacet
  facet normal -0.0819694 -0.133752 -0.987619
    outer loop
      vertex -0.170974 7.66444 18.7148
      vertex -0.508713 7.00159 18.8326
      vertex -0.658636 7.09347 18.8326
    endloop
  endfacet
  facet normal -0.0600212 -0.144935 -0.987619
    outer loop
      vertex -0.170974 7.66444 18.7148
      vertex -0.116377 7.64183 18.7148
      vertex -0.508713 7.00159 18.8326
    endloop
  endfacet
  facet normal -0.0600256 -0.144932 -0.987619
    outer loop
      vertex -0.116377 7.64183 18.7148
      vertex -0.346265 6.93431 18.8326
      vertex -0.508713 7.00159 18.8326
    endloop
  endfacet
  facet normal -0.0366315 -0.152533 -0.987619
    outer loop
      vertex -0.116377 7.64183 18.7148
      vertex -0.0589138 7.62803 18.7148
      vertex -0.346265 6.93431 18.8326
    endloop
  endfacet
  facet normal -0.0366233 -0.152537 -0.987619
    outer loop
      vertex -0.0589138 7.62803 18.7148
      vertex -0.175291 6.89326 18.8326
      vertex -0.346265 6.93431 18.8326
    endloop
  endfacet
  facet normal -0.0122906 -0.156391 -0.987619
    outer loop
      vertex -0.0589138 7.62803 18.7148
      vertex 0 7.6234 18.7148
      vertex -0.175291 6.89326 18.8326
    endloop
  endfacet
  facet normal -0.0123117 -0.156386 -0.987619
    outer loop
      vertex 0 7.6234 18.7148
      vertex 0 6.87946 18.8326
      vertex -0.175291 6.89326 18.8326
    endloop
  endfacet
  facet normal 0.0122903 -0.156386 -0.98762
    outer loop
      vertex 0 7.6234 18.7148
      vertex 0.0589138 7.62803 18.7148
      vertex 0 6.87946 18.8326
    endloop
  endfacet
  facet normal 0.0123118 -0.156387 -0.987619
    outer loop
      vertex 0.0589138 7.62803 18.7148
      vertex 0.175291 6.89326 18.8326
      vertex 0 6.87946 18.8326
    endloop
  endfacet
  facet normal 0.0366319 -0.152535 -0.987619
    outer loop
      vertex 0.0589138 7.62803 18.7148
      vertex 0.116377 7.64183 18.7148
      vertex 0.175291 6.89326 18.8326
    endloop
  endfacet
  facet normal 0.0366231 -0.152536 -0.987619
    outer loop
      vertex 0.116377 7.64183 18.7148
      vertex 0.346265 6.93431 18.8326
      vertex 0.175291 6.89326 18.8326
    endloop
  endfacet
  facet normal 0.0600207 -0.144934 -0.987619
    outer loop
      vertex 0.116377 7.64183 18.7148
      vertex 0.170974 7.66444 18.7148
      vertex 0.346265 6.93431 18.8326
    endloop
  endfacet
  facet normal 0.0600257 -0.144932 -0.987619
    outer loop
      vertex 0.170974 7.66444 18.7148
      vertex 0.508713 7.00159 18.8326
      vertex 0.346265 6.93431 18.8326
    endloop
  endfacet
  facet normal 0.081969 -0.133752 -0.987619
    outer loop
      vertex 0.170974 7.66444 18.7148
      vertex 0.221362 7.69532 18.7148
      vertex 0.508713 7.00159 18.8326
    endloop
  endfacet
  facet normal 0.0819694 -0.133752 -0.987619
    outer loop
      vertex 0.221362 7.69532 18.7148
      vertex 0.658636 7.09347 18.8326
      vertex 0.508713 7.00159 18.8326
    endloop
  endfacet
  facet normal 0.10188 -0.119286 -0.987619
    outer loop
      vertex 0.221362 7.69532 18.7148
      vertex 0.266299 7.7337 18.7148
      vertex 0.658636 7.09347 18.8326
    endloop
  endfacet
  facet normal 0.101877 -0.119287 -0.987619
    outer loop
      vertex 0.266299 7.7337 18.7148
      vertex 0.79234 7.20766 18.8326
      vertex 0.658636 7.09347 18.8326
    endloop
  endfacet
  facet normal 0.119289 -0.101876 -0.987619
    outer loop
      vertex 0.266299 7.7337 18.7148
      vertex 0.304679 7.77864 18.7148
      vertex 0.79234 7.20766 18.8326
    endloop
  endfacet
  facet normal 0.119283 -0.101881 -0.987619
    outer loop
      vertex 0.304679 7.77864 18.7148
      vertex 0.906534 7.34136 18.8326
      vertex 0.79234 7.20766 18.8326
    endloop
  endfacet
  facet normal 0.133756 -0.0819605 -0.987619
    outer loop
      vertex 0.304679 7.77864 18.7148
      vertex 0.335556 7.82903 18.7148
      vertex 0.906534 7.34136 18.8326
    endloop
  endfacet
  facet normal 0.133756 -0.081961 -0.987619
    outer loop
      vertex 0.335556 7.82903 18.7148
      vertex 0.998406 7.49129 18.8326
      vertex 0.906534 7.34136 18.8326
    endloop
  endfacet
  facet normal 0.144926 -0.0600385 -0.987619
    outer loop
      vertex 0.335556 7.82903 18.7148
      vertex 0.358171 7.88362 18.7148
      vertex 0.998406 7.49129 18.8326
    endloop
  endfacet
  facet normal 0.14493 -0.0600313 -0.987619
    outer loop
      vertex 0.358171 7.88362 18.7148
      vertex 1.06569 7.65373 18.8326
      vertex 0.998406 7.49129 18.8326
    endloop
  endfacet
  facet normal 0.152538 -0.0366176 -0.987619
    outer loop
      vertex 0.358171 7.88362 18.7148
      vertex 0.371967 7.94109 18.7148
      vertex 1.06569 7.65373 18.8326
    endloop
  endfacet
  facet normal 0.152536 -0.0366219 -0.987619
    outer loop
      vertex 0.371967 7.94109 18.7148
      vertex 1.10674 7.82471 18.8326
      vertex 1.06569 7.65373 18.8326
    endloop
  endfacet
  facet normal 0.156387 -0.0123097 -0.987619
    outer loop
      vertex 0.371967 7.94109 18.7148
      vertex 0.376604 8 18.7148
      vertex 1.10674 7.82471 18.8326
    endloop
  endfacet
  facet normal 0.156386 -0.0123118 -0.987619
    outer loop
      vertex 0.376604 8 18.7148
      vertex 1.12054 8 18.8326
      vertex 1.10674 7.82471 18.8326
    endloop
  endfacet
  facet normal 0 0 -1
    outer loop
      vertex 0.371967 7.94109 18.7148
      vertex 0.371967 8.05891 18.7148
      vertex 0.376604 8 18.7148
    endloop
  endfacet
  facet normal 0 0 -1
    outer loop
      vertex 0.358171 7.88362 18.7148
      vertex 0.371967 8.05891 18.7148
      vertex 0.371967 7.94109 18.7148
    endloop
  endfacet
  facet normal 0 0 -1
    outer loop
      vertex 0.358171 7.88362 18.7148
      vertex 0.358171 8.11638 18.7148
      vertex 0.371967 8.05891 18.7148
    endloop
  endfacet
  facet normal 0 0 -1
    outer loop
      vertex 0.335556 7.82903 18.7148
      vertex 0.358171 8.11638 18.7148
      vertex 0.358171 7.88362 18.7148
    endloop
  endfacet
  facet normal 0 0 -1
    outer loop
      vertex 0.335556 7.82903 18.7148
      vertex 0.335556 8.17097 18.7148
      vertex 0.358171 8.11638 18.7148
    endloop
  endfacet
  facet normal 0 0 -1
    outer loop
      vertex 0.304679 7.77864 18.7148
      vertex 0.335556 8.17097 18.7148
      vertex 0.335556 7.82903 18.7148
    endloop
  endfacet
  facet normal 0 0 -1
    outer loop
      vertex 0.304679 7.77864 18.7148
      vertex 0.304679 8.22136 18.7148
      vertex 0.335556 8.17097 18.7148
    endloop
  endfacet
  facet normal 0 0 -1
    outer loop
      vertex 0.266299 7.7337 18.7148
      vertex 0.304679 8.22136 18.7148
      vertex 0.304679 7.77864 18.7148
    endloop
  endfacet
  facet normal 0 0 -1
    outer loop
      vertex 0.266299 7.7337 18.7148
      vertex 0.266299 8.2663 18.7148
      vertex 0.304679 8.22136 18.7148
    endloop
  endfacet
  facet normal 0 0 -1
    outer loop
      vertex 0.221362 7.69532 18.7148
      vertex 0.266299 8.2663 18.7148
      vertex 0.266299 7.7337 18.7148
    endloop
  endfacet
  facet normal 0 0 -1
    outer loop
      vertex 0.221362 7.69532 18.7148
      vertex 0.221362 8.30468 18.7148
      vertex 0.266299 8.2663 18.7148
    endloop
  endfacet
  facet normal 0 0 -1
    outer loop
      vertex 0.170974 7.66444 18.7148
      vertex 0.221362 8.30468 18.7148
      vertex 0.221362 7.69532 18.7148
    endloop
  endfacet
  facet normal 0 0 -1
    outer loop
      vertex 0.170974 7.66444 18.7148
      vertex 0.170974 8.33556 18.7148
      vertex 0.221362 8.30468 18.7148
    endloop
  endfacet
  facet normal 0 0 -1
    outer loop
      vertex 0.116377 7.64183 18.7148
      vertex 0.170974 8.33556 18.7148
      vertex 0.170974 7.66444 18.7148
    endloop
  endfacet
  facet normal 0 0 -1
    outer loop
      vertex 0.116377 7.64183 18.7148
      vertex 0.116377 8.35817 18.7148
      vertex 0.170974 8.33556 18.7148
    endloop
  endfacet
  facet normal 0 0 -1
    outer loop
      vertex 0.0589138 7.62803 18.7148
      vertex 0.116377 8.35817 18.7148
      vertex 0.116377 7.64183 18.7148
    endloop
  endfacet
  facet normal 0 0 -1
    outer loop
      vertex 0.0589138 7.62803 18.7148
      vertex 0.0589138 8.37197 18.7148
      vertex 0.116377 8.35817 18.7148
    endloop
  endfacet
  facet normal 0 0 -1
    outer loop
      vertex 0 7.6234 18.7148
      vertex 0.0589138 8.37197 18.7148
      vertex 0.0589138 7.62803 18.7148
    endloop
  endfacet
  facet normal 0 0 -1
    outer loop
      vertex 0 7.6234 18.7148
      vertex 0 8.3766 18.7148
      vertex 0.0589138 8.37197 18.7148
    endloop
  endfacet
  facet normal 0 0 -1
    outer loop
      vertex -0.0589138 7.62803 18.7148
      vertex 0 8.3766 18.7148
      vertex 0 7.6234 18.7148
    endloop
  endfacet
  facet normal 0 0 -1
    outer loop
      vertex -0.0589138 7.62803 18.7148
      vertex -0.0589138 8.37197 18.7148
      vertex 0 8.3766 18.7148
    endloop
  endfacet
  facet normal 0 0 -1
    outer loop
      vertex -0.116377 7.64183 18.7148
      vertex -0.0589138 8.37197 18.7148
      vertex -0.0589138 7.62803 18.7148
    endloop
  endfacet
  facet normal 0 0 -1
    outer loop
      vertex -0.116377 7.64183 18.7148
      vertex -0.116377 8.35817 18.7148
      vertex -0.0589138 8.37197 18.7148
    endloop
  endfacet
  facet normal 0 0 -1
    outer loop
      vertex -0.170974 7.66444 18.7148
      vertex -0.116377 8.35817 18.7148
      vertex -0.116377 7.64183 18.7148
    endloop
  endfacet
  facet normal 0 0 -1
    outer loop
      vertex -0.170974 7.66444 18.7148
      vertex -0.170974 8.33556 18.7148
      vertex -0.116377 8.35817 18.7148
    endloop
  endfacet
  facet normal 0 0 -1
    outer loop
      vertex -0.221362 7.69532 18.7148
      vertex -0.170974 8.33556 18.7148
      vertex -0.170974 7.66444 18.7148
    endloop
  endfacet
  facet normal 0 0 -1
    outer loop
      vertex -0.221362 7.69532 18.7148
      vertex -0.221362 8.30468 18.7148
      vertex -0.170974 8.33556 18.7148
    endloop
  endfacet
  facet normal 0 0 -1
    outer loop
      vertex -0.266299 7.7337 18.7148
      vertex -0.221362 8.30468 18.7148
      vertex -0.221362 7.69532 18.7148
    endloop
  endfacet
  facet normal 0 0 -1
    outer loop
      vertex -0.266299 7.7337 18.7148
      vertex -0.266299 8.2663 18.7148
      vertex -0.221362 8.30468 18.7148
    endloop
  endfacet
  facet normal 0 0 -1
    outer loop
      vertex -0.304679 7.77864 18.7148
      vertex -0.266299 8.2663 18.7148
      vertex -0.266299 7.7337 18.7148
    endloop
  endfacet
  facet normal 0 0 -1
    outer loop
      vertex -0.304679 7.77864 18.7148
      vertex -0.304679 8.22136 18.7148
      vertex -0.266299 8.2663 18.7148
    endloop
  endfacet
  facet normal 0 0 -1
    outer loop
      vertex -0.335556 7.82903 18.7148
      vertex -0.304679 8.22136 18.7148
      vertex -0.304679 7.77864 18.7148
    endloop
  endfacet
  facet normal 0 0 -1
    outer loop
      vertex -0.335556 7.82903 18.7148
      vertex -0.335556 8.17097 18.7148
      vertex -0.304679 8.22136 18.7148
    endloop
  endfacet
  facet normal 0 0 -1
    outer loop
      vertex -0.358171 7.88362 18.7148
      vertex -0.335556 8.17097 18.7148
      vertex -0.335556 7.82903 18.7148
    endloop
  endfacet
  facet normal 0 0 -1
    outer loop
      vertex -0.358171 7.88362 18.7148
      vertex -0.358171 8.11638 18.7148
      vertex -0.335556 8.17097 18.7148
    endloop
  endfacet
  facet normal 0 0 -1
    outer loop
      vertex -0.371967 7.94109 18.7148
      vertex -0.358171 8.11638 18.7148
      vertex -0.358171 7.88362 18.7148
    endloop
  endfacet
  facet normal 0 0 -1
    outer loop
      vertex -0.371967 7.94109 18.7148
      vertex -0.371967 8.05891 18.7148
      vertex -0.358171 8.11638 18.7148
    endloop
  endfacet
  facet normal 0 -0 -1
    outer loop
      vertex -0.371967 8.05891 18.7148
      vertex -0.371967 7.94109 18.7148
      vertex -0.376604 8 18.7148
    endloop
  endfacet
endsolid OpenSCAD_Model
